<?xml version="1.0" encoding="UTF-8" standalone="no"?><book><chapter number="16">'<verse number="1"><ESV><word seq="1">Now<GreekSeq>2</GreekSeq></word><word seq="2">concerning<GreekSeq>1</GreekSeq></word><word seq="3">the<GreekSeq>3</GreekSeq></word><word seq="4">collection<GreekSeq>4</GreekSeq></word><word seq="5">for<GreekSeq>6</GreekSeq></word><word seq="6">the<GreekSeq>7</GreekSeq></word><word seq="7">saints:<GreekSeq>8</GreekSeq></word><word seq="8">as<GreekSeq>9</GreekSeq></word><word seq="9">I directed<GreekSeq>10</GreekSeq></word><word seq="10">the<GreekSeq>11</GreekSeq></word><word seq="11">churches<GreekSeq>12</GreekSeq></word><word seq="12">of Galatia,<GreekSeq>14</GreekSeq></word><word seq="13">so<GreekSeq>15</GreekSeq></word><word seq="14">you<GreekSeq>17</GreekSeq></word><word seq="15">also<GreekSeq>16</GreekSeq></word><word seq="16">are</word><word seq="17">to do.<GreekSeq>18</GreekSeq></word></ESV></verse>
<verse number="2"><ESV><word seq="1">On<GreekSeq>1</GreekSeq></word><word seq="2">the first [day] of<GreekSeq>2</GreekSeq></word><word seq="3">every<GreekSeq>1</GreekSeq></word><word seq="4">week,<GreekSeq>3</GreekSeq></word><word seq="5">each<GreekSeq>4</GreekSeq></word><word seq="6">of you<GreekSeq>5</GreekSeq></word><word seq="7">is to put<GreekSeq>8</GreekSeq></word><word seq="8">something<GreekSeq>10</GreekSeq><GreekSeq>11</GreekSeq></word><word seq="9">aside<GreekSeq>8</GreekSeq></word><word seq="10">and</word><word seq="11">store it up,<GreekSeq>9</GreekSeq></word><word seq="12">as<GreekSeq>6</GreekSeq></word><word seq="13">he may prosper,<GreekSeq>13</GreekSeq></word><word seq="14">so that<GreekSeq>14</GreekSeq></word><word seq="15">there will be<GreekSeq>20</GreekSeq></word><word seq="16">no<GreekSeq>15</GreekSeq></word><word seq="17">collecting<GreekSeq>19</GreekSeq></word><word seq="18">when<GreekSeq>16</GreekSeq></word><word seq="19">I come.<GreekSeq>17</GreekSeq></word></ESV></verse>
<verse number="3"><ESV><word seq="1">And<GreekSeq>2</GreekSeq></word><word seq="2">when<GreekSeq>1</GreekSeq></word><word seq="3">I arrive,<GreekSeq>3</GreekSeq></word><word seq="4">I will send<GreekSeq>10</GreekSeq></word><word seq="5">those<GreekSeq>9</GreekSeq></word><word seq="6">whom<GreekSeq>4</GreekSeq></word><word seq="7">you accredit<GreekSeq>6</GreekSeq></word><word seq="8">by<GreekSeq>7</GreekSeq></word><word seq="9">letter<GreekSeq>8</GreekSeq></word><word seq="10">to carry<GreekSeq>11</GreekSeq></word><word seq="11">your<GreekSeq>14</GreekSeq></word><word seq="12">gift<GreekSeq>13</GreekSeq></word><word seq="13">to<GreekSeq>15</GreekSeq></word><word seq="14">Jerusalem.<GreekSeq>16</GreekSeq></word></ESV></verse>
<verse number="4"><ESV><word seq="1">If<GreekSeq>1</GreekSeq></word><word seq="2">it seems<GreekSeq>4</GreekSeq></word><word seq="3">advisable<GreekSeq>3</GreekSeq></word><word seq="4">that<GreekSeq>5</GreekSeq></word><word seq="5">I<GreekSeq>6</GreekSeq></word><word seq="6">should go<GreekSeq>7</GreekSeq></word><word seq="7">also,<GreekSeq>6</GreekSeq></word><word seq="8">they will<GreekSeq>10</GreekSeq></word><word seq="9">accompany<GreekSeq>8</GreekSeq></word><word seq="10">me.<GreekSeq>9</GreekSeq></word></ESV></verse>
<verse number="5"><ESV><word seq="1">I will<GreekSeq>1</GreekSeq></word><word seq="2">visit<GreekSeq>3</GreekSeq></word><word seq="3">you<GreekSeq>4</GreekSeq></word><word seq="4">after<GreekSeq>5</GreekSeq></word><word seq="5">passing through<GreekSeq>7</GreekSeq></word><word seq="6">Macedonia,<GreekSeq>6</GreekSeq></word><word seq="7">for<GreekSeq>9</GreekSeq></word><word seq="8">I intend to pass through<GreekSeq>10</GreekSeq></word><word seq="9">Macedonia,<GreekSeq>8</GreekSeq></word></ESV></verse>
<verse number="6"><ESV><word seq="1">and<GreekSeq>3</GreekSeq></word><word seq="2">perhaps<GreekSeq>4</GreekSeq></word><word seq="3">I will stay<GreekSeq>5</GreekSeq></word><word seq="4">with<GreekSeq>1</GreekSeq></word><word seq="5">you<GreekSeq>2</GreekSeq></word><word seq="6">or<GreekSeq>6</GreekSeq></word><word seq="7">even<GreekSeq>7</GreekSeq></word><word seq="8">spend the winter,<GreekSeq>8</GreekSeq></word><word seq="9">so that<GreekSeq>9</GreekSeq></word><word seq="10">you<GreekSeq>10</GreekSeq></word><word seq="11">may help<GreekSeq>12</GreekSeq></word><word seq="12">me<GreekSeq>11</GreekSeq></word><word seq="13">on my journey,<GreekSeq>12</GreekSeq></word><word seq="14">wherever<GreekSeq>13</GreekSeq><GreekSeq>14</GreekSeq></word><word seq="15">I go.<GreekSeq>15</GreekSeq></word></ESV></verse>
<verse number="7"><ESV><word seq="1">For<GreekSeq>3</GreekSeq></word><word seq="2">I do<GreekSeq>2</GreekSeq></word><word seq="3">not<GreekSeq>1</GreekSeq></word><word seq="4">want<GreekSeq>2</GreekSeq></word><word seq="5">to see<GreekSeq>8</GreekSeq></word><word seq="6">you<GreekSeq>4</GreekSeq></word><word seq="7">now<GreekSeq>5</GreekSeq></word><word seq="8">just</word><word seq="9">in<GreekSeq>6</GreekSeq></word><word seq="10">passing.<GreekSeq>7</GreekSeq></word><word seq="11">I hope<GreekSeq>9</GreekSeq></word><word seq="12">to spend<GreekSeq>13</GreekSeq></word><word seq="13">some<GreekSeq>12</GreekSeq></word><word seq="14">time<GreekSeq>11</GreekSeq></word><word seq="15">with<GreekSeq>14</GreekSeq></word><word seq="16">you,<GreekSeq>15</GreekSeq></word><word seq="17">if<GreekSeq>16</GreekSeq></word><word seq="18">the<GreekSeq>17</GreekSeq></word><word seq="19">Lord<GreekSeq>18</GreekSeq></word><word seq="20">permits.<GreekSeq>19</GreekSeq></word></ESV></verse>
<verse number="8"><ESV><word seq="1">But<GreekSeq>2</GreekSeq></word><word seq="2">I will stay<GreekSeq>1</GreekSeq></word><word seq="3">in<GreekSeq>3</GreekSeq></word><word seq="4">Ephesus<GreekSeq>4</GreekSeq></word><word seq="5">until<GreekSeq>5</GreekSeq></word><word seq="6">Pentecost,<GreekSeq>7</GreekSeq></word></ESV></verse>
<verse number="9"><ESV><word seq="1">for<GreekSeq>2</GreekSeq></word><word seq="2">a wide<GreekSeq>5</GreekSeq></word><word seq="3">door<GreekSeq>1</GreekSeq></word><word seq="4">for<GreekSeq>6</GreekSeq></word><word seq="5">effective [work]<GreekSeq>7</GreekSeq></word><word seq="6">has opened<GreekSeq>4</GreekSeq></word><word seq="7">to me,<GreekSeq>3</GreekSeq></word><word seq="8">and<GreekSeq>8</GreekSeq></word><word seq="9">there are<GreekSeq>9</GreekSeq></word><word seq="10">many<GreekSeq>10</GreekSeq></word><word seq="11">adversaries.<GreekSeq>9</GreekSeq></word></ESV></verse>
<verse number="10"><ESV><word seq="1">When<GreekSeq>2</GreekSeq></word><word seq="2">Timothy<GreekSeq>4</GreekSeq></word><word seq="3">comes,<GreekSeq>3</GreekSeq></word><word seq="4">see<GreekSeq>5</GreekSeq></word><word seq="5">that<GreekSeq>6</GreekSeq></word><word seq="6">you</word><word seq="7">put him<GreekSeq>8</GreekSeq></word><word seq="8">at ease<GreekSeq>7</GreekSeq></word><word seq="9">among<GreekSeq>9</GreekSeq></word><word seq="10">you,<GreekSeq>10</GreekSeq></word><word seq="11">for<GreekSeq>12</GreekSeq></word><word seq="12">he is doing<GreekSeq>15</GreekSeq></word><word seq="13">the<GreekSeq>11</GreekSeq></word><word seq="14">work<GreekSeq>13</GreekSeq></word><word seq="15">of the Lord,<GreekSeq>14</GreekSeq></word><word seq="16">as<GreekSeq>16</GreekSeq></word><word seq="17" note="Base of different Greek: ἐγώ(1473)">I<GreekSeq>17</GreekSeq></word><word seq="18">am.</word></ESV></verse>
<verse number="11"><ESV><word seq="1">So<GreekSeq>3</GreekSeq></word><word seq="2">let<GreekSeq>5</GreekSeq></word><word seq="3">no one<GreekSeq>1</GreekSeq><GreekSeq>2</GreekSeq></word><word seq="4">despise<GreekSeq>5</GreekSeq></word><word seq="5">him.<GreekSeq>4</GreekSeq></word><word seq="6">Help<GreekSeq>6</GreekSeq></word><word seq="7">him<GreekSeq>8</GreekSeq></word><word seq="8">on his way<GreekSeq>6</GreekSeq></word><word seq="9">in<GreekSeq>9</GreekSeq></word><word seq="10">peace,<GreekSeq>10</GreekSeq></word><word seq="11">that<GreekSeq>11</GreekSeq></word><word seq="12">he may return<GreekSeq>12</GreekSeq></word><word seq="13">to<GreekSeq>13</GreekSeq></word><word seq="14">me,<GreekSeq>14</GreekSeq></word><word seq="15">for<GreekSeq>16</GreekSeq></word><word seq="16">I am expecting<GreekSeq>15</GreekSeq></word><word seq="17">him<GreekSeq>17</GreekSeq></word><word seq="18">with<GreekSeq>18</GreekSeq></word><word seq="19">the<GreekSeq>19</GreekSeq></word><word seq="20">brothers.<GreekSeq>20</GreekSeq></word></ESV></verse>
<verse number="12"><ESV><word seq="1">Now<GreekSeq>2</GreekSeq></word><word seq="2">concerning<GreekSeq>1</GreekSeq></word><word seq="3">our</word><word seq="4">brother<GreekSeq>5</GreekSeq></word><word seq="5">Apollos,<GreekSeq>3</GreekSeq></word><word seq="6">I<GreekSeq>7</GreekSeq></word><word seq="7">strongly<GreekSeq>6</GreekSeq></word><word seq="8">urged<GreekSeq>7</GreekSeq></word><word seq="9">him<GreekSeq>8</GreekSeq></word><word seq="10">to visit<GreekSeq>9</GreekSeq><GreekSeq>10</GreekSeq><GreekSeq>11</GreekSeq></word><word seq="11">you<GreekSeq>12</GreekSeq></word><word seq="12">with<GreekSeq>13</GreekSeq></word><word seq="13">the<GreekSeq>14</GreekSeq></word><word seq="14">other</word><word seq="15">brothers,<GreekSeq>15</GreekSeq></word><word seq="16">but<GreekSeq>16</GreekSeq></word><word seq="17">it was<GreekSeq>19</GreekSeq></word><word seq="18">not<GreekSeq>18</GreekSeq></word><word seq="19">at all<GreekSeq>17</GreekSeq></word><word seq="20">[his] will<GreekSeq>20</GreekSeq></word><word seq="21">to come<GreekSeq>21</GreekSeq><GreekSeq>23</GreekSeq></word><word seq="22">now.<GreekSeq>22</GreekSeq></word><word seq="23">He will come<GreekSeq>24</GreekSeq></word><word seq="24">when<GreekSeq>26</GreekSeq></word><word seq="25">he has opportunity.<GreekSeq>27</GreekSeq></word></ESV></verse>
<verse number="13"><ESV><word seq="1">Be watchful,<GreekSeq>1</GreekSeq></word><word seq="2">stand firm<GreekSeq>2</GreekSeq></word><word seq="3">in<GreekSeq>3</GreekSeq></word><word seq="4">the<GreekSeq>4</GreekSeq></word><word seq="5">faith,<GreekSeq>5</GreekSeq></word><word seq="6">act like men,<GreekSeq>6</GreekSeq></word><word seq="7">be strong.<GreekSeq>7</GreekSeq></word></ESV></verse>
<verse number="14"><ESV><word seq="1">Let<GreekSeq>5</GreekSeq></word><word seq="2">all<GreekSeq>1</GreekSeq></word><word seq="3">that</word><word seq="4">you<GreekSeq>2</GreekSeq></word><word seq="5">do</word><word seq="6">be done<GreekSeq>5</GreekSeq></word><word seq="7">in<GreekSeq>3</GreekSeq></word><word seq="8">love.<GreekSeq>4</GreekSeq></word></ESV></verse>
<verse number="15"><ESV><word seq="1">Now<GreekSeq>2</GreekSeq></word><word seq="2">I urge<GreekSeq>1</GreekSeq></word><word seq="3">you,<GreekSeq>3</GreekSeq></word><word seq="4">brothers<GreekSeq>4</GreekSeq></word><word seq="5">—you know<GreekSeq>5</GreekSeq></word><word seq="6">that<GreekSeq>9</GreekSeq></word><word seq="7">the<GreekSeq>6</GreekSeq></word><word seq="8">household<GreekSeq>7</GreekSeq></word><word seq="9">of Stephanas<GreekSeq>8</GreekSeq></word><word seq="10">were<GreekSeq>10</GreekSeq></word><word seq="11">the first converts<GreekSeq>11</GreekSeq></word><word seq="12">in Achaia,<GreekSeq>13</GreekSeq></word><word seq="13">and<GreekSeq>14</GreekSeq></word><word seq="14">that</word><word seq="15">they have devoted<GreekSeq>19</GreekSeq></word><word seq="16">themselves<GreekSeq>20</GreekSeq></word><word seq="17">to<GreekSeq>15</GreekSeq></word><word seq="18">the service<GreekSeq>16</GreekSeq></word><word seq="19">of the<GreekSeq>17</GreekSeq></word><word seq="20">saints —<GreekSeq>18</GreekSeq></word></ESV></verse>
<verse number="16"><ESV><word seq="1">be subject<GreekSeq>4</GreekSeq></word><word seq="2">to such as these,<GreekSeq>6</GreekSeq></word><word seq="3">and<GreekSeq>7</GreekSeq></word><word seq="4">to every<GreekSeq>8</GreekSeq></word><word seq="5">fellow worker<GreekSeq>10</GreekSeq></word><word seq="6">and<GreekSeq>11</GreekSeq></word><word seq="7">laborer.<GreekSeq>12</GreekSeq></word></ESV></verse>
<verse number="17"><ESV><word seq="1">I rejoice<GreekSeq>1</GreekSeq></word><word seq="2">at<GreekSeq>3</GreekSeq></word><word seq="3">the<GreekSeq>4</GreekSeq></word><word seq="4">coming<GreekSeq>5</GreekSeq></word><word seq="5">of<GreekSeq>3</GreekSeq></word><word seq="6">Stephanas<GreekSeq>6</GreekSeq></word><word seq="7">and<GreekSeq>7</GreekSeq></word><word seq="8">Fortunatus<GreekSeq>8</GreekSeq></word><word seq="9">and<GreekSeq>9</GreekSeq></word><word seq="10">Achaicus,<GreekSeq>10</GreekSeq></word><word seq="11">because<GreekSeq>11</GreekSeq></word><word seq="12">they<GreekSeq>15</GreekSeq></word><word seq="13">have made up<GreekSeq>16</GreekSeq></word><word seq="14">for your<GreekSeq>13</GreekSeq></word><word seq="15">[absence],<GreekSeq>14</GreekSeq></word></ESV></verse>
<verse number="18"><ESV><word seq="1">for<GreekSeq>2</GreekSeq></word><word seq="2">they refreshed<GreekSeq>1</GreekSeq></word><word seq="3">my<GreekSeq>4</GreekSeq></word><word seq="4">spirit<GreekSeq>5</GreekSeq></word><word seq="5">as well as<GreekSeq>6</GreekSeq></word><word seq="6">yours.<GreekSeq>8</GreekSeq></word><word seq="7">Give recognition to<GreekSeq>9</GreekSeq></word><word seq="8">such<GreekSeq>12</GreekSeq></word><word seq="9">people.<GreekSeq>11</GreekSeq></word></ESV></verse>
<verse number="19"><ESV><word seq="1">The<GreekSeq>3</GreekSeq></word><word seq="2">churches<GreekSeq>4</GreekSeq></word><word seq="3">of Asia<GreekSeq>6</GreekSeq></word><word seq="4">send<GreekSeq>1</GreekSeq></word><word seq="5">you<GreekSeq>2</GreekSeq></word><word seq="6">greetings.<GreekSeq>7</GreekSeq></word><word seq="7">Aquila<GreekSeq>12</GreekSeq></word><word seq="8">and<GreekSeq>13</GreekSeq></word><word seq="9">Prisca,<GreekSeq>14</GreekSeq></word><word seq="10">together with<GreekSeq>15</GreekSeq></word><word seq="11">the<GreekSeq>16</GreekSeq></word><word seq="12">church<GreekSeq>20</GreekSeq></word><word seq="13">in<GreekSeq>17</GreekSeq></word><word seq="14">their<GreekSeq>19</GreekSeq></word><word seq="15">house,<GreekSeq>18</GreekSeq></word><word seq="16">send<GreekSeq>7</GreekSeq></word><word seq="17">you<GreekSeq>8</GreekSeq></word><word seq="18">hearty<GreekSeq>11</GreekSeq></word><word seq="19">greetings<GreekSeq>7</GreekSeq></word><word seq="20">in<GreekSeq>9</GreekSeq></word><word seq="21">the Lord.<GreekSeq>10</GreekSeq></word></ESV></verse>
<verse number="20"><ESV><word seq="1">All<GreekSeq>5</GreekSeq></word><word seq="2">the<GreekSeq>3</GreekSeq></word><word seq="3">brothers<GreekSeq>4</GreekSeq></word><word seq="4">send<GreekSeq>1</GreekSeq></word><word seq="5">you<GreekSeq>2</GreekSeq></word><word seq="6">greetings.<GreekSeq>6</GreekSeq></word><word seq="7">Greet<GreekSeq>6</GreekSeq></word><word seq="8">one another<GreekSeq>7</GreekSeq></word><word seq="9">with<GreekSeq>8</GreekSeq></word><word seq="10">a holy<GreekSeq>10</GreekSeq></word><word seq="11">kiss.<GreekSeq>9</GreekSeq></word></ESV></verse>
<verse number="21"><ESV><word seq="1">[I,] Paul,<GreekSeq>6</GreekSeq></word><word seq="2">[write]</word><word seq="3">this<GreekSeq>1</GreekSeq></word><word seq="4">greeting<GreekSeq>2</GreekSeq></word><word seq="5">with my own<GreekSeq>4</GreekSeq></word><word seq="6">hand.<GreekSeq>5</GreekSeq></word></ESV></verse>
<verse number="22"><ESV><word seq="1">If<GreekSeq>1</GreekSeq></word><word seq="2">anyone<GreekSeq>2</GreekSeq></word><word seq="3">has<GreekSeq>4</GreekSeq></word><word seq="4">no<GreekSeq>3</GreekSeq></word><word seq="5">love<GreekSeq>4</GreekSeq></word><word seq="6">for the<GreekSeq>5</GreekSeq></word><word seq="7">Lord,<GreekSeq>6</GreekSeq></word><word seq="8">let him be<GreekSeq>7</GreekSeq></word><word seq="9">accursed.<GreekSeq>8</GreekSeq></word><word seq="10">Our Lord, come!<GreekSeq>9</GreekSeq></word></ESV></verse>
<verse number="23"><ESV><word seq="1">The<GreekSeq>1</GreekSeq></word><word seq="2">grace<GreekSeq>2</GreekSeq></word><word seq="3">of the<GreekSeq>3</GreekSeq></word><word seq="4">Lord<GreekSeq>4</GreekSeq></word><word seq="5">Jesus<GreekSeq>5</GreekSeq></word><word seq="6">be</word><word seq="7">with<GreekSeq>6</GreekSeq></word><word seq="8">you.<GreekSeq>7</GreekSeq></word></ESV></verse>
<verse number="24"><ESV><word seq="1">My<GreekSeq>3</GreekSeq></word><word seq="2">love<GreekSeq>2</GreekSeq></word><word seq="3">be</word><word seq="4">with<GreekSeq>4</GreekSeq></word><word seq="5">you<GreekSeq>6</GreekSeq></word><word seq="6">all<GreekSeq>5</GreekSeq></word><word seq="7">in<GreekSeq>7</GreekSeq></word><word seq="8">Christ<GreekSeq>8</GreekSeq></word><word seq="9">Jesus.<GreekSeq>9</GreekSeq></word><word seq="10" note="Base of different Greek: ἀμήν(281)">Amen.</word></ESV></verse></chapter></book>