<?xml version="1.0" encoding="UTF-8" standalone="no"?><book><chapter number="1">'<verse number="1"><ESV><word seq="1">Paul,<GreekSeq>1</GreekSeq></word><word seq="2">called<GreekSeq>2</GreekSeq></word><word seq="3">by<GreekSeq>6</GreekSeq></word><word seq="4">the will<GreekSeq>7</GreekSeq></word><word seq="5">of God<GreekSeq>8</GreekSeq></word><word seq="6">to be</word><word seq="7">an apostle<GreekSeq>3</GreekSeq></word><word seq="8">of Christ<GreekSeq>4</GreekSeq></word><word seq="9">Jesus,<GreekSeq>5</GreekSeq></word><word seq="10">and<GreekSeq>9</GreekSeq></word><word seq="11">our</word><word seq="12">brother<GreekSeq>12</GreekSeq></word><word seq="13">Sosthenes,<GreekSeq>10</GreekSeq></word></ESV></verse>
<verse number="2"><ESV><word seq="1">To the<GreekSeq>1</GreekSeq></word><word seq="2">church<GreekSeq>2</GreekSeq></word><word seq="3">of God<GreekSeq>4</GreekSeq></word><word seq="4">that is<GreekSeq>6</GreekSeq></word><word seq="5">in<GreekSeq>7</GreekSeq></word><word seq="6">Corinth,<GreekSeq>8</GreekSeq></word><word seq="7">to those sanctified<GreekSeq>9</GreekSeq></word><word seq="8">in<GreekSeq>10</GreekSeq></word><word seq="9">Christ<GreekSeq>11</GreekSeq></word><word seq="10">Jesus,<GreekSeq>12</GreekSeq></word><word seq="11">called<GreekSeq>13</GreekSeq></word><word seq="12">to be</word><word seq="13">saints<GreekSeq>14</GreekSeq></word><word seq="14">together with<GreekSeq>15</GreekSeq></word><word seq="15">all<GreekSeq>16</GreekSeq></word><word seq="16">those<GreekSeq>17</GreekSeq></word><word seq="17">who<GreekSeq>18</GreekSeq></word><word seq="18">in<GreekSeq>26</GreekSeq></word><word seq="19">every<GreekSeq>27</GreekSeq></word><word seq="20">place<GreekSeq>28</GreekSeq></word><word seq="21">call upon<GreekSeq>18</GreekSeq></word><word seq="22">the<GreekSeq>19</GreekSeq></word><word seq="23">name<GreekSeq>20</GreekSeq></word><word seq="24">of<GreekSeq>22</GreekSeq></word><word seq="25">our<GreekSeq>23</GreekSeq></word><word seq="26">Lord<GreekSeq>22</GreekSeq></word><word seq="27">Jesus<GreekSeq>24</GreekSeq></word><word seq="28">Christ,<GreekSeq>25</GreekSeq></word><word seq="29">both</word><word seq="30">their [Lord]<GreekSeq>29</GreekSeq></word><word seq="31">and<GreekSeq>30</GreekSeq></word><word seq="32">ours:<GreekSeq>31</GreekSeq></word></ESV></verse>
<verse number="3"><ESV><word seq="1">Grace<GreekSeq>1</GreekSeq></word><word seq="2">to you<GreekSeq>2</GreekSeq></word><word seq="3">and<GreekSeq>3</GreekSeq></word><word seq="4">peace<GreekSeq>4</GreekSeq></word><word seq="5">from<GreekSeq>5</GreekSeq></word><word seq="6">God<GreekSeq>6</GreekSeq></word><word seq="7">our<GreekSeq>8</GreekSeq></word><word seq="8">Father<GreekSeq>7</GreekSeq></word><word seq="9">and<GreekSeq>9</GreekSeq></word><word seq="10">the Lord<GreekSeq>10</GreekSeq></word><word seq="11">Jesus<GreekSeq>11</GreekSeq></word><word seq="12">Christ.<GreekSeq>12</GreekSeq></word></ESV></verse>
<verse number="4"><ESV><word seq="1">I give thanks<GreekSeq>1</GreekSeq></word><word seq="2">to<GreekSeq>3</GreekSeq></word><word seq="3">my<GreekSeq>4</GreekSeq></word><word seq="4">God<GreekSeq>3</GreekSeq></word><word seq="5">always<GreekSeq>5</GreekSeq></word><word seq="6">for<GreekSeq>6</GreekSeq></word><word seq="7">you<GreekSeq>7</GreekSeq></word><word seq="8">because of<GreekSeq>8</GreekSeq></word><word seq="9">the<GreekSeq>9</GreekSeq></word><word seq="10">grace<GreekSeq>10</GreekSeq></word><word seq="11">of God<GreekSeq>12</GreekSeq></word><word seq="12">that was given<GreekSeq>14</GreekSeq></word><word seq="13">you<GreekSeq>15</GreekSeq></word><word seq="14">in<GreekSeq>16</GreekSeq></word><word seq="15">Christ<GreekSeq>17</GreekSeq></word><word seq="16">Jesus,<GreekSeq>18</GreekSeq></word></ESV></verse>
<verse number="5"><ESV><word seq="1">that<GreekSeq>1</GreekSeq></word><word seq="2">in<GreekSeq>2</GreekSeq></word><word seq="3">every way<GreekSeq>3</GreekSeq></word><word seq="4">you were enriched<GreekSeq>4</GreekSeq></word><word seq="5">in<GreekSeq>5</GreekSeq></word><word seq="6">him<GreekSeq>6</GreekSeq></word><word seq="7">in<GreekSeq>7</GreekSeq></word><word seq="8">all<GreekSeq>8</GreekSeq></word><word seq="9">speech<GreekSeq>9</GreekSeq></word><word seq="10">and<GreekSeq>10</GreekSeq></word><word seq="11">all<GreekSeq>11</GreekSeq></word><word seq="12">knowledge —<GreekSeq>12</GreekSeq></word></ESV></verse>
<verse number="6"><ESV><word seq="1">even as<GreekSeq>1</GreekSeq></word><word seq="2">the<GreekSeq>2</GreekSeq></word><word seq="3">testimony<GreekSeq>3</GreekSeq></word><word seq="4">about Christ<GreekSeq>5</GreekSeq></word><word seq="5">was confirmed<GreekSeq>6</GreekSeq></word><word seq="6">among<GreekSeq>7</GreekSeq></word><word seq="7">you —<GreekSeq>8</GreekSeq></word></ESV></verse>
<verse number="7"><ESV><word seq="1">so that<GreekSeq>1</GreekSeq></word><word seq="2">you<GreekSeq>2</GreekSeq></word><word seq="3">are</word><word seq="4">not<GreekSeq>3</GreekSeq></word><word seq="5">lacking<GreekSeq>4</GreekSeq></word><word seq="6">in<GreekSeq>5</GreekSeq></word><word seq="7">any<GreekSeq>6</GreekSeq></word><word seq="8">gift,<GreekSeq>7</GreekSeq></word><word seq="9">as [you] wait for<GreekSeq>8</GreekSeq></word><word seq="10">the<GreekSeq>9</GreekSeq></word><word seq="11">revealing<GreekSeq>10</GreekSeq></word><word seq="12">of<GreekSeq>12</GreekSeq></word><word seq="13">our<GreekSeq>13</GreekSeq></word><word seq="14">Lord<GreekSeq>12</GreekSeq></word><word seq="15">Jesus<GreekSeq>14</GreekSeq></word><word seq="16">Christ,<GreekSeq>15</GreekSeq></word></ESV></verse>
<verse number="8"><ESV><word seq="1">who<GreekSeq>1</GreekSeq></word><word seq="2">will sustain<GreekSeq>3</GreekSeq></word><word seq="3">you<GreekSeq>4</GreekSeq></word><word seq="4">to<GreekSeq>5</GreekSeq></word><word seq="5">the end,<GreekSeq>6</GreekSeq></word><word seq="6">guiltless<GreekSeq>7</GreekSeq></word><word seq="7">in<GreekSeq>8</GreekSeq></word><word seq="8">the<GreekSeq>9</GreekSeq></word><word seq="9">day<GreekSeq>10</GreekSeq></word><word seq="10">of<GreekSeq>12</GreekSeq></word><word seq="11">our<GreekSeq>13</GreekSeq></word><word seq="12">Lord<GreekSeq>12</GreekSeq></word><word seq="13">Jesus<GreekSeq>14</GreekSeq></word><word seq="14">Christ.<GreekSeq>15</GreekSeq></word></ESV></verse>
<verse number="9"><ESV><word seq="1">God<GreekSeq>3</GreekSeq></word><word seq="2">is</word><word seq="3">faithful,<GreekSeq>1</GreekSeq></word><word seq="4">by<GreekSeq>4</GreekSeq></word><word seq="5">whom<GreekSeq>5</GreekSeq></word><word seq="6">you were called<GreekSeq>6</GreekSeq></word><word seq="7">into<GreekSeq>7</GreekSeq></word><word seq="8">the fellowship<GreekSeq>8</GreekSeq></word><word seq="9">of<GreekSeq>10</GreekSeq></word><word seq="10">his<GreekSeq>11</GreekSeq></word><word seq="11">Son,<GreekSeq>10</GreekSeq></word><word seq="12">Jesus<GreekSeq>12</GreekSeq></word><word seq="13">Christ<GreekSeq>13</GreekSeq></word><word seq="14">our<GreekSeq>16</GreekSeq></word><word seq="15">Lord.<GreekSeq>15</GreekSeq></word></ESV></verse>
<verse number="10"><ESV><word seq="1">I appeal<GreekSeq>1</GreekSeq></word><word seq="2">to you,<GreekSeq>3</GreekSeq></word><word seq="3">brothers,<GreekSeq>4</GreekSeq></word><word seq="4">by<GreekSeq>5</GreekSeq></word><word seq="5">the<GreekSeq>6</GreekSeq></word><word seq="6">name<GreekSeq>7</GreekSeq></word><word seq="7">of<GreekSeq>9</GreekSeq></word><word seq="8">our<GreekSeq>10</GreekSeq></word><word seq="9">Lord<GreekSeq>9</GreekSeq></word><word seq="10">Jesus<GreekSeq>11</GreekSeq></word><word seq="11">Christ,<GreekSeq>12</GreekSeq></word><word seq="12">that<GreekSeq>13</GreekSeq></word><word seq="13">all<GreekSeq>17</GreekSeq></word><word seq="14">of</word><word seq="15">you agree,<GreekSeq>14</GreekSeq><GreekSeq>15</GreekSeq><GreekSeq>16</GreekSeq></word><word seq="16">and<GreekSeq>18</GreekSeq></word><word seq="17">that</word><word seq="18">there be<GreekSeq>20</GreekSeq></word><word seq="19">no<GreekSeq>19</GreekSeq></word><word seq="20">divisions<GreekSeq>23</GreekSeq></word><word seq="21">among<GreekSeq>21</GreekSeq></word><word seq="22">you,<GreekSeq>22</GreekSeq></word><word seq="23">but<GreekSeq>25</GreekSeq></word><word seq="24">that</word><word seq="25">you be<GreekSeq>24</GreekSeq></word><word seq="26">united<GreekSeq>26</GreekSeq></word><word seq="27">in<GreekSeq>27</GreekSeq></word><word seq="28">the<GreekSeq>28</GreekSeq></word><word seq="29">same<GreekSeq>29</GreekSeq></word><word seq="30">mind<GreekSeq>30</GreekSeq></word><word seq="31">and<GreekSeq>31</GreekSeq></word><word seq="32">the<GreekSeq>33</GreekSeq></word><word seq="33">same<GreekSeq>34</GreekSeq></word><word seq="34">judgment.<GreekSeq>35</GreekSeq></word></ESV></verse>
<verse number="11"><ESV><word seq="1">For<GreekSeq>2</GreekSeq></word><word seq="2">it has been reported<GreekSeq>1</GreekSeq></word><word seq="3">to me<GreekSeq>3</GreekSeq></word><word seq="4">by<GreekSeq>8</GreekSeq></word><word seq="5">Chloe’s<GreekSeq>10</GreekSeq></word><word seq="6">people<GreekSeq>9</GreekSeq></word><word seq="7">that<GreekSeq>11</GreekSeq></word><word seq="8">there is<GreekSeq>15</GreekSeq></word><word seq="9">quarreling<GreekSeq>12</GreekSeq></word><word seq="10">among<GreekSeq>13</GreekSeq></word><word seq="11">you,<GreekSeq>14</GreekSeq></word><word seq="12">my<GreekSeq>7</GreekSeq></word><word seq="13">brothers.<GreekSeq>6</GreekSeq></word></ESV></verse>
<verse number="12"><ESV><word seq="1">What<GreekSeq>3</GreekSeq></word><word seq="2">I mean<GreekSeq>1</GreekSeq></word><word seq="3">is</word><word seq="4">that<GreekSeq>4</GreekSeq></word><word seq="5">each one<GreekSeq>5</GreekSeq></word><word seq="6">of you<GreekSeq>6</GreekSeq></word><word seq="7">says,<GreekSeq>7</GreekSeq></word><word seq="8">I<GreekSeq>8</GreekSeq></word><word seq="9">[follow]<GreekSeq>10</GreekSeq></word><word seq="10">Paul,<GreekSeq>11</GreekSeq></word><word seq="11">or<GreekSeq>13</GreekSeq></word><word seq="12">I<GreekSeq>12</GreekSeq></word><word seq="13">follow</word><word seq="14">Apollos,<GreekSeq>14</GreekSeq></word><word seq="15">or<GreekSeq>16</GreekSeq></word><word seq="16">I<GreekSeq>15</GreekSeq></word><word seq="17">follow</word><word seq="18">Cephas,<GreekSeq>17</GreekSeq></word><word seq="19">or<GreekSeq>19</GreekSeq></word><word seq="20">I<GreekSeq>18</GreekSeq></word><word seq="21">follow</word><word seq="22">Christ.<GreekSeq>20</GreekSeq></word></ESV></verse>
<verse number="13"><ESV><word seq="1">Is<GreekSeq>1</GreekSeq></word><word seq="2">Christ<GreekSeq>3</GreekSeq></word><word seq="3">divided?<GreekSeq>1</GreekSeq></word><word seq="4">Was<GreekSeq>6</GreekSeq></word><word seq="5">Paul<GreekSeq>5</GreekSeq></word><word seq="6">crucified<GreekSeq>6</GreekSeq></word><word seq="7">for<GreekSeq>7</GreekSeq></word><word seq="8">you?<GreekSeq>8</GreekSeq></word><word seq="9">Or<GreekSeq>9</GreekSeq></word><word seq="10">were you baptized<GreekSeq>14</GreekSeq></word><word seq="11">in<GreekSeq>10</GreekSeq></word><word seq="12">the<GreekSeq>11</GreekSeq></word><word seq="13">name<GreekSeq>12</GreekSeq></word><word seq="14">of Paul?<GreekSeq>13</GreekSeq></word></ESV></verse>
<verse number="14"><ESV><word seq="1">I thank<GreekSeq>1</GreekSeq></word><word seq="2">God<GreekSeq>3</GreekSeq></word><word seq="3">that<GreekSeq>4</GreekSeq></word><word seq="4">I baptized<GreekSeq>7</GreekSeq></word><word seq="5">none<GreekSeq>5</GreekSeq></word><word seq="6">of you<GreekSeq>6</GreekSeq></word><word seq="7" note="εἰ μή Strong Code (1508)">except<GreekSeq>8</GreekSeq><GreekSeq>9</GreekSeq></word><word seq="8">Crispus<GreekSeq>10</GreekSeq></word><word seq="9">and<GreekSeq>11</GreekSeq></word><word seq="10">Gaius,<GreekSeq>12</GreekSeq></word></ESV></verse>
<verse number="15"><ESV><word seq="1">so that<GreekSeq>1</GreekSeq></word><word seq="2">no<GreekSeq>2</GreekSeq></word><word seq="3">one<GreekSeq>3</GreekSeq></word><word seq="4">may say<GreekSeq>4</GreekSeq></word><word seq="5">that<GreekSeq>5</GreekSeq></word><word seq="6">you were baptized<GreekSeq>10</GreekSeq></word><word seq="7">in<GreekSeq>6</GreekSeq></word><word seq="8">my<GreekSeq>8</GreekSeq></word><word seq="9">name.<GreekSeq>9</GreekSeq></word></ESV></verse>
<verse number="16"><ESV><word seq="1">(I did baptize<GreekSeq>1</GreekSeq></word><word seq="2">also<GreekSeq>3</GreekSeq></word><word seq="3">the<GreekSeq>4</GreekSeq></word><word seq="4">household<GreekSeq>6</GreekSeq></word><word seq="5">of Stephanas.<GreekSeq>5</GreekSeq></word><word seq="6">Beyond that,<GreekSeq>7</GreekSeq></word><word seq="7">I do<GreekSeq>9</GreekSeq></word><word seq="8">not<GreekSeq>8</GreekSeq></word><word seq="9">know<GreekSeq>9</GreekSeq></word><word seq="10">whether<GreekSeq>10</GreekSeq></word><word seq="11">I baptized<GreekSeq>13</GreekSeq></word><word seq="12">anyone<GreekSeq>11</GreekSeq></word><word seq="13">else.)<GreekSeq>12</GreekSeq></word></ESV></verse>
<verse number="17"><ESV><word seq="1">For<GreekSeq>2</GreekSeq></word><word seq="2">Christ<GreekSeq>5</GreekSeq></word><word seq="3">did<GreekSeq>3</GreekSeq></word><word seq="4">not<GreekSeq>1</GreekSeq></word><word seq="5">send<GreekSeq>3</GreekSeq></word><word seq="6">me<GreekSeq>4</GreekSeq></word><word seq="7">to baptize<GreekSeq>6</GreekSeq></word><word seq="8">but<GreekSeq>7</GreekSeq></word><word seq="9">to preach the gospel,<GreekSeq>8</GreekSeq></word><word seq="10">and</word><word seq="11">not<GreekSeq>9</GreekSeq></word><word seq="12">with<GreekSeq>10</GreekSeq></word><word seq="13">words of<GreekSeq>12</GreekSeq></word><word seq="14">[eloquent] wisdom,<GreekSeq>11</GreekSeq></word><word seq="15" note="ἵνα μή Strong Code (3363)">lest<GreekSeq>13</GreekSeq><GreekSeq>14</GreekSeq></word><word seq="16">the<GreekSeq>16</GreekSeq></word><word seq="17">cross<GreekSeq>17</GreekSeq></word><word seq="18">of Christ<GreekSeq>19</GreekSeq></word><word seq="19">be emptied of its power.<GreekSeq>15</GreekSeq></word></ESV></verse>
<verse number="18"><ESV><word seq="1">For<GreekSeq>3</GreekSeq></word><word seq="2">the<GreekSeq>1</GreekSeq></word><word seq="3">word<GreekSeq>2</GreekSeq></word><word seq="4">of the<GreekSeq>5</GreekSeq></word><word seq="5">cross<GreekSeq>6</GreekSeq></word><word seq="6">is<GreekSeq>11</GreekSeq></word><word seq="7">folly<GreekSeq>10</GreekSeq></word><word seq="8">to those<GreekSeq>7</GreekSeq></word><word seq="9">who are perishing,<GreekSeq>9</GreekSeq></word><word seq="10">but<GreekSeq>13</GreekSeq></word><word seq="11">to us<GreekSeq>15</GreekSeq></word><word seq="12">who are being saved<GreekSeq>14</GreekSeq></word><word seq="13">it is<GreekSeq>18</GreekSeq></word><word seq="14">the power<GreekSeq>16</GreekSeq></word><word seq="15">of God.<GreekSeq>17</GreekSeq></word></ESV></verse>
<verse number="19"><ESV><word seq="1">For<GreekSeq>2</GreekSeq></word><word seq="2">it is written,<GreekSeq>1</GreekSeq></word><word seq="3">I will destroy<GreekSeq>3</GreekSeq></word><word seq="4">the<GreekSeq>4</GreekSeq></word><word seq="5">wisdom<GreekSeq>5</GreekSeq></word><word seq="6">of the<GreekSeq>6</GreekSeq></word><word seq="7">wise,<GreekSeq>7</GreekSeq></word><word seq="8">and<GreekSeq>8</GreekSeq></word><word seq="9">the<GreekSeq>9</GreekSeq></word><word seq="10">discernment<GreekSeq>10</GreekSeq></word><word seq="11">of the<GreekSeq>11</GreekSeq></word><word seq="12">discerning<GreekSeq>12</GreekSeq></word><word seq="13">I will thwart.<GreekSeq>13</GreekSeq></word></ESV></verse>
<verse number="20"><ESV><word seq="1">Where<GreekSeq>1</GreekSeq></word><word seq="2">is</word><word seq="3">the [one who is] wise?<GreekSeq>2</GreekSeq></word><word seq="4">Where<GreekSeq>3</GreekSeq></word><word seq="5">is</word><word seq="6">the scribe?<GreekSeq>4</GreekSeq></word><word seq="7">Where<GreekSeq>5</GreekSeq></word><word seq="8">is</word><word seq="9">the debater<GreekSeq>6</GreekSeq></word><word seq="10">of this<GreekSeq>9</GreekSeq></word><word seq="11">age?<GreekSeq>8</GreekSeq></word><word seq="12">Has<GreekSeq>11</GreekSeq></word><word seq="13">not<GreekSeq>10</GreekSeq></word><word seq="14">God<GreekSeq>13</GreekSeq></word><word seq="15">made foolish<GreekSeq>11</GreekSeq></word><word seq="16">the<GreekSeq>14</GreekSeq></word><word seq="17">wisdom<GreekSeq>15</GreekSeq></word><word seq="18">of the<GreekSeq>16</GreekSeq></word><word seq="19">world?<GreekSeq>17</GreekSeq></word></ESV></verse>
<verse number="21"><ESV><word seq="1">For<GreekSeq>2</GreekSeq></word><word seq="2">since,<GreekSeq>1</GreekSeq></word><word seq="3">in<GreekSeq>3</GreekSeq></word><word seq="4">the<GreekSeq>4</GreekSeq></word><word seq="5">wisdom<GreekSeq>5</GreekSeq></word><word seq="6">of God,<GreekSeq>7</GreekSeq></word><word seq="7">the<GreekSeq>10</GreekSeq></word><word seq="8">world<GreekSeq>11</GreekSeq></word><word seq="9">did<GreekSeq>9</GreekSeq></word><word seq="10">not<GreekSeq>8</GreekSeq></word><word seq="11">know<GreekSeq>9</GreekSeq></word><word seq="12">God<GreekSeq>16</GreekSeq></word><word seq="13">through<GreekSeq>12</GreekSeq></word><word seq="14">wisdom,<GreekSeq>14</GreekSeq></word><word seq="15">it pleased<GreekSeq>17</GreekSeq></word><word seq="16">God<GreekSeq>19</GreekSeq></word><word seq="17">through<GreekSeq>20</GreekSeq></word><word seq="18">the<GreekSeq>21</GreekSeq></word><word seq="19">folly<GreekSeq>22</GreekSeq></word><word seq="20">of what [we] preach<GreekSeq>23</GreekSeq><GreekSeq>24</GreekSeq></word><word seq="21">to save<GreekSeq>25</GreekSeq></word><word seq="22">those<GreekSeq>26</GreekSeq></word><word seq="23">who believe.<GreekSeq>27</GreekSeq></word></ESV></verse>
<verse number="22"><ESV><word seq="1">For<GreekSeq>1</GreekSeq></word><word seq="2">Jews<GreekSeq>3</GreekSeq></word><word seq="3">demand<GreekSeq>5</GreekSeq></word><word seq="4">signs<GreekSeq>4</GreekSeq></word><word seq="5">and<GreekSeq>2</GreekSeq></word><word seq="6">Greeks<GreekSeq>7</GreekSeq></word><word seq="7">seek<GreekSeq>9</GreekSeq></word><word seq="8">wisdom,<GreekSeq>8</GreekSeq></word></ESV></verse>
<verse number="23"><ESV><word seq="1">but<GreekSeq>2</GreekSeq></word><word seq="2">we<GreekSeq>1</GreekSeq></word><word seq="3">preach<GreekSeq>3</GreekSeq></word><word seq="4">Christ<GreekSeq>4</GreekSeq></word><word seq="5">crucified,<GreekSeq>5</GreekSeq></word><word seq="6">a stumbling block<GreekSeq>8</GreekSeq></word><word seq="7">to Jews<GreekSeq>6</GreekSeq></word><word seq="8">and<GreekSeq>10</GreekSeq></word><word seq="9">folly<GreekSeq>11</GreekSeq></word><word seq="10">to Gentiles,<GreekSeq>9</GreekSeq></word></ESV></verse>
<verse number="24"><ESV><word seq="1">but<GreekSeq>2</GreekSeq></word><word seq="2">to those<GreekSeq>1</GreekSeq></word><word seq="3">who are called,<GreekSeq>3</GreekSeq><GreekSeq>4</GreekSeq></word><word seq="4">both<GreekSeq>6</GreekSeq></word><word seq="5">Jews<GreekSeq>5</GreekSeq></word><word seq="6">and<GreekSeq>7</GreekSeq></word><word seq="7">Greeks,<GreekSeq>8</GreekSeq></word><word seq="8">Christ<GreekSeq>9</GreekSeq></word><word seq="9">the power<GreekSeq>11</GreekSeq></word><word seq="10">of God<GreekSeq>10</GreekSeq></word><word seq="11">and<GreekSeq>12</GreekSeq></word><word seq="12">the wisdom<GreekSeq>14</GreekSeq></word><word seq="13">of God.<GreekSeq>13</GreekSeq></word></ESV></verse>
<verse number="25"><ESV><word seq="1">For<GreekSeq>1</GreekSeq></word><word seq="2">the<GreekSeq>2</GreekSeq></word><word seq="3">foolishness<GreekSeq>3</GreekSeq></word><word seq="4">of God<GreekSeq>5</GreekSeq></word><word seq="5">is<GreekSeq>9</GreekSeq></word><word seq="6">wiser than<GreekSeq>6</GreekSeq></word><word seq="7">men,<GreekSeq>8</GreekSeq></word><word seq="8">and<GreekSeq>10</GreekSeq></word><word seq="9">the<GreekSeq>11</GreekSeq></word><word seq="10">weakness<GreekSeq>12</GreekSeq></word><word seq="11">of God<GreekSeq>14</GreekSeq></word><word seq="12">is</word><word seq="13">stronger than<GreekSeq>15</GreekSeq></word><word seq="14">men.<GreekSeq>17</GreekSeq></word></ESV></verse>
<verse number="26"><ESV><word seq="1">For<GreekSeq>2</GreekSeq></word><word seq="2">consider<GreekSeq>1</GreekSeq></word><word seq="3">your<GreekSeq>5</GreekSeq></word><word seq="4">calling,<GreekSeq>4</GreekSeq></word><word seq="5">brothers:<GreekSeq>6</GreekSeq></word><word seq="6">not<GreekSeq>8</GreekSeq></word><word seq="7">many<GreekSeq>9</GreekSeq></word><word seq="8">of you were</word><word seq="9">wise<GreekSeq>10</GreekSeq></word><word seq="10">according to<GreekSeq>11</GreekSeq></word><word seq="11">[worldly standards],<GreekSeq>12</GreekSeq></word><word seq="12">not<GreekSeq>13</GreekSeq></word><word seq="13">many<GreekSeq>14</GreekSeq></word><word seq="14">were</word><word seq="15">powerful,<GreekSeq>15</GreekSeq></word><word seq="16">not<GreekSeq>16</GreekSeq></word><word seq="17">many<GreekSeq>17</GreekSeq></word><word seq="18">were</word><word seq="19">of noble birth.<GreekSeq>18</GreekSeq></word></ESV></verse>
<verse number="27"><ESV><word seq="1">But<GreekSeq>1</GreekSeq></word><word seq="2">God<GreekSeq>8</GreekSeq></word><word seq="3">chose<GreekSeq>6</GreekSeq></word><word seq="4">what<GreekSeq>2</GreekSeq></word><word seq="5">is</word><word seq="6">foolish<GreekSeq>3</GreekSeq></word><word seq="7">in the<GreekSeq>4</GreekSeq></word><word seq="8">world<GreekSeq>5</GreekSeq></word><word seq="9">to shame<GreekSeq>9</GreekSeq><GreekSeq>10</GreekSeq></word><word seq="10">the<GreekSeq>11</GreekSeq></word><word seq="11">wise;<GreekSeq>12</GreekSeq></word><word seq="12">God<GreekSeq>20</GreekSeq></word><word seq="13">chose<GreekSeq>18</GreekSeq></word><word seq="14">what<GreekSeq>14</GreekSeq></word><word seq="15">is</word><word seq="16">weak<GreekSeq>15</GreekSeq></word><word seq="17">in the<GreekSeq>16</GreekSeq></word><word seq="18">world<GreekSeq>17</GreekSeq></word><word seq="19">to shame<GreekSeq>21</GreekSeq><GreekSeq>22</GreekSeq></word><word seq="20">the<GreekSeq>23</GreekSeq></word><word seq="21">strong;<GreekSeq>24</GreekSeq></word></ESV></verse>
<verse number="28"><ESV><word seq="1">God<GreekSeq>11</GreekSeq></word><word seq="2">chose<GreekSeq>9</GreekSeq></word><word seq="3">what<GreekSeq>2</GreekSeq></word><word seq="4">is</word><word seq="5">low<GreekSeq>3</GreekSeq></word><word seq="6">and<GreekSeq>6</GreekSeq></word><word seq="7">despised<GreekSeq>8</GreekSeq></word><word seq="8">in the<GreekSeq>4</GreekSeq></word><word seq="9">world,<GreekSeq>5</GreekSeq></word><word seq="10">even</word><word seq="11">things<GreekSeq>12</GreekSeq></word><word seq="12">that are<GreekSeq>14</GreekSeq></word><word seq="13">not,<GreekSeq>13</GreekSeq></word><word seq="14">to bring to nothing<GreekSeq>15</GreekSeq><GreekSeq>18</GreekSeq></word><word seq="15">things<GreekSeq>16</GreekSeq></word><word seq="16">that are,<GreekSeq>17</GreekSeq></word></ESV></verse>
<verse number="29"><ESV><word seq="1">so that<GreekSeq>1</GreekSeq></word><word seq="2">no<GreekSeq>2</GreekSeq><GreekSeq>4</GreekSeq></word><word seq="3">human being<GreekSeq>5</GreekSeq></word><word seq="4">might boast<GreekSeq>3</GreekSeq></word><word seq="5">in the presence<GreekSeq>6</GreekSeq></word><word seq="6">of God.<GreekSeq>8</GreekSeq></word></ESV></verse>
<verse number="30"><ESV><word seq="1">And<GreekSeq>3</GreekSeq></word><word seq="2">because of<GreekSeq>1</GreekSeq></word><word seq="3">him<GreekSeq>2</GreekSeq></word><word seq="4">you<GreekSeq>4</GreekSeq></word><word seq="5">are<GreekSeq>5</GreekSeq></word><word seq="6">in<GreekSeq>6</GreekSeq></word><word seq="7">Christ<GreekSeq>7</GreekSeq></word><word seq="8">Jesus,<GreekSeq>8</GreekSeq></word><word seq="9">who<GreekSeq>9</GreekSeq></word><word seq="10">became<GreekSeq>10</GreekSeq></word><word seq="11">to us<GreekSeq>12</GreekSeq></word><word seq="12">wisdom<GreekSeq>11</GreekSeq></word><word seq="13">from<GreekSeq>13</GreekSeq></word><word seq="14">God,<GreekSeq>14</GreekSeq></word><word seq="15">righteousness<GreekSeq>15</GreekSeq></word><word seq="16">and<GreekSeq>17</GreekSeq></word><word seq="17">sanctification<GreekSeq>18</GreekSeq></word><word seq="18">and<GreekSeq>19</GreekSeq></word><word seq="19">redemption,<GreekSeq>20</GreekSeq></word></ESV></verse>
<verse number="31"><ESV><word seq="1">so that,<GreekSeq>1</GreekSeq></word><word seq="2">as<GreekSeq>2</GreekSeq></word><word seq="3">it is written,<GreekSeq>3</GreekSeq></word><word seq="4">Let<GreekSeq>8</GreekSeq></word><word seq="5">the one<GreekSeq>4</GreekSeq></word><word seq="6">who boasts,<GreekSeq>5</GreekSeq></word><word seq="7">boast<GreekSeq>8</GreekSeq></word><word seq="8">in<GreekSeq>6</GreekSeq></word><word seq="9">the Lord.<GreekSeq>7</GreekSeq></word></ESV></verse></chapter></book>