<?xml version="1.0" encoding="UTF-8" standalone="no"?><book><chapter number="8">'<verse number="1"><ESV><word seq="1">Now<GreekSeq>2</GreekSeq></word><word seq="2">concerning<GreekSeq>1</GreekSeq></word><word seq="3">food offered to idols:<GreekSeq>3</GreekSeq><GreekSeq>4</GreekSeq></word><word seq="4">we know<GreekSeq>5</GreekSeq></word><word seq="5">that<GreekSeq>6</GreekSeq></word><word seq="6">all<GreekSeq>7</GreekSeq></word><word seq="7">of us possess<GreekSeq>9</GreekSeq></word><word seq="8">knowledge.<GreekSeq>8</GreekSeq></word><word seq="9">This<GreekSeq>10</GreekSeq></word><word seq="10">knowledge<GreekSeq>11</GreekSeq></word><word seq="11">puffs up,<GreekSeq>12</GreekSeq></word><word seq="12">but<GreekSeq>14</GreekSeq></word><word seq="13">love<GreekSeq>15</GreekSeq></word><word seq="14">builds up.<GreekSeq>16</GreekSeq></word></ESV></verse>
<verse number="2"><ESV><word seq="1">If<GreekSeq>1</GreekSeq></word><word seq="2">anyone<GreekSeq>2</GreekSeq></word><word seq="3">imagines<GreekSeq>3</GreekSeq></word><word seq="4">that</word><word seq="5">he knows<GreekSeq>4</GreekSeq></word><word seq="6">something,<GreekSeq>5</GreekSeq></word><word seq="7">he does<GreekSeq>7</GreekSeq></word><word seq="8">not yet<GreekSeq>6</GreekSeq></word><word seq="9">know<GreekSeq>7</GreekSeq></word><word seq="10">as<GreekSeq>8</GreekSeq></word><word seq="11">he ought<GreekSeq>9</GreekSeq></word><word seq="12">to know.<GreekSeq>10</GreekSeq></word></ESV></verse>
<verse number="3"><ESV><word seq="1">But<GreekSeq>2</GreekSeq></word><word seq="2">if<GreekSeq>1</GreekSeq></word><word seq="3">anyone<GreekSeq>3</GreekSeq></word><word seq="4">loves<GreekSeq>4</GreekSeq></word><word seq="5">God,<GreekSeq>6</GreekSeq></word><word seq="6">he<GreekSeq>7</GreekSeq></word><word seq="7">is known<GreekSeq>8</GreekSeq></word><word seq="8">by<GreekSeq>9</GreekSeq></word><word seq="9">[God].<GreekSeq>10</GreekSeq></word></ESV></verse>
<verse number="4"><ESV><word seq="1">Therefore,<GreekSeq>4</GreekSeq></word><word seq="2">as</word><word seq="3">to<GreekSeq>1</GreekSeq></word><word seq="4">the<GreekSeq>2</GreekSeq></word><word seq="5">eating<GreekSeq>3</GreekSeq></word><word seq="6">of food offered to idols,<GreekSeq>5</GreekSeq><GreekSeq>6</GreekSeq></word><word seq="7">we know<GreekSeq>7</GreekSeq></word><word seq="8">that<GreekSeq>8</GreekSeq></word><word seq="9">an idol<GreekSeq>10</GreekSeq></word><word seq="10">has</word><word seq="11">no<GreekSeq>9</GreekSeq></word><word seq="12">real existence,<GreekSeq>11</GreekSeq><GreekSeq>12</GreekSeq></word><word seq="13">and<GreekSeq>13</GreekSeq></word><word seq="14">that<GreekSeq>14</GreekSeq></word><word seq="15">there is</word><word seq="16">no<GreekSeq>15</GreekSeq></word><word seq="17">God<GreekSeq>16</GreekSeq></word><word seq="18" note="εἰ μή Strong Code (1508)">but<GreekSeq>17</GreekSeq><GreekSeq>18</GreekSeq></word><word seq="19">one.<GreekSeq>19</GreekSeq></word></ESV></verse>
<verse number="5"><ESV><word seq="1">For<GreekSeq>2</GreekSeq></word><word seq="2">although<GreekSeq>3</GreekSeq></word><word seq="3">there may be<GreekSeq>4</GreekSeq></word><word seq="4">so-called<GreekSeq>5</GreekSeq></word><word seq="5">gods<GreekSeq>6</GreekSeq></word><word seq="6">in<GreekSeq>8</GreekSeq></word><word seq="7">heaven<GreekSeq>9</GreekSeq></word><word seq="8">or<GreekSeq>10</GreekSeq></word><word seq="9">on<GreekSeq>11</GreekSeq></word><word seq="10">earth<GreekSeq>12</GreekSeq></word><word seq="11">— as<GreekSeq>13</GreekSeq></word><word seq="12">indeed</word><word seq="13">there are<GreekSeq>14</GreekSeq></word><word seq="14">many<GreekSeq>16</GreekSeq></word><word seq="15">gods<GreekSeq>15</GreekSeq></word><word seq="16">and<GreekSeq>17</GreekSeq></word><word seq="17">many<GreekSeq>19</GreekSeq></word><word seq="18">lords —<GreekSeq>18</GreekSeq></word></ESV></verse>
<verse number="6"><ESV><word seq="1">yet<GreekSeq>1</GreekSeq></word><word seq="2">for us<GreekSeq>2</GreekSeq></word><word seq="3">there is</word><word seq="4">one<GreekSeq>3</GreekSeq></word><word seq="5">God,<GreekSeq>4</GreekSeq></word><word seq="6">the<GreekSeq>5</GreekSeq></word><word seq="7">Father,<GreekSeq>6</GreekSeq></word><word seq="8">from<GreekSeq>7</GreekSeq></word><word seq="9">whom<GreekSeq>8</GreekSeq></word><word seq="10">are</word><word seq="11">all things<GreekSeq>9</GreekSeq><GreekSeq>10</GreekSeq></word><word seq="12">and<GreekSeq>11</GreekSeq></word><word seq="13">for<GreekSeq>13</GreekSeq></word><word seq="14">whom<GreekSeq>14</GreekSeq></word><word seq="15">we [exist],<GreekSeq>12</GreekSeq></word><word seq="16">and<GreekSeq>15</GreekSeq></word><word seq="17">one<GreekSeq>16</GreekSeq></word><word seq="18">Lord,<GreekSeq>17</GreekSeq></word><word seq="19">Jesus<GreekSeq>18</GreekSeq></word><word seq="20">Christ,<GreekSeq>19</GreekSeq></word><word seq="21">through<GreekSeq>20</GreekSeq></word><word seq="22">whom<GreekSeq>21</GreekSeq></word><word seq="23">are</word><word seq="24">all things<GreekSeq>22</GreekSeq><GreekSeq>23</GreekSeq></word><word seq="25">and<GreekSeq>24</GreekSeq></word><word seq="26">through<GreekSeq>26</GreekSeq></word><word seq="27">whom<GreekSeq>27</GreekSeq></word><word seq="28">we [exist].<GreekSeq>25</GreekSeq></word></ESV></verse>
<verse number="7"><ESV><word seq="1">However,<GreekSeq>1</GreekSeq></word><word seq="2">not<GreekSeq>2</GreekSeq></word><word seq="3">all<GreekSeq>4</GreekSeq></word><word seq="4">possess<GreekSeq>3</GreekSeq></word><word seq="5">this<GreekSeq>5</GreekSeq></word><word seq="6">knowledge.<GreekSeq>6</GreekSeq></word><word seq="7">But<GreekSeq>8</GreekSeq></word><word seq="8">some,<GreekSeq>7</GreekSeq></word><word seq="9">through former<GreekSeq>11</GreekSeq><GreekSeq>12</GreekSeq></word><word seq="10">association with<GreekSeq>10</GreekSeq></word><word seq="11">idols,<GreekSeq>14</GreekSeq></word><word seq="12">eat [food]<GreekSeq>17</GreekSeq></word><word seq="13">as<GreekSeq>15</GreekSeq></word><word seq="14">really</word><word seq="15">offered to an idol,<GreekSeq>16</GreekSeq></word><word seq="16">and<GreekSeq>18</GreekSeq></word><word seq="17">their<GreekSeq>21</GreekSeq></word><word seq="18">conscience,<GreekSeq>20</GreekSeq></word><word seq="19">being<GreekSeq>23</GreekSeq></word><word seq="20">weak,<GreekSeq>22</GreekSeq></word><word seq="21">is defiled.<GreekSeq>24</GreekSeq></word></ESV></verse>
<verse number="8"><ESV><word seq="1">Food<GreekSeq>1</GreekSeq></word><word seq="2">will<GreekSeq>5</GreekSeq></word><word seq="3">not<GreekSeq>4</GreekSeq></word><word seq="4">commend<GreekSeq>5</GreekSeq></word><word seq="5">us<GreekSeq>3</GreekSeq></word><word seq="6">to God.<GreekSeq>7</GreekSeq></word><word seq="7">We are<GreekSeq>12</GreekSeq></word><word seq="8">no<GreekSeq>8</GreekSeq></word><word seq="9">worse off<GreekSeq>12</GreekSeq></word><word seq="10">if<GreekSeq>9</GreekSeq></word><word seq="11">we do<GreekSeq>11</GreekSeq></word><word seq="12">not<GreekSeq>10</GreekSeq></word><word seq="13">eat,<GreekSeq>11</GreekSeq></word><word seq="14">and no<GreekSeq>13</GreekSeq></word><word seq="15">better off<GreekSeq>16</GreekSeq></word><word seq="16">if<GreekSeq>14</GreekSeq></word><word seq="17">we [do].<GreekSeq>15</GreekSeq></word></ESV></verse>
<verse number="9"><ESV><word seq="1">But<GreekSeq>2</GreekSeq></word><word seq="2">take care<GreekSeq>1</GreekSeq></word><word seq="3">that</word><word seq="4">this<GreekSeq>8</GreekSeq></word><word seq="5">right<GreekSeq>6</GreekSeq></word><word seq="6">of yours<GreekSeq>7</GreekSeq></word><word seq="7">does</word><word seq="8">not<GreekSeq>3</GreekSeq></word><word seq="9">somehow<GreekSeq>4</GreekSeq></word><word seq="10">become<GreekSeq>10</GreekSeq></word><word seq="11">a stumbling block<GreekSeq>9</GreekSeq></word><word seq="12">to the<GreekSeq>11</GreekSeq></word><word seq="13">weak.<GreekSeq>12</GreekSeq></word></ESV></verse>
<verse number="10"><ESV><word seq="1">For<GreekSeq>2</GreekSeq></word><word seq="2">if<GreekSeq>1</GreekSeq></word><word seq="3">anyone<GreekSeq>3</GreekSeq></word><word seq="4">sees<GreekSeq>4</GreekSeq></word><word seq="5">you<GreekSeq>5</GreekSeq></word><word seq="6">who have<GreekSeq>7</GreekSeq></word><word seq="7">knowledge<GreekSeq>8</GreekSeq></word><word seq="8">eating<GreekSeq>11</GreekSeq></word><word seq="9">in<GreekSeq>9</GreekSeq></word><word seq="10">an idol’s temple,<GreekSeq>10</GreekSeq></word><word seq="11">will he<GreekSeq>18</GreekSeq></word><word seq="12">not<GreekSeq>12</GreekSeq></word><word seq="13">be encouraged,<GreekSeq>18</GreekSeq></word><word seq="14">if</word><word seq="15">his<GreekSeq>15</GreekSeq></word><word seq="16">conscience<GreekSeq>14</GreekSeq></word><word seq="17">is<GreekSeq>17</GreekSeq></word><word seq="18">weak,<GreekSeq>16</GreekSeq></word><word seq="19">to eat<GreekSeq>23</GreekSeq></word><word seq="20">food offered to idols?<GreekSeq>21</GreekSeq><GreekSeq>22</GreekSeq></word></ESV></verse>
<verse number="11"><ESV><word seq="1" note="Base of different Greek: καὶ(2532)">And so<GreekSeq>2</GreekSeq></word><word seq="2" note="Base of different Greek: ἐπὶ(1909)">by<GreekSeq>5</GreekSeq></word><word seq="3">your<GreekSeq>7</GreekSeq></word><word seq="4">knowledge<GreekSeq>8</GreekSeq></word><word seq="5">this<GreekSeq>3</GreekSeq></word><word seq="6">weak [person]<GreekSeq>4</GreekSeq></word><word seq="7">is destroyed,<GreekSeq>1</GreekSeq></word><word seq="8">the<GreekSeq>9</GreekSeq></word><word seq="9">brother<GreekSeq>10</GreekSeq></word><word seq="10">for<GreekSeq>11</GreekSeq></word><word seq="11">whom<GreekSeq>12</GreekSeq></word><word seq="12">Christ<GreekSeq>13</GreekSeq></word><word seq="13">died.<GreekSeq>14</GreekSeq></word></ESV></verse>
<verse number="12"><ESV><word seq="1">Thus,<GreekSeq>1</GreekSeq></word><word seq="2">sinning<GreekSeq>3</GreekSeq></word><word seq="3">against<GreekSeq>4</GreekSeq></word><word seq="4">your</word><word seq="5">brothers<GreekSeq>6</GreekSeq></word><word seq="6">and<GreekSeq>7</GreekSeq></word><word seq="7">wounding<GreekSeq>8</GreekSeq></word><word seq="8">their<GreekSeq>9</GreekSeq></word><word seq="9">conscience<GreekSeq>11</GreekSeq></word><word seq="10">when it is weak,<GreekSeq>12</GreekSeq></word><word seq="11">you sin<GreekSeq>15</GreekSeq></word><word seq="12">against<GreekSeq>13</GreekSeq></word><word seq="13">Christ.<GreekSeq>14</GreekSeq></word></ESV></verse>
<verse number="13"><ESV><word seq="1">Therefore,<GreekSeq>1</GreekSeq></word><word seq="2">if<GreekSeq>2</GreekSeq></word><word seq="3">food<GreekSeq>3</GreekSeq></word><word seq="4">makes<GreekSeq>4</GreekSeq></word><word seq="5">my<GreekSeq>7</GreekSeq></word><word seq="6">brother<GreekSeq>6</GreekSeq></word><word seq="7">stumble,<GreekSeq>20</GreekSeq></word><word seq="8">I will<GreekSeq>10</GreekSeq></word><word seq="9" note="οὐ μή Strong Code (3364)">never<GreekSeq>8</GreekSeq><GreekSeq>9</GreekSeq><GreekSeq>12</GreekSeq><GreekSeq>13</GreekSeq><GreekSeq>14</GreekSeq></word><word seq="10">eat<GreekSeq>10</GreekSeq></word><word seq="11">meat,<GreekSeq>11</GreekSeq></word><word seq="12" note="εἰ μή Strong Code (1508)">lest<GreekSeq>15</GreekSeq><GreekSeq>16</GreekSeq></word><word seq="13">I make<GreekSeq>20</GreekSeq></word><word seq="14">my<GreekSeq>19</GreekSeq></word><word seq="15">brother<GreekSeq>18</GreekSeq></word><word seq="16">stumble.<GreekSeq>20</GreekSeq></word></ESV></verse></chapter></book>