<?xml version="1.0" encoding="UTF-8" standalone="no"?><book><chapter number="11">'<verse number="1"><ESV><word seq="1">Be<GreekSeq>3</GreekSeq></word><word seq="2">imitators<GreekSeq>1</GreekSeq></word><word seq="3">of me,<GreekSeq>2</GreekSeq></word><word seq="4">as<GreekSeq>4</GreekSeq></word><word seq="5">I<GreekSeq>5</GreekSeq></word><word seq="6">am</word><word seq="7">of Christ.<GreekSeq>6</GreekSeq></word></ESV></verse>
<verse number="2"><ESV><word seq="1">Now<GreekSeq>2</GreekSeq></word><word seq="2">I commend<GreekSeq>1</GreekSeq></word><word seq="3">you<GreekSeq>3</GreekSeq></word><word seq="4">because<GreekSeq>4</GreekSeq></word><word seq="5">you remember<GreekSeq>7</GreekSeq></word><word seq="6">me<GreekSeq>6</GreekSeq></word><word seq="7">in everything<GreekSeq>5</GreekSeq></word><word seq="8">and<GreekSeq>8</GreekSeq></word><word seq="9">maintain<GreekSeq>14</GreekSeq></word><word seq="10">the<GreekSeq>12</GreekSeq></word><word seq="11">[traditions]<GreekSeq>13</GreekSeq></word><word seq="12">even as<GreekSeq>9</GreekSeq></word><word seq="13">I delivered<GreekSeq>10</GreekSeq></word><word seq="14">them</word><word seq="15">to you.<GreekSeq>11</GreekSeq></word></ESV></verse>
<verse number="3"><ESV><word seq="1">But<GreekSeq>2</GreekSeq></word><word seq="2">I want<GreekSeq>1</GreekSeq></word><word seq="3">you<GreekSeq>3</GreekSeq></word><word seq="4">to understand<GreekSeq>4</GreekSeq></word><word seq="5">that<GreekSeq>5</GreekSeq></word><word seq="6">the<GreekSeq>8</GreekSeq></word><word seq="7">head<GreekSeq>9</GreekSeq></word><word seq="8">of every<GreekSeq>6</GreekSeq></word><word seq="9">man<GreekSeq>7</GreekSeq></word><word seq="10">is<GreekSeq>12</GreekSeq></word><word seq="11">Christ,<GreekSeq>11</GreekSeq></word><word seq="12">the<GreekSeq>14</GreekSeq></word><word seq="13">head<GreekSeq>13</GreekSeq></word><word seq="14">of a wife<GreekSeq>15</GreekSeq></word><word seq="15">is her</word><word seq="16">husband,<GreekSeq>17</GreekSeq></word><word seq="17">and<GreekSeq>19</GreekSeq></word><word seq="18">the head<GreekSeq>18</GreekSeq></word><word seq="19">of Christ<GreekSeq>21</GreekSeq></word><word seq="20">is</word><word seq="21">God.<GreekSeq>23</GreekSeq></word></ESV></verse>
<verse number="4"><ESV><word seq="1">Every<GreekSeq>1</GreekSeq></word><word seq="2">man<GreekSeq>2</GreekSeq></word><word seq="3">who prays<GreekSeq>3</GreekSeq></word><word seq="4">or<GreekSeq>4</GreekSeq></word><word seq="5">prophesies<GreekSeq>5</GreekSeq></word><word seq="6">with his head covered<GreekSeq>6</GreekSeq><GreekSeq>7</GreekSeq><GreekSeq>8</GreekSeq></word><word seq="7">dishonors<GreekSeq>9</GreekSeq></word><word seq="8">his<GreekSeq>12</GreekSeq></word><word seq="9">head,<GreekSeq>11</GreekSeq></word></ESV></verse>
<verse number="5"><ESV><word seq="1">but<GreekSeq>2</GreekSeq></word><word seq="2">every<GreekSeq>1</GreekSeq></word><word seq="3">wife<GreekSeq>3</GreekSeq></word><word seq="4">who prays<GreekSeq>4</GreekSeq></word><word seq="5">or<GreekSeq>5</GreekSeq></word><word seq="6">prophesies<GreekSeq>6</GreekSeq></word><word seq="7">with [her] head<GreekSeq>9</GreekSeq></word><word seq="8">uncovered<GreekSeq>7</GreekSeq></word><word seq="9">dishonors<GreekSeq>10</GreekSeq></word><word seq="10">her<GreekSeq>13</GreekSeq></word><word seq="11">head,<GreekSeq>12</GreekSeq></word><word seq="12">since<GreekSeq>15</GreekSeq></word><word seq="13">it is<GreekSeq>16</GreekSeq></word><word seq="14">the<GreekSeq>18</GreekSeq></word><word seq="15">same<GreekSeq>19</GreekSeq></word><word seq="16">as if</word><word seq="17">her [head]<GreekSeq>20</GreekSeq></word><word seq="18">were shaven.<GreekSeq>21</GreekSeq></word></ESV></verse>
<verse number="6"><ESV><word seq="1">For<GreekSeq>2</GreekSeq></word><word seq="2">if<GreekSeq>1</GreekSeq></word><word seq="3">a wife<GreekSeq>5</GreekSeq></word><word seq="4">will</word><word seq="5">not<GreekSeq>3</GreekSeq></word><word seq="6">cover [her head],<GreekSeq>4</GreekSeq></word><word seq="7">then<GreekSeq>6</GreekSeq></word><word seq="8">she should cut [her hair] short.<GreekSeq>7</GreekSeq></word><word seq="9">But<GreekSeq>9</GreekSeq></word><word seq="10">since<GreekSeq>8</GreekSeq></word><word seq="11">it is</word><word seq="12">disgraceful<GreekSeq>10</GreekSeq></word><word seq="13">for a wife<GreekSeq>11</GreekSeq></word><word seq="14">to cut off [her hair]<GreekSeq>13</GreekSeq></word><word seq="15">or<GreekSeq>14</GreekSeq></word><word seq="16">shave [her head],<GreekSeq>15</GreekSeq></word><word seq="17">let her cover [her head].<GreekSeq>16</GreekSeq></word></ESV></verse>
<verse number="7"><ESV><word seq="1">For<GreekSeq>3</GreekSeq></word><word seq="2">a man<GreekSeq>1</GreekSeq></word><word seq="3">ought<GreekSeq>5</GreekSeq></word><word seq="4">not<GreekSeq>4</GreekSeq></word><word seq="5">to cover<GreekSeq>6</GreekSeq></word><word seq="6">his</word><word seq="7">head,<GreekSeq>8</GreekSeq></word><word seq="8">since<GreekSeq>3</GreekSeq></word><word seq="9">he is<GreekSeq>13</GreekSeq></word><word seq="10">the image<GreekSeq>9</GreekSeq></word><word seq="11">and<GreekSeq>10</GreekSeq></word><word seq="12">glory<GreekSeq>11</GreekSeq></word><word seq="13">of God,<GreekSeq>12</GreekSeq></word><word seq="14">but<GreekSeq>16</GreekSeq></word><word seq="15">woman<GreekSeq>15</GreekSeq></word><word seq="16">is<GreekSeq>19</GreekSeq></word><word seq="17">the glory<GreekSeq>17</GreekSeq></word><word seq="18">of man.<GreekSeq>18</GreekSeq></word></ESV></verse>
<verse number="8"><ESV><word seq="1">For<GreekSeq>2</GreekSeq></word><word seq="2">man<GreekSeq>4</GreekSeq></word><word seq="3">was<GreekSeq>3</GreekSeq></word><word seq="4">not<GreekSeq>1</GreekSeq></word><word seq="5">made</word><word seq="6">from<GreekSeq>5</GreekSeq></word><word seq="7">woman,<GreekSeq>6</GreekSeq></word><word seq="8">but<GreekSeq>7</GreekSeq></word><word seq="9">woman<GreekSeq>8</GreekSeq></word><word seq="10">from<GreekSeq>9</GreekSeq></word><word seq="11">man.<GreekSeq>10</GreekSeq></word></ESV></verse>
<verse number="9"><ESV><word seq="1">Neither<GreekSeq>1</GreekSeq><GreekSeq>3</GreekSeq></word><word seq="2">was<GreekSeq>4</GreekSeq></word><word seq="3">man<GreekSeq>5</GreekSeq></word><word seq="4">created<GreekSeq>4</GreekSeq></word><word seq="5">for<GreekSeq>6</GreekSeq></word><word seq="6">woman,<GreekSeq>8</GreekSeq></word><word seq="7">but<GreekSeq>9</GreekSeq></word><word seq="8">woman<GreekSeq>10</GreekSeq></word><word seq="9">for<GreekSeq>11</GreekSeq></word><word seq="10">man.<GreekSeq>13</GreekSeq></word></ESV></verse>
<verse number="10"><ESV><word seq="1">That is why<GreekSeq>1</GreekSeq><GreekSeq>2</GreekSeq></word><word seq="2">a<GreekSeq>4</GreekSeq></word><word seq="3">wife<GreekSeq>5</GreekSeq></word><word seq="4">ought<GreekSeq>3</GreekSeq></word><word seq="5">to have<GreekSeq>7</GreekSeq></word><word seq="6">a [symbol of] authority<GreekSeq>6</GreekSeq></word><word seq="7">on<GreekSeq>8</GreekSeq></word><word seq="8">her</word><word seq="9">head,<GreekSeq>10</GreekSeq></word><word seq="10">because of<GreekSeq>11</GreekSeq></word><word seq="11">the<GreekSeq>12</GreekSeq></word><word seq="12">angels.<GreekSeq>13</GreekSeq></word></ESV></verse>
<verse number="11"><ESV><word seq="1">Nevertheless,<GreekSeq>1</GreekSeq></word><word seq="2">in<GreekSeq>10</GreekSeq></word><word seq="3">the Lord<GreekSeq>11</GreekSeq></word><word seq="4">woman<GreekSeq>3</GreekSeq></word><word seq="5">is</word><word seq="6">not<GreekSeq>2</GreekSeq></word><word seq="7">independent of<GreekSeq>4</GreekSeq></word><word seq="8">man<GreekSeq>5</GreekSeq></word><word seq="9">nor<GreekSeq>6</GreekSeq></word><word seq="10">man<GreekSeq>7</GreekSeq></word><word seq="11">[of]<GreekSeq>8</GreekSeq></word><word seq="12">woman;<GreekSeq>9</GreekSeq></word></ESV></verse>
<verse number="12"><ESV><word seq="1">for<GreekSeq>2</GreekSeq></word><word seq="2">as<GreekSeq>1</GreekSeq></word><word seq="3">woman<GreekSeq>4</GreekSeq></word><word seq="4">was made</word><word seq="5">from<GreekSeq>5</GreekSeq></word><word seq="6">man,<GreekSeq>7</GreekSeq></word><word seq="7">so<GreekSeq>8</GreekSeq></word><word seq="8">man<GreekSeq>11</GreekSeq></word><word seq="9">is now born</word><word seq="10">of<GreekSeq>12</GreekSeq></word><word seq="11">woman.<GreekSeq>14</GreekSeq></word><word seq="12">And<GreekSeq>16</GreekSeq></word><word seq="13">all things<GreekSeq>15</GreekSeq><GreekSeq>17</GreekSeq></word><word seq="14">are</word><word seq="15">from<GreekSeq>18</GreekSeq></word><word seq="16">God.<GreekSeq>20</GreekSeq></word></ESV></verse>
<verse number="13"><ESV><word seq="1">Judge<GreekSeq>4</GreekSeq></word><word seq="2">for<GreekSeq>1</GreekSeq></word><word seq="3">yourselves:<GreekSeq>2</GreekSeq><GreekSeq>3</GreekSeq></word><word seq="4">is it<GreekSeq>6</GreekSeq></word><word seq="5">proper<GreekSeq>5</GreekSeq></word><word seq="6">for a wife<GreekSeq>7</GreekSeq></word><word seq="7">to pray<GreekSeq>11</GreekSeq></word><word seq="8">to God<GreekSeq>10</GreekSeq></word><word seq="9">[with her head] uncovered?<GreekSeq>8</GreekSeq></word></ESV></verse>
<verse number="14"><ESV><word seq="1">Does</word><word seq="2">not<GreekSeq>1</GreekSeq></word><word seq="3">nature<GreekSeq>3</GreekSeq></word><word seq="4">itself<GreekSeq>4</GreekSeq></word><word seq="5">teach<GreekSeq>5</GreekSeq></word><word seq="6">you<GreekSeq>6</GreekSeq></word><word seq="7">that<GreekSeq>7</GreekSeq></word><word seq="8">if<GreekSeq>10</GreekSeq></word><word seq="9">a man<GreekSeq>8</GreekSeq></word><word seq="10">wears long hair<GreekSeq>11</GreekSeq></word><word seq="11">it is<GreekSeq>14</GreekSeq></word><word seq="12">a disgrace<GreekSeq>12</GreekSeq></word><word seq="13">for him,<GreekSeq>13</GreekSeq></word></ESV></verse>
<verse number="15"><ESV><word seq="1">but<GreekSeq>2</GreekSeq></word><word seq="2">if<GreekSeq>3</GreekSeq></word><word seq="3">a woman<GreekSeq>1</GreekSeq></word><word seq="4">has long hair,<GreekSeq>4</GreekSeq></word><word seq="5">it is<GreekSeq>7</GreekSeq></word><word seq="6">her<GreekSeq>6</GreekSeq></word><word seq="7">glory?<GreekSeq>5</GreekSeq></word><word seq="8">For<GreekSeq>8</GreekSeq></word><word seq="9">[her] hair<GreekSeq>10</GreekSeq></word><word seq="10">is given to<GreekSeq>13</GreekSeq></word><word seq="11">her<GreekSeq>14</GreekSeq></word><word seq="12">for<GreekSeq>11</GreekSeq></word><word seq="13">a covering.<GreekSeq>12</GreekSeq></word></ESV></verse>
<verse number="16"><ESV><word seq="1">If<GreekSeq>1</GreekSeq></word><word seq="2">anyone<GreekSeq>3</GreekSeq></word><word seq="3">is inclined<GreekSeq>4</GreekSeq></word><word seq="4">to be<GreekSeq>6</GreekSeq></word><word seq="5">contentious,<GreekSeq>5</GreekSeq></word><word seq="6">we<GreekSeq>7</GreekSeq></word><word seq="7">have<GreekSeq>11</GreekSeq></word><word seq="8">no<GreekSeq>10</GreekSeq></word><word seq="9">such<GreekSeq>8</GreekSeq></word><word seq="10">practice,<GreekSeq>9</GreekSeq></word><word seq="11">nor<GreekSeq>12</GreekSeq></word><word seq="12">do</word><word seq="13">the<GreekSeq>13</GreekSeq></word><word seq="14">churches<GreekSeq>14</GreekSeq></word><word seq="15">of God.<GreekSeq>16</GreekSeq></word></ESV></verse>
<verse number="17"><ESV><word seq="1">But<GreekSeq>2</GreekSeq></word><word seq="2">in the following<GreekSeq>1</GreekSeq></word><word seq="3">instructions<GreekSeq>3</GreekSeq></word><word seq="4">I<GreekSeq>5</GreekSeq></word><word seq="5">do</word><word seq="6">not<GreekSeq>4</GreekSeq></word><word seq="7">commend<GreekSeq>5</GreekSeq></word><word seq="8">you,</word><word seq="9">because<GreekSeq>6</GreekSeq></word><word seq="10">when</word><word seq="11">you come together<GreekSeq>15</GreekSeq></word><word seq="12">it is</word><word seq="13">not<GreekSeq>7</GreekSeq></word><word seq="14">for<GreekSeq>8</GreekSeq></word><word seq="15">the<GreekSeq>9</GreekSeq></word><word seq="16">better<GreekSeq>10</GreekSeq></word><word seq="17">but<GreekSeq>11</GreekSeq></word><word seq="18">for<GreekSeq>12</GreekSeq></word><word seq="19">the<GreekSeq>13</GreekSeq></word><word seq="20">worse.<GreekSeq>14</GreekSeq></word></ESV></verse>
<verse number="18"><ESV><word seq="1">For,<GreekSeq>3</GreekSeq></word><word seq="2">in the first place,<GreekSeq>1</GreekSeq></word><word seq="3">when</word><word seq="4">you<GreekSeq>5</GreekSeq></word><word seq="5">come together<GreekSeq>4</GreekSeq></word><word seq="6">[as]<GreekSeq>6</GreekSeq></word><word seq="7">a church,<GreekSeq>7</GreekSeq></word><word seq="8">I hear<GreekSeq>8</GreekSeq></word><word seq="9">that</word><word seq="10">there are<GreekSeq>12</GreekSeq></word><word seq="11">divisions<GreekSeq>9</GreekSeq></word><word seq="12">among<GreekSeq>10</GreekSeq></word><word seq="13">you.<GreekSeq>11</GreekSeq></word><word seq="14">And<GreekSeq>13</GreekSeq></word><word seq="15">I believe<GreekSeq>16</GreekSeq></word><word seq="16">it<GreekSeq>15</GreekSeq></word><word seq="17">in part,<GreekSeq>14</GreekSeq></word></ESV></verse>
<verse number="19"><ESV><word seq="1">for<GreekSeq>2</GreekSeq></word><word seq="2">there must<GreekSeq>1</GreekSeq></word><word seq="3">be<GreekSeq>7</GreekSeq></word><word seq="4">factions<GreekSeq>4</GreekSeq></word><word seq="5">among<GreekSeq>5</GreekSeq></word><word seq="6">you<GreekSeq>6</GreekSeq></word><word seq="7">in order that<GreekSeq>8</GreekSeq></word><word seq="8">those<GreekSeq>10</GreekSeq></word><word seq="9">who are</word><word seq="10">genuine<GreekSeq>11</GreekSeq></word><word seq="11">among<GreekSeq>14</GreekSeq></word><word seq="12">you<GreekSeq>15</GreekSeq></word><word seq="13">may be<GreekSeq>13</GreekSeq></word><word seq="14">recognized.<GreekSeq>12</GreekSeq></word></ESV></verse>
<verse number="20"><ESV><word seq="1">When</word><word seq="2">you<GreekSeq>3</GreekSeq></word><word seq="3">come together,<GreekSeq>1</GreekSeq></word><word seq="4">it is<GreekSeq>8</GreekSeq></word><word seq="5">not<GreekSeq>7</GreekSeq></word><word seq="6">the</word><word seq="7">Lord’s<GreekSeq>9</GreekSeq></word><word seq="8">supper<GreekSeq>10</GreekSeq></word><word seq="9">that you</word><word seq="10">eat.<GreekSeq>11</GreekSeq></word></ESV></verse>
<verse number="21"><ESV><word seq="1">For<GreekSeq>2</GreekSeq></word><word seq="2">in<GreekSeq>7</GreekSeq></word><word seq="3">eating,<GreekSeq>9</GreekSeq></word><word seq="4">each one<GreekSeq>1</GreekSeq></word><word seq="5">goes ahead<GreekSeq>6</GreekSeq></word><word seq="6">with his own<GreekSeq>4</GreekSeq></word><word seq="7">meal.<GreekSeq>5</GreekSeq></word><word seq="8">One<GreekSeq>11</GreekSeq></word><word seq="9">goes hungry,<GreekSeq>13</GreekSeq></word><word seq="10">another<GreekSeq>14</GreekSeq></word><word seq="11">gets drunk.<GreekSeq>16</GreekSeq></word></ESV></verse>
<verse number="22"><ESV><word seq="1">What!<GreekSeq>2</GreekSeq></word><word seq="2">Do</word><word seq="3">you<GreekSeq>5</GreekSeq></word><word seq="4" note="μὴ οὐκ Strong Code (3378)">not<GreekSeq>1</GreekSeq><GreekSeq>4</GreekSeq></word><word seq="5">have<GreekSeq>5</GreekSeq></word><word seq="6">houses<GreekSeq>3</GreekSeq></word><word seq="7">to eat<GreekSeq>8</GreekSeq></word><word seq="8">and<GreekSeq>9</GreekSeq></word><word seq="9">drink<GreekSeq>10</GreekSeq></word><word seq="10">in?<GreekSeq>6</GreekSeq></word><word seq="11">Or<GreekSeq>11</GreekSeq></word><word seq="12">do</word><word seq="13">you despise<GreekSeq>16</GreekSeq></word><word seq="14">the<GreekSeq>12</GreekSeq></word><word seq="15">church<GreekSeq>13</GreekSeq></word><word seq="16">of God<GreekSeq>15</GreekSeq></word><word seq="17">and<GreekSeq>17</GreekSeq></word><word seq="18">humiliate<GreekSeq>18</GreekSeq></word><word seq="19">those<GreekSeq>19</GreekSeq></word><word seq="20">who have<GreekSeq>21</GreekSeq></word><word seq="21">nothing?<GreekSeq>20</GreekSeq></word><word seq="22">What<GreekSeq>22</GreekSeq></word><word seq="23">shall I say<GreekSeq>23</GreekSeq></word><word seq="24">to you?<GreekSeq>24</GreekSeq></word><word seq="25">Shall I commend<GreekSeq>25</GreekSeq></word><word seq="26">you<GreekSeq>26</GreekSeq></word><word seq="27">in<GreekSeq>27</GreekSeq></word><word seq="28">this?<GreekSeq>28</GreekSeq></word><word seq="29">No,<GreekSeq>29</GreekSeq></word><word seq="30">I will<GreekSeq>30</GreekSeq></word><word seq="31">not.<GreekSeq>29</GreekSeq></word></ESV></verse>
<verse number="23"><ESV><word seq="1">For<GreekSeq>2</GreekSeq></word><word seq="2">I<GreekSeq>1</GreekSeq></word><word seq="3">received<GreekSeq>3</GreekSeq></word><word seq="4">from<GreekSeq>4</GreekSeq></word><word seq="5">the<GreekSeq>5</GreekSeq></word><word seq="6">Lord<GreekSeq>6</GreekSeq></word><word seq="7">what<GreekSeq>7</GreekSeq></word><word seq="8">I<GreekSeq>9</GreekSeq></word><word seq="9">also<GreekSeq>8</GreekSeq></word><word seq="10">delivered<GreekSeq>9</GreekSeq></word><word seq="11">to you,<GreekSeq>10</GreekSeq></word><word seq="12">that<GreekSeq>11</GreekSeq></word><word seq="13">the<GreekSeq>12</GreekSeq></word><word seq="14">Lord<GreekSeq>13</GreekSeq></word><word seq="15">Jesus<GreekSeq>14</GreekSeq></word><word seq="16">on<GreekSeq>15</GreekSeq></word><word seq="17">the<GreekSeq>16</GreekSeq></word><word seq="18">night<GreekSeq>17</GreekSeq></word><word seq="19">when<GreekSeq>18</GreekSeq></word><word seq="20">he was betrayed<GreekSeq>19</GreekSeq></word><word seq="21">took<GreekSeq>20</GreekSeq></word><word seq="22">bread,<GreekSeq>21</GreekSeq></word></ESV></verse>
<verse number="24"><ESV><word seq="1">and<GreekSeq>1</GreekSeq></word><word seq="2">when he had given thanks,<GreekSeq>2</GreekSeq></word><word seq="3">he broke<GreekSeq>3</GreekSeq></word><word seq="4">it,</word><word seq="5">and<GreekSeq>4</GreekSeq></word><word seq="6">said,<GreekSeq>5</GreekSeq></word><word seq="7">"This<GreekSeq>6</GreekSeq></word><word seq="8">is<GreekSeq>8</GreekSeq></word><word seq="9">my<GreekSeq>7</GreekSeq></word><word seq="10">body<GreekSeq>10</GreekSeq></word><word seq="11">which<GreekSeq>11</GreekSeq></word><word seq="12">is</word><word seq="13">for<GreekSeq>12</GreekSeq></word><word seq="14">you.<GreekSeq>13</GreekSeq></word><word seq="15">Do<GreekSeq>15</GreekSeq></word><word seq="16">this<GreekSeq>14</GreekSeq></word><word seq="17">in<GreekSeq>16</GreekSeq></word><word seq="18">remembrance<GreekSeq>19</GreekSeq></word><word seq="19">of me."<GreekSeq>18</GreekSeq></word></ESV></verse>
<verse number="25"><ESV><word seq="1">In the same way<GreekSeq>1</GreekSeq></word><word seq="2">also<GreekSeq>2</GreekSeq></word><word seq="3">he took</word><word seq="4">the<GreekSeq>3</GreekSeq></word><word seq="5">cup,<GreekSeq>4</GreekSeq></word><word seq="6">after<GreekSeq>5</GreekSeq></word><word seq="7">supper,<GreekSeq>7</GreekSeq></word><word seq="8">saying,<GreekSeq>8</GreekSeq></word><word seq="9">"This<GreekSeq>9</GreekSeq></word><word seq="10">cup<GreekSeq>11</GreekSeq></word><word seq="11">is<GreekSeq>15</GreekSeq></word><word seq="12">the<GreekSeq>12</GreekSeq></word><word seq="13">new<GreekSeq>13</GreekSeq></word><word seq="14">covenant<GreekSeq>14</GreekSeq></word><word seq="15">in<GreekSeq>16</GreekSeq></word><word seq="16">my<GreekSeq>18</GreekSeq></word><word seq="17">blood.<GreekSeq>19</GreekSeq></word><word seq="18">Do<GreekSeq>21</GreekSeq></word><word seq="19">this,<GreekSeq>20</GreekSeq></word><word seq="20">as often as<GreekSeq>22</GreekSeq><GreekSeq>23</GreekSeq></word><word seq="21">you drink<GreekSeq>24</GreekSeq></word><word seq="22">it.</word><word seq="23">in<GreekSeq>25</GreekSeq></word><word seq="24">remembrance<GreekSeq>28</GreekSeq></word><word seq="25">of me."<GreekSeq>27</GreekSeq></word></ESV></verse>
<verse number="26"><ESV><word seq="1">For<GreekSeq>2</GreekSeq></word><word seq="2">as often as<GreekSeq>1</GreekSeq><GreekSeq>3</GreekSeq></word><word seq="3">you eat<GreekSeq>4</GreekSeq></word><word seq="4">this<GreekSeq>7</GreekSeq></word><word seq="5">bread<GreekSeq>6</GreekSeq></word><word seq="6">and<GreekSeq>8</GreekSeq></word><word seq="7">drink<GreekSeq>11</GreekSeq></word><word seq="8">the<GreekSeq>9</GreekSeq></word><word seq="9">cup,<GreekSeq>10</GreekSeq></word><word seq="10">you proclaim<GreekSeq>16</GreekSeq></word><word seq="11">the<GreekSeq>12</GreekSeq></word><word seq="12">Lord’s<GreekSeq>15</GreekSeq></word><word seq="13">death<GreekSeq>13</GreekSeq></word><word seq="14">until<GreekSeq>17</GreekSeq></word><word seq="15">he<GreekSeq>18</GreekSeq></word><word seq="16">comes.<GreekSeq>19</GreekSeq></word></ESV></verse>
<verse number="27"><ESV><word seq="1">Whoever,<GreekSeq>2</GreekSeq><GreekSeq>3</GreekSeq></word><word seq="2">therefore,<GreekSeq>1</GreekSeq></word><word seq="3">eats<GreekSeq>4</GreekSeq></word><word seq="4">the<GreekSeq>5</GreekSeq></word><word seq="5">bread<GreekSeq>6</GreekSeq></word><word seq="6">or<GreekSeq>7</GreekSeq></word><word seq="7">drinks<GreekSeq>8</GreekSeq></word><word seq="8">the<GreekSeq>9</GreekSeq></word><word seq="9">cup<GreekSeq>10</GreekSeq></word><word seq="10">of the<GreekSeq>11</GreekSeq></word><word seq="11">Lord<GreekSeq>12</GreekSeq></word><word seq="12">in an unworthy manner<GreekSeq>13</GreekSeq></word><word seq="13">will be<GreekSeq>15</GreekSeq></word><word seq="14">guilty<GreekSeq>14</GreekSeq></word><word seq="15">concerning the<GreekSeq>16</GreekSeq></word><word seq="16">body<GreekSeq>17</GreekSeq></word><word seq="17">and<GreekSeq>18</GreekSeq></word><word seq="18">blood<GreekSeq>20</GreekSeq></word><word seq="19">of the<GreekSeq>21</GreekSeq></word><word seq="20">Lord.<GreekSeq>22</GreekSeq></word></ESV></verse>
<verse number="28"><ESV><word seq="1">Let<GreekSeq>1</GreekSeq></word><word seq="2">a person<GreekSeq>3</GreekSeq></word><word seq="3">examine<GreekSeq>1</GreekSeq></word><word seq="4">himself,<GreekSeq>4</GreekSeq></word><word seq="5">then,<GreekSeq>2</GreekSeq></word><word seq="6">and<GreekSeq>5</GreekSeq></word><word seq="7">so<GreekSeq>6</GreekSeq></word><word seq="8">eat<GreekSeq>10</GreekSeq></word><word seq="9">of<GreekSeq>7</GreekSeq></word><word seq="10">the<GreekSeq>8</GreekSeq></word><word seq="11">bread<GreekSeq>9</GreekSeq></word><word seq="12">and<GreekSeq>11</GreekSeq></word><word seq="13">drink<GreekSeq>15</GreekSeq></word><word seq="14">of<GreekSeq>12</GreekSeq></word><word seq="15">the<GreekSeq>13</GreekSeq></word><word seq="16">cup.<GreekSeq>14</GreekSeq></word></ESV></verse>
<verse number="29"><ESV><word seq="1">For<GreekSeq>2</GreekSeq></word><word seq="2">[anyone]<GreekSeq>1</GreekSeq></word><word seq="3">who eats<GreekSeq>3</GreekSeq></word><word seq="4">and<GreekSeq>4</GreekSeq></word><word seq="5">drinks<GreekSeq>5</GreekSeq></word><word seq="6">without<GreekSeq>11</GreekSeq></word><word seq="7">discerning<GreekSeq>12</GreekSeq></word><word seq="8">the<GreekSeq>13</GreekSeq></word><word seq="9">body<GreekSeq>14</GreekSeq></word><word seq="10">eats<GreekSeq>8</GreekSeq></word><word seq="11">and<GreekSeq>9</GreekSeq></word><word seq="12">drinks<GreekSeq>10</GreekSeq></word><word seq="13">judgment<GreekSeq>6</GreekSeq></word><word seq="14">on himself.<GreekSeq>7</GreekSeq></word></ESV></verse>
<verse number="30"><ESV><word seq="1">That is</word><word seq="2">why<GreekSeq>1</GreekSeq><GreekSeq>2</GreekSeq></word><word seq="3">many<GreekSeq>5</GreekSeq></word><word seq="4">of<GreekSeq>3</GreekSeq></word><word seq="5">you<GreekSeq>4</GreekSeq></word><word seq="6">are</word><word seq="7">weak<GreekSeq>6</GreekSeq></word><word seq="8">and<GreekSeq>7</GreekSeq></word><word seq="9">ill,<GreekSeq>8</GreekSeq></word><word seq="10">and<GreekSeq>9</GreekSeq></word><word seq="11">some<GreekSeq>11</GreekSeq></word><word seq="12">have died.<GreekSeq>10</GreekSeq></word></ESV></verse>
<verse number="31"><ESV><word seq="1">But<GreekSeq>2</GreekSeq></word><word seq="2">if<GreekSeq>1</GreekSeq></word><word seq="3">we judged<GreekSeq>4</GreekSeq></word><word seq="4">ourselves<GreekSeq>3</GreekSeq></word><word seq="5">truly,</word><word seq="6">we<GreekSeq>7</GreekSeq></word><word seq="7">would not<GreekSeq>5</GreekSeq><GreekSeq>6</GreekSeq></word><word seq="8">be judged.<GreekSeq>7</GreekSeq></word></ESV></verse>
<verse number="32"><ESV><word seq="1">But<GreekSeq>2</GreekSeq></word><word seq="2">when we are judged<GreekSeq>1</GreekSeq></word><word seq="3">by<GreekSeq>3</GreekSeq></word><word seq="4">the<GreekSeq>4</GreekSeq></word><word seq="5">Lord,<GreekSeq>5</GreekSeq></word><word seq="6">we are disciplined<GreekSeq>6</GreekSeq></word><word seq="7">so that<GreekSeq>7</GreekSeq></word><word seq="8">we may<GreekSeq>12</GreekSeq></word><word seq="9">not<GreekSeq>8</GreekSeq></word><word seq="10">be condemned<GreekSeq>12</GreekSeq></word><word seq="11">along with<GreekSeq>9</GreekSeq></word><word seq="12">the<GreekSeq>10</GreekSeq></word><word seq="13">world.<GreekSeq>11</GreekSeq></word></ESV></verse>
<verse number="33"><ESV><word seq="1">So then,<GreekSeq>1</GreekSeq></word><word seq="2">my<GreekSeq>3</GreekSeq></word><word seq="3">brothers,<GreekSeq>2</GreekSeq></word><word seq="4">when<GreekSeq>5</GreekSeq><GreekSeq>6</GreekSeq></word><word seq="5">you<GreekSeq>9</GreekSeq></word><word seq="6">come together<GreekSeq>4</GreekSeq></word><word seq="7">to eat,<GreekSeq>7</GreekSeq></word><word seq="8">wait for<GreekSeq>9</GreekSeq></word><word seq="9">one another —<GreekSeq>8</GreekSeq></word></ESV></verse>
<verse number="34"><ESV><word seq="1">if<GreekSeq>1</GreekSeq></word><word seq="2">anyone<GreekSeq>2</GreekSeq></word><word seq="3">is hungry,<GreekSeq>3</GreekSeq></word><word seq="4">let him eat<GreekSeq>6</GreekSeq></word><word seq="5">at<GreekSeq>4</GreekSeq></word><word seq="6">home<GreekSeq>5</GreekSeq></word><word seq="7">—so that<GreekSeq>7</GreekSeq></word><word seq="8">when</word><word seq="9">you come together<GreekSeq>11</GreekSeq></word><word seq="10">it will</word><word seq="11">not<GreekSeq>8</GreekSeq></word><word seq="12">be</word><word seq="13">for<GreekSeq>9</GreekSeq></word><word seq="14">judgment.<GreekSeq>10</GreekSeq></word><word seq="15">About the<GreekSeq>12</GreekSeq></word><word seq="16">other things<GreekSeq>14</GreekSeq></word><word seq="17">I will give directions<GreekSeq>18</GreekSeq></word><word seq="18">when<GreekSeq>15</GreekSeq><GreekSeq>16</GreekSeq></word><word seq="19">I come.<GreekSeq>17</GreekSeq></word></ESV></verse></chapter></book>