<?xml version="1.0" encoding="UTF-8" standalone="no"?><book><chapter number="6">'<verse number="1"><ESV><word seq="1">When</word><word seq="2">one<GreekSeq>2</GreekSeq></word><word seq="3">of you<GreekSeq>3</GreekSeq></word><word seq="4">has<GreekSeq>5</GreekSeq></word><word seq="5">a grievance<GreekSeq>4</GreekSeq></word><word seq="6">against<GreekSeq>6</GreekSeq></word><word seq="7">another,<GreekSeq>8</GreekSeq></word><word seq="8">does</word><word seq="9">he dare<GreekSeq>1</GreekSeq></word><word seq="10">go to law<GreekSeq>9</GreekSeq></word><word seq="11">before<GreekSeq>10</GreekSeq></word><word seq="12">the<GreekSeq>11</GreekSeq></word><word seq="13">unrighteous<GreekSeq>12</GreekSeq></word><word seq="14">instead of<GreekSeq>13</GreekSeq><GreekSeq>14</GreekSeq></word><word seq="15">the<GreekSeq>16</GreekSeq></word><word seq="16">saints?<GreekSeq>17</GreekSeq></word></ESV></verse>
<verse number="2"><ESV><word seq="1">Or<GreekSeq>1</GreekSeq></word><word seq="2">do</word><word seq="3">you<GreekSeq>3</GreekSeq></word><word seq="4">not<GreekSeq>2</GreekSeq></word><word seq="5">know<GreekSeq>3</GreekSeq></word><word seq="6">that<GreekSeq>4</GreekSeq></word><word seq="7">the<GreekSeq>5</GreekSeq></word><word seq="8">saints<GreekSeq>6</GreekSeq></word><word seq="9">will judge<GreekSeq>9</GreekSeq></word><word seq="10">the<GreekSeq>7</GreekSeq></word><word seq="11">world?<GreekSeq>8</GreekSeq></word><word seq="12">And<GreekSeq>10</GreekSeq></word><word seq="13">if<GreekSeq>11</GreekSeq></word><word seq="14">the<GreekSeq>15</GreekSeq></word><word seq="15">world<GreekSeq>16</GreekSeq></word><word seq="16">is to be judged<GreekSeq>14</GreekSeq></word><word seq="17">by<GreekSeq>12</GreekSeq></word><word seq="18">you,<GreekSeq>13</GreekSeq></word><word seq="19">are you<GreekSeq>18</GreekSeq></word><word seq="20">incompetent<GreekSeq>17</GreekSeq></word><word seq="21">to try<GreekSeq>19</GreekSeq></word><word seq="22">trivial<GreekSeq>20</GreekSeq></word><word seq="23">cases?<GreekSeq>19</GreekSeq></word></ESV></verse>
<verse number="3"><ESV><word seq="1">Do</word><word seq="2">you<GreekSeq>2</GreekSeq></word><word seq="3">not<GreekSeq>1</GreekSeq></word><word seq="4">know<GreekSeq>2</GreekSeq></word><word seq="5">that<GreekSeq>3</GreekSeq></word><word seq="6">we are to judge<GreekSeq>5</GreekSeq></word><word seq="7">angels?<GreekSeq>4</GreekSeq></word><word seq="8" note="μήτι γε Strong Code(3386)">How much more,<GreekSeq>6</GreekSeq><GreekSeq>7</GreekSeq></word><word seq="9">then,</word><word seq="10">matters pertaining to this life!<GreekSeq>8</GreekSeq></word></ESV></verse>
<verse number="4"><ESV><word seq="1">So<GreekSeq>3</GreekSeq></word><word seq="2">if<GreekSeq>5</GreekSeq></word><word seq="3">you have<GreekSeq>6</GreekSeq></word><word seq="4">[such]<GreekSeq>1</GreekSeq></word><word seq="5">cases,<GreekSeq>4</GreekSeq></word><word seq="6">why do</word><word seq="7">you lay<GreekSeq>13</GreekSeq></word><word seq="8">them<GreekSeq>12</GreekSeq></word><word seq="9">before those<GreekSeq>7</GreekSeq></word><word seq="10">who have no standing<GreekSeq>8</GreekSeq></word><word seq="11">in<GreekSeq>9</GreekSeq></word><word seq="12">the<GreekSeq>10</GreekSeq></word><word seq="13">church?<GreekSeq>11</GreekSeq></word></ESV></verse>
<verse number="5"><ESV><word seq="1">I say<GreekSeq>4</GreekSeq></word><word seq="2">this</word><word seq="3">to<GreekSeq>1</GreekSeq></word><word seq="4">your<GreekSeq>3</GreekSeq></word><word seq="5">shame.<GreekSeq>2</GreekSeq></word><word seq="6">Can it be<GreekSeq>5</GreekSeq></word><word seq="7">that</word><word seq="8">there is<GreekSeq>7</GreekSeq></word><word seq="9">no<GreekSeq>6</GreekSeq></word><word seq="10">one<GreekSeq>10</GreekSeq></word><word seq="11">among<GreekSeq>8</GreekSeq></word><word seq="12">you<GreekSeq>9</GreekSeq></word><word seq="13">wise<GreekSeq>11</GreekSeq></word><word seq="14">enough to settle a<GreekSeq>13</GreekSeq></word><word seq="15">dispute<GreekSeq>14</GreekSeq></word><word seq="16">between<GreekSeq>15</GreekSeq><GreekSeq>16</GreekSeq></word><word seq="17">the<GreekSeq>17</GreekSeq></word><word seq="18">brothers,<GreekSeq>18</GreekSeq></word></ESV></verse>
<verse number="6"><ESV><word seq="1">but<GreekSeq>1</GreekSeq></word><word seq="2">brother<GreekSeq>2</GreekSeq></word><word seq="3">goes to law<GreekSeq>5</GreekSeq></word><word seq="4">against<GreekSeq>3</GreekSeq></word><word seq="5">brother,<GreekSeq>4</GreekSeq></word><word seq="6">and<GreekSeq>6</GreekSeq></word><word seq="7">that<GreekSeq>7</GreekSeq></word><word seq="8">before<GreekSeq>8</GreekSeq></word><word seq="9">unbelievers?<GreekSeq>9</GreekSeq></word></ESV></verse>
<verse number="7"><ESV><word seq="1">To have<GreekSeq>10</GreekSeq></word><word seq="2">lawsuits<GreekSeq>9</GreekSeq></word><word seq="3">at all<GreekSeq>4</GreekSeq></word><word seq="4">with<GreekSeq>11</GreekSeq></word><word seq="5">one another<GreekSeq>12</GreekSeq></word><word seq="6">is<GreekSeq>7</GreekSeq></word><word seq="7">already<GreekSeq>1</GreekSeq></word><word seq="8">a defeat<GreekSeq>5</GreekSeq></word><word seq="9">for you.<GreekSeq>6</GreekSeq></word><word seq="10">Why<GreekSeq>13</GreekSeq><GreekSeq>14</GreekSeq></word><word seq="11">not<GreekSeq>15</GreekSeq></word><word seq="12">rather<GreekSeq>16</GreekSeq></word><word seq="13">suffer wrong?<GreekSeq>17</GreekSeq></word><word seq="14">Why<GreekSeq>18</GreekSeq><GreekSeq>19</GreekSeq></word><word seq="15">not<GreekSeq>20</GreekSeq></word><word seq="16">rather<GreekSeq>21</GreekSeq></word><word seq="17">be defrauded?<GreekSeq>22</GreekSeq></word></ESV></verse>
<verse number="8"><ESV><word seq="1">But<GreekSeq>1</GreekSeq></word><word seq="2">you yourselves<GreekSeq>2</GreekSeq></word><word seq="3">wrong<GreekSeq>3</GreekSeq></word><word seq="4">and<GreekSeq>4</GreekSeq></word><word seq="5">defraud<GreekSeq>5</GreekSeq></word><word seq="6">— even<GreekSeq>6</GreekSeq></word><word seq="7">your own</word><word seq="8">brothers!<GreekSeq>8</GreekSeq></word></ESV></verse>
<verse number="9"><ESV><word seq="1">Or<GreekSeq>1</GreekSeq></word><word seq="2">do</word><word seq="3">you<GreekSeq>3</GreekSeq></word><word seq="4">not<GreekSeq>2</GreekSeq></word><word seq="5">know<GreekSeq>3</GreekSeq></word><word seq="6">that<GreekSeq>4</GreekSeq></word><word seq="7">the</word><word seq="8">unrighteous<GreekSeq>5</GreekSeq></word><word seq="9">will<GreekSeq>9</GreekSeq></word><word seq="10">not<GreekSeq>8</GreekSeq></word><word seq="11">inherit<GreekSeq>9</GreekSeq></word><word seq="12">the kingdom<GreekSeq>7</GreekSeq></word><word seq="13">of God?<GreekSeq>6</GreekSeq></word><word seq="14">Do</word><word seq="15">not<GreekSeq>10</GreekSeq></word><word seq="16">be deceived:<GreekSeq>11</GreekSeq></word><word seq="17">neither<GreekSeq>12</GreekSeq></word><word seq="18">the sexually immoral,<GreekSeq>13</GreekSeq></word><word seq="19">nor<GreekSeq>14</GreekSeq></word><word seq="20">idolaters,<GreekSeq>15</GreekSeq></word><word seq="21">nor<GreekSeq>16</GreekSeq></word><word seq="22">adulterers,<GreekSeq>17</GreekSeq></word><word seq="23">nor<GreekSeq>20</GreekSeq></word><word seq="24">men who practice homosexuality,<GreekSeq>21</GreekSeq></word></ESV></verse>
<verse number="10"><ESV><word seq="1">nor<GreekSeq>1</GreekSeq></word><word seq="2">thieves,<GreekSeq>2</GreekSeq></word><word seq="3">nor<GreekSeq>3</GreekSeq></word><word seq="4">the greedy,<GreekSeq>4</GreekSeq></word><word seq="5">nor<GreekSeq>5</GreekSeq></word><word seq="6">drunkards,<GreekSeq>6</GreekSeq></word><word seq="7">nor<GreekSeq>7</GreekSeq></word><word seq="8">revilers,<GreekSeq>8</GreekSeq></word><word seq="9">nor<GreekSeq>9</GreekSeq></word><word seq="10">swindlers<GreekSeq>10</GreekSeq></word><word seq="11">will inherit<GreekSeq>13</GreekSeq></word><word seq="12">the kingdom<GreekSeq>11</GreekSeq></word><word seq="13">of God.<GreekSeq>12</GreekSeq></word></ESV></verse>
<verse number="11"><ESV><word seq="1">And<GreekSeq>1</GreekSeq></word><word seq="2">such<GreekSeq>2</GreekSeq></word><word seq="3">were<GreekSeq>4</GreekSeq></word><word seq="4">some<GreekSeq>3</GreekSeq></word><word seq="5">of</word><word seq="6">you.<GreekSeq>4</GreekSeq></word><word seq="7">But<GreekSeq>5</GreekSeq></word><word seq="8">you were washed,<GreekSeq>6</GreekSeq></word><word seq="9">you were sanctified,<GreekSeq>8</GreekSeq></word><word seq="10">you were justified<GreekSeq>10</GreekSeq></word><word seq="11">in<GreekSeq>11</GreekSeq></word><word seq="12">the<GreekSeq>12</GreekSeq></word><word seq="13">name<GreekSeq>13</GreekSeq></word><word seq="14">of the<GreekSeq>14</GreekSeq></word><word seq="15">Lord<GreekSeq>15</GreekSeq></word><word seq="16">Jesus<GreekSeq>16</GreekSeq></word><word seq="17">Christ<GreekSeq>17</GreekSeq></word><word seq="18">and<GreekSeq>18</GreekSeq></word><word seq="19">by<GreekSeq>19</GreekSeq></word><word seq="20">the<GreekSeq>20</GreekSeq></word><word seq="21">Spirit<GreekSeq>21</GreekSeq></word><word seq="22">of<GreekSeq>23</GreekSeq></word><word seq="23">our<GreekSeq>24</GreekSeq></word><word seq="24">God.<GreekSeq>23</GreekSeq></word></ESV></verse>
<verse number="12"><ESV><word seq="1">All [things]<GreekSeq>1</GreekSeq></word><word seq="2">are lawful<GreekSeq>3</GreekSeq></word><word seq="3">for me,<GreekSeq>2</GreekSeq></word><word seq="4">but<GreekSeq>4</GreekSeq></word><word seq="5">not<GreekSeq>5</GreekSeq></word><word seq="6">all [things]<GreekSeq>6</GreekSeq></word><word seq="7">are helpful.<GreekSeq>7</GreekSeq></word><word seq="8">All [things]<GreekSeq>8</GreekSeq></word><word seq="9">are lawful<GreekSeq>10</GreekSeq></word><word seq="10">for me,<GreekSeq>9</GreekSeq></word><word seq="11">but<GreekSeq>11</GreekSeq></word><word seq="12">I<GreekSeq>13</GreekSeq></word><word seq="13">will<GreekSeq>14</GreekSeq></word><word seq="14">not<GreekSeq>12</GreekSeq></word><word seq="15">be dominated<GreekSeq>14</GreekSeq></word><word seq="16">by<GreekSeq>15</GreekSeq></word><word seq="17">anything.<GreekSeq>16</GreekSeq></word></ESV></verse>
<verse number="13"><ESV><word seq="1">Food<GreekSeq>2</GreekSeq></word><word seq="2">is meant</word><word seq="3">for the<GreekSeq>3</GreekSeq></word><word seq="4">stomach<GreekSeq>4</GreekSeq></word><word seq="5">and<GreekSeq>5</GreekSeq></word><word seq="6">the<GreekSeq>6</GreekSeq></word><word seq="7">stomach<GreekSeq>7</GreekSeq></word><word seq="8">for food —<GreekSeq>9</GreekSeq></word><word seq="9">and<GreekSeq>11</GreekSeq></word><word seq="10">God<GreekSeq>12</GreekSeq></word><word seq="11">will destroy<GreekSeq>17</GreekSeq></word><word seq="12">both<GreekSeq>13</GreekSeq></word><word seq="13">one<GreekSeq>14</GreekSeq></word><word seq="14">and<GreekSeq>15</GreekSeq></word><word seq="15">the other.<GreekSeq>16</GreekSeq></word><word seq="16">The<GreekSeq>18</GreekSeq></word><word seq="17">body<GreekSeq>20</GreekSeq></word><word seq="18">is</word><word seq="19">not<GreekSeq>21</GreekSeq></word><word seq="20">meant</word><word seq="21">for sexual immorality,<GreekSeq>23</GreekSeq></word><word seq="22">but<GreekSeq>24</GreekSeq></word><word seq="23">for the<GreekSeq>25</GreekSeq></word><word seq="24">Lord,<GreekSeq>26</GreekSeq></word><word seq="25">and<GreekSeq>27</GreekSeq></word><word seq="26">the<GreekSeq>28</GreekSeq></word><word seq="27">Lord<GreekSeq>29</GreekSeq></word><word seq="28">for the<GreekSeq>30</GreekSeq></word><word seq="29">body.<GreekSeq>31</GreekSeq></word></ESV></verse>
<verse number="14"><ESV><word seq="1">And<GreekSeq>2</GreekSeq></word><word seq="2">God<GreekSeq>3</GreekSeq></word><word seq="3">raised<GreekSeq>7</GreekSeq></word><word seq="4">the<GreekSeq>5</GreekSeq></word><word seq="5">Lord<GreekSeq>6</GreekSeq></word><word seq="6">and<GreekSeq>8</GreekSeq></word><word seq="7">will [also] raise<GreekSeq>10</GreekSeq></word><word seq="8">us<GreekSeq>9</GreekSeq></word><word seq="9">up<GreekSeq>10</GreekSeq></word><word seq="10">by<GreekSeq>11</GreekSeq></word><word seq="11">his<GreekSeq>14</GreekSeq></word><word seq="12">power.<GreekSeq>13</GreekSeq></word></ESV></verse>
<verse number="15"><ESV><word seq="1">Do</word><word seq="2">you<GreekSeq>2</GreekSeq></word><word seq="3">not<GreekSeq>1</GreekSeq></word><word seq="4">know<GreekSeq>2</GreekSeq></word><word seq="5">that<GreekSeq>3</GreekSeq></word><word seq="6">your<GreekSeq>6</GreekSeq></word><word seq="7">bodies<GreekSeq>5</GreekSeq></word><word seq="8">are<GreekSeq>9</GreekSeq></word><word seq="9">members<GreekSeq>7</GreekSeq></word><word seq="10">of Christ?<GreekSeq>8</GreekSeq></word><word seq="11">Shall I<GreekSeq>16</GreekSeq></word><word seq="12">then<GreekSeq>11</GreekSeq></word><word seq="13">take<GreekSeq>10</GreekSeq></word><word seq="14">the<GreekSeq>12</GreekSeq></word><word seq="15">members<GreekSeq>13</GreekSeq></word><word seq="16">of Christ<GreekSeq>15</GreekSeq></word><word seq="17">and</word><word seq="18">make<GreekSeq>16</GreekSeq></word><word seq="19">them</word><word seq="20">members<GreekSeq>18</GreekSeq></word><word seq="21">of a prostitute?<GreekSeq>17</GreekSeq></word><word seq="22">Never!<GreekSeq>19</GreekSeq><GreekSeq>20</GreekSeq></word></ESV></verse>
<verse number="16"><ESV><word seq="1">Or<GreekSeq>1</GreekSeq></word><word seq="2">do</word><word seq="3">you<GreekSeq>3</GreekSeq></word><word seq="4">not<GreekSeq>2</GreekSeq></word><word seq="5">know<GreekSeq>3</GreekSeq></word><word seq="6">that<GreekSeq>4</GreekSeq></word><word seq="7">he<GreekSeq>5</GreekSeq></word><word seq="8">who is joined<GreekSeq>6</GreekSeq></word><word seq="9">to a<GreekSeq>7</GreekSeq></word><word seq="10">prostitute<GreekSeq>8</GreekSeq></word><word seq="11">becomes<GreekSeq>11</GreekSeq></word><word seq="12">one<GreekSeq>9</GreekSeq></word><word seq="13">body<GreekSeq>10</GreekSeq></word><word seq="14">with her?</word><word seq="15">For,<GreekSeq>13</GreekSeq></word><word seq="16">as</word><word seq="17">it is written,<GreekSeq>14</GreekSeq></word><word seq="18">The<GreekSeq>15</GreekSeq></word><word seq="19">two<GreekSeq>16</GreekSeq></word><word seq="20">will become<GreekSeq>12</GreekSeq><GreekSeq>17</GreekSeq></word><word seq="21">one<GreekSeq>19</GreekSeq></word><word seq="22">flesh.<GreekSeq>18</GreekSeq></word></ESV></verse>
<verse number="17"><ESV><word seq="1">But<GreekSeq>2</GreekSeq></word><word seq="2">he<GreekSeq>1</GreekSeq></word><word seq="3">who is joined<GreekSeq>3</GreekSeq></word><word seq="4">to the<GreekSeq>4</GreekSeq></word><word seq="5">Lord<GreekSeq>5</GreekSeq></word><word seq="6">becomes<GreekSeq>8</GreekSeq></word><word seq="7">one<GreekSeq>6</GreekSeq></word><word seq="8">spirit<GreekSeq>7</GreekSeq></word><word seq="9">with him.</word></ESV></verse>
<verse number="18"><ESV><word seq="1">Flee from<GreekSeq>1</GreekSeq></word><word seq="2">sexual immorality.<GreekSeq>3</GreekSeq></word><word seq="3">Every<GreekSeq>4</GreekSeq></word><word seq="4">other</word><word seq="5">sin<GreekSeq>5</GreekSeq></word><word seq="6">a person<GreekSeq>9</GreekSeq></word><word seq="7">commits<GreekSeq>8</GreekSeq></word><word seq="8">is<GreekSeq>13</GreekSeq></word><word seq="9">outside<GreekSeq>10</GreekSeq></word><word seq="10">the<GreekSeq>11</GreekSeq></word><word seq="11">body,<GreekSeq>12</GreekSeq></word><word seq="12">but<GreekSeq>15</GreekSeq></word><word seq="13">the<GreekSeq>14</GreekSeq></word><word seq="14">sexually immoral person<GreekSeq>16</GreekSeq></word><word seq="15">sins<GreekSeq>21</GreekSeq></word><word seq="16">against<GreekSeq>17</GreekSeq></word><word seq="17">his own<GreekSeq>19</GreekSeq></word><word seq="18">body.<GreekSeq>20</GreekSeq></word></ESV></verse>
<verse number="19"><ESV><word seq="1">Or<GreekSeq>1</GreekSeq></word><word seq="2">do</word><word seq="3">you<GreekSeq>3</GreekSeq></word><word seq="4">not<GreekSeq>2</GreekSeq></word><word seq="5">know<GreekSeq>3</GreekSeq></word><word seq="6">that<GreekSeq>4</GreekSeq></word><word seq="7">your<GreekSeq>7</GreekSeq></word><word seq="8">body<GreekSeq>6</GreekSeq></word><word seq="9">is<GreekSeq>14</GreekSeq></word><word seq="10">a temple<GreekSeq>8</GreekSeq></word><word seq="11">of the<GreekSeq>9</GreekSeq></word><word seq="12">Holy<GreekSeq>12</GreekSeq></word><word seq="13">Spirit<GreekSeq>13</GreekSeq></word><word seq="14">within<GreekSeq>10</GreekSeq></word><word seq="15">you,<GreekSeq>11</GreekSeq></word><word seq="16">whom<GreekSeq>15</GreekSeq></word><word seq="17">you have<GreekSeq>16</GreekSeq></word><word seq="18">from<GreekSeq>17</GreekSeq></word><word seq="19">God?<GreekSeq>18</GreekSeq></word><word seq="20">You are<GreekSeq>21</GreekSeq></word><word seq="21">not<GreekSeq>20</GreekSeq></word><word seq="22">your own,<GreekSeq>22</GreekSeq></word></ESV></verse>
<verse number="20"><ESV><word seq="1">for<GreekSeq>2</GreekSeq></word><word seq="2">you were bought<GreekSeq>1</GreekSeq></word><word seq="3">with a price.<GreekSeq>3</GreekSeq></word><word seq="4">So<GreekSeq>5</GreekSeq></word><word seq="5">glorify<GreekSeq>4</GreekSeq></word><word seq="6">God<GreekSeq>7</GreekSeq></word><word seq="7">in<GreekSeq>8</GreekSeq></word><word seq="8">your<GreekSeq>11</GreekSeq></word><word seq="9">body.<GreekSeq>10</GreekSeq></word></ESV></verse></chapter></book>