<?xml version="1.0" encoding="UTF-8" standalone="no"?><book><chapter number="13">'<verse number="1"><ESV><word seq="1">If<GreekSeq>1</GreekSeq></word><word seq="2">I speak<GreekSeq>6</GreekSeq></word><word seq="3">in the<GreekSeq>2</GreekSeq></word><word seq="4">tongues<GreekSeq>3</GreekSeq></word><word seq="5">of men<GreekSeq>5</GreekSeq></word><word seq="6">and<GreekSeq>7</GreekSeq></word><word seq="7">of angels,<GreekSeq>9</GreekSeq></word><word seq="8">but<GreekSeq>11</GreekSeq></word><word seq="9">have<GreekSeq>13</GreekSeq></word><word seq="10">not<GreekSeq>12</GreekSeq></word><word seq="11">love,<GreekSeq>10</GreekSeq></word><word seq="12">I am<GreekSeq>14</GreekSeq></word><word seq="13">a noisy<GreekSeq>16</GreekSeq></word><word seq="14">gong<GreekSeq>15</GreekSeq></word><word seq="15">or<GreekSeq>17</GreekSeq></word><word seq="16">a clanging<GreekSeq>19</GreekSeq></word><word seq="17">cymbal.<GreekSeq>18</GreekSeq></word></ESV></verse>
<verse number="2"><ESV><word seq="1">And<GreekSeq>1</GreekSeq></word><word seq="2">if<GreekSeq>2</GreekSeq></word><word seq="3">I have<GreekSeq>3</GreekSeq></word><word seq="4">prophetic powers,<GreekSeq>4</GreekSeq></word><word seq="5">and<GreekSeq>5</GreekSeq></word><word seq="6">understand<GreekSeq>6</GreekSeq></word><word seq="7">all<GreekSeq>9</GreekSeq></word><word seq="8">mysteries<GreekSeq>8</GreekSeq></word><word seq="9">and<GreekSeq>10</GreekSeq></word><word seq="10">all<GreekSeq>11</GreekSeq></word><word seq="11">knowledge,<GreekSeq>13</GreekSeq></word><word seq="12">and<GreekSeq>14</GreekSeq></word><word seq="13">if<GreekSeq>15</GreekSeq></word><word seq="14">I have<GreekSeq>16</GreekSeq></word><word seq="15">all<GreekSeq>17</GreekSeq></word><word seq="16">faith,<GreekSeq>19</GreekSeq></word><word seq="17">so as<GreekSeq>20</GreekSeq></word><word seq="18">to remove<GreekSeq>22</GreekSeq></word><word seq="19">mountains,<GreekSeq>21</GreekSeq></word><word seq="20">but<GreekSeq>24</GreekSeq></word><word seq="21">have<GreekSeq>26</GreekSeq></word><word seq="22">not<GreekSeq>25</GreekSeq></word><word seq="23">love,<GreekSeq>23</GreekSeq></word><word seq="24">I am<GreekSeq>28</GreekSeq></word><word seq="25">nothing.<GreekSeq>27</GreekSeq></word></ESV></verse>
<verse number="3"><ESV><word seq="1">If<GreekSeq>1</GreekSeq></word><word seq="2">I give away<GreekSeq>2</GreekSeq></word><word seq="3">all<GreekSeq>3</GreekSeq></word><word seq="4">I<GreekSeq>6</GreekSeq></word><word seq="5">have,<GreekSeq>5</GreekSeq></word><word seq="6">and<GreekSeq>7</GreekSeq></word><word seq="7">if<GreekSeq>8</GreekSeq></word><word seq="8">I deliver up<GreekSeq>9</GreekSeq></word><word seq="9">my<GreekSeq>12</GreekSeq></word><word seq="10">body<GreekSeq>11</GreekSeq></word><word seq="11" note="Base of different Greek:καυθή́σωμαι(2545)">to be burned,<GreekSeq>14</GreekSeq></word><word seq="12">but<GreekSeq>16</GreekSeq></word><word seq="13">have<GreekSeq>18</GreekSeq></word><word seq="14">not<GreekSeq>17</GreekSeq></word><word seq="15">love,<GreekSeq>15</GreekSeq></word><word seq="16">I gain<GreekSeq>20</GreekSeq></word><word seq="17">nothing.<GreekSeq>19</GreekSeq></word></ESV></verse>
<verse number="4"><ESV><word seq="1">Love<GreekSeq>2</GreekSeq></word><word seq="2">is</word><word seq="3">patient<GreekSeq>3</GreekSeq></word><word seq="4">and</word><word seq="5">kind;<GreekSeq>4</GreekSeq></word><word seq="6">love<GreekSeq>6</GreekSeq></word><word seq="7">does</word><word seq="8">not<GreekSeq>7</GreekSeq></word><word seq="9">envy<GreekSeq>8</GreekSeq></word><word seq="10">or</word><word seq="11">boast;<GreekSeq>12</GreekSeq></word><word seq="12">it</word><word seq="13">is<GreekSeq>14</GreekSeq></word><word seq="14">not<GreekSeq>13</GreekSeq></word><word seq="15">arrogant<GreekSeq>14</GreekSeq></word></ESV></verse>
<verse number="5"><ESV><word seq="1">or</word><word seq="2">rude.<GreekSeq>1</GreekSeq><GreekSeq>2</GreekSeq></word><word seq="3">It does<GreekSeq>4</GreekSeq></word><word seq="4">not<GreekSeq>3</GreekSeq></word><word seq="5">insist on<GreekSeq>4</GreekSeq></word><word seq="6">its own<GreekSeq>6</GreekSeq></word><word seq="7">[way];<GreekSeq>5</GreekSeq></word><word seq="8">it is<GreekSeq>8</GreekSeq></word><word seq="9">not<GreekSeq>7</GreekSeq></word><word seq="10">irritable<GreekSeq>8</GreekSeq></word><word seq="11">or</word><word seq="12">resentful;<GreekSeq>9</GreekSeq><GreekSeq>10</GreekSeq><GreekSeq>11</GreekSeq><GreekSeq>12</GreekSeq></word></ESV></verse>
<verse number="6"><ESV><word seq="1">it does<GreekSeq>2</GreekSeq></word><word seq="2">not<GreekSeq>1</GreekSeq></word><word seq="3">rejoice<GreekSeq>2</GreekSeq></word><word seq="4">at<GreekSeq>3</GreekSeq></word><word seq="5">wrongdoing,<GreekSeq>5</GreekSeq></word><word seq="6">but<GreekSeq>7</GreekSeq></word><word seq="7">rejoices with<GreekSeq>6</GreekSeq></word><word seq="8">the<GreekSeq>8</GreekSeq></word><word seq="9">truth.<GreekSeq>9</GreekSeq></word></ESV></verse>
<verse number="7"><ESV><word seq="1">Love</word><word seq="2">bears<GreekSeq>2</GreekSeq></word><word seq="3">all [things],<GreekSeq>1</GreekSeq></word><word seq="4">believes<GreekSeq>4</GreekSeq></word><word seq="5">all [things],<GreekSeq>3</GreekSeq></word><word seq="6">hopes<GreekSeq>6</GreekSeq></word><word seq="7">all [things],<GreekSeq>5</GreekSeq></word><word seq="8">endures<GreekSeq>8</GreekSeq></word><word seq="9">all [things].<GreekSeq>7</GreekSeq></word></ESV></verse>
<verse number="8"><ESV><word seq="1">Love<GreekSeq>2</GreekSeq></word><word seq="2">never<GreekSeq>3</GreekSeq></word><word seq="3">ends.<GreekSeq>4</GreekSeq></word><word seq="4">As for<GreekSeq>5</GreekSeq></word><word seq="5">prophecies,<GreekSeq>7</GreekSeq></word><word seq="6">they will pass away;<GreekSeq>8</GreekSeq></word><word seq="7">as for<GreekSeq>9</GreekSeq></word><word seq="8">tongues,<GreekSeq>10</GreekSeq></word><word seq="9">they will cease;<GreekSeq>11</GreekSeq></word><word seq="10">as for<GreekSeq>12</GreekSeq></word><word seq="11">knowledge,<GreekSeq>13</GreekSeq></word><word seq="12">it will pass away.<GreekSeq>14</GreekSeq></word></ESV></verse>
<verse number="9"><ESV><word seq="1">For<GreekSeq>3</GreekSeq></word><word seq="2">we know<GreekSeq>4</GreekSeq></word><word seq="3">in<GreekSeq>1</GreekSeq></word><word seq="4">part<GreekSeq>2</GreekSeq></word><word seq="5">and<GreekSeq>5</GreekSeq></word><word seq="6">we prophesy<GreekSeq>8</GreekSeq></word><word seq="7">in<GreekSeq>6</GreekSeq></word><word seq="8">part,<GreekSeq>7</GreekSeq></word></ESV></verse>
<verse number="10"><ESV><word seq="1">but<GreekSeq>2</GreekSeq></word><word seq="2">when<GreekSeq>1</GreekSeq></word><word seq="3">the<GreekSeq>4</GreekSeq></word><word seq="4">perfect<GreekSeq>5</GreekSeq></word><word seq="5">comes,<GreekSeq>3</GreekSeq></word><word seq="6">the<GreekSeq>6</GreekSeq></word><word seq="7">partial<GreekSeq>7</GreekSeq><GreekSeq>8</GreekSeq></word><word seq="8">will pass away.<GreekSeq>9</GreekSeq></word></ESV></verse>
<verse number="11"><ESV><word seq="1">When<GreekSeq>1</GreekSeq></word><word seq="2">I was<GreekSeq>2</GreekSeq></word><word seq="3">a child,<GreekSeq>3</GreekSeq></word><word seq="4">I spoke<GreekSeq>4</GreekSeq></word><word seq="5">like<GreekSeq>5</GreekSeq></word><word seq="6">a child,<GreekSeq>6</GreekSeq></word><word seq="7">I thought<GreekSeq>7</GreekSeq></word><word seq="8">like<GreekSeq>8</GreekSeq></word><word seq="9">a child,<GreekSeq>9</GreekSeq></word><word seq="10">I reasoned<GreekSeq>10</GreekSeq></word><word seq="11">like<GreekSeq>11</GreekSeq></word><word seq="12">a child.<GreekSeq>12</GreekSeq></word><word seq="13">When<GreekSeq>13</GreekSeq></word><word seq="14">I became<GreekSeq>14</GreekSeq></word><word seq="15">a man,<GreekSeq>15</GreekSeq></word><word seq="16">I gave up<GreekSeq>16</GreekSeq></word><word seq="17">childish<GreekSeq>19</GreekSeq></word><word seq="18">[ways].<GreekSeq>17</GreekSeq></word></ESV></verse>
<verse number="12"><ESV><word seq="1">For<GreekSeq>2</GreekSeq></word><word seq="2">now<GreekSeq>3</GreekSeq></word><word seq="3">we see<GreekSeq>1</GreekSeq></word><word seq="4">in<GreekSeq>4</GreekSeq></word><word seq="5">a mirror<GreekSeq>5</GreekSeq></word><word seq="6">dimly,<GreekSeq>6</GreekSeq><GreekSeq>7</GreekSeq></word><word seq="7">but<GreekSeq>9</GreekSeq></word><word seq="8">then<GreekSeq>8</GreekSeq></word><word seq="9">face<GreekSeq>10</GreekSeq></word><word seq="10">to<GreekSeq>11</GreekSeq></word><word seq="11">face.<GreekSeq>12</GreekSeq></word><word seq="12">Now<GreekSeq>13</GreekSeq></word><word seq="13">I know<GreekSeq>14</GreekSeq></word><word seq="14">in part;<GreekSeq>15</GreekSeq><GreekSeq>16</GreekSeq></word><word seq="15">then<GreekSeq>17</GreekSeq></word><word seq="16">I shall know fully,<GreekSeq>19</GreekSeq></word><word seq="17">even as<GreekSeq>20</GreekSeq></word><word seq="18">I have been fully known.<GreekSeq>22</GreekSeq></word></ESV></verse>
<verse number="13"><ESV><word seq="1">So<GreekSeq>2</GreekSeq></word><word seq="2">now<GreekSeq>1</GreekSeq></word><word seq="3">faith,<GreekSeq>4</GreekSeq></word><word seq="4">hope,<GreekSeq>5</GreekSeq></word><word seq="5">and</word><word seq="6">love<GreekSeq>6</GreekSeq></word><word seq="7">abide,<GreekSeq>3</GreekSeq></word><word seq="8">these<GreekSeq>9</GreekSeq></word><word seq="9">three;<GreekSeq>8</GreekSeq></word><word seq="10">but<GreekSeq>11</GreekSeq></word><word seq="11">the greatest<GreekSeq>10</GreekSeq></word><word seq="12">of these<GreekSeq>12</GreekSeq></word><word seq="13">is</word><word seq="14">love.<GreekSeq>14</GreekSeq></word></ESV></verse></chapter></book>