<?xml version="1.0" encoding="UTF-8" standalone="no"?><book><chapter number="4">'<verse number="1"><ESV><word seq="1">This is how<GreekSeq>1</GreekSeq></word><word seq="2">one<GreekSeq>4</GreekSeq></word><word seq="3">should regard<GreekSeq>3</GreekSeq></word><word seq="4">us,<GreekSeq>2</GreekSeq></word><word seq="5">as<GreekSeq>5</GreekSeq></word><word seq="6">servants<GreekSeq>6</GreekSeq></word><word seq="7">of Christ<GreekSeq>7</GreekSeq></word><word seq="8">and<GreekSeq>8</GreekSeq></word><word seq="9">stewards<GreekSeq>9</GreekSeq></word><word seq="10">of the mysteries<GreekSeq>10</GreekSeq></word><word seq="11">of God.<GreekSeq>11</GreekSeq></word></ESV></verse>
<verse number="2"><ESV><word seq="1">Moreover,<GreekSeq>2</GreekSeq></word><word seq="2">it is required<GreekSeq>3</GreekSeq></word><word seq="3">of<GreekSeq>4</GreekSeq></word><word seq="4">stewards<GreekSeq>6</GreekSeq></word><word seq="5">that<GreekSeq>7</GreekSeq></word><word seq="6">they<GreekSeq>9</GreekSeq></word><word seq="7">be found<GreekSeq>10</GreekSeq></word><word seq="8">faithful.<GreekSeq>8</GreekSeq></word></ESV></verse>
<verse number="3"><ESV><word seq="1">But<GreekSeq>2</GreekSeq></word><word seq="2">with me<GreekSeq>1</GreekSeq></word><word seq="3">it is<GreekSeq>5</GreekSeq></word><word seq="4">a very small thing<GreekSeq>3</GreekSeq><GreekSeq>4</GreekSeq></word><word seq="5">that<GreekSeq>6</GreekSeq></word><word seq="6">I should be judged<GreekSeq>9</GreekSeq></word><word seq="7">by<GreekSeq>7</GreekSeq></word><word seq="8">you<GreekSeq>8</GreekSeq></word><word seq="9">or<GreekSeq>10</GreekSeq></word><word seq="10">by<GreekSeq>11</GreekSeq></word><word seq="11">any</word><word seq="12">human<GreekSeq>12</GreekSeq></word><word seq="13">[court].<GreekSeq>13</GreekSeq></word><word seq="14">In fact,<GreekSeq>14</GreekSeq></word><word seq="15">I do<GreekSeq>17</GreekSeq></word><word seq="16">not even<GreekSeq>15</GreekSeq></word><word seq="17">judge<GreekSeq>17</GreekSeq></word><word seq="18">myself.<GreekSeq>16</GreekSeq></word></ESV></verse>
<verse number="4"><ESV><word seq="1">For<GreekSeq>2</GreekSeq></word><word seq="2">I am<GreekSeq>4</GreekSeq></word><word seq="3">not<GreekSeq>1</GreekSeq></word><word seq="4">aware<GreekSeq>4</GreekSeq></word><word seq="5">of anything<GreekSeq>1</GreekSeq></word><word seq="6">against myself,<GreekSeq>3</GreekSeq></word><word seq="7">but<GreekSeq>5</GreekSeq></word><word seq="8">I am<GreekSeq>9</GreekSeq></word><word seq="9">not<GreekSeq>6</GreekSeq></word><word seq="10">thereby<GreekSeq>7</GreekSeq><GreekSeq>8</GreekSeq></word><word seq="11">acquitted.<GreekSeq>9</GreekSeq></word><word seq="12">It is<GreekSeq>15</GreekSeq></word><word seq="13">the<GreekSeq>10</GreekSeq></word><word seq="14">Lord<GreekSeq>14</GreekSeq></word><word seq="15">who judges<GreekSeq>12</GreekSeq></word><word seq="16">me.<GreekSeq>13</GreekSeq></word></ESV></verse>
<verse number="5"><ESV><word seq="1">Therefore<GreekSeq>1</GreekSeq></word><word seq="2">do</word><word seq="3">not<GreekSeq>2</GreekSeq></word><word seq="4">pronounce judgment<GreekSeq>6</GreekSeq></word><word seq="5">before<GreekSeq>3</GreekSeq></word><word seq="6">the time,<GreekSeq>4</GreekSeq></word><word seq="7">before<GreekSeq>7</GreekSeq></word><word seq="8">the<GreekSeq>10</GreekSeq></word><word seq="9">Lord<GreekSeq>11</GreekSeq></word><word seq="10">comes,<GreekSeq>9</GreekSeq></word><word seq="11">who<GreekSeq>12</GreekSeq></word><word seq="12">will bring to light<GreekSeq>14</GreekSeq></word><word seq="13">the things<GreekSeq>15</GreekSeq></word><word seq="14">now hidden<GreekSeq>16</GreekSeq></word><word seq="15">in darkness<GreekSeq>18</GreekSeq></word><word seq="16">and<GreekSeq>19</GreekSeq></word><word seq="17">will disclose<GreekSeq>20</GreekSeq></word><word seq="18">the<GreekSeq>21</GreekSeq></word><word seq="19">purposes<GreekSeq>22</GreekSeq></word><word seq="20">of the<GreekSeq>23</GreekSeq></word><word seq="21">heart.<GreekSeq>24</GreekSeq></word><word seq="22">Then<GreekSeq>26</GreekSeq></word><word seq="23">each one<GreekSeq>30</GreekSeq></word><word seq="24">will receive<GreekSeq>29</GreekSeq></word><word seq="25">his</word><word seq="26">commendation<GreekSeq>28</GreekSeq></word><word seq="27">from<GreekSeq>31</GreekSeq></word><word seq="28">God.<GreekSeq>33</GreekSeq></word></ESV></verse>
<verse number="6"><ESV><word seq="1">I have applied<GreekSeq>4</GreekSeq></word><word seq="2">all</word><word seq="3">these things<GreekSeq>1</GreekSeq></word><word seq="4">to<GreekSeq>5</GreekSeq></word><word seq="5">myself<GreekSeq>6</GreekSeq></word><word seq="6">and<GreekSeq>7</GreekSeq></word><word seq="7">Apollos<GreekSeq>8</GreekSeq></word><word seq="8">for<GreekSeq>9</GreekSeq></word><word seq="9">your<GreekSeq>10</GreekSeq></word><word seq="10">benefit,</word><word seq="11">brothers,<GreekSeq>3</GreekSeq></word><word seq="12">that<GreekSeq>11</GreekSeq></word><word seq="13">you may learn<GreekSeq>14</GreekSeq></word><word seq="14">by<GreekSeq>12</GreekSeq></word><word seq="15">us<GreekSeq>13</GreekSeq></word><word seq="16">not<GreekSeq>16</GreekSeq></word><word seq="17">to go</word><word seq="18">beyond<GreekSeq>17</GreekSeq></word><word seq="19">what<GreekSeq>18</GreekSeq></word><word seq="20">is written,<GreekSeq>19</GreekSeq></word><word seq="21">that<GreekSeq>20</GreekSeq></word><word seq="22">none<GreekSeq>21</GreekSeq><GreekSeq>22</GreekSeq></word><word seq="23">of</word><word seq="24">you may be puffed up<GreekSeq>26</GreekSeq></word><word seq="25">in favor of<GreekSeq>23</GreekSeq></word><word seq="26">one<GreekSeq>25</GreekSeq></word><word seq="27">against<GreekSeq>27</GreekSeq></word><word seq="28">another.<GreekSeq>29</GreekSeq></word></ESV></verse>
<verse number="7"><ESV><word seq="1">For<GreekSeq>2</GreekSeq></word><word seq="2">who<GreekSeq>1</GreekSeq></word><word seq="3">sees anything different<GreekSeq>4</GreekSeq></word><word seq="4">in you?<GreekSeq>3</GreekSeq></word><word seq="5">What<GreekSeq>5</GreekSeq></word><word seq="6">do</word><word seq="7">you have<GreekSeq>7</GreekSeq></word><word seq="8">that<GreekSeq>8</GreekSeq></word><word seq="9">you did<GreekSeq>10</GreekSeq></word><word seq="10">not<GreekSeq>9</GreekSeq></word><word seq="11">receive?<GreekSeq>14</GreekSeq></word><word seq="12">If<GreekSeq>11</GreekSeq></word><word seq="13">then<GreekSeq>12</GreekSeq></word><word seq="14">you received<GreekSeq>14</GreekSeq></word><word seq="15">it,</word><word seq="16">why<GreekSeq>15</GreekSeq></word><word seq="17">do</word><word seq="18">you boast<GreekSeq>16</GreekSeq></word><word seq="19">as if<GreekSeq>17</GreekSeq></word><word seq="20">you did<GreekSeq>19</GreekSeq></word><word seq="21">not<GreekSeq>18</GreekSeq></word><word seq="22">receive<GreekSeq>19</GreekSeq></word><word seq="23">it?</word></ESV></verse>
<verse number="8"><ESV><word seq="1">Already<GreekSeq>1</GreekSeq></word><word seq="2">you<GreekSeq>3</GreekSeq></word><word seq="3">have all you want!<GreekSeq>2</GreekSeq></word><word seq="4">Already<GreekSeq>4</GreekSeq></word><word seq="5">you have become rich!<GreekSeq>5</GreekSeq></word><word seq="6">Without<GreekSeq>6</GreekSeq></word><word seq="7">us<GreekSeq>7</GreekSeq></word><word seq="8">you have become kings!<GreekSeq>8</GreekSeq></word><word seq="9">And<GreekSeq>9</GreekSeq></word><word seq="10">would that<GreekSeq>10</GreekSeq></word><word seq="11">you did reign,<GreekSeq>12</GreekSeq></word><word seq="12">so that<GreekSeq>13</GreekSeq></word><word seq="13">we<GreekSeq>15</GreekSeq></word><word seq="14">might share the rule with<GreekSeq>17</GreekSeq></word><word seq="15">you!<GreekSeq>16</GreekSeq></word></ESV></verse>
<verse number="9"><ESV><word seq="1">For<GreekSeq>2</GreekSeq></word><word seq="2">I think<GreekSeq>1</GreekSeq></word><word seq="3">that</word><word seq="4">God<GreekSeq>4</GreekSeq></word><word seq="5">has exhibited<GreekSeq>9</GreekSeq></word><word seq="6">us<GreekSeq>5</GreekSeq></word><word seq="7">apostles<GreekSeq>7</GreekSeq></word><word seq="8">as last of all,<GreekSeq>8</GreekSeq></word><word seq="9">like<GreekSeq>10</GreekSeq></word><word seq="10">men sentenced to death,<GreekSeq>11</GreekSeq></word><word seq="11">because<GreekSeq>12</GreekSeq></word><word seq="12">we have become<GreekSeq>14</GreekSeq></word><word seq="13">a spectacle<GreekSeq>13</GreekSeq></word><word seq="14">to the<GreekSeq>15</GreekSeq></word><word seq="15">world,<GreekSeq>16</GreekSeq></word><word seq="16">to angels,<GreekSeq>18</GreekSeq></word><word seq="17">and<GreekSeq>19</GreekSeq></word><word seq="18">to men.<GreekSeq>20</GreekSeq></word></ESV></verse>
<verse number="10"><ESV><word seq="1">We<GreekSeq>1</GreekSeq></word><word seq="2">are</word><word seq="3">fools<GreekSeq>2</GreekSeq></word><word seq="4">for<GreekSeq>3</GreekSeq></word><word seq="5">Christ’s<GreekSeq>4</GreekSeq></word><word seq="6">sake,<GreekSeq>3</GreekSeq></word><word seq="7">but<GreekSeq>6</GreekSeq></word><word seq="8">you<GreekSeq>5</GreekSeq></word><word seq="9">are</word><word seq="10">wise<GreekSeq>7</GreekSeq></word><word seq="11">in<GreekSeq>8</GreekSeq></word><word seq="12">Christ.<GreekSeq>9</GreekSeq></word><word seq="13">We<GreekSeq>10</GreekSeq></word><word seq="14">are</word><word seq="15">weak,<GreekSeq>11</GreekSeq></word><word seq="16">but<GreekSeq>13</GreekSeq></word><word seq="17">you<GreekSeq>12</GreekSeq></word><word seq="18">are</word><word seq="19">strong.<GreekSeq>14</GreekSeq></word><word seq="20">You<GreekSeq>15</GreekSeq></word><word seq="21">are held</word><word seq="22">in honor,<GreekSeq>16</GreekSeq></word><word seq="23">but<GreekSeq>18</GreekSeq></word><word seq="24">we<GreekSeq>17</GreekSeq></word><word seq="25">in</word><word seq="26">disrepute.<GreekSeq>19</GreekSeq></word></ESV></verse>
<verse number="11"><ESV><word seq="1">To<GreekSeq>1</GreekSeq></word><word seq="2">the<GreekSeq>2</GreekSeq></word><word seq="3">present<GreekSeq>3</GreekSeq></word><word seq="4">hour<GreekSeq>4</GreekSeq></word><word seq="5">we hunger<GreekSeq>6</GreekSeq></word><word seq="6">and<GreekSeq>7</GreekSeq></word><word seq="7">thirst,<GreekSeq>8</GreekSeq></word><word seq="8">we are poorly dressed<GreekSeq>10</GreekSeq></word><word seq="9">and<GreekSeq>11</GreekSeq></word><word seq="10">buffeted<GreekSeq>12</GreekSeq></word><word seq="11">and<GreekSeq>13</GreekSeq></word><word seq="12">homeless,<GreekSeq>14</GreekSeq></word></ESV></verse>
<verse number="12"><ESV><word seq="1">and<GreekSeq>1</GreekSeq></word><word seq="2">we labor,<GreekSeq>2</GreekSeq></word><word seq="3">working<GreekSeq>3</GreekSeq></word><word seq="4">with our own<GreekSeq>5</GreekSeq></word><word seq="5">hands.<GreekSeq>6</GreekSeq></word><word seq="6">When reviled,<GreekSeq>7</GreekSeq></word><word seq="7">we bless;<GreekSeq>8</GreekSeq></word><word seq="8">when persecuted,<GreekSeq>9</GreekSeq></word><word seq="9">we endure;<GreekSeq>10</GreekSeq></word></ESV></verse>
<verse number="13"><ESV><word seq="1">when slandered,<GreekSeq>1</GreekSeq></word><word seq="2">we entreat.<GreekSeq>2</GreekSeq></word><word seq="3">We have become,<GreekSeq>7</GreekSeq></word><word seq="4">and are</word><word seq="5">still,<GreekSeq>10</GreekSeq><GreekSeq>11</GreekSeq></word><word seq="6">like<GreekSeq>3</GreekSeq></word><word seq="7">the scum<GreekSeq>4</GreekSeq></word><word seq="8">of the<GreekSeq>5</GreekSeq></word><word seq="9">world,<GreekSeq>6</GreekSeq></word><word seq="10">the refuse<GreekSeq>9</GreekSeq></word><word seq="11">of all things.<GreekSeq>8</GreekSeq></word></ESV></verse>
<verse number="14"><ESV><word seq="1">I do<GreekSeq>4</GreekSeq></word><word seq="2">not<GreekSeq>1</GreekSeq></word><word seq="3">write<GreekSeq>4</GreekSeq></word><word seq="4">these things<GreekSeq>5</GreekSeq></word><word seq="5">to make<GreekSeq>2</GreekSeq></word><word seq="6">you<GreekSeq>3</GreekSeq></word><word seq="7">ashamed,<GreekSeq>2</GreekSeq></word><word seq="8">but<GreekSeq>6</GreekSeq></word><word seq="9">to admonish [you]<GreekSeq>11</GreekSeq></word><word seq="10">as<GreekSeq>7</GreekSeq></word><word seq="11">my<GreekSeq>9</GreekSeq></word><word seq="12">beloved<GreekSeq>10</GreekSeq></word><word seq="13">children.<GreekSeq>8</GreekSeq></word></ESV></verse>
<verse number="15"><ESV><word seq="1">For<GreekSeq>2</GreekSeq></word><word seq="2">though<GreekSeq>1</GreekSeq></word><word seq="3">you have<GreekSeq>5</GreekSeq></word><word seq="4">countless<GreekSeq>3</GreekSeq></word><word seq="5">guides<GreekSeq>4</GreekSeq></word><word seq="6">in<GreekSeq>6</GreekSeq></word><word seq="7">Christ,<GreekSeq>7</GreekSeq></word><word seq="8">you do</word><word seq="9">not<GreekSeq>9</GreekSeq></word><word seq="10">have</word><word seq="11">many<GreekSeq>10</GreekSeq></word><word seq="12">fathers.<GreekSeq>11</GreekSeq></word><word seq="13">For<GreekSeq>13</GreekSeq></word><word seq="14">I<GreekSeq>19</GreekSeq></word><word seq="15">became your father<GreekSeq>20</GreekSeq><GreekSeq>21</GreekSeq></word><word seq="16">in<GreekSeq>12</GreekSeq></word><word seq="17">Christ<GreekSeq>14</GreekSeq></word><word seq="18">Jesus<GreekSeq>15</GreekSeq></word><word seq="19">through<GreekSeq>16</GreekSeq></word><word seq="20">the<GreekSeq>17</GreekSeq></word><word seq="21">gospel.<GreekSeq>18</GreekSeq></word></ESV></verse>
<verse number="16"><ESV><word seq="1">I urge<GreekSeq>1</GreekSeq></word><word seq="2">you,<GreekSeq>3</GreekSeq></word><word seq="3">then,<GreekSeq>2</GreekSeq></word><word seq="4">be<GreekSeq>6</GreekSeq></word><word seq="5">imitators<GreekSeq>4</GreekSeq></word><word seq="6">of me.<GreekSeq>5</GreekSeq></word></ESV></verse>
<verse number="17"><ESV><word seq="1">That is why<GreekSeq>1</GreekSeq><GreekSeq>2</GreekSeq></word><word seq="2">I sent<GreekSeq>3</GreekSeq></word><word seq="3">you<GreekSeq>4</GreekSeq></word><word seq="4">Timothy,<GreekSeq>5</GreekSeq></word><word seq="5">my<GreekSeq>8</GreekSeq></word><word seq="6">beloved<GreekSeq>10</GreekSeq></word><word seq="7">and<GreekSeq>11</GreekSeq></word><word seq="8">faithful<GreekSeq>12</GreekSeq></word><word seq="9">child<GreekSeq>9</GreekSeq></word><word seq="10">in<GreekSeq>13</GreekSeq></word><word seq="11">the Lord,<GreekSeq>14</GreekSeq></word><word seq="12">to remind<GreekSeq>17</GreekSeq></word><word seq="13">you<GreekSeq>16</GreekSeq></word><word seq="14">of<GreekSeq>19</GreekSeq></word><word seq="15">my<GreekSeq>20</GreekSeq></word><word seq="16">ways<GreekSeq>19</GreekSeq></word><word seq="17">in<GreekSeq>22</GreekSeq></word><word seq="18">Christ,<GreekSeq>23</GreekSeq></word><word seq="19">as<GreekSeq>25</GreekSeq></word><word seq="20">I teach<GreekSeq>30</GreekSeq></word><word seq="21">them</word><word seq="22">everywhere<GreekSeq>26</GreekSeq></word><word seq="23">in<GreekSeq>27</GreekSeq></word><word seq="24">every<GreekSeq>28</GreekSeq></word><word seq="25">church.<GreekSeq>29</GreekSeq></word></ESV></verse>
<verse number="18"><ESV><word seq="1">Some<GreekSeq>9</GreekSeq></word><word seq="2">are arrogant,<GreekSeq>8</GreekSeq></word><word seq="3">as though<GreekSeq>1</GreekSeq></word><word seq="4">I<GreekSeq>5</GreekSeq></word><word seq="5">were<GreekSeq>3</GreekSeq></word><word seq="6">not<GreekSeq>2</GreekSeq></word><word seq="7">coming<GreekSeq>3</GreekSeq></word><word seq="8">to<GreekSeq>6</GreekSeq></word><word seq="9">you.<GreekSeq>7</GreekSeq></word></ESV></verse>
<verse number="19"><ESV><word seq="1">But<GreekSeq>2</GreekSeq></word><word seq="2">I will come<GreekSeq>1</GreekSeq></word><word seq="3">to<GreekSeq>4</GreekSeq></word><word seq="4">you<GreekSeq>5</GreekSeq></word><word seq="5">soon,<GreekSeq>3</GreekSeq></word><word seq="6">if<GreekSeq>6</GreekSeq></word><word seq="7">the<GreekSeq>7</GreekSeq></word><word seq="8">Lord<GreekSeq>8</GreekSeq></word><word seq="9">wills,<GreekSeq>9</GreekSeq></word><word seq="10">and<GreekSeq>10</GreekSeq></word><word seq="11">I will find out<GreekSeq>11</GreekSeq></word><word seq="12">not<GreekSeq>12</GreekSeq></word><word seq="13">the<GreekSeq>13</GreekSeq></word><word seq="14">talk<GreekSeq>14</GreekSeq></word><word seq="15">of these<GreekSeq>15</GreekSeq></word><word seq="16">arrogant people<GreekSeq>16</GreekSeq></word><word seq="17">but<GreekSeq>17</GreekSeq></word><word seq="18">their</word><word seq="19">power.<GreekSeq>19</GreekSeq></word></ESV></verse>
<verse number="20"><ESV><word seq="1">For<GreekSeq>2</GreekSeq></word><word seq="2">the<GreekSeq>5</GreekSeq></word><word seq="3">kingdom<GreekSeq>6</GreekSeq></word><word seq="4">of God<GreekSeq>8</GreekSeq></word><word seq="5">does</word><word seq="6">not<GreekSeq>1</GreekSeq></word><word seq="7">consist</word><word seq="8">in<GreekSeq>3</GreekSeq></word><word seq="9">[talk]<GreekSeq>4</GreekSeq></word><word seq="10">but<GreekSeq>9</GreekSeq></word><word seq="11">in<GreekSeq>10</GreekSeq></word><word seq="12">power.<GreekSeq>11</GreekSeq></word></ESV></verse>
<verse number="21"><ESV><word seq="1">What<GreekSeq>1</GreekSeq></word><word seq="2">do</word><word seq="3">you wish?<GreekSeq>2</GreekSeq></word><word seq="4">Shall I come<GreekSeq>5</GreekSeq></word><word seq="5">to<GreekSeq>6</GreekSeq></word><word seq="6">you<GreekSeq>7</GreekSeq></word><word seq="7">with<GreekSeq>3</GreekSeq></word><word seq="8">a rod,<GreekSeq>4</GreekSeq></word><word seq="9">or<GreekSeq>8</GreekSeq></word><word seq="10">with<GreekSeq>9</GreekSeq></word><word seq="11">love<GreekSeq>10</GreekSeq></word><word seq="12">in a spirit<GreekSeq>11</GreekSeq></word><word seq="13">of gentleness?<GreekSeq>13</GreekSeq></word></ESV></verse></chapter></book>