<?xml version="1.0" encoding="UTF-8" standalone="no"?><book><chapter number="12">'<verse number="1"><ESV><word seq="1">Now<GreekSeq>2</GreekSeq></word><word seq="2">concerning<GreekSeq>1</GreekSeq></word><word seq="3">spiritual [gifts],<GreekSeq>3</GreekSeq><GreekSeq>4</GreekSeq></word><word seq="4">brothers,<GreekSeq>5</GreekSeq></word><word seq="5">I<GreekSeq>7</GreekSeq></word><word seq="6">do</word><word seq="7">not<GreekSeq>6</GreekSeq></word><word seq="8">want<GreekSeq>7</GreekSeq></word><word seq="9">you<GreekSeq>8</GreekSeq></word><word seq="10">to be uninformed.<GreekSeq>9</GreekSeq></word></ESV></verse>
<verse number="2"><ESV><word seq="1">You know<GreekSeq>1</GreekSeq></word><word seq="2">that<GreekSeq>2</GreekSeq></word><word seq="3">when<GreekSeq>3</GreekSeq></word><word seq="4">you were<GreekSeq>5</GreekSeq></word><word seq="5">pagans<GreekSeq>4</GreekSeq></word><word seq="6">[you] were led astray<GreekSeq>14</GreekSeq></word><word seq="7">to<GreekSeq>6</GreekSeq></word><word seq="8">mute<GreekSeq>10</GreekSeq></word><word seq="9">idols,<GreekSeq>8</GreekSeq></word><word seq="10">however<GreekSeq>11</GreekSeq><GreekSeq>12</GreekSeq></word><word seq="11">you were led.<GreekSeq>13</GreekSeq></word></ESV></verse>
<verse number="3"><ESV><word seq="1">Therefore<GreekSeq>1</GreekSeq></word><word seq="2">I want<GreekSeq>2</GreekSeq></word><word seq="3">you<GreekSeq>3</GreekSeq></word><word seq="4">to understand<GreekSeq>2</GreekSeq></word><word seq="5">that<GreekSeq>4</GreekSeq></word><word seq="6">no one<GreekSeq>5</GreekSeq></word><word seq="7">speaking<GreekSeq>9</GreekSeq></word><word seq="8">in<GreekSeq>6</GreekSeq></word><word seq="9">the Spirit<GreekSeq>7</GreekSeq></word><word seq="10">of God<GreekSeq>8</GreekSeq></word><word seq="11">ever</word><word seq="12">says<GreekSeq>10</GreekSeq></word><word seq="13">Jesus<GreekSeq>12</GreekSeq></word><word seq="14">is</word><word seq="15">accursed!<GreekSeq>11</GreekSeq></word><word seq="16">and<GreekSeq>13</GreekSeq></word><word seq="17">no one<GreekSeq>14</GreekSeq></word><word seq="18">can<GreekSeq>15</GreekSeq></word><word seq="19">say<GreekSeq>16</GreekSeq></word><word seq="20">Jesus<GreekSeq>18</GreekSeq></word><word seq="21">is</word><word seq="22">Lord<GreekSeq>17</GreekSeq></word><word seq="23" note="εἰ μή Strong Code (1508)">except<GreekSeq>19</GreekSeq><GreekSeq>20</GreekSeq></word><word seq="24">in<GreekSeq>21</GreekSeq></word><word seq="25">the</word><word seq="26">Holy<GreekSeq>23</GreekSeq></word><word seq="27">Spirit.<GreekSeq>22</GreekSeq></word></ESV></verse>
<verse number="4"><ESV><word seq="1">Now<GreekSeq>2</GreekSeq></word><word seq="2">there are<GreekSeq>4</GreekSeq></word><word seq="3">varieties<GreekSeq>1</GreekSeq></word><word seq="4">of gifts,<GreekSeq>3</GreekSeq></word><word seq="5">but<GreekSeq>6</GreekSeq></word><word seq="6">the<GreekSeq>5</GreekSeq></word><word seq="7">same<GreekSeq>7</GreekSeq></word><word seq="8">Spirit;<GreekSeq>8</GreekSeq></word></ESV></verse>
<verse number="5"><ESV><word seq="1">and<GreekSeq>1</GreekSeq></word><word seq="2">there are<GreekSeq>4</GreekSeq></word><word seq="3">varieties<GreekSeq>2</GreekSeq></word><word seq="4">of service,<GreekSeq>3</GreekSeq></word><word seq="5">but<GreekSeq>5</GreekSeq></word><word seq="6">the<GreekSeq>6</GreekSeq></word><word seq="7">same<GreekSeq>7</GreekSeq></word><word seq="8">Lord;<GreekSeq>8</GreekSeq></word></ESV></verse>
<verse number="6"><ESV><word seq="1">and<GreekSeq>1</GreekSeq></word><word seq="2">there are<GreekSeq>4</GreekSeq></word><word seq="3">varieties<GreekSeq>2</GreekSeq></word><word seq="4">of activities,<GreekSeq>3</GreekSeq></word><word seq="5">but<GreekSeq>6</GreekSeq></word><word seq="6" note="Base of different Greek: ἐστι(2076)">it is</word><word seq="7">the<GreekSeq>5</GreekSeq></word><word seq="8">same<GreekSeq>7</GreekSeq></word><word seq="9">God<GreekSeq>8</GreekSeq></word><word seq="10">who empowers<GreekSeq>10</GreekSeq></word><word seq="11">them<GreekSeq>11</GreekSeq></word><word seq="12">all<GreekSeq>12</GreekSeq></word><word seq="13">in<GreekSeq>13</GreekSeq></word><word seq="14">everyone.<GreekSeq>14</GreekSeq></word></ESV></verse>
<verse number="7"><ESV><word seq="1">To each<GreekSeq>1</GreekSeq></word><word seq="2">is given<GreekSeq>3</GreekSeq></word><word seq="3">the<GreekSeq>4</GreekSeq></word><word seq="4">manifestation<GreekSeq>5</GreekSeq></word><word seq="5">of the<GreekSeq>6</GreekSeq></word><word seq="6">Spirit<GreekSeq>7</GreekSeq></word><word seq="7">for<GreekSeq>8</GreekSeq></word><word seq="8">the<GreekSeq>9</GreekSeq></word><word seq="9">common good.<GreekSeq>10</GreekSeq></word></ESV></verse>
<verse number="8"><ESV><word seq="1">For<GreekSeq>3</GreekSeq></word><word seq="2">to one<GreekSeq>1</GreekSeq></word><word seq="3">is given<GreekSeq>7</GreekSeq></word><word seq="4">through<GreekSeq>4</GreekSeq></word><word seq="5">the<GreekSeq>5</GreekSeq></word><word seq="6">Spirit<GreekSeq>6</GreekSeq></word><word seq="7">the utterance<GreekSeq>8</GreekSeq></word><word seq="8">of wisdom,<GreekSeq>9</GreekSeq></word><word seq="9">and<GreekSeq>11</GreekSeq></word><word seq="10">to another<GreekSeq>10</GreekSeq></word><word seq="11">the utterance<GreekSeq>12</GreekSeq></word><word seq="12">of knowledge<GreekSeq>13</GreekSeq></word><word seq="13">according to<GreekSeq>14</GreekSeq></word><word seq="14">the<GreekSeq>15</GreekSeq></word><word seq="15">same<GreekSeq>16</GreekSeq></word><word seq="16">Spirit,<GreekSeq>17</GreekSeq></word></ESV></verse>
<verse number="9"><ESV><word seq="1">to another<GreekSeq>1</GreekSeq></word><word seq="2">faith<GreekSeq>2</GreekSeq></word><word seq="3">by<GreekSeq>3</GreekSeq></word><word seq="4">the<GreekSeq>4</GreekSeq></word><word seq="5">same<GreekSeq>5</GreekSeq></word><word seq="6">Spirit,<GreekSeq>6</GreekSeq></word><word seq="7">to another<GreekSeq>7</GreekSeq></word><word seq="8">gifts<GreekSeq>9</GreekSeq></word><word seq="9">of healing<GreekSeq>10</GreekSeq></word><word seq="10">by<GreekSeq>11</GreekSeq></word><word seq="11">the<GreekSeq>12</GreekSeq></word><word seq="12">one<GreekSeq>13</GreekSeq></word><word seq="13">Spirit,<GreekSeq>14</GreekSeq></word></ESV></verse>
<verse number="10"><ESV><word seq="1">to another<GreekSeq>1</GreekSeq></word><word seq="2">the working<GreekSeq>3</GreekSeq></word><word seq="3">of miracles,<GreekSeq>4</GreekSeq></word><word seq="4">to another<GreekSeq>5</GreekSeq></word><word seq="5">prophecy,<GreekSeq>7</GreekSeq></word><word seq="6">to another<GreekSeq>8</GreekSeq></word><word seq="7">the ability to distinguish between<GreekSeq>10</GreekSeq></word><word seq="8">spirits,<GreekSeq>11</GreekSeq></word><word seq="9">to another<GreekSeq>12</GreekSeq></word><word seq="10">various kinds<GreekSeq>13</GreekSeq></word><word seq="11">of tongues,<GreekSeq>14</GreekSeq></word><word seq="12">to another<GreekSeq>15</GreekSeq></word><word seq="13">the interpretation<GreekSeq>17</GreekSeq></word><word seq="14">of tongues.<GreekSeq>18</GreekSeq></word></ESV></verse>
<verse number="11"><ESV><word seq="1">All<GreekSeq>1</GreekSeq></word><word seq="2">these<GreekSeq>3</GreekSeq></word><word seq="3">are empowered by<GreekSeq>4</GreekSeq></word><word seq="4">one<GreekSeq>6</GreekSeq></word><word seq="5">and<GreekSeq>7</GreekSeq></word><word seq="6">the<GreekSeq>8</GreekSeq></word><word seq="7">same<GreekSeq>9</GreekSeq></word><word seq="8">Spirit,<GreekSeq>10</GreekSeq></word><word seq="9">who apportions<GreekSeq>11</GreekSeq></word><word seq="10">to each one<GreekSeq>13</GreekSeq></word><word seq="11">individually<GreekSeq>12</GreekSeq></word><word seq="12">as<GreekSeq>14</GreekSeq></word><word seq="13">he wills.<GreekSeq>15</GreekSeq></word></ESV></verse>
<verse number="12"><ESV><word seq="1">For<GreekSeq>2</GreekSeq></word><word seq="2">just as<GreekSeq>1</GreekSeq></word><word seq="3">the<GreekSeq>3</GreekSeq></word><word seq="4">body<GreekSeq>4</GreekSeq></word><word seq="5">is<GreekSeq>6</GreekSeq></word><word seq="6">one<GreekSeq>5</GreekSeq></word><word seq="7">and<GreekSeq>7</GreekSeq></word><word seq="8">has<GreekSeq>10</GreekSeq></word><word seq="9">many<GreekSeq>9</GreekSeq></word><word seq="10">members,<GreekSeq>8</GreekSeq></word><word seq="11">and<GreekSeq>12</GreekSeq></word><word seq="12">all<GreekSeq>11</GreekSeq></word><word seq="13">the<GreekSeq>13</GreekSeq></word><word seq="14">members<GreekSeq>14</GreekSeq></word><word seq="15">of the<GreekSeq>15</GreekSeq></word><word seq="16">body,<GreekSeq>16</GreekSeq></word><word seq="17">though</word><word seq="18">many,<GreekSeq>17</GreekSeq></word><word seq="19">are<GreekSeq>20</GreekSeq></word><word seq="20">one<GreekSeq>19</GreekSeq></word><word seq="21">body,<GreekSeq>21</GreekSeq></word><word seq="22">so<GreekSeq>22</GreekSeq></word><word seq="23">it is with</word><word seq="24">Christ.<GreekSeq>25</GreekSeq></word></ESV></verse>
<verse number="13"><ESV><word seq="1">For<GreekSeq>2</GreekSeq></word><word seq="2">in<GreekSeq>3</GreekSeq></word><word seq="3">one<GreekSeq>4</GreekSeq></word><word seq="4">Spirit<GreekSeq>5</GreekSeq></word><word seq="5">we<GreekSeq>6</GreekSeq></word><word seq="6">were<GreekSeq>11</GreekSeq></word><word seq="7">all<GreekSeq>7</GreekSeq></word><word seq="8">baptized<GreekSeq>11</GreekSeq></word><word seq="9">into<GreekSeq>8</GreekSeq></word><word seq="10">one<GreekSeq>9</GreekSeq></word><word seq="11">body<GreekSeq>10</GreekSeq></word><word seq="12">— Jews<GreekSeq>13</GreekSeq></word><word seq="13">or<GreekSeq>12</GreekSeq></word><word seq="14">Greeks,<GreekSeq>15</GreekSeq></word><word seq="15">slaves<GreekSeq>17</GreekSeq></word><word seq="16">or<GreekSeq>18</GreekSeq></word><word seq="17">free —<GreekSeq>19</GreekSeq></word><word seq="18">and<GreekSeq>20</GreekSeq></word><word seq="19">all<GreekSeq>21</GreekSeq></word><word seq="20">were made to drink of<GreekSeq>24</GreekSeq></word><word seq="21">one<GreekSeq>22</GreekSeq></word><word seq="22">Spirit.<GreekSeq>23</GreekSeq></word></ESV></verse>
<verse number="14"><ESV><word seq="1">For<GreekSeq>2</GreekSeq></word><word seq="2">the<GreekSeq>3</GreekSeq></word><word seq="3">body<GreekSeq>4</GreekSeq></word><word seq="4">does</word><word seq="5">not<GreekSeq>5</GreekSeq></word><word seq="6">consist of<GreekSeq>6</GreekSeq></word><word seq="7">one<GreekSeq>7</GreekSeq></word><word seq="8">member<GreekSeq>8</GreekSeq></word><word seq="9">but<GreekSeq>9</GreekSeq></word><word seq="10">of</word><word seq="11">many.<GreekSeq>10</GreekSeq></word></ESV></verse>
<verse number="15"><ESV><word seq="1">If<GreekSeq>1</GreekSeq></word><word seq="2">the<GreekSeq>3</GreekSeq></word><word seq="3">foot<GreekSeq>4</GreekSeq></word><word seq="4">should say,<GreekSeq>2</GreekSeq></word><word seq="5">Because<GreekSeq>5</GreekSeq></word><word seq="6">I am<GreekSeq>7</GreekSeq></word><word seq="7">not<GreekSeq>6</GreekSeq></word><word seq="8">a hand,<GreekSeq>8</GreekSeq></word><word seq="9">I do<GreekSeq>10</GreekSeq></word><word seq="10">not<GreekSeq>9</GreekSeq></word><word seq="11">belong to<GreekSeq>11</GreekSeq></word><word seq="12">the<GreekSeq>12</GreekSeq></word><word seq="13">body,<GreekSeq>13</GreekSeq></word><word seq="14">that<GreekSeq>15</GreekSeq><GreekSeq>16</GreekSeq></word><word seq="15">would</word><word seq="16">not<GreekSeq>14</GreekSeq></word><word seq="17">make<GreekSeq>18</GreekSeq></word><word seq="18">it</word><word seq="19">any less<GreekSeq>17</GreekSeq></word><word seq="20">[a part] of<GreekSeq>19</GreekSeq></word><word seq="21">the<GreekSeq>20</GreekSeq></word><word seq="22">body.<GreekSeq>21</GreekSeq></word></ESV></verse>
<verse number="16"><ESV><word seq="1">And<GreekSeq>1</GreekSeq></word><word seq="2">if<GreekSeq>2</GreekSeq></word><word seq="3">the<GreekSeq>4</GreekSeq></word><word seq="4">ear<GreekSeq>5</GreekSeq></word><word seq="5">should say,<GreekSeq>3</GreekSeq></word><word seq="6">Because<GreekSeq>6</GreekSeq></word><word seq="7">I am<GreekSeq>8</GreekSeq></word><word seq="8">not<GreekSeq>7</GreekSeq></word><word seq="9">an eye,<GreekSeq>9</GreekSeq></word><word seq="10">I do<GreekSeq>11</GreekSeq></word><word seq="11">not<GreekSeq>10</GreekSeq></word><word seq="12">belong to<GreekSeq>12</GreekSeq></word><word seq="13">the<GreekSeq>13</GreekSeq></word><word seq="14">body,<GreekSeq>14</GreekSeq></word><word seq="15">that<GreekSeq>16</GreekSeq><GreekSeq>17</GreekSeq></word><word seq="16">would</word><word seq="17">not<GreekSeq>15</GreekSeq></word><word seq="18">make<GreekSeq>19</GreekSeq></word><word seq="19">it</word><word seq="20">any less<GreekSeq>18</GreekSeq></word><word seq="21">[a part] of<GreekSeq>20</GreekSeq></word><word seq="22">the<GreekSeq>21</GreekSeq></word><word seq="23">body.<GreekSeq>22</GreekSeq></word></ESV></verse>
<verse number="17"><ESV><word seq="1">If<GreekSeq>1</GreekSeq></word><word seq="2">the<GreekSeq>3</GreekSeq></word><word seq="3">whole<GreekSeq>2</GreekSeq></word><word seq="4">body<GreekSeq>4</GreekSeq></word><word seq="5">were</word><word seq="6">an eye,<GreekSeq>5</GreekSeq></word><word seq="7">where<GreekSeq>6</GreekSeq></word><word seq="8">would be</word><word seq="9">the<GreekSeq>7</GreekSeq></word><word seq="10">sense of hearing?<GreekSeq>8</GreekSeq></word><word seq="11">If<GreekSeq>9</GreekSeq></word><word seq="12">the</word><word seq="13">whole body<GreekSeq>10</GreekSeq></word><word seq="14">were</word><word seq="15">an ear,<GreekSeq>11</GreekSeq></word><word seq="16">where<GreekSeq>12</GreekSeq></word><word seq="17">would be</word><word seq="18">the<GreekSeq>13</GreekSeq></word><word seq="19">sense of smell?<GreekSeq>14</GreekSeq></word></ESV></verse>
<verse number="18"><ESV><word seq="1">But<GreekSeq>2</GreekSeq></word><word seq="2">as it is,<GreekSeq>1</GreekSeq></word><word seq="3">God<GreekSeq>4</GreekSeq></word><word seq="4">arranged<GreekSeq>5</GreekSeq></word><word seq="5">the<GreekSeq>6</GreekSeq></word><word seq="6">members<GreekSeq>7</GreekSeq></word><word seq="7">in<GreekSeq>11</GreekSeq></word><word seq="8">the<GreekSeq>12</GreekSeq></word><word seq="9">body,<GreekSeq>13</GreekSeq></word><word seq="10">each<GreekSeq>9</GreekSeq></word><word seq="11">one<GreekSeq>8</GreekSeq></word><word seq="12">of them,<GreekSeq>10</GreekSeq></word><word seq="13">as<GreekSeq>14</GreekSeq></word><word seq="14">he chose.<GreekSeq>15</GreekSeq></word></ESV></verse>
<verse number="19"><ESV><word seq="1">If<GreekSeq>1</GreekSeq></word><word seq="2">all<GreekSeq>5</GreekSeq></word><word seq="3">were<GreekSeq>3</GreekSeq></word><word seq="4">a single<GreekSeq>6</GreekSeq></word><word seq="5">member,<GreekSeq>7</GreekSeq></word><word seq="6">where<GreekSeq>8</GreekSeq></word><word seq="7">would</word><word seq="8">the<GreekSeq>9</GreekSeq></word><word seq="9">body<GreekSeq>10</GreekSeq></word><word seq="10">be?</word></ESV></verse>
<verse number="20"><ESV><word seq="1">As it is,<GreekSeq>1</GreekSeq></word><word seq="2">there are</word><word seq="3">many<GreekSeq>3</GreekSeq></word><word seq="4">[parts],<GreekSeq>5</GreekSeq></word><word seq="5">yet<GreekSeq>7</GreekSeq></word><word seq="6">one<GreekSeq>6</GreekSeq></word><word seq="7">body.<GreekSeq>8</GreekSeq></word></ESV></verse>
<verse number="21"><ESV><word seq="1">The<GreekSeq>4</GreekSeq></word><word seq="2">eye<GreekSeq>5</GreekSeq></word><word seq="3">cannot<GreekSeq>1</GreekSeq><GreekSeq>2</GreekSeq></word><word seq="4">say<GreekSeq>6</GreekSeq></word><word seq="5">to the<GreekSeq>7</GreekSeq></word><word seq="6">hand,<GreekSeq>8</GreekSeq></word><word seq="7">I have<GreekSeq>12</GreekSeq></word><word seq="8">no<GreekSeq>11</GreekSeq></word><word seq="9">need<GreekSeq>9</GreekSeq></word><word seq="10">of you,<GreekSeq>10</GreekSeq></word><word seq="11">nor<GreekSeq>13</GreekSeq></word><word seq="12">again<GreekSeq>14</GreekSeq></word><word seq="13">the<GreekSeq>15</GreekSeq></word><word seq="14">head<GreekSeq>16</GreekSeq></word><word seq="15">to the<GreekSeq>17</GreekSeq></word><word seq="16">feet,<GreekSeq>18</GreekSeq></word><word seq="17">I have<GreekSeq>22</GreekSeq></word><word seq="18">no<GreekSeq>21</GreekSeq></word><word seq="19">need<GreekSeq>19</GreekSeq></word><word seq="20">of you.<GreekSeq>20</GreekSeq></word></ESV></verse>
<verse number="22"><ESV><word seq="1">On the contrary,<GreekSeq>1</GreekSeq></word><word seq="2">the<GreekSeq>4</GreekSeq></word><word seq="3">[parts]<GreekSeq>6</GreekSeq></word><word seq="4">of the<GreekSeq>7</GreekSeq></word><word seq="5">body<GreekSeq>8</GreekSeq></word><word seq="6">that seem<GreekSeq>5</GreekSeq></word><word seq="7">to be<GreekSeq>10</GreekSeq></word><word seq="8">weaker<GreekSeq>9</GreekSeq></word><word seq="9">are<GreekSeq>12</GreekSeq></word><word seq="10">indispensable,<GreekSeq>11</GreekSeq></word></ESV></verse>
<verse number="23"><ESV><word seq="1">and<GreekSeq>1</GreekSeq></word><word seq="2">on those [parts]<GreekSeq>2</GreekSeq></word><word seq="3">of the<GreekSeq>6</GreekSeq></word><word seq="4">body<GreekSeq>7</GreekSeq></word><word seq="5">that</word><word seq="6">we think<GreekSeq>3</GreekSeq></word><word seq="7">less honorable<GreekSeq>4</GreekSeq></word><word seq="8">we bestow<GreekSeq>11</GreekSeq></word><word seq="9">the</word><word seq="10">greater<GreekSeq>10</GreekSeq></word><word seq="11">honor,<GreekSeq>9</GreekSeq></word><word seq="12">and<GreekSeq>12</GreekSeq></word><word seq="13">our<GreekSeq>15</GreekSeq></word><word seq="14">unpresentable parts<GreekSeq>13</GreekSeq><GreekSeq>14</GreekSeq></word><word seq="15">are treated with<GreekSeq>18</GreekSeq></word><word seq="16">greater<GreekSeq>17</GreekSeq></word><word seq="17">modesty,<GreekSeq>16</GreekSeq></word></ESV></verse>
<verse number="24"><ESV><word seq="1">which<GreekSeq>1</GreekSeq></word><word seq="2">our<GreekSeq>4</GreekSeq></word><word seq="3">more presentable [parts]<GreekSeq>3</GreekSeq></word><word seq="4">do</word><word seq="5">not<GreekSeq>5</GreekSeq></word><word seq="6">require.<GreekSeq>6</GreekSeq><GreekSeq>7</GreekSeq></word><word seq="7">But<GreekSeq>8</GreekSeq></word><word seq="8">God<GreekSeq>10</GreekSeq></word><word seq="9">has [so] composed<GreekSeq>11</GreekSeq></word><word seq="10">the<GreekSeq>12</GreekSeq></word><word seq="11">body,<GreekSeq>13</GreekSeq></word><word seq="12">giving<GreekSeq>17</GreekSeq></word><word seq="13">greater<GreekSeq>16</GreekSeq></word><word seq="14">honor<GreekSeq>18</GreekSeq></word><word seq="15">to the [part]<GreekSeq>14</GreekSeq></word><word seq="16">that lacked<GreekSeq>15</GreekSeq></word><word seq="17">it,</word></ESV></verse>
<verse number="25"><ESV><word seq="1">that<GreekSeq>1</GreekSeq></word><word seq="2">there may be<GreekSeq>3</GreekSeq></word><word seq="3">no<GreekSeq>2</GreekSeq></word><word seq="4">division<GreekSeq>4</GreekSeq></word><word seq="5">in<GreekSeq>5</GreekSeq></word><word seq="6">the<GreekSeq>6</GreekSeq></word><word seq="7">body,<GreekSeq>7</GreekSeq></word><word seq="8">but<GreekSeq>8</GreekSeq></word><word seq="9">that</word><word seq="10">the<GreekSeq>14</GreekSeq></word><word seq="11">members<GreekSeq>15</GreekSeq></word><word seq="12">may have<GreekSeq>13</GreekSeq></word><word seq="13">the<GreekSeq>9</GreekSeq></word><word seq="14">same<GreekSeq>10</GreekSeq></word><word seq="15">care<GreekSeq>13</GreekSeq></word><word seq="16">for<GreekSeq>11</GreekSeq></word><word seq="17">one another.<GreekSeq>12</GreekSeq></word></ESV></verse>
<verse number="26"><ESV><word seq="1">If<GreekSeq>2</GreekSeq></word><word seq="2">one<GreekSeq>4</GreekSeq></word><word seq="3">member<GreekSeq>5</GreekSeq></word><word seq="4">suffers,<GreekSeq>3</GreekSeq></word><word seq="5">all<GreekSeq>7</GreekSeq></word><word seq="6">suffer together;<GreekSeq>6</GreekSeq></word><word seq="7">if<GreekSeq>10</GreekSeq></word><word seq="8">one<GreekSeq>12</GreekSeq></word><word seq="9">member<GreekSeq>13</GreekSeq></word><word seq="10">is honored,<GreekSeq>11</GreekSeq></word><word seq="11">all<GreekSeq>15</GreekSeq></word><word seq="12">rejoice together.<GreekSeq>14</GreekSeq></word></ESV></verse>
<verse number="27"><ESV><word seq="1">Now<GreekSeq>2</GreekSeq></word><word seq="2">you<GreekSeq>1</GreekSeq></word><word seq="3">are<GreekSeq>3</GreekSeq></word><word seq="4">the body<GreekSeq>4</GreekSeq></word><word seq="5">of Christ<GreekSeq>5</GreekSeq></word><word seq="6">and<GreekSeq>6</GreekSeq></word><word seq="7">individually<GreekSeq>8</GreekSeq><GreekSeq>9</GreekSeq></word><word seq="8">members<GreekSeq>7</GreekSeq></word><word seq="9">of it.</word></ESV></verse>
<verse number="28"><ESV><word seq="1">And<GreekSeq>1</GreekSeq></word><word seq="2">God<GreekSeq>6</GreekSeq></word><word seq="3">has appointed<GreekSeq>4</GreekSeq></word><word seq="4">in<GreekSeq>7</GreekSeq></word><word seq="5">the<GreekSeq>8</GreekSeq></word><word seq="6">church<GreekSeq>9</GreekSeq></word><word seq="7">first<GreekSeq>10</GreekSeq></word><word seq="8">apostles,<GreekSeq>11</GreekSeq></word><word seq="9">second<GreekSeq>12</GreekSeq></word><word seq="10">prophets,<GreekSeq>13</GreekSeq></word><word seq="11">third<GreekSeq>14</GreekSeq></word><word seq="12">teachers,<GreekSeq>15</GreekSeq></word><word seq="13">then<GreekSeq>16</GreekSeq></word><word seq="14">miracles,<GreekSeq>17</GreekSeq></word><word seq="15">then<GreekSeq>18</GreekSeq></word><word seq="16">gifts<GreekSeq>19</GreekSeq></word><word seq="17">of healing,<GreekSeq>20</GreekSeq></word><word seq="18">helping,<GreekSeq>21</GreekSeq></word><word seq="19">administrating,<GreekSeq>22</GreekSeq></word><word seq="20">and</word><word seq="21">[various] kinds<GreekSeq>23</GreekSeq></word><word seq="22">of tongues.<GreekSeq>24</GreekSeq></word></ESV></verse>
<verse number="29"><ESV><word seq="1">Are</word><word seq="2">all<GreekSeq>2</GreekSeq></word><word seq="3">apostles?<GreekSeq>3</GreekSeq></word><word seq="4">Are</word><word seq="5">all<GreekSeq>5</GreekSeq></word><word seq="6">prophets?<GreekSeq>6</GreekSeq></word><word seq="7">Are</word><word seq="8">all<GreekSeq>8</GreekSeq></word><word seq="9">teachers?<GreekSeq>9</GreekSeq></word><word seq="10">Do</word><word seq="11">all<GreekSeq>11</GreekSeq></word><word seq="12">[work] miracles?<GreekSeq>12</GreekSeq></word></ESV></verse>
<verse number="30"><ESV><word seq="1">Do</word><word seq="2">all<GreekSeq>2</GreekSeq></word><word seq="3">possess<GreekSeq>4</GreekSeq></word><word seq="4">gifts<GreekSeq>3</GreekSeq></word><word seq="5">of healing?<GreekSeq>5</GreekSeq></word><word seq="6">Do</word><word seq="7">all<GreekSeq>7</GreekSeq></word><word seq="8">speak<GreekSeq>9</GreekSeq></word><word seq="9">with tongues?<GreekSeq>8</GreekSeq></word><word seq="10">Do</word><word seq="11">all<GreekSeq>11</GreekSeq></word><word seq="12">interpret?<GreekSeq>12</GreekSeq></word></ESV></verse>
<verse number="31"><ESV><word seq="1">But<GreekSeq>2</GreekSeq></word><word seq="2">earnestly desire<GreekSeq>1</GreekSeq></word><word seq="3">the<GreekSeq>3</GreekSeq></word><word seq="4">higher<GreekSeq>6</GreekSeq></word><word seq="5">gifts.<GreekSeq>4</GreekSeq></word><word seq="6">And<GreekSeq>7</GreekSeq></word><word seq="7">I will show<GreekSeq>13</GreekSeq></word><word seq="8">you<GreekSeq>12</GreekSeq></word><word seq="9">a</word><word seq="10">still<GreekSeq>8</GreekSeq></word><word seq="11">more excellent<GreekSeq>9</GreekSeq><GreekSeq>10</GreekSeq></word><word seq="12">way.<GreekSeq>11</GreekSeq></word></ESV></verse></chapter></book>