<?xml version="1.0" encoding="UTF-8" standalone="no"?><book><chapter number="2">'<verse number="1"><ESV><word seq="1">My<GreekSeq>2</GreekSeq></word><word seq="2">little children,<GreekSeq>1</GreekSeq></word><word seq="3">I am writing<GreekSeq>4</GreekSeq></word><word seq="4">these things<GreekSeq>3</GreekSeq></word><word seq="5">to you<GreekSeq>5</GreekSeq></word><word seq="6">so that<GreekSeq>6</GreekSeq></word><word seq="7">you may<GreekSeq>8</GreekSeq></word><word seq="8">not<GreekSeq>7</GreekSeq></word><word seq="9">sin.<GreekSeq>12</GreekSeq></word><word seq="10">But<GreekSeq>9</GreekSeq></word><word seq="11">if<GreekSeq>10</GreekSeq></word><word seq="12">anyone<GreekSeq>11</GreekSeq></word><word seq="13">does sin,<GreekSeq>12</GreekSeq></word><word seq="14">we have<GreekSeq>14</GreekSeq></word><word seq="15">an advocate<GreekSeq>13</GreekSeq></word><word seq="16">with<GreekSeq>15</GreekSeq></word><word seq="17">the<GreekSeq>16</GreekSeq></word><word seq="18">Father,<GreekSeq>17</GreekSeq></word><word seq="19">Jesus<GreekSeq>18</GreekSeq></word><word seq="20">Christ<GreekSeq>19</GreekSeq></word><word seq="21">the righteous.<GreekSeq>20</GreekSeq></word></ESV></verse>
<verse number="2"><ESV><word seq="1">He<GreekSeq>2</GreekSeq></word><word seq="2">is<GreekSeq>4</GreekSeq></word><word seq="3">the propitiation<GreekSeq>3</GreekSeq></word><word seq="4">for<GreekSeq>5</GreekSeq></word><word seq="5">our<GreekSeq>8</GreekSeq></word><word seq="6">sins,<GreekSeq>7</GreekSeq></word><word seq="7">and<GreekSeq>13</GreekSeq></word><word seq="8">not<GreekSeq>9</GreekSeq></word><word seq="9">for<GreekSeq>10</GreekSeq></word><word seq="10">ours<GreekSeq>12</GreekSeq></word><word seq="11">only<GreekSeq>14</GreekSeq></word><word seq="12">but<GreekSeq>15</GreekSeq></word><word seq="13">also<GreekSeq>16</GreekSeq></word><word seq="14">for<GreekSeq>17</GreekSeq></word><word seq="15">the sins</word><word seq="16">of the<GreekSeq>19</GreekSeq></word><word seq="17">whole<GreekSeq>18</GreekSeq></word><word seq="18">world.<GreekSeq>20</GreekSeq></word></ESV></verse>
<verse number="3"><ESV><word seq="1">And<GreekSeq>1</GreekSeq></word><word seq="2">by<GreekSeq>2</GreekSeq></word><word seq="3">this<GreekSeq>3</GreekSeq></word><word seq="4">we know<GreekSeq>4</GreekSeq></word><word seq="5">that<GreekSeq>5</GreekSeq></word><word seq="6">we have come to know<GreekSeq>6</GreekSeq></word><word seq="7">him,<GreekSeq>7</GreekSeq></word><word seq="8">if<GreekSeq>8</GreekSeq></word><word seq="9">we</word><word seq="10">keep<GreekSeq>12</GreekSeq></word><word seq="11">his<GreekSeq>11</GreekSeq></word><word seq="12">commandments.<GreekSeq>10</GreekSeq></word></ESV></verse>
<verse number="4"><ESV><word seq="1">Whoever says<GreekSeq>1</GreekSeq><GreekSeq>2</GreekSeq></word><word seq="2">“I know<GreekSeq>4</GreekSeq></word><word seq="3">him”<GreekSeq>5</GreekSeq></word><word seq="4">but<GreekSeq>6</GreekSeq></word><word seq="5">does</word><word seq="6">not<GreekSeq>10</GreekSeq></word><word seq="7">keep<GreekSeq>11</GreekSeq></word><word seq="8">his<GreekSeq>9</GreekSeq></word><word seq="9">commandments<GreekSeq>8</GreekSeq></word><word seq="10">is<GreekSeq>13</GreekSeq></word><word seq="11">a liar,<GreekSeq>12</GreekSeq></word><word seq="12">and<GreekSeq>14</GreekSeq></word><word seq="13">the<GreekSeq>17</GreekSeq></word><word seq="14">truth<GreekSeq>18</GreekSeq></word><word seq="15">is<GreekSeq>20</GreekSeq></word><word seq="16">not<GreekSeq>19</GreekSeq></word><word seq="17">in<GreekSeq>15</GreekSeq></word><word seq="18">him,<GreekSeq>16</GreekSeq></word></ESV></verse>
<verse number="5"><ESV><word seq="1">but<GreekSeq>2</GreekSeq></word><word seq="2">whoever<GreekSeq>1</GreekSeq><GreekSeq>3</GreekSeq></word><word seq="3">keeps<GreekSeq>4</GreekSeq></word><word seq="4">his<GreekSeq>5</GreekSeq></word><word seq="5">word,<GreekSeq>7</GreekSeq></word><word seq="6">in<GreekSeq>9</GreekSeq></word><word seq="7">him<GreekSeq>10</GreekSeq></word><word seq="8">truly<GreekSeq>8</GreekSeq></word><word seq="9">the<GreekSeq>11</GreekSeq></word><word seq="10">love<GreekSeq>12</GreekSeq></word><word seq="11">of God<GreekSeq>14</GreekSeq></word><word seq="12">is perfected.<GreekSeq>15</GreekSeq></word><word seq="13">By<GreekSeq>16</GreekSeq></word><word seq="14">this<GreekSeq>17</GreekSeq></word><word seq="15">we [may] know<GreekSeq>18</GreekSeq></word><word seq="16">that<GreekSeq>19</GreekSeq></word><word seq="17">we are<GreekSeq>22</GreekSeq></word><word seq="18">in<GreekSeq>20</GreekSeq></word><word seq="19">him:<GreekSeq>21</GreekSeq></word></ESV></verse>
<verse number="6"><ESV><word seq="1">whoever<GreekSeq>1</GreekSeq></word><word seq="2">says<GreekSeq>2</GreekSeq></word><word seq="3">[he] abides<GreekSeq>5</GreekSeq></word><word seq="4">in<GreekSeq>3</GreekSeq></word><word seq="5">him<GreekSeq>4</GreekSeq></word><word seq="6">ought<GreekSeq>6</GreekSeq></word><word seq="7">to walk<GreekSeq>12</GreekSeq></word><word seq="8">in the same way [in which]<GreekSeq>7</GreekSeq></word><word seq="9">he<GreekSeq>8</GreekSeq></word><word seq="10">walked.<GreekSeq>9</GreekSeq></word></ESV></verse>
<verse number="7"><ESV><word seq="1">Beloved,<GreekSeq>1</GreekSeq></word><word seq="2">I am writing<GreekSeq>5</GreekSeq></word><word seq="3">you<GreekSeq>6</GreekSeq></word><word seq="4">no<GreekSeq>2</GreekSeq></word><word seq="5">new<GreekSeq>4</GreekSeq></word><word seq="6">commandment,<GreekSeq>3</GreekSeq></word><word seq="7">but<GreekSeq>7</GreekSeq></word><word seq="8">an old<GreekSeq>9</GreekSeq></word><word seq="9">commandment<GreekSeq>8</GreekSeq></word><word seq="10">that<GreekSeq>10</GreekSeq></word><word seq="11">you had<GreekSeq>11</GreekSeq></word><word seq="12">from<GreekSeq>12</GreekSeq></word><word seq="13">the beginning.<GreekSeq>13</GreekSeq></word><word seq="14">The<GreekSeq>14</GreekSeq></word><word seq="15">old<GreekSeq>17</GreekSeq></word><word seq="16">commandment<GreekSeq>15</GreekSeq></word><word seq="17">is<GreekSeq>18</GreekSeq></word><word seq="18">the<GreekSeq>19</GreekSeq></word><word seq="19">word<GreekSeq>20</GreekSeq></word><word seq="20">that<GreekSeq>21</GreekSeq></word><word seq="21">you have heard.<GreekSeq>22</GreekSeq></word></ESV></verse>
<verse number="8"><ESV><word seq="1">[At the same time],<GreekSeq>1</GreekSeq></word><word seq="2">it is</word><word seq="3">a new<GreekSeq>3</GreekSeq></word><word seq="4">commandment<GreekSeq>2</GreekSeq></word><word seq="5">that</word><word seq="6">I am writing<GreekSeq>4</GreekSeq></word><word seq="7">to you,<GreekSeq>5</GreekSeq></word><word seq="8">which<GreekSeq>6</GreekSeq></word><word seq="9">is<GreekSeq>7</GreekSeq></word><word seq="10">true<GreekSeq>8</GreekSeq></word><word seq="11">in<GreekSeq>9</GreekSeq></word><word seq="12">him<GreekSeq>10</GreekSeq></word><word seq="13">and<GreekSeq>11</GreekSeq></word><word seq="14">in<GreekSeq>12</GreekSeq></word><word seq="15">you,<GreekSeq>13</GreekSeq></word><word seq="16">because<GreekSeq>14</GreekSeq></word><word seq="17">the<GreekSeq>15</GreekSeq></word><word seq="18">darkness<GreekSeq>16</GreekSeq></word><word seq="19">is passing away<GreekSeq>17</GreekSeq></word><word seq="20">and<GreekSeq>18</GreekSeq></word><word seq="21">the<GreekSeq>19</GreekSeq></word><word seq="22">true<GreekSeq>22</GreekSeq></word><word seq="23">light<GreekSeq>20</GreekSeq></word><word seq="24">is<GreekSeq>24</GreekSeq></word><word seq="25">already<GreekSeq>23</GreekSeq></word><word seq="26">shining.<GreekSeq>24</GreekSeq></word></ESV></verse>
<verse number="9"><ESV><word seq="1">Whoever says<GreekSeq>1</GreekSeq><GreekSeq>2</GreekSeq></word><word seq="2">he is<GreekSeq>6</GreekSeq></word><word seq="3">in<GreekSeq>3</GreekSeq></word><word seq="4">the<GreekSeq>4</GreekSeq></word><word seq="5">light<GreekSeq>5</GreekSeq></word><word seq="6">and<GreekSeq>7</GreekSeq></word><word seq="7">hates<GreekSeq>11</GreekSeq></word><word seq="8">his<GreekSeq>10</GreekSeq></word><word seq="9">brother<GreekSeq>9</GreekSeq></word><word seq="10">is<GreekSeq>15</GreekSeq></word><word seq="11">still<GreekSeq>16</GreekSeq><GreekSeq>17</GreekSeq></word><word seq="12">in<GreekSeq>12</GreekSeq></word><word seq="13">darkness.<GreekSeq>14</GreekSeq></word></ESV></verse>
<verse number="10"><ESV><word seq="1">Whoever loves<GreekSeq>1</GreekSeq><GreekSeq>2</GreekSeq></word><word seq="2">his<GreekSeq>5</GreekSeq></word><word seq="3">brother<GreekSeq>4</GreekSeq></word><word seq="4">abides<GreekSeq>9</GreekSeq></word><word seq="5">in<GreekSeq>6</GreekSeq></word><word seq="6">the<GreekSeq>7</GreekSeq></word><word seq="7">light,<GreekSeq>8</GreekSeq></word><word seq="8">and<GreekSeq>10</GreekSeq></word><word seq="9">in<GreekSeq>12</GreekSeq></word><word seq="10">him<GreekSeq>13</GreekSeq></word><word seq="11">there is<GreekSeq>15</GreekSeq></word><word seq="12">no<GreekSeq>14</GreekSeq></word><word seq="13">cause for stumbling.<GreekSeq>11</GreekSeq></word></ESV></verse>
<verse number="11"><ESV><word seq="1">But<GreekSeq>2</GreekSeq></word><word seq="2">whoever hates<GreekSeq>1</GreekSeq><GreekSeq>3</GreekSeq></word><word seq="3">his<GreekSeq>6</GreekSeq></word><word seq="4">brother<GreekSeq>5</GreekSeq></word><word seq="5">is<GreekSeq>10</GreekSeq></word><word seq="6">in<GreekSeq>7</GreekSeq></word><word seq="7">the<GreekSeq>8</GreekSeq></word><word seq="8">darkness<GreekSeq>9</GreekSeq></word><word seq="9">and<GreekSeq>11</GreekSeq></word><word seq="10">walks<GreekSeq>15</GreekSeq></word><word seq="11">in<GreekSeq>12</GreekSeq></word><word seq="12">the<GreekSeq>13</GreekSeq></word><word seq="13">darkness,<GreekSeq>14</GreekSeq></word><word seq="14">and<GreekSeq>16</GreekSeq></word><word seq="15">does</word><word seq="16">not<GreekSeq>17</GreekSeq></word><word seq="17">know<GreekSeq>18</GreekSeq></word><word seq="18">where<GreekSeq>19</GreekSeq></word><word seq="19">he is going,<GreekSeq>20</GreekSeq></word><word seq="20">because<GreekSeq>21</GreekSeq></word><word seq="21">the<GreekSeq>22</GreekSeq></word><word seq="22">darkness<GreekSeq>23</GreekSeq></word><word seq="23">has blinded<GreekSeq>24</GreekSeq></word><word seq="24">his<GreekSeq>27</GreekSeq></word><word seq="25">eyes.<GreekSeq>26</GreekSeq></word></ESV></verse>
<verse number="12"><ESV><word seq="1">I am writing<GreekSeq>1</GreekSeq></word><word seq="2">to you,<GreekSeq>2</GreekSeq></word><word seq="3">little children,<GreekSeq>3</GreekSeq></word><word seq="4">because<GreekSeq>4</GreekSeq></word><word seq="5">[your]<GreekSeq>6</GreekSeq></word><word seq="6">sins<GreekSeq>8</GreekSeq></word><word seq="7">are forgiven<GreekSeq>5</GreekSeq></word><word seq="8">for<GreekSeq>9</GreekSeq></word><word seq="9">his<GreekSeq>12</GreekSeq></word><word seq="10">name’s<GreekSeq>11</GreekSeq></word><word seq="11">sake.<GreekSeq>9</GreekSeq></word></ESV></verse>
<verse number="13"><ESV><word seq="1">I am writing<GreekSeq>1</GreekSeq></word><word seq="2">to you,<GreekSeq>2</GreekSeq></word><word seq="3">fathers,<GreekSeq>3</GreekSeq></word><word seq="4">because<GreekSeq>4</GreekSeq></word><word seq="5">you know<GreekSeq>5</GreekSeq></word><word seq="6">him<GreekSeq>6</GreekSeq></word><word seq="7">who is</word><word seq="8">from<GreekSeq>7</GreekSeq></word><word seq="9">the beginning.<GreekSeq>8</GreekSeq></word><word seq="10">I am writing<GreekSeq>9</GreekSeq></word><word seq="11">to you,<GreekSeq>10</GreekSeq></word><word seq="12">young men,<GreekSeq>11</GreekSeq></word><word seq="13">because<GreekSeq>12</GreekSeq></word><word seq="14">you have overcome<GreekSeq>13</GreekSeq></word><word seq="15">the<GreekSeq>14</GreekSeq></word><word seq="16">evil one.<GreekSeq>15</GreekSeq></word><word seq="17">I write<GreekSeq>16</GreekSeq></word><word seq="18">to you,<GreekSeq>17</GreekSeq></word><word seq="19">children,<GreekSeq>18</GreekSeq></word><word seq="20">because<GreekSeq>19</GreekSeq></word><word seq="21">you know<GreekSeq>20</GreekSeq></word><word seq="22">the<GreekSeq>21</GreekSeq></word><word seq="23">Father.<GreekSeq>22</GreekSeq></word></ESV></verse>
<verse number="14"><ESV><word seq="1">I write<GreekSeq>1</GreekSeq></word><word seq="2">to you,<GreekSeq>2</GreekSeq></word><word seq="3">fathers,<GreekSeq>3</GreekSeq></word><word seq="4">because<GreekSeq>4</GreekSeq></word><word seq="5">you know<GreekSeq>5</GreekSeq></word><word seq="6">him<GreekSeq>6</GreekSeq></word><word seq="7">who is</word><word seq="8">from<GreekSeq>7</GreekSeq></word><word seq="9">the beginning.<GreekSeq>8</GreekSeq></word><word seq="10">I write<GreekSeq>9</GreekSeq></word><word seq="11">to you,<GreekSeq>10</GreekSeq></word><word seq="12">young men,<GreekSeq>11</GreekSeq></word><word seq="13">because<GreekSeq>12</GreekSeq></word><word seq="14">you are<GreekSeq>14</GreekSeq></word><word seq="15">strong,<GreekSeq>13</GreekSeq></word><word seq="16">and<GreekSeq>15</GreekSeq></word><word seq="17">the<GreekSeq>16</GreekSeq></word><word seq="18">word<GreekSeq>17</GreekSeq></word><word seq="19">of God<GreekSeq>19</GreekSeq></word><word seq="20">abides<GreekSeq>22</GreekSeq></word><word seq="21">in<GreekSeq>20</GreekSeq></word><word seq="22">you,<GreekSeq>21</GreekSeq></word><word seq="23">and<GreekSeq>23</GreekSeq></word><word seq="24">you have overcome<GreekSeq>24</GreekSeq></word><word seq="25">the<GreekSeq>25</GreekSeq></word><word seq="26">evil one.<GreekSeq>26</GreekSeq></word></ESV></verse>
<verse number="15"><ESV><word seq="1">Do</word><word seq="2">not<GreekSeq>1</GreekSeq></word><word seq="3">love<GreekSeq>2</GreekSeq></word><word seq="4">the<GreekSeq>3</GreekSeq></word><word seq="5">world<GreekSeq>4</GreekSeq></word><word seq="6">or<GreekSeq>5</GreekSeq></word><word seq="7">the things<GreekSeq>6</GreekSeq></word><word seq="8">in<GreekSeq>7</GreekSeq></word><word seq="9">the<GreekSeq>8</GreekSeq></word><word seq="10">world.<GreekSeq>9</GreekSeq></word><word seq="11">If<GreekSeq>10</GreekSeq></word><word seq="12">anyone<GreekSeq>11</GreekSeq></word><word seq="13">loves<GreekSeq>12</GreekSeq></word><word seq="14">the<GreekSeq>13</GreekSeq></word><word seq="15">world,<GreekSeq>14</GreekSeq></word><word seq="16">the<GreekSeq>17</GreekSeq></word><word seq="17">love<GreekSeq>18</GreekSeq></word><word seq="18">of the<GreekSeq>19</GreekSeq></word><word seq="19">Father<GreekSeq>20</GreekSeq></word><word seq="20">is<GreekSeq>16</GreekSeq></word><word seq="21">not<GreekSeq>15</GreekSeq></word><word seq="22">in<GreekSeq>21</GreekSeq></word><word seq="23">him.<GreekSeq>22</GreekSeq></word></ESV></verse>
<verse number="16"><ESV><word seq="1">For<GreekSeq>1</GreekSeq></word><word seq="2">all<GreekSeq>2</GreekSeq></word><word seq="3">that<GreekSeq>3</GreekSeq></word><word seq="4">is</word><word seq="5">in<GreekSeq>4</GreekSeq></word><word seq="6">the<GreekSeq>5</GreekSeq></word><word seq="7">world<GreekSeq>6</GreekSeq></word><word seq="8">— the<GreekSeq>7</GreekSeq></word><word seq="9">desires<GreekSeq>8</GreekSeq></word><word seq="10">of the<GreekSeq>9</GreekSeq></word><word seq="11">flesh<GreekSeq>10</GreekSeq></word><word seq="12">and<GreekSeq>11</GreekSeq></word><word seq="13">the<GreekSeq>12</GreekSeq></word><word seq="14">desires<GreekSeq>13</GreekSeq></word><word seq="15">of the<GreekSeq>14</GreekSeq></word><word seq="16">eyes<GreekSeq>15</GreekSeq></word><word seq="17">and<GreekSeq>16</GreekSeq></word><word seq="18">pride<GreekSeq>18</GreekSeq></word><word seq="19">of life —<GreekSeq>20</GreekSeq></word><word seq="20">is<GreekSeq>22</GreekSeq></word><word seq="21">not<GreekSeq>21</GreekSeq></word><word seq="22">from<GreekSeq>23</GreekSeq></word><word seq="23">the<GreekSeq>24</GreekSeq></word><word seq="24">Father<GreekSeq>25</GreekSeq></word><word seq="25">but<GreekSeq>26</GreekSeq></word><word seq="26">is<GreekSeq>30</GreekSeq></word><word seq="27">from<GreekSeq>27</GreekSeq></word><word seq="28">the<GreekSeq>28</GreekSeq></word><word seq="29">world.<GreekSeq>29</GreekSeq></word></ESV></verse>
<verse number="17"><ESV><word seq="1">And<GreekSeq>1</GreekSeq></word><word seq="2">the<GreekSeq>2</GreekSeq></word><word seq="3">world<GreekSeq>3</GreekSeq></word><word seq="4">is passing away<GreekSeq>4</GreekSeq></word><word seq="5">along with<GreekSeq>5</GreekSeq></word><word seq="6">its<GreekSeq>8</GreekSeq></word><word seq="7">desires,<GreekSeq>7</GreekSeq></word><word seq="8">but<GreekSeq>10</GreekSeq></word><word seq="9">whoever does<GreekSeq>9</GreekSeq><GreekSeq>11</GreekSeq></word><word seq="10">the<GreekSeq>12</GreekSeq></word><word seq="11">will<GreekSeq>13</GreekSeq></word><word seq="12">of God<GreekSeq>15</GreekSeq></word><word seq="13">abides<GreekSeq>16</GreekSeq></word><word seq="14">forever.<GreekSeq>17</GreekSeq><GreekSeq>18</GreekSeq><GreekSeq>19</GreekSeq></word></ESV></verse>
<verse number="18"><ESV><word seq="1">Children,<GreekSeq>1</GreekSeq></word><word seq="2">it is<GreekSeq>4</GreekSeq></word><word seq="3">the</word><word seq="4">last<GreekSeq>2</GreekSeq></word><word seq="5">hour,<GreekSeq>3</GreekSeq></word><word seq="6">and<GreekSeq>5</GreekSeq></word><word seq="7">as<GreekSeq>6</GreekSeq></word><word seq="8">you have heard<GreekSeq>7</GreekSeq></word><word seq="9">that<GreekSeq>8</GreekSeq></word><word seq="10">antichrist<GreekSeq>9</GreekSeq></word><word seq="11">is coming,<GreekSeq>10</GreekSeq></word><word seq="12">so<GreekSeq>11</GreekSeq></word><word seq="13">now<GreekSeq>12</GreekSeq></word><word seq="14">many<GreekSeq>14</GreekSeq></word><word seq="15">antichrists<GreekSeq>13</GreekSeq></word><word seq="16">have come.<GreekSeq>15</GreekSeq></word><word seq="17">Therefore<GreekSeq>16</GreekSeq></word><word seq="18">we know<GreekSeq>17</GreekSeq></word><word seq="19">that<GreekSeq>18</GreekSeq></word><word seq="20">it is<GreekSeq>21</GreekSeq></word><word seq="21">the</word><word seq="22">last<GreekSeq>19</GreekSeq></word><word seq="23">hour.<GreekSeq>20</GreekSeq></word></ESV></verse>
<verse number="19"><ESV><word seq="1">They went out<GreekSeq>3</GreekSeq></word><word seq="2">from<GreekSeq>1</GreekSeq></word><word seq="3">us,<GreekSeq>2</GreekSeq></word><word seq="4">but<GreekSeq>4</GreekSeq></word><word seq="5">they were<GreekSeq>6</GreekSeq></word><word seq="6">not<GreekSeq>5</GreekSeq></word><word seq="7">of<GreekSeq>7</GreekSeq></word><word seq="8">us;<GreekSeq>8</GreekSeq></word><word seq="9">for<GreekSeq>10</GreekSeq></word><word seq="10">if<GreekSeq>9</GreekSeq></word><word seq="11">they had been<GreekSeq>13</GreekSeq></word><word seq="12">of<GreekSeq>11</GreekSeq></word><word seq="13">us,<GreekSeq>12</GreekSeq></word><word seq="14">they would have continued<GreekSeq>14</GreekSeq><GreekSeq>15</GreekSeq></word><word seq="15">with<GreekSeq>16</GreekSeq></word><word seq="16">us.<GreekSeq>17</GreekSeq></word><word seq="17">But<GreekSeq>18</GreekSeq></word><word seq="18">they went out,</word><word seq="19">that<GreekSeq>19</GreekSeq></word><word seq="20">it might become plain<GreekSeq>20</GreekSeq></word><word seq="21">that<GreekSeq>21</GreekSeq></word><word seq="22">they<GreekSeq>23</GreekSeq></word><word seq="23">all<GreekSeq>24</GreekSeq></word><word seq="24">are<GreekSeq>23</GreekSeq></word><word seq="25">not<GreekSeq>22</GreekSeq></word><word seq="26">of<GreekSeq>25</GreekSeq></word><word seq="27">us.<GreekSeq>26</GreekSeq></word></ESV></verse>
<verse number="20"><ESV><word seq="1">But<GreekSeq>1</GreekSeq></word><word seq="2">you<GreekSeq>2</GreekSeq></word><word seq="3">have<GreekSeq>4</GreekSeq></word><word seq="4">[been] anointed<GreekSeq>3</GreekSeq></word><word seq="5">by<GreekSeq>5</GreekSeq></word><word seq="6">the<GreekSeq>6</GreekSeq></word><word seq="7">Holy One,<GreekSeq>7</GreekSeq></word><word seq="8">and<GreekSeq>8</GreekSeq></word><word seq="9">you<GreekSeq>9</GreekSeq></word><word seq="10">all<GreekSeq>10</GreekSeq></word><word seq="11">have knowledge.<GreekSeq>9</GreekSeq></word></ESV></verse>
<verse number="21"><ESV><word seq="1">I write<GreekSeq>2</GreekSeq></word><word seq="2">to you,<GreekSeq>3</GreekSeq></word><word seq="3">not<GreekSeq>1</GreekSeq></word><word seq="4">because<GreekSeq>4</GreekSeq></word><word seq="5">you do<GreekSeq>6</GreekSeq></word><word seq="6">not<GreekSeq>5</GreekSeq></word><word seq="7">know<GreekSeq>11</GreekSeq></word><word seq="8">the<GreekSeq>7</GreekSeq></word><word seq="9">truth,<GreekSeq>8</GreekSeq></word><word seq="10">but<GreekSeq>9</GreekSeq></word><word seq="11">because<GreekSeq>10</GreekSeq></word><word seq="12">you know<GreekSeq>11</GreekSeq></word><word seq="13">it,<GreekSeq>12</GreekSeq></word><word seq="14">and<GreekSeq>13</GreekSeq></word><word seq="15">because<GreekSeq>14</GreekSeq></word><word seq="16">no<GreekSeq>15</GreekSeq><GreekSeq>20</GreekSeq></word><word seq="17">lie<GreekSeq>16</GreekSeq></word><word seq="18">is<GreekSeq>21</GreekSeq></word><word seq="19">of<GreekSeq>17</GreekSeq></word><word seq="20">the<GreekSeq>18</GreekSeq></word><word seq="21">truth.<GreekSeq>19</GreekSeq></word></ESV></verse>
<verse number="22"><ESV><word seq="1">Who<GreekSeq>1</GreekSeq></word><word seq="2">is<GreekSeq>2</GreekSeq></word><word seq="3">the<GreekSeq>3</GreekSeq></word><word seq="4">liar<GreekSeq>4</GreekSeq></word><word seq="5" note="εἰ μή Strong Code (1508)">but<GreekSeq>5</GreekSeq><GreekSeq>6</GreekSeq></word><word seq="6">he<GreekSeq>7</GreekSeq></word><word seq="7">who denies<GreekSeq>8</GreekSeq></word><word seq="8">that<GreekSeq>9</GreekSeq></word><word seq="9">Jesus<GreekSeq>10</GreekSeq></word><word seq="10">is<GreekSeq>12</GreekSeq></word><word seq="11">the<GreekSeq>13</GreekSeq></word><word seq="12">Christ?<GreekSeq>14</GreekSeq></word><word seq="13">This<GreekSeq>15</GreekSeq></word><word seq="14">is<GreekSeq>16</GreekSeq></word><word seq="15">the<GreekSeq>17</GreekSeq></word><word seq="16">antichrist,<GreekSeq>18</GreekSeq></word><word seq="17">he<GreekSeq>19</GreekSeq></word><word seq="18">who denies<GreekSeq>20</GreekSeq></word><word seq="19">the<GreekSeq>21</GreekSeq></word><word seq="20">Father<GreekSeq>22</GreekSeq></word><word seq="21">and<GreekSeq>23</GreekSeq></word><word seq="22">the<GreekSeq>24</GreekSeq></word><word seq="23">Son.<GreekSeq>25</GreekSeq></word></ESV></verse>
<verse number="23"><ESV><word seq="1">No<GreekSeq>1</GreekSeq><GreekSeq>6</GreekSeq></word><word seq="2">one<GreekSeq>2</GreekSeq></word><word seq="3">who denies<GreekSeq>3</GreekSeq></word><word seq="4">the<GreekSeq>4</GreekSeq></word><word seq="5">Son<GreekSeq>5</GreekSeq></word><word seq="6">has<GreekSeq>9</GreekSeq></word><word seq="7">the<GreekSeq>7</GreekSeq></word><word seq="8">Father.<GreekSeq>8</GreekSeq></word><word seq="9">Whoever confesses<GreekSeq>10</GreekSeq><GreekSeq>11</GreekSeq></word><word seq="10">the<GreekSeq>12</GreekSeq></word><word seq="11">Son<GreekSeq>13</GreekSeq></word><word seq="12">has<GreekSeq>17</GreekSeq></word><word seq="13">the<GreekSeq>15</GreekSeq></word><word seq="14">Father<GreekSeq>16</GreekSeq></word><word seq="15">also.<GreekSeq>14</GreekSeq></word></ESV></verse>
<verse number="24"><ESV><word seq="1">Let<GreekSeq>8</GreekSeq></word><word seq="2">what<GreekSeq>2</GreekSeq></word><word seq="3">you<GreekSeq>1</GreekSeq></word><word seq="4">heard<GreekSeq>3</GreekSeq></word><word seq="5">from<GreekSeq>4</GreekSeq></word><word seq="6">the beginning<GreekSeq>5</GreekSeq></word><word seq="7">abide<GreekSeq>8</GreekSeq></word><word seq="8">in<GreekSeq>6</GreekSeq></word><word seq="9">you.<GreekSeq>7</GreekSeq></word><word seq="10">If<GreekSeq>9</GreekSeq></word><word seq="11">what<GreekSeq>13</GreekSeq></word><word seq="12">you heard<GreekSeq>16</GreekSeq></word><word seq="13">from<GreekSeq>14</GreekSeq></word><word seq="14">the beginning<GreekSeq>15</GreekSeq></word><word seq="15">abides<GreekSeq>12</GreekSeq></word><word seq="16">in<GreekSeq>10</GreekSeq></word><word seq="17">you,<GreekSeq>11</GreekSeq></word><word seq="18">then</word><word seq="19">you<GreekSeq>18</GreekSeq></word><word seq="20">too<GreekSeq>17</GreekSeq></word><word seq="21">will abide<GreekSeq>26</GreekSeq></word><word seq="22">in<GreekSeq>19</GreekSeq></word><word seq="23">the<GreekSeq>20</GreekSeq></word><word seq="24">Son<GreekSeq>21</GreekSeq></word><word seq="25">and<GreekSeq>22</GreekSeq></word><word seq="26">in<GreekSeq>23</GreekSeq></word><word seq="27">the<GreekSeq>24</GreekSeq></word><word seq="28">Father.<GreekSeq>25</GreekSeq></word></ESV></verse>
<verse number="25"><ESV><word seq="1">And<GreekSeq>1</GreekSeq></word><word seq="2">this<GreekSeq>2</GreekSeq></word><word seq="3">is<GreekSeq>3</GreekSeq></word><word seq="4">the<GreekSeq>4</GreekSeq></word><word seq="5">promise<GreekSeq>5</GreekSeq></word><word seq="6">that<GreekSeq>6</GreekSeq></word><word seq="7">he<GreekSeq>7</GreekSeq></word><word seq="8">made to<GreekSeq>8</GreekSeq></word><word seq="9">us<GreekSeq>9</GreekSeq></word><word seq="10">— eternal<GreekSeq>13</GreekSeq></word><word seq="11">life.<GreekSeq>11</GreekSeq></word></ESV></verse>
<verse number="26"><ESV><word seq="1">I write<GreekSeq>2</GreekSeq></word><word seq="2">these things<GreekSeq>1</GreekSeq></word><word seq="3">to you<GreekSeq>3</GreekSeq></word><word seq="4">about<GreekSeq>4</GreekSeq></word><word seq="5">those<GreekSeq>5</GreekSeq></word><word seq="6">who are trying to deceive<GreekSeq>6</GreekSeq></word><word seq="7">you.<GreekSeq>7</GreekSeq></word></ESV></verse>
<verse number="27"><ESV><word seq="1">But<GreekSeq>1</GreekSeq></word><word seq="2">the<GreekSeq>3</GreekSeq></word><word seq="3">anointing<GreekSeq>4</GreekSeq></word><word seq="4">that<GreekSeq>5</GreekSeq></word><word seq="5">you<GreekSeq>2</GreekSeq></word><word seq="6">received<GreekSeq>6</GreekSeq></word><word seq="7">from<GreekSeq>7</GreekSeq></word><word seq="8">him<GreekSeq>8</GreekSeq></word><word seq="9">abides<GreekSeq>9</GreekSeq></word><word seq="10">in<GreekSeq>10</GreekSeq></word><word seq="11">you,<GreekSeq>11</GreekSeq></word><word seq="12">and<GreekSeq>12</GreekSeq></word><word seq="13">you have<GreekSeq>15</GreekSeq></word><word seq="14">no<GreekSeq>13</GreekSeq></word><word seq="15">need<GreekSeq>14</GreekSeq></word><word seq="16">that<GreekSeq>16</GreekSeq></word><word seq="17">anyone<GreekSeq>17</GreekSeq></word><word seq="18">should teach<GreekSeq>18</GreekSeq></word><word seq="19">you.<GreekSeq>19</GreekSeq></word><word seq="20">But<GreekSeq>20</GreekSeq></word><word seq="21">as<GreekSeq>21</GreekSeq></word><word seq="22">his<GreekSeq>23</GreekSeq></word><word seq="23">anointing<GreekSeq>24</GreekSeq></word><word seq="24">teaches<GreekSeq>25</GreekSeq></word><word seq="25">you<GreekSeq>26</GreekSeq></word><word seq="26">about<GreekSeq>27</GreekSeq></word><word seq="27">everything,<GreekSeq>28</GreekSeq></word><word seq="28">and<GreekSeq>29</GreekSeq></word><word seq="29">is<GreekSeq>31</GreekSeq></word><word seq="30">true,<GreekSeq>30</GreekSeq></word><word seq="31">and<GreekSeq>32</GreekSeq></word><word seq="32">is<GreekSeq>34</GreekSeq></word><word seq="33">no<GreekSeq>33</GreekSeq></word><word seq="34">lie<GreekSeq>35</GreekSeq></word><word seq="35">— just as<GreekSeq>37</GreekSeq></word><word seq="36">it has taught<GreekSeq>38</GreekSeq></word><word seq="37">you,<GreekSeq>39</GreekSeq></word><word seq="38">abide<GreekSeq>40</GreekSeq></word><word seq="39">in<GreekSeq>41</GreekSeq></word><word seq="40">him.<GreekSeq>42</GreekSeq></word></ESV></verse>
<verse number="28"><ESV><word seq="1">And<GreekSeq>1</GreekSeq></word><word seq="2">now,<GreekSeq>2</GreekSeq></word><word seq="3">little children,<GreekSeq>3</GreekSeq></word><word seq="4">abide<GreekSeq>4</GreekSeq></word><word seq="5">in<GreekSeq>5</GreekSeq></word><word seq="6">him,<GreekSeq>6</GreekSeq></word><word seq="7">so that<GreekSeq>7</GreekSeq></word><word seq="8" note="Base of different Greek: ὅταν(3752)">when<GreekSeq>8</GreekSeq></word><word seq="9">he appears<GreekSeq>9</GreekSeq></word><word seq="10">we may have<GreekSeq>10</GreekSeq></word><word seq="11">confidence<GreekSeq>11</GreekSeq></word><word seq="12">and<GreekSeq>12</GreekSeq></word><word seq="13">not<GreekSeq>13</GreekSeq></word><word seq="14">shrink<GreekSeq>14</GreekSeq></word><word seq="15">from<GreekSeq>15</GreekSeq></word><word seq="16">him<GreekSeq>16</GreekSeq></word><word seq="17">in shame<GreekSeq>14</GreekSeq></word><word seq="18">at<GreekSeq>17</GreekSeq></word><word seq="19">his<GreekSeq>20</GreekSeq></word><word seq="20">coming.<GreekSeq>19</GreekSeq></word></ESV></verse>
<verse number="29"><ESV><word seq="1">If<GreekSeq>1</GreekSeq></word><word seq="2">you know<GreekSeq>2</GreekSeq></word><word seq="3">that<GreekSeq>3</GreekSeq></word><word seq="4">he is<GreekSeq>5</GreekSeq></word><word seq="5">righteous,<GreekSeq>4</GreekSeq></word><word seq="6">you [may] be sure<GreekSeq>6</GreekSeq></word><word seq="7">that<GreekSeq>7</GreekSeq></word><word seq="8">everyone<GreekSeq>9</GreekSeq><GreekSeq>10</GreekSeq></word><word seq="9">who practices<GreekSeq>11</GreekSeq></word><word seq="10">righteousness<GreekSeq>13</GreekSeq></word><word seq="11">has been born<GreekSeq>16</GreekSeq></word><word seq="12">of<GreekSeq>14</GreekSeq></word><word seq="13">him.<GreekSeq>15</GreekSeq></word></ESV></verse></chapter></book>