<?xml version="1.0" encoding="UTF-8" standalone="no"?><book><chapter number="5">'<verse number="1"><ESV><word seq="1">Everyone<GreekSeq>1</GreekSeq><GreekSeq>2</GreekSeq></word><word seq="2">who believes<GreekSeq>3</GreekSeq></word><word seq="3">that<GreekSeq>4</GreekSeq></word><word seq="4">Jesus<GreekSeq>5</GreekSeq></word><word seq="5">is<GreekSeq>6</GreekSeq></word><word seq="6">the<GreekSeq>7</GreekSeq></word><word seq="7">Christ<GreekSeq>8</GreekSeq></word><word seq="8">has been born<GreekSeq>12</GreekSeq></word><word seq="9">of<GreekSeq>9</GreekSeq></word><word seq="10">God,<GreekSeq>11</GreekSeq></word><word seq="11">and<GreekSeq>13</GreekSeq></word><word seq="12">everyone<GreekSeq>14</GreekSeq><GreekSeq>15</GreekSeq></word><word seq="13">who loves<GreekSeq>16</GreekSeq></word><word seq="14">the<GreekSeq>17</GreekSeq></word><word seq="15">[Father]<GreekSeq>18</GreekSeq></word><word seq="16">loves<GreekSeq>19</GreekSeq></word><word seq="17">whoever has been born<GreekSeq>21</GreekSeq><GreekSeq>22</GreekSeq></word><word seq="18">of<GreekSeq>23</GreekSeq></word><word seq="19">him.<GreekSeq>24</GreekSeq></word></ESV></verse>
<verse number="2"><ESV><word seq="1">By<GreekSeq>1</GreekSeq></word><word seq="2">this<GreekSeq>2</GreekSeq></word><word seq="3">we know<GreekSeq>3</GreekSeq></word><word seq="4">that<GreekSeq>4</GreekSeq></word><word seq="5">we love<GreekSeq>5</GreekSeq></word><word seq="6">the<GreekSeq>6</GreekSeq></word><word seq="7">children<GreekSeq>7</GreekSeq></word><word seq="8">of God,<GreekSeq>9</GreekSeq></word><word seq="9">when<GreekSeq>10</GreekSeq></word><word seq="10">we love<GreekSeq>13</GreekSeq></word><word seq="11">God<GreekSeq>12</GreekSeq></word><word seq="12">and<GreekSeq>14</GreekSeq></word><word seq="13" note="Base of different Greek: τηρῶμεν(5083)">obey<GreekSeq>18</GreekSeq></word><word seq="14">his<GreekSeq>17</GreekSeq></word><word seq="15">commandments.<GreekSeq>16</GreekSeq></word></ESV></verse>
<verse number="3"><ESV><word seq="1">For<GreekSeq>2</GreekSeq></word><word seq="2">this<GreekSeq>1</GreekSeq></word><word seq="3">is<GreekSeq>3</GreekSeq></word><word seq="4">the<GreekSeq>4</GreekSeq></word><word seq="5">love<GreekSeq>5</GreekSeq></word><word seq="6">of God,<GreekSeq>7</GreekSeq></word><word seq="7">that<GreekSeq>8</GreekSeq></word><word seq="8">we keep<GreekSeq>12</GreekSeq></word><word seq="9">his<GreekSeq>11</GreekSeq></word><word seq="10">commandments.<GreekSeq>10</GreekSeq></word><word seq="11">And<GreekSeq>13</GreekSeq></word><word seq="12">his<GreekSeq>16</GreekSeq></word><word seq="13">commandments<GreekSeq>15</GreekSeq></word><word seq="14">are<GreekSeq>19</GreekSeq></word><word seq="15">not<GreekSeq>18</GreekSeq></word><word seq="16">burdensome.<GreekSeq>17</GreekSeq></word></ESV></verse>
<verse number="4"><ESV><word seq="1">For<GreekSeq>1</GreekSeq></word><word seq="2">everyone<GreekSeq>2</GreekSeq><GreekSeq>3</GreekSeq></word><word seq="3">who has been born<GreekSeq>4</GreekSeq></word><word seq="4">of<GreekSeq>5</GreekSeq></word><word seq="5">God<GreekSeq>7</GreekSeq></word><word seq="6">overcomes<GreekSeq>8</GreekSeq></word><word seq="7">the<GreekSeq>9</GreekSeq></word><word seq="8">world.<GreekSeq>10</GreekSeq></word><word seq="9">And<GreekSeq>11</GreekSeq></word><word seq="10">this<GreekSeq>12</GreekSeq></word><word seq="11">is<GreekSeq>13</GreekSeq></word><word seq="12">the<GreekSeq>14</GreekSeq></word><word seq="13">victory<GreekSeq>15</GreekSeq></word><word seq="14">that has overcome<GreekSeq>17</GreekSeq></word><word seq="15">the<GreekSeq>18</GreekSeq></word><word seq="16">world<GreekSeq>19</GreekSeq></word><word seq="17">— our<GreekSeq>22</GreekSeq></word><word seq="18">faith.<GreekSeq>21</GreekSeq></word></ESV></verse>
<verse number="5"><ESV><word seq="1">Who<GreekSeq>1</GreekSeq></word><word seq="2">is<GreekSeq>3</GreekSeq></word><word seq="3">it<GreekSeq>4</GreekSeq></word><word seq="4">that overcomes<GreekSeq>5</GreekSeq></word><word seq="5">the<GreekSeq>6</GreekSeq></word><word seq="6">world<GreekSeq>7</GreekSeq></word><word seq="7" note="εἰ μή Strong Code (1508)">except<GreekSeq>8</GreekSeq><GreekSeq>9</GreekSeq></word><word seq="8">the one<GreekSeq>10</GreekSeq></word><word seq="9">who believes<GreekSeq>11</GreekSeq></word><word seq="10">that<GreekSeq>12</GreekSeq></word><word seq="11">Jesus<GreekSeq>13</GreekSeq></word><word seq="12">is<GreekSeq>14</GreekSeq></word><word seq="13">the<GreekSeq>15</GreekSeq></word><word seq="14">Son<GreekSeq>16</GreekSeq></word><word seq="15">of God?<GreekSeq>18</GreekSeq></word></ESV></verse>
<verse number="6"><ESV><word seq="1">This<GreekSeq>1</GreekSeq></word><word seq="2">is<GreekSeq>2</GreekSeq></word><word seq="3">he<GreekSeq>3</GreekSeq></word><word seq="4">who came<GreekSeq>4</GreekSeq></word><word seq="5">by<GreekSeq>5</GreekSeq></word><word seq="6">water<GreekSeq>6</GreekSeq></word><word seq="7">and<GreekSeq>7</GreekSeq></word><word seq="8">blood<GreekSeq>8</GreekSeq></word><word seq="9">— Jesus<GreekSeq>9</GreekSeq></word><word seq="10">Christ;<GreekSeq>10</GreekSeq></word><word seq="11">not<GreekSeq>11</GreekSeq></word><word seq="12">by<GreekSeq>12</GreekSeq></word><word seq="13">the<GreekSeq>13</GreekSeq></word><word seq="14">water<GreekSeq>14</GreekSeq></word><word seq="15">only<GreekSeq>15</GreekSeq></word><word seq="16">but<GreekSeq>16</GreekSeq></word><word seq="17">by<GreekSeq>17</GreekSeq></word><word seq="18">the<GreekSeq>18</GreekSeq></word><word seq="19">water<GreekSeq>19</GreekSeq></word><word seq="20">and<GreekSeq>20</GreekSeq></word><word seq="21">the<GreekSeq>22</GreekSeq></word><word seq="22">blood.<GreekSeq>23</GreekSeq></word><word seq="23">And<GreekSeq>24</GreekSeq></word><word seq="24">the<GreekSeq>25</GreekSeq></word><word seq="25">Spirit<GreekSeq>26</GreekSeq></word><word seq="26">is<GreekSeq>27</GreekSeq></word><word seq="27">the one<GreekSeq>28</GreekSeq></word><word seq="28">who testifies,<GreekSeq>29</GreekSeq></word><word seq="29">because<GreekSeq>30</GreekSeq></word><word seq="30">the<GreekSeq>31</GreekSeq></word><word seq="31">Spirit<GreekSeq>32</GreekSeq></word><word seq="32">is<GreekSeq>33</GreekSeq></word><word seq="33">the<GreekSeq>34</GreekSeq></word><word seq="34">truth.<GreekSeq>35</GreekSeq></word></ESV></verse>
<verse number="7"><ESV><word seq="1">For<GreekSeq>1</GreekSeq></word><word seq="2">there are<GreekSeq>3</GreekSeq></word><word seq="3">three<GreekSeq>2</GreekSeq></word><word seq="4">that testify:<GreekSeq>5</GreekSeq></word></ESV></verse>
<verse number="8"><ESV><word seq="1">the<GreekSeq>1</GreekSeq></word><word seq="2">Spirit<GreekSeq>2</GreekSeq></word><word seq="3">and<GreekSeq>3</GreekSeq></word><word seq="4">the<GreekSeq>4</GreekSeq></word><word seq="5">water<GreekSeq>5</GreekSeq></word><word seq="6">and<GreekSeq>6</GreekSeq></word><word seq="7">the<GreekSeq>7</GreekSeq></word><word seq="8">blood;<GreekSeq>8</GreekSeq></word><word seq="9">and<GreekSeq>9</GreekSeq></word><word seq="10">these<GreekSeq>10</GreekSeq></word><word seq="11">three<GreekSeq>11</GreekSeq></word><word seq="12">[agree].<GreekSeq>12</GreekSeq><GreekSeq>13</GreekSeq><GreekSeq>14</GreekSeq><GreekSeq>15</GreekSeq></word></ESV></verse>
<verse number="9"><ESV><word seq="1">If<GreekSeq>1</GreekSeq></word><word seq="2">we receive<GreekSeq>6</GreekSeq></word><word seq="3">the<GreekSeq>2</GreekSeq></word><word seq="4">testimony<GreekSeq>3</GreekSeq></word><word seq="5">of men,<GreekSeq>5</GreekSeq></word><word seq="6">the<GreekSeq>7</GreekSeq></word><word seq="7">testimony<GreekSeq>8</GreekSeq></word><word seq="8">of God<GreekSeq>10</GreekSeq></word><word seq="9">is<GreekSeq>12</GreekSeq></word><word seq="10">greater,<GreekSeq>11</GreekSeq></word><word seq="11">for<GreekSeq>13</GreekSeq></word><word seq="12">this<GreekSeq>14</GreekSeq></word><word seq="13">is<GreekSeq>15</GreekSeq></word><word seq="14">the<GreekSeq>16</GreekSeq></word><word seq="15">testimony<GreekSeq>17</GreekSeq></word><word seq="16">of God<GreekSeq>19</GreekSeq></word><word seq="17">that<GreekSeq>20</GreekSeq></word><word seq="18">he has borne<GreekSeq>21</GreekSeq></word><word seq="19">concerning<GreekSeq>22</GreekSeq></word><word seq="20">his<GreekSeq>25</GreekSeq></word><word seq="21">Son.<GreekSeq>24</GreekSeq></word></ESV></verse>
<verse number="10"><ESV><word seq="1">Whoever believes<GreekSeq>1</GreekSeq><GreekSeq>2</GreekSeq></word><word seq="2">in<GreekSeq>3</GreekSeq></word><word seq="3">the<GreekSeq>4</GreekSeq></word><word seq="4">Son<GreekSeq>5</GreekSeq></word><word seq="5">of God<GreekSeq>7</GreekSeq></word><word seq="6">has<GreekSeq>8</GreekSeq></word><word seq="7">the<GreekSeq>9</GreekSeq></word><word seq="8">testimony<GreekSeq>10</GreekSeq></word><word seq="9">in<GreekSeq>11</GreekSeq></word><word seq="10">himself.<GreekSeq>12</GreekSeq></word><word seq="11">Whoever does<GreekSeq>13</GreekSeq><GreekSeq>15</GreekSeq></word><word seq="12">not<GreekSeq>14</GreekSeq></word><word seq="13">believe<GreekSeq>15</GreekSeq></word><word seq="14">God<GreekSeq>17</GreekSeq></word><word seq="15">has made<GreekSeq>19</GreekSeq></word><word seq="16">him<GreekSeq>20</GreekSeq></word><word seq="17">a liar,<GreekSeq>18</GreekSeq></word><word seq="18">because<GreekSeq>21</GreekSeq></word><word seq="19">he has<GreekSeq>23</GreekSeq></word><word seq="20">not<GreekSeq>22</GreekSeq></word><word seq="21">believed<GreekSeq>23</GreekSeq></word><word seq="22">in<GreekSeq>24</GreekSeq></word><word seq="23">the<GreekSeq>25</GreekSeq></word><word seq="24">testimony<GreekSeq>26</GreekSeq></word><word seq="25">that<GreekSeq>27</GreekSeq></word><word seq="26">God<GreekSeq>30</GreekSeq></word><word seq="27">has borne<GreekSeq>28</GreekSeq></word><word seq="28">concerning<GreekSeq>31</GreekSeq></word><word seq="29">his<GreekSeq>34</GreekSeq></word><word seq="30">Son.<GreekSeq>33</GreekSeq></word></ESV></verse>
<verse number="11"><ESV><word seq="1">And<GreekSeq>1</GreekSeq></word><word seq="2">this<GreekSeq>2</GreekSeq></word><word seq="3">is<GreekSeq>3</GreekSeq></word><word seq="4">the<GreekSeq>4</GreekSeq></word><word seq="5">testimony,<GreekSeq>5</GreekSeq></word><word seq="6">that<GreekSeq>6</GreekSeq></word><word seq="7">God<GreekSeq>12</GreekSeq></word><word seq="8">gave<GreekSeq>9</GreekSeq></word><word seq="9">us<GreekSeq>10</GreekSeq></word><word seq="10">eternal<GreekSeq>8</GreekSeq></word><word seq="11">life,<GreekSeq>7</GreekSeq></word><word seq="12">and<GreekSeq>13</GreekSeq></word><word seq="13">this<GreekSeq>14</GreekSeq></word><word seq="14">life<GreekSeq>16</GreekSeq></word><word seq="15">is<GreekSeq>21</GreekSeq></word><word seq="16">in<GreekSeq>17</GreekSeq></word><word seq="17">his<GreekSeq>20</GreekSeq></word><word seq="18">Son.<GreekSeq>19</GreekSeq></word></ESV></verse>
<verse number="12"><ESV><word seq="1">Whoever has<GreekSeq>1</GreekSeq><GreekSeq>2</GreekSeq></word><word seq="2">the<GreekSeq>3</GreekSeq></word><word seq="3">Son<GreekSeq>4</GreekSeq></word><word seq="4">has<GreekSeq>5</GreekSeq></word><word seq="5">life;<GreekSeq>7</GreekSeq></word><word seq="6">whoever does<GreekSeq>8</GreekSeq><GreekSeq>10</GreekSeq></word><word seq="7">not<GreekSeq>9</GreekSeq></word><word seq="8">have<GreekSeq>10</GreekSeq></word><word seq="9">the<GreekSeq>11</GreekSeq></word><word seq="10">Son<GreekSeq>12</GreekSeq></word><word seq="11">of God<GreekSeq>14</GreekSeq></word><word seq="12">does</word><word seq="13">not<GreekSeq>17</GreekSeq></word><word seq="14">have<GreekSeq>18</GreekSeq></word><word seq="15">life.<GreekSeq>16</GreekSeq></word></ESV></verse>
<verse number="13"><ESV><word seq="1">I write<GreekSeq>2</GreekSeq></word><word seq="2">these things<GreekSeq>1</GreekSeq></word><word seq="3">to you<GreekSeq>3</GreekSeq></word><word seq="4">who believe<GreekSeq>11</GreekSeq></word><word seq="5">in<GreekSeq>12</GreekSeq></word><word seq="6">the<GreekSeq>13</GreekSeq></word><word seq="7">name<GreekSeq>14</GreekSeq></word><word seq="8">of the<GreekSeq>15</GreekSeq></word><word seq="9">Son<GreekSeq>16</GreekSeq></word><word seq="10">of God<GreekSeq>18</GreekSeq></word><word seq="11">that<GreekSeq>4</GreekSeq></word><word seq="12">you may know<GreekSeq>5</GreekSeq></word><word seq="13">that<GreekSeq>6</GreekSeq></word><word seq="14">you have<GreekSeq>8</GreekSeq></word><word seq="15">eternal<GreekSeq>9</GreekSeq></word><word seq="16">life.<GreekSeq>7</GreekSeq></word></ESV></verse>
<verse number="14"><ESV><word seq="1">And<GreekSeq>1</GreekSeq></word><word seq="2">this<GreekSeq>2</GreekSeq></word><word seq="3">is<GreekSeq>3</GreekSeq></word><word seq="4">the<GreekSeq>4</GreekSeq></word><word seq="5">confidence<GreekSeq>5</GreekSeq></word><word seq="6">that<GreekSeq>6</GreekSeq></word><word seq="7">we have<GreekSeq>7</GreekSeq></word><word seq="8">toward<GreekSeq>8</GreekSeq></word><word seq="9">him,<GreekSeq>9</GreekSeq></word><word seq="10">that<GreekSeq>10</GreekSeq></word><word seq="11">if<GreekSeq>11</GreekSeq></word><word seq="12">we ask<GreekSeq>13</GreekSeq></word><word seq="13">anything<GreekSeq>12</GreekSeq></word><word seq="14">according to<GreekSeq>14</GreekSeq></word><word seq="15">his<GreekSeq>17</GreekSeq></word><word seq="16">will<GreekSeq>16</GreekSeq></word><word seq="17">he hears<GreekSeq>18</GreekSeq></word><word seq="18">us.<GreekSeq>19</GreekSeq></word></ESV></verse>
<verse number="15"><ESV><word seq="1">And<GreekSeq>1</GreekSeq></word><word seq="2">if<GreekSeq>2</GreekSeq></word><word seq="3">we know<GreekSeq>3</GreekSeq></word><word seq="4">that<GreekSeq>4</GreekSeq></word><word seq="5">he hears<GreekSeq>5</GreekSeq></word><word seq="6">us<GreekSeq>6</GreekSeq></word><word seq="7">in whatever<GreekSeq>7</GreekSeq><GreekSeq>8</GreekSeq></word><word seq="8">we ask,<GreekSeq>9</GreekSeq></word><word seq="9">we know<GreekSeq>10</GreekSeq></word><word seq="10">that<GreekSeq>11</GreekSeq></word><word seq="11">we have<GreekSeq>12</GreekSeq></word><word seq="12">the<GreekSeq>13</GreekSeq></word><word seq="13">requests<GreekSeq>14</GreekSeq></word><word seq="14">that<GreekSeq>15</GreekSeq></word><word seq="15">we have asked<GreekSeq>16</GreekSeq></word><word seq="16">of<GreekSeq>17</GreekSeq></word><word seq="17">him.<GreekSeq>18</GreekSeq></word></ESV></verse>
<verse number="16"><ESV><word seq="1">If<GreekSeq>1</GreekSeq></word><word seq="2">anyone<GreekSeq>2</GreekSeq></word><word seq="3">sees<GreekSeq>3</GreekSeq></word><word seq="4">his<GreekSeq>6</GreekSeq></word><word seq="5">brother<GreekSeq>5</GreekSeq></word><word seq="6">committing<GreekSeq>7</GreekSeq></word><word seq="7">a sin<GreekSeq>8</GreekSeq></word><word seq="8">not<GreekSeq>9</GreekSeq></word><word seq="9">[leading] to<GreekSeq>10</GreekSeq></word><word seq="10">death,<GreekSeq>11</GreekSeq></word><word seq="11">he shall ask,<GreekSeq>12</GreekSeq></word><word seq="12">and<GreekSeq>13</GreekSeq></word><word seq="13">[God] will give<GreekSeq>14</GreekSeq></word><word seq="14">him<GreekSeq>15</GreekSeq></word><word seq="15">life<GreekSeq>16</GreekSeq></word><word seq="16">—to those<GreekSeq>17</GreekSeq></word><word seq="17">who commit sins<GreekSeq>18</GreekSeq></word><word seq="18">that do</word><word seq="19">not<GreekSeq>19</GreekSeq></word><word seq="20">[lead] to<GreekSeq>20</GreekSeq></word><word seq="21">death.<GreekSeq>21</GreekSeq></word><word seq="22">There is<GreekSeq>22</GreekSeq></word><word seq="23">sin<GreekSeq>23</GreekSeq></word><word seq="24">that</word><word seq="25">[leads] to<GreekSeq>24</GreekSeq></word><word seq="26">death;<GreekSeq>25</GreekSeq></word><word seq="27">I<GreekSeq>29</GreekSeq></word><word seq="28">do</word><word seq="29">not<GreekSeq>26</GreekSeq></word><word seq="30">say<GreekSeq>29</GreekSeq></word><word seq="31">that<GreekSeq>30</GreekSeq></word><word seq="32">one should pray<GreekSeq>31</GreekSeq></word><word seq="33">for<GreekSeq>27</GreekSeq></word><word seq="34">that.<GreekSeq>28</GreekSeq></word></ESV></verse>
<verse number="17"><ESV><word seq="1">All<GreekSeq>1</GreekSeq></word><word seq="2">wrongdoing<GreekSeq>2</GreekSeq></word><word seq="3">is<GreekSeq>4</GreekSeq></word><word seq="4">sin,<GreekSeq>3</GreekSeq></word><word seq="5">but<GreekSeq>5</GreekSeq></word><word seq="6">there is<GreekSeq>6</GreekSeq></word><word seq="7">sin<GreekSeq>7</GreekSeq></word><word seq="8">that does</word><word seq="9">not<GreekSeq>8</GreekSeq></word><word seq="10">[lead] to<GreekSeq>9</GreekSeq></word><word seq="11">death.<GreekSeq>10</GreekSeq></word></ESV></verse>
<verse number="18"><ESV><word seq="1">We know<GreekSeq>1</GreekSeq></word><word seq="2">that<GreekSeq>2</GreekSeq></word><word seq="3">everyone<GreekSeq>3</GreekSeq><GreekSeq>4</GreekSeq></word><word seq="4">who has been born<GreekSeq>5</GreekSeq></word><word seq="5">of<GreekSeq>6</GreekSeq></word><word seq="6">God<GreekSeq>8</GreekSeq></word><word seq="7">does</word><word seq="8">not<GreekSeq>9</GreekSeq></word><word seq="9">[keep on] sinning,<GreekSeq>10</GreekSeq></word><word seq="10">but<GreekSeq>11</GreekSeq></word><word seq="11">he who was born<GreekSeq>13</GreekSeq></word><word seq="12">of<GreekSeq>14</GreekSeq></word><word seq="13">God<GreekSeq>16</GreekSeq></word><word seq="14">protects<GreekSeq>17</GreekSeq></word><word seq="15">him,<GreekSeq>18</GreekSeq></word><word seq="16">and<GreekSeq>19</GreekSeq></word><word seq="17">the<GreekSeq>20</GreekSeq></word><word seq="18">evil one<GreekSeq>21</GreekSeq></word><word seq="19">does</word><word seq="20">not<GreekSeq>22</GreekSeq></word><word seq="21">touch<GreekSeq>23</GreekSeq></word><word seq="22">him.<GreekSeq>24</GreekSeq></word></ESV></verse>
<verse number="19"><ESV><word seq="1">We know<GreekSeq>1</GreekSeq></word><word seq="2">that<GreekSeq>2</GreekSeq></word><word seq="3">we are<GreekSeq>6</GreekSeq></word><word seq="4">from<GreekSeq>3</GreekSeq></word><word seq="5">God,<GreekSeq>5</GreekSeq></word><word seq="6">and<GreekSeq>7</GreekSeq></word><word seq="7">the<GreekSeq>8</GreekSeq></word><word seq="8">whole<GreekSeq>10</GreekSeq></word><word seq="9">world<GreekSeq>9</GreekSeq></word><word seq="10">lies<GreekSeq>14</GreekSeq></word><word seq="11">in<GreekSeq>11</GreekSeq></word><word seq="12">[the power of] the<GreekSeq>12</GreekSeq></word><word seq="13">evil one.<GreekSeq>13</GreekSeq></word></ESV></verse>
<verse number="20"><ESV><word seq="1">And<GreekSeq>2</GreekSeq></word><word seq="2">we know<GreekSeq>1</GreekSeq></word><word seq="3">that<GreekSeq>3</GreekSeq></word><word seq="4">the<GreekSeq>4</GreekSeq></word><word seq="5">Son<GreekSeq>5</GreekSeq></word><word seq="6">of God<GreekSeq>7</GreekSeq></word><word seq="7">has come<GreekSeq>8</GreekSeq></word><word seq="8">and<GreekSeq>9</GreekSeq></word><word seq="9">has given<GreekSeq>10</GreekSeq></word><word seq="10">us<GreekSeq>11</GreekSeq></word><word seq="11">understanding,<GreekSeq>12</GreekSeq></word><word seq="12">so that<GreekSeq>13</GreekSeq></word><word seq="13">we may know<GreekSeq>14</GreekSeq></word><word seq="14">him<GreekSeq>15</GreekSeq></word><word seq="15">who is</word><word seq="16">true;<GreekSeq>16</GreekSeq></word><word seq="17">and<GreekSeq>17</GreekSeq></word><word seq="18">we are<GreekSeq>18</GreekSeq></word><word seq="19">in<GreekSeq>19</GreekSeq></word><word seq="20">him<GreekSeq>20</GreekSeq></word><word seq="21">who is</word><word seq="22">true,<GreekSeq>21</GreekSeq></word><word seq="23">in<GreekSeq>22</GreekSeq></word><word seq="24">his<GreekSeq>25</GreekSeq></word><word seq="25">Son<GreekSeq>24</GreekSeq></word><word seq="26">Jesus<GreekSeq>26</GreekSeq></word><word seq="27">Christ.<GreekSeq>27</GreekSeq></word><word seq="28">He<GreekSeq>28</GreekSeq></word><word seq="29">is<GreekSeq>29</GreekSeq></word><word seq="30">the<GreekSeq>30</GreekSeq></word><word seq="31">true<GreekSeq>31</GreekSeq></word><word seq="32">God<GreekSeq>32</GreekSeq></word><word seq="33">and<GreekSeq>33</GreekSeq></word><word seq="34">eternal<GreekSeq>35</GreekSeq></word><word seq="35">life.<GreekSeq>34</GreekSeq></word></ESV></verse>
<verse number="21"><ESV><word seq="1">Little children,<GreekSeq>1</GreekSeq></word><word seq="2">keep<GreekSeq>2</GreekSeq></word><word seq="3">yourselves<GreekSeq>3</GreekSeq></word><word seq="4">from<GreekSeq>4</GreekSeq></word><word seq="5">idols.<GreekSeq>6</GreekSeq></word></ESV></verse></chapter></book>