<?xml version="1.0" encoding="UTF-8" standalone="no"?><book><chapter number="3">'<verse number="1"><ESV><word seq="1">See<GreekSeq>1</GreekSeq></word><word seq="2">what kind of<GreekSeq>2</GreekSeq></word><word seq="3">love<GreekSeq>3</GreekSeq></word><word seq="4">the<GreekSeq>6</GreekSeq></word><word seq="5">Father<GreekSeq>7</GreekSeq></word><word seq="6">has given<GreekSeq>4</GreekSeq></word><word seq="7">to us,<GreekSeq>5</GreekSeq></word><word seq="8">that<GreekSeq>8</GreekSeq></word><word seq="9">we should be called<GreekSeq>11</GreekSeq></word><word seq="10">children<GreekSeq>9</GreekSeq></word><word seq="11">of God;<GreekSeq>10</GreekSeq></word><word seq="12">and so<GreekSeq>12</GreekSeq></word><word seq="13">we are.<GreekSeq>13</GreekSeq></word><word seq="14">The reason why<GreekSeq>14</GreekSeq><GreekSeq>15</GreekSeq></word><word seq="15">the<GreekSeq>16</GreekSeq></word><word seq="16">world<GreekSeq>17</GreekSeq></word><word seq="17">does</word><word seq="18">not<GreekSeq>18</GreekSeq></word><word seq="19">know<GreekSeq>19</GreekSeq></word><word seq="20">us<GreekSeq>20</GreekSeq></word><word seq="21">is</word><word seq="22">that<GreekSeq>21</GreekSeq></word><word seq="23">it<GreekSeq>23</GreekSeq></word><word seq="24">did</word><word seq="25">not<GreekSeq>22</GreekSeq></word><word seq="26">know<GreekSeq>23</GreekSeq></word><word seq="27">him.<GreekSeq>24</GreekSeq></word></ESV></verse>
<verse number="2"><ESV><word seq="1">Beloved,<GreekSeq>1</GreekSeq></word><word seq="2">we are<GreekSeq>5</GreekSeq></word><word seq="3">God’s<GreekSeq>4</GreekSeq></word><word seq="4">children<GreekSeq>3</GreekSeq></word><word seq="5">now,<GreekSeq>2</GreekSeq></word><word seq="6">and<GreekSeq>6</GreekSeq></word><word seq="7">what<GreekSeq>9</GreekSeq></word><word seq="8">we will be<GreekSeq>10</GreekSeq></word><word seq="9">has<GreekSeq>8</GreekSeq></word><word seq="10">not yet<GreekSeq>7</GreekSeq></word><word seq="11">appeared;<GreekSeq>14</GreekSeq></word><word seq="12" note="Base of different Greek: δὲ(1161)">but</word><word seq="13">we know<GreekSeq>11</GreekSeq></word><word seq="14">that<GreekSeq>12</GreekSeq></word><word seq="15">when<GreekSeq>13</GreekSeq></word><word seq="16">he appears<GreekSeq>14</GreekSeq></word><word seq="17">we shall be<GreekSeq>17</GreekSeq></word><word seq="18">like<GreekSeq>15</GreekSeq></word><word seq="19">him,<GreekSeq>16</GreekSeq></word><word seq="20">because<GreekSeq>18</GreekSeq></word><word seq="21">we shall see<GreekSeq>19</GreekSeq></word><word seq="22">him<GreekSeq>20</GreekSeq></word><word seq="23">as<GreekSeq>21</GreekSeq></word><word seq="24">he is.<GreekSeq>22</GreekSeq></word></ESV></verse>
<verse number="3"><ESV><word seq="1">And<GreekSeq>1</GreekSeq></word><word seq="2">everyone<GreekSeq>2</GreekSeq><GreekSeq>3</GreekSeq></word><word seq="3">who</word><word seq="4">thus<GreekSeq>7</GreekSeq></word><word seq="5">hopes<GreekSeq>4</GreekSeq><GreekSeq>6</GreekSeq></word><word seq="6">in<GreekSeq>8</GreekSeq></word><word seq="7">him<GreekSeq>9</GreekSeq></word><word seq="8">purifies<GreekSeq>10</GreekSeq></word><word seq="9">himself<GreekSeq>11</GreekSeq></word><word seq="10">as<GreekSeq>12</GreekSeq></word><word seq="11">he<GreekSeq>13</GreekSeq></word><word seq="12">is<GreekSeq>15</GreekSeq></word><word seq="13">pure.<GreekSeq>14</GreekSeq></word></ESV></verse>
<verse number="4"><ESV><word seq="1">Everyone<GreekSeq>1</GreekSeq><GreekSeq>2</GreekSeq></word><word seq="2">who makes a practice of<GreekSeq>3</GreekSeq></word><word seq="3">sinning<GreekSeq>5</GreekSeq></word><word seq="4">also<GreekSeq>6</GreekSeq></word><word seq="5">practices<GreekSeq>9</GreekSeq></word><word seq="6">lawlessness;<GreekSeq>8</GreekSeq></word><word seq="7">sin<GreekSeq>12</GreekSeq></word><word seq="8">is<GreekSeq>13</GreekSeq></word><word seq="9">lawlessness.<GreekSeq>15</GreekSeq></word></ESV></verse>
<verse number="5"><ESV><word seq="1">You know<GreekSeq>2</GreekSeq></word><word seq="2">that<GreekSeq>3</GreekSeq></word><word seq="3">he<GreekSeq>4</GreekSeq></word><word seq="4">appeared<GreekSeq>5</GreekSeq></word><word seq="5">in order to<GreekSeq>6</GreekSeq></word><word seq="6">take away<GreekSeq>9</GreekSeq></word><word seq="7">sins,<GreekSeq>8</GreekSeq></word><word seq="8">and<GreekSeq>10</GreekSeq></word><word seq="9">in<GreekSeq>12</GreekSeq></word><word seq="10">him<GreekSeq>13</GreekSeq></word><word seq="11">there is<GreekSeq>15</GreekSeq></word><word seq="12">no<GreekSeq>14</GreekSeq></word><word seq="13">sin.<GreekSeq>11</GreekSeq></word></ESV></verse>
<verse number="6"><ESV><word seq="1">No<GreekSeq>1</GreekSeq><GreekSeq>6</GreekSeq></word><word seq="2">one<GreekSeq>2</GreekSeq></word><word seq="3">who abides<GreekSeq>5</GreekSeq></word><word seq="4">in<GreekSeq>3</GreekSeq></word><word seq="5">him<GreekSeq>4</GreekSeq></word><word seq="6">keeps on sinning;<GreekSeq>7</GreekSeq></word><word seq="7">no<GreekSeq>8</GreekSeq><GreekSeq>11</GreekSeq></word><word seq="8">one<GreekSeq>9</GreekSeq></word><word seq="9">who keeps on sinning<GreekSeq>10</GreekSeq></word><word seq="10">has [either] seen<GreekSeq>12</GreekSeq></word><word seq="11">him<GreekSeq>13</GreekSeq></word><word seq="12">or<GreekSeq>14</GreekSeq></word><word seq="13">known<GreekSeq>15</GreekSeq></word><word seq="14">him.<GreekSeq>16</GreekSeq></word></ESV></verse>
<verse number="7"><ESV><word seq="1">Little children,<GreekSeq>1</GreekSeq></word><word seq="2">let<GreekSeq>3</GreekSeq></word><word seq="3">no one<GreekSeq>2</GreekSeq></word><word seq="4">deceive<GreekSeq>3</GreekSeq></word><word seq="5">you.<GreekSeq>4</GreekSeq></word><word seq="6">Whoever practices<GreekSeq>5</GreekSeq><GreekSeq>6</GreekSeq></word><word seq="7">righteousness<GreekSeq>8</GreekSeq></word><word seq="8">is<GreekSeq>10</GreekSeq></word><word seq="9">righteous,<GreekSeq>9</GreekSeq></word><word seq="10">as<GreekSeq>11</GreekSeq></word><word seq="11">he<GreekSeq>12</GreekSeq></word><word seq="12">is<GreekSeq>14</GreekSeq></word><word seq="13">righteous.<GreekSeq>13</GreekSeq></word></ESV></verse>
<verse number="8"><ESV><word seq="1">Whoever makes a practice of<GreekSeq>1</GreekSeq><GreekSeq>2</GreekSeq></word><word seq="2">sinning<GreekSeq>4</GreekSeq></word><word seq="3">is<GreekSeq>8</GreekSeq></word><word seq="4">of<GreekSeq>5</GreekSeq></word><word seq="5">the<GreekSeq>6</GreekSeq></word><word seq="6">devil,<GreekSeq>7</GreekSeq></word><word seq="7">for<GreekSeq>9</GreekSeq></word><word seq="8">the<GreekSeq>12</GreekSeq></word><word seq="9">devil<GreekSeq>13</GreekSeq></word><word seq="10">has been sinning<GreekSeq>14</GreekSeq></word><word seq="11">from<GreekSeq>10</GreekSeq></word><word seq="12">the beginning.<GreekSeq>11</GreekSeq></word><word seq="13">The reason<GreekSeq>15</GreekSeq><GreekSeq>16</GreekSeq></word><word seq="14">the<GreekSeq>18</GreekSeq></word><word seq="15">Son<GreekSeq>19</GreekSeq></word><word seq="16">of God<GreekSeq>21</GreekSeq></word><word seq="17">appeared<GreekSeq>17</GreekSeq></word><word seq="18">was</word><word seq="19">to destroy<GreekSeq>22</GreekSeq><GreekSeq>23</GreekSeq></word><word seq="20">the<GreekSeq>24</GreekSeq></word><word seq="21">works<GreekSeq>25</GreekSeq></word><word seq="22">of the<GreekSeq>26</GreekSeq></word><word seq="23">devil.<GreekSeq>27</GreekSeq></word></ESV></verse>
<verse number="9"><ESV><word seq="1">No<GreekSeq>1</GreekSeq><GreekSeq>8</GreekSeq></word><word seq="2">one<GreekSeq>2</GreekSeq></word><word seq="3">born<GreekSeq>3</GreekSeq></word><word seq="4">of<GreekSeq>4</GreekSeq></word><word seq="5">God<GreekSeq>6</GreekSeq></word><word seq="6">makes a practice of<GreekSeq>9</GreekSeq></word><word seq="7">sinning,<GreekSeq>7</GreekSeq></word><word seq="8">for<GreekSeq>10</GreekSeq></word><word seq="9">[God]’s<GreekSeq>12</GreekSeq></word><word seq="10">seed<GreekSeq>11</GreekSeq></word><word seq="11">abides<GreekSeq>15</GreekSeq></word><word seq="12">in<GreekSeq>13</GreekSeq></word><word seq="13">him,<GreekSeq>14</GreekSeq></word><word seq="14">and<GreekSeq>16</GreekSeq></word><word seq="15">he cannot<GreekSeq>17</GreekSeq><GreekSeq>18</GreekSeq></word><word seq="16">keep on sinning<GreekSeq>19</GreekSeq></word><word seq="17">because<GreekSeq>20</GreekSeq></word><word seq="18">he has been born<GreekSeq>24</GreekSeq></word><word seq="19">of<GreekSeq>21</GreekSeq></word><word seq="20">God.<GreekSeq>23</GreekSeq></word></ESV></verse>
<verse number="10"><ESV><word seq="1">By<GreekSeq>1</GreekSeq></word><word seq="2">this<GreekSeq>2</GreekSeq></word><word seq="3">it is<GreekSeq>4</GreekSeq></word><word seq="4">evident<GreekSeq>3</GreekSeq></word><word seq="5">who are</word><word seq="6">the<GreekSeq>5</GreekSeq></word><word seq="7">children<GreekSeq>6</GreekSeq></word><word seq="8">of God,<GreekSeq>8</GreekSeq></word><word seq="9">and<GreekSeq>9</GreekSeq></word><word seq="10">who are</word><word seq="11">the<GreekSeq>10</GreekSeq></word><word seq="12">children<GreekSeq>11</GreekSeq></word><word seq="13">of the<GreekSeq>12</GreekSeq></word><word seq="14">devil:<GreekSeq>13</GreekSeq></word><word seq="15">whoever<GreekSeq>14</GreekSeq><GreekSeq>15</GreekSeq></word><word seq="16">does</word><word seq="17">not<GreekSeq>16</GreekSeq></word><word seq="18">practice<GreekSeq>17</GreekSeq></word><word seq="19">righteousness<GreekSeq>18</GreekSeq></word><word seq="20">is<GreekSeq>20</GreekSeq></word><word seq="21">not<GreekSeq>19</GreekSeq></word><word seq="22">of<GreekSeq>21</GreekSeq></word><word seq="23">God,<GreekSeq>23</GreekSeq></word><word seq="24">nor<GreekSeq>24</GreekSeq></word><word seq="25">is</word><word seq="26">the one<GreekSeq>25</GreekSeq></word><word seq="27">who does<GreekSeq>27</GreekSeq></word><word seq="28">not<GreekSeq>26</GreekSeq></word><word seq="29">love<GreekSeq>27</GreekSeq></word><word seq="30">his<GreekSeq>30</GreekSeq></word><word seq="31">brother.<GreekSeq>29</GreekSeq></word></ESV></verse>
<verse number="11"><ESV><word seq="1">For<GreekSeq>1</GreekSeq></word><word seq="2">this<GreekSeq>2</GreekSeq></word><word seq="3">is<GreekSeq>3</GreekSeq></word><word seq="4">the<GreekSeq>4</GreekSeq></word><word seq="5">message<GreekSeq>5</GreekSeq></word><word seq="6">that<GreekSeq>6</GreekSeq></word><word seq="7">you have heard<GreekSeq>7</GreekSeq></word><word seq="8">from<GreekSeq>8</GreekSeq></word><word seq="9">the beginning,<GreekSeq>9</GreekSeq></word><word seq="10">that<GreekSeq>10</GreekSeq></word><word seq="11">we should love<GreekSeq>11</GreekSeq></word><word seq="12">one another.<GreekSeq>12</GreekSeq></word></ESV></verse>
<verse number="12"><ESV><word seq="1">We should</word><word seq="2">not<GreekSeq>1</GreekSeq></word><word seq="3">be</word><word seq="4">like<GreekSeq>2</GreekSeq></word><word seq="5">Cain,<GreekSeq>3</GreekSeq></word><word seq="6">who</word><word seq="7">was<GreekSeq>7</GreekSeq></word><word seq="8">of<GreekSeq>4</GreekSeq></word><word seq="9">the<GreekSeq>5</GreekSeq></word><word seq="10">evil one<GreekSeq>6</GreekSeq></word><word seq="11">and<GreekSeq>8</GreekSeq></word><word seq="12">murdered<GreekSeq>9</GreekSeq></word><word seq="13">his<GreekSeq>12</GreekSeq></word><word seq="14">brother.<GreekSeq>11</GreekSeq></word><word seq="15">And<GreekSeq>13</GreekSeq></word><word seq="16">why<GreekSeq>14</GreekSeq><GreekSeq>15</GreekSeq></word><word seq="17">did he murder<GreekSeq>16</GreekSeq></word><word seq="18">him?<GreekSeq>17</GreekSeq></word><word seq="19">Because<GreekSeq>18</GreekSeq></word><word seq="20">his own<GreekSeq>21</GreekSeq></word><word seq="21">deeds<GreekSeq>20</GreekSeq></word><word seq="22">were<GreekSeq>23</GreekSeq></word><word seq="23">evil<GreekSeq>22</GreekSeq></word><word seq="24">and<GreekSeq>25</GreekSeq></word><word seq="25">his<GreekSeq>28</GreekSeq></word><word seq="26">brother’s<GreekSeq>27</GreekSeq></word><word seq="27">righteous.<GreekSeq>29</GreekSeq></word></ESV></verse>
<verse number="13"><ESV><word seq="1">Do</word><word seq="2">not<GreekSeq>2</GreekSeq></word><word seq="3">be surprised,<GreekSeq>3</GreekSeq></word><word seq="4">brothers,<GreekSeq>4</GreekSeq></word><word seq="5">that<GreekSeq>5</GreekSeq></word><word seq="6">the<GreekSeq>8</GreekSeq></word><word seq="7">world<GreekSeq>9</GreekSeq></word><word seq="8">hates<GreekSeq>6</GreekSeq></word><word seq="9">you.<GreekSeq>7</GreekSeq></word></ESV></verse>
<verse number="14"><ESV><word seq="1">We<GreekSeq>1</GreekSeq></word><word seq="2">know<GreekSeq>2</GreekSeq></word><word seq="3">that<GreekSeq>3</GreekSeq></word><word seq="4">we<GreekSeq>1</GreekSeq></word><word seq="5">have passed<GreekSeq>4</GreekSeq></word><word seq="6">out of<GreekSeq>5</GreekSeq></word><word seq="7">death<GreekSeq>7</GreekSeq></word><word seq="8">into<GreekSeq>8</GreekSeq></word><word seq="9">life,<GreekSeq>10</GreekSeq></word><word seq="10">because<GreekSeq>11</GreekSeq></word><word seq="11">we love<GreekSeq>12</GreekSeq></word><word seq="12">the<GreekSeq>13</GreekSeq></word><word seq="13">brothers.<GreekSeq>14</GreekSeq></word><word seq="14">Whoever<GreekSeq>15</GreekSeq></word><word seq="15">does</word><word seq="16">not<GreekSeq>16</GreekSeq></word><word seq="17">love<GreekSeq>17</GreekSeq></word><word seq="18">abides<GreekSeq>18</GreekSeq></word><word seq="19">in<GreekSeq>19</GreekSeq></word><word seq="20">death.<GreekSeq>21</GreekSeq></word></ESV></verse>
<verse number="15"><ESV><word seq="1">Everyone<GreekSeq>1</GreekSeq><GreekSeq>2</GreekSeq></word><word seq="2">who hates<GreekSeq>3</GreekSeq></word><word seq="3">his<GreekSeq>6</GreekSeq></word><word seq="4">brother<GreekSeq>5</GreekSeq></word><word seq="5">is<GreekSeq>8</GreekSeq></word><word seq="6">a murderer,<GreekSeq>7</GreekSeq></word><word seq="7">and<GreekSeq>9</GreekSeq></word><word seq="8">you know<GreekSeq>10</GreekSeq></word><word seq="9">that<GreekSeq>11</GreekSeq></word><word seq="10">no<GreekSeq>12</GreekSeq><GreekSeq>14</GreekSeq></word><word seq="11">murderer<GreekSeq>13</GreekSeq></word><word seq="12">has<GreekSeq>15</GreekSeq></word><word seq="13">eternal<GreekSeq>17</GreekSeq></word><word seq="14">life<GreekSeq>16</GreekSeq></word><word seq="15">abiding<GreekSeq>20</GreekSeq></word><word seq="16">in<GreekSeq>18</GreekSeq></word><word seq="17">him.<GreekSeq>19</GreekSeq></word></ESV></verse>
<verse number="16"><ESV><word seq="1">By<GreekSeq>1</GreekSeq></word><word seq="2">this<GreekSeq>2</GreekSeq></word><word seq="3">we know<GreekSeq>3</GreekSeq></word><word seq="4">love,<GreekSeq>5</GreekSeq></word><word seq="5">that<GreekSeq>6</GreekSeq></word><word seq="6">he<GreekSeq>7</GreekSeq></word><word seq="7">laid down<GreekSeq>13</GreekSeq></word><word seq="8">his<GreekSeq>12</GreekSeq></word><word seq="9">life<GreekSeq>11</GreekSeq></word><word seq="10">for<GreekSeq>8</GreekSeq></word><word seq="11">us,<GreekSeq>9</GreekSeq></word><word seq="12">and<GreekSeq>14</GreekSeq></word><word seq="13">we<GreekSeq>15</GreekSeq></word><word seq="14">ought<GreekSeq>16</GreekSeq></word><word seq="15">to lay down<GreekSeq>22</GreekSeq></word><word seq="16">our</word><word seq="17">lives<GreekSeq>21</GreekSeq></word><word seq="18">for<GreekSeq>17</GreekSeq></word><word seq="19">the<GreekSeq>18</GreekSeq></word><word seq="20">brothers.<GreekSeq>19</GreekSeq></word></ESV></verse>
<verse number="17"><ESV><word seq="1">But<GreekSeq>2</GreekSeq></word><word seq="2">if anyone<GreekSeq>1</GreekSeq><GreekSeq>3</GreekSeq></word><word seq="3">has<GreekSeq>4</GreekSeq></word><word seq="4">the<GreekSeq>7</GreekSeq></word><word seq="5">world’s<GreekSeq>8</GreekSeq></word><word seq="6">goods<GreekSeq>6</GreekSeq></word><word seq="7">and<GreekSeq>9</GreekSeq></word><word seq="8">sees<GreekSeq>10</GreekSeq></word><word seq="9">his<GreekSeq>13</GreekSeq></word><word seq="10">brother<GreekSeq>12</GreekSeq></word><word seq="11">in need,<GreekSeq>14</GreekSeq><GreekSeq>15</GreekSeq></word><word seq="12">yet<GreekSeq>16</GreekSeq></word><word seq="13">closes<GreekSeq>17</GreekSeq></word><word seq="14">his<GreekSeq>20</GreekSeq></word><word seq="15">heart<GreekSeq>19</GreekSeq></word><word seq="16">against<GreekSeq>21</GreekSeq></word><word seq="17">him,<GreekSeq>22</GreekSeq></word><word seq="18">how<GreekSeq>23</GreekSeq></word><word seq="19">does</word><word seq="20">God’s<GreekSeq>27</GreekSeq></word><word seq="21">love<GreekSeq>25</GreekSeq></word><word seq="22">abide<GreekSeq>28</GreekSeq></word><word seq="23">in<GreekSeq>29</GreekSeq></word><word seq="24">him?<GreekSeq>30</GreekSeq></word></ESV></verse>
<verse number="18"><ESV><word seq="1">Little children,<GreekSeq>1</GreekSeq></word><word seq="2">let us<GreekSeq>3</GreekSeq></word><word seq="3">not<GreekSeq>2</GreekSeq></word><word seq="4">love<GreekSeq>3</GreekSeq></word><word seq="5">in word<GreekSeq>4</GreekSeq></word><word seq="6">or<GreekSeq>5</GreekSeq></word><word seq="7">talk<GreekSeq>7</GreekSeq></word><word seq="8">but<GreekSeq>8</GreekSeq></word><word seq="9">in<GreekSeq>9</GreekSeq></word><word seq="10">deed<GreekSeq>10</GreekSeq></word><word seq="11">and<GreekSeq>11</GreekSeq></word><word seq="12">in truth.<GreekSeq>12</GreekSeq></word></ESV></verse>
<verse number="19"><ESV><word seq="1">By<GreekSeq>2</GreekSeq></word><word seq="2">this<GreekSeq>3</GreekSeq></word><word seq="3">we shall know<GreekSeq>4</GreekSeq></word><word seq="4">that<GreekSeq>5</GreekSeq></word><word seq="5">we are<GreekSeq>9</GreekSeq></word><word seq="6">of<GreekSeq>6</GreekSeq></word><word seq="7">the<GreekSeq>7</GreekSeq></word><word seq="8">truth<GreekSeq>8</GreekSeq></word><word seq="9">and<GreekSeq>10</GreekSeq></word><word seq="10">reassure<GreekSeq>13</GreekSeq></word><word seq="11">our<GreekSeq>16</GreekSeq></word><word seq="12">heart<GreekSeq>15</GreekSeq></word><word seq="13">before<GreekSeq>11</GreekSeq></word><word seq="14">him;<GreekSeq>12</GreekSeq></word></ESV></verse>
<verse number="20"><ESV><word seq="1">for<GreekSeq>1</GreekSeq></word><word seq="2">whenever<GreekSeq>2</GreekSeq></word><word seq="3">our<GreekSeq>4</GreekSeq></word><word seq="4">heart<GreekSeq>6</GreekSeq></word><word seq="5">condemns<GreekSeq>3</GreekSeq></word><word seq="6">us,</word><word seq="7">God<GreekSeq>11</GreekSeq></word><word seq="8">is<GreekSeq>9</GreekSeq></word><word seq="9">greater than<GreekSeq>8</GreekSeq></word><word seq="10">our<GreekSeq>14</GreekSeq></word><word seq="11">heart,<GreekSeq>13</GreekSeq></word><word seq="12">and<GreekSeq>15</GreekSeq></word><word seq="13">he knows<GreekSeq>16</GreekSeq></word><word seq="14">everything.<GreekSeq>17</GreekSeq></word></ESV></verse>
<verse number="21"><ESV><word seq="1">Beloved,<GreekSeq>1</GreekSeq></word><word seq="2">if<GreekSeq>2</GreekSeq></word><word seq="3">our<GreekSeq>5</GreekSeq></word><word seq="4">heart<GreekSeq>4</GreekSeq></word><word seq="5">does</word><word seq="6">not<GreekSeq>6</GreekSeq></word><word seq="7">condemn<GreekSeq>7</GreekSeq></word><word seq="8" note="Base of different Greek: ἡμῶν(2257)">us,</word><word seq="9">we have<GreekSeq>9</GreekSeq></word><word seq="10">confidence<GreekSeq>8</GreekSeq></word><word seq="11">before<GreekSeq>10</GreekSeq></word><word seq="12">God;<GreekSeq>12</GreekSeq></word></ESV></verse>
<verse number="22"><ESV><word seq="1">and<GreekSeq>1</GreekSeq></word><word seq="2">whatever<GreekSeq>2</GreekSeq><GreekSeq>3</GreekSeq></word><word seq="3">we ask<GreekSeq>4</GreekSeq></word><word seq="4">we receive<GreekSeq>5</GreekSeq></word><word seq="5">from<GreekSeq>6</GreekSeq></word><word seq="6">him,<GreekSeq>7</GreekSeq></word><word seq="7">because<GreekSeq>8</GreekSeq></word><word seq="8">we keep<GreekSeq>12</GreekSeq></word><word seq="9">his<GreekSeq>11</GreekSeq></word><word seq="10">commandments<GreekSeq>10</GreekSeq></word><word seq="11">and<GreekSeq>13</GreekSeq></word><word seq="12">do<GreekSeq>18</GreekSeq></word><word seq="13">what<GreekSeq>14</GreekSeq></word><word seq="14">pleases him.<GreekSeq>15</GreekSeq><GreekSeq>17</GreekSeq></word></ESV></verse>
<verse number="23"><ESV><word seq="1">And<GreekSeq>1</GreekSeq></word><word seq="2">this<GreekSeq>2</GreekSeq></word><word seq="3">is<GreekSeq>3</GreekSeq></word><word seq="4">his<GreekSeq>6</GreekSeq></word><word seq="5">commandment,<GreekSeq>5</GreekSeq></word><word seq="6">that<GreekSeq>7</GreekSeq></word><word seq="7">we believe<GreekSeq>8</GreekSeq></word><word seq="8">in the<GreekSeq>9</GreekSeq></word><word seq="9">name<GreekSeq>10</GreekSeq></word><word seq="10">of<GreekSeq>12</GreekSeq></word><word seq="11">his<GreekSeq>13</GreekSeq></word><word seq="12">Son<GreekSeq>12</GreekSeq></word><word seq="13">Jesus<GreekSeq>14</GreekSeq></word><word seq="14">Christ<GreekSeq>15</GreekSeq></word><word seq="15">and<GreekSeq>16</GreekSeq></word><word seq="16">love<GreekSeq>17</GreekSeq></word><word seq="17">one another,<GreekSeq>18</GreekSeq></word><word seq="18">just as<GreekSeq>19</GreekSeq></word><word seq="19">he has commanded<GreekSeq>20</GreekSeq><GreekSeq>21</GreekSeq></word><word seq="20">us.<GreekSeq>22</GreekSeq></word></ESV></verse>
<verse number="24"><ESV><word seq="1">Whoever keeps<GreekSeq>2</GreekSeq><GreekSeq>3</GreekSeq></word><word seq="2">his<GreekSeq>6</GreekSeq></word><word seq="3">commandments<GreekSeq>5</GreekSeq></word><word seq="4">abides<GreekSeq>9</GreekSeq></word><word seq="5">in<GreekSeq>7</GreekSeq></word><word seq="6">[God],<GreekSeq>8</GreekSeq></word><word seq="7">and<GreekSeq>10</GreekSeq></word><word seq="8">[God]<GreekSeq>11</GreekSeq></word><word seq="9">in<GreekSeq>12</GreekSeq></word><word seq="10">him.<GreekSeq>13</GreekSeq></word><word seq="11">And<GreekSeq>14</GreekSeq></word><word seq="12">by<GreekSeq>15</GreekSeq></word><word seq="13">this<GreekSeq>16</GreekSeq></word><word seq="14">we know<GreekSeq>17</GreekSeq></word><word seq="15">that<GreekSeq>18</GreekSeq></word><word seq="16">he abides<GreekSeq>19</GreekSeq></word><word seq="17">in<GreekSeq>20</GreekSeq></word><word seq="18">us,<GreekSeq>21</GreekSeq></word><word seq="19">by<GreekSeq>22</GreekSeq></word><word seq="20">the<GreekSeq>23</GreekSeq></word><word seq="21">Spirit<GreekSeq>24</GreekSeq></word><word seq="22">whom<GreekSeq>25</GreekSeq></word><word seq="23">he has given<GreekSeq>27</GreekSeq></word><word seq="24">us.<GreekSeq>26</GreekSeq></word></ESV></verse></chapter></book>