<?xml version="1.0" encoding="UTF-8" standalone="no"?><book><chapter number="3">'<verse number="1"><ESV><word seq="1">Likewise,<GreekSeq>1</GreekSeq></word><word seq="2">wives,<GreekSeq>3</GreekSeq></word><word seq="3">be subject<GreekSeq>4</GreekSeq></word><word seq="4">to your own<GreekSeq>6</GreekSeq></word><word seq="5">husbands,<GreekSeq>7</GreekSeq></word><word seq="6">so that<GreekSeq>8</GreekSeq></word><word seq="7">even<GreekSeq>9</GreekSeq></word><word seq="8">if<GreekSeq>10</GreekSeq></word><word seq="9">some<GreekSeq>11</GreekSeq></word><word seq="10">do not obey<GreekSeq>12</GreekSeq></word><word seq="11">the<GreekSeq>13</GreekSeq></word><word seq="12">word,<GreekSeq>14</GreekSeq></word><word seq="13">they may be won<GreekSeq>22</GreekSeq></word><word seq="14">without<GreekSeq>20</GreekSeq></word><word seq="15">a word<GreekSeq>21</GreekSeq></word><word seq="16">by<GreekSeq>15</GreekSeq></word><word seq="17">the<GreekSeq>16</GreekSeq></word><word seq="18">conduct<GreekSeq>19</GreekSeq></word><word seq="19">of [their] wives,<GreekSeq>18</GreekSeq></word></ESV></verse>
<verse number="2"><ESV><word seq="1">when they see<GreekSeq>1</GreekSeq></word><word seq="2">your<GreekSeq>7</GreekSeq></word><word seq="3">respectful<GreekSeq>4</GreekSeq></word><word seq="4">and</word><word seq="5">pure<GreekSeq>5</GreekSeq></word><word seq="6">conduct.<GreekSeq>6</GreekSeq></word></ESV></verse>
<verse number="3"><ESV><word seq="1">Do</word><word seq="2">not<GreekSeq>3</GreekSeq></word><word seq="3">let<GreekSeq>2</GreekSeq></word><word seq="4">[your]<GreekSeq>1</GreekSeq></word><word seq="5">adorning<GreekSeq>14</GreekSeq></word><word seq="6">be<GreekSeq>2</GreekSeq></word><word seq="7">external<GreekSeq>5</GreekSeq></word><word seq="8">— the braiding of<GreekSeq>6</GreekSeq></word><word seq="9">hair<GreekSeq>7</GreekSeq></word><word seq="10">and<GreekSeq>8</GreekSeq></word><word seq="11">the putting on of<GreekSeq>9</GreekSeq></word><word seq="12">gold [jewelry],<GreekSeq>10</GreekSeq></word><word seq="13">or<GreekSeq>11</GreekSeq></word><word seq="14">the clothing<GreekSeq>13</GreekSeq></word><word seq="15">[you] wear —<GreekSeq>12</GreekSeq></word></ESV></verse>
<verse number="4"><ESV><word seq="1">but<GreekSeq>1</GreekSeq></word><word seq="2">let your adorning be</word><word seq="3">the<GreekSeq>2</GreekSeq></word><word seq="4">hidden<GreekSeq>3</GreekSeq></word><word seq="5">person<GreekSeq>6</GreekSeq></word><word seq="6">of the<GreekSeq>4</GreekSeq></word><word seq="7">heart<GreekSeq>5</GreekSeq></word><word seq="8">with<GreekSeq>7</GreekSeq></word><word seq="9">the<GreekSeq>8</GreekSeq></word><word seq="10">imperishable<GreekSeq>9</GreekSeq></word><word seq="11">beauty</word><word seq="12">of a<GreekSeq>10</GreekSeq></word><word seq="13">gentle<GreekSeq>11</GreekSeq></word><word seq="14">and<GreekSeq>12</GreekSeq></word><word seq="15">quiet<GreekSeq>13</GreekSeq></word><word seq="16">spirit,<GreekSeq>14</GreekSeq></word><word seq="17">which<GreekSeq>15</GreekSeq></word><word seq="18">in<GreekSeq>7</GreekSeq></word><word seq="19">God’s<GreekSeq>19</GreekSeq></word><word seq="20">sight<GreekSeq>17</GreekSeq></word><word seq="21">is<GreekSeq>16</GreekSeq></word><word seq="22">very precious.<GreekSeq>20</GreekSeq></word></ESV></verse>
<verse number="5"><ESV><word seq="1">For<GreekSeq>2</GreekSeq></word><word seq="2">this<GreekSeq>1</GreekSeq></word><word seq="3">is</word><word seq="4">how<GreekSeq>3</GreekSeq></word><word seq="5">the<GreekSeq>5</GreekSeq></word><word seq="6">holy<GreekSeq>6</GreekSeq></word><word seq="7">women<GreekSeq>7</GreekSeq></word><word seq="8">who hoped<GreekSeq>9</GreekSeq></word><word seq="9">in<GreekSeq>10</GreekSeq></word><word seq="10">God<GreekSeq>11</GreekSeq></word><word seq="11">used to adorn<GreekSeq>12</GreekSeq></word><word seq="12">themselves,<GreekSeq>13</GreekSeq></word><word seq="13">by</word><word seq="14">submitting<GreekSeq>14</GreekSeq></word><word seq="15">to their</word><word seq="16">own<GreekSeq>16</GreekSeq></word><word seq="17">husbands,<GreekSeq>17</GreekSeq></word></ESV></verse>
<verse number="6"><ESV><word seq="1">as<GreekSeq>1</GreekSeq></word><word seq="2">Sarah<GreekSeq>2</GreekSeq></word><word seq="3">obeyed<GreekSeq>3</GreekSeq></word><word seq="4">Abraham,<GreekSeq>5</GreekSeq></word><word seq="5">calling<GreekSeq>8</GreekSeq></word><word seq="6">him<GreekSeq>7</GreekSeq></word><word seq="7">lord.<GreekSeq>6</GreekSeq></word><word seq="8">And</word><word seq="9">you are<GreekSeq>10</GreekSeq></word><word seq="10">her<GreekSeq>9</GreekSeq></word><word seq="11">children,<GreekSeq>11</GreekSeq></word><word seq="12">if you</word><word seq="13">do good<GreekSeq>12</GreekSeq></word><word seq="14">and<GreekSeq>13</GreekSeq></word><word seq="15">do</word><word seq="16">not<GreekSeq>14</GreekSeq></word><word seq="17">fear<GreekSeq>15</GreekSeq></word><word seq="18">anything<GreekSeq>16</GreekSeq></word><word seq="19">that is</word><word seq="20">frightening.<GreekSeq>17</GreekSeq></word></ESV></verse>
<verse number="7"><ESV><word seq="1">Likewise,<GreekSeq>3</GreekSeq></word><word seq="2">husbands,<GreekSeq>2</GreekSeq></word><word seq="3">live with<GreekSeq>4</GreekSeq></word><word seq="4">your wives</word><word seq="5">in<GreekSeq>5</GreekSeq></word><word seq="6">an understanding way,<GreekSeq>6</GreekSeq></word><word seq="7">showing<GreekSeq>12</GreekSeq></word><word seq="8">honor<GreekSeq>13</GreekSeq></word><word seq="9">to the<GreekSeq>10</GreekSeq></word><word seq="10">woman<GreekSeq>11</GreekSeq></word><word seq="11">as<GreekSeq>7</GreekSeq></word><word seq="12">the</word><word seq="13">weaker<GreekSeq>8</GreekSeq></word><word seq="14">vessel,<GreekSeq>9</GreekSeq></word><word seq="15">since<GreekSeq>14</GreekSeq></word><word seq="16">they are</word><word seq="17">heirs with [you]<GreekSeq>16</GreekSeq></word><word seq="18">of the grace<GreekSeq>17</GreekSeq></word><word seq="19">of life,<GreekSeq>18</GreekSeq></word><word seq="20">so that<GreekSeq>19</GreekSeq><GreekSeq>20</GreekSeq></word><word seq="21">your<GreekSeq>25</GreekSeq></word><word seq="22">prayers<GreekSeq>24</GreekSeq></word><word seq="23">may</word><word seq="24">not<GreekSeq>21</GreekSeq></word><word seq="25">be hindered.<GreekSeq>22</GreekSeq></word></ESV></verse>
<verse number="8"><ESV><word seq="1">Finally,<GreekSeq>2</GreekSeq><GreekSeq>3</GreekSeq></word><word seq="2">all<GreekSeq>4</GreekSeq></word><word seq="3">of you, have</word><word seq="4">unity of mind,<GreekSeq>5</GreekSeq></word><word seq="5">sympathy,<GreekSeq>6</GreekSeq></word><word seq="6">brotherly love,<GreekSeq>7</GreekSeq></word><word seq="7">a</word><word seq="8">tender heart,<GreekSeq>8</GreekSeq></word><word seq="9">and a</word><word seq="10">humble mind.<GreekSeq>9</GreekSeq></word></ESV></verse>
<verse number="9"><ESV><word seq="1">Do</word><word seq="2">not<GreekSeq>1</GreekSeq></word><word seq="3">repay<GreekSeq>2</GreekSeq></word><word seq="4">evil<GreekSeq>3</GreekSeq></word><word seq="5">for<GreekSeq>4</GreekSeq></word><word seq="6">evil<GreekSeq>5</GreekSeq></word><word seq="7">or<GreekSeq>6</GreekSeq></word><word seq="8">reviling<GreekSeq>7</GreekSeq></word><word seq="9">for<GreekSeq>8</GreekSeq></word><word seq="10">reviling,<GreekSeq>9</GreekSeq></word><word seq="11">but<GreekSeq>11</GreekSeq></word><word seq="12">on the contrary,<GreekSeq>10</GreekSeq></word><word seq="13">bless,<GreekSeq>18</GreekSeq></word><word seq="14">for<GreekSeq>13</GreekSeq></word><word seq="15">to<GreekSeq>14</GreekSeq></word><word seq="16">this<GreekSeq>15</GreekSeq></word><word seq="17">you were called,<GreekSeq>16</GreekSeq></word><word seq="18">that<GreekSeq>17</GreekSeq></word><word seq="19">you may obtain<GreekSeq>19</GreekSeq></word><word seq="20">a</word><word seq="21">blessing.<GreekSeq>12</GreekSeq></word></ESV></verse>
<verse number="10"><ESV><word seq="1">For<GreekSeq>2</GreekSeq></word><word seq="2">[Whoever]<GreekSeq>1</GreekSeq></word><word seq="3">desires<GreekSeq>3</GreekSeq></word><word seq="4">to love<GreekSeq>5</GreekSeq></word><word seq="5">life<GreekSeq>4</GreekSeq></word><word seq="6">and<GreekSeq>6</GreekSeq></word><word seq="7">see<GreekSeq>7</GreekSeq></word><word seq="8">good<GreekSeq>9</GreekSeq></word><word seq="9">days,<GreekSeq>8</GreekSeq></word><word seq="10">let him keep<GreekSeq>10</GreekSeq></word><word seq="11" note="Base of different Greek: αὐτοῦ(846)">his</word><word seq="12">tongue<GreekSeq>12</GreekSeq></word><word seq="13">from<GreekSeq>13</GreekSeq></word><word seq="14">evil<GreekSeq>14</GreekSeq></word><word seq="15">and<GreekSeq>15</GreekSeq></word><word seq="16" note="Base of different Greek: αὐτοῦ(846)">his</word><word seq="17">lips<GreekSeq>16</GreekSeq></word><word seq="18">[from]<GreekSeq>18</GreekSeq></word><word seq="19">speaking<GreekSeq>19</GreekSeq></word><word seq="20">deceit;<GreekSeq>20</GreekSeq></word></ESV></verse>
<verse number="11"><ESV><word seq="1">let him turn away<GreekSeq>1</GreekSeq></word><word seq="2">from<GreekSeq>3</GreekSeq></word><word seq="3">evil<GreekSeq>4</GreekSeq></word><word seq="4">and<GreekSeq>5</GreekSeq></word><word seq="5">do<GreekSeq>6</GreekSeq></word><word seq="6">good;<GreekSeq>7</GreekSeq></word><word seq="7">let him seek<GreekSeq>8</GreekSeq></word><word seq="8">peace<GreekSeq>9</GreekSeq></word><word seq="9">and<GreekSeq>10</GreekSeq></word><word seq="10">pursue<GreekSeq>11</GreekSeq></word><word seq="11">it.<GreekSeq>12</GreekSeq></word></ESV></verse>
<verse number="12"><ESV><word seq="1">For<GreekSeq>1</GreekSeq></word><word seq="2">the eyes<GreekSeq>2</GreekSeq></word><word seq="3">of the Lord<GreekSeq>3</GreekSeq></word><word seq="4">are</word><word seq="5">on<GreekSeq>4</GreekSeq></word><word seq="6">the</word><word seq="7">righteous,<GreekSeq>5</GreekSeq></word><word seq="8">and<GreekSeq>6</GreekSeq></word><word seq="9">his<GreekSeq>8</GreekSeq></word><word seq="10">ears<GreekSeq>7</GreekSeq></word><word seq="11">are</word><word seq="12">[open] to<GreekSeq>9</GreekSeq></word><word seq="13">their<GreekSeq>11</GreekSeq></word><word seq="14">prayer.<GreekSeq>10</GreekSeq></word><word seq="15">But<GreekSeq>13</GreekSeq></word><word seq="16">the face<GreekSeq>12</GreekSeq></word><word seq="17">of the Lord<GreekSeq>14</GreekSeq></word><word seq="18">is</word><word seq="19">against<GreekSeq>15</GreekSeq></word><word seq="20">those</word><word seq="21">who do<GreekSeq>16</GreekSeq></word><word seq="22">evil.<GreekSeq>17</GreekSeq></word></ESV></verse>
<verse number="13"><ESV><word seq="1">Now<GreekSeq>1</GreekSeq></word><word seq="2">who<GreekSeq>2</GreekSeq></word><word seq="3">is there</word><word seq="4">to harm<GreekSeq>4</GreekSeq></word><word seq="5">you<GreekSeq>5</GreekSeq></word><word seq="6">if<GreekSeq>6</GreekSeq></word><word seq="7">you are<GreekSeq>10</GreekSeq></word><word seq="8">zealous<GreekSeq>9</GreekSeq></word><word seq="9">for what<GreekSeq>7</GreekSeq></word><word seq="10">is</word><word seq="11">good?<GreekSeq>8</GreekSeq></word></ESV></verse>
<verse number="14"><ESV><word seq="1">But<GreekSeq>1</GreekSeq></word><word seq="2">even<GreekSeq>3</GreekSeq></word><word seq="3">if<GreekSeq>2</GreekSeq></word><word seq="4">you should suffer<GreekSeq>4</GreekSeq></word><word seq="5">for<GreekSeq>5</GreekSeq></word><word seq="6">righteousness’<GreekSeq>6</GreekSeq></word><word seq="7">sake,<GreekSeq>5</GreekSeq></word><word seq="8">you will be</word><word seq="9">blessed.<GreekSeq>7</GreekSeq></word><word seq="10">Have<GreekSeq>13</GreekSeq></word><word seq="11">no<GreekSeq>12</GreekSeq></word><word seq="12">fear<GreekSeq>13</GreekSeq></word><word seq="13">of them,<GreekSeq>11</GreekSeq></word><word seq="14">nor<GreekSeq>14</GreekSeq></word><word seq="15">be troubled,<GreekSeq>15</GreekSeq></word></ESV></verse>
<verse number="15"><ESV><word seq="1">but<GreekSeq>2</GreekSeq></word><word seq="2">in<GreekSeq>6</GreekSeq></word><word seq="3">your<GreekSeq>9</GreekSeq></word><word seq="4">hearts<GreekSeq>8</GreekSeq></word><word seq="5">honor<GreekSeq>5</GreekSeq></word><word seq="6">Christ<GreekSeq>4</GreekSeq></word><word seq="7">the Lord<GreekSeq>1</GreekSeq></word><word seq="8">as holy,<GreekSeq>5</GreekSeq></word><word seq="9">always<GreekSeq>11</GreekSeq></word><word seq="10">being</word><word seq="11">prepared<GreekSeq>10</GreekSeq></word><word seq="12">to<GreekSeq>12</GreekSeq></word><word seq="13">make</word><word seq="14">a defense<GreekSeq>13</GreekSeq></word><word seq="15">to<GreekSeq>12</GreekSeq></word><word seq="16">anyone<GreekSeq>14</GreekSeq><GreekSeq>15</GreekSeq></word><word seq="17">who asks<GreekSeq>16</GreekSeq></word><word seq="18">you<GreekSeq>17</GreekSeq></word><word seq="19">for a reason<GreekSeq>18</GreekSeq></word><word seq="20">for<GreekSeq>19</GreekSeq></word><word seq="21">the<GreekSeq>20</GreekSeq></word><word seq="22">hope<GreekSeq>23</GreekSeq></word><word seq="23">that is</word><word seq="24">in<GreekSeq>21</GreekSeq></word><word seq="25">you;<GreekSeq>22</GreekSeq></word><word seq="26" note="see next verse">yet do it with gentleness and respect,</word></ESV></verse>
<verse number="16"><ESV><word seq="1" note="from previous verse">yet<GreekSeq>1</GreekSeq></word><word seq="2" note="from previous verse">do it</word><word seq="3" note="from previous verse">with<GreekSeq>2</GreekSeq></word><word seq="4" note="from previous verse">gentleness<GreekSeq>3</GreekSeq></word><word seq="5" note="from previous verse">and<GreekSeq>4</GreekSeq></word><word seq="6" note="from previous verse">respect,<GreekSeq>5</GreekSeq></word><word seq="7">having<GreekSeq>7</GreekSeq></word><word seq="8">a good<GreekSeq>8</GreekSeq></word><word seq="9">conscience,<GreekSeq>6</GreekSeq></word><word seq="10">so that,<GreekSeq>9</GreekSeq></word><word seq="11">when<GreekSeq>10</GreekSeq><GreekSeq>11</GreekSeq></word><word seq="12">you are slandered,<GreekSeq>12</GreekSeq></word><word seq="13">those<GreekSeq>14</GreekSeq></word><word seq="14">who revile<GreekSeq>15</GreekSeq></word><word seq="15">your<GreekSeq>16</GreekSeq></word><word seq="16">good<GreekSeq>18</GreekSeq></word><word seq="17">behavior<GreekSeq>21</GreekSeq></word><word seq="18">in<GreekSeq>19</GreekSeq></word><word seq="19">Christ<GreekSeq>20</GreekSeq></word><word seq="20">may be put to shame.<GreekSeq>13</GreekSeq></word></ESV></verse>
<verse number="17"><ESV><word seq="1">For<GreekSeq>2</GreekSeq></word><word seq="2">it is</word><word seq="3">better<GreekSeq>1</GreekSeq></word><word seq="4">to suffer<GreekSeq>10</GreekSeq></word><word seq="5">for doing good,<GreekSeq>3</GreekSeq></word><word seq="6">if<GreekSeq>4</GreekSeq></word><word seq="7">that</word><word seq="8">should be<GreekSeq>5</GreekSeq></word><word seq="9">God’s<GreekSeq>9</GreekSeq></word><word seq="10">will,<GreekSeq>7</GreekSeq></word><word seq="11">than<GreekSeq>11</GreekSeq></word><word seq="12">for doing evil.<GreekSeq>12</GreekSeq></word></ESV></verse>
<verse number="18"><ESV><word seq="1">For<GreekSeq>1</GreekSeq></word><word seq="2">Christ<GreekSeq>3</GreekSeq></word><word seq="3">also<GreekSeq>2</GreekSeq></word><word seq="4">suffered<GreekSeq>7</GreekSeq></word><word seq="5">once<GreekSeq>4</GreekSeq></word><word seq="6">for<GreekSeq>5</GreekSeq></word><word seq="7">sins,<GreekSeq>6</GreekSeq></word><word seq="8">the righteous<GreekSeq>8</GreekSeq></word><word seq="9">for<GreekSeq>9</GreekSeq></word><word seq="10">the unrighteous,<GreekSeq>10</GreekSeq></word><word seq="11">that<GreekSeq>11</GreekSeq></word><word seq="12">he might bring<GreekSeq>13</GreekSeq></word><word seq="13" note="Base of different Greek:ἡμᾶς(2248)">us<GreekSeq>12</GreekSeq></word><word seq="14">to God,<GreekSeq>15</GreekSeq></word><word seq="15">being put to death<GreekSeq>16</GreekSeq></word><word seq="16">in the flesh<GreekSeq>18</GreekSeq></word><word seq="17">but<GreekSeq>20</GreekSeq></word><word seq="18">made alive<GreekSeq>19</GreekSeq></word><word seq="19">in the spirit,<GreekSeq>21</GreekSeq></word></ESV></verse>
<verse number="19"><ESV><word seq="1">in<GreekSeq>1</GreekSeq></word><word seq="2">which<GreekSeq>2</GreekSeq></word><word seq="3">he went<GreekSeq>8</GreekSeq></word><word seq="4">and</word><word seq="5">proclaimed<GreekSeq>9</GreekSeq></word><word seq="6">to the<GreekSeq>4</GreekSeq></word><word seq="7">spirits<GreekSeq>7</GreekSeq></word><word seq="8">in<GreekSeq>5</GreekSeq></word><word seq="9">prison,<GreekSeq>6</GreekSeq></word></ESV></verse>
<verse number="20"><ESV><word seq="1">because</word><word seq="2">they<GreekSeq>1</GreekSeq></word><word seq="3">formerly<GreekSeq>2</GreekSeq></word><word seq="4">did not obey,<GreekSeq>1</GreekSeq></word><word seq="5">when<GreekSeq>3</GreekSeq></word><word seq="6">God’s<GreekSeq>7</GreekSeq></word><word seq="7">patience<GreekSeq>8</GreekSeq></word><word seq="8">waited<GreekSeq>4</GreekSeq></word><word seq="9">in<GreekSeq>9</GreekSeq></word><word seq="10">the days<GreekSeq>10</GreekSeq></word><word seq="11">of Noah,<GreekSeq>11</GreekSeq></word><word seq="12">while<GreekSeq>12</GreekSeq></word><word seq="13">the ark<GreekSeq>13</GreekSeq></word><word seq="14">was being prepared,<GreekSeq>12</GreekSeq></word><word seq="15">in<GreekSeq>14</GreekSeq></word><word seq="16">which<GreekSeq>15</GreekSeq></word><word seq="17">a few,<GreekSeq>16</GreekSeq></word><word seq="18">that<GreekSeq>17</GreekSeq></word><word seq="19">is,<GreekSeq>18</GreekSeq></word><word seq="20">eight<GreekSeq>19</GreekSeq></word><word seq="21">persons,<GreekSeq>20</GreekSeq></word><word seq="22">were brought safely<GreekSeq>21</GreekSeq></word><word seq="23">through<GreekSeq>22</GreekSeq></word><word seq="24">water.<GreekSeq>23</GreekSeq></word></ESV></verse>
<verse number="21"><ESV><word seq="1">Baptism,<GreekSeq>7</GreekSeq></word><word seq="2">which</word><word seq="3">corresponds<GreekSeq>4</GreekSeq></word><word seq="4">to</word><word seq="5">this,<GreekSeq>1</GreekSeq></word><word seq="6">now<GreekSeq>5</GreekSeq></word><word seq="7">saves<GreekSeq>6</GreekSeq></word><word seq="8">you,<GreekSeq>3</GreekSeq></word><word seq="9">not<GreekSeq>8</GreekSeq></word><word seq="10">as</word><word seq="11">a removal<GreekSeq>10</GreekSeq></word><word seq="12">of dirt<GreekSeq>11</GreekSeq></word><word seq="13">from the body<GreekSeq>9</GreekSeq></word><word seq="14">but<GreekSeq>12</GreekSeq></word><word seq="15">as</word><word seq="16">an appeal<GreekSeq>15</GreekSeq></word><word seq="17">to<GreekSeq>16</GreekSeq></word><word seq="18">God<GreekSeq>17</GreekSeq></word><word seq="19">for</word><word seq="20">a good<GreekSeq>14</GreekSeq></word><word seq="21">conscience,<GreekSeq>13</GreekSeq></word><word seq="22">through<GreekSeq>18</GreekSeq></word><word seq="23">the resurrection<GreekSeq>19</GreekSeq></word><word seq="24">of Jesus<GreekSeq>20</GreekSeq></word><word seq="25">Christ,<GreekSeq>21</GreekSeq></word></ESV></verse>
<verse number="22"><ESV><word seq="1">who has gone<GreekSeq>7</GreekSeq></word><word seq="2">into<GreekSeq>8</GreekSeq></word><word seq="3">heaven<GreekSeq>9</GreekSeq></word><word seq="4">and</word><word seq="5">is<GreekSeq>2</GreekSeq></word><word seq="6">at<GreekSeq>3</GreekSeq></word><word seq="7">the right hand<GreekSeq>4</GreekSeq></word><word seq="8">of God,<GreekSeq>6</GreekSeq></word><word seq="9">with</word><word seq="10">angels,<GreekSeq>12</GreekSeq></word><word seq="11">authorities,<GreekSeq>14</GreekSeq></word><word seq="12">and<GreekSeq>15</GreekSeq></word><word seq="13">powers<GreekSeq>16</GreekSeq></word><word seq="14">having been subjected<GreekSeq>10</GreekSeq></word><word seq="15">to him.<GreekSeq>11</GreekSeq></word></ESV></verse></chapter></book>