<?xml version="1.0" encoding="UTF-8" standalone="no"?><book><chapter number="5">'<verse number="1"><ESV><word seq="1">So<GreekSeq>2</GreekSeq></word><word seq="2">I exhort<GreekSeq>5</GreekSeq></word><word seq="3">the elders<GreekSeq>1</GreekSeq></word><word seq="4">among<GreekSeq>3</GreekSeq></word><word seq="5">you,<GreekSeq>4</GreekSeq></word><word seq="6">as</word><word seq="7">a<GreekSeq>6</GreekSeq></word><word seq="8">fellow elder<GreekSeq>7</GreekSeq></word><word seq="9">and<GreekSeq>8</GreekSeq></word><word seq="10">a witness<GreekSeq>9</GreekSeq></word><word seq="11">of the<GreekSeq>10</GreekSeq></word><word seq="12">sufferings<GreekSeq>13</GreekSeq></word><word seq="13">of Christ,<GreekSeq>12</GreekSeq></word><word seq="14">as well as<GreekSeq>15</GreekSeq></word><word seq="15">a partaker<GreekSeq>20</GreekSeq></word><word seq="16">in the<GreekSeq>16</GreekSeq></word><word seq="17">glory<GreekSeq>19</GreekSeq></word><word seq="18">that is going<GreekSeq>17</GreekSeq></word><word seq="19">to be revealed:<GreekSeq>18</GreekSeq></word></ESV></verse>
<verse number="2"><ESV><word seq="1">shepherd<GreekSeq>1</GreekSeq></word><word seq="2">the<GreekSeq>2</GreekSeq></word><word seq="3">flock<GreekSeq>5</GreekSeq></word><word seq="4">of God<GreekSeq>7</GreekSeq></word><word seq="5">that is</word><word seq="6">among<GreekSeq>3</GreekSeq></word><word seq="7">you,<GreekSeq>4</GreekSeq></word><word seq="8">exercising oversight,<GreekSeq>8</GreekSeq></word><word seq="9">not<GreekSeq>9</GreekSeq></word><word seq="10">under compulsion,<GreekSeq>10</GreekSeq></word><word seq="11">but<GreekSeq>11</GreekSeq></word><word seq="12">willingly,<GreekSeq>12</GreekSeq></word><word seq="13">as<GreekSeq>13</GreekSeq></word><word seq="14">God<GreekSeq>14</GreekSeq></word><word seq="15">would have you;</word><word seq="16">not<GreekSeq>15</GreekSeq></word><word seq="17">for shameful gain,<GreekSeq>16</GreekSeq></word><word seq="18">but<GreekSeq>17</GreekSeq></word><word seq="19">eagerly;<GreekSeq>18</GreekSeq></word></ESV></verse>
<verse number="3"><ESV><word seq="1">not<GreekSeq>1</GreekSeq></word><word seq="2">domineering over<GreekSeq>3</GreekSeq></word><word seq="3">those<GreekSeq>4</GreekSeq></word><word seq="4">in [your] charge,<GreekSeq>5</GreekSeq></word><word seq="5">but<GreekSeq>6</GreekSeq></word><word seq="6">being<GreekSeq>8</GreekSeq></word><word seq="7">examples<GreekSeq>7</GreekSeq></word><word seq="8">to the<GreekSeq>9</GreekSeq></word><word seq="9">flock.<GreekSeq>10</GreekSeq></word></ESV></verse>
<verse number="4"><ESV><word seq="1">And<GreekSeq>1</GreekSeq></word><word seq="2">when<GreekSeq>2</GreekSeq></word><word seq="3">the<GreekSeq>3</GreekSeq></word><word seq="4">chief Shepherd<GreekSeq>4</GreekSeq></word><word seq="5">appears,<GreekSeq>2</GreekSeq></word><word seq="6">you will receive<GreekSeq>5</GreekSeq></word><word seq="7">the<GreekSeq>6</GreekSeq></word><word seq="8">unfading<GreekSeq>7</GreekSeq></word><word seq="9">crown<GreekSeq>10</GreekSeq></word><word seq="10">of glory.<GreekSeq>9</GreekSeq></word></ESV></verse>
<verse number="5"><ESV><word seq="1">Likewise,<GreekSeq>1</GreekSeq></word><word seq="2">you<GreekSeq>3</GreekSeq></word><word seq="3">who are</word><word seq="4">younger,<GreekSeq>2</GreekSeq></word><word seq="5">be subject<GreekSeq>3</GreekSeq></word><word seq="6">to [the] elders.<GreekSeq>4</GreekSeq></word><word seq="7">Clothe yourselves,<GreekSeq>10</GreekSeq></word><word seq="8">all<GreekSeq>5</GreekSeq></word><word seq="9">of you,</word><word seq="10">with humility<GreekSeq>9</GreekSeq></word><word seq="11">toward one another,<GreekSeq>7</GreekSeq></word><word seq="12">for<GreekSeq>11</GreekSeq></word><word seq="13">God<GreekSeq>13</GreekSeq></word><word seq="14">opposes<GreekSeq>15</GreekSeq></word><word seq="15">the</word><word seq="16">proud<GreekSeq>14</GreekSeq></word><word seq="17">but<GreekSeq>17</GreekSeq></word><word seq="18">gives<GreekSeq>18</GreekSeq></word><word seq="19">grace<GreekSeq>19</GreekSeq></word><word seq="20">to [the] humble.<GreekSeq>16</GreekSeq></word></ESV></verse>
<verse number="6"><ESV><word seq="1">Humble yourselves,<GreekSeq>1</GreekSeq></word><word seq="2">therefore,<GreekSeq>2</GreekSeq></word><word seq="3">under<GreekSeq>3</GreekSeq></word><word seq="4">the<GreekSeq>4</GreekSeq></word><word seq="5">mighty<GreekSeq>5</GreekSeq></word><word seq="6">hand<GreekSeq>6</GreekSeq></word><word seq="7">of God<GreekSeq>8</GreekSeq></word><word seq="8">so that<GreekSeq>9</GreekSeq></word><word seq="9">at<GreekSeq>12</GreekSeq></word><word seq="10">the proper time<GreekSeq>13</GreekSeq></word><word seq="11">he may exalt<GreekSeq>11</GreekSeq></word><word seq="12">you,<GreekSeq>10</GreekSeq></word></ESV></verse>
<verse number="7"><ESV><word seq="1">casting<GreekSeq>5</GreekSeq></word><word seq="2">all<GreekSeq>1</GreekSeq></word><word seq="3">your<GreekSeq>4</GreekSeq></word><word seq="4">anxieties<GreekSeq>3</GreekSeq></word><word seq="5">on<GreekSeq>6</GreekSeq></word><word seq="6">him,<GreekSeq>7</GreekSeq></word><word seq="7">because<GreekSeq>8</GreekSeq></word><word seq="8">he<GreekSeq>9</GreekSeq></word><word seq="9">cares<GreekSeq>10</GreekSeq></word><word seq="10">for<GreekSeq>11</GreekSeq></word><word seq="11">you.<GreekSeq>12</GreekSeq></word></ESV></verse>
<verse number="8"><ESV><word seq="1">Be sober-minded;<GreekSeq>1</GreekSeq></word><word seq="2">be watchful.<GreekSeq>2</GreekSeq></word><word seq="3">Your<GreekSeq>5</GreekSeq></word><word seq="4">adversary<GreekSeq>4</GreekSeq></word><word seq="5">the<GreekSeq>3</GreekSeq></word><word seq="6">devil<GreekSeq>6</GreekSeq></word><word seq="7">prowls around<GreekSeq>10</GreekSeq></word><word seq="8">like<GreekSeq>7</GreekSeq></word><word seq="9">a roaring<GreekSeq>9</GreekSeq></word><word seq="10">lion,<GreekSeq>8</GreekSeq></word><word seq="11">seeking<GreekSeq>11</GreekSeq></word><word seq="12">someone<GreekSeq>12</GreekSeq></word><word seq="13">to devour.<GreekSeq>13</GreekSeq></word></ESV></verse>
<verse number="9"><ESV><word seq="1">Resist<GreekSeq>2</GreekSeq></word><word seq="2">him,<GreekSeq>1</GreekSeq></word><word seq="3">firm<GreekSeq>3</GreekSeq></word><word seq="4">in<GreekSeq>5</GreekSeq></word><word seq="5">your<GreekSeq>3</GreekSeq></word><word seq="6">faith,<GreekSeq>5</GreekSeq></word><word seq="7">knowing<GreekSeq>6</GreekSeq></word><word seq="8">that</word><word seq="9">the<GreekSeq>7</GreekSeq></word><word seq="10">same<GreekSeq>8</GreekSeq></word><word seq="11">kinds</word><word seq="12">of suffering<GreekSeq>10</GreekSeq></word><word seq="13">are being experienced<GreekSeq>17</GreekSeq></word><word seq="14">by</word><word seq="15">your<GreekSeq>15</GreekSeq></word><word seq="16">brotherhood<GreekSeq>16</GreekSeq></word><word seq="17">[throughout]<GreekSeq>12</GreekSeq></word><word seq="18">the<GreekSeq>13</GreekSeq></word><word seq="19">world.<GreekSeq>14</GreekSeq></word></ESV></verse>
<verse number="10"><ESV><word seq="1">And<GreekSeq>2</GreekSeq></word><word seq="2">after [you] have suffered<GreekSeq>18</GreekSeq></word><word seq="3">a little while,<GreekSeq>17</GreekSeq></word><word seq="4">the<GreekSeq>1</GreekSeq></word><word seq="5">God<GreekSeq>3</GreekSeq></word><word seq="6">of all<GreekSeq>4</GreekSeq></word><word seq="7">grace,<GreekSeq>5</GreekSeq></word><word seq="8">who has called<GreekSeq>7</GreekSeq></word><word seq="9">you<GreekSeq>8</GreekSeq></word><word seq="10">to<GreekSeq>9</GreekSeq></word><word seq="11">his<GreekSeq>12</GreekSeq></word><word seq="12">eternal<GreekSeq>11</GreekSeq></word><word seq="13">glory<GreekSeq>13</GreekSeq></word><word seq="14">in<GreekSeq>14</GreekSeq></word><word seq="15">Christ,<GreekSeq>15</GreekSeq></word><word seq="16">will<GreekSeq>20</GreekSeq></word><word seq="17">himself<GreekSeq>19</GreekSeq></word><word seq="18">restore,<GreekSeq>20</GreekSeq></word><word seq="19">confirm,<GreekSeq>21</GreekSeq></word><word seq="20">strengthen,<GreekSeq>22</GreekSeq></word><word seq="21">and</word><word seq="22">establish<GreekSeq>23</GreekSeq></word><word seq="23">you.</word></ESV></verse>
<verse number="11"><ESV><word seq="1">To him<GreekSeq>1</GreekSeq></word><word seq="2">be</word><word seq="3">the<GreekSeq>2</GreekSeq></word><word seq="4">dominion<GreekSeq>3</GreekSeq></word><word seq="5">forever<GreekSeq>4</GreekSeq><GreekSeq>6</GreekSeq></word><word seq="6">and ever.</word><word seq="7">Amen.<GreekSeq>7</GreekSeq></word></ESV></verse>
<verse number="12"><ESV><word seq="1">By<GreekSeq>1</GreekSeq></word><word seq="2">Silvanus,<GreekSeq>2</GreekSeq></word><word seq="3">a<GreekSeq>4</GreekSeq></word><word seq="4">faithful<GreekSeq>5</GreekSeq></word><word seq="5">brother<GreekSeq>6</GreekSeq></word><word seq="6">as<GreekSeq>7</GreekSeq></word><word seq="7">I regard<GreekSeq>8</GreekSeq></word><word seq="8">him,</word><word seq="9">I have written<GreekSeq>11</GreekSeq></word><word seq="10">briefly<GreekSeq>9</GreekSeq><GreekSeq>10</GreekSeq></word><word seq="11">to you,<GreekSeq>3</GreekSeq></word><word seq="12">exhorting<GreekSeq>12</GreekSeq></word><word seq="13">and<GreekSeq>13</GreekSeq></word><word seq="14">declaring<GreekSeq>14</GreekSeq></word><word seq="15">that</word><word seq="16">this<GreekSeq>15</GreekSeq></word><word seq="17">is<GreekSeq>16</GreekSeq></word><word seq="18">the</word><word seq="19">true<GreekSeq>17</GreekSeq></word><word seq="20">grace<GreekSeq>18</GreekSeq></word><word seq="21">of God.<GreekSeq>20</GreekSeq></word><word seq="22">Stand firm<GreekSeq>23</GreekSeq></word><word seq="23">in<GreekSeq>21</GreekSeq></word><word seq="24">it.<GreekSeq>22</GreekSeq></word></ESV></verse>
<verse number="13"><ESV><word seq="1">She<GreekSeq>3</GreekSeq></word><word seq="2">who is</word><word seq="3">at<GreekSeq>4</GreekSeq></word><word seq="4">Babylon,<GreekSeq>5</GreekSeq></word><word seq="5">who is</word><word seq="6">[likewise] chosen,<GreekSeq>6</GreekSeq></word><word seq="7">sends<GreekSeq>1</GreekSeq></word><word seq="8">you<GreekSeq>2</GreekSeq></word><word seq="9">greetings,<GreekSeq>1</GreekSeq></word><word seq="10">and<GreekSeq>7</GreekSeq></word><word seq="11">so does</word><word seq="12">Mark,<GreekSeq>8</GreekSeq></word><word seq="13">my<GreekSeq>11</GreekSeq></word><word seq="14">son.<GreekSeq>10</GreekSeq></word></ESV></verse>
<verse number="14"><ESV><word seq="1">Greet<GreekSeq>1</GreekSeq></word><word seq="2">one another<GreekSeq>2</GreekSeq></word><word seq="3">with<GreekSeq>3</GreekSeq></word><word seq="4">the kiss<GreekSeq>4</GreekSeq></word><word seq="5">of love.<GreekSeq>5</GreekSeq></word><word seq="6">Peace<GreekSeq>6</GreekSeq></word><word seq="7">to all<GreekSeq>8</GreekSeq></word><word seq="8">of you<GreekSeq>7</GreekSeq></word><word seq="9">who<GreekSeq>9</GreekSeq></word><word seq="10">are</word><word seq="11">in<GreekSeq>10</GreekSeq></word><word seq="12">Christ.<GreekSeq>11</GreekSeq></word></ESV></verse></chapter></book>