<?xml version="1.0" encoding="UTF-8" standalone="no"?><book><chapter number="1">'<verse number="1"><ESV><word seq="1">Paul,<GreekSeq>1</GreekSeq></word><word seq="2">Silvanus,<GreekSeq>3</GreekSeq></word><word seq="3">and<GreekSeq>4</GreekSeq></word><word seq="4">Timothy,<GreekSeq>5</GreekSeq></word><word seq="5">To the<GreekSeq>6</GreekSeq></word><word seq="6">church<GreekSeq>7</GreekSeq></word><word seq="7">of the Thessalonians<GreekSeq>8</GreekSeq></word><word seq="8">in<GreekSeq>9</GreekSeq></word><word seq="9">God<GreekSeq>10</GreekSeq></word><word seq="10">the Father<GreekSeq>11</GreekSeq></word><word seq="11">and<GreekSeq>12</GreekSeq></word><word seq="12">the Lord<GreekSeq>13</GreekSeq></word><word seq="13">Jesus<GreekSeq>14</GreekSeq></word><word seq="14">Christ:<GreekSeq>15</GreekSeq></word><word seq="15">Grace<GreekSeq>16</GreekSeq></word><word seq="16">to you<GreekSeq>17</GreekSeq></word><word seq="17">and<GreekSeq>18</GreekSeq></word><word seq="18">peace.<GreekSeq>19</GreekSeq></word></ESV></verse>
<verse number="2"><ESV><word seq="1">We give thanks<GreekSeq>1</GreekSeq></word><word seq="2">to God<GreekSeq>3</GreekSeq></word><word seq="3">always<GreekSeq>4</GreekSeq></word><word seq="4">for<GreekSeq>5</GreekSeq></word><word seq="5">all<GreekSeq>6</GreekSeq></word><word seq="6">of you,<GreekSeq>7</GreekSeq></word><word seq="7">constantly<GreekSeq>14</GreekSeq></word><word seq="8">mentioning<GreekSeq>8</GreekSeq></word><word seq="9">you<GreekSeq>7</GreekSeq></word><word seq="10">in<GreekSeq>10</GreekSeq></word><word seq="11">our<GreekSeq>13</GreekSeq></word><word seq="12">prayers,<GreekSeq>12</GreekSeq></word></ESV></verse>
<verse number="3"><ESV><word seq="1">remembering<GreekSeq>1</GreekSeq></word><word seq="2">before<GreekSeq>22</GreekSeq></word><word seq="3">our<GreekSeq>19</GreekSeq></word><word seq="4">God<GreekSeq>24</GreekSeq></word><word seq="5">and<GreekSeq>25</GreekSeq></word><word seq="6">Father<GreekSeq>26</GreekSeq></word><word seq="7">your<GreekSeq>2</GreekSeq></word><word seq="8">work<GreekSeq>4</GreekSeq></word><word seq="9">of faith<GreekSeq>6</GreekSeq></word><word seq="10">and<GreekSeq>7</GreekSeq></word><word seq="11">labor<GreekSeq>9</GreekSeq></word><word seq="12">of love<GreekSeq>11</GreekSeq></word><word seq="13">and<GreekSeq>12</GreekSeq></word><word seq="14">steadfastness<GreekSeq>14</GreekSeq></word><word seq="15">of hope<GreekSeq>16</GreekSeq></word><word seq="16">in</word><word seq="17">our<GreekSeq>27</GreekSeq></word><word seq="18">Lord<GreekSeq>18</GreekSeq></word><word seq="19">Jesus<GreekSeq>20</GreekSeq></word><word seq="20">Christ.<GreekSeq>21</GreekSeq></word></ESV></verse>
<verse number="4"><ESV><word seq="1">For we</word><word seq="2">know,<GreekSeq>1</GreekSeq></word><word seq="3">brothers<GreekSeq>2</GreekSeq></word><word seq="4">loved<GreekSeq>3</GreekSeq></word><word seq="5">by<GreekSeq>4</GreekSeq></word><word seq="6">God,<GreekSeq>6</GreekSeq></word><word seq="7">that he has</word><word seq="8">chosen<GreekSeq>8</GreekSeq></word><word seq="9">you,<GreekSeq>9</GreekSeq></word></ESV></verse>
<verse number="5"><ESV><word seq="1">because<GreekSeq>1</GreekSeq></word><word seq="2">our<GreekSeq>4</GreekSeq></word><word seq="3">gospel<GreekSeq>3</GreekSeq></word><word seq="4">came<GreekSeq>6</GreekSeq></word><word seq="5">to<GreekSeq>7</GreekSeq></word><word seq="6">you<GreekSeq>8</GreekSeq></word><word seq="7">not<GreekSeq>5</GreekSeq></word><word seq="8">only<GreekSeq>11</GreekSeq></word><word seq="9">in<GreekSeq>9</GreekSeq></word><word seq="10">word,<GreekSeq>10</GreekSeq></word><word seq="11">but<GreekSeq>12</GreekSeq></word><word seq="12">also<GreekSeq>13</GreekSeq></word><word seq="13">in<GreekSeq>14</GreekSeq></word><word seq="14">power<GreekSeq>15</GreekSeq></word><word seq="15">and<GreekSeq>16</GreekSeq></word><word seq="16">in<GreekSeq>17</GreekSeq></word><word seq="17">the</word><word seq="18">Holy<GreekSeq>19</GreekSeq></word><word seq="19">Spirit<GreekSeq>18</GreekSeq></word><word seq="20">and<GreekSeq>20</GreekSeq></word><word seq="21">with<GreekSeq>21</GreekSeq></word><word seq="22">full<GreekSeq>23</GreekSeq></word><word seq="23">conviction.<GreekSeq>22</GreekSeq></word><word seq="24">You know<GreekSeq>25</GreekSeq></word><word seq="25">what kind of men<GreekSeq>26</GreekSeq></word><word seq="26">we [proved] to be<GreekSeq>27</GreekSeq></word><word seq="27">among<GreekSeq>28</GreekSeq></word><word seq="28">you<GreekSeq>29</GreekSeq></word><word seq="29">for<GreekSeq>30</GreekSeq></word><word seq="30">your<GreekSeq>31</GreekSeq></word><word seq="31">sake.<GreekSeq>30</GreekSeq></word></ESV></verse>
<verse number="6"><ESV><word seq="1">And<GreekSeq>1</GreekSeq></word><word seq="2">you<GreekSeq>2</GreekSeq></word><word seq="3">became<GreekSeq>5</GreekSeq></word><word seq="4">imitators<GreekSeq>3</GreekSeq></word><word seq="5">of us<GreekSeq>4</GreekSeq></word><word seq="6">and<GreekSeq>6</GreekSeq></word><word seq="7">of the<GreekSeq>7</GreekSeq></word><word seq="8">Lord,<GreekSeq>8</GreekSeq></word><word seq="9">for you</word><word seq="10">received<GreekSeq>9</GreekSeq></word><word seq="11">the<GreekSeq>10</GreekSeq></word><word seq="12">word<GreekSeq>11</GreekSeq></word><word seq="13">in<GreekSeq>12</GreekSeq></word><word seq="14">much<GreekSeq>14</GreekSeq></word><word seq="15">affliction,<GreekSeq>13</GreekSeq></word><word seq="16">with<GreekSeq>15</GreekSeq></word><word seq="17">the joy of<GreekSeq>16</GreekSeq></word><word seq="18">the</word><word seq="19">Holy<GreekSeq>18</GreekSeq></word><word seq="20">Spirit,<GreekSeq>17</GreekSeq></word></ESV></verse>
<verse number="7"><ESV><word seq="1">so that<GreekSeq>1</GreekSeq></word><word seq="2">you<GreekSeq>3</GreekSeq></word><word seq="3">became<GreekSeq>2</GreekSeq></word><word seq="4">an example<GreekSeq>4</GreekSeq></word><word seq="5">to all<GreekSeq>5</GreekSeq></word><word seq="6">the<GreekSeq>6</GreekSeq></word><word seq="7">believers<GreekSeq>7</GreekSeq></word><word seq="8">in<GreekSeq>8</GreekSeq></word><word seq="9">Macedonia<GreekSeq>10</GreekSeq></word><word seq="10">and<GreekSeq>11</GreekSeq></word><word seq="11">in<GreekSeq>12</GreekSeq></word><word seq="12">Achaia.<GreekSeq>14</GreekSeq></word></ESV></verse>
<verse number="8"><ESV><word seq="1">For<GreekSeq>3</GreekSeq></word><word seq="2">not<GreekSeq>9</GreekSeq></word><word seq="3">only<GreekSeq>10</GreekSeq></word><word seq="4">has<GreekSeq>4</GreekSeq></word><word seq="5">the<GreekSeq>5</GreekSeq></word><word seq="6">word<GreekSeq>6</GreekSeq></word><word seq="7">of the<GreekSeq>7</GreekSeq></word><word seq="8">Lord<GreekSeq>8</GreekSeq></word><word seq="9">sounded forth<GreekSeq>4</GreekSeq></word><word seq="10">from<GreekSeq>1</GreekSeq></word><word seq="11">you<GreekSeq>2</GreekSeq></word><word seq="12">in<GreekSeq>11</GreekSeq></word><word seq="13">Macedonia<GreekSeq>13</GreekSeq></word><word seq="14">and<GreekSeq>14</GreekSeq></word><word seq="15">Achaia,<GreekSeq>17</GreekSeq></word><word seq="16">but<GreekSeq>18</GreekSeq></word><word seq="17">your<GreekSeq>24</GreekSeq></word><word seq="18">faith<GreekSeq>23</GreekSeq></word><word seq="19">in<GreekSeq>26</GreekSeq></word><word seq="20">God<GreekSeq>28</GreekSeq></word><word seq="21">has gone forth<GreekSeq>29</GreekSeq></word><word seq="22">everywhere,<GreekSeq>20</GreekSeq><GreekSeq>21</GreekSeq></word><word seq="23">so that<GreekSeq>30</GreekSeq></word><word seq="24">we<GreekSeq>34</GreekSeq></word><word seq="25">need<GreekSeq>32</GreekSeq><GreekSeq>33</GreekSeq></word><word seq="26">not<GreekSeq>31</GreekSeq></word><word seq="27">say<GreekSeq>35</GreekSeq></word><word seq="28">anything.<GreekSeq>36</GreekSeq></word></ESV></verse>
<verse number="9"><ESV><word seq="1">For<GreekSeq>2</GreekSeq></word><word seq="2">they themselves<GreekSeq>1</GreekSeq></word><word seq="3">report<GreekSeq>5</GreekSeq></word><word seq="4">concerning<GreekSeq>3</GreekSeq></word><word seq="5">us<GreekSeq>4</GreekSeq></word><word seq="6">the kind of<GreekSeq>6</GreekSeq></word><word seq="7">reception<GreekSeq>7</GreekSeq></word><word seq="8">we had<GreekSeq>8</GreekSeq></word><word seq="9">among<GreekSeq>9</GreekSeq></word><word seq="10">you,<GreekSeq>10</GreekSeq></word><word seq="11">and<GreekSeq>11</GreekSeq></word><word seq="12">how<GreekSeq>12</GreekSeq></word><word seq="13">you turned<GreekSeq>13</GreekSeq></word><word seq="14">to<GreekSeq>14</GreekSeq></word><word seq="15">God<GreekSeq>16</GreekSeq></word><word seq="16">from<GreekSeq>17</GreekSeq></word><word seq="17">idols<GreekSeq>19</GreekSeq></word><word seq="18">to serve<GreekSeq>20</GreekSeq></word><word seq="19">the</word><word seq="20">living<GreekSeq>22</GreekSeq></word><word seq="21">and<GreekSeq>23</GreekSeq></word><word seq="22">true<GreekSeq>24</GreekSeq></word><word seq="23">God,<GreekSeq>21</GreekSeq></word></ESV></verse>
<verse number="10"><ESV><word seq="1">and<GreekSeq>1</GreekSeq></word><word seq="2">to wait for<GreekSeq>2</GreekSeq></word><word seq="3">his<GreekSeq>5</GreekSeq></word><word seq="4">Son<GreekSeq>4</GreekSeq></word><word seq="5">from<GreekSeq>6</GreekSeq></word><word seq="6">heaven,<GreekSeq>8</GreekSeq></word><word seq="7">whom<GreekSeq>9</GreekSeq></word><word seq="8">he raised<GreekSeq>10</GreekSeq></word><word seq="9">from<GreekSeq>11</GreekSeq></word><word seq="10">the<GreekSeq>12</GreekSeq></word><word seq="11">dead,<GreekSeq>13</GreekSeq></word><word seq="12">Jesus<GreekSeq>14</GreekSeq></word><word seq="13">who delivers<GreekSeq>16</GreekSeq></word><word seq="14">us<GreekSeq>17</GreekSeq></word><word seq="15">from<GreekSeq>18</GreekSeq></word><word seq="16">the<GreekSeq>19</GreekSeq></word><word seq="17">wrath<GreekSeq>20</GreekSeq></word><word seq="18">to come.<GreekSeq>22</GreekSeq></word></ESV></verse></chapter></book>