<?xml version="1.0" encoding="UTF-8" standalone="no"?><book><chapter number="4">'<verse number="1"><ESV><word seq="1">Finally,<GreekSeq>1</GreekSeq></word><word seq="2">then,<GreekSeq>2</GreekSeq></word><word seq="3">brothers,<GreekSeq>3</GreekSeq></word><word seq="4">we ask<GreekSeq>4</GreekSeq></word><word seq="5">and<GreekSeq>6</GreekSeq></word><word seq="6">urge<GreekSeq>7</GreekSeq></word><word seq="7">you<GreekSeq>5</GreekSeq></word><word seq="8">in<GreekSeq>8</GreekSeq></word><word seq="9">the Lord<GreekSeq>9</GreekSeq></word><word seq="10">Jesus,<GreekSeq>10</GreekSeq></word><word seq="11">that<GreekSeq>11</GreekSeq></word><word seq="12">as<GreekSeq>12</GreekSeq></word><word seq="13">you received<GreekSeq>13</GreekSeq></word><word seq="14">from<GreekSeq>14</GreekSeq></word><word seq="15">us<GreekSeq>15</GreekSeq></word><word seq="16">how<GreekSeq>17</GreekSeq></word><word seq="17">you<GreekSeq>19</GreekSeq></word><word seq="18">ought<GreekSeq>18</GreekSeq></word><word seq="19">to walk<GreekSeq>20</GreekSeq></word><word seq="20">and<GreekSeq>21</GreekSeq></word><word seq="21">to please<GreekSeq>22</GreekSeq></word><word seq="22">God,<GreekSeq>23</GreekSeq></word><word seq="23">just as<GreekSeq>24</GreekSeq></word><word seq="24">you are doing,<GreekSeq>26</GreekSeq></word><word seq="25">that<GreekSeq>27</GreekSeq></word><word seq="26">you do so more<GreekSeq>28</GreekSeq></word><word seq="27">and more.<GreekSeq>29</GreekSeq></word></ESV></verse>
<verse number="2"><ESV><word seq="1">For<GreekSeq>2</GreekSeq></word><word seq="2">you know<GreekSeq>1</GreekSeq></word><word seq="3">what<GreekSeq>3</GreekSeq></word><word seq="4">instructions<GreekSeq>4</GreekSeq></word><word seq="5">we gave<GreekSeq>5</GreekSeq></word><word seq="6">you<GreekSeq>6</GreekSeq></word><word seq="7">through<GreekSeq>7</GreekSeq></word><word seq="8">the<GreekSeq>8</GreekSeq></word><word seq="9">Lord<GreekSeq>9</GreekSeq></word><word seq="10">Jesus.<GreekSeq>10</GreekSeq></word></ESV></verse>
<verse number="3"><ESV><word seq="1">For<GreekSeq>2</GreekSeq></word><word seq="2">this<GreekSeq>1</GreekSeq></word><word seq="3">is<GreekSeq>3</GreekSeq></word><word seq="4">the will<GreekSeq>4</GreekSeq></word><word seq="5">of God,<GreekSeq>6</GreekSeq></word><word seq="6">your<GreekSeq>9</GreekSeq></word><word seq="7">sanctification:<GreekSeq>8</GreekSeq></word><word seq="8">that</word><word seq="9">you<GreekSeq>11</GreekSeq></word><word seq="10">abstain<GreekSeq>10</GreekSeq></word><word seq="11">from<GreekSeq>12</GreekSeq></word><word seq="12">sexual immorality;<GreekSeq>14</GreekSeq></word></ESV></verse>
<verse number="4"><ESV><word seq="1">that</word><word seq="2">each one<GreekSeq>2</GreekSeq></word><word seq="3">of you<GreekSeq>3</GreekSeq></word><word seq="4">know<GreekSeq>1</GreekSeq></word><word seq="5">how</word><word seq="6">to control<GreekSeq>7</GreekSeq></word><word seq="7">his own<GreekSeq>5</GreekSeq></word><word seq="8">body<GreekSeq>6</GreekSeq></word><word seq="9">in<GreekSeq>8</GreekSeq></word><word seq="10">holiness<GreekSeq>9</GreekSeq></word><word seq="11">and<GreekSeq>10</GreekSeq></word><word seq="12">honor,<GreekSeq>11</GreekSeq></word></ESV></verse>
<verse number="5"><ESV><word seq="1">not<GreekSeq>1</GreekSeq></word><word seq="2">in<GreekSeq>2</GreekSeq></word><word seq="3">the passion<GreekSeq>3</GreekSeq></word><word seq="4">of lust<GreekSeq>4</GreekSeq></word><word seq="5">like<GreekSeq>5</GreekSeq></word><word seq="6">the<GreekSeq>7</GreekSeq></word><word seq="7">Gentiles<GreekSeq>8</GreekSeq></word><word seq="8">who<GreekSeq>11</GreekSeq></word><word seq="9">do</word><word seq="10">not<GreekSeq>10</GreekSeq></word><word seq="11">know<GreekSeq>11</GreekSeq></word><word seq="12">God;<GreekSeq>13</GreekSeq></word></ESV></verse>
<verse number="6"><ESV><word seq="1">that<GreekSeq>1</GreekSeq></word><word seq="2">no<GreekSeq>2</GreekSeq></word><word seq="3">one</word><word seq="4">transgress<GreekSeq>3</GreekSeq></word><word seq="5">and<GreekSeq>4</GreekSeq></word><word seq="6">wrong<GreekSeq>5</GreekSeq></word><word seq="7">his<GreekSeq>11</GreekSeq></word><word seq="8">brother<GreekSeq>10</GreekSeq></word><word seq="9">in<GreekSeq>6</GreekSeq></word><word seq="10">this<GreekSeq>7</GreekSeq></word><word seq="11">matter,<GreekSeq>8</GreekSeq></word><word seq="12">because<GreekSeq>12</GreekSeq></word><word seq="13">the Lord<GreekSeq>14</GreekSeq></word><word seq="14">is</word><word seq="15">an avenger<GreekSeq>13</GreekSeq></word><word seq="16">in<GreekSeq>15</GreekSeq></word><word seq="17">all<GreekSeq>16</GreekSeq></word><word seq="18">these things,<GreekSeq>17</GreekSeq></word><word seq="19">as<GreekSeq>18</GreekSeq></word><word seq="20">we told<GreekSeq>20</GreekSeq></word><word seq="21">you<GreekSeq>21</GreekSeq></word><word seq="22">beforehand<GreekSeq>20</GreekSeq></word><word seq="23">and<GreekSeq>22</GreekSeq></word><word seq="24">solemnly warned<GreekSeq>23</GreekSeq></word><word seq="25">you.</word></ESV></verse>
<verse number="7"><ESV><word seq="1">For<GreekSeq>2</GreekSeq></word><word seq="2">God<GreekSeq>6</GreekSeq></word><word seq="3">has<GreekSeq>3</GreekSeq></word><word seq="4">not<GreekSeq>1</GreekSeq></word><word seq="5">called<GreekSeq>3</GreekSeq></word><word seq="6">us<GreekSeq>4</GreekSeq></word><word seq="7">for<GreekSeq>7</GreekSeq></word><word seq="8">impurity,<GreekSeq>8</GreekSeq></word><word seq="9">but<GreekSeq>9</GreekSeq></word><word seq="10">in<GreekSeq>10</GreekSeq></word><word seq="11">holiness.<GreekSeq>11</GreekSeq></word></ESV></verse>
<verse number="8"><ESV><word seq="1">Therefore<GreekSeq>1</GreekSeq></word><word seq="2">whoever disregards<GreekSeq>2</GreekSeq><GreekSeq>3</GreekSeq></word><word seq="3">this,</word><word seq="4">disregards<GreekSeq>6</GreekSeq></word><word seq="5">not<GreekSeq>4</GreekSeq></word><word seq="6">man<GreekSeq>5</GreekSeq></word><word seq="7">but<GreekSeq>7</GreekSeq></word><word seq="8">God,<GreekSeq>9</GreekSeq></word><word seq="9">who gives<GreekSeq>12</GreekSeq></word><word seq="10">his<GreekSeq>15</GreekSeq></word><word seq="11">Holy<GreekSeq>17</GreekSeq></word><word seq="12">Spirit<GreekSeq>14</GreekSeq></word><word seq="13">to<GreekSeq>18</GreekSeq></word><word seq="14">you.<GreekSeq>19</GreekSeq></word></ESV></verse>
<verse number="9"><ESV><word seq="1">Now<GreekSeq>2</GreekSeq></word><word seq="2">concerning<GreekSeq>1</GreekSeq></word><word seq="3">brotherly love<GreekSeq>4</GreekSeq></word><word seq="4">you have<GreekSeq>7</GreekSeq></word><word seq="5">no<GreekSeq>5</GreekSeq></word><word seq="6">need<GreekSeq>6</GreekSeq></word><word seq="7">for anyone</word><word seq="8">to write<GreekSeq>8</GreekSeq></word><word seq="9">to you,<GreekSeq>9</GreekSeq></word><word seq="10">for<GreekSeq>11</GreekSeq></word><word seq="11">you<GreekSeq>12</GreekSeq></word><word seq="12">yourselves<GreekSeq>10</GreekSeq></word><word seq="13">have been<GreekSeq>14</GreekSeq></word><word seq="14">taught by God<GreekSeq>13</GreekSeq></word><word seq="15">to love<GreekSeq>17</GreekSeq></word><word seq="16">one another,<GreekSeq>18</GreekSeq></word></ESV></verse>
<verse number="10"><ESV><word seq="1">for<GreekSeq>2</GreekSeq></word><word seq="2">that<GreekSeq>4</GreekSeq></word><word seq="3">indeed<GreekSeq>1</GreekSeq></word><word seq="4">is what</word><word seq="5">you are doing<GreekSeq>3</GreekSeq></word><word seq="6">to<GreekSeq>5</GreekSeq></word><word seq="7">all<GreekSeq>6</GreekSeq></word><word seq="8">the<GreekSeq>7</GreekSeq></word><word seq="9">brothers<GreekSeq>8</GreekSeq></word><word seq="10">throughout<GreekSeq>11</GreekSeq></word><word seq="11">Macedonia.<GreekSeq>13</GreekSeq></word><word seq="12">But<GreekSeq>15</GreekSeq></word><word seq="13">we urge<GreekSeq>14</GreekSeq></word><word seq="14">you,<GreekSeq>16</GreekSeq></word><word seq="15">brothers,<GreekSeq>17</GreekSeq></word><word seq="16">to do [this] more<GreekSeq>18</GreekSeq></word><word seq="17">and</word><word seq="18">more,<GreekSeq>19</GreekSeq></word></ESV></verse>
<verse number="11"><ESV><word seq="1">and<GreekSeq>1</GreekSeq></word><word seq="2">to aspire<GreekSeq>2</GreekSeq></word><word seq="3">to live quietly,<GreekSeq>3</GreekSeq></word><word seq="4">and<GreekSeq>4</GreekSeq></word><word seq="5">to mind<GreekSeq>5</GreekSeq></word><word seq="6">your</word><word seq="7">own affairs,<GreekSeq>6</GreekSeq><GreekSeq>7</GreekSeq></word><word seq="8">and<GreekSeq>8</GreekSeq></word><word seq="9">to work with<GreekSeq>9</GreekSeq></word><word seq="10">your<GreekSeq>13</GreekSeq></word><word seq="11">hands,<GreekSeq>12</GreekSeq></word><word seq="12">as<GreekSeq>14</GreekSeq></word><word seq="13">we instructed<GreekSeq>16</GreekSeq></word><word seq="14">you,<GreekSeq>15</GreekSeq></word></ESV></verse>
<verse number="12"><ESV><word seq="1">so that<GreekSeq>1</GreekSeq></word><word seq="2">you may walk<GreekSeq>2</GreekSeq></word><word seq="3">properly<GreekSeq>3</GreekSeq></word><word seq="4">before<GreekSeq>4</GreekSeq></word><word seq="5">outsiders<GreekSeq>5</GreekSeq><GreekSeq>6</GreekSeq></word><word seq="6">and<GreekSeq>7</GreekSeq></word><word seq="7">be<GreekSeq>10</GreekSeq></word><word seq="8">[dependent]<GreekSeq>9</GreekSeq></word><word seq="9">on</word><word seq="10">no one.<GreekSeq>8</GreekSeq></word></ESV></verse>
<verse number="13"><ESV><word seq="1">But<GreekSeq>3</GreekSeq></word><word seq="2">we do<GreekSeq>2</GreekSeq></word><word seq="3">not<GreekSeq>1</GreekSeq></word><word seq="4">want<GreekSeq>2</GreekSeq></word><word seq="5">you<GreekSeq>4</GreekSeq></word><word seq="6">to be uninformed,<GreekSeq>5</GreekSeq></word><word seq="7">brothers,<GreekSeq>6</GreekSeq></word><word seq="8">about<GreekSeq>7</GreekSeq></word><word seq="9">those<GreekSeq>8</GreekSeq></word><word seq="10">who are asleep,<GreekSeq>9</GreekSeq></word><word seq="11">that<GreekSeq>10</GreekSeq></word><word seq="12">you may<GreekSeq>12</GreekSeq></word><word seq="13">not<GreekSeq>11</GreekSeq></word><word seq="14">grieve<GreekSeq>12</GreekSeq></word><word seq="15">as<GreekSeq>13</GreekSeq></word><word seq="16">others<GreekSeq>16</GreekSeq></word><word seq="17">do</word><word seq="18">who have<GreekSeq>19</GreekSeq></word><word seq="19">no<GreekSeq>18</GreekSeq></word><word seq="20">hope.<GreekSeq>20</GreekSeq></word></ESV></verse>
<verse number="14"><ESV><word seq="1">For<GreekSeq>2</GreekSeq></word><word seq="2">since<GreekSeq>1</GreekSeq></word><word seq="3">we believe<GreekSeq>3</GreekSeq></word><word seq="4">that<GreekSeq>4</GreekSeq></word><word seq="5">Jesus<GreekSeq>5</GreekSeq></word><word seq="6">died<GreekSeq>6</GreekSeq></word><word seq="7">and<GreekSeq>7</GreekSeq></word><word seq="8">rose again,<GreekSeq>8</GreekSeq></word><word seq="9">even<GreekSeq>10</GreekSeq></word><word seq="10">so,<GreekSeq>9</GreekSeq></word><word seq="11">through<GreekSeq>15</GreekSeq></word><word seq="12">Jesus,<GreekSeq>17</GreekSeq></word><word seq="13">God<GreekSeq>12</GreekSeq></word><word seq="14">will bring<GreekSeq>18</GreekSeq></word><word seq="15">with<GreekSeq>19</GreekSeq></word><word seq="16">him<GreekSeq>20</GreekSeq></word><word seq="17">those<GreekSeq>13</GreekSeq></word><word seq="18">who have fallen asleep.<GreekSeq>14</GreekSeq></word></ESV></verse>
<verse number="15"><ESV><word seq="1">For<GreekSeq>2</GreekSeq></word><word seq="2">this<GreekSeq>1</GreekSeq></word><word seq="3">we declare<GreekSeq>4</GreekSeq></word><word seq="4">to you<GreekSeq>3</GreekSeq></word><word seq="5">by<GreekSeq>5</GreekSeq></word><word seq="6">a word<GreekSeq>6</GreekSeq></word><word seq="7">from the Lord,<GreekSeq>7</GreekSeq></word><word seq="8">that<GreekSeq>8</GreekSeq></word><word seq="9">we<GreekSeq>9</GreekSeq></word><word seq="10">who are alive,<GreekSeq>11</GreekSeq></word><word seq="11">who are left<GreekSeq>13</GreekSeq></word><word seq="12">until<GreekSeq>14</GreekSeq></word><word seq="13">the<GreekSeq>15</GreekSeq></word><word seq="14">coming<GreekSeq>16</GreekSeq></word><word seq="15">of the<GreekSeq>17</GreekSeq></word><word seq="16">Lord,<GreekSeq>18</GreekSeq></word><word seq="17">will<GreekSeq>21</GreekSeq></word><word seq="18" note="οὐ μή Strong Code (3364)">not<GreekSeq>19</GreekSeq><GreekSeq>20</GreekSeq></word><word seq="19">precede<GreekSeq>21</GreekSeq></word><word seq="20">those<GreekSeq>22</GreekSeq></word><word seq="21">who have fallen asleep.<GreekSeq>23</GreekSeq></word></ESV></verse>
<verse number="16"><ESV><word seq="1">For<GreekSeq>1</GreekSeq></word><word seq="2">the<GreekSeq>3</GreekSeq></word><word seq="3">Lord<GreekSeq>4</GreekSeq></word><word seq="4">himself<GreekSeq>2</GreekSeq></word><word seq="5">will descend<GreekSeq>14</GreekSeq></word><word seq="6">from<GreekSeq>15</GreekSeq></word><word seq="7">heaven<GreekSeq>16</GreekSeq></word><word seq="8">with<GreekSeq>5</GreekSeq></word><word seq="9">a cry of command,<GreekSeq>6</GreekSeq></word><word seq="10">with<GreekSeq>7</GreekSeq></word><word seq="11">the voice<GreekSeq>8</GreekSeq></word><word seq="12">of an archangel,<GreekSeq>9</GreekSeq></word><word seq="13">and<GreekSeq>10</GreekSeq></word><word seq="14">with<GreekSeq>11</GreekSeq></word><word seq="15">[the sound of] the trumpet<GreekSeq>12</GreekSeq></word><word seq="16">of God.<GreekSeq>13</GreekSeq></word><word seq="17">And<GreekSeq>17</GreekSeq></word><word seq="18">the<GreekSeq>18</GreekSeq></word><word seq="19">dead<GreekSeq>19</GreekSeq></word><word seq="20">in<GreekSeq>20</GreekSeq></word><word seq="21">Christ<GreekSeq>21</GreekSeq></word><word seq="22">will rise<GreekSeq>22</GreekSeq></word><word seq="23">first.<GreekSeq>23</GreekSeq></word></ESV></verse>
<verse number="17"><ESV><word seq="1">Then<GreekSeq>1</GreekSeq></word><word seq="2">we<GreekSeq>2</GreekSeq></word><word seq="3">who are alive,<GreekSeq>4</GreekSeq></word><word seq="4">who are left,<GreekSeq>6</GreekSeq></word><word seq="5">will be caught up<GreekSeq>10</GreekSeq></word><word seq="6">together<GreekSeq>7</GreekSeq></word><word seq="7">with<GreekSeq>8</GreekSeq></word><word seq="8">them<GreekSeq>9</GreekSeq></word><word seq="9">in<GreekSeq>11</GreekSeq></word><word seq="10">the clouds<GreekSeq>12</GreekSeq></word><word seq="11">to meet<GreekSeq>13</GreekSeq><GreekSeq>14</GreekSeq></word><word seq="12">the<GreekSeq>15</GreekSeq></word><word seq="13">Lord<GreekSeq>16</GreekSeq></word><word seq="14">in<GreekSeq>17</GreekSeq></word><word seq="15">the air,<GreekSeq>18</GreekSeq></word><word seq="16">and<GreekSeq>19</GreekSeq></word><word seq="17">so<GreekSeq>20</GreekSeq></word><word seq="18">we<GreekSeq>24</GreekSeq></word><word seq="19">will<GreekSeq>24</GreekSeq></word><word seq="20">always<GreekSeq>21</GreekSeq></word><word seq="21">be<GreekSeq>24</GreekSeq></word><word seq="22">with<GreekSeq>22</GreekSeq></word><word seq="23">the Lord.<GreekSeq>23</GreekSeq></word></ESV></verse>
<verse number="18"><ESV><word seq="1">Therefore<GreekSeq>1</GreekSeq></word><word seq="2">encourage<GreekSeq>2</GreekSeq></word><word seq="3">one another<GreekSeq>3</GreekSeq></word><word seq="4">with<GreekSeq>4</GreekSeq></word><word seq="5">these<GreekSeq>7</GreekSeq></word><word seq="6">words.<GreekSeq>6</GreekSeq></word></ESV></verse></chapter></book>