<?xml version="1.0" encoding="UTF-8" standalone="no"?><book><chapter number="4">'<verse number="1"><ESV><word seq="1">Therefore,<GreekSeq>1</GreekSeq><GreekSeq>2</GreekSeq></word><word seq="2">having<GreekSeq>3</GreekSeq></word><word seq="3">this<GreekSeq>6</GreekSeq></word><word seq="4">ministry<GreekSeq>5</GreekSeq></word><word seq="5">by<GreekSeq>7</GreekSeq></word><word seq="6">the</word><word seq="7">mercy<GreekSeq>8</GreekSeq></word><word seq="8">of God,</word><word seq="9">we do<GreekSeq>10</GreekSeq></word><word seq="10">not<GreekSeq>9</GreekSeq></word><word seq="11">lose heart.<GreekSeq>10</GreekSeq></word></ESV></verse>
<verse number="2"><ESV><word seq="1">But<GreekSeq>1</GreekSeq></word><word seq="2">we have renounced<GreekSeq>2</GreekSeq></word><word seq="3">disgraceful,<GreekSeq>6</GreekSeq></word><word seq="4">underhanded ways.<GreekSeq>3</GreekSeq><GreekSeq>4</GreekSeq></word><word seq="5">We</word><word seq="6">refuse to practice<GreekSeq>7</GreekSeq><GreekSeq>8</GreekSeq></word><word seq="7">cunning<GreekSeq>10</GreekSeq></word><word seq="8">or<GreekSeq>11</GreekSeq></word><word seq="9">to tamper with<GreekSeq>12</GreekSeq></word><word seq="10">God’s<GreekSeq>16</GreekSeq></word><word seq="11">word,<GreekSeq>14</GreekSeq></word><word seq="12">but<GreekSeq>17</GreekSeq></word><word seq="13">by the open statement<GreekSeq>19</GreekSeq></word><word seq="14">of the<GreekSeq>20</GreekSeq></word><word seq="15">truth<GreekSeq>21</GreekSeq></word><word seq="16">we would</word><word seq="17">commend<GreekSeq>22</GreekSeq></word><word seq="18">ourselves<GreekSeq>23</GreekSeq></word><word seq="19">to<GreekSeq>24</GreekSeq></word><word seq="20">everyone’s<GreekSeq>25</GreekSeq><GreekSeq>27</GreekSeq></word><word seq="21">conscience<GreekSeq>26</GreekSeq></word><word seq="22">in the sight of<GreekSeq>28</GreekSeq></word><word seq="23">God.<GreekSeq>30</GreekSeq></word></ESV></verse>
<verse number="3"><ESV><word seq="1">And<GreekSeq>2</GreekSeq></word><word seq="2">even<GreekSeq>3</GreekSeq></word><word seq="3">if<GreekSeq>1</GreekSeq></word><word seq="4">our<GreekSeq>8</GreekSeq></word><word seq="5">gospel<GreekSeq>7</GreekSeq></word><word seq="6">is<GreekSeq>4</GreekSeq></word><word seq="7">veiled,<GreekSeq>5</GreekSeq></word><word seq="8">it is<GreekSeq>12</GreekSeq></word><word seq="9">veiled<GreekSeq>13</GreekSeq></word><word seq="10">to<GreekSeq>9</GreekSeq></word><word seq="11">those<GreekSeq>10</GreekSeq></word><word seq="12">who are perishing.<GreekSeq>11</GreekSeq></word></ESV></verse>
<verse number="4"><ESV><word seq="1">In<GreekSeq>1</GreekSeq></word><word seq="2">their [case]<GreekSeq>2</GreekSeq></word><word seq="3">the<GreekSeq>3</GreekSeq></word><word seq="4">god<GreekSeq>4</GreekSeq></word><word seq="5">of this<GreekSeq>7</GreekSeq></word><word seq="6">world<GreekSeq>6</GreekSeq></word><word seq="7">has blinded<GreekSeq>8</GreekSeq></word><word seq="8">the<GreekSeq>9</GreekSeq></word><word seq="9">minds<GreekSeq>10</GreekSeq></word><word seq="10">of the<GreekSeq>11</GreekSeq></word><word seq="11">unbelievers,<GreekSeq>12</GreekSeq></word><word seq="12">to keep them from seeing<GreekSeq>15</GreekSeq><GreekSeq>16</GreekSeq></word><word seq="13">the<GreekSeq>17</GreekSeq></word><word seq="14">light<GreekSeq>18</GreekSeq></word><word seq="15">of the<GreekSeq>19</GreekSeq></word><word seq="16">gospel<GreekSeq>20</GreekSeq></word><word seq="17">of the<GreekSeq>21</GreekSeq></word><word seq="18">glory<GreekSeq>22</GreekSeq></word><word seq="19">of Christ,<GreekSeq>24</GreekSeq></word><word seq="20">who<GreekSeq>25</GreekSeq></word><word seq="21">is<GreekSeq>26</GreekSeq></word><word seq="22">the image<GreekSeq>27</GreekSeq></word><word seq="23">of God.<GreekSeq>29</GreekSeq></word></ESV></verse>
<verse number="5"><ESV><word seq="1">For<GreekSeq>2</GreekSeq></word><word seq="2">what</word><word seq="3">we proclaim<GreekSeq>4</GreekSeq></word><word seq="4">is</word><word seq="5">not<GreekSeq>1</GreekSeq></word><word seq="6">ourselves,<GreekSeq>3</GreekSeq></word><word seq="7">but<GreekSeq>5</GreekSeq></word><word seq="8">Jesus<GreekSeq>6</GreekSeq></word><word seq="9">Christ<GreekSeq>7</GreekSeq></word><word seq="10">as Lord,<GreekSeq>8</GreekSeq></word><word seq="11">with<GreekSeq>10</GreekSeq></word><word seq="12">ourselves<GreekSeq>9</GreekSeq></word><word seq="13">as</word><word seq="14">your<GreekSeq>12</GreekSeq></word><word seq="15">servants<GreekSeq>11</GreekSeq></word><word seq="16">for<GreekSeq>13</GreekSeq></word><word seq="17">Jesus’<GreekSeq>14</GreekSeq></word><word seq="18">sake.<GreekSeq>13</GreekSeq></word></ESV></verse>
<verse number="6"><ESV><word seq="1">For<GreekSeq>1</GreekSeq></word><word seq="2">God,<GreekSeq>3</GreekSeq></word><word seq="3">who said,<GreekSeq>5</GreekSeq></word><word seq="4">Let<GreekSeq>9</GreekSeq></word><word seq="5">light<GreekSeq>8</GreekSeq></word><word seq="6">shine<GreekSeq>9</GreekSeq></word><word seq="7">out of<GreekSeq>6</GreekSeq></word><word seq="8">darkness,<GreekSeq>7</GreekSeq></word><word seq="9">has shone<GreekSeq>11</GreekSeq></word><word seq="10">in<GreekSeq>12</GreekSeq></word><word seq="11">our<GreekSeq>15</GreekSeq></word><word seq="12">hearts<GreekSeq>14</GreekSeq></word><word seq="13">to give the light<GreekSeq>16</GreekSeq><GreekSeq>17</GreekSeq></word><word seq="14">of the<GreekSeq>18</GreekSeq></word><word seq="15">knowledge<GreekSeq>19</GreekSeq></word><word seq="16">of the<GreekSeq>20</GreekSeq></word><word seq="17">glory<GreekSeq>21</GreekSeq></word><word seq="18">of God<GreekSeq>23</GreekSeq></word><word seq="19">in<GreekSeq>24</GreekSeq></word><word seq="20">the face<GreekSeq>25</GreekSeq></word><word seq="21">of Jesus<GreekSeq>26</GreekSeq></word><word seq="22">Christ.<GreekSeq>27</GreekSeq></word></ESV></verse>
<verse number="7"><ESV><word seq="1">But<GreekSeq>2</GreekSeq></word><word seq="2">we have<GreekSeq>1</GreekSeq></word><word seq="3">this<GreekSeq>5</GreekSeq></word><word seq="4">treasure<GreekSeq>4</GreekSeq></word><word seq="5">in<GreekSeq>6</GreekSeq></word><word seq="6">jars<GreekSeq>8</GreekSeq></word><word seq="7">of clay,<GreekSeq>7</GreekSeq></word><word seq="8">to show</word><word seq="9">that<GreekSeq>9</GreekSeq></word><word seq="10">the<GreekSeq>10</GreekSeq></word><word seq="11">surpassing<GreekSeq>11</GreekSeq></word><word seq="12">power<GreekSeq>13</GreekSeq></word><word seq="13">belongs to<GreekSeq>14</GreekSeq></word><word seq="14">God<GreekSeq>16</GreekSeq></word><word seq="15">and<GreekSeq>17</GreekSeq></word><word seq="16">not<GreekSeq>18</GreekSeq></word><word seq="17">to<GreekSeq>19</GreekSeq></word><word seq="18">us.<GreekSeq>20</GreekSeq></word></ESV></verse>
<verse number="8"><ESV><word seq="1">We</word><word seq="2">are afflicted<GreekSeq>3</GreekSeq></word><word seq="3">in<GreekSeq>1</GreekSeq></word><word seq="4">every [way],<GreekSeq>2</GreekSeq></word><word seq="5">but<GreekSeq>4</GreekSeq></word><word seq="6">not<GreekSeq>5</GreekSeq></word><word seq="7">crushed;<GreekSeq>6</GreekSeq></word><word seq="8">perplexed,<GreekSeq>7</GreekSeq></word><word seq="9">but<GreekSeq>8</GreekSeq></word><word seq="10">not<GreekSeq>9</GreekSeq></word><word seq="11">driven to despair;<GreekSeq>10</GreekSeq></word></ESV></verse>
<verse number="9"><ESV><word seq="1">persecuted,<GreekSeq>1</GreekSeq></word><word seq="2">but<GreekSeq>2</GreekSeq></word><word seq="3">not<GreekSeq>3</GreekSeq></word><word seq="4">forsaken;<GreekSeq>4</GreekSeq></word><word seq="5">struck down,<GreekSeq>5</GreekSeq></word><word seq="6">but<GreekSeq>6</GreekSeq></word><word seq="7">not<GreekSeq>7</GreekSeq></word><word seq="8">destroyed;<GreekSeq>8</GreekSeq></word></ESV></verse>
<verse number="10"><ESV><word seq="1">always<GreekSeq>1</GreekSeq></word><word seq="2">carrying<GreekSeq>9</GreekSeq></word><word seq="3">in<GreekSeq>6</GreekSeq></word><word seq="4">the<GreekSeq>7</GreekSeq></word><word seq="5">body<GreekSeq>8</GreekSeq></word><word seq="6">the<GreekSeq>2</GreekSeq></word><word seq="7">death<GreekSeq>3</GreekSeq></word><word seq="8">of Jesus,<GreekSeq>5</GreekSeq></word><word seq="9">so that<GreekSeq>10</GreekSeq></word><word seq="10">the<GreekSeq>12</GreekSeq></word><word seq="11">life<GreekSeq>13</GreekSeq></word><word seq="12">of Jesus<GreekSeq>15</GreekSeq></word><word seq="13">may<GreekSeq>20</GreekSeq></word><word seq="14">also<GreekSeq>11</GreekSeq></word><word seq="15">be manifested<GreekSeq>20</GreekSeq></word><word seq="16">in<GreekSeq>16</GreekSeq></word><word seq="17">our<GreekSeq>19</GreekSeq></word><word seq="18">bodies.<GreekSeq>18</GreekSeq></word></ESV></verse>
<verse number="11"><ESV><word seq="1">For<GreekSeq>2</GreekSeq></word><word seq="2">we<GreekSeq>3</GreekSeq></word><word seq="3">who live<GreekSeq>5</GreekSeq></word><word seq="4">are</word><word seq="5">always<GreekSeq>1</GreekSeq></word><word seq="6">being given over<GreekSeq>8</GreekSeq></word><word seq="7">to<GreekSeq>6</GreekSeq></word><word seq="8">death<GreekSeq>7</GreekSeq></word><word seq="9">for<GreekSeq>9</GreekSeq></word><word seq="10">Jesus’<GreekSeq>10</GreekSeq></word><word seq="11">sake,<GreekSeq>9</GreekSeq></word><word seq="12">so that<GreekSeq>11</GreekSeq></word><word seq="13">the<GreekSeq>13</GreekSeq></word><word seq="14">life<GreekSeq>14</GreekSeq></word><word seq="15">of Jesus<GreekSeq>16</GreekSeq></word><word seq="16">also<GreekSeq>12</GreekSeq></word><word seq="17">may be manifested<GreekSeq>17</GreekSeq></word><word seq="18">in<GreekSeq>18</GreekSeq></word><word seq="19">our<GreekSeq>22</GreekSeq></word><word seq="20">mortal<GreekSeq>20</GreekSeq></word><word seq="21">flesh.<GreekSeq>21</GreekSeq></word></ESV></verse>
<verse number="12"><ESV><word seq="1">So<GreekSeq>1</GreekSeq></word><word seq="2">death<GreekSeq>3</GreekSeq></word><word seq="3">is at work<GreekSeq>6</GreekSeq></word><word seq="4">in<GreekSeq>4</GreekSeq></word><word seq="5">us,<GreekSeq>5</GreekSeq></word><word seq="6">but<GreekSeq>8</GreekSeq></word><word seq="7">life<GreekSeq>9</GreekSeq></word><word seq="8">in<GreekSeq>10</GreekSeq></word><word seq="9">you.<GreekSeq>11</GreekSeq></word></ESV></verse>
<verse number="13"><ESV><word seq="1">Since<GreekSeq>2</GreekSeq></word><word seq="2">we have<GreekSeq>1</GreekSeq></word><word seq="3">the<GreekSeq>3</GreekSeq></word><word seq="4">same<GreekSeq>4</GreekSeq></word><word seq="5">spirit<GreekSeq>5</GreekSeq></word><word seq="6">of faith<GreekSeq>7</GreekSeq></word><word seq="7">according to<GreekSeq>8</GreekSeq></word><word seq="8">what has been written,<GreekSeq>9</GreekSeq><GreekSeq>10</GreekSeq></word><word seq="9">I believed,<GreekSeq>11</GreekSeq></word><word seq="10">and</word><word seq="11">so<GreekSeq>12</GreekSeq></word><word seq="12">I spoke,<GreekSeq>13</GreekSeq></word><word seq="13">we<GreekSeq>15</GreekSeq></word><word seq="14">also<GreekSeq>14</GreekSeq></word><word seq="15">believe,<GreekSeq>16</GreekSeq></word><word seq="16">and</word><word seq="17">so<GreekSeq>17</GreekSeq></word><word seq="18">we<GreekSeq>19</GreekSeq></word><word seq="19">also<GreekSeq>18</GreekSeq></word><word seq="20">speak,<GreekSeq>19</GreekSeq></word></ESV></verse>
<verse number="14"><ESV><word seq="1">knowing<GreekSeq>1</GreekSeq></word><word seq="2">that<GreekSeq>2</GreekSeq></word><word seq="3">he<GreekSeq>3</GreekSeq></word><word seq="4">who raised<GreekSeq>4</GreekSeq></word><word seq="5">the<GreekSeq>5</GreekSeq></word><word seq="6">Lord<GreekSeq>6</GreekSeq></word><word seq="7">Jesus<GreekSeq>7</GreekSeq></word><word seq="8">will raise<GreekSeq>12</GreekSeq></word><word seq="9">us<GreekSeq>9</GreekSeq></word><word seq="10">also<GreekSeq>8</GreekSeq></word><word seq="11">with<GreekSeq>10</GreekSeq></word><word seq="12">Jesus<GreekSeq>11</GreekSeq></word><word seq="13">and<GreekSeq>13</GreekSeq></word><word seq="14">bring<GreekSeq>14</GreekSeq></word><word seq="15">us</word><word seq="16">with<GreekSeq>15</GreekSeq></word><word seq="17">you<GreekSeq>16</GreekSeq></word><word seq="18">into his presence.<GreekSeq>14</GreekSeq></word></ESV></verse>
<verse number="15"><ESV><word seq="1">For<GreekSeq>2</GreekSeq></word><word seq="2">it is</word><word seq="3">all<GreekSeq>3</GreekSeq></word><word seq="4">for<GreekSeq>4</GreekSeq></word><word seq="5">your<GreekSeq>5</GreekSeq></word><word seq="6">sake,<GreekSeq>4</GreekSeq></word><word seq="7">so that<GreekSeq>6</GreekSeq></word><word seq="8">as</word><word seq="9">grace<GreekSeq>8</GreekSeq></word><word seq="10">extends to more<GreekSeq>9</GreekSeq></word><word seq="11">and</word><word seq="12">more people<GreekSeq>11</GreekSeq><GreekSeq>12</GreekSeq></word><word seq="13">it may increase<GreekSeq>15</GreekSeq></word><word seq="14">thanksgiving,<GreekSeq>14</GreekSeq></word><word seq="15">to<GreekSeq>16</GreekSeq></word><word seq="16">the<GreekSeq>17</GreekSeq></word><word seq="17">glory<GreekSeq>18</GreekSeq></word><word seq="18">of God.<GreekSeq>20</GreekSeq></word></ESV></verse>
<verse number="16"><ESV><word seq="1">So<GreekSeq>1</GreekSeq></word><word seq="2">we do<GreekSeq>3</GreekSeq></word><word seq="3">not<GreekSeq>2</GreekSeq></word><word seq="4">lose heart.<GreekSeq>3</GreekSeq></word><word seq="5" note="εἰ καὶ Strong Code (1499)">Though<GreekSeq>5</GreekSeq><GreekSeq>6</GreekSeq></word><word seq="6">our<GreekSeq>9</GreekSeq></word><word seq="7">outer<GreekSeq>8</GreekSeq></word><word seq="8">self<GreekSeq>10</GreekSeq></word><word seq="9">is wasting away,<GreekSeq>11</GreekSeq></word><word seq="10">our<GreekSeq>15</GreekSeq></word><word seq="11">inner self<GreekSeq>13</GreekSeq><GreekSeq>14</GreekSeq></word><word seq="12">is being renewed<GreekSeq>16</GreekSeq></word><word seq="13">day<GreekSeq>17</GreekSeq></word><word seq="14">by<GreekSeq>18</GreekSeq></word><word seq="15">day.<GreekSeq>19</GreekSeq></word></ESV></verse>
<verse number="17"><ESV><word seq="1">For<GreekSeq>2</GreekSeq></word><word seq="2">this<GreekSeq>5</GreekSeq></word><word seq="3">light<GreekSeq>4</GreekSeq></word><word seq="4">momentary<GreekSeq>3</GreekSeq></word><word seq="5">affliction<GreekSeq>6</GreekSeq></word><word seq="6">is preparing<GreekSeq>15</GreekSeq></word><word seq="7">for us<GreekSeq>16</GreekSeq></word><word seq="8">an eternal<GreekSeq>12</GreekSeq></word><word seq="9">weight<GreekSeq>13</GreekSeq></word><word seq="10">of glory<GreekSeq>14</GreekSeq></word><word seq="11">beyond all comparison,<GreekSeq>8</GreekSeq><GreekSeq>9</GreekSeq><GreekSeq>10</GreekSeq><GreekSeq>11</GreekSeq></word></ESV></verse>
<verse number="18"><ESV><word seq="1">as</word><word seq="2">we<GreekSeq>3</GreekSeq></word><word seq="3">look<GreekSeq>2</GreekSeq></word><word seq="4">not<GreekSeq>1</GreekSeq></word><word seq="5">to the things<GreekSeq>4</GreekSeq></word><word seq="6">that are seen<GreekSeq>5</GreekSeq></word><word seq="7">but<GreekSeq>6</GreekSeq></word><word seq="8">to the things<GreekSeq>7</GreekSeq></word><word seq="9">that are unseen.<GreekSeq>8</GreekSeq><GreekSeq>9</GreekSeq></word><word seq="10">For<GreekSeq>11</GreekSeq></word><word seq="11">the things<GreekSeq>10</GreekSeq></word><word seq="12">that are seen<GreekSeq>12</GreekSeq></word><word seq="13">are</word><word seq="14">transient,<GreekSeq>13</GreekSeq></word><word seq="15">but<GreekSeq>15</GreekSeq></word><word seq="16">the things<GreekSeq>14</GreekSeq></word><word seq="17">that are unseen<GreekSeq>16</GreekSeq><GreekSeq>17</GreekSeq></word><word seq="18">are</word><word seq="19">eternal.<GreekSeq>18</GreekSeq></word></ESV></verse></chapter></book>