<?xml version="1.0" encoding="UTF-8" standalone="no"?><book><chapter number="6">'<verse number="1"><ESV><word seq="1">Working together with [him],<GreekSeq>1</GreekSeq></word><word seq="2">then,<GreekSeq>3</GreekSeq></word><word seq="3">we appeal<GreekSeq>4</GreekSeq></word><word seq="4">to you<GreekSeq>13</GreekSeq></word><word seq="5">not<GreekSeq>5</GreekSeq></word><word seq="6">to receive<GreekSeq>12</GreekSeq></word><word seq="7">the<GreekSeq>8</GreekSeq></word><word seq="8">grace<GreekSeq>9</GreekSeq></word><word seq="9">of God<GreekSeq>11</GreekSeq></word><word seq="10">in<GreekSeq>6</GreekSeq></word><word seq="11">vain.<GreekSeq>7</GreekSeq></word></ESV></verse>
<verse number="2"><ESV><word seq="1">For<GreekSeq>2</GreekSeq></word><word seq="2">he says,<GreekSeq>1</GreekSeq></word><word seq="3">In a favorable<GreekSeq>4</GreekSeq></word><word seq="4">time<GreekSeq>3</GreekSeq></word><word seq="5">I listened to<GreekSeq>5</GreekSeq></word><word seq="6">you,<GreekSeq>6</GreekSeq></word><word seq="7">and<GreekSeq>7</GreekSeq></word><word seq="8">in<GreekSeq>8</GreekSeq></word><word seq="9">a day<GreekSeq>9</GreekSeq></word><word seq="10">of salvation<GreekSeq>10</GreekSeq></word><word seq="11">I have helped<GreekSeq>11</GreekSeq></word><word seq="12">you.<GreekSeq>12</GreekSeq></word><word seq="13">Behold,<GreekSeq>13</GreekSeq></word><word seq="14">now<GreekSeq>14</GreekSeq></word><word seq="15">is the</word><word seq="16">favorable<GreekSeq>16</GreekSeq></word><word seq="17">time;<GreekSeq>15</GreekSeq></word><word seq="18">behold,<GreekSeq>17</GreekSeq></word><word seq="19">now<GreekSeq>18</GreekSeq></word><word seq="20">is the</word><word seq="21">day<GreekSeq>19</GreekSeq></word><word seq="22">of salvation.<GreekSeq>20</GreekSeq></word></ESV></verse>
<verse number="3"><ESV><word seq="1">We</word><word seq="2">put<GreekSeq>4</GreekSeq></word><word seq="3">no<GreekSeq>1</GreekSeq></word><word seq="4">obstacle<GreekSeq>5</GreekSeq></word><word seq="5">in<GreekSeq>2</GreekSeq></word><word seq="6">anyone’s [way],<GreekSeq>3</GreekSeq></word><word seq="7">so that<GreekSeq>6</GreekSeq></word><word seq="8">no<GreekSeq>7</GreekSeq></word><word seq="9">fault may be found with<GreekSeq>8</GreekSeq></word><word seq="10">our</word><word seq="11">ministry,<GreekSeq>10</GreekSeq></word></ESV></verse>
<verse number="4"><ESV><word seq="1">but<GreekSeq>1</GreekSeq></word><word seq="2">as<GreekSeq>6</GreekSeq></word><word seq="3">servants<GreekSeq>8</GreekSeq></word><word seq="4">of God<GreekSeq>7</GreekSeq></word><word seq="5">we</word><word seq="6">commend<GreekSeq>4</GreekSeq></word><word seq="7">ourselves<GreekSeq>5</GreekSeq></word><word seq="8">in<GreekSeq>2</GreekSeq></word><word seq="9">every way:<GreekSeq>3</GreekSeq></word><word seq="10">by<GreekSeq>9</GreekSeq></word><word seq="11">great<GreekSeq>11</GreekSeq></word><word seq="12">endurance,<GreekSeq>10</GreekSeq></word><word seq="13">in<GreekSeq>12</GreekSeq></word><word seq="14">afflictions,<GreekSeq>13</GreekSeq></word><word seq="15">hardships,<GreekSeq>15</GreekSeq></word><word seq="16">calamities,<GreekSeq>17</GreekSeq></word></ESV></verse>
<verse number="5"><ESV><word seq="1">beatings,<GreekSeq>2</GreekSeq></word><word seq="2">imprisonments,<GreekSeq>4</GreekSeq></word><word seq="3">riots,<GreekSeq>6</GreekSeq></word><word seq="4">labors,<GreekSeq>8</GreekSeq></word><word seq="5">sleepless nights,<GreekSeq>10</GreekSeq></word><word seq="6">hunger;<GreekSeq>12</GreekSeq></word></ESV></verse>
<verse number="6"><ESV><word seq="1">by<GreekSeq>1</GreekSeq></word><word seq="2">purity,<GreekSeq>2</GreekSeq></word><word seq="3">knowledge,<GreekSeq>4</GreekSeq></word><word seq="4">patience,<GreekSeq>6</GreekSeq></word><word seq="5">kindness,<GreekSeq>8</GreekSeq></word><word seq="6">the</word><word seq="7">Holy<GreekSeq>11</GreekSeq></word><word seq="8">Spirit,<GreekSeq>10</GreekSeq></word><word seq="9">genuine<GreekSeq>14</GreekSeq></word><word seq="10">love;<GreekSeq>13</GreekSeq></word></ESV></verse>
<verse number="7"><ESV><word seq="1">by<GreekSeq>1</GreekSeq></word><word seq="2">truthful<GreekSeq>3</GreekSeq></word><word seq="3">speech,<GreekSeq>2</GreekSeq></word><word seq="4">and</word><word seq="5">the power<GreekSeq>5</GreekSeq></word><word seq="6">of God;<GreekSeq>6</GreekSeq></word><word seq="7">with<GreekSeq>7</GreekSeq></word><word seq="8">the<GreekSeq>8</GreekSeq></word><word seq="9">weapons<GreekSeq>9</GreekSeq></word><word seq="10">of righteousness<GreekSeq>11</GreekSeq></word><word seq="11">[for] the<GreekSeq>12</GreekSeq></word><word seq="12">right [hand]<GreekSeq>13</GreekSeq></word><word seq="13">and<GreekSeq>14</GreekSeq></word><word seq="14">[for the] left;<GreekSeq>15</GreekSeq></word></ESV></verse>
<verse number="8"><ESV><word seq="1">through<GreekSeq>1</GreekSeq></word><word seq="2">honor<GreekSeq>2</GreekSeq></word><word seq="3">and<GreekSeq>3</GreekSeq></word><word seq="4">dishonor,<GreekSeq>4</GreekSeq></word><word seq="5">through<GreekSeq>5</GreekSeq></word><word seq="6">slander<GreekSeq>6</GreekSeq></word><word seq="7">and<GreekSeq>7</GreekSeq></word><word seq="8">praise.<GreekSeq>8</GreekSeq></word><word seq="9">We are treated</word><word seq="10">as<GreekSeq>9</GreekSeq></word><word seq="11">impostors,<GreekSeq>10</GreekSeq></word><word seq="12">and<GreekSeq>11</GreekSeq></word><word seq="13">yet are</word><word seq="14">true;<GreekSeq>12</GreekSeq></word></ESV></verse>
<verse number="9"><ESV><word seq="1">as<GreekSeq>1</GreekSeq></word><word seq="2">unknown,<GreekSeq>2</GreekSeq></word><word seq="3">and yet<GreekSeq>3</GreekSeq></word><word seq="4">well known;<GreekSeq>4</GreekSeq></word><word seq="5">as<GreekSeq>5</GreekSeq></word><word seq="6">dying,<GreekSeq>6</GreekSeq></word><word seq="7">and<GreekSeq>7</GreekSeq></word><word seq="8">behold,<GreekSeq>8</GreekSeq></word><word seq="9">we live;<GreekSeq>9</GreekSeq></word><word seq="10">as<GreekSeq>10</GreekSeq></word><word seq="11">punished,<GreekSeq>11</GreekSeq></word><word seq="12">and yet<GreekSeq>12</GreekSeq></word><word seq="13">not<GreekSeq>13</GreekSeq></word><word seq="14">killed;<GreekSeq>14</GreekSeq></word></ESV></verse>
<verse number="10"><ESV><word seq="1">as<GreekSeq>1</GreekSeq></word><word seq="2">sorrowful,<GreekSeq>2</GreekSeq></word><word seq="3">yet<GreekSeq>4</GreekSeq></word><word seq="4">always<GreekSeq>3</GreekSeq></word><word seq="5">rejoicing;<GreekSeq>5</GreekSeq></word><word seq="6">as<GreekSeq>6</GreekSeq></word><word seq="7">poor,<GreekSeq>7</GreekSeq></word><word seq="8">yet<GreekSeq>9</GreekSeq></word><word seq="9">making<GreekSeq>10</GreekSeq></word><word seq="10">many<GreekSeq>8</GreekSeq></word><word seq="11">rich;<GreekSeq>10</GreekSeq></word><word seq="12">as<GreekSeq>11</GreekSeq></word><word seq="13">having<GreekSeq>13</GreekSeq></word><word seq="14">nothing,<GreekSeq>12</GreekSeq></word><word seq="15">yet<GreekSeq>14</GreekSeq></word><word seq="16">possessing<GreekSeq>16</GreekSeq></word><word seq="17">everything.<GreekSeq>15</GreekSeq></word></ESV></verse>
<verse number="11"><ESV><word seq="1">We<GreekSeq>3</GreekSeq></word><word seq="2">have spoken freely<GreekSeq>2</GreekSeq><GreekSeq>4</GreekSeq></word><word seq="3">to<GreekSeq>5</GreekSeq></word><word seq="4">you,<GreekSeq>6</GreekSeq></word><word seq="5">Corinthians;<GreekSeq>7</GreekSeq></word><word seq="6">our<GreekSeq>10</GreekSeq></word><word seq="7">heart<GreekSeq>9</GreekSeq></word><word seq="8">is wide open.<GreekSeq>11</GreekSeq></word></ESV></verse>
<verse number="12"><ESV><word seq="1">You are<GreekSeq>2</GreekSeq></word><word seq="2">not<GreekSeq>1</GreekSeq></word><word seq="3">restricted<GreekSeq>2</GreekSeq></word><word seq="4">by<GreekSeq>3</GreekSeq></word><word seq="5">us,<GreekSeq>4</GreekSeq></word><word seq="6">but<GreekSeq>6</GreekSeq></word><word seq="7">you are restricted<GreekSeq>5</GreekSeq></word><word seq="8">in<GreekSeq>7</GreekSeq></word><word seq="9">your own<GreekSeq>10</GreekSeq></word><word seq="10">affections.<GreekSeq>9</GreekSeq></word></ESV></verse>
<verse number="13"><ESV><word seq="1">In return<GreekSeq>3</GreekSeq><GreekSeq>4</GreekSeq></word><word seq="2">(I speak<GreekSeq>7</GreekSeq></word><word seq="3">as<GreekSeq>5</GreekSeq></word><word seq="4">to children )<GreekSeq>6</GreekSeq></word><word seq="5">widen<GreekSeq>8</GreekSeq></word><word seq="6">your<GreekSeq>10</GreekSeq></word><word seq="7">hearts<GreekSeq>8</GreekSeq></word><word seq="8">also.<GreekSeq>9</GreekSeq></word></ESV></verse>
<verse number="14"><ESV><word seq="1">Do</word><word seq="2">not<GreekSeq>1</GreekSeq></word><word seq="3">be unequally yoked<GreekSeq>3</GreekSeq></word><word seq="4">with unbelievers.<GreekSeq>4</GreekSeq></word><word seq="5">For<GreekSeq>6</GreekSeq></word><word seq="6">what<GreekSeq>5</GreekSeq></word><word seq="7">partnership<GreekSeq>7</GreekSeq></word><word seq="8">has</word><word seq="9">righteousness<GreekSeq>8</GreekSeq></word><word seq="10">with<GreekSeq>9</GreekSeq></word><word seq="11">lawlessness?<GreekSeq>10</GreekSeq></word><word seq="12">Or<GreekSeq>11</GreekSeq></word><word seq="13">what<GreekSeq>12</GreekSeq></word><word seq="14">fellowship<GreekSeq>13</GreekSeq></word><word seq="15">has</word><word seq="16">light<GreekSeq>14</GreekSeq></word><word seq="17">with<GreekSeq>15</GreekSeq></word><word seq="18">darkness?<GreekSeq>16</GreekSeq></word></ESV></verse>
<verse number="15"><ESV><word seq="1">What<GreekSeq>1</GreekSeq></word><word seq="2">accord<GreekSeq>3</GreekSeq></word><word seq="3">has</word><word seq="4">Christ<GreekSeq>4</GreekSeq></word><word seq="5">with<GreekSeq>5</GreekSeq></word><word seq="6">Belial?<GreekSeq>6</GreekSeq></word><word seq="7">Or<GreekSeq>7</GreekSeq></word><word seq="8">what<GreekSeq>8</GreekSeq></word><word seq="9">portion<GreekSeq>9</GreekSeq></word><word seq="10">does</word><word seq="11">a believer<GreekSeq>10</GreekSeq></word><word seq="12">share</word><word seq="13">with<GreekSeq>11</GreekSeq></word><word seq="14">an unbeliever?<GreekSeq>12</GreekSeq></word></ESV></verse>
<verse number="16"><ESV><word seq="1">What<GreekSeq>1</GreekSeq></word><word seq="2">agreement<GreekSeq>3</GreekSeq></word><word seq="3">has</word><word seq="4">the temple<GreekSeq>4</GreekSeq></word><word seq="5">of God<GreekSeq>5</GreekSeq></word><word seq="6">with<GreekSeq>6</GreekSeq></word><word seq="7">idols?<GreekSeq>7</GreekSeq></word><word seq="8">For<GreekSeq>9</GreekSeq></word><word seq="9">we<GreekSeq>8</GreekSeq></word><word seq="10">are<GreekSeq>12</GreekSeq></word><word seq="11">the temple<GreekSeq>10</GreekSeq></word><word seq="12">of the<GreekSeq>11</GreekSeq></word><word seq="13">living<GreekSeq>13</GreekSeq></word><word seq="14">God;<GreekSeq>11</GreekSeq></word><word seq="15">as<GreekSeq>14</GreekSeq></word><word seq="16">God<GreekSeq>17</GreekSeq></word><word seq="17">said,<GreekSeq>15</GreekSeq></word><word seq="18">I will make my dwelling<GreekSeq>19</GreekSeq></word><word seq="19">among<GreekSeq>20</GreekSeq></word><word seq="20">them<GreekSeq>21</GreekSeq></word><word seq="21">and<GreekSeq>22</GreekSeq></word><word seq="22">walk among<GreekSeq>23</GreekSeq></word><word seq="23">them,</word><word seq="24">and<GreekSeq>24</GreekSeq></word><word seq="25">I will be<GreekSeq>25</GreekSeq></word><word seq="26">their<GreekSeq>26</GreekSeq></word><word seq="27">God,<GreekSeq>27</GreekSeq></word><word seq="28">and<GreekSeq>28</GreekSeq></word><word seq="29">they<GreekSeq>29</GreekSeq></word><word seq="30">shall be<GreekSeq>30</GreekSeq></word><word seq="31">my<GreekSeq>31</GreekSeq></word><word seq="32">people.<GreekSeq>32</GreekSeq></word></ESV></verse>
<verse number="17"><ESV><word seq="1">Therefore<GreekSeq>1</GreekSeq></word><word seq="2">go out<GreekSeq>2</GreekSeq></word><word seq="3">from<GreekSeq>3</GreekSeq></word><word seq="4">their<GreekSeq>5</GreekSeq></word><word seq="5">midst,<GreekSeq>4</GreekSeq></word><word seq="6">and<GreekSeq>6</GreekSeq></word><word seq="7">be separate from<GreekSeq>7</GreekSeq></word><word seq="8">them,</word><word seq="9">says<GreekSeq>8</GreekSeq></word><word seq="10">the Lord,<GreekSeq>9</GreekSeq></word><word seq="11">and<GreekSeq>10</GreekSeq></word><word seq="12">touch<GreekSeq>13</GreekSeq></word><word seq="13">no<GreekSeq>12</GreekSeq></word><word seq="14">unclean [thing];<GreekSeq>11</GreekSeq></word><word seq="15">then I<GreekSeq>14</GreekSeq></word><word seq="16">will welcome<GreekSeq>15</GreekSeq></word><word seq="17">you,<GreekSeq>16</GreekSeq></word></ESV></verse>
<verse number="18"><ESV><word seq="1">and<GreekSeq>1</GreekSeq></word><word seq="2">I will be<GreekSeq>2</GreekSeq></word><word seq="3">a father<GreekSeq>5</GreekSeq></word><word seq="4">to you,<GreekSeq>3</GreekSeq></word><word seq="5">and<GreekSeq>6</GreekSeq></word><word seq="6">you<GreekSeq>7</GreekSeq></word><word seq="7">shall be<GreekSeq>8</GreekSeq></word><word seq="8">sons<GreekSeq>11</GreekSeq></word><word seq="9">and<GreekSeq>12</GreekSeq></word><word seq="10">daughters<GreekSeq>13</GreekSeq></word><word seq="11">to me,<GreekSeq>9</GreekSeq></word><word seq="12">says<GreekSeq>14</GreekSeq></word><word seq="13">the Lord<GreekSeq>15</GreekSeq></word><word seq="14">Almighty.<GreekSeq>16</GreekSeq></word></ESV></verse></chapter></book>