<?xml version="1.0" encoding="UTF-8" standalone="no"?><book><chapter number="11">'<verse number="1"><ESV><word seq="1">I wish<GreekSeq>1</GreekSeq></word><word seq="2">you would bear with<GreekSeq>2</GreekSeq></word><word seq="3">me<GreekSeq>3</GreekSeq></word><word seq="4">in a little<GreekSeq>4</GreekSeq></word><word seq="5">foolishness.<GreekSeq>6</GreekSeq></word><word seq="6">Do</word><word seq="7">bear with<GreekSeq>9</GreekSeq></word><word seq="8">me!<GreekSeq>10</GreekSeq></word></ESV></verse>
<verse number="2"><ESV><word seq="1">For<GreekSeq>2</GreekSeq></word><word seq="2">I feel<GreekSeq>1</GreekSeq></word><word seq="3">a divine<GreekSeq>4</GreekSeq></word><word seq="4">jealousy<GreekSeq>5</GreekSeq></word><word seq="5">for<GreekSeq>7</GreekSeq></word><word seq="6">you,<GreekSeq>3</GreekSeq></word><word seq="7">since<GreekSeq>7</GreekSeq></word><word seq="8">I betrothed<GreekSeq>6</GreekSeq></word><word seq="9">you<GreekSeq>8</GreekSeq></word><word seq="10">to one<GreekSeq>9</GreekSeq></word><word seq="11">husband,<GreekSeq>10</GreekSeq></word><word seq="12">to present<GreekSeq>13</GreekSeq></word><word seq="13">you</word><word seq="14">as a pure<GreekSeq>12</GreekSeq></word><word seq="15">virgin<GreekSeq>11</GreekSeq></word><word seq="16">to Christ.<GreekSeq>15</GreekSeq></word></ESV></verse>
<verse number="3"><ESV><word seq="1">But<GreekSeq>2</GreekSeq></word><word seq="2">I am afraid<GreekSeq>1</GreekSeq></word><word seq="3">that<GreekSeq>4</GreekSeq></word><word seq="4">as<GreekSeq>5</GreekSeq></word><word seq="5">the<GreekSeq>6</GreekSeq></word><word seq="6">serpent<GreekSeq>7</GreekSeq></word><word seq="7">deceived<GreekSeq>8</GreekSeq></word><word seq="8">Eve<GreekSeq>9</GreekSeq></word><word seq="9">by<GreekSeq>10</GreekSeq></word><word seq="10">his<GreekSeq>13</GreekSeq></word><word seq="11">cunning,<GreekSeq>12</GreekSeq></word><word seq="12">your<GreekSeq>17</GreekSeq></word><word seq="13">thoughts<GreekSeq>16</GreekSeq></word><word seq="14">will be led astray<GreekSeq>14</GreekSeq></word><word seq="15">from<GreekSeq>18</GreekSeq></word><word seq="16">a sincere<GreekSeq>20</GreekSeq></word><word seq="17">and<GreekSeq>21</GreekSeq></word><word seq="18">pure [devotion]<GreekSeq>23</GreekSeq></word><word seq="19">to<GreekSeq>25</GreekSeq></word><word seq="20">Christ.<GreekSeq>27</GreekSeq></word></ESV></verse>
<verse number="4"><ESV><word seq="1">For<GreekSeq>3</GreekSeq></word><word seq="2">if<GreekSeq>1</GreekSeq></word><word seq="3">someone<GreekSeq>4</GreekSeq></word><word seq="4">comes<GreekSeq>5</GreekSeq></word><word seq="5">and</word><word seq="6">proclaims<GreekSeq>8</GreekSeq></word><word seq="7">another<GreekSeq>6</GreekSeq></word><word seq="8">Jesus<GreekSeq>7</GreekSeq></word><word seq="9">than<GreekSeq>10</GreekSeq></word><word seq="10">the one<GreekSeq>9</GreekSeq></word><word seq="11">we proclaimed,<GreekSeq>11</GreekSeq></word><word seq="12">or<GreekSeq>12</GreekSeq></word><word seq="13">if</word><word seq="14">you receive<GreekSeq>15</GreekSeq></word><word seq="15">a different<GreekSeq>14</GreekSeq></word><word seq="16">spirit<GreekSeq>13</GreekSeq></word><word seq="17">[from]<GreekSeq>17</GreekSeq></word><word seq="18">the one<GreekSeq>16</GreekSeq></word><word seq="19">you received,<GreekSeq>18</GreekSeq></word><word seq="20">or<GreekSeq>19</GreekSeq></word><word seq="21">if you accept</word><word seq="22">a different<GreekSeq>21</GreekSeq></word><word seq="23">gospel<GreekSeq>20</GreekSeq></word><word seq="24">[from]<GreekSeq>23</GreekSeq></word><word seq="25">the one<GreekSeq>22</GreekSeq></word><word seq="26">you accepted,<GreekSeq>24</GreekSeq></word><word seq="27">you put up with<GreekSeq>26</GreekSeq></word><word seq="28">it</word><word seq="29">readily enough.<GreekSeq>25</GreekSeq></word></ESV></verse>
<verse number="5"><ESV><word seq="1">Indeed,<GreekSeq>2</GreekSeq></word><word seq="2">I consider<GreekSeq>1</GreekSeq></word><word seq="3">that I am</word><word seq="4">not in the least<GreekSeq>3</GreekSeq></word><word seq="5">inferior<GreekSeq>4</GreekSeq></word><word seq="6">to these<GreekSeq>5</GreekSeq></word><word seq="7">super<GreekSeq>6</GreekSeq></word><word seq="8">-apostles.<GreekSeq>7</GreekSeq></word></ESV></verse>
<verse number="6"><ESV><word seq="1">Even<GreekSeq>2</GreekSeq></word><word seq="2">if<GreekSeq>1</GreekSeq></word><word seq="3">I am</word><word seq="4">unskilled<GreekSeq>4</GreekSeq></word><word seq="5">in speaking,<GreekSeq>6</GreekSeq></word><word seq="6">I am</word><word seq="7">not<GreekSeq>8</GreekSeq></word><word seq="8">so</word><word seq="9">in knowledge;<GreekSeq>10</GreekSeq></word><word seq="10">indeed,<GreekSeq>11</GreekSeq></word><word seq="11">in<GreekSeq>12</GreekSeq></word><word seq="12">every [way]<GreekSeq>13</GreekSeq></word><word seq="13">we</word><word seq="14">have made this plain<GreekSeq>14</GreekSeq></word><word seq="15">to<GreekSeq>17</GreekSeq></word><word seq="16">you<GreekSeq>18</GreekSeq></word><word seq="17">in<GreekSeq>15</GreekSeq></word><word seq="18">all things.<GreekSeq>16</GreekSeq></word></ESV></verse>
<verse number="7"><ESV><word seq="1">Or<GreekSeq>1</GreekSeq></word><word seq="2">did I commit<GreekSeq>3</GreekSeq></word><word seq="3">a sin<GreekSeq>2</GreekSeq></word><word seq="4">in humbling<GreekSeq>5</GreekSeq></word><word seq="5">myself<GreekSeq>4</GreekSeq></word><word seq="6">so that<GreekSeq>6</GreekSeq></word><word seq="7">you<GreekSeq>7</GreekSeq></word><word seq="8">might be exalted,<GreekSeq>8</GreekSeq></word><word seq="9">because<GreekSeq>9</GreekSeq></word><word seq="10">I preached<GreekSeq>15</GreekSeq></word><word seq="11">God’s<GreekSeq>13</GreekSeq></word><word seq="12">gospel<GreekSeq>14</GreekSeq></word><word seq="13">to you<GreekSeq>16</GreekSeq></word><word seq="14">free of charge?<GreekSeq>10</GreekSeq></word></ESV></verse>
<verse number="8"><ESV><word seq="1">I robbed<GreekSeq>3</GreekSeq></word><word seq="2">other<GreekSeq>1</GreekSeq></word><word seq="3">churches<GreekSeq>2</GreekSeq></word><word seq="4">by</word><word seq="5">accepting<GreekSeq>4</GreekSeq></word><word seq="6">support<GreekSeq>5</GreekSeq></word><word seq="7">from them</word><word seq="8">in order to<GreekSeq>6</GreekSeq></word><word seq="9">serve<GreekSeq>9</GreekSeq></word><word seq="10">you.<GreekSeq>8</GreekSeq></word></ESV></verse>
<verse number="9"><ESV><word seq="1">And<GreekSeq>1</GreekSeq></word><word seq="2">when I was<GreekSeq>2</GreekSeq></word><word seq="3">with<GreekSeq>3</GreekSeq></word><word seq="4">you<GreekSeq>4</GreekSeq></word><word seq="5">and<GreekSeq>5</GreekSeq></word><word seq="6">was in need,<GreekSeq>6</GreekSeq></word><word seq="7">I did<GreekSeq>8</GreekSeq></word><word seq="8">not<GreekSeq>7</GreekSeq></word><word seq="9">burden<GreekSeq>8</GreekSeq></word><word seq="10">anyone,<GreekSeq>9</GreekSeq></word><word seq="11">for<GreekSeq>11</GreekSeq></word><word seq="12">the<GreekSeq>15</GreekSeq></word><word seq="13">brothers<GreekSeq>16</GreekSeq></word><word seq="14">who came<GreekSeq>17</GreekSeq></word><word seq="15">from<GreekSeq>18</GreekSeq></word><word seq="16">Macedonia<GreekSeq>19</GreekSeq></word><word seq="17">supplied<GreekSeq>14</GreekSeq></word><word seq="18">my<GreekSeq>13</GreekSeq></word><word seq="19">need.<GreekSeq>12</GreekSeq></word><word seq="20">So<GreekSeq>20</GreekSeq></word><word seq="21">I refrained<GreekSeq>26</GreekSeq></word><word seq="22">and<GreekSeq>27</GreekSeq></word><word seq="23">will refrain<GreekSeq>28</GreekSeq></word><word seq="24">from burdening<GreekSeq>23</GreekSeq></word><word seq="25">you<GreekSeq>25</GreekSeq></word><word seq="26">in<GreekSeq>21</GreekSeq></word><word seq="27">any way.<GreekSeq>22</GreekSeq></word></ESV></verse>
<verse number="10"><ESV><word seq="1">As</word><word seq="2">the truth<GreekSeq>2</GreekSeq></word><word seq="3">of Christ<GreekSeq>3</GreekSeq></word><word seq="4">is<GreekSeq>1</GreekSeq></word><word seq="5">in<GreekSeq>4</GreekSeq></word><word seq="6">me,<GreekSeq>5</GreekSeq></word><word seq="7">this<GreekSeq>9</GreekSeq></word><word seq="8">boasting<GreekSeq>8</GreekSeq></word><word seq="9">of<GreekSeq>12</GreekSeq></word><word seq="10">mine<GreekSeq>13</GreekSeq></word><word seq="11">will<GreekSeq>11</GreekSeq></word><word seq="12">not<GreekSeq>10</GreekSeq></word><word seq="13">be [silenced]<GreekSeq>11</GreekSeq></word><word seq="14">in<GreekSeq>14</GreekSeq></word><word seq="15">the<GreekSeq>15</GreekSeq></word><word seq="16">regions<GreekSeq>16</GreekSeq></word><word seq="17">of Achaia.<GreekSeq>18</GreekSeq></word></ESV></verse>
<verse number="11"><ESV><word seq="1">And</word><word seq="2">why?<GreekSeq>1</GreekSeq><GreekSeq>2</GreekSeq></word><word seq="3">Because<GreekSeq>3</GreekSeq></word><word seq="4">I do<GreekSeq>5</GreekSeq></word><word seq="5">not<GreekSeq>4</GreekSeq></word><word seq="6">love<GreekSeq>5</GreekSeq></word><word seq="7">you?<GreekSeq>6</GreekSeq></word><word seq="8">God<GreekSeq>8</GreekSeq></word><word seq="9">knows<GreekSeq>9</GreekSeq></word><word seq="10">I do!</word></ESV></verse>
<verse number="12"><ESV><word seq="1">And<GreekSeq>2</GreekSeq></word><word seq="2">what<GreekSeq>1</GreekSeq></word><word seq="3">I am doing<GreekSeq>3</GreekSeq></word><word seq="4">I will continue to do,<GreekSeq>5</GreekSeq></word><word seq="5">in order to<GreekSeq>6</GreekSeq></word><word seq="6">undermine<GreekSeq>7</GreekSeq></word><word seq="7">the<GreekSeq>8</GreekSeq></word><word seq="8">claim<GreekSeq>9</GreekSeq></word><word seq="9">of those<GreekSeq>10</GreekSeq></word><word seq="10">who would like<GreekSeq>11</GreekSeq></word><word seq="11">to claim<GreekSeq>12</GreekSeq></word><word seq="12">that<GreekSeq>13</GreekSeq></word><word seq="13">in<GreekSeq>14</GreekSeq></word><word seq="14">their<GreekSeq>15</GreekSeq></word><word seq="15">boasted<GreekSeq>16</GreekSeq></word><word seq="16">mission they work on the</word><word seq="17">same [terms] as<GreekSeq>18</GreekSeq></word><word seq="18">we<GreekSeq>20</GreekSeq></word><word seq="19">do.</word></ESV></verse>
<verse number="13"><ESV><word seq="1">For<GreekSeq>2</GreekSeq></word><word seq="2">such men<GreekSeq>3</GreekSeq></word><word seq="3">are</word><word seq="4">false apostles,<GreekSeq>4</GreekSeq></word><word seq="5">deceitful<GreekSeq>6</GreekSeq></word><word seq="6">workmen,<GreekSeq>5</GreekSeq></word><word seq="7">disguising themselves<GreekSeq>7</GreekSeq></word><word seq="8">as<GreekSeq>8</GreekSeq></word><word seq="9">apostles<GreekSeq>9</GreekSeq></word><word seq="10">of Christ.<GreekSeq>10</GreekSeq></word></ESV></verse>
<verse number="14"><ESV><word seq="1">And<GreekSeq>1</GreekSeq></word><word seq="2">no<GreekSeq>2</GreekSeq></word><word seq="3">wonder,<GreekSeq>3</GreekSeq></word><word seq="4">for<GreekSeq>5</GreekSeq></word><word seq="5">even</word><word seq="6">Satan<GreekSeq>7</GreekSeq></word><word seq="7">disguises<GreekSeq>8</GreekSeq></word><word seq="8">himself<GreekSeq>4</GreekSeq></word><word seq="9">as<GreekSeq>9</GreekSeq></word><word seq="10">an angel<GreekSeq>10</GreekSeq></word><word seq="11">of light.<GreekSeq>11</GreekSeq></word></ESV></verse>
<verse number="15"><ESV><word seq="1">So<GreekSeq>3</GreekSeq></word><word seq="2">it is</word><word seq="3">no<GreekSeq>1</GreekSeq></word><word seq="4">surprise<GreekSeq>2</GreekSeq></word><word seq="5">if<GreekSeq>4</GreekSeq></word><word seq="6">his<GreekSeq>8</GreekSeq></word><word seq="7">servants,<GreekSeq>7</GreekSeq></word><word seq="8">also,<GreekSeq>5</GreekSeq></word><word seq="9">disguise themselves<GreekSeq>9</GreekSeq></word><word seq="10">as<GreekSeq>10</GreekSeq></word><word seq="11">servants<GreekSeq>11</GreekSeq></word><word seq="12">of righteousness.<GreekSeq>12</GreekSeq></word><word seq="13">Their<GreekSeq>13</GreekSeq></word><word seq="14">end<GreekSeq>15</GreekSeq></word><word seq="15">will<GreekSeq>16</GreekSeq></word><word seq="16">correspond to<GreekSeq>17</GreekSeq></word><word seq="17">their<GreekSeq>20</GreekSeq></word><word seq="18">deeds.<GreekSeq>19</GreekSeq></word></ESV></verse>
<verse number="16"><ESV><word seq="1">I repeat,<GreekSeq>1</GreekSeq><GreekSeq>2</GreekSeq></word><word seq="2">let<GreekSeq>6</GreekSeq></word><word seq="3">no<GreekSeq>3</GreekSeq></word><word seq="4">one<GreekSeq>4</GreekSeq></word><word seq="5">think<GreekSeq>6</GreekSeq></word><word seq="6">me<GreekSeq>5</GreekSeq></word><word seq="7">foolish.<GreekSeq>7</GreekSeq></word><word seq="8" note="εἰ δὲ μή (γε) Strong Code (1490)">But even if<GreekSeq>9</GreekSeq><GreekSeq>10</GreekSeq><GreekSeq>11</GreekSeq><GreekSeq>12</GreekSeq></word><word seq="9">you do, accept<GreekSeq>16</GreekSeq></word><word seq="10">me<GreekSeq>17</GreekSeq></word><word seq="11">as<GreekSeq>14</GreekSeq></word><word seq="12">a fool,<GreekSeq>15</GreekSeq></word><word seq="13">so that<GreekSeq>18</GreekSeq></word><word seq="14">I too<GreekSeq>19</GreekSeq></word><word seq="15">may boast<GreekSeq>22</GreekSeq></word><word seq="16">a little.<GreekSeq>20</GreekSeq><GreekSeq>21</GreekSeq></word></ESV></verse>
<verse number="17"><ESV><word seq="1">What<GreekSeq>1</GreekSeq></word><word seq="2">I am saying<GreekSeq>2</GreekSeq></word><word seq="3">with<GreekSeq>9</GreekSeq></word><word seq="4">this<GreekSeq>12</GreekSeq></word><word seq="5">boastful<GreekSeq>16</GreekSeq></word><word seq="6">confidence,<GreekSeq>14</GreekSeq></word><word seq="7">I say<GreekSeq>6</GreekSeq></word><word seq="8">not<GreekSeq>3</GreekSeq></word><word seq="9">as<GreekSeq>4</GreekSeq></word><word seq="10">the Lord<GreekSeq>5</GreekSeq></word><word seq="11">would</word><word seq="12">but<GreekSeq>7</GreekSeq></word><word seq="13">as<GreekSeq>8</GreekSeq></word><word seq="14">a fool.<GreekSeq>10</GreekSeq></word></ESV></verse>
<verse number="18"><ESV><word seq="1">Since<GreekSeq>1</GreekSeq></word><word seq="2">many<GreekSeq>2</GreekSeq></word><word seq="3">boast<GreekSeq>3</GreekSeq></word><word seq="4">according to<GreekSeq>4</GreekSeq></word><word seq="5">the flesh,<GreekSeq>5</GreekSeq></word><word seq="6">I too<GreekSeq>6</GreekSeq></word><word seq="7">will boast.<GreekSeq>7</GreekSeq></word></ESV></verse>
<verse number="19"><ESV><word seq="1">For<GreekSeq>2</GreekSeq></word><word seq="2">you<GreekSeq>3</GreekSeq></word><word seq="3">gladly<GreekSeq>1</GreekSeq></word><word seq="4">bear with<GreekSeq>3</GreekSeq></word><word seq="5">fools,<GreekSeq>4</GreekSeq><GreekSeq>5</GreekSeq></word><word seq="6">being<GreekSeq>7</GreekSeq></word><word seq="7">wise<GreekSeq>6</GreekSeq></word><word seq="8">yourselves!</word></ESV></verse>
<verse number="20"><ESV><word seq="1">For<GreekSeq>2</GreekSeq></word><word seq="2">you bear<GreekSeq>1</GreekSeq></word><word seq="3">it</word><word seq="4">if<GreekSeq>3</GreekSeq></word><word seq="5">someone<GreekSeq>4</GreekSeq></word><word seq="6">makes slaves<GreekSeq>6</GreekSeq></word><word seq="7">of you,<GreekSeq>5</GreekSeq></word><word seq="8">or<GreekSeq>7</GreekSeq></word><word seq="9">devours<GreekSeq>9</GreekSeq></word><word seq="10">you,</word><word seq="11">or<GreekSeq>10</GreekSeq></word><word seq="12">takes [advantage]<GreekSeq>12</GreekSeq></word><word seq="13">of you,</word><word seq="14">or<GreekSeq>13</GreekSeq></word><word seq="15">puts on airs,<GreekSeq>15</GreekSeq></word><word seq="16">or<GreekSeq>16</GreekSeq></word><word seq="17">strikes<GreekSeq>21</GreekSeq></word><word seq="18">you<GreekSeq>20</GreekSeq></word><word seq="19">in<GreekSeq>18</GreekSeq></word><word seq="20">the face.<GreekSeq>19</GreekSeq></word></ESV></verse>
<verse number="21"><ESV><word seq="1">To<GreekSeq>1</GreekSeq></word><word seq="2">my</word><word seq="3">shame,<GreekSeq>2</GreekSeq></word><word seq="4">I [must] say,<GreekSeq>3</GreekSeq></word><word seq="5">we<GreekSeq>6</GreekSeq></word><word seq="6">were too weak<GreekSeq>7</GreekSeq></word><word seq="7">for that!</word><word seq="8">But<GreekSeq>10</GreekSeq></word><word seq="9">whatever<GreekSeq>9</GreekSeq><GreekSeq>11</GreekSeq></word><word seq="10">anyone<GreekSeq>12</GreekSeq></word><word seq="11">else</word><word seq="12">dares [to boast]<GreekSeq>13</GreekSeq></word><word seq="13">of</word><word seq="14">—I am speaking<GreekSeq>16</GreekSeq></word><word seq="15">as<GreekSeq>14</GreekSeq></word><word seq="16">a fool —<GreekSeq>15</GreekSeq></word><word seq="17">I also<GreekSeq>18</GreekSeq></word><word seq="18">dare [to boast]<GreekSeq>17</GreekSeq></word><word seq="19">of that.</word></ESV></verse>
<verse number="22"><ESV><word seq="1">Are they<GreekSeq>2</GreekSeq></word><word seq="2">Hebrews?<GreekSeq>1</GreekSeq></word><word seq="3">So [am] I.<GreekSeq>3</GreekSeq></word><word seq="4">Are they<GreekSeq>5</GreekSeq></word><word seq="5">Israelites?<GreekSeq>4</GreekSeq></word><word seq="6">So [am] I.<GreekSeq>6</GreekSeq></word><word seq="7">Are they<GreekSeq>9</GreekSeq></word><word seq="8">offspring<GreekSeq>7</GreekSeq></word><word seq="9">of Abraham?<GreekSeq>8</GreekSeq></word><word seq="10">So [am] I.<GreekSeq>10</GreekSeq></word></ESV></verse>
<verse number="23"><ESV><word seq="1">Are they<GreekSeq>3</GreekSeq></word><word seq="2">servants<GreekSeq>1</GreekSeq></word><word seq="3">of Christ?<GreekSeq>2</GreekSeq></word><word seq="4">I am a better one<GreekSeq>6</GreekSeq><GreekSeq>7</GreekSeq></word><word seq="5">—I am talking<GreekSeq>5</GreekSeq></word><word seq="6">[like] a madman —<GreekSeq>4</GreekSeq></word><word seq="7">with<GreekSeq>8</GreekSeq></word><word seq="8">far greater<GreekSeq>10</GreekSeq></word><word seq="9">labors,<GreekSeq>9</GreekSeq></word><word seq="10">far more<GreekSeq>13</GreekSeq></word><word seq="11">imprisonments,<GreekSeq>12</GreekSeq></word><word seq="12">with<GreekSeq>14</GreekSeq></word><word seq="13">countless<GreekSeq>16</GreekSeq></word><word seq="14">beatings,<GreekSeq>15</GreekSeq></word><word seq="15">and</word><word seq="16">often<GreekSeq>19</GreekSeq></word><word seq="17">near death.<GreekSeq>17</GreekSeq><GreekSeq>18</GreekSeq></word></ESV></verse>
<verse number="24"><ESV><word seq="1">Five times<GreekSeq>3</GreekSeq></word><word seq="2">I received<GreekSeq>7</GreekSeq></word><word seq="3">at<GreekSeq>1</GreekSeq></word><word seq="4">the hands</word><word seq="5">of the Jews<GreekSeq>2</GreekSeq></word><word seq="6">the</word><word seq="7">forty<GreekSeq>4</GreekSeq></word><word seq="8">lashes</word><word seq="9">less<GreekSeq>5</GreekSeq></word><word seq="10">one.<GreekSeq>6</GreekSeq></word></ESV></verse>
<verse number="25"><ESV><word seq="1">Three times<GreekSeq>1</GreekSeq></word><word seq="2">I was beaten with rods.<GreekSeq>2</GreekSeq></word><word seq="3">Once<GreekSeq>3</GreekSeq></word><word seq="4">I was stoned.<GreekSeq>4</GreekSeq></word><word seq="5">Three times<GreekSeq>5</GreekSeq></word><word seq="6">I was shipwrecked;<GreekSeq>6</GreekSeq></word><word seq="7">a night and a day<GreekSeq>7</GreekSeq></word><word seq="8">I was adrift<GreekSeq>11</GreekSeq></word><word seq="9">at<GreekSeq>8</GreekSeq></word><word seq="10">sea;<GreekSeq>10</GreekSeq></word></ESV></verse>
<verse number="26"><ESV><word seq="1">on frequent<GreekSeq>2</GreekSeq></word><word seq="2">journeys,<GreekSeq>1</GreekSeq></word><word seq="3">in danger<GreekSeq>3</GreekSeq></word><word seq="4">from rivers,<GreekSeq>4</GreekSeq></word><word seq="5">danger<GreekSeq>5</GreekSeq></word><word seq="6">from robbers,<GreekSeq>6</GreekSeq></word><word seq="7">danger<GreekSeq>7</GreekSeq></word><word seq="8">from<GreekSeq>8</GreekSeq></word><word seq="9">my own people,<GreekSeq>9</GreekSeq></word><word seq="10">danger<GreekSeq>10</GreekSeq></word><word seq="11">from<GreekSeq>11</GreekSeq></word><word seq="12">Gentiles,<GreekSeq>12</GreekSeq></word><word seq="13">danger<GreekSeq>13</GreekSeq></word><word seq="14">in<GreekSeq>14</GreekSeq></word><word seq="15">the city,<GreekSeq>15</GreekSeq></word><word seq="16">danger<GreekSeq>16</GreekSeq></word><word seq="17">in<GreekSeq>17</GreekSeq></word><word seq="18">the wilderness,<GreekSeq>18</GreekSeq></word><word seq="19">danger<GreekSeq>19</GreekSeq></word><word seq="20">at<GreekSeq>20</GreekSeq></word><word seq="21">sea,<GreekSeq>21</GreekSeq></word><word seq="22">danger<GreekSeq>22</GreekSeq></word><word seq="23">from<GreekSeq>23</GreekSeq></word><word seq="24">false brothers;<GreekSeq>24</GreekSeq></word></ESV></verse>
<verse number="27"><ESV><word seq="1">in toil<GreekSeq>1</GreekSeq></word><word seq="2">and<GreekSeq>2</GreekSeq></word><word seq="3">hardship,<GreekSeq>3</GreekSeq></word><word seq="4">through<GreekSeq>4</GreekSeq></word><word seq="5">many<GreekSeq>6</GreekSeq></word><word seq="6">a sleepless night,<GreekSeq>5</GreekSeq></word><word seq="7">in<GreekSeq>7</GreekSeq></word><word seq="8">hunger<GreekSeq>8</GreekSeq></word><word seq="9">and<GreekSeq>9</GreekSeq></word><word seq="10">thirst,<GreekSeq>10</GreekSeq></word><word seq="11">often<GreekSeq>13</GreekSeq></word><word seq="12">without food,<GreekSeq>12</GreekSeq></word><word seq="13">in<GreekSeq>14</GreekSeq></word><word seq="14">cold<GreekSeq>15</GreekSeq></word><word seq="15">and<GreekSeq>16</GreekSeq></word><word seq="16">exposure.<GreekSeq>17</GreekSeq></word></ESV></verse>
<verse number="28"><ESV><word seq="1">And,</word><word seq="2">apart<GreekSeq>3</GreekSeq></word><word seq="3">from [other]<GreekSeq>1</GreekSeq></word><word seq="4">things,<GreekSeq>2</GreekSeq></word><word seq="5">there is</word><word seq="6">the<GreekSeq>4</GreekSeq></word><word seq="7">daily<GreekSeq>8</GreekSeq><GreekSeq>9</GreekSeq></word><word seq="8">pressure<GreekSeq>5</GreekSeq></word><word seq="9">on me<GreekSeq>6</GreekSeq></word><word seq="10">of my</word><word seq="11">anxiety<GreekSeq>11</GreekSeq></word><word seq="12">for all<GreekSeq>12</GreekSeq></word><word seq="13">the<GreekSeq>13</GreekSeq></word><word seq="14">churches.<GreekSeq>14</GreekSeq></word></ESV></verse>
<verse number="29"><ESV><word seq="1">Who<GreekSeq>1</GreekSeq></word><word seq="2">is weak,<GreekSeq>2</GreekSeq></word><word seq="3">and<GreekSeq>3</GreekSeq></word><word seq="4">I am<GreekSeq>5</GreekSeq></word><word seq="5">not<GreekSeq>4</GreekSeq></word><word seq="6">weak?<GreekSeq>5</GreekSeq></word><word seq="7">Who<GreekSeq>6</GreekSeq></word><word seq="8">is made to fall,<GreekSeq>7</GreekSeq></word><word seq="9">and<GreekSeq>8</GreekSeq></word><word seq="10">I<GreekSeq>10</GreekSeq></word><word seq="11">am<GreekSeq>11</GreekSeq></word><word seq="12">not<GreekSeq>9</GreekSeq></word><word seq="13">indignant?<GreekSeq>11</GreekSeq></word></ESV></verse>
<verse number="30"><ESV><word seq="1">If<GreekSeq>1</GreekSeq></word><word seq="2">I</word><word seq="3">must<GreekSeq>3</GreekSeq></word><word seq="4">boast,<GreekSeq>2</GreekSeq></word><word seq="5">I will boast<GreekSeq>8</GreekSeq></word><word seq="6">of the things<GreekSeq>4</GreekSeq></word><word seq="7">that show</word><word seq="8">my<GreekSeq>7</GreekSeq></word><word seq="9">weakness.<GreekSeq>6</GreekSeq></word></ESV></verse>
<verse number="31"><ESV><word seq="1">The<GreekSeq>1</GreekSeq></word><word seq="2">God<GreekSeq>2</GreekSeq></word><word seq="3">and<GreekSeq>3</GreekSeq></word><word seq="4">Father<GreekSeq>4</GreekSeq></word><word seq="5">of the<GreekSeq>5</GreekSeq></word><word seq="6">Lord<GreekSeq>6</GreekSeq></word><word seq="7">Jesus,<GreekSeq>7</GreekSeq></word><word seq="8">he<GreekSeq>9</GreekSeq></word><word seq="9">who is<GreekSeq>10</GreekSeq></word><word seq="10">blessed<GreekSeq>11</GreekSeq></word><word seq="11">forever,<GreekSeq>12</GreekSeq><GreekSeq>14</GreekSeq></word><word seq="12">knows<GreekSeq>8</GreekSeq></word><word seq="13">that<GreekSeq>15</GreekSeq></word><word seq="14">I am<GreekSeq>17</GreekSeq></word><word seq="15">not<GreekSeq>16</GreekSeq></word><word seq="16">lying.<GreekSeq>17</GreekSeq></word></ESV></verse>
<verse number="32"><ESV><word seq="1">At<GreekSeq>1</GreekSeq></word><word seq="2">Damascus,<GreekSeq>2</GreekSeq></word><word seq="3">the<GreekSeq>3</GreekSeq></word><word seq="4">governor<GreekSeq>4</GreekSeq></word><word seq="5">under King<GreekSeq>7</GreekSeq></word><word seq="6">Aretas<GreekSeq>5</GreekSeq></word><word seq="7">was guarding<GreekSeq>8</GreekSeq></word><word seq="8">the<GreekSeq>9</GreekSeq></word><word seq="9">city<GreekSeq>10</GreekSeq></word><word seq="10">of Damascus<GreekSeq>11</GreekSeq></word><word seq="11">in order</word><word seq="12">to seize<GreekSeq>12</GreekSeq></word><word seq="13">me,<GreekSeq>13</GreekSeq></word></ESV></verse>
<verse number="33"><ESV><word seq="1">but<GreekSeq>1</GreekSeq></word><word seq="2">I was let down<GreekSeq>6</GreekSeq></word><word seq="3">in<GreekSeq>4</GreekSeq></word><word seq="4">a basket<GreekSeq>5</GreekSeq></word><word seq="5">through<GreekSeq>2</GreekSeq></word><word seq="6">a window<GreekSeq>3</GreekSeq></word><word seq="7">in<GreekSeq>7</GreekSeq></word><word seq="8">the<GreekSeq>8</GreekSeq></word><word seq="9">wall<GreekSeq>9</GreekSeq></word><word seq="10">and<GreekSeq>10</GreekSeq></word><word seq="11">escaped<GreekSeq>11</GreekSeq></word><word seq="12">his<GreekSeq>14</GreekSeq></word><word seq="13">hands.<GreekSeq>13</GreekSeq></word></ESV></verse></chapter></book>