<?xml version="1.0" encoding="UTF-8" standalone="no"?><book><chapter number="5">'<verse number="1"><ESV><word seq="1">For<GreekSeq>2</GreekSeq></word><word seq="2">we know<GreekSeq>1</GreekSeq></word><word seq="3">that<GreekSeq>3</GreekSeq></word><word seq="4">if<GreekSeq>4</GreekSeq></word><word seq="5">the<GreekSeq>9</GreekSeq></word><word seq="6">tent<GreekSeq>10</GreekSeq></word><word seq="7">that is</word><word seq="8">our<GreekSeq>7</GreekSeq></word><word seq="9">earthly<GreekSeq>6</GreekSeq></word><word seq="10">home<GreekSeq>8</GreekSeq></word><word seq="11">is destroyed,<GreekSeq>11</GreekSeq></word><word seq="12">we have<GreekSeq>15</GreekSeq></word><word seq="13">a building<GreekSeq>12</GreekSeq></word><word seq="14">from<GreekSeq>13</GreekSeq></word><word seq="15">God,<GreekSeq>14</GreekSeq></word><word seq="16">a house<GreekSeq>16</GreekSeq></word><word seq="17">not made with hands,<GreekSeq>17</GreekSeq></word><word seq="18">eternal<GreekSeq>18</GreekSeq></word><word seq="19">in<GreekSeq>19</GreekSeq></word><word seq="20">the<GreekSeq>20</GreekSeq></word><word seq="21">heavens.<GreekSeq>21</GreekSeq></word></ESV></verse>
<verse number="2"><ESV><word seq="1">For<GreekSeq>2</GreekSeq></word><word seq="2">in<GreekSeq>3</GreekSeq></word><word seq="3">this [tent]<GreekSeq>4</GreekSeq></word><word seq="4">we groan,<GreekSeq>5</GreekSeq></word><word seq="5">longing<GreekSeq>13</GreekSeq></word><word seq="6">to put on<GreekSeq>12</GreekSeq></word><word seq="7">our<GreekSeq>8</GreekSeq></word><word seq="8">heavenly<GreekSeq>10</GreekSeq><GreekSeq>11</GreekSeq></word><word seq="9">dwelling,<GreekSeq>7</GreekSeq></word></ESV></verse>
<verse number="3"><ESV><word seq="1">if<GreekSeq>1</GreekSeq></word><word seq="2">indeed<GreekSeq>2</GreekSeq></word><word seq="3">by putting it on<GreekSeq>4</GreekSeq></word><word seq="4">we may<GreekSeq>7</GreekSeq></word><word seq="5">not<GreekSeq>5</GreekSeq></word><word seq="6">be found<GreekSeq>7</GreekSeq></word><word seq="7">naked.<GreekSeq>6</GreekSeq></word></ESV></verse>
<verse number="4"><ESV><word seq="1">For<GreekSeq>2</GreekSeq></word><word seq="2">while we are still<GreekSeq>4</GreekSeq></word><word seq="3">in<GreekSeq>5</GreekSeq></word><word seq="4">this<GreekSeq>6</GreekSeq></word><word seq="5">tent,<GreekSeq>7</GreekSeq></word><word seq="6">we groan,<GreekSeq>8</GreekSeq></word><word seq="7">being burdened<GreekSeq>9</GreekSeq></word><word seq="8">— not<GreekSeq>12</GreekSeq></word><word seq="9">that<GreekSeq>11</GreekSeq></word><word seq="10">we would<GreekSeq>13</GreekSeq></word><word seq="11">be unclothed,<GreekSeq>14</GreekSeq></word><word seq="12">but<GreekSeq>15</GreekSeq></word><word seq="13">that we would</word><word seq="14">be further clothed,<GreekSeq>16</GreekSeq></word><word seq="15">so that<GreekSeq>17</GreekSeq></word><word seq="16">what<GreekSeq>19</GreekSeq></word><word seq="17">is</word><word seq="18">mortal<GreekSeq>20</GreekSeq></word><word seq="19">may be swallowed up<GreekSeq>18</GreekSeq></word><word seq="20">by<GreekSeq>21</GreekSeq></word><word seq="21">life.<GreekSeq>23</GreekSeq></word></ESV></verse>
<verse number="5"><ESV><word seq="1">He<GreekSeq>1</GreekSeq></word><word seq="2">who has prepared<GreekSeq>3</GreekSeq></word><word seq="3">us<GreekSeq>4</GreekSeq></word><word seq="4">for<GreekSeq>5</GreekSeq></word><word seq="5">this<GreekSeq>7</GreekSeq></word><word seq="6">very thing<GreekSeq>6</GreekSeq></word><word seq="7">is</word><word seq="8">God,<GreekSeq>8</GreekSeq></word><word seq="9">who has given<GreekSeq>10</GreekSeq></word><word seq="10">us<GreekSeq>11</GreekSeq></word><word seq="11">the<GreekSeq>14</GreekSeq></word><word seq="12">Spirit<GreekSeq>15</GreekSeq></word><word seq="13">as a<GreekSeq>14</GreekSeq></word><word seq="14">guarantee.<GreekSeq>13</GreekSeq></word></ESV></verse>
<verse number="6"><ESV><word seq="1">So<GreekSeq>2</GreekSeq></word><word seq="2">we are</word><word seq="3">always<GreekSeq>3</GreekSeq></word><word seq="4">of good courage.<GreekSeq>1</GreekSeq></word><word seq="5">We</word><word seq="6">know<GreekSeq>5</GreekSeq></word><word seq="7">that<GreekSeq>6</GreekSeq></word><word seq="8">while we are at home<GreekSeq>7</GreekSeq></word><word seq="9">in<GreekSeq>8</GreekSeq></word><word seq="10">the<GreekSeq>9</GreekSeq></word><word seq="11">body<GreekSeq>10</GreekSeq></word><word seq="12">we are away<GreekSeq>11</GreekSeq></word><word seq="13">from<GreekSeq>12</GreekSeq></word><word seq="14">the<GreekSeq>13</GreekSeq></word><word seq="15">Lord,<GreekSeq>14</GreekSeq></word></ESV></verse>
<verse number="7"><ESV><word seq="1">for<GreekSeq>3</GreekSeq></word><word seq="2">we walk<GreekSeq>4</GreekSeq></word><word seq="3">by<GreekSeq>1</GreekSeq></word><word seq="4">faith,<GreekSeq>2</GreekSeq></word><word seq="5">not<GreekSeq>5</GreekSeq></word><word seq="6">by<GreekSeq>6</GreekSeq></word><word seq="7">sight.<GreekSeq>7</GreekSeq></word></ESV></verse>
<verse number="8"><ESV><word seq="1">Yes,<GreekSeq>2</GreekSeq></word><word seq="2">we are of good courage,<GreekSeq>1</GreekSeq></word><word seq="3">and<GreekSeq>3</GreekSeq></word><word seq="4">we would<GreekSeq>4</GreekSeq></word><word seq="5">rather<GreekSeq>5</GreekSeq></word><word seq="6">be away<GreekSeq>6</GreekSeq></word><word seq="7">from<GreekSeq>7</GreekSeq></word><word seq="8">the<GreekSeq>8</GreekSeq></word><word seq="9">body<GreekSeq>9</GreekSeq></word><word seq="10">and<GreekSeq>10</GreekSeq></word><word seq="11">at home<GreekSeq>11</GreekSeq></word><word seq="12">with<GreekSeq>12</GreekSeq></word><word seq="13">the<GreekSeq>13</GreekSeq></word><word seq="14">Lord.<GreekSeq>14</GreekSeq></word></ESV></verse>
<verse number="9"><ESV><word seq="1">So<GreekSeq>1</GreekSeq></word><word seq="2">whether<GreekSeq>4</GreekSeq></word><word seq="3">we are</word><word seq="4">at home<GreekSeq>5</GreekSeq></word><word seq="5">or<GreekSeq>6</GreekSeq></word><word seq="6">away,<GreekSeq>7</GreekSeq></word><word seq="7">we make it our aim<GreekSeq>3</GreekSeq></word><word seq="8">to please<GreekSeq>8</GreekSeq><GreekSeq>10</GreekSeq></word><word seq="9">him.<GreekSeq>9</GreekSeq></word></ESV></verse>
<verse number="10"><ESV><word seq="1">For<GreekSeq>2</GreekSeq></word><word seq="2">we<GreekSeq>4</GreekSeq></word><word seq="3">must<GreekSeq>6</GreekSeq></word><word seq="4">all<GreekSeq>3</GreekSeq></word><word seq="5">appear<GreekSeq>5</GreekSeq></word><word seq="6">before<GreekSeq>7</GreekSeq></word><word seq="7">the<GreekSeq>8</GreekSeq></word><word seq="8">judgment seat<GreekSeq>9</GreekSeq></word><word seq="9">of Christ,<GreekSeq>11</GreekSeq></word><word seq="10">so that<GreekSeq>12</GreekSeq></word><word seq="11">each one<GreekSeq>14</GreekSeq></word><word seq="12">may receive<GreekSeq>13</GreekSeq></word><word seq="13">what [is due]<GreekSeq>15</GreekSeq></word><word seq="14">for<GreekSeq>19</GreekSeq></word><word seq="15">what<GreekSeq>20</GreekSeq></word><word seq="16">he has done<GreekSeq>21</GreekSeq></word><word seq="17">in<GreekSeq>16</GreekSeq></word><word seq="18">the<GreekSeq>17</GreekSeq></word><word seq="19">body,<GreekSeq>18</GreekSeq></word><word seq="20">whether<GreekSeq>22</GreekSeq></word><word seq="21">good<GreekSeq>23</GreekSeq></word><word seq="22">or<GreekSeq>24</GreekSeq></word><word seq="23">evil.<GreekSeq>25</GreekSeq></word></ESV></verse>
<verse number="11"><ESV><word seq="1">Therefore,<GreekSeq>2</GreekSeq></word><word seq="2">knowing<GreekSeq>1</GreekSeq></word><word seq="3">the<GreekSeq>3</GreekSeq></word><word seq="4">fear<GreekSeq>4</GreekSeq></word><word seq="5">of the<GreekSeq>5</GreekSeq></word><word seq="6">Lord,<GreekSeq>6</GreekSeq></word><word seq="7">we persuade<GreekSeq>8</GreekSeq></word><word seq="8">[others].<GreekSeq>7</GreekSeq></word><word seq="9">But<GreekSeq>10</GreekSeq></word><word seq="10">what</word><word seq="11">we are is known<GreekSeq>11</GreekSeq></word><word seq="12">to God,<GreekSeq>9</GreekSeq></word><word seq="13">and<GreekSeq>13</GreekSeq></word><word seq="14">I hope<GreekSeq>12</GreekSeq></word><word seq="15">it is known<GreekSeq>19</GreekSeq></word><word seq="16">also<GreekSeq>14</GreekSeq></word><word seq="17">to<GreekSeq>15</GreekSeq></word><word seq="18">your<GreekSeq>18</GreekSeq></word><word seq="19">conscience.<GreekSeq>17</GreekSeq></word></ESV></verse>
<verse number="12"><ESV><word seq="1">We are<GreekSeq>4</GreekSeq></word><word seq="2">not<GreekSeq>1</GreekSeq></word><word seq="3">commending<GreekSeq>4</GreekSeq></word><word seq="4">ourselves<GreekSeq>3</GreekSeq></word><word seq="5">to you<GreekSeq>5</GreekSeq></word><word seq="6">again<GreekSeq>2</GreekSeq></word><word seq="7">but<GreekSeq>6</GreekSeq></word><word seq="8">giving<GreekSeq>8</GreekSeq></word><word seq="9">you<GreekSeq>9</GreekSeq></word><word seq="10">cause<GreekSeq>7</GreekSeq></word><word seq="11">to boast<GreekSeq>10</GreekSeq></word><word seq="12">about<GreekSeq>11</GreekSeq></word><word seq="13">us,<GreekSeq>12</GreekSeq></word><word seq="14">so that<GreekSeq>13</GreekSeq></word><word seq="15">you may be able<GreekSeq>14</GreekSeq></word><word seq="16">to [answer]<GreekSeq>15</GreekSeq></word><word seq="17">those<GreekSeq>16</GreekSeq></word><word seq="18">who boast<GreekSeq>19</GreekSeq></word><word seq="19">about<GreekSeq>17</GreekSeq></word><word seq="20">outward appearance<GreekSeq>18</GreekSeq></word><word seq="21">and<GreekSeq>20</GreekSeq></word><word seq="22">not<GreekSeq>21</GreekSeq></word><word seq="23">about what is</word><word seq="24">in<GreekSeq>22</GreekSeq></word><word seq="25">the heart.<GreekSeq>23</GreekSeq></word></ESV></verse>
<verse number="13"><ESV><word seq="1">For<GreekSeq>2</GreekSeq></word><word seq="2">if<GreekSeq>1</GreekSeq></word><word seq="3">we are beside ourselves,<GreekSeq>3</GreekSeq></word><word seq="4">it is</word><word seq="5">for God;<GreekSeq>4</GreekSeq></word><word seq="6">if<GreekSeq>5</GreekSeq></word><word seq="7">we are in our right mind,<GreekSeq>6</GreekSeq></word><word seq="8">it is</word><word seq="9">for you.<GreekSeq>7</GreekSeq></word></ESV></verse>
<verse number="14"><ESV><word seq="1">For<GreekSeq>2</GreekSeq></word><word seq="2">the<GreekSeq>1</GreekSeq></word><word seq="3">love<GreekSeq>3</GreekSeq></word><word seq="4">of Christ<GreekSeq>5</GreekSeq></word><word seq="5">controls<GreekSeq>6</GreekSeq></word><word seq="6">us,<GreekSeq>7</GreekSeq></word><word seq="7">because we have</word><word seq="8">concluded<GreekSeq>8</GreekSeq></word><word seq="9">this:<GreekSeq>9</GreekSeq></word><word seq="10">that<GreekSeq>10</GreekSeq></word><word seq="11">one<GreekSeq>11</GreekSeq></word><word seq="12">has died<GreekSeq>14</GreekSeq></word><word seq="13">for<GreekSeq>12</GreekSeq></word><word seq="14">all,<GreekSeq>13</GreekSeq></word><word seq="15">therefore<GreekSeq>15</GreekSeq></word><word seq="16">all<GreekSeq>17</GreekSeq></word><word seq="17">have died;<GreekSeq>18</GreekSeq></word></ESV></verse>
<verse number="15"><ESV><word seq="1">and<GreekSeq>1</GreekSeq></word><word seq="2">he died<GreekSeq>4</GreekSeq></word><word seq="3">for<GreekSeq>2</GreekSeq></word><word seq="4">all,<GreekSeq>3</GreekSeq></word><word seq="5">that<GreekSeq>5</GreekSeq></word><word seq="6">those<GreekSeq>6</GreekSeq></word><word seq="7">who live<GreekSeq>7</GreekSeq></word><word seq="8">might<GreekSeq>10</GreekSeq></word><word seq="9">no longer<GreekSeq>8</GreekSeq></word><word seq="10">live<GreekSeq>10</GreekSeq></word><word seq="11">for themselves<GreekSeq>9</GreekSeq></word><word seq="12">but<GreekSeq>11</GreekSeq></word><word seq="13">for him<GreekSeq>12</GreekSeq></word><word seq="14">who<GreekSeq>15</GreekSeq></word><word seq="15">for<GreekSeq>13</GreekSeq></word><word seq="16">their<GreekSeq>14</GreekSeq></word><word seq="17">sake<GreekSeq>13</GreekSeq></word><word seq="18">died<GreekSeq>15</GreekSeq></word><word seq="19">and<GreekSeq>16</GreekSeq></word><word seq="20">was raised.<GreekSeq>17</GreekSeq></word></ESV></verse>
<verse number="16"><ESV><word seq="1">From<GreekSeq>3</GreekSeq></word><word seq="2">now on,<GreekSeq>5</GreekSeq></word><word seq="3">therefore,<GreekSeq>1</GreekSeq></word><word seq="4">we<GreekSeq>2</GreekSeq></word><word seq="5">regard<GreekSeq>7</GreekSeq></word><word seq="6">no one<GreekSeq>6</GreekSeq></word><word seq="7">according to<GreekSeq>8</GreekSeq></word><word seq="8">the flesh.<GreekSeq>9</GreekSeq></word><word seq="9">Even<GreekSeq>11</GreekSeq></word><word seq="10">though<GreekSeq>10</GreekSeq></word><word seq="11">we once regarded<GreekSeq>12</GreekSeq></word><word seq="12">Christ<GreekSeq>15</GreekSeq></word><word seq="13">according to<GreekSeq>13</GreekSeq></word><word seq="14">the flesh,<GreekSeq>14</GreekSeq></word><word seq="15">we regard<GreekSeq>19</GreekSeq></word><word seq="16">him</word><word seq="17">thus<GreekSeq>17</GreekSeq></word><word seq="18">no longer.<GreekSeq>18</GreekSeq></word></ESV></verse>
<verse number="17"><ESV><word seq="1">Therefore,<GreekSeq>1</GreekSeq></word><word seq="2">if<GreekSeq>2</GreekSeq></word><word seq="3">anyone<GreekSeq>3</GreekSeq></word><word seq="4">is</word><word seq="5">in<GreekSeq>4</GreekSeq></word><word seq="6">Christ,<GreekSeq>5</GreekSeq></word><word seq="7">he is</word><word seq="8">a new<GreekSeq>6</GreekSeq></word><word seq="9">creation.<GreekSeq>7</GreekSeq></word><word seq="10">The<GreekSeq>8</GreekSeq></word><word seq="11">old<GreekSeq>9</GreekSeq></word><word seq="12">has passed away;<GreekSeq>10</GreekSeq></word><word seq="13">behold,<GreekSeq>11</GreekSeq></word><word seq="14">the</word><word seq="15">new<GreekSeq>13</GreekSeq></word><word seq="16">has come.<GreekSeq>12</GreekSeq></word></ESV></verse>
<verse number="18"><ESV><word seq="1">All<GreekSeq>3</GreekSeq></word><word seq="2">this<GreekSeq>1</GreekSeq></word><word seq="3">is</word><word seq="4">from<GreekSeq>4</GreekSeq></word><word seq="5">God,<GreekSeq>6</GreekSeq></word><word seq="6">who<GreekSeq>8</GreekSeq></word><word seq="7">through<GreekSeq>11</GreekSeq></word><word seq="8">Christ<GreekSeq>12</GreekSeq></word><word seq="9">reconciled<GreekSeq>8</GreekSeq></word><word seq="10">us<GreekSeq>9</GreekSeq></word><word seq="11">to himself<GreekSeq>10</GreekSeq></word><word seq="12">and<GreekSeq>13</GreekSeq></word><word seq="13">gave<GreekSeq>14</GreekSeq></word><word seq="14">us<GreekSeq>15</GreekSeq></word><word seq="15">the<GreekSeq>16</GreekSeq></word><word seq="16">ministry<GreekSeq>17</GreekSeq></word><word seq="17">of reconciliation;<GreekSeq>19</GreekSeq></word></ESV></verse>
<verse number="19"><ESV><word seq="1">that is,<GreekSeq>1</GreekSeq><GreekSeq>2</GreekSeq></word><word seq="2">in<GreekSeq>5</GreekSeq></word><word seq="3">Christ<GreekSeq>6</GreekSeq></word><word seq="4">God<GreekSeq>3</GreekSeq></word><word seq="5">was<GreekSeq>4</GreekSeq></word><word seq="6">reconciling<GreekSeq>8</GreekSeq></word><word seq="7">the world<GreekSeq>7</GreekSeq></word><word seq="8">to himself,<GreekSeq>9</GreekSeq></word><word seq="9">not<GreekSeq>10</GreekSeq></word><word seq="10">counting<GreekSeq>11</GreekSeq></word><word seq="11">their<GreekSeq>15</GreekSeq></word><word seq="12">trespasses<GreekSeq>14</GreekSeq></word><word seq="13">against them,<GreekSeq>12</GreekSeq></word><word seq="14">and<GreekSeq>16</GreekSeq></word><word seq="15">entrusting<GreekSeq>17</GreekSeq></word><word seq="16">to<GreekSeq>18</GreekSeq></word><word seq="17">us<GreekSeq>19</GreekSeq></word><word seq="18">the<GreekSeq>20</GreekSeq></word><word seq="19">message<GreekSeq>21</GreekSeq></word><word seq="20">of reconciliation.<GreekSeq>23</GreekSeq></word></ESV></verse>
<verse number="20"><ESV><word seq="1">Therefore,<GreekSeq>3</GreekSeq></word><word seq="2">we are ambassadors<GreekSeq>4</GreekSeq></word><word seq="3">for<GreekSeq>1</GreekSeq></word><word seq="4">Christ,<GreekSeq>2</GreekSeq></word><word seq="5">God<GreekSeq>7</GreekSeq></word><word seq="6">making his appeal<GreekSeq>8</GreekSeq></word><word seq="7">through<GreekSeq>9</GreekSeq></word><word seq="8">us.<GreekSeq>10</GreekSeq></word><word seq="9">We implore<GreekSeq>11</GreekSeq></word><word seq="10">you</word><word seq="11">on behalf of<GreekSeq>12</GreekSeq></word><word seq="12">Christ,<GreekSeq>13</GreekSeq></word><word seq="13">be reconciled<GreekSeq>14</GreekSeq></word><word seq="14">to God.<GreekSeq>16</GreekSeq></word></ESV></verse>
<verse number="21"><ESV><word seq="1">For<GreekSeq>5</GreekSeq></word><word seq="2">our<GreekSeq>6</GreekSeq></word><word seq="3">sake<GreekSeq>5</GreekSeq></word><word seq="4">he made<GreekSeq>8</GreekSeq></word><word seq="5">him<GreekSeq>1</GreekSeq></word><word seq="6">to be</word><word seq="7">sin<GreekSeq>7</GreekSeq></word><word seq="8">who knew<GreekSeq>3</GreekSeq></word><word seq="9">no<GreekSeq>2</GreekSeq></word><word seq="10">sin,<GreekSeq>4</GreekSeq></word><word seq="11">so that<GreekSeq>9</GreekSeq></word><word seq="12">in<GreekSeq>14</GreekSeq></word><word seq="13">him<GreekSeq>15</GreekSeq></word><word seq="14">we<GreekSeq>10</GreekSeq></word><word seq="15">might become<GreekSeq>11</GreekSeq></word><word seq="16">the righteousness<GreekSeq>12</GreekSeq></word><word seq="17">of God.<GreekSeq>13</GreekSeq></word></ESV></verse></chapter></book>