<?xml version="1.0" encoding="UTF-8" standalone="no"?><book><chapter number="8">'<verse number="1"><ESV><word seq="1">We want<GreekSeq>1</GreekSeq></word><word seq="2">you<GreekSeq>3</GreekSeq></word><word seq="3">to know,<GreekSeq>1</GreekSeq></word><word seq="4">brothers,<GreekSeq>4</GreekSeq></word><word seq="5">about the<GreekSeq>5</GreekSeq></word><word seq="6">grace<GreekSeq>6</GreekSeq></word><word seq="7">of God<GreekSeq>8</GreekSeq></word><word seq="8">that has been given<GreekSeq>10</GreekSeq></word><word seq="9">among<GreekSeq>11</GreekSeq></word><word seq="10">the<GreekSeq>12</GreekSeq></word><word seq="11">churches<GreekSeq>13</GreekSeq></word><word seq="12">of Macedonia,<GreekSeq>15</GreekSeq></word></ESV></verse>
<verse number="2"><ESV><word seq="1">for<GreekSeq>1</GreekSeq></word><word seq="2">in<GreekSeq>2</GreekSeq></word><word seq="3">a severe<GreekSeq>3</GreekSeq></word><word seq="4">test<GreekSeq>4</GreekSeq></word><word seq="5">of affliction,<GreekSeq>5</GreekSeq></word><word seq="6">their<GreekSeq>10</GreekSeq></word><word seq="7">abundance<GreekSeq>7</GreekSeq></word><word seq="8">of joy<GreekSeq>9</GreekSeq></word><word seq="9">and<GreekSeq>11</GreekSeq></word><word seq="10">their<GreekSeq>16</GreekSeq></word><word seq="11">extreme<GreekSeq>13</GreekSeq><GreekSeq>14</GreekSeq></word><word seq="12">poverty<GreekSeq>15</GreekSeq></word><word seq="13">have overflowed<GreekSeq>17</GreekSeq></word><word seq="14">in<GreekSeq>18</GreekSeq></word><word seq="15">a wealth<GreekSeq>20</GreekSeq></word><word seq="16">of generosity<GreekSeq>22</GreekSeq></word><word seq="17">on their part.<GreekSeq>23</GreekSeq></word></ESV></verse>
<verse number="3"><ESV><word seq="1">For<GreekSeq>1</GreekSeq></word><word seq="2">they gave</word><word seq="3">according to<GreekSeq>2</GreekSeq></word><word seq="4">their</word><word seq="5">means,<GreekSeq>3</GreekSeq></word><word seq="6">as</word><word seq="7">I can testify,<GreekSeq>4</GreekSeq></word><word seq="8">and<GreekSeq>5</GreekSeq></word><word seq="9">beyond<GreekSeq>6</GreekSeq></word><word seq="10">their</word><word seq="11">means,<GreekSeq>7</GreekSeq></word><word seq="12">of their own accord,<GreekSeq>8</GreekSeq></word></ESV></verse>
<verse number="4"><ESV><word seq="1">begging<GreekSeq>4</GreekSeq></word><word seq="2">us<GreekSeq>5</GreekSeq></word><word seq="3">earnestly<GreekSeq>1</GreekSeq><GreekSeq>2</GreekSeq><GreekSeq>3</GreekSeq></word><word seq="4">for the<GreekSeq>6</GreekSeq></word><word seq="5">favor<GreekSeq>7</GreekSeq></word><word seq="6">of</word><word seq="7">taking part<GreekSeq>10</GreekSeq></word><word seq="8">in the<GreekSeq>11</GreekSeq></word><word seq="9">[relief]<GreekSeq>12</GreekSeq></word><word seq="10">of<GreekSeq>14</GreekSeq></word><word seq="11">the<GreekSeq>15</GreekSeq></word><word seq="12">saints —<GreekSeq>16</GreekSeq></word></ESV></verse>
<verse number="5"><ESV><word seq="1">and<GreekSeq>1</GreekSeq></word><word seq="2">this,</word><word seq="3">not<GreekSeq>2</GreekSeq></word><word seq="4">as<GreekSeq>3</GreekSeq></word><word seq="5">we expected,<GreekSeq>4</GreekSeq></word><word seq="6">but<GreekSeq>5</GreekSeq></word><word seq="7">they gave<GreekSeq>7</GreekSeq></word><word seq="8">themselves<GreekSeq>6</GreekSeq></word><word seq="9">first<GreekSeq>8</GreekSeq></word><word seq="10">to the<GreekSeq>9</GreekSeq></word><word seq="11">Lord<GreekSeq>10</GreekSeq></word><word seq="12">and then<GreekSeq>11</GreekSeq></word><word seq="13">by<GreekSeq>13</GreekSeq></word><word seq="14">the will<GreekSeq>14</GreekSeq></word><word seq="15">of God<GreekSeq>15</GreekSeq></word><word seq="16">to us.<GreekSeq>12</GreekSeq></word></ESV></verse>
<verse number="6"><ESV><word seq="1">Accordingly,<GreekSeq>1</GreekSeq><GreekSeq>2</GreekSeq></word><word seq="2">we<GreekSeq>4</GreekSeq></word><word seq="3">urged<GreekSeq>3</GreekSeq></word><word seq="4">Titus<GreekSeq>5</GreekSeq></word><word seq="5">that<GreekSeq>6</GreekSeq></word><word seq="6">as<GreekSeq>7</GreekSeq></word><word seq="7">he had started,<GreekSeq>8</GreekSeq></word><word seq="8">so<GreekSeq>9</GreekSeq></word><word seq="9">he should complete<GreekSeq>11</GreekSeq></word><word seq="10">among<GreekSeq>12</GreekSeq></word><word seq="11">you<GreekSeq>13</GreekSeq></word><word seq="12">this<GreekSeq>17</GreekSeq></word><word seq="13">[act of] grace.<GreekSeq>16</GreekSeq></word></ESV></verse>
<verse number="7"><ESV><word seq="1">But<GreekSeq>1</GreekSeq></word><word seq="2">as<GreekSeq>2</GreekSeq></word><word seq="3">you excel<GreekSeq>5</GreekSeq></word><word seq="4">in<GreekSeq>3</GreekSeq></word><word seq="5">everything<GreekSeq>4</GreekSeq></word><word seq="6">—in faith,<GreekSeq>6</GreekSeq></word><word seq="7">in speech,<GreekSeq>8</GreekSeq></word><word seq="8">in knowledge,<GreekSeq>10</GreekSeq></word><word seq="9">in all<GreekSeq>12</GreekSeq></word><word seq="10">earnestness,<GreekSeq>13</GreekSeq></word><word seq="11">and<GreekSeq>14</GreekSeq></word><word seq="12">in<GreekSeq>16</GreekSeq></word><word seq="13">our<GreekSeq>17</GreekSeq></word><word seq="14">love<GreekSeq>20</GreekSeq></word><word seq="15">for<GreekSeq>18</GreekSeq></word><word seq="16">you —<GreekSeq>19</GreekSeq></word><word seq="17">see</word><word seq="18">that<GreekSeq>21</GreekSeq></word><word seq="19">you excel<GreekSeq>27</GreekSeq></word><word seq="20">in<GreekSeq>23</GreekSeq></word><word seq="21">this<GreekSeq>24</GreekSeq></word><word seq="22">act of</word><word seq="23">grace<GreekSeq>26</GreekSeq></word><word seq="24">also.<GreekSeq>22</GreekSeq></word></ESV></verse>
<verse number="8"><ESV><word seq="1">I say [this]<GreekSeq>4</GreekSeq></word><word seq="2">not<GreekSeq>1</GreekSeq></word><word seq="3">as<GreekSeq>2</GreekSeq></word><word seq="4">a command,<GreekSeq>3</GreekSeq></word><word seq="5">but<GreekSeq>5</GreekSeq></word><word seq="6">to prove<GreekSeq>16</GreekSeq></word><word seq="7">by<GreekSeq>6</GreekSeq></word><word seq="8">the<GreekSeq>7</GreekSeq></word><word seq="9">earnestness<GreekSeq>9</GreekSeq></word><word seq="10">of others<GreekSeq>8</GreekSeq></word><word seq="11">that</word><word seq="12">your<GreekSeq>13</GreekSeq></word><word seq="13">love<GreekSeq>14</GreekSeq></word><word seq="14">also<GreekSeq>10</GreekSeq></word><word seq="15">is</word><word seq="16">genuine.<GreekSeq>15</GreekSeq></word></ESV></verse>
<verse number="9"><ESV><word seq="1">For<GreekSeq>2</GreekSeq></word><word seq="2">you know<GreekSeq>1</GreekSeq></word><word seq="3">the<GreekSeq>3</GreekSeq></word><word seq="4">grace<GreekSeq>4</GreekSeq></word><word seq="5">of<GreekSeq>6</GreekSeq></word><word seq="6">our<GreekSeq>7</GreekSeq></word><word seq="7">Lord<GreekSeq>6</GreekSeq></word><word seq="8">Jesus<GreekSeq>8</GreekSeq></word><word seq="9">Christ,<GreekSeq>9</GreekSeq></word><word seq="10">that<GreekSeq>10</GreekSeq></word><word seq="11">though</word><word seq="12">he was<GreekSeq>15</GreekSeq></word><word seq="13">rich,<GreekSeq>14</GreekSeq></word><word seq="14">yet<GreekSeq>10</GreekSeq></word><word seq="15">for<GreekSeq>11</GreekSeq></word><word seq="16">your<GreekSeq>12</GreekSeq></word><word seq="17">sake<GreekSeq>11</GreekSeq></word><word seq="18">he became poor,<GreekSeq>13</GreekSeq></word><word seq="19">so that<GreekSeq>16</GreekSeq></word><word seq="20">you<GreekSeq>17</GreekSeq></word><word seq="21">by<GreekSeq>20</GreekSeq></word><word seq="22">his<GreekSeq>19</GreekSeq></word><word seq="23">poverty<GreekSeq>20</GreekSeq></word><word seq="24">might become rich.<GreekSeq>21</GreekSeq></word></ESV></verse>
<verse number="10"><ESV><word seq="1">And<GreekSeq>1</GreekSeq></word><word seq="2">in<GreekSeq>3</GreekSeq></word><word seq="3">this [matter]<GreekSeq>4</GreekSeq></word><word seq="4">I give<GreekSeq>5</GreekSeq></word><word seq="5">my</word><word seq="6">judgment:<GreekSeq>2</GreekSeq></word><word seq="7">this<GreekSeq>6</GreekSeq></word><word seq="8">benefits<GreekSeq>9</GreekSeq></word><word seq="9">you,<GreekSeq>8</GreekSeq></word><word seq="10">who<GreekSeq>10</GreekSeq></word><word seq="11">a year ago<GreekSeq>20</GreekSeq><GreekSeq>21</GreekSeq></word><word seq="12">started<GreekSeq>19</GreekSeq></word><word seq="13">not<GreekSeq>11</GreekSeq></word><word seq="14">only<GreekSeq>12</GreekSeq></word><word seq="15">to do<GreekSeq>14</GreekSeq></word><word seq="16">this [work]<GreekSeq>13</GreekSeq></word><word seq="17">but<GreekSeq>15</GreekSeq></word><word seq="18">also<GreekSeq>16</GreekSeq></word><word seq="19">to desire<GreekSeq>18</GreekSeq></word><word seq="20">to [do] it.<GreekSeq>17</GreekSeq></word></ESV></verse>
<verse number="11"><ESV><word seq="1">So now<GreekSeq>1</GreekSeq></word><word seq="2">finish<GreekSeq>6</GreekSeq></word><word seq="3">doing<GreekSeq>5</GreekSeq></word><word seq="4">it<GreekSeq>4</GreekSeq></word><word seq="5">as well,<GreekSeq>3</GreekSeq></word><word seq="6">so that<GreekSeq>7</GreekSeq></word><word seq="7">your</word><word seq="8">readiness<GreekSeq>10</GreekSeq></word><word seq="9">in desiring<GreekSeq>12</GreekSeq></word><word seq="10">it<GreekSeq>15</GreekSeq></word><word seq="11">may be matched by your</word><word seq="12">completing<GreekSeq>16</GreekSeq></word><word seq="13">it</word><word seq="14">out of<GreekSeq>17</GreekSeq></word><word seq="15">what you have.<GreekSeq>18</GreekSeq><GreekSeq>19</GreekSeq></word></ESV></verse>
<verse number="12"><ESV><word seq="1">For<GreekSeq>2</GreekSeq></word><word seq="2">if<GreekSeq>1</GreekSeq></word><word seq="3">the<GreekSeq>3</GreekSeq></word><word seq="4">readiness<GreekSeq>4</GreekSeq></word><word seq="5">is there,<GreekSeq>5</GreekSeq></word><word seq="6">it is</word><word seq="7">acceptable<GreekSeq>9</GreekSeq></word><word seq="8">according to<GreekSeq>6</GreekSeq></word><word seq="9">what<GreekSeq>7</GreekSeq></word><word seq="10">a person has,<GreekSeq>8</GreekSeq></word><word seq="11">not<GreekSeq>10</GreekSeq></word><word seq="12">according to<GreekSeq>11</GreekSeq></word><word seq="13">what</word><word seq="14">he does<GreekSeq>13</GreekSeq></word><word seq="15">not<GreekSeq>12</GreekSeq></word><word seq="16">have.<GreekSeq>13</GreekSeq></word></ESV></verse>
<verse number="13"><ESV><word seq="1">For<GreekSeq>2</GreekSeq></word><word seq="2">I do</word><word seq="3">not<GreekSeq>1</GreekSeq></word><word seq="4">mean</word><word seq="5">that<GreekSeq>3</GreekSeq></word><word seq="6">others<GreekSeq>4</GreekSeq></word><word seq="7">should be</word><word seq="8">eased<GreekSeq>5</GreekSeq></word><word seq="9">and</word><word seq="10">you<GreekSeq>6</GreekSeq></word><word seq="11">burdened,<GreekSeq>7</GreekSeq></word><word seq="12">but<GreekSeq>8</GreekSeq></word><word seq="13">that as a matter</word><word seq="14">of<GreekSeq>9</GreekSeq></word><word seq="15">fairness<GreekSeq>10</GreekSeq></word></ESV></verse>
<verse number="14"><ESV><word seq="1">your<GreekSeq>6</GreekSeq></word><word seq="2">abundance<GreekSeq>7</GreekSeq></word><word seq="3">at<GreekSeq>1</GreekSeq></word><word seq="4">the<GreekSeq>2</GreekSeq></word><word seq="5">present<GreekSeq>3</GreekSeq></word><word seq="6">time<GreekSeq>4</GreekSeq></word><word seq="7">should</word><word seq="8">[supply]<GreekSeq>8</GreekSeq></word><word seq="9">their<GreekSeq>10</GreekSeq></word><word seq="10">need,<GreekSeq>11</GreekSeq></word><word seq="11">so that<GreekSeq>12</GreekSeq></word><word seq="12">their<GreekSeq>15</GreekSeq></word><word seq="13">abundance<GreekSeq>16</GreekSeq></word><word seq="14">may<GreekSeq>17</GreekSeq></word><word seq="15">[supply]<GreekSeq>18</GreekSeq></word><word seq="16">your<GreekSeq>20</GreekSeq></word><word seq="17">need,<GreekSeq>21</GreekSeq></word><word seq="18">that<GreekSeq>22</GreekSeq></word><word seq="19">there may be<GreekSeq>23</GreekSeq></word><word seq="20">fairness.<GreekSeq>24</GreekSeq></word></ESV></verse>
<verse number="15"><ESV><word seq="1">As<GreekSeq>1</GreekSeq></word><word seq="2">it is written,<GreekSeq>2</GreekSeq></word><word seq="3">Whoever [gathered]<GreekSeq>4</GreekSeq></word><word seq="4">much<GreekSeq>5</GreekSeq></word><word seq="5">had<GreekSeq>7</GreekSeq></word><word seq="6">nothing<GreekSeq>6</GreekSeq></word><word seq="7">left over,<GreekSeq>7</GreekSeq></word><word seq="8">and<GreekSeq>8</GreekSeq></word><word seq="9">whoever [gathered]<GreekSeq>10</GreekSeq></word><word seq="10">little<GreekSeq>11</GreekSeq></word><word seq="11">had<GreekSeq>13</GreekSeq></word><word seq="12">no<GreekSeq>12</GreekSeq></word><word seq="13">lack.<GreekSeq>13</GreekSeq></word></ESV></verse>
<verse number="16"><ESV><word seq="1">But<GreekSeq>2</GreekSeq></word><word seq="2">thanks<GreekSeq>1</GreekSeq></word><word seq="3">be</word><word seq="4">to God,<GreekSeq>4</GreekSeq></word><word seq="5">who put<GreekSeq>6</GreekSeq></word><word seq="6">into<GreekSeq>12</GreekSeq></word><word seq="7">the<GreekSeq>13</GreekSeq></word><word seq="8">heart<GreekSeq>14</GreekSeq></word><word seq="9">of Titus<GreekSeq>15</GreekSeq></word><word seq="10">the<GreekSeq>7</GreekSeq></word><word seq="11">same<GreekSeq>8</GreekSeq></word><word seq="12">earnest care<GreekSeq>9</GreekSeq></word><word seq="13">I have</word><word seq="14">for<GreekSeq>10</GreekSeq></word><word seq="15">you.<GreekSeq>11</GreekSeq></word></ESV></verse>
<verse number="17"><ESV><word seq="1">For<GreekSeq>1</GreekSeq></word><word seq="2">he<GreekSeq>5</GreekSeq></word><word seq="3">not only<GreekSeq>3</GreekSeq></word><word seq="4">accepted<GreekSeq>5</GreekSeq></word><word seq="5">our</word><word seq="6">appeal,<GreekSeq>4</GreekSeq></word><word seq="7">but<GreekSeq>7</GreekSeq></word><word seq="8">being<GreekSeq>8</GreekSeq></word><word seq="9">himself</word><word seq="10">very earnest<GreekSeq>6</GreekSeq></word><word seq="11">he is going<GreekSeq>10</GreekSeq></word><word seq="12">to<GreekSeq>11</GreekSeq></word><word seq="13">you<GreekSeq>12</GreekSeq></word><word seq="14">of his own accord.<GreekSeq>9</GreekSeq></word></ESV></verse>
<verse number="18"><ESV><word seq="1">With<GreekSeq>3</GreekSeq></word><word seq="2">him<GreekSeq>4</GreekSeq></word><word seq="3">we are sending<GreekSeq>1</GreekSeq></word><word seq="4">the<GreekSeq>5</GreekSeq></word><word seq="5">brother<GreekSeq>6</GreekSeq></word><word seq="6">who<GreekSeq>7</GreekSeq></word><word seq="7">is</word><word seq="8">famous<GreekSeq>9</GreekSeq></word><word seq="9">among<GreekSeq>13</GreekSeq></word><word seq="10">all<GreekSeq>14</GreekSeq></word><word seq="11">the<GreekSeq>15</GreekSeq></word><word seq="12">churches<GreekSeq>16</GreekSeq></word><word seq="13">for his preaching</word><word seq="14">of<GreekSeq>10</GreekSeq></word><word seq="15">the<GreekSeq>11</GreekSeq></word><word seq="16">gospel.<GreekSeq>12</GreekSeq></word></ESV></verse>
<verse number="19"><ESV><word seq="1">And<GreekSeq>3</GreekSeq></word><word seq="2">not<GreekSeq>1</GreekSeq></word><word seq="3">only<GreekSeq>2</GreekSeq></word><word seq="4">that,</word><word seq="5">but<GreekSeq>4</GreekSeq></word><word seq="6">he has been appointed<GreekSeq>6</GreekSeq></word><word seq="7">by<GreekSeq>7</GreekSeq></word><word seq="8">the<GreekSeq>8</GreekSeq></word><word seq="9">churches<GreekSeq>9</GreekSeq></word><word seq="10">to travel with<GreekSeq>10</GreekSeq></word><word seq="11">us<GreekSeq>11</GreekSeq></word><word seq="12">as we carry out</word><word seq="13">this<GreekSeq>15</GreekSeq></word><word seq="14">[act of] grace<GreekSeq>14</GreekSeq></word><word seq="15">that is being ministered<GreekSeq>17</GreekSeq></word><word seq="16">by<GreekSeq>18</GreekSeq></word><word seq="17">us,<GreekSeq>19</GreekSeq></word><word seq="18">for<GreekSeq>20</GreekSeq></word><word seq="19">the glory<GreekSeq>25</GreekSeq></word><word seq="20">of the<GreekSeq>23</GreekSeq></word><word seq="21">Lord<GreekSeq>24</GreekSeq></word><word seq="22">himself<GreekSeq>22</GreekSeq></word><word seq="23">and<GreekSeq>26</GreekSeq></word><word seq="24">to show</word><word seq="25">our<GreekSeq>28</GreekSeq></word><word seq="26">good will.<GreekSeq>27</GreekSeq></word></ESV></verse>
<verse number="20"><ESV><word seq="1">We</word><word seq="2">take<GreekSeq>1</GreekSeq></word><word seq="3">this [course]<GreekSeq>2</GreekSeq></word><word seq="4">so that</word><word seq="5">no<GreekSeq>3</GreekSeq></word><word seq="6">one<GreekSeq>4</GreekSeq></word><word seq="7">should blame<GreekSeq>6</GreekSeq></word><word seq="8">us<GreekSeq>5</GreekSeq></word><word seq="9">about<GreekSeq>7</GreekSeq></word><word seq="10">this<GreekSeq>10</GreekSeq></word><word seq="11">generous [gift]<GreekSeq>9</GreekSeq></word><word seq="12">that is being administered<GreekSeq>12</GreekSeq></word><word seq="13">by<GreekSeq>13</GreekSeq></word><word seq="14">us,<GreekSeq>14</GreekSeq></word></ESV></verse>
<verse number="21"><ESV><word seq="1">for<GreekSeq>2</GreekSeq></word><word seq="2">we aim at<GreekSeq>1</GreekSeq></word><word seq="3">what is</word><word seq="4">honorable<GreekSeq>3</GreekSeq></word><word seq="5">not<GreekSeq>4</GreekSeq></word><word seq="6">only<GreekSeq>5</GreekSeq></word><word seq="7">in the<GreekSeq>6</GreekSeq></word><word seq="8">Lord’s<GreekSeq>7</GreekSeq></word><word seq="9">sight<GreekSeq>6</GreekSeq></word><word seq="10">but<GreekSeq>8</GreekSeq></word><word seq="11">also<GreekSeq>9</GreekSeq></word><word seq="12">in the sight<GreekSeq>10</GreekSeq></word><word seq="13">of man.<GreekSeq>11</GreekSeq></word></ESV></verse>
<verse number="22"><ESV><word seq="1">And<GreekSeq>2</GreekSeq></word><word seq="2">with<GreekSeq>1</GreekSeq></word><word seq="3">them<GreekSeq>3</GreekSeq></word><word seq="4">we are sending<GreekSeq>1</GreekSeq></word><word seq="5">our<GreekSeq>6</GreekSeq></word><word seq="6">brother<GreekSeq>5</GreekSeq></word><word seq="7">whom<GreekSeq>7</GreekSeq></word><word seq="8">we have<GreekSeq>8</GreekSeq></word><word seq="9">often<GreekSeq>11</GreekSeq></word><word seq="10">tested<GreekSeq>8</GreekSeq></word><word seq="11">and</word><word seq="12">[found]<GreekSeq>13</GreekSeq></word><word seq="13">earnest<GreekSeq>12</GreekSeq></word><word seq="14">in<GreekSeq>9</GreekSeq></word><word seq="15">many matters,<GreekSeq>10</GreekSeq></word><word seq="16">but<GreekSeq>15</GreekSeq></word><word seq="17">who is</word><word seq="18">now<GreekSeq>14</GreekSeq></word><word seq="19">more<GreekSeq>16</GreekSeq></word><word seq="20">earnest<GreekSeq>17</GreekSeq></word><word seq="21">than ever because of his</word><word seq="22">great<GreekSeq>19</GreekSeq></word><word seq="23">confidence<GreekSeq>18</GreekSeq></word><word seq="24">in<GreekSeq>21</GreekSeq></word><word seq="25">you.<GreekSeq>22</GreekSeq></word></ESV></verse>
<verse number="23"><ESV><word seq="1">As for<GreekSeq>2</GreekSeq></word><word seq="2">Titus,<GreekSeq>3</GreekSeq></word><word seq="3">he is</word><word seq="4">my<GreekSeq>5</GreekSeq></word><word seq="5">partner<GreekSeq>4</GreekSeq></word><word seq="6">and<GreekSeq>6</GreekSeq></word><word seq="7">fellow worker<GreekSeq>9</GreekSeq></word><word seq="8">for<GreekSeq>7</GreekSeq></word><word seq="9">your [benefit].<GreekSeq>8</GreekSeq></word><word seq="10">[And as for]<GreekSeq>10</GreekSeq></word><word seq="11">our<GreekSeq>12</GreekSeq></word><word seq="12">brothers,<GreekSeq>11</GreekSeq></word><word seq="13">they are</word><word seq="14">messengers<GreekSeq>13</GreekSeq></word><word seq="15">of the churches,<GreekSeq>14</GreekSeq></word><word seq="16">the glory<GreekSeq>15</GreekSeq></word><word seq="17">of Christ.<GreekSeq>16</GreekSeq></word></ESV></verse>
<verse number="24"><ESV><word seq="1">So<GreekSeq>2</GreekSeq></word><word seq="2">give<GreekSeq>14</GreekSeq></word><word seq="3">proof<GreekSeq>3</GreekSeq></word><word seq="4">before<GreekSeq>15</GreekSeq><GreekSeq>16</GreekSeq></word><word seq="5">the<GreekSeq>17</GreekSeq></word><word seq="6">churches<GreekSeq>18</GreekSeq></word><word seq="7">of<GreekSeq>5</GreekSeq></word><word seq="8">your<GreekSeq>6</GreekSeq></word><word seq="9">love<GreekSeq>5</GreekSeq></word><word seq="10">and<GreekSeq>7</GreekSeq></word><word seq="11">of<GreekSeq>9</GreekSeq></word><word seq="12">our<GreekSeq>8</GreekSeq></word><word seq="13">boasting<GreekSeq>9</GreekSeq></word><word seq="14">about<GreekSeq>10</GreekSeq></word><word seq="15">you<GreekSeq>11</GreekSeq></word><word seq="16">to<GreekSeq>12</GreekSeq></word><word seq="17">these men.<GreekSeq>13</GreekSeq></word></ESV></verse></chapter></book>