<?xml version="1.0" encoding="UTF-8" standalone="no"?><book><chapter number="1">'<verse number="1"><ESV><word seq="1">The<GreekSeq>1</GreekSeq></word><word seq="2">elder<GreekSeq>2</GreekSeq></word><word seq="3">to the elect<GreekSeq>3</GreekSeq></word><word seq="4">lady<GreekSeq>4</GreekSeq></word><word seq="5">and<GreekSeq>5</GreekSeq></word><word seq="6">her<GreekSeq>8</GreekSeq></word><word seq="7">children,<GreekSeq>7</GreekSeq></word><word seq="8">whom<GreekSeq>9</GreekSeq></word><word seq="9">I<GreekSeq>10</GreekSeq></word><word seq="10">love<GreekSeq>11</GreekSeq></word><word seq="11">in<GreekSeq>12</GreekSeq></word><word seq="12">truth,<GreekSeq>13</GreekSeq></word><word seq="13">and<GreekSeq>14</GreekSeq></word><word seq="14">not<GreekSeq>15</GreekSeq></word><word seq="15">only<GreekSeq>17</GreekSeq></word><word seq="16">I,<GreekSeq>16</GreekSeq></word><word seq="17">but<GreekSeq>18</GreekSeq></word><word seq="18">also<GreekSeq>19</GreekSeq></word><word seq="19">all<GreekSeq>20</GreekSeq></word><word seq="20">who know<GreekSeq>22</GreekSeq></word><word seq="21">the<GreekSeq>23</GreekSeq></word><word seq="22">truth,<GreekSeq>24</GreekSeq></word></ESV></verse>
<verse number="2"><ESV><word seq="1">because of<GreekSeq>1</GreekSeq></word><word seq="2">the<GreekSeq>2</GreekSeq></word><word seq="3">truth<GreekSeq>3</GreekSeq></word><word seq="4">that abides<GreekSeq>5</GreekSeq></word><word seq="5">in<GreekSeq>6</GreekSeq></word><word seq="6">us<GreekSeq>7</GreekSeq></word><word seq="7">and<GreekSeq>8</GreekSeq></word><word seq="8">will be<GreekSeq>11</GreekSeq></word><word seq="9">with<GreekSeq>9</GreekSeq></word><word seq="10">us<GreekSeq>10</GreekSeq></word><word seq="11">forever:<GreekSeq>12</GreekSeq><GreekSeq>13</GreekSeq><GreekSeq>14</GreekSeq></word></ESV></verse>
<verse number="3"><ESV><word seq="1">Grace,<GreekSeq>4</GreekSeq></word><word seq="2">mercy,<GreekSeq>5</GreekSeq></word><word seq="3">and</word><word seq="4">peace<GreekSeq>6</GreekSeq></word><word seq="5">will be<GreekSeq>1</GreekSeq></word><word seq="6">with<GreekSeq>2</GreekSeq></word><word seq="7">us,<GreekSeq>3</GreekSeq></word><word seq="8">from<GreekSeq>7</GreekSeq></word><word seq="9">God<GreekSeq>8</GreekSeq></word><word seq="10">the Father<GreekSeq>9</GreekSeq></word><word seq="11">and<GreekSeq>10</GreekSeq></word><word seq="12">from<GreekSeq>11</GreekSeq></word><word seq="13">Jesus<GreekSeq>12</GreekSeq></word><word seq="14">Christ<GreekSeq>13</GreekSeq></word><word seq="15">the<GreekSeq>14</GreekSeq></word><word seq="16">Father’s<GreekSeq>17</GreekSeq></word><word seq="17">Son,<GreekSeq>15</GreekSeq></word><word seq="18">in<GreekSeq>18</GreekSeq></word><word seq="19">truth<GreekSeq>19</GreekSeq></word><word seq="20">and<GreekSeq>20</GreekSeq></word><word seq="21">love.<GreekSeq>21</GreekSeq></word></ESV></verse>
<verse number="4"><ESV><word seq="1">I rejoiced<GreekSeq>1</GreekSeq></word><word seq="2">greatly<GreekSeq>2</GreekSeq></word><word seq="3">to find<GreekSeq>3</GreekSeq><GreekSeq>4</GreekSeq></word><word seq="4">some<GreekSeq>9</GreekSeq></word><word seq="5">of<GreekSeq>5</GreekSeq></word><word seq="6">your<GreekSeq>8</GreekSeq></word><word seq="7">children<GreekSeq>7</GreekSeq></word><word seq="8">walking<GreekSeq>9</GreekSeq></word><word seq="9">in<GreekSeq>10</GreekSeq></word><word seq="10">the truth,<GreekSeq>11</GreekSeq></word><word seq="11">just as<GreekSeq>12</GreekSeq></word><word seq="12">we were commanded<GreekSeq>13</GreekSeq><GreekSeq>14</GreekSeq></word><word seq="13">by<GreekSeq>15</GreekSeq></word><word seq="14">the<GreekSeq>16</GreekSeq></word><word seq="15">Father.<GreekSeq>17</GreekSeq></word></ESV></verse>
<verse number="5"><ESV><word seq="1">And<GreekSeq>1</GreekSeq></word><word seq="2">now<GreekSeq>2</GreekSeq></word><word seq="3">I ask<GreekSeq>3</GreekSeq></word><word seq="4">you,<GreekSeq>4</GreekSeq></word><word seq="5">[dear] lady<GreekSeq>5</GreekSeq></word><word seq="6">— not<GreekSeq>6</GreekSeq></word><word seq="7">as though<GreekSeq>7</GreekSeq></word><word seq="8">I were writing<GreekSeq>10</GreekSeq></word><word seq="9">you<GreekSeq>11</GreekSeq></word><word seq="10">a new<GreekSeq>9</GreekSeq></word><word seq="11">commandment,<GreekSeq>8</GreekSeq></word><word seq="12">but<GreekSeq>12</GreekSeq></word><word seq="13">the one<GreekSeq>13</GreekSeq></word><word seq="14">we have had<GreekSeq>14</GreekSeq></word><word seq="15">from<GreekSeq>15</GreekSeq></word><word seq="16">the beginning —<GreekSeq>16</GreekSeq></word><word seq="17">that<GreekSeq>17</GreekSeq></word><word seq="18">we love<GreekSeq>18</GreekSeq></word><word seq="19">one another.<GreekSeq>19</GreekSeq></word></ESV></verse>
<verse number="6"><ESV><word seq="1">And<GreekSeq>1</GreekSeq></word><word seq="2">this<GreekSeq>2</GreekSeq></word><word seq="3">is<GreekSeq>3</GreekSeq></word><word seq="4">love,<GreekSeq>5</GreekSeq></word><word seq="5">that<GreekSeq>6</GreekSeq></word><word seq="6">we walk<GreekSeq>7</GreekSeq></word><word seq="7">according to<GreekSeq>8</GreekSeq></word><word seq="8">his<GreekSeq>11</GreekSeq></word><word seq="9">commandments;<GreekSeq>10</GreekSeq></word><word seq="10">this<GreekSeq>12</GreekSeq></word><word seq="11">is<GreekSeq>15</GreekSeq></word><word seq="12">the<GreekSeq>13</GreekSeq></word><word seq="13">commandment,<GreekSeq>14</GreekSeq></word><word seq="14">just as<GreekSeq>16</GreekSeq></word><word seq="15">you have heard<GreekSeq>17</GreekSeq></word><word seq="16">from<GreekSeq>18</GreekSeq></word><word seq="17">the beginning,<GreekSeq>19</GreekSeq></word><word seq="18">so that<GreekSeq>20</GreekSeq></word><word seq="19">you should walk<GreekSeq>23</GreekSeq></word><word seq="20">in<GreekSeq>21</GreekSeq></word><word seq="21">it.<GreekSeq>22</GreekSeq></word></ESV></verse>
<verse number="7"><ESV><word seq="1">For<GreekSeq>1</GreekSeq></word><word seq="2">many<GreekSeq>2</GreekSeq></word><word seq="3">deceivers<GreekSeq>3</GreekSeq></word><word seq="4">have gone out<GreekSeq>4</GreekSeq></word><word seq="5">into<GreekSeq>5</GreekSeq></word><word seq="6">the<GreekSeq>6</GreekSeq></word><word seq="7">world,<GreekSeq>7</GreekSeq></word><word seq="8">those<GreekSeq>8</GreekSeq></word><word seq="9">who<GreekSeq>10</GreekSeq></word><word seq="10">do</word><word seq="11">not<GreekSeq>9</GreekSeq></word><word seq="12">confess<GreekSeq>10</GreekSeq></word><word seq="13">the coming of<GreekSeq>13</GreekSeq></word><word seq="14">Jesus<GreekSeq>11</GreekSeq></word><word seq="15">Christ<GreekSeq>12</GreekSeq></word><word seq="16">in<GreekSeq>14</GreekSeq></word><word seq="17">the flesh.<GreekSeq>15</GreekSeq></word><word seq="18">Such a one<GreekSeq>16</GreekSeq></word><word seq="19">is<GreekSeq>17</GreekSeq></word><word seq="20">the<GreekSeq>18</GreekSeq></word><word seq="21">deceiver<GreekSeq>19</GreekSeq></word><word seq="22">and<GreekSeq>20</GreekSeq></word><word seq="23">the<GreekSeq>21</GreekSeq></word><word seq="24">antichrist.<GreekSeq>22</GreekSeq></word></ESV></verse>
<verse number="8"><ESV><word seq="1">Watch<GreekSeq>1</GreekSeq></word><word seq="2">yourselves,<GreekSeq>2</GreekSeq></word><word seq="3">so that<GreekSeq>3</GreekSeq></word><word seq="4">you may<GreekSeq>5</GreekSeq></word><word seq="5">not<GreekSeq>4</GreekSeq></word><word seq="6">lose<GreekSeq>5</GreekSeq></word><word seq="7">what<GreekSeq>6</GreekSeq></word><word seq="8">we have worked for,<GreekSeq>7</GreekSeq></word><word seq="9">but<GreekSeq>8</GreekSeq></word><word seq="10">may win<GreekSeq>11</GreekSeq></word><word seq="11">a full<GreekSeq>10</GreekSeq></word><word seq="12">reward.<GreekSeq>9</GreekSeq></word></ESV></verse>
<verse number="9"><ESV><word seq="1">Everyone<GreekSeq>1</GreekSeq><GreekSeq>2</GreekSeq></word><word seq="2">who goes on ahead<GreekSeq>3</GreekSeq></word><word seq="3">and<GreekSeq>4</GreekSeq></word><word seq="4">does</word><word seq="5">not<GreekSeq>5</GreekSeq></word><word seq="6">abide<GreekSeq>6</GreekSeq></word><word seq="7">in<GreekSeq>7</GreekSeq></word><word seq="8">the<GreekSeq>8</GreekSeq></word><word seq="9">teaching<GreekSeq>9</GreekSeq></word><word seq="10">of Christ,<GreekSeq>11</GreekSeq></word><word seq="11">does</word><word seq="12">not<GreekSeq>13</GreekSeq></word><word seq="13">have<GreekSeq>14</GreekSeq></word><word seq="14">God.<GreekSeq>12</GreekSeq></word><word seq="15">Whoever abides<GreekSeq>15</GreekSeq><GreekSeq>16</GreekSeq></word><word seq="16">in<GreekSeq>17</GreekSeq></word><word seq="17">the<GreekSeq>18</GreekSeq></word><word seq="18">teaching<GreekSeq>19</GreekSeq></word><word seq="19">has<GreekSeq>27</GreekSeq></word><word seq="20">both<GreekSeq>21</GreekSeq></word><word seq="21">the<GreekSeq>22</GreekSeq></word><word seq="22">Father<GreekSeq>23</GreekSeq></word><word seq="23">and<GreekSeq>24</GreekSeq></word><word seq="24">the<GreekSeq>25</GreekSeq></word><word seq="25">Son.<GreekSeq>26</GreekSeq></word></ESV></verse>
<verse number="10"><ESV><word seq="1">If<GreekSeq>1</GreekSeq></word><word seq="2">anyone<GreekSeq>2</GreekSeq></word><word seq="3">comes<GreekSeq>3</GreekSeq></word><word seq="4">to<GreekSeq>4</GreekSeq></word><word seq="5">you<GreekSeq>5</GreekSeq></word><word seq="6">and<GreekSeq>6</GreekSeq></word><word seq="7">does</word><word seq="8">not<GreekSeq>10</GreekSeq></word><word seq="9">bring<GreekSeq>11</GreekSeq></word><word seq="10">this<GreekSeq>7</GreekSeq></word><word seq="11">teaching,<GreekSeq>9</GreekSeq></word><word seq="12">do</word><word seq="13">not<GreekSeq>12</GreekSeq></word><word seq="14">receive<GreekSeq>13</GreekSeq></word><word seq="15">him<GreekSeq>14</GreekSeq></word><word seq="16">into<GreekSeq>15</GreekSeq></word><word seq="17">your</word><word seq="18">house<GreekSeq>16</GreekSeq></word><word seq="19">or<GreekSeq>17</GreekSeq></word><word seq="20">give<GreekSeq>21</GreekSeq></word><word seq="21">him<GreekSeq>19</GreekSeq></word><word seq="22">any</word><word seq="23">greeting,<GreekSeq>18</GreekSeq></word></ESV></verse>
<verse number="11"><ESV><word seq="1">for<GreekSeq>3</GreekSeq></word><word seq="2">whoever greets<GreekSeq>1</GreekSeq><GreekSeq>2</GreekSeq><GreekSeq>5</GreekSeq></word><word seq="3">him<GreekSeq>4</GreekSeq></word><word seq="4">takes part in<GreekSeq>6</GreekSeq></word><word seq="5">his<GreekSeq>9</GreekSeq></word><word seq="6">wicked<GreekSeq>11</GreekSeq></word><word seq="7"> works.<GreekSeq>8</GreekSeq></word></ESV></verse>
<verse number="12"><ESV><word seq="1">Though</word><word seq="2">I have<GreekSeq>2</GreekSeq></word><word seq="3">much<GreekSeq>1</GreekSeq></word><word seq="4">to write<GreekSeq>4</GreekSeq></word><word seq="5">to you,<GreekSeq>3</GreekSeq></word><word seq="6">I would<GreekSeq>6</GreekSeq></word><word seq="7">rather</word><word seq="8">not<GreekSeq>5</GreekSeq></word><word seq="9">use<GreekSeq>7</GreekSeq></word><word seq="10">paper<GreekSeq>8</GreekSeq></word><word seq="11">and<GreekSeq>9</GreekSeq></word><word seq="12">ink.<GreekSeq>10</GreekSeq></word><word seq="13">Instead<GreekSeq>11</GreekSeq></word><word seq="14">I hope<GreekSeq>12</GreekSeq></word><word seq="15" note="Base of different Greek: ἐλθεῖν(2064)">to come<GreekSeq>13</GreekSeq></word><word seq="16">to<GreekSeq>14</GreekSeq></word><word seq="17">you<GreekSeq>15</GreekSeq></word><word seq="18">and<GreekSeq>16</GreekSeq></word><word seq="19">talk<GreekSeq>20</GreekSeq></word><word seq="20">face<GreekSeq>17</GreekSeq></word><word seq="21">to<GreekSeq>18</GreekSeq></word><word seq="22">face,<GreekSeq>19</GreekSeq></word><word seq="23">so that<GreekSeq>21</GreekSeq></word><word seq="24">our<GreekSeq>24</GreekSeq></word><word seq="25">joy<GreekSeq>23</GreekSeq></word><word seq="26">may be<GreekSeq>26</GreekSeq></word><word seq="27">complete.<GreekSeq>25</GreekSeq></word></ESV></verse>
<verse number="13"><ESV><word seq="1">The<GreekSeq>3</GreekSeq></word><word seq="2">children<GreekSeq>4</GreekSeq></word><word seq="3">of<GreekSeq>9</GreekSeq></word><word seq="4">your<GreekSeq>7</GreekSeq></word><word seq="5">elect<GreekSeq>9</GreekSeq></word><word seq="6">sister<GreekSeq>6</GreekSeq></word><word seq="7">greet<GreekSeq>1</GreekSeq></word><word seq="8">you.<GreekSeq>2</GreekSeq></word></ESV></verse></chapter></book>