<?xml version="1.0" encoding="UTF-8" standalone="no"?><book><chapter number="2">'<verse number="1"><ESV><word seq="1">But<GreekSeq>2</GreekSeq></word><word seq="2">false prophets<GreekSeq>4</GreekSeq></word><word seq="3">also<GreekSeq>3</GreekSeq></word><word seq="4">arose<GreekSeq>1</GreekSeq></word><word seq="5">among<GreekSeq>5</GreekSeq></word><word seq="6">the<GreekSeq>6</GreekSeq></word><word seq="7">people,<GreekSeq>7</GreekSeq></word><word seq="8">just<GreekSeq>9</GreekSeq></word><word seq="9">as<GreekSeq>8</GreekSeq></word><word seq="10">there will be<GreekSeq>12</GreekSeq></word><word seq="11">false teachers<GreekSeq>13</GreekSeq></word><word seq="12">among<GreekSeq>10</GreekSeq></word><word seq="13">you,<GreekSeq>11</GreekSeq></word><word seq="14">who<GreekSeq>14</GreekSeq></word><word seq="15">will secretly bring in<GreekSeq>15</GreekSeq></word><word seq="16">destructive<GreekSeq>17</GreekSeq></word><word seq="17">heresies,<GreekSeq>16</GreekSeq></word><word seq="18">even<GreekSeq>18</GreekSeq></word><word seq="19">denying<GreekSeq>23</GreekSeq></word><word seq="20">the<GreekSeq>19</GreekSeq></word><word seq="21">Master<GreekSeq>22</GreekSeq></word><word seq="22">who bought<GreekSeq>20</GreekSeq></word><word seq="23">them,<GreekSeq>21</GreekSeq></word><word seq="24">bringing<GreekSeq>24</GreekSeq></word><word seq="25">upon themselves<GreekSeq>25</GreekSeq></word><word seq="26">swift<GreekSeq>26</GreekSeq></word><word seq="27">destruction.<GreekSeq>27</GreekSeq></word></ESV></verse>
<verse number="2"><ESV><word seq="1">And<GreekSeq>1</GreekSeq></word><word seq="2">many<GreekSeq>2</GreekSeq></word><word seq="3">will follow<GreekSeq>3</GreekSeq></word><word seq="4">their<GreekSeq>4</GreekSeq></word><word seq="5">sensuality,<GreekSeq>6</GreekSeq></word><word seq="6">and</word><word seq="7">because of<GreekSeq>7</GreekSeq></word><word seq="8">them<GreekSeq>8</GreekSeq></word><word seq="9">the<GreekSeq>9</GreekSeq></word><word seq="10">way<GreekSeq>10</GreekSeq></word><word seq="11">of truth<GreekSeq>12</GreekSeq></word><word seq="12">will be blasphemed.<GreekSeq>13</GreekSeq></word></ESV></verse>
<verse number="3"><ESV><word seq="1">And<GreekSeq>1</GreekSeq></word><word seq="2">in<GreekSeq>2</GreekSeq></word><word seq="3">their</word><word seq="4">greed<GreekSeq>3</GreekSeq></word><word seq="5">they will exploit<GreekSeq>7</GreekSeq></word><word seq="6">you<GreekSeq>6</GreekSeq></word><word seq="7">with false<GreekSeq>4</GreekSeq></word><word seq="8">words.<GreekSeq>5</GreekSeq></word><word seq="9">Their<GreekSeq>8</GreekSeq></word><word seq="10">condemnation<GreekSeq>10</GreekSeq></word><word seq="11">from long ago<GreekSeq>11</GreekSeq></word><word seq="12">is<GreekSeq>13</GreekSeq></word><word seq="13">not<GreekSeq>12</GreekSeq></word><word seq="14">idle,<GreekSeq>13</GreekSeq></word><word seq="15">and<GreekSeq>14</GreekSeq></word><word seq="16">their<GreekSeq>17</GreekSeq></word><word seq="17">destruction<GreekSeq>16</GreekSeq></word><word seq="18">is<GreekSeq>19</GreekSeq></word><word seq="19">not<GreekSeq>18</GreekSeq></word><word seq="20">asleep.<GreekSeq>19</GreekSeq></word></ESV></verse>
<verse number="4"><ESV><word seq="1">For<GreekSeq>2</GreekSeq></word><word seq="2">if<GreekSeq>1</GreekSeq></word><word seq="3">God<GreekSeq>4</GreekSeq></word><word seq="4">did</word><word seq="5">not<GreekSeq>7</GreekSeq></word><word seq="6">spare<GreekSeq>8</GreekSeq></word><word seq="7">angels<GreekSeq>5</GreekSeq></word><word seq="8">when they sinned,<GreekSeq>6</GreekSeq></word><word seq="9">but<GreekSeq>9</GreekSeq></word><word seq="10">cast [them] into hell<GreekSeq>12</GreekSeq></word><word seq="11">and</word><word seq="12">committed<GreekSeq>13</GreekSeq></word><word seq="13">them</word><word seq="14">to chains<GreekSeq>10</GreekSeq></word><word seq="15">of gloomy darkness<GreekSeq>11</GreekSeq></word><word seq="16">to be kept<GreekSeq>16</GreekSeq></word><word seq="17">until<GreekSeq>14</GreekSeq></word><word seq="18">the judgment;<GreekSeq>15</GreekSeq></word></ESV></verse>
<verse number="5"><ESV><word seq="1">if</word><word seq="2">he did<GreekSeq>5</GreekSeq></word><word seq="3">not<GreekSeq>4</GreekSeq></word><word seq="4">spare<GreekSeq>5</GreekSeq></word><word seq="5">the</word><word seq="6">ancient<GreekSeq>2</GreekSeq></word><word seq="7">world,<GreekSeq>3</GreekSeq></word><word seq="8">but<GreekSeq>6</GreekSeq></word><word seq="9">preserved<GreekSeq>11</GreekSeq></word><word seq="10">Noah,<GreekSeq>8</GreekSeq></word><word seq="11">a herald<GreekSeq>10</GreekSeq></word><word seq="12">of righteousness,<GreekSeq>9</GreekSeq></word><word seq="13">[with seven others],<GreekSeq>7</GreekSeq></word><word seq="14">when he brought<GreekSeq>15</GreekSeq></word><word seq="15">a flood<GreekSeq>12</GreekSeq></word><word seq="16">upon the world<GreekSeq>13</GreekSeq></word><word seq="17">of the ungodly;<GreekSeq>14</GreekSeq></word></ESV></verse>
<verse number="6"><ESV><word seq="1">if</word><word seq="2">by turning<GreekSeq>6</GreekSeq></word><word seq="3">the cities<GreekSeq>2</GreekSeq></word><word seq="4">of Sodom<GreekSeq>3</GreekSeq></word><word seq="5">and<GreekSeq>4</GreekSeq></word><word seq="6">Gomorrah<GreekSeq>5</GreekSeq></word><word seq="7">to ashes<GreekSeq>6</GreekSeq></word><word seq="8">he condemned<GreekSeq>8</GreekSeq></word><word seq="9">them</word><word seq="10">to extinction,<GreekSeq>7</GreekSeq></word><word seq="11">making<GreekSeq>12</GreekSeq></word><word seq="12">them</word><word seq="13">an example<GreekSeq>9</GreekSeq></word><word seq="14">of what is going to [happen]<GreekSeq>10</GreekSeq></word><word seq="15">to [the] ungodly;<GreekSeq>11</GreekSeq></word></ESV></verse>
<verse number="7"><ESV><word seq="1">and<GreekSeq>1</GreekSeq></word><word seq="2">if</word><word seq="3">he rescued<GreekSeq>12</GreekSeq></word><word seq="4">righteous<GreekSeq>2</GreekSeq></word><word seq="5">Lot,<GreekSeq>3</GreekSeq></word><word seq="6">greatly distressed<GreekSeq>4</GreekSeq></word><word seq="7">by<GreekSeq>9</GreekSeq></word><word seq="8">the<GreekSeq>6</GreekSeq></word><word seq="9">sensual<GreekSeq>10</GreekSeq></word><word seq="10">conduct<GreekSeq>11</GreekSeq></word><word seq="11">of<GreekSeq>5</GreekSeq></word><word seq="12">the<GreekSeq>7</GreekSeq></word><word seq="13">wicked<GreekSeq>8</GreekSeq></word></ESV></verse>
<verse number="8"><ESV><word seq="1">(for<GreekSeq>2</GreekSeq></word><word seq="2">as</word><word seq="3">that<GreekSeq>5</GreekSeq></word><word seq="4">righteous<GreekSeq>6</GreekSeq></word><word seq="5">man lived<GreekSeq>7</GreekSeq></word><word seq="6">among<GreekSeq>8</GreekSeq></word><word seq="7">them<GreekSeq>9</GreekSeq></word><word seq="8">day<GreekSeq>10</GreekSeq></word><word seq="9">after<GreekSeq>11</GreekSeq></word><word seq="10">day,<GreekSeq>12</GreekSeq></word><word seq="11">he was tormenting<GreekSeq>17</GreekSeq></word><word seq="12">his</word><word seq="13">righteous<GreekSeq>14</GreekSeq></word><word seq="14">soul<GreekSeq>13</GreekSeq></word><word seq="15">over [their] lawless<GreekSeq>15</GreekSeq></word><word seq="16">deeds<GreekSeq>16</GreekSeq></word><word seq="17">that he saw<GreekSeq>1</GreekSeq></word><word seq="18">and<GreekSeq>3</GreekSeq></word><word seq="19">heard );<GreekSeq>4</GreekSeq></word></ESV></verse>
<verse number="9"><ESV><word seq="1">then</word><word seq="2">the Lord<GreekSeq>2</GreekSeq></word><word seq="3">knows<GreekSeq>1</GreekSeq></word><word seq="4">how</word><word seq="5">to rescue<GreekSeq>6</GreekSeq></word><word seq="6">the</word><word seq="7">godly<GreekSeq>3</GreekSeq></word><word seq="8">from<GreekSeq>4</GreekSeq></word><word seq="9">trials,<GreekSeq>5</GreekSeq></word><word seq="10">and<GreekSeq>8</GreekSeq></word><word seq="11">to keep<GreekSeq>13</GreekSeq></word><word seq="12">the unrighteous<GreekSeq>7</GreekSeq></word><word seq="13">under punishment<GreekSeq>12</GreekSeq></word><word seq="14">until<GreekSeq>9</GreekSeq></word><word seq="15">the day<GreekSeq>10</GreekSeq></word><word seq="16">of judgment,<GreekSeq>11</GreekSeq></word></ESV></verse>
<verse number="10"><ESV><word seq="1">and<GreekSeq>2</GreekSeq></word><word seq="2">especially<GreekSeq>1</GreekSeq></word><word seq="3">those<GreekSeq>3</GreekSeq></word><word seq="4">who indulge<GreekSeq>9</GreekSeq></word><word seq="5">in<GreekSeq>6</GreekSeq></word><word seq="6">the lust<GreekSeq>7</GreekSeq></word><word seq="7">of defiling<GreekSeq>8</GreekSeq></word><word seq="8">passion<GreekSeq>5</GreekSeq></word><word seq="9">and<GreekSeq>10</GreekSeq></word><word seq="10">despise<GreekSeq>12</GreekSeq></word><word seq="11">authority.<GreekSeq>11</GreekSeq></word><word seq="12">Bold<GreekSeq>13</GreekSeq></word><word seq="13">and</word><word seq="14">willful,<GreekSeq>14</GreekSeq></word><word seq="15">they do<GreekSeq>17</GreekSeq></word><word seq="16">not<GreekSeq>16</GreekSeq></word><word seq="17">tremble<GreekSeq>17</GreekSeq></word><word seq="18">as they blaspheme<GreekSeq>18</GreekSeq></word><word seq="19">the glorious ones,<GreekSeq>15</GreekSeq></word></ESV></verse>
<verse number="11"><ESV><word seq="1">whereas<GreekSeq>1</GreekSeq></word><word seq="2">angels,<GreekSeq>2</GreekSeq></word><word seq="3">though</word><word seq="4">greater<GreekSeq>6</GreekSeq></word><word seq="5">in might<GreekSeq>3</GreekSeq></word><word seq="6">and<GreekSeq>4</GreekSeq></word><word seq="7">power,<GreekSeq>5</GreekSeq></word><word seq="8">do</word><word seq="9">not<GreekSeq>8</GreekSeq></word><word seq="10">pronounce<GreekSeq>9</GreekSeq></word><word seq="11">a blasphemous<GreekSeq>14</GreekSeq></word><word seq="12">judgment<GreekSeq>15</GreekSeq></word><word seq="13">against<GreekSeq>10</GreekSeq></word><word seq="14">them<GreekSeq>11</GreekSeq></word><word seq="15">before<GreekSeq>12</GreekSeq></word><word seq="16">the Lord.<GreekSeq>13</GreekSeq></word></ESV></verse>
<verse number="12"><ESV><word seq="1">But<GreekSeq>2</GreekSeq></word><word seq="2">these,<GreekSeq>1</GreekSeq></word><word seq="3">like<GreekSeq>3</GreekSeq></word><word seq="4">irrational<GreekSeq>4</GreekSeq></word><word seq="5">animals, creatures<GreekSeq>5</GreekSeq></word><word seq="6">of instinct,<GreekSeq>7</GreekSeq></word><word seq="7">born<GreekSeq>6</GreekSeq></word><word seq="8">to<GreekSeq>8</GreekSeq></word><word seq="9">be caught<GreekSeq>9</GreekSeq></word><word seq="10">and<GreekSeq>10</GreekSeq></word><word seq="11">destroyed,<GreekSeq>11</GreekSeq></word><word seq="12">blaspheming<GreekSeq>15</GreekSeq></word><word seq="13">about<GreekSeq>12</GreekSeq></word><word seq="14">matters of which<GreekSeq>13</GreekSeq></word><word seq="15">they are ignorant,<GreekSeq>14</GreekSeq></word><word seq="16">will<GreekSeq>21</GreekSeq></word><word seq="17">also<GreekSeq>20</GreekSeq></word><word seq="18">be destroyed<GreekSeq>21</GreekSeq></word><word seq="19">in<GreekSeq>16</GreekSeq></word><word seq="20">their<GreekSeq>19</GreekSeq></word><word seq="21">destruction,<GreekSeq>18</GreekSeq></word></ESV></verse>
<verse number="13"><ESV><word seq="1">suffering wrong<GreekSeq>1</GreekSeq></word><word seq="2">as the wage<GreekSeq>2</GreekSeq></word><word seq="3">for their</word><word seq="4">wrongdoing.<GreekSeq>3</GreekSeq></word><word seq="5">They count<GreekSeq>5</GreekSeq></word><word seq="6">it</word><word seq="7">pleasure<GreekSeq>4</GreekSeq></word><word seq="8">to revel<GreekSeq>9</GreekSeq></word><word seq="9">in<GreekSeq>7</GreekSeq></word><word seq="10">the daytime.<GreekSeq>8</GreekSeq></word><word seq="11">They are</word><word seq="12">blots<GreekSeq>10</GreekSeq></word><word seq="13">and<GreekSeq>11</GreekSeq></word><word seq="14">blemishes,<GreekSeq>12</GreekSeq></word><word seq="15">reveling<GreekSeq>13</GreekSeq></word><word seq="16">in<GreekSeq>14</GreekSeq></word><word seq="17">their<GreekSeq>17</GreekSeq></word><word seq="18">deceptions,<GreekSeq>16</GreekSeq></word><word seq="19">while they feast<GreekSeq>18</GreekSeq></word><word seq="20">with you.<GreekSeq>19</GreekSeq></word></ESV></verse>
<verse number="14"><ESV><word seq="1">They have<GreekSeq>2</GreekSeq></word><word seq="2">eyes<GreekSeq>1</GreekSeq></word><word seq="3">full<GreekSeq>3</GreekSeq></word><word seq="4">of adultery,<GreekSeq>4</GreekSeq></word><word seq="5">insatiable for<GreekSeq>6</GreekSeq></word><word seq="6">sin.<GreekSeq>7</GreekSeq></word><word seq="7">They entice<GreekSeq>8</GreekSeq></word><word seq="8">unsteady<GreekSeq>10</GreekSeq></word><word seq="9">souls.<GreekSeq>9</GreekSeq></word><word seq="10">They have<GreekSeq>14</GreekSeq></word><word seq="11">hearts<GreekSeq>11</GreekSeq></word><word seq="12">trained<GreekSeq>12</GreekSeq></word><word seq="13">in greed.<GreekSeq>13</GreekSeq></word><word seq="14">Accursed<GreekSeq>15</GreekSeq></word><word seq="15">children!<GreekSeq>16</GreekSeq></word></ESV></verse>
<verse number="15"><ESV><word seq="1">Forsaking<GreekSeq>1</GreekSeq></word><word seq="2">the</word><word seq="3">right<GreekSeq>2</GreekSeq></word><word seq="4">way,<GreekSeq>3</GreekSeq></word><word seq="5">they have gone astray.<GreekSeq>4</GreekSeq></word><word seq="6">They have followed<GreekSeq>5</GreekSeq></word><word seq="7">the<GreekSeq>6</GreekSeq></word><word seq="8">way<GreekSeq>7</GreekSeq></word><word seq="9">of Balaam,<GreekSeq>8</GreekSeq><GreekSeq>9</GreekSeq></word><word seq="10">the [son] of<GreekSeq>10</GreekSeq></word><word seq="11">Beor,<GreekSeq>11</GreekSeq></word><word seq="12">who<GreekSeq>12</GreekSeq></word><word seq="13">loved<GreekSeq>15</GreekSeq></word><word seq="14">gain<GreekSeq>13</GreekSeq></word><word seq="15">from wrong-doing,<GreekSeq>14</GreekSeq></word></ESV></verse>
<verse number="16"><ESV><word seq="1">but<GreekSeq>2</GreekSeq></word><word seq="2">was rebuked for<GreekSeq>1</GreekSeq><GreekSeq>3</GreekSeq></word><word seq="3">his own<GreekSeq>4</GreekSeq></word><word seq="4">transgression;<GreekSeq>5</GreekSeq></word><word seq="5">a speechless<GreekSeq>7</GreekSeq></word><word seq="6">donkey<GreekSeq>6</GreekSeq></word><word seq="7">spoke<GreekSeq>11</GreekSeq></word><word seq="8">with<GreekSeq>8</GreekSeq></word><word seq="9">human<GreekSeq>9</GreekSeq></word><word seq="10">voice<GreekSeq>10</GreekSeq></word><word seq="11">and</word><word seq="12">restrained<GreekSeq>12</GreekSeq></word><word seq="13">the<GreekSeq>13</GreekSeq></word><word seq="14">prophet’s<GreekSeq>15</GreekSeq></word><word seq="15">madness.<GreekSeq>16</GreekSeq></word></ESV></verse>
<verse number="17"><ESV><word seq="1">These<GreekSeq>1</GreekSeq></word><word seq="2">are<GreekSeq>2</GreekSeq></word><word seq="3">waterless<GreekSeq>4</GreekSeq></word><word seq="4">springs<GreekSeq>3</GreekSeq></word><word seq="5">and<GreekSeq>5</GreekSeq></word><word seq="6">mists<GreekSeq>6</GreekSeq></word><word seq="7">driven<GreekSeq>9</GreekSeq></word><word seq="8">by<GreekSeq>7</GreekSeq></word><word seq="9">a storm.<GreekSeq>8</GreekSeq></word><word seq="10">For them<GreekSeq>10</GreekSeq></word><word seq="11">the<GreekSeq>11</GreekSeq></word><word seq="12">gloom<GreekSeq>12</GreekSeq></word><word seq="13">of [utter] darkness<GreekSeq>14</GreekSeq></word><word seq="14">has been reserved.<GreekSeq>15</GreekSeq></word></ESV></verse>
<verse number="18"><ESV><word seq="1">For,<GreekSeq>2</GreekSeq></word><word seq="2">speaking<GreekSeq>4</GreekSeq></word><word seq="3">loud boasts<GreekSeq>1</GreekSeq></word><word seq="4">of folly,<GreekSeq>3</GreekSeq></word><word seq="5">they entice<GreekSeq>5</GreekSeq></word><word seq="6">by<GreekSeq>6</GreekSeq></word><word seq="7">sensual<GreekSeq>7</GreekSeq></word><word seq="8">passions<GreekSeq>9</GreekSeq></word><word seq="9">of the flesh<GreekSeq>8</GreekSeq></word><word seq="10">those<GreekSeq>10</GreekSeq></word><word seq="11">who are<GreekSeq>12</GreekSeq></word><word seq="12">barely<GreekSeq>11</GreekSeq></word><word seq="13">escaping from<GreekSeq>12</GreekSeq></word><word seq="14">those<GreekSeq>13</GreekSeq></word><word seq="15">who live<GreekSeq>16</GreekSeq></word><word seq="16">in<GreekSeq>14</GreekSeq></word><word seq="17">error.<GreekSeq>15</GreekSeq></word></ESV></verse>
<verse number="19"><ESV><word seq="1">They promise<GreekSeq>3</GreekSeq></word><word seq="2">them<GreekSeq>2</GreekSeq></word><word seq="3">freedom,<GreekSeq>1</GreekSeq></word><word seq="4">but</word><word seq="5">they themselves<GreekSeq>4</GreekSeq></word><word seq="6">are<GreekSeq>6</GreekSeq></word><word seq="7">slaves<GreekSeq>5</GreekSeq></word><word seq="8">of corruption.<GreekSeq>8</GreekSeq></word><word seq="9">For<GreekSeq>10</GreekSeq></word><word seq="10">whatever<GreekSeq>11</GreekSeq></word><word seq="11">overcomes<GreekSeq>12</GreekSeq></word><word seq="12">a person,<GreekSeq>9</GreekSeq></word><word seq="13">to that<GreekSeq>13</GreekSeq></word><word seq="14">he is enslaved.<GreekSeq>14</GreekSeq></word></ESV></verse>
<verse number="20"><ESV><word seq="1">For<GreekSeq>2</GreekSeq></word><word seq="2">if,<GreekSeq>1</GreekSeq></word><word seq="3">after they have escaped<GreekSeq>3</GreekSeq></word><word seq="4">the<GreekSeq>4</GreekSeq></word><word seq="5">defilements<GreekSeq>5</GreekSeq></word><word seq="6">of the<GreekSeq>6</GreekSeq></word><word seq="7">world<GreekSeq>7</GreekSeq></word><word seq="8">through<GreekSeq>8</GreekSeq></word><word seq="9">the knowledge<GreekSeq>9</GreekSeq></word><word seq="10">of<GreekSeq>11</GreekSeq></word><word seq="11">our<GreekSeq>12</GreekSeq></word><word seq="12">Lord<GreekSeq>11</GreekSeq></word><word seq="13">and<GreekSeq>13</GreekSeq></word><word seq="14">Savior<GreekSeq>14</GreekSeq></word><word seq="15">Jesus<GreekSeq>15</GreekSeq></word><word seq="16">Christ,<GreekSeq>16</GreekSeq></word><word seq="17">they are<GreekSeq>21</GreekSeq></word><word seq="18">again<GreekSeq>19</GreekSeq></word><word seq="19">entangled<GreekSeq>20</GreekSeq></word><word seq="20">in them<GreekSeq>17</GreekSeq></word><word seq="21">and</word><word seq="22">overcome,<GreekSeq>21</GreekSeq></word><word seq="23">the<GreekSeq>24</GreekSeq></word><word seq="24">last state<GreekSeq>25</GreekSeq></word><word seq="25">has become<GreekSeq>22</GreekSeq></word><word seq="26">worse<GreekSeq>26</GreekSeq></word><word seq="27">for them<GreekSeq>23</GreekSeq></word><word seq="28">than<GreekSeq>26</GreekSeq></word><word seq="29">the<GreekSeq>27</GreekSeq></word><word seq="30">first.<GreekSeq>28</GreekSeq></word></ESV></verse>
<verse number="21"><ESV><word seq="1">For<GreekSeq>2</GreekSeq></word><word seq="2">it would have been<GreekSeq>3</GreekSeq></word><word seq="3">better<GreekSeq>1</GreekSeq></word><word seq="4">for them<GreekSeq>4</GreekSeq></word><word seq="5">never<GreekSeq>5</GreekSeq></word><word seq="6">to have known<GreekSeq>6</GreekSeq></word><word seq="7">the<GreekSeq>7</GreekSeq></word><word seq="8">way<GreekSeq>8</GreekSeq></word><word seq="9">of righteousness<GreekSeq>10</GreekSeq></word><word seq="10">than<GreekSeq>11</GreekSeq></word><word seq="11">[after] knowing<GreekSeq>12</GreekSeq></word><word seq="12">it</word><word seq="13">to turn back<GreekSeq>13</GreekSeq></word><word seq="14">from<GreekSeq>14</GreekSeq></word><word seq="15">the<GreekSeq>15</GreekSeq></word><word seq="16">holy<GreekSeq>18</GreekSeq></word><word seq="17">commandment<GreekSeq>19</GreekSeq></word><word seq="18">delivered<GreekSeq>16</GreekSeq></word><word seq="19">to them.<GreekSeq>17</GreekSeq></word></ESV></verse>
<verse number="22"><ESV><word seq="1">What<GreekSeq>3</GreekSeq></word><word seq="2">the<GreekSeq>4</GreekSeq></word><word seq="3">true<GreekSeq>5</GreekSeq></word><word seq="4">proverb<GreekSeq>6</GreekSeq></word><word seq="5">says</word><word seq="6">has happened<GreekSeq>1</GreekSeq></word><word seq="7">to them:<GreekSeq>2</GreekSeq></word><word seq="8">The dog<GreekSeq>7</GreekSeq></word><word seq="9">returns<GreekSeq>8</GreekSeq></word><word seq="10">to<GreekSeq>9</GreekSeq></word><word seq="11">its own<GreekSeq>11</GreekSeq></word><word seq="12">vomit,<GreekSeq>12</GreekSeq></word><word seq="13">and<GreekSeq>13</GreekSeq></word><word seq="14">the sow,<GreekSeq>14</GreekSeq></word><word seq="15">after washing herself,<GreekSeq>15</GreekSeq></word><word seq="16">[returns]<GreekSeq>16</GreekSeq></word><word seq="17">to wallow<GreekSeq>17</GreekSeq></word><word seq="18">in the mire.<GreekSeq>18</GreekSeq></word></ESV></verse></chapter></book>