<?xml version="1.0" encoding="UTF-8" standalone="no"?><book><chapter number="1">'<verse number="1"><ESV><word seq="1">Simeon<GreekSeq>1</GreekSeq></word><word seq="2">Peter,<GreekSeq>2</GreekSeq></word><word seq="3">a servant<GreekSeq>3</GreekSeq></word><word seq="4">and<GreekSeq>4</GreekSeq></word><word seq="5">apostle<GreekSeq>5</GreekSeq></word><word seq="6">of Jesus<GreekSeq>6</GreekSeq></word><word seq="7">Christ,<GreekSeq>7</GreekSeq></word><word seq="8">To those<GreekSeq>8</GreekSeq></word><word seq="9">who have obtained<GreekSeq>11</GreekSeq></word><word seq="10">a faith<GreekSeq>12</GreekSeq></word><word seq="11">of</word><word seq="12">equal standing<GreekSeq>9</GreekSeq></word><word seq="13">with ours<GreekSeq>10</GreekSeq></word><word seq="14">by<GreekSeq>13</GreekSeq></word><word seq="15">the righteousness<GreekSeq>14</GreekSeq></word><word seq="16">of<GreekSeq>16</GreekSeq></word><word seq="17">our<GreekSeq>17</GreekSeq></word><word seq="18">God<GreekSeq>16</GreekSeq></word><word seq="19">and<GreekSeq>18</GreekSeq></word><word seq="20">Savior<GreekSeq>19</GreekSeq></word><word seq="21">Jesus<GreekSeq>20</GreekSeq></word><word seq="22">Christ:<GreekSeq>21</GreekSeq></word></ESV></verse>
<verse number="2"><ESV><word seq="1">May<GreekSeq>5</GreekSeq></word><word seq="2">grace<GreekSeq>1</GreekSeq></word><word seq="3">and<GreekSeq>3</GreekSeq></word><word seq="4">peace<GreekSeq>4</GreekSeq></word><word seq="5">be multiplied<GreekSeq>5</GreekSeq></word><word seq="6">to you<GreekSeq>2</GreekSeq></word><word seq="7">in<GreekSeq>6</GreekSeq></word><word seq="8">the knowledge<GreekSeq>7</GreekSeq></word><word seq="9">of God<GreekSeq>9</GreekSeq></word><word seq="10">and<GreekSeq>10</GreekSeq></word><word seq="11">of Jesus<GreekSeq>11</GreekSeq></word><word seq="12">our<GreekSeq>14</GreekSeq></word><word seq="13">Lord.<GreekSeq>13</GreekSeq></word></ESV></verse>
<verse number="3"><ESV><word seq="1">His<GreekSeq>7</GreekSeq></word><word seq="2">divine<GreekSeq>5</GreekSeq></word><word seq="3">power<GreekSeq>6</GreekSeq></word><word seq="4">has granted<GreekSeq>13</GreekSeq></word><word seq="5">to us<GreekSeq>3</GreekSeq></word><word seq="6">all<GreekSeq>2</GreekSeq></word><word seq="7">things<GreekSeq>8</GreekSeq></word><word seq="8">that pertain</word><word seq="9">to<GreekSeq>9</GreekSeq></word><word seq="10">life<GreekSeq>10</GreekSeq></word><word seq="11">and<GreekSeq>11</GreekSeq></word><word seq="12">godliness,<GreekSeq>12</GreekSeq></word><word seq="13">through<GreekSeq>14</GreekSeq></word><word seq="14">the<GreekSeq>15</GreekSeq></word><word seq="15">knowledge of<GreekSeq>16</GreekSeq></word><word seq="16">him<GreekSeq>17</GreekSeq></word><word seq="17">who called<GreekSeq>18</GreekSeq></word><word seq="18">us<GreekSeq>19</GreekSeq></word><word seq="19">to his own<GreekSeq>20</GreekSeq></word><word seq="20">glory<GreekSeq>21</GreekSeq></word><word seq="21">and<GreekSeq>22</GreekSeq></word><word seq="22">excellence,<GreekSeq>23</GreekSeq></word></ESV></verse>
<verse number="4"><ESV><word seq="1">by<GreekSeq>1</GreekSeq></word><word seq="2">which<GreekSeq>2</GreekSeq></word><word seq="3">he has granted<GreekSeq>9</GreekSeq></word><word seq="4">to us<GreekSeq>7</GreekSeq></word><word seq="5">his</word><word seq="6">precious<GreekSeq>4</GreekSeq></word><word seq="7">and<GreekSeq>5</GreekSeq></word><word seq="8">very great<GreekSeq>6</GreekSeq></word><word seq="9">promises,<GreekSeq>8</GreekSeq></word><word seq="10">so that<GreekSeq>10</GreekSeq></word><word seq="11">through<GreekSeq>11</GreekSeq></word><word seq="12">them<GreekSeq>12</GreekSeq></word><word seq="13">you may become<GreekSeq>13</GreekSeq></word><word seq="14">partakers<GreekSeq>15</GreekSeq></word><word seq="15">of the<GreekSeq>16</GreekSeq></word><word seq="16">divine<GreekSeq>14</GreekSeq></word><word seq="17">nature,<GreekSeq>16</GreekSeq></word><word seq="18">having escaped from<GreekSeq>17</GreekSeq></word><word seq="19">the<GreekSeq>18</GreekSeq></word><word seq="20">corruption<GreekSeq>24</GreekSeq></word><word seq="21">that is</word><word seq="22">in<GreekSeq>19</GreekSeq></word><word seq="23">the<GreekSeq>20</GreekSeq></word><word seq="24">world<GreekSeq>21</GreekSeq></word><word seq="25">because of<GreekSeq>22</GreekSeq></word><word seq="26">sinful desire.<GreekSeq>23</GreekSeq></word></ESV></verse>
<verse number="5"><ESV><word seq="1">For this very reason,<GreekSeq>2</GreekSeq><GreekSeq>3</GreekSeq></word><word seq="2">make<GreekSeq>7</GreekSeq></word><word seq="3">every<GreekSeq>6</GreekSeq></word><word seq="4">effort<GreekSeq>5</GreekSeq></word><word seq="5">to supplement<GreekSeq>8</GreekSeq></word><word seq="6">your<GreekSeq>12</GreekSeq></word><word seq="7">faith<GreekSeq>11</GreekSeq></word><word seq="8">with virtue,<GreekSeq>14</GreekSeq></word><word seq="9">and<GreekSeq>16</GreekSeq></word><word seq="10">virtue<GreekSeq>18</GreekSeq></word><word seq="11">with knowledge,<GreekSeq>20</GreekSeq></word></ESV></verse>
<verse number="6"><ESV><word seq="1">and<GreekSeq>2</GreekSeq></word><word seq="2">knowledge<GreekSeq>4</GreekSeq></word><word seq="3">with self-control,<GreekSeq>6</GreekSeq></word><word seq="4">and<GreekSeq>8</GreekSeq></word><word seq="5">self-control<GreekSeq>10</GreekSeq></word><word seq="6">with steadfastness,<GreekSeq>12</GreekSeq></word><word seq="7">and<GreekSeq>14</GreekSeq></word><word seq="8">steadfastness<GreekSeq>16</GreekSeq></word><word seq="9">with godliness,<GreekSeq>18</GreekSeq></word></ESV></verse>
<verse number="7"><ESV><word seq="1">and<GreekSeq>2</GreekSeq></word><word seq="2">godliness<GreekSeq>4</GreekSeq></word><word seq="3">with brotherly affection,<GreekSeq>6</GreekSeq></word><word seq="4">and<GreekSeq>8</GreekSeq></word><word seq="5">brotherly affection<GreekSeq>10</GreekSeq></word><word seq="6">with love.<GreekSeq>12</GreekSeq></word></ESV></verse>
<verse number="8"><ESV><word seq="1">For<GreekSeq>2</GreekSeq></word><word seq="2">if</word><word seq="3">these [qualities]<GreekSeq>1</GreekSeq></word><word seq="4">are<GreekSeq>4</GreekSeq></word><word seq="5">yours<GreekSeq>3</GreekSeq></word><word seq="6">and<GreekSeq>5</GreekSeq></word><word seq="7">are increasing,<GreekSeq>6</GreekSeq></word><word seq="8">they keep<GreekSeq>11</GreekSeq></word><word seq="9">you</word><word seq="10">from<GreekSeq>7</GreekSeq></word><word seq="11">being ineffective<GreekSeq>8</GreekSeq></word><word seq="12">or<GreekSeq>9</GreekSeq></word><word seq="13">unfruitful<GreekSeq>10</GreekSeq></word><word seq="14">in<GreekSeq>12</GreekSeq></word><word seq="15">the<GreekSeq>13</GreekSeq></word><word seq="16">knowledge<GreekSeq>19</GreekSeq></word><word seq="17">of<GreekSeq>15</GreekSeq></word><word seq="18">our<GreekSeq>16</GreekSeq></word><word seq="19">Lord<GreekSeq>15</GreekSeq></word><word seq="20">Jesus<GreekSeq>17</GreekSeq></word><word seq="21">Christ.<GreekSeq>18</GreekSeq></word></ESV></verse>
<verse number="9"><ESV><word seq="1">For<GreekSeq>2</GreekSeq></word><word seq="2">whoever<GreekSeq>1</GreekSeq></word><word seq="3">lacks<GreekSeq>3</GreekSeq><GreekSeq>4</GreekSeq></word><word seq="4">these [qualities]<GreekSeq>5</GreekSeq></word><word seq="5">is<GreekSeq>7</GreekSeq></word><word seq="6">so</word><word seq="7">nearsighted<GreekSeq>8</GreekSeq></word><word seq="8">that he is</word><word seq="9">blind,<GreekSeq>6</GreekSeq></word><word seq="10">having forgotten<GreekSeq>9</GreekSeq></word><word seq="11">that he was<GreekSeq>10</GreekSeq></word><word seq="12">cleansed from<GreekSeq>12</GreekSeq></word><word seq="13">his<GreekSeq>15</GreekSeq></word><word seq="14">former<GreekSeq>14</GreekSeq></word><word seq="15">sins.<GreekSeq>16</GreekSeq></word></ESV></verse>
<verse number="10"><ESV><word seq="1">Therefore,<GreekSeq>1</GreekSeq></word><word seq="2">brothers,<GreekSeq>3</GreekSeq></word><word seq="3">be<GreekSeq>4</GreekSeq></word><word seq="4">all the more<GreekSeq>2</GreekSeq></word><word seq="5">diligent<GreekSeq>4</GreekSeq></word><word seq="6">to confirm<GreekSeq>5</GreekSeq><GreekSeq>11</GreekSeq></word><word seq="7">your<GreekSeq>6</GreekSeq></word><word seq="8">calling<GreekSeq>8</GreekSeq></word><word seq="9">and<GreekSeq>9</GreekSeq></word><word seq="10">election,<GreekSeq>10</GreekSeq></word><word seq="11">for if<GreekSeq>13</GreekSeq></word><word seq="12">you</word><word seq="13">practice<GreekSeq>14</GreekSeq></word><word seq="14">these [qualities]<GreekSeq>12</GreekSeq></word><word seq="15">you will<GreekSeq>17</GreekSeq></word><word seq="16">never<GreekSeq>15</GreekSeq><GreekSeq>16</GreekSeq><GreekSeq>18</GreekSeq></word><word seq="17">fall.<GreekSeq>17</GreekSeq></word></ESV></verse>
<verse number="11"><ESV><word seq="1">For<GreekSeq>2</GreekSeq></word><word seq="2">in this way<GreekSeq>1</GreekSeq></word><word seq="3">there will be<GreekSeq>4</GreekSeq></word><word seq="4">richly<GreekSeq>3</GreekSeq></word><word seq="5">provided<GreekSeq>4</GreekSeq></word><word seq="6">for you<GreekSeq>5</GreekSeq></word><word seq="7">an<GreekSeq>6</GreekSeq></word><word seq="8">entrance<GreekSeq>7</GreekSeq></word><word seq="9">into<GreekSeq>8</GreekSeq></word><word seq="10">the<GreekSeq>9</GreekSeq></word><word seq="11">eternal<GreekSeq>10</GreekSeq></word><word seq="12">kingdom<GreekSeq>11</GreekSeq></word><word seq="13">of<GreekSeq>13</GreekSeq></word><word seq="14">our<GreekSeq>14</GreekSeq></word><word seq="15">Lord<GreekSeq>13</GreekSeq></word><word seq="16">and<GreekSeq>15</GreekSeq></word><word seq="17">Savior<GreekSeq>16</GreekSeq></word><word seq="18">Jesus<GreekSeq>17</GreekSeq></word><word seq="19">Christ.<GreekSeq>18</GreekSeq></word></ESV></verse>
<verse number="12"><ESV><word seq="1">Therefore<GreekSeq>1</GreekSeq></word><word seq="2">I intend<GreekSeq>2</GreekSeq></word><word seq="3">always<GreekSeq>3</GreekSeq></word><word seq="4">to remind<GreekSeq>5</GreekSeq></word><word seq="5">you<GreekSeq>4</GreekSeq></word><word seq="6">of<GreekSeq>6</GreekSeq></word><word seq="7">these qualities,<GreekSeq>7</GreekSeq></word><word seq="8">though<GreekSeq>8</GreekSeq></word><word seq="9">you</word><word seq="10">know<GreekSeq>9</GreekSeq></word><word seq="11">them</word><word seq="12">and<GreekSeq>10</GreekSeq></word><word seq="13">are established<GreekSeq>11</GreekSeq></word><word seq="14">in<GreekSeq>12</GreekSeq></word><word seq="15">the<GreekSeq>13</GreekSeq></word><word seq="16">truth<GreekSeq>15</GreekSeq></word><word seq="17">that [you] have.<GreekSeq>14</GreekSeq></word></ESV></verse>
<verse number="13"><ESV><word seq="1">I think<GreekSeq>3</GreekSeq></word><word seq="2">it</word><word seq="3">right,<GreekSeq>1</GreekSeq></word><word seq="4">as long as<GreekSeq>4</GreekSeq><GreekSeq>5</GreekSeq></word><word seq="5">I am<GreekSeq>6</GreekSeq></word><word seq="6">in<GreekSeq>7</GreekSeq></word><word seq="7">this<GreekSeq>8</GreekSeq></word><word seq="8">[body],<GreekSeq>10</GreekSeq></word><word seq="9">to stir<GreekSeq>11</GreekSeq></word><word seq="10">you<GreekSeq>12</GreekSeq></word><word seq="11">up<GreekSeq>11</GreekSeq></word><word seq="12">by<GreekSeq>13</GreekSeq></word><word seq="13">[way of] reminder,<GreekSeq>14</GreekSeq></word></ESV></verse>
<verse number="14"><ESV><word seq="1">since<GreekSeq>2</GreekSeq></word><word seq="2">I</word><word seq="3">know<GreekSeq>1</GreekSeq></word><word seq="4">that</word><word seq="5">the<GreekSeq>5</GreekSeq></word><word seq="6">putting off<GreekSeq>6</GreekSeq></word><word seq="7">of<GreekSeq>8</GreekSeq></word><word seq="8">my<GreekSeq>9</GreekSeq></word><word seq="9">[body]<GreekSeq>8</GreekSeq></word><word seq="10">will be<GreekSeq>4</GreekSeq></word><word seq="11">soon,<GreekSeq>3</GreekSeq></word><word seq="12">as<GreekSeq>10</GreekSeq></word><word seq="13">our<GreekSeq>14</GreekSeq></word><word seq="14">Lord<GreekSeq>13</GreekSeq></word><word seq="15">Jesus<GreekSeq>15</GreekSeq></word><word seq="16">Christ<GreekSeq>16</GreekSeq></word><word seq="17">made clear<GreekSeq>17</GreekSeq></word><word seq="18">to me.<GreekSeq>18</GreekSeq></word></ESV></verse>
<verse number="15"><ESV><word seq="1">And<GreekSeq>2</GreekSeq></word><word seq="2">I will make every effort<GreekSeq>1</GreekSeq></word><word seq="3">so that<GreekSeq>3</GreekSeq></word><word seq="4">after<GreekSeq>7</GreekSeq></word><word seq="5">my<GreekSeq>9</GreekSeq></word><word seq="6">departure<GreekSeq>10</GreekSeq></word><word seq="7">you<GreekSeq>6</GreekSeq></word><word seq="8">may be able<GreekSeq>5</GreekSeq></word><word seq="9">at any time<GreekSeq>4</GreekSeq></word><word seq="10">to recall<GreekSeq>13</GreekSeq><GreekSeq>14</GreekSeq></word><word seq="11">these things.<GreekSeq>12</GreekSeq></word></ESV></verse>
<verse number="16"><ESV><word seq="1">For<GreekSeq>2</GreekSeq></word><word seq="2">we did</word><word seq="3">not<GreekSeq>1</GreekSeq></word><word seq="4">follow<GreekSeq>5</GreekSeq></word><word seq="5">cleverly devised<GreekSeq>3</GreekSeq></word><word seq="6">myths<GreekSeq>4</GreekSeq></word><word seq="7">when</word><word seq="8">we made known<GreekSeq>6</GreekSeq></word><word seq="9">to you<GreekSeq>7</GreekSeq></word><word seq="10">the power<GreekSeq>14</GreekSeq></word><word seq="11">and<GreekSeq>15</GreekSeq></word><word seq="12">coming<GreekSeq>16</GreekSeq></word><word seq="13">of<GreekSeq>10</GreekSeq></word><word seq="14">our<GreekSeq>11</GreekSeq></word><word seq="15">Lord<GreekSeq>10</GreekSeq></word><word seq="16">Jesus<GreekSeq>12</GreekSeq></word><word seq="17">Christ,<GreekSeq>13</GreekSeq></word><word seq="18">but<GreekSeq>17</GreekSeq></word><word seq="19">we</word><word seq="20">were<GreekSeq>19</GreekSeq></word><word seq="21">eyewitnesses<GreekSeq>18</GreekSeq></word><word seq="22">of<GreekSeq>22</GreekSeq></word><word seq="23">his<GreekSeq>21</GreekSeq></word><word seq="24">majesty.<GreekSeq>22</GreekSeq></word></ESV></verse>
<verse number="17"><ESV><word seq="1">For<GreekSeq>2</GreekSeq></word><word seq="2">when he received<GreekSeq>1</GreekSeq></word><word seq="3">honor<GreekSeq>6</GreekSeq></word><word seq="4">and<GreekSeq>7</GreekSeq></word><word seq="5">glory<GreekSeq>8</GreekSeq></word><word seq="6">from<GreekSeq>3</GreekSeq></word><word seq="7">God<GreekSeq>4</GreekSeq></word><word seq="8">the Father,<GreekSeq>5</GreekSeq></word><word seq="9">and<GreekSeq>7</GreekSeq></word><word seq="10">the voice<GreekSeq>9</GreekSeq></word><word seq="11">was borne<GreekSeq>10</GreekSeq></word><word seq="12">to him<GreekSeq>11</GreekSeq></word><word seq="13">by<GreekSeq>13</GreekSeq></word><word seq="14">the<GreekSeq>14</GreekSeq></word><word seq="15">Majestic<GreekSeq>15</GreekSeq></word><word seq="16">Glory,<GreekSeq>16</GreekSeq></word><word seq="17">This<GreekSeq>23</GreekSeq></word><word seq="18">is<GreekSeq>24</GreekSeq></word><word seq="19">my<GreekSeq>22</GreekSeq></word><word seq="20">beloved<GreekSeq>21</GreekSeq></word><word seq="21">Son,<GreekSeq>18</GreekSeq></word><word seq="22">with<GreekSeq>25</GreekSeq></word><word seq="23">whom<GreekSeq>26</GreekSeq></word><word seq="24">I<GreekSeq>27</GreekSeq></word><word seq="25">am well pleased,<GreekSeq>28</GreekSeq></word></ESV></verse>
<verse number="18"><ESV><word seq="1">we ourselves<GreekSeq>5</GreekSeq></word><word seq="2">heard<GreekSeq>6</GreekSeq></word><word seq="3">this [very]<GreekSeq>2</GreekSeq></word><word seq="4">voice<GreekSeq>4</GreekSeq></word><word seq="5">borne<GreekSeq>9</GreekSeq></word><word seq="6">from<GreekSeq>7</GreekSeq></word><word seq="7">heaven,<GreekSeq>8</GreekSeq></word><word seq="8">for</word><word seq="9">[we] were<GreekSeq>12</GreekSeq></word><word seq="10">with<GreekSeq>10</GreekSeq></word><word seq="11">him<GreekSeq>11</GreekSeq></word><word seq="12">on<GreekSeq>13</GreekSeq></word><word seq="13">the<GreekSeq>14</GreekSeq></word><word seq="14">holy<GreekSeq>15</GreekSeq></word><word seq="15">mountain.<GreekSeq>16</GreekSeq></word></ESV></verse>
<verse number="19"><ESV><word seq="1">And<GreekSeq>1</GreekSeq></word><word seq="2">we have<GreekSeq>2</GreekSeq></word><word seq="3">the<GreekSeq>4</GreekSeq></word><word seq="4">prophetic<GreekSeq>5</GreekSeq></word><word seq="5">word<GreekSeq>6</GreekSeq></word><word seq="6">more fully confirmed,<GreekSeq>3</GreekSeq></word><word seq="7">to which<GreekSeq>7</GreekSeq></word><word seq="8">you will do<GreekSeq>9</GreekSeq></word><word seq="9">well<GreekSeq>8</GreekSeq></word><word seq="10">to pay attention<GreekSeq>10</GreekSeq></word><word seq="11">as<GreekSeq>11</GreekSeq></word><word seq="12">to a lamp<GreekSeq>12</GreekSeq></word><word seq="13">shining<GreekSeq>13</GreekSeq></word><word seq="14">in<GreekSeq>14</GreekSeq></word><word seq="15">a dark<GreekSeq>15</GreekSeq></word><word seq="16">place,<GreekSeq>16</GreekSeq></word><word seq="17">until<GreekSeq>17</GreekSeq></word><word seq="18">[the]<GreekSeq>18</GreekSeq></word><word seq="19">day<GreekSeq>19</GreekSeq></word><word seq="20">dawns<GreekSeq>20</GreekSeq></word><word seq="21">and<GreekSeq>21</GreekSeq></word><word seq="22">the morning star<GreekSeq>22</GreekSeq></word><word seq="23">rises<GreekSeq>23</GreekSeq></word><word seq="24">in<GreekSeq>24</GreekSeq></word><word seq="25">your<GreekSeq>27</GreekSeq></word><word seq="26">hearts,<GreekSeq>26</GreekSeq></word></ESV></verse>
<verse number="20"><ESV><word seq="1">knowing<GreekSeq>3</GreekSeq></word><word seq="2">this<GreekSeq>1</GreekSeq></word><word seq="3">first [of all],<GreekSeq>2</GreekSeq></word><word seq="4">that<GreekSeq>4</GreekSeq></word><word seq="5">no<GreekSeq>5</GreekSeq><GreekSeq>10</GreekSeq></word><word seq="6">prophecy<GreekSeq>6</GreekSeq></word><word seq="7">of Scripture<GreekSeq>7</GreekSeq></word><word seq="8">comes<GreekSeq>11</GreekSeq></word><word seq="9">from</word><word seq="10">someone’s own<GreekSeq>8</GreekSeq></word><word seq="11">interpretation.<GreekSeq>9</GreekSeq></word></ESV></verse>
<verse number="21"><ESV><word seq="1">For<GreekSeq>2</GreekSeq></word><word seq="2">no<GreekSeq>1</GreekSeq></word><word seq="3">prophecy<GreekSeq>6</GreekSeq></word><word seq="4">was<GreekSeq>5</GreekSeq></word><word seq="5">ever<GreekSeq>7</GreekSeq></word><word seq="6">produced<GreekSeq>5</GreekSeq></word><word seq="7">by the will<GreekSeq>3</GreekSeq></word><word seq="8">of man,<GreekSeq>4</GreekSeq></word><word seq="9">but<GreekSeq>8</GreekSeq></word><word seq="10">men<GreekSeq>16</GreekSeq></word><word seq="11">spoke<GreekSeq>13</GreekSeq></word><word seq="12">from<GreekSeq>14</GreekSeq></word><word seq="13">God<GreekSeq>15</GreekSeq></word><word seq="14">as they were carried along<GreekSeq>12</GreekSeq></word><word seq="15">by<GreekSeq>9</GreekSeq></word><word seq="16">the</word><word seq="17">Holy<GreekSeq>11</GreekSeq></word><word seq="18">Spirit.<GreekSeq>10</GreekSeq></word></ESV></verse></chapter></book>