<?xml version="1.0" encoding="UTF-8" standalone="no"?><book><chapter number="3">'<verse number="1"><ESV><word seq="1">This<GreekSeq>1</GreekSeq></word><word seq="2">is</word><word seq="3">now<GreekSeq>2</GreekSeq></word><word seq="4">the</word><word seq="5">second<GreekSeq>4</GreekSeq></word><word seq="6">letter<GreekSeq>7</GreekSeq></word><word seq="7">that</word><word seq="8">I am writing<GreekSeq>6</GreekSeq></word><word seq="9">to you,<GreekSeq>5</GreekSeq></word><word seq="10">beloved.<GreekSeq>3</GreekSeq></word><word seq="11">In<GreekSeq>8</GreekSeq></word><word seq="12">[both of] them<GreekSeq>9</GreekSeq></word><word seq="13">I am stirring up<GreekSeq>10</GreekSeq></word><word seq="14">your<GreekSeq>11</GreekSeq></word><word seq="15">sincere<GreekSeq>15</GreekSeq></word><word seq="16">mind<GreekSeq>16</GreekSeq></word><word seq="17">by [way of]<GreekSeq>12</GreekSeq></word><word seq="18">reminder,<GreekSeq>13</GreekSeq></word></ESV></verse>
<verse number="2"><ESV><word seq="1">that you</word><word seq="2">should remember<GreekSeq>1</GreekSeq></word><word seq="3">the<GreekSeq>2</GreekSeq></word><word seq="4">[predictions]<GreekSeq>3</GreekSeq><GreekSeq>4</GreekSeq></word><word seq="5">of<GreekSeq>5</GreekSeq></word><word seq="6">the<GreekSeq>6</GreekSeq></word><word seq="7">holy<GreekSeq>7</GreekSeq></word><word seq="8">prophets<GreekSeq>8</GreekSeq></word><word seq="9">and<GreekSeq>9</GreekSeq></word><word seq="10">the<GreekSeq>10</GreekSeq></word><word seq="11">commandment of<GreekSeq>14</GreekSeq></word><word seq="12">the<GreekSeq>15</GreekSeq></word><word seq="13">Lord<GreekSeq>16</GreekSeq></word><word seq="14">and<GreekSeq>17</GreekSeq></word><word seq="15">Savior<GreekSeq>18</GreekSeq></word><word seq="16">through</word><word seq="17">your<GreekSeq>13</GreekSeq></word><word seq="18">apostles,<GreekSeq>12</GreekSeq></word></ESV></verse>
<verse number="3"><ESV><word seq="1">knowing<GreekSeq>3</GreekSeq></word><word seq="2">this<GreekSeq>1</GreekSeq></word><word seq="3">first of all,<GreekSeq>2</GreekSeq></word><word seq="4">that<GreekSeq>4</GreekSeq></word><word seq="5">scoffers<GreekSeq>12</GreekSeq></word><word seq="6">will come<GreekSeq>5</GreekSeq></word><word seq="7">in<GreekSeq>6</GreekSeq></word><word seq="8">the<GreekSeq>8</GreekSeq></word><word seq="9">last<GreekSeq>7</GreekSeq></word><word seq="10">days<GreekSeq>9</GreekSeq></word><word seq="11">with<GreekSeq>10</GreekSeq></word><word seq="12">scoffing,<GreekSeq>11</GreekSeq></word><word seq="13">following<GreekSeq>13</GreekSeq><GreekSeq>18</GreekSeq></word><word seq="14">their<GreekSeq>17</GreekSeq></word><word seq="15">own<GreekSeq>15</GreekSeq></word><word seq="16">sinful desires.<GreekSeq>16</GreekSeq></word></ESV></verse>
<verse number="4"><ESV><word seq="1">They will say,<GreekSeq>2</GreekSeq></word><word seq="2">Where<GreekSeq>3</GreekSeq></word><word seq="3">is<GreekSeq>4</GreekSeq></word><word seq="4">the<GreekSeq>5</GreekSeq></word><word seq="5">promise<GreekSeq>6</GreekSeq></word><word seq="6">of<GreekSeq>8</GreekSeq></word><word seq="7">his<GreekSeq>9</GreekSeq></word><word seq="8">coming?<GreekSeq>8</GreekSeq></word><word seq="9">For<GreekSeq>12</GreekSeq></word><word seq="10">ever since<GreekSeq>10</GreekSeq><GreekSeq>11</GreekSeq></word><word seq="11">the<GreekSeq>13</GreekSeq></word><word seq="12">fathers<GreekSeq>14</GreekSeq></word><word seq="13">fell asleep,<GreekSeq>15</GreekSeq></word><word seq="14">all<GreekSeq>16</GreekSeq></word><word seq="15">things are continuing<GreekSeq>18</GreekSeq></word><word seq="16">as<GreekSeq>17</GreekSeq></word><word seq="17">they were</word><word seq="18">from<GreekSeq>19</GreekSeq></word><word seq="19">the beginning<GreekSeq>20</GreekSeq></word><word seq="20">of creation.<GreekSeq>21</GreekSeq></word></ESV></verse>
<verse number="5"><ESV><word seq="1">For<GreekSeq>2</GreekSeq></word><word seq="2">they<GreekSeq>3</GreekSeq></word><word seq="3">deliberately<GreekSeq>5</GreekSeq></word><word seq="4">overlook<GreekSeq>1</GreekSeq></word><word seq="5">this [fact],<GreekSeq>4</GreekSeq></word><word seq="6">that<GreekSeq>6</GreekSeq></word><word seq="7">the heavens<GreekSeq>7</GreekSeq></word><word seq="8">existed<GreekSeq>8</GreekSeq></word><word seq="9">long ago,<GreekSeq>9</GreekSeq></word><word seq="10">and<GreekSeq>10</GreekSeq></word><word seq="11">the earth<GreekSeq>11</GreekSeq></word><word seq="12">was formed<GreekSeq>17</GreekSeq></word><word seq="13">out of<GreekSeq>12</GreekSeq></word><word seq="14">water<GreekSeq>13</GreekSeq></word><word seq="15">and<GreekSeq>14</GreekSeq></word><word seq="16">through<GreekSeq>15</GreekSeq></word><word seq="17">water<GreekSeq>16</GreekSeq></word><word seq="18">by the<GreekSeq>18</GreekSeq></word><word seq="19">word<GreekSeq>21</GreekSeq></word><word seq="20">of God,<GreekSeq>20</GreekSeq></word></ESV></verse>
<verse number="6"><ESV><word seq="1">and that</word><word seq="2">by means of<GreekSeq>1</GreekSeq></word><word seq="3">these<GreekSeq>2</GreekSeq></word><word seq="4">the<GreekSeq>3</GreekSeq></word><word seq="5">world<GreekSeq>5</GreekSeq></word><word seq="6">that</word><word seq="7">then<GreekSeq>4</GreekSeq></word><word seq="8">existed</word><word seq="9">was deluged<GreekSeq>7</GreekSeq></word><word seq="10">with water<GreekSeq>6</GreekSeq></word><word seq="11">and</word><word seq="12">perished.<GreekSeq>8</GreekSeq></word></ESV></verse>
<verse number="7"><ESV><word seq="1">But<GreekSeq>2</GreekSeq></word><word seq="2">by the<GreekSeq>8</GreekSeq></word><word seq="3">same<GreekSeq>9</GreekSeq></word><word seq="4">word<GreekSeq>10</GreekSeq></word><word seq="5">the<GreekSeq>1</GreekSeq></word><word seq="6">heavens<GreekSeq>4</GreekSeq></word><word seq="7">and<GreekSeq>5</GreekSeq></word><word seq="8">earth<GreekSeq>7</GreekSeq></word><word seq="9">that</word><word seq="10">now<GreekSeq>3</GreekSeq></word><word seq="11">exist</word><word seq="12">are<GreekSeq>12</GreekSeq></word><word seq="13">stored up<GreekSeq>11</GreekSeq></word><word seq="14">for fire,<GreekSeq>13</GreekSeq></word><word seq="15">being kept<GreekSeq>14</GreekSeq></word><word seq="16">until<GreekSeq>15</GreekSeq></word><word seq="17">the day<GreekSeq>16</GreekSeq></word><word seq="18">of judgment<GreekSeq>17</GreekSeq></word><word seq="19">and<GreekSeq>18</GreekSeq></word><word seq="20">destruction<GreekSeq>19</GreekSeq></word><word seq="21">of the<GreekSeq>20</GreekSeq></word><word seq="22">ungodly.<GreekSeq>21</GreekSeq></word></ESV></verse>
<verse number="8"><ESV><word seq="1">But<GreekSeq>2</GreekSeq></word><word seq="2">do<GreekSeq>5</GreekSeq></word><word seq="3">not<GreekSeq>4</GreekSeq></word><word seq="4">overlook<GreekSeq>5</GreekSeq></word><word seq="5">this<GreekSeq>3</GreekSeq></word><word seq="6">one [fact],<GreekSeq>1</GreekSeq></word><word seq="7">beloved,<GreekSeq>7</GreekSeq></word><word seq="8">that<GreekSeq>8</GreekSeq></word><word seq="9">with<GreekSeq>11</GreekSeq></word><word seq="10">the Lord<GreekSeq>12</GreekSeq></word><word seq="11">one<GreekSeq>9</GreekSeq></word><word seq="12">day<GreekSeq>10</GreekSeq></word><word seq="13">is</word><word seq="14">as<GreekSeq>13</GreekSeq></word><word seq="15">a thousand<GreekSeq>14</GreekSeq></word><word seq="16">years,<GreekSeq>15</GreekSeq></word><word seq="17">and<GreekSeq>16</GreekSeq></word><word seq="18">a thousand<GreekSeq>17</GreekSeq></word><word seq="19">years<GreekSeq>18</GreekSeq></word><word seq="20">as<GreekSeq>19</GreekSeq></word><word seq="21">one<GreekSeq>21</GreekSeq></word><word seq="22">day.<GreekSeq>20</GreekSeq></word></ESV></verse>
<verse number="9"><ESV><word seq="1">The Lord<GreekSeq>3</GreekSeq></word><word seq="2">is<GreekSeq>2</GreekSeq></word><word seq="3">not<GreekSeq>1</GreekSeq></word><word seq="4">slow<GreekSeq>2</GreekSeq></word><word seq="5">to fulfill his</word><word seq="6">promise<GreekSeq>5</GreekSeq></word><word seq="7">as<GreekSeq>6</GreekSeq></word><word seq="8">some<GreekSeq>7</GreekSeq></word><word seq="9">count<GreekSeq>9</GreekSeq></word><word seq="10">slowness,<GreekSeq>8</GreekSeq></word><word seq="11">but<GreekSeq>10</GreekSeq></word><word seq="12">is patient<GreekSeq>11</GreekSeq></word><word seq="13">toward<GreekSeq>12</GreekSeq></word><word seq="14">you,<GreekSeq>13</GreekSeq></word><word seq="15">not<GreekSeq>14</GreekSeq></word><word seq="16">wishing<GreekSeq>15</GreekSeq></word><word seq="17">that</word><word seq="18">any<GreekSeq>16</GreekSeq></word><word seq="19">should perish,<GreekSeq>17</GreekSeq></word><word seq="20">but<GreekSeq>18</GreekSeq></word><word seq="21">that</word><word seq="22">all<GreekSeq>19</GreekSeq></word><word seq="23">should reach<GreekSeq>22</GreekSeq></word><word seq="24">repentance.<GreekSeq>21</GreekSeq></word></ESV></verse>
<verse number="10"><ESV><word seq="1">But<GreekSeq>2</GreekSeq></word><word seq="2">the day<GreekSeq>3</GreekSeq></word><word seq="3">of the Lord<GreekSeq>4</GreekSeq></word><word seq="4">will come<GreekSeq>1</GreekSeq></word><word seq="5">like<GreekSeq>5</GreekSeq></word><word seq="6">a thief,<GreekSeq>6</GreekSeq></word><word seq="7">and</word><word seq="8">then<GreekSeq>7</GreekSeq><GreekSeq>8</GreekSeq></word><word seq="9">the<GreekSeq>9</GreekSeq></word><word seq="10">heavens<GreekSeq>10</GreekSeq></word><word seq="11">will pass away<GreekSeq>12</GreekSeq></word><word seq="12">with a roar,<GreekSeq>11</GreekSeq></word><word seq="13">and<GreekSeq>14</GreekSeq></word><word seq="14">the heavenly bodies<GreekSeq>13</GreekSeq></word><word seq="15">will be burned up<GreekSeq>15</GreekSeq></word><word seq="16">and</word><word seq="17">dissolved,<GreekSeq>16</GreekSeq></word><word seq="18">and<GreekSeq>17</GreekSeq></word><word seq="19">the earth<GreekSeq>18</GreekSeq></word><word seq="20">and<GreekSeq>19</GreekSeq></word><word seq="21">the<GreekSeq>20</GreekSeq></word><word seq="22">works<GreekSeq>23</GreekSeq></word><word seq="23">that are done</word><word seq="24">on<GreekSeq>21</GreekSeq></word><word seq="25">it<GreekSeq>22</GreekSeq></word><word seq="26">will be [exposed].<GreekSeq>24</GreekSeq></word></ESV></verse>
<verse number="11"><ESV><word seq="1">Since</word><word seq="2">all<GreekSeq>3</GreekSeq></word><word seq="3">these things<GreekSeq>1</GreekSeq></word><word seq="4">are</word><word seq="5">thus<GreekSeq>2</GreekSeq></word><word seq="6">to be dissolved,<GreekSeq>4</GreekSeq></word><word seq="7">what sort of people<GreekSeq>5</GreekSeq></word><word seq="8">ought<GreekSeq>6</GreekSeq></word><word seq="9">you<GreekSeq>8</GreekSeq></word><word seq="10">to be<GreekSeq>7</GreekSeq></word><word seq="11">in<GreekSeq>9</GreekSeq></word><word seq="12">lives<GreekSeq>11</GreekSeq></word><word seq="13">of holiness<GreekSeq>10</GreekSeq></word><word seq="14">and<GreekSeq>12</GreekSeq></word><word seq="15">godliness,<GreekSeq>13</GreekSeq></word></ESV></verse>
<verse number="12"><ESV><word seq="1">waiting for<GreekSeq>1</GreekSeq></word><word seq="2">and<GreekSeq>2</GreekSeq></word><word seq="3">hastening<GreekSeq>3</GreekSeq></word><word seq="4">the<GreekSeq>4</GreekSeq></word><word seq="5">coming<GreekSeq>5</GreekSeq></word><word seq="6">of the<GreekSeq>6</GreekSeq></word><word seq="7">day<GreekSeq>9</GreekSeq></word><word seq="8">of God,<GreekSeq>8</GreekSeq></word><word seq="9">because of<GreekSeq>10</GreekSeq></word><word seq="10">which<GreekSeq>11</GreekSeq></word><word seq="11">the heavens<GreekSeq>12</GreekSeq></word><word seq="12">will<GreekSeq>14</GreekSeq></word><word seq="13">be set on fire<GreekSeq>13</GreekSeq></word><word seq="14">and</word><word seq="15">dissolved,<GreekSeq>14</GreekSeq></word><word seq="16">and<GreekSeq>15</GreekSeq></word><word seq="17">the heavenly bodies<GreekSeq>16</GreekSeq></word><word seq="18">will melt<GreekSeq>18</GreekSeq></word><word seq="19">as</word><word seq="20">they burn!<GreekSeq>17</GreekSeq></word></ESV></verse>
<verse number="13"><ESV><word seq="1">But<GreekSeq>2</GreekSeq></word><word seq="2">according to<GreekSeq>7</GreekSeq></word><word seq="3">his<GreekSeq>10</GreekSeq></word><word seq="4">promise<GreekSeq>9</GreekSeq></word><word seq="5">we are waiting for<GreekSeq>11</GreekSeq></word><word seq="6">new<GreekSeq>1</GreekSeq></word><word seq="7">heavens<GreekSeq>3</GreekSeq></word><word seq="8">and<GreekSeq>4</GreekSeq></word><word seq="9">a new<GreekSeq>6</GreekSeq></word><word seq="10">earth<GreekSeq>5</GreekSeq></word><word seq="11">in<GreekSeq>12</GreekSeq></word><word seq="12">which<GreekSeq>13</GreekSeq></word><word seq="13">righteousness<GreekSeq>14</GreekSeq></word><word seq="14">dwells.<GreekSeq>15</GreekSeq></word></ESV></verse>
<verse number="14"><ESV><word seq="1">Therefore,<GreekSeq>1</GreekSeq></word><word seq="2">beloved,<GreekSeq>2</GreekSeq></word><word seq="3">since</word><word seq="4">[you] are waiting for<GreekSeq>4</GreekSeq></word><word seq="5">these,<GreekSeq>3</GreekSeq></word><word seq="6">be diligent<GreekSeq>5</GreekSeq></word><word seq="7">to be found<GreekSeq>10</GreekSeq></word><word seq="8">by him<GreekSeq>9</GreekSeq></word><word seq="9">without spot<GreekSeq>6</GreekSeq></word><word seq="10">or<GreekSeq>7</GreekSeq></word><word seq="11">blemish,<GreekSeq>8</GreekSeq></word><word seq="12">and</word><word seq="13">at<GreekSeq>11</GreekSeq></word><word seq="14">peace.<GreekSeq>12</GreekSeq></word></ESV></verse>
<verse number="15"><ESV><word seq="1">And<GreekSeq>1</GreekSeq></word><word seq="2">count<GreekSeq>8</GreekSeq></word><word seq="3">the<GreekSeq>2</GreekSeq></word><word seq="4">patience<GreekSeq>6</GreekSeq></word><word seq="5">of<GreekSeq>4</GreekSeq></word><word seq="6">our<GreekSeq>5</GreekSeq></word><word seq="7">Lord<GreekSeq>4</GreekSeq></word><word seq="8">as</word><word seq="9">salvation,<GreekSeq>7</GreekSeq></word><word seq="10">just as<GreekSeq>9</GreekSeq></word><word seq="11">our<GreekSeq>13</GreekSeq></word><word seq="12">beloved<GreekSeq>12</GreekSeq></word><word seq="13">brother<GreekSeq>14</GreekSeq></word><word seq="14">Paul<GreekSeq>15</GreekSeq></word><word seq="15">also<GreekSeq>10</GreekSeq></word><word seq="16">wrote<GreekSeq>21</GreekSeq></word><word seq="17">to you<GreekSeq>22</GreekSeq></word><word seq="18">according to<GreekSeq>16</GreekSeq></word><word seq="19">the<GreekSeq>17</GreekSeq></word><word seq="20">wisdom<GreekSeq>20</GreekSeq></word><word seq="21">given<GreekSeq>18</GreekSeq></word><word seq="22">him,<GreekSeq>19</GreekSeq></word></ESV></verse>
<verse number="16"><ESV><word seq="1">as<GreekSeq>1</GreekSeq></word><word seq="2">he does</word><word seq="3">in<GreekSeq>3</GreekSeq></word><word seq="4">all<GreekSeq>4</GreekSeq></word><word seq="5">[his] letters<GreekSeq>5</GreekSeq></word><word seq="6">when he speaks<GreekSeq>6</GreekSeq></word><word seq="7">in<GreekSeq>7</GreekSeq></word><word seq="8">them<GreekSeq>8</GreekSeq></word><word seq="9">of<GreekSeq>9</GreekSeq></word><word seq="10">these matters.<GreekSeq>10</GreekSeq></word><word seq="11">There are</word><word seq="12">some things<GreekSeq>15</GreekSeq></word><word seq="13">in<GreekSeq>11</GreekSeq></word><word seq="14">them<GreekSeq>12</GreekSeq></word><word seq="15">that are<GreekSeq>13</GreekSeq></word><word seq="16">hard to understand,<GreekSeq>14</GreekSeq></word><word seq="17">which<GreekSeq>16</GreekSeq></word><word seq="18">the<GreekSeq>17</GreekSeq></word><word seq="19">ignorant<GreekSeq>18</GreekSeq></word><word seq="20">and<GreekSeq>19</GreekSeq></word><word seq="21">unstable<GreekSeq>20</GreekSeq></word><word seq="22">twist<GreekSeq>21</GreekSeq></word><word seq="23">to<GreekSeq>27</GreekSeq></word><word seq="24">their<GreekSeq>30</GreekSeq></word><word seq="25">own<GreekSeq>29</GreekSeq></word><word seq="26">destruction,<GreekSeq>31</GreekSeq></word><word seq="27">as<GreekSeq>22</GreekSeq></word><word seq="28">they do</word><word seq="29">the<GreekSeq>24</GreekSeq></word><word seq="30">other<GreekSeq>25</GreekSeq></word><word seq="31">Scriptures.<GreekSeq>26</GreekSeq></word></ESV></verse>
<verse number="17"><ESV><word seq="1">You<GreekSeq>1</GreekSeq></word><word seq="2">therefore,<GreekSeq>2</GreekSeq></word><word seq="3">beloved,<GreekSeq>3</GreekSeq></word><word seq="4">knowing [this] beforehand,<GreekSeq>4</GreekSeq></word><word seq="5">take care<GreekSeq>5</GreekSeq></word><word seq="6">that<GreekSeq>6</GreekSeq></word><word seq="7">you</word><word seq="8">are<GreekSeq>12</GreekSeq></word><word seq="9">not<GreekSeq>7</GreekSeq></word><word seq="10">carried away<GreekSeq>12</GreekSeq></word><word seq="11">with the<GreekSeq>8</GreekSeq></word><word seq="12">error<GreekSeq>11</GreekSeq></word><word seq="13">of lawless people<GreekSeq>10</GreekSeq></word><word seq="14">and</word><word seq="15">lose<GreekSeq>13</GreekSeq></word><word seq="16">your</word><word seq="17">own<GreekSeq>15</GreekSeq></word><word seq="18">stability.<GreekSeq>16</GreekSeq></word></ESV></verse>
<verse number="18"><ESV><word seq="1">But<GreekSeq>2</GreekSeq></word><word seq="2">grow<GreekSeq>1</GreekSeq></word><word seq="3">in<GreekSeq>3</GreekSeq></word><word seq="4">the grace<GreekSeq>4</GreekSeq></word><word seq="5">and<GreekSeq>5</GreekSeq></word><word seq="6">knowledge<GreekSeq>6</GreekSeq></word><word seq="7">of<GreekSeq>8</GreekSeq></word><word seq="8">our<GreekSeq>9</GreekSeq></word><word seq="9">Lord<GreekSeq>8</GreekSeq></word><word seq="10">and<GreekSeq>10</GreekSeq></word><word seq="11">Savior<GreekSeq>11</GreekSeq></word><word seq="12">Jesus<GreekSeq>12</GreekSeq></word><word seq="13">Christ.<GreekSeq>13</GreekSeq></word><word seq="14">To him<GreekSeq>14</GreekSeq></word><word seq="15">be</word><word seq="16">the<GreekSeq>15</GreekSeq></word><word seq="17">glory<GreekSeq>16</GreekSeq></word><word seq="18">both<GreekSeq>17</GreekSeq></word><word seq="19">now<GreekSeq>18</GreekSeq></word><word seq="20">and<GreekSeq>19</GreekSeq></word><word seq="21">to<GreekSeq>20</GreekSeq></word><word seq="22">the day<GreekSeq>21</GreekSeq></word><word seq="23">of eternity.<GreekSeq>22</GreekSeq></word><word seq="24">Amen.<GreekSeq>23</GreekSeq></word></ESV></verse></chapter></book>