<?xml version="1.0" encoding="UTF-8" standalone="no"?><book><chapter number="1">'<verse number="1"><ESV><word seq="1">Paul,<GreekSeq>1</GreekSeq></word><word seq="2">Silvanus,<GreekSeq>3</GreekSeq></word><word seq="3">and<GreekSeq>4</GreekSeq></word><word seq="4">Timothy,<GreekSeq>5</GreekSeq></word><word seq="5">To the<GreekSeq>6</GreekSeq></word><word seq="6">church<GreekSeq>7</GreekSeq></word><word seq="7">of the Thessalonians<GreekSeq>8</GreekSeq></word><word seq="8">in<GreekSeq>9</GreekSeq></word><word seq="9">God<GreekSeq>10</GreekSeq></word><word seq="10">our<GreekSeq>12</GreekSeq></word><word seq="11">Father<GreekSeq>11</GreekSeq></word><word seq="12">and<GreekSeq>13</GreekSeq></word><word seq="13">the Lord<GreekSeq>14</GreekSeq></word><word seq="14">Jesus<GreekSeq>15</GreekSeq></word><word seq="15">Christ:<GreekSeq>16</GreekSeq></word></ESV></verse>
<verse number="2"><ESV><word seq="1">Grace<GreekSeq>1</GreekSeq></word><word seq="2">to you<GreekSeq>2</GreekSeq></word><word seq="3">and<GreekSeq>3</GreekSeq></word><word seq="4">peace<GreekSeq>4</GreekSeq></word><word seq="5">from<GreekSeq>5</GreekSeq></word><word seq="6">God<GreekSeq>6</GreekSeq></word><word seq="7">our<GreekSeq>8</GreekSeq></word><word seq="8">Father<GreekSeq>7</GreekSeq></word><word seq="9">and<GreekSeq>9</GreekSeq></word><word seq="10">the Lord<GreekSeq>10</GreekSeq></word><word seq="11">Jesus<GreekSeq>11</GreekSeq></word><word seq="12">Christ.<GreekSeq>12</GreekSeq></word></ESV></verse>
<verse number="3"><ESV><word seq="1">We ought<GreekSeq>2</GreekSeq></word><word seq="2">always<GreekSeq>5</GreekSeq></word><word seq="3">to give thanks<GreekSeq>1</GreekSeq></word><word seq="4">to God<GreekSeq>4</GreekSeq></word><word seq="5">for<GreekSeq>6</GreekSeq></word><word seq="6">you,<GreekSeq>7</GreekSeq></word><word seq="7">brothers,<GreekSeq>8</GreekSeq></word><word seq="8">as<GreekSeq>9</GreekSeq></word><word seq="9">is<GreekSeq>11</GreekSeq></word><word seq="10">right,<GreekSeq>10</GreekSeq></word><word seq="11">because<GreekSeq>12</GreekSeq></word><word seq="12">your<GreekSeq>16</GreekSeq></word><word seq="13">faith<GreekSeq>15</GreekSeq></word><word seq="14">is growing abundantly,<GreekSeq>13</GreekSeq></word><word seq="15">and<GreekSeq>17</GreekSeq></word><word seq="16">the<GreekSeq>19</GreekSeq></word><word seq="17">love<GreekSeq>20</GreekSeq></word><word seq="18">of every<GreekSeq>22</GreekSeq></word><word seq="19">one<GreekSeq>21</GreekSeq></word><word seq="20">of you<GreekSeq>24</GreekSeq></word><word seq="21">for<GreekSeq>25</GreekSeq></word><word seq="22">one another<GreekSeq>26</GreekSeq></word><word seq="23">is increasing.<GreekSeq>18</GreekSeq></word></ESV></verse>
<verse number="4"><ESV><word seq="1">Therefore<GreekSeq>1</GreekSeq></word><word seq="2">we<GreekSeq>3</GreekSeq></word><word seq="3">ourselves<GreekSeq>2</GreekSeq></word><word seq="4">boast<GreekSeq>6</GreekSeq></word><word seq="5">about<GreekSeq>4</GreekSeq></word><word seq="6">you<GreekSeq>5</GreekSeq></word><word seq="7">in<GreekSeq>7</GreekSeq></word><word seq="8">the<GreekSeq>8</GreekSeq></word><word seq="9">churches<GreekSeq>9</GreekSeq></word><word seq="10">of God<GreekSeq>11</GreekSeq></word><word seq="11">for<GreekSeq>12</GreekSeq></word><word seq="12">your<GreekSeq>15</GreekSeq></word><word seq="13">steadfastness<GreekSeq>14</GreekSeq></word><word seq="14">and<GreekSeq>16</GreekSeq></word><word seq="15">faith<GreekSeq>17</GreekSeq></word><word seq="16">in<GreekSeq>18</GreekSeq></word><word seq="17">all<GreekSeq>19</GreekSeq></word><word seq="18">your<GreekSeq>22</GreekSeq></word><word seq="19">persecutions<GreekSeq>21</GreekSeq></word><word seq="20">and<GreekSeq>23</GreekSeq></word><word seq="21">in the<GreekSeq>24</GreekSeq></word><word seq="22">afflictions<GreekSeq>25</GreekSeq></word><word seq="23">that<GreekSeq>26</GreekSeq></word><word seq="24">you are enduring.<GreekSeq>27</GreekSeq></word></ESV></verse>
<verse number="5"><ESV><word seq="1">This is</word><word seq="2">evidence<GreekSeq>1</GreekSeq></word><word seq="3">of the<GreekSeq>2</GreekSeq></word><word seq="4">righteous<GreekSeq>3</GreekSeq></word><word seq="5">judgment<GreekSeq>4</GreekSeq></word><word seq="6">of God,<GreekSeq>6</GreekSeq></word><word seq="7">that<GreekSeq>7</GreekSeq><GreekSeq>8</GreekSeq></word><word seq="8">you<GreekSeq>10</GreekSeq></word><word seq="9">may be considered worthy<GreekSeq>9</GreekSeq></word><word seq="10">of the<GreekSeq>11</GreekSeq></word><word seq="11">kingdom<GreekSeq>12</GreekSeq></word><word seq="12">of God,<GreekSeq>14</GreekSeq></word><word seq="13">for<GreekSeq>15</GreekSeq></word><word seq="14">which<GreekSeq>16</GreekSeq></word><word seq="15">you are<GreekSeq>18</GreekSeq></word><word seq="16">also<GreekSeq>17</GreekSeq></word><word seq="17">suffering —<GreekSeq>18</GreekSeq></word></ESV></verse>
<verse number="6"><ESV><word seq="1">since<GreekSeq>1</GreekSeq></word><word seq="2">indeed</word><word seq="3">God<GreekSeq>4</GreekSeq></word><word seq="4">considers it</word><word seq="5">just<GreekSeq>2</GreekSeq></word><word seq="6">to repay<GreekSeq>5</GreekSeq></word><word seq="7">with affliction<GreekSeq>9</GreekSeq></word><word seq="8">those<GreekSeq>6</GreekSeq></word><word seq="9">who afflict<GreekSeq>7</GreekSeq></word><word seq="10">you,<GreekSeq>8</GreekSeq></word></ESV></verse>
<verse number="7"><ESV><word seq="1">and<GreekSeq>1</GreekSeq></word><word seq="2">to grant relief<GreekSeq>5</GreekSeq></word><word seq="3">to you<GreekSeq>2</GreekSeq></word><word seq="4">who are afflicted<GreekSeq>4</GreekSeq></word><word seq="5">as well as to<GreekSeq>6</GreekSeq></word><word seq="6">us,<GreekSeq>7</GreekSeq></word><word seq="7">when<GreekSeq>8</GreekSeq></word><word seq="8">the<GreekSeq>11</GreekSeq></word><word seq="9">Lord<GreekSeq>12</GreekSeq></word><word seq="10">Jesus<GreekSeq>13</GreekSeq></word><word seq="11">is revealed<GreekSeq>10</GreekSeq></word><word seq="12">from<GreekSeq>14</GreekSeq></word><word seq="13">heaven<GreekSeq>15</GreekSeq></word><word seq="14">with<GreekSeq>16</GreekSeq></word><word seq="15">his<GreekSeq>19</GreekSeq></word><word seq="16">mighty<GreekSeq>18</GreekSeq></word><word seq="17">angels<GreekSeq>17</GreekSeq></word></ESV></verse>
<verse number="8"><ESV><word seq="1">in<GreekSeq>1</GreekSeq></word><word seq="2">flaming<GreekSeq>3</GreekSeq></word><word seq="3">fire,<GreekSeq>2</GreekSeq></word><word seq="4">inflicting<GreekSeq>4</GreekSeq></word><word seq="5">vengeance<GreekSeq>5</GreekSeq></word><word seq="6">on those<GreekSeq>6</GreekSeq></word><word seq="7">who do<GreekSeq>8</GreekSeq></word><word seq="8">not<GreekSeq>7</GreekSeq></word><word seq="9">know<GreekSeq>8</GreekSeq></word><word seq="10">God<GreekSeq>9</GreekSeq></word><word seq="11">and<GreekSeq>10</GreekSeq></word><word seq="12">on those<GreekSeq>11</GreekSeq></word><word seq="13">who do<GreekSeq>13</GreekSeq></word><word seq="14">not<GreekSeq>12</GreekSeq></word><word seq="15">obey<GreekSeq>13</GreekSeq></word><word seq="16">the<GreekSeq>14</GreekSeq></word><word seq="17">gospel<GreekSeq>15</GreekSeq></word><word seq="18">of<GreekSeq>17</GreekSeq></word><word seq="19">our<GreekSeq>18</GreekSeq></word><word seq="20">Lord<GreekSeq>17</GreekSeq></word><word seq="21">Jesus.<GreekSeq>19</GreekSeq></word></ESV></verse>
<verse number="9"><ESV><word seq="1">They<GreekSeq>1</GreekSeq></word><word seq="2">will suffer<GreekSeq>3</GreekSeq></word><word seq="3">the punishment<GreekSeq>2</GreekSeq></word><word seq="4">of eternal<GreekSeq>5</GreekSeq></word><word seq="5">destruction,<GreekSeq>4</GreekSeq></word><word seq="6">away from<GreekSeq>6</GreekSeq></word><word seq="7">the presence<GreekSeq>7</GreekSeq></word><word seq="8">of the<GreekSeq>8</GreekSeq></word><word seq="9">Lord<GreekSeq>9</GreekSeq></word><word seq="10">and<GreekSeq>10</GreekSeq></word><word seq="11">from<GreekSeq>11</GreekSeq></word><word seq="12">the<GreekSeq>12</GreekSeq></word><word seq="13">glory<GreekSeq>13</GreekSeq></word><word seq="14">of<GreekSeq>15</GreekSeq></word><word seq="15">his<GreekSeq>16</GreekSeq></word><word seq="16">might,<GreekSeq>15</GreekSeq></word></ESV></verse>
<verse number="10"><ESV><word seq="1">when<GreekSeq>1</GreekSeq></word><word seq="2">he comes<GreekSeq>2</GreekSeq></word><word seq="3">on<GreekSeq>4</GreekSeq></word><word seq="4">that<GreekSeq>24</GreekSeq></word><word seq="5">day<GreekSeq>23</GreekSeq></word><word seq="6">to be glorified<GreekSeq>3</GreekSeq></word><word seq="7">in<GreekSeq>10</GreekSeq></word><word seq="8">his<GreekSeq>7</GreekSeq></word><word seq="9">saints,<GreekSeq>5</GreekSeq><GreekSeq>6</GreekSeq></word><word seq="10">and<GreekSeq>8</GreekSeq></word><word seq="11">to be marveled at<GreekSeq>9</GreekSeq></word><word seq="12">among<GreekSeq>21</GreekSeq></word><word seq="13">all<GreekSeq>11</GreekSeq></word><word seq="14">who have believed,<GreekSeq>13</GreekSeq></word><word seq="15">because<GreekSeq>14</GreekSeq></word><word seq="16">our<GreekSeq>18</GreekSeq></word><word seq="17">testimony<GreekSeq>17</GreekSeq></word><word seq="18">to<GreekSeq>19</GreekSeq></word><word seq="19">you<GreekSeq>20</GreekSeq></word><word seq="20">was believed.<GreekSeq>15</GreekSeq></word></ESV></verse>
<verse number="11"><ESV><word seq="1">To<GreekSeq>1</GreekSeq></word><word seq="2">this [end]<GreekSeq>2</GreekSeq></word><word seq="3">we<GreekSeq>4</GreekSeq></word><word seq="4">always<GreekSeq>5</GreekSeq></word><word seq="5">pray<GreekSeq>4</GreekSeq></word><word seq="6">for<GreekSeq>6</GreekSeq></word><word seq="7">you,<GreekSeq>7</GreekSeq></word><word seq="8">that<GreekSeq>8</GreekSeq></word><word seq="9">our<GreekSeq>15</GreekSeq></word><word seq="10">God<GreekSeq>14</GreekSeq></word><word seq="11">may make<GreekSeq>10</GreekSeq></word><word seq="12">you<GreekSeq>9</GreekSeq></word><word seq="13">worthy<GreekSeq>10</GreekSeq></word><word seq="14">of [his] calling<GreekSeq>12</GreekSeq></word><word seq="15">and<GreekSeq>16</GreekSeq></word><word seq="16">may fulfill<GreekSeq>17</GreekSeq></word><word seq="17">every<GreekSeq>18</GreekSeq></word><word seq="18">resolve<GreekSeq>19</GreekSeq></word><word seq="19">for good<GreekSeq>20</GreekSeq></word><word seq="20">and<GreekSeq>21</GreekSeq></word><word seq="21">every</word><word seq="22">work<GreekSeq>22</GreekSeq></word><word seq="23">of faith<GreekSeq>23</GreekSeq></word><word seq="24">by<GreekSeq>24</GreekSeq></word><word seq="25">his</word><word seq="26">power,<GreekSeq>25</GreekSeq></word></ESV></verse>
<verse number="12"><ESV><word seq="1">so that<GreekSeq>1</GreekSeq></word><word seq="2">the<GreekSeq>3</GreekSeq></word><word seq="3">name<GreekSeq>4</GreekSeq></word><word seq="4">of<GreekSeq>6</GreekSeq></word><word seq="5">our<GreekSeq>7</GreekSeq></word><word seq="6">Lord<GreekSeq>6</GreekSeq></word><word seq="7">Jesus<GreekSeq>8</GreekSeq></word><word seq="8">may be glorified<GreekSeq>2</GreekSeq></word><word seq="9">in<GreekSeq>9</GreekSeq></word><word seq="10">you,<GreekSeq>10</GreekSeq></word><word seq="11">and<GreekSeq>11</GreekSeq></word><word seq="12">you<GreekSeq>12</GreekSeq></word><word seq="13">in<GreekSeq>13</GreekSeq></word><word seq="14">him,<GreekSeq>14</GreekSeq></word><word seq="15">according to<GreekSeq>15</GreekSeq></word><word seq="16">the<GreekSeq>16</GreekSeq></word><word seq="17">grace<GreekSeq>17</GreekSeq></word><word seq="18">of<GreekSeq>19</GreekSeq></word><word seq="19">our<GreekSeq>20</GreekSeq></word><word seq="20">God<GreekSeq>19</GreekSeq></word><word seq="21">and<GreekSeq>21</GreekSeq></word><word seq="22">the Lord<GreekSeq>22</GreekSeq></word><word seq="23">Jesus<GreekSeq>23</GreekSeq></word><word seq="24">Christ.<GreekSeq>24</GreekSeq></word></ESV></verse></chapter></book>