<?xml version="1.0" encoding="UTF-8" standalone="no"?><book><chapter number="3">'<verse number="1"><ESV><word seq="1">Finally,<GreekSeq>2</GreekSeq></word><word seq="2">brothers,<GreekSeq>4</GreekSeq></word><word seq="3">pray<GreekSeq>3</GreekSeq></word><word seq="4">for<GreekSeq>5</GreekSeq></word><word seq="5">us,<GreekSeq>6</GreekSeq></word><word seq="6">that<GreekSeq>7</GreekSeq></word><word seq="7">the<GreekSeq>8</GreekSeq></word><word seq="8">word<GreekSeq>9</GreekSeq></word><word seq="9">of the<GreekSeq>10</GreekSeq></word><word seq="10">Lord<GreekSeq>11</GreekSeq></word><word seq="11">may speed ahead<GreekSeq>12</GreekSeq></word><word seq="12">and<GreekSeq>13</GreekSeq></word><word seq="13">be honored,<GreekSeq>14</GreekSeq></word><word seq="14">as [happened]<GreekSeq>15</GreekSeq></word><word seq="15">among<GreekSeq>17</GreekSeq></word><word seq="16">you,<GreekSeq>18</GreekSeq></word></ESV></verse>
<verse number="2"><ESV><word seq="1">and<GreekSeq>1</GreekSeq></word><word seq="2">that<GreekSeq>2</GreekSeq></word><word seq="3">we may be delivered<GreekSeq>3</GreekSeq></word><word seq="4">from<GreekSeq>4</GreekSeq></word><word seq="5">wicked<GreekSeq>8</GreekSeq></word><word seq="6">and<GreekSeq>7</GreekSeq></word><word seq="7">evil<GreekSeq>6</GreekSeq></word><word seq="8">men.<GreekSeq>9</GreekSeq></word><word seq="9">For<GreekSeq>11</GreekSeq></word><word seq="10">not<GreekSeq>10</GreekSeq></word><word seq="11">all [have]<GreekSeq>12</GreekSeq></word><word seq="12">faith.<GreekSeq>14</GreekSeq></word></ESV></verse>
<verse number="3"><ESV><word seq="1">But<GreekSeq>2</GreekSeq></word><word seq="2">the<GreekSeq>4</GreekSeq></word><word seq="3">Lord<GreekSeq>5</GreekSeq></word><word seq="4">is<GreekSeq>3</GreekSeq></word><word seq="5">faithful.<GreekSeq>1</GreekSeq></word><word seq="6">He<GreekSeq>6</GreekSeq></word><word seq="7">will establish<GreekSeq>7</GreekSeq></word><word seq="8">you<GreekSeq>8</GreekSeq></word><word seq="9">and<GreekSeq>9</GreekSeq></word><word seq="10">guard [you]<GreekSeq>10</GreekSeq></word><word seq="11">against<GreekSeq>11</GreekSeq></word><word seq="12">the<GreekSeq>12</GreekSeq></word><word seq="13">evil [one].<GreekSeq>13</GreekSeq></word></ESV></verse>
<verse number="4"><ESV><word seq="1">And<GreekSeq>2</GreekSeq></word><word seq="2">we have confidence<GreekSeq>1</GreekSeq></word><word seq="3">in<GreekSeq>3</GreekSeq></word><word seq="4">the Lord<GreekSeq>4</GreekSeq></word><word seq="5">about<GreekSeq>5</GreekSeq></word><word seq="6">you,<GreekSeq>6</GreekSeq></word><word seq="7">that<GreekSeq>7</GreekSeq></word><word seq="8">you are doing<GreekSeq>11</GreekSeq></word><word seq="9">and<GreekSeq>12</GreekSeq></word><word seq="10">will do<GreekSeq>13</GreekSeq></word><word seq="11">the things that<GreekSeq>8</GreekSeq></word><word seq="12">we command.<GreekSeq>9</GreekSeq></word></ESV></verse>
<verse number="5"><ESV><word seq="1">May<GreekSeq>4</GreekSeq></word><word seq="2">the<GreekSeq>1</GreekSeq></word><word seq="3">Lord<GreekSeq>3</GreekSeq></word><word seq="4">direct<GreekSeq>4</GreekSeq></word><word seq="5">your<GreekSeq>5</GreekSeq></word><word seq="6">hearts<GreekSeq>7</GreekSeq></word><word seq="7">to<GreekSeq>8</GreekSeq></word><word seq="8">the<GreekSeq>9</GreekSeq></word><word seq="9">love<GreekSeq>10</GreekSeq></word><word seq="10">of God<GreekSeq>12</GreekSeq></word><word seq="11">and<GreekSeq>13</GreekSeq></word><word seq="12">to<GreekSeq>14</GreekSeq></word><word seq="13">the<GreekSeq>15</GreekSeq></word><word seq="14">steadfastness<GreekSeq>16</GreekSeq></word><word seq="15">of Christ.<GreekSeq>18</GreekSeq></word></ESV></verse>
<verse number="6"><ESV><word seq="1">Now<GreekSeq>2</GreekSeq></word><word seq="2">we command<GreekSeq>1</GreekSeq></word><word seq="3">you,<GreekSeq>3</GreekSeq></word><word seq="4">brothers,<GreekSeq>4</GreekSeq></word><word seq="5">in<GreekSeq>5</GreekSeq></word><word seq="6">the name<GreekSeq>6</GreekSeq></word><word seq="7">of<GreekSeq>8</GreekSeq></word><word seq="8">our<GreekSeq>9</GreekSeq></word><word seq="9">Lord<GreekSeq>8</GreekSeq></word><word seq="10">Jesus<GreekSeq>10</GreekSeq></word><word seq="11">Christ,<GreekSeq>11</GreekSeq></word><word seq="12">that</word><word seq="13">you<GreekSeq>13</GreekSeq></word><word seq="14">keep away<GreekSeq>12</GreekSeq></word><word seq="15">from<GreekSeq>14</GreekSeq></word><word seq="16">any<GreekSeq>15</GreekSeq></word><word seq="17">brother<GreekSeq>16</GreekSeq></word><word seq="18">who is walking<GreekSeq>18</GreekSeq></word><word seq="19">in idleness<GreekSeq>17</GreekSeq></word><word seq="20">and<GreekSeq>19</GreekSeq></word><word seq="21">not<GreekSeq>20</GreekSeq></word><word seq="22">in accord with<GreekSeq>21</GreekSeq></word><word seq="23">the<GreekSeq>22</GreekSeq></word><word seq="24">tradition<GreekSeq>23</GreekSeq></word><word seq="25">that<GreekSeq>24</GreekSeq></word><word seq="26">you received<GreekSeq>25</GreekSeq></word><word seq="27">from<GreekSeq>26</GreekSeq></word><word seq="28">us.<GreekSeq>27</GreekSeq></word></ESV></verse>
<verse number="7"><ESV><word seq="1">For<GreekSeq>2</GreekSeq></word><word seq="2">you<GreekSeq>3</GreekSeq></word><word seq="3">yourselves<GreekSeq>1</GreekSeq></word><word seq="4">know<GreekSeq>3</GreekSeq></word><word seq="5">how<GreekSeq>4</GreekSeq></word><word seq="6">you ought<GreekSeq>5</GreekSeq></word><word seq="7">to imitate<GreekSeq>6</GreekSeq></word><word seq="8">us,<GreekSeq>7</GreekSeq></word><word seq="9">because<GreekSeq>8</GreekSeq></word><word seq="10">we were<GreekSeq>10</GreekSeq></word><word seq="11">not<GreekSeq>9</GreekSeq></word><word seq="12">idle<GreekSeq>10</GreekSeq></word><word seq="13">when we were</word><word seq="14">with<GreekSeq>11</GreekSeq></word><word seq="15">you,<GreekSeq>12</GreekSeq></word></ESV></verse>
<verse number="8"><ESV><word seq="1">nor<GreekSeq>1</GreekSeq></word><word seq="2">did we eat<GreekSeq>4</GreekSeq></word><word seq="3">anyone’s<GreekSeq>6</GreekSeq></word><word seq="4">bread<GreekSeq>3</GreekSeq></word><word seq="5">without paying for it,<GreekSeq>2</GreekSeq></word><word seq="6">but<GreekSeq>7</GreekSeq></word><word seq="7">with<GreekSeq>8</GreekSeq></word><word seq="8">toil<GreekSeq>9</GreekSeq></word><word seq="9">and<GreekSeq>10</GreekSeq></word><word seq="10">labor<GreekSeq>11</GreekSeq></word><word seq="11">[we] worked<GreekSeq>15</GreekSeq></word><word seq="12">night<GreekSeq>12</GreekSeq></word><word seq="13">and<GreekSeq>13</GreekSeq></word><word seq="14">day,<GreekSeq>14</GreekSeq></word><word seq="15">that<GreekSeq>16</GreekSeq><GreekSeq>17</GreekSeq></word><word seq="16">we</word><word seq="17">might<GreekSeq>19</GreekSeq></word><word seq="18">not<GreekSeq>18</GreekSeq></word><word seq="19">be a burden<GreekSeq>19</GreekSeq></word><word seq="20">to any<GreekSeq>20</GreekSeq></word><word seq="21">of you.<GreekSeq>21</GreekSeq></word></ESV></verse>
<verse number="9"><ESV><word seq="1">It was</word><word seq="2">not<GreekSeq>1</GreekSeq></word><word seq="3">because<GreekSeq>2</GreekSeq></word><word seq="4">we do<GreekSeq>4</GreekSeq></word><word seq="5">not<GreekSeq>3</GreekSeq></word><word seq="6">have<GreekSeq>4</GreekSeq></word><word seq="7">that right,<GreekSeq>5</GreekSeq></word><word seq="8">but<GreekSeq>6</GreekSeq></word><word seq="9">to give<GreekSeq>7</GreekSeq><GreekSeq>10</GreekSeq></word><word seq="10">you<GreekSeq>11</GreekSeq></word><word seq="11">in ourselves<GreekSeq>8</GreekSeq></word><word seq="12">an example<GreekSeq>9</GreekSeq></word><word seq="13">to imitate.<GreekSeq>14</GreekSeq></word></ESV></verse>
<verse number="10"><ESV><word seq="1">For<GreekSeq>2</GreekSeq></word><word seq="2">even<GreekSeq>1</GreekSeq></word><word seq="3">when<GreekSeq>3</GreekSeq></word><word seq="4">we were<GreekSeq>4</GreekSeq></word><word seq="5">with<GreekSeq>5</GreekSeq></word><word seq="6">you,<GreekSeq>6</GreekSeq></word><word seq="7">we would give<GreekSeq>8</GreekSeq></word><word seq="8">you<GreekSeq>9</GreekSeq></word><word seq="9">this<GreekSeq>7</GreekSeq></word><word seq="10">command:<GreekSeq>8</GreekSeq></word><word seq="11">If<GreekSeq>11</GreekSeq></word><word seq="12">anyone<GreekSeq>12</GreekSeq></word><word seq="13">is<GreekSeq>14</GreekSeq></word><word seq="14">not<GreekSeq>13</GreekSeq></word><word seq="15">willing<GreekSeq>14</GreekSeq></word><word seq="16">to work,<GreekSeq>15</GreekSeq></word><word seq="17">let him<GreekSeq>17</GreekSeq></word><word seq="18">not<GreekSeq>16</GreekSeq></word><word seq="19">eat.<GreekSeq>17</GreekSeq></word></ESV></verse>
<verse number="11"><ESV><word seq="1">For<GreekSeq>2</GreekSeq></word><word seq="2">we hear<GreekSeq>1</GreekSeq></word><word seq="3">that</word><word seq="4">some<GreekSeq>3</GreekSeq></word><word seq="5">among<GreekSeq>5</GreekSeq></word><word seq="6">you<GreekSeq>6</GreekSeq></word><word seq="7">walk<GreekSeq>4</GreekSeq></word><word seq="8">in idleness,<GreekSeq>7</GreekSeq></word><word seq="9">not<GreekSeq>8</GreekSeq></word><word seq="10">busy at work,<GreekSeq>9</GreekSeq></word><word seq="11">but<GreekSeq>10</GreekSeq></word><word seq="12">busybodies.<GreekSeq>11</GreekSeq></word></ESV></verse>
<verse number="12"><ESV><word seq="1">Now<GreekSeq>2</GreekSeq></word><word seq="2">such persons<GreekSeq>3</GreekSeq></word><word seq="3">we command<GreekSeq>4</GreekSeq></word><word seq="4">and<GreekSeq>5</GreekSeq></word><word seq="5">encourage<GreekSeq>6</GreekSeq></word><word seq="6">in<GreekSeq>7</GreekSeq></word><word seq="7">the Lord<GreekSeq>8</GreekSeq></word><word seq="8">Jesus<GreekSeq>9</GreekSeq></word><word seq="9">Christ<GreekSeq>10</GreekSeq></word><word seq="10">to do their work<GreekSeq>14</GreekSeq></word><word seq="11">quietly<GreekSeq>12</GreekSeq><GreekSeq>13</GreekSeq></word><word seq="12">and</word><word seq="13">to earn their own living.<GreekSeq>16</GreekSeq><GreekSeq>17</GreekSeq><GreekSeq>18</GreekSeq></word></ESV></verse>
<verse number="13"><ESV><word seq="1">As for<GreekSeq>2</GreekSeq></word><word seq="2">you,<GreekSeq>1</GreekSeq></word><word seq="3">brothers,<GreekSeq>3</GreekSeq></word><word seq="4">do</word><word seq="5">not<GreekSeq>4</GreekSeq></word><word seq="6">grow weary<GreekSeq>5</GreekSeq></word><word seq="7">in doing good.<GreekSeq>6</GreekSeq></word></ESV></verse>
<verse number="14"><ESV><word seq="1">If<GreekSeq>1</GreekSeq></word><word seq="2">anyone<GreekSeq>3</GreekSeq></word><word seq="3">does</word><word seq="4">not<GreekSeq>4</GreekSeq></word><word seq="5">obey<GreekSeq>5</GreekSeq></word><word seq="6">what</word><word seq="7">we<GreekSeq>8</GreekSeq></word><word seq="8">say<GreekSeq>7</GreekSeq></word><word seq="9">in<GreekSeq>9</GreekSeq></word><word seq="10">this<GreekSeq>10</GreekSeq></word><word seq="11">letter,<GreekSeq>11</GreekSeq></word><word seq="12">take note of<GreekSeq>13</GreekSeq></word><word seq="13">that person,<GreekSeq>12</GreekSeq></word><word seq="14" note="Base of different Greek: καὶ(2532)">and</word><word seq="15">have<GreekSeq>15</GreekSeq></word><word seq="16">nothing<GreekSeq>14</GreekSeq></word><word seq="17">to do with<GreekSeq>15</GreekSeq></word><word seq="18">him,<GreekSeq>16</GreekSeq></word><word seq="19">that<GreekSeq>17</GreekSeq></word><word seq="20">he may be ashamed.<GreekSeq>18</GreekSeq></word></ESV></verse>
<verse number="15"><ESV><word seq="1">Do</word><word seq="2">not<GreekSeq>2</GreekSeq></word><word seq="3">regard<GreekSeq>5</GreekSeq></word><word seq="4">him</word><word seq="5">as<GreekSeq>3</GreekSeq></word><word seq="6">an enemy,<GreekSeq>4</GreekSeq></word><word seq="7">but<GreekSeq>6</GreekSeq></word><word seq="8">warn<GreekSeq>7</GreekSeq></word><word seq="9">him</word><word seq="10">as<GreekSeq>8</GreekSeq></word><word seq="11">a brother.<GreekSeq>9</GreekSeq></word></ESV></verse>
<verse number="16"><ESV><word seq="1">Now<GreekSeq>2</GreekSeq></word><word seq="2">may<GreekSeq>7</GreekSeq></word><word seq="3">the<GreekSeq>3</GreekSeq></word><word seq="4">Lord<GreekSeq>4</GreekSeq></word><word seq="5">of peace<GreekSeq>6</GreekSeq></word><word seq="6">himself<GreekSeq>1</GreekSeq></word><word seq="7">give<GreekSeq>7</GreekSeq></word><word seq="8">you<GreekSeq>8</GreekSeq></word><word seq="9">peace<GreekSeq>10</GreekSeq></word><word seq="10">at all times<GreekSeq>11</GreekSeq><GreekSeq>12</GreekSeq></word><word seq="11">in<GreekSeq>13</GreekSeq></word><word seq="12">every<GreekSeq>14</GreekSeq></word><word seq="13">way.<GreekSeq>15</GreekSeq></word><word seq="14">The<GreekSeq>16</GreekSeq></word><word seq="15">Lord<GreekSeq>17</GreekSeq></word><word seq="16">be</word><word seq="17">with<GreekSeq>18</GreekSeq></word><word seq="18">you<GreekSeq>20</GreekSeq></word><word seq="19">all.<GreekSeq>19</GreekSeq></word></ESV></verse>
<verse number="17"><ESV><word seq="1">I,</word><word seq="2">Paul,<GreekSeq>6</GreekSeq></word><word seq="3">write</word><word seq="4">this<GreekSeq>1</GreekSeq></word><word seq="5">greeting<GreekSeq>2</GreekSeq></word><word seq="6">with my own<GreekSeq>4</GreekSeq></word><word seq="7">hand.<GreekSeq>5</GreekSeq></word><word seq="8">This<GreekSeq>7</GreekSeq></word><word seq="9">is<GreekSeq>8</GreekSeq></word><word seq="10">the sign<GreekSeq>9</GreekSeq></word><word seq="11">of genuineness</word><word seq="12">in<GreekSeq>10</GreekSeq></word><word seq="13">every<GreekSeq>11</GreekSeq></word><word seq="14">letter<GreekSeq>12</GreekSeq></word><word seq="15">of mine;</word><word seq="16">it is the way<GreekSeq>13</GreekSeq></word><word seq="17">I write.<GreekSeq>14</GreekSeq></word></ESV></verse>
<verse number="18"><ESV><word seq="1">The<GreekSeq>1</GreekSeq></word><word seq="2">grace<GreekSeq>2</GreekSeq></word><word seq="3">of<GreekSeq>4</GreekSeq></word><word seq="4">our<GreekSeq>5</GreekSeq></word><word seq="5">Lord<GreekSeq>4</GreekSeq></word><word seq="6">Jesus<GreekSeq>6</GreekSeq></word><word seq="7">Christ<GreekSeq>7</GreekSeq></word><word seq="8">be</word><word seq="9">with<GreekSeq>8</GreekSeq></word><word seq="10">you<GreekSeq>10</GreekSeq></word><word seq="11">all.<GreekSeq>9</GreekSeq></word></ESV></verse></chapter></book>