<?xml version="1.0" encoding="UTF-8" standalone="no"?><book><chapter number="1">'<verse number="1"><ESV><word seq="1">The<GreekSeq>1</GreekSeq></word><word seq="2">elder<GreekSeq>2</GreekSeq></word><word seq="3">to the<GreekSeq>4</GreekSeq></word><word seq="4">beloved<GreekSeq>5</GreekSeq></word><word seq="5">Gaius,<GreekSeq>3</GreekSeq></word><word seq="6">whom<GreekSeq>6</GreekSeq></word><word seq="7">I<GreekSeq>7</GreekSeq></word><word seq="8">love<GreekSeq>8</GreekSeq></word><word seq="9">in<GreekSeq>9</GreekSeq></word><word seq="10">truth.<GreekSeq>10</GreekSeq></word></ESV></verse>
<verse number="2"><ESV><word seq="1">Beloved,<GreekSeq>1</GreekSeq></word><word seq="2">I pray<GreekSeq>4</GreekSeq></word><word seq="3">that</word><word seq="4">all<GreekSeq>3</GreekSeq></word><word seq="5">may go well<GreekSeq>6</GreekSeq></word><word seq="6">with<GreekSeq>2</GreekSeq></word><word seq="7">you<GreekSeq>5</GreekSeq></word><word seq="8">and<GreekSeq>7</GreekSeq></word><word seq="9">that you</word><word seq="10">may be in good health,<GreekSeq>8</GreekSeq></word><word seq="11">as<GreekSeq>9</GreekSeq></word><word seq="12">it goes well with<GreekSeq>10</GreekSeq></word><word seq="13">your<GreekSeq>11</GreekSeq></word><word seq="14">soul.<GreekSeq>13</GreekSeq></word></ESV></verse>
<verse number="3"><ESV><word seq="1">For<GreekSeq>2</GreekSeq></word><word seq="2">I rejoiced<GreekSeq>1</GreekSeq></word><word seq="3">greatly<GreekSeq>3</GreekSeq></word><word seq="4">when</word><word seq="5">the brothers<GreekSeq>5</GreekSeq></word><word seq="6">came<GreekSeq>4</GreekSeq></word><word seq="7">and<GreekSeq>6</GreekSeq></word><word seq="8">testified to<GreekSeq>7</GreekSeq></word><word seq="9">your<GreekSeq>8</GreekSeq></word><word seq="10">truth,<GreekSeq>10</GreekSeq></word><word seq="11">as indeed<GreekSeq>11</GreekSeq></word><word seq="12">you<GreekSeq>12</GreekSeq></word><word seq="13">are walking<GreekSeq>15</GreekSeq></word><word seq="14">in<GreekSeq>13</GreekSeq></word><word seq="15">the truth.<GreekSeq>14</GreekSeq></word></ESV></verse>
<verse number="4"><ESV><word seq="1">I have<GreekSeq>4</GreekSeq></word><word seq="2">no<GreekSeq>3</GreekSeq></word><word seq="3">greater<GreekSeq>1</GreekSeq></word><word seq="4">joy<GreekSeq>5</GreekSeq></word><word seq="5">than<GreekSeq>1</GreekSeq></word><word seq="6">to hear<GreekSeq>6</GreekSeq><GreekSeq>7</GreekSeq></word><word seq="7">that</word><word seq="8">my<GreekSeq>9</GreekSeq></word><word seq="9">children<GreekSeq>10</GreekSeq></word><word seq="10">are walking<GreekSeq>14</GreekSeq></word><word seq="11">in<GreekSeq>11</GreekSeq></word><word seq="12">the<GreekSeq>12</GreekSeq></word><word seq="13">truth.<GreekSeq>13</GreekSeq></word></ESV></verse>
<verse number="5"><ESV><word seq="1">Beloved,<GreekSeq>1</GreekSeq></word><word seq="2">it is</word><word seq="3">a faithful<GreekSeq>2</GreekSeq></word><word seq="4">thing<GreekSeq>4</GreekSeq></word><word seq="5">you do<GreekSeq>3</GreekSeq></word><word seq="6">in all<GreekSeq>5</GreekSeq></word><word seq="7">your efforts<GreekSeq>6</GreekSeq></word><word seq="8">for<GreekSeq>7</GreekSeq></word><word seq="9">these<GreekSeq>8</GreekSeq></word><word seq="10">brothers,<GreekSeq>9</GreekSeq></word><word seq="11">strangers<GreekSeq>12</GreekSeq></word><word seq="12">[as they are],<GreekSeq>11</GreekSeq></word></ESV></verse>
<verse number="6"><ESV><word seq="1">who<GreekSeq>1</GreekSeq></word><word seq="2">testified to<GreekSeq>2</GreekSeq></word><word seq="3">your<GreekSeq>3</GreekSeq></word><word seq="4">love<GreekSeq>5</GreekSeq></word><word seq="5">before<GreekSeq>6</GreekSeq></word><word seq="6">the church.<GreekSeq>7</GreekSeq></word><word seq="7">You will do<GreekSeq>10</GreekSeq></word><word seq="8">well<GreekSeq>9</GreekSeq></word><word seq="9">to send<GreekSeq>11</GreekSeq></word><word seq="10">them<GreekSeq>8</GreekSeq></word><word seq="11">on their journey<GreekSeq>11</GreekSeq></word><word seq="12">in a manner worthy<GreekSeq>12</GreekSeq></word><word seq="13">of God.<GreekSeq>14</GreekSeq></word></ESV></verse>
<verse number="7"><ESV><word seq="1">For<GreekSeq>2</GreekSeq></word><word seq="2">they have gone out<GreekSeq>5</GreekSeq></word><word seq="3">for the sake of<GreekSeq>1</GreekSeq></word><word seq="4">the<GreekSeq>3</GreekSeq></word><word seq="5">name,<GreekSeq>4</GreekSeq></word><word seq="6">accepting<GreekSeq>7</GreekSeq></word><word seq="7">nothing<GreekSeq>6</GreekSeq></word><word seq="8">from<GreekSeq>8</GreekSeq></word><word seq="9">the<GreekSeq>9</GreekSeq></word><word seq="10">Gentiles.<GreekSeq>10</GreekSeq></word></ESV></verse>
<verse number="8"><ESV><word seq="1">Therefore<GreekSeq>2</GreekSeq></word><word seq="2">we<GreekSeq>1</GreekSeq></word><word seq="3">ought<GreekSeq>3</GreekSeq></word><word seq="4">to support<GreekSeq>4</GreekSeq></word><word seq="5">people like these,<GreekSeq>5</GreekSeq><GreekSeq>6</GreekSeq></word><word seq="6">that<GreekSeq>7</GreekSeq></word><word seq="7">we may be<GreekSeq>9</GreekSeq></word><word seq="8">fellow workers<GreekSeq>8</GreekSeq></word><word seq="9">for the<GreekSeq>10</GreekSeq></word><word seq="10">truth<GreekSeq>11</GreekSeq></word><word seq="11">.</word></ESV></verse>
<verse number="9"><ESV><word seq="1">I have written<GreekSeq>1</GreekSeq></word><word seq="2">something<GreekSeq>2</GreekSeq></word><word seq="3">to the<GreekSeq>3</GreekSeq></word><word seq="4">church,<GreekSeq>4</GreekSeq></word><word seq="5">but<GreekSeq>5</GreekSeq></word><word seq="6">Diotrephes,<GreekSeq>9</GreekSeq></word><word seq="7">who likes to put himself first,<GreekSeq>7</GreekSeq></word><word seq="8">does</word><word seq="9">not<GreekSeq>10</GreekSeq></word><word seq="10">acknowledge<GreekSeq>11</GreekSeq></word><word seq="11">our [authority].<GreekSeq>12</GreekSeq></word></ESV></verse>
<verse number="10"><ESV><word seq="1">So<GreekSeq>1</GreekSeq><GreekSeq>2</GreekSeq></word><word seq="2">if<GreekSeq>3</GreekSeq></word><word seq="3">I come,<GreekSeq>4</GreekSeq></word><word seq="4">I will bring up<GreekSeq>5</GreekSeq></word><word seq="5">what<GreekSeq>9</GreekSeq></word><word seq="6">he<GreekSeq>6</GreekSeq></word><word seq="7">is doing,<GreekSeq>10</GreekSeq></word><word seq="8">talking wicked<GreekSeq>11</GreekSeq><GreekSeq>12</GreekSeq></word><word seq="9">nonsense against<GreekSeq>13</GreekSeq></word><word seq="10">us.<GreekSeq>14</GreekSeq></word><word seq="11">And<GreekSeq>15</GreekSeq></word><word seq="12">not<GreekSeq>16</GreekSeq></word><word seq="13">content<GreekSeq>17</GreekSeq></word><word seq="14">with<GreekSeq>18</GreekSeq></word><word seq="15">that,<GreekSeq>19</GreekSeq></word><word seq="16">he<GreekSeq>21</GreekSeq></word><word seq="17">refuses to<GreekSeq>20</GreekSeq></word><word seq="18">welcome<GreekSeq>22</GreekSeq></word><word seq="19">the<GreekSeq>23</GreekSeq></word><word seq="20">brothers,<GreekSeq>24</GreekSeq></word><word seq="21">and also<GreekSeq>25</GreekSeq></word><word seq="22">stops<GreekSeq>28</GreekSeq></word><word seq="23">those<GreekSeq>26</GreekSeq></word><word seq="24">who want to<GreekSeq>27</GreekSeq></word><word seq="25">and<GreekSeq>29</GreekSeq></word><word seq="26">puts [them] out<GreekSeq>33</GreekSeq></word><word seq="27">of<GreekSeq>30</GreekSeq></word><word seq="28">the<GreekSeq>31</GreekSeq></word><word seq="29">church.<GreekSeq>32</GreekSeq></word></ESV></verse>
<verse number="11"><ESV><word seq="1">Beloved,<GreekSeq>1</GreekSeq></word><word seq="2">do</word><word seq="3">not<GreekSeq>2</GreekSeq></word><word seq="4">imitate<GreekSeq>3</GreekSeq></word><word seq="5">evil<GreekSeq>5</GreekSeq></word><word seq="6">but<GreekSeq>6</GreekSeq></word><word seq="7">imitate</word><word seq="8">good.<GreekSeq>8</GreekSeq></word><word seq="9">Whoever does good<GreekSeq>9</GreekSeq><GreekSeq>10</GreekSeq></word><word seq="10">is<GreekSeq>14</GreekSeq></word><word seq="11">from<GreekSeq>11</GreekSeq></word><word seq="12">God;<GreekSeq>13</GreekSeq></word><word seq="13">whoever does evil<GreekSeq>15</GreekSeq><GreekSeq>16</GreekSeq></word><word seq="14">has<GreekSeq>18</GreekSeq></word><word seq="15">not<GreekSeq>17</GreekSeq></word><word seq="16">seen<GreekSeq>18</GreekSeq></word><word seq="17">God.<GreekSeq>20</GreekSeq></word></ESV></verse>
<verse number="12"><ESV><word seq="1">Demetrius<GreekSeq>1</GreekSeq></word><word seq="2">has received a good testimony<GreekSeq>2</GreekSeq></word><word seq="3">from<GreekSeq>3</GreekSeq></word><word seq="4">everyone,<GreekSeq>4</GreekSeq></word><word seq="5">and<GreekSeq>5</GreekSeq></word><word seq="6">from<GreekSeq>6</GreekSeq></word><word seq="7">the<GreekSeq>8</GreekSeq></word><word seq="8">truth<GreekSeq>9</GreekSeq></word><word seq="9">itself.<GreekSeq>7</GreekSeq></word><word seq="10">We<GreekSeq>11</GreekSeq></word><word seq="11">also<GreekSeq>10</GreekSeq></word><word seq="12">add our testimony,<GreekSeq>13</GreekSeq></word><word seq="13">and<GreekSeq>14</GreekSeq></word><word seq="14">you know<GreekSeq>15</GreekSeq></word><word seq="15">that<GreekSeq>16</GreekSeq></word><word seq="16">our<GreekSeq>19</GreekSeq></word><word seq="17">testimony<GreekSeq>18</GreekSeq></word><word seq="18">is<GreekSeq>21</GreekSeq></word><word seq="19">true.<GreekSeq>20</GreekSeq></word></ESV></verse>
<verse number="13"><ESV><word seq="1">I had<GreekSeq>2</GreekSeq></word><word seq="2">much<GreekSeq>1</GreekSeq></word><word seq="3">to write<GreekSeq>3</GreekSeq></word><word seq="4">to you,<GreekSeq>4</GreekSeq></word><word seq="5">but<GreekSeq>5</GreekSeq></word><word seq="6">I would<GreekSeq>7</GreekSeq></word><word seq="7">rather</word><word seq="8">not<GreekSeq>6</GreekSeq></word><word seq="9">write<GreekSeq>13</GreekSeq></word><word seq="10">with<GreekSeq>8</GreekSeq></word><word seq="11">pen<GreekSeq>11</GreekSeq></word><word seq="12">and<GreekSeq>10</GreekSeq></word><word seq="13">ink.<GreekSeq>9</GreekSeq></word></ESV></verse>
<verse number="14"><ESV><word seq="1">I hope<GreekSeq>1</GreekSeq></word><word seq="2">to see<GreekSeq>5</GreekSeq></word><word seq="3">you<GreekSeq>4</GreekSeq></word><word seq="4">soon,<GreekSeq>3</GreekSeq></word><word seq="5">and<GreekSeq>6</GreekSeq></word><word seq="6">we will talk<GreekSeq>10</GreekSeq></word><word seq="7">face<GreekSeq>7</GreekSeq></word><word seq="8">to<GreekSeq>8</GreekSeq></word><word seq="9">face.<GreekSeq>9</GreekSeq></word></ESV></verse>
<verse number="15"><ESV><word seq="1">Peace<GreekSeq>1</GreekSeq></word><word seq="2">be</word><word seq="3">to you.<GreekSeq>2</GreekSeq></word><word seq="4">The<GreekSeq>5</GreekSeq></word><word seq="5">friends<GreekSeq>6</GreekSeq></word><word seq="6">greet<GreekSeq>3</GreekSeq></word><word seq="7">you.<GreekSeq>4</GreekSeq></word><word seq="8">Greet<GreekSeq>7</GreekSeq></word><word seq="9">the<GreekSeq>8</GreekSeq></word><word seq="10">friends,<GreekSeq>9</GreekSeq></word><word seq="11">each by<GreekSeq>10</GreekSeq></word><word seq="12">name.<GreekSeq>11</GreekSeq></word></ESV></verse></chapter></book>