<?xml version="1.0" encoding="UTF-8" standalone="no"?><book><chapter number="14">'<verse number="1"><ESV><word seq="1">Now<GreekSeq>2</GreekSeq></word><word seq="2">at<GreekSeq>3</GreekSeq></word><word seq="3">Iconium<GreekSeq>4</GreekSeq></word><word seq="4">they<GreekSeq>9</GreekSeq></word><word seq="5">entered<GreekSeq>8</GreekSeq></word><word seq="6">together<GreekSeq>5</GreekSeq><GreekSeq>6</GreekSeq><GreekSeq>7</GreekSeq></word><word seq="7">into<GreekSeq>10</GreekSeq></word><word seq="8">the<GreekSeq>11</GreekSeq></word><word seq="9">Jewish<GreekSeq>14</GreekSeq></word><word seq="10">synagogue<GreekSeq>12</GreekSeq></word><word seq="11">and<GreekSeq>15</GreekSeq></word><word seq="12">spoke<GreekSeq>16</GreekSeq></word><word seq="13">in such a way<GreekSeq>17</GreekSeq></word><word seq="14">that<GreekSeq>18</GreekSeq></word><word seq="15">a great<GreekSeq>24</GreekSeq></word><word seq="16">number<GreekSeq>25</GreekSeq></word><word seq="17">of<GreekSeq>20</GreekSeq></word><word seq="18">both<GreekSeq>21</GreekSeq></word><word seq="19">Jews<GreekSeq>20</GreekSeq></word><word seq="20">and<GreekSeq>22</GreekSeq></word><word seq="21">Greeks<GreekSeq>23</GreekSeq></word><word seq="22">believed.<GreekSeq>19</GreekSeq></word></ESV></verse>
<verse number="2"><ESV><word seq="1">But<GreekSeq>2</GreekSeq></word><word seq="2">the<GreekSeq>1</GreekSeq></word><word seq="3">unbelieving<GreekSeq>3</GreekSeq></word><word seq="4">Jews<GreekSeq>4</GreekSeq></word><word seq="5">stirred up<GreekSeq>5</GreekSeq></word><word seq="6">the<GreekSeq>10</GreekSeq></word><word seq="7">Gentiles<GreekSeq>11</GreekSeq></word><word seq="8">and<GreekSeq>6</GreekSeq></word><word seq="9">poisoned<GreekSeq>7</GreekSeq></word><word seq="10">[their]<GreekSeq>8</GreekSeq></word><word seq="11">minds<GreekSeq>9</GreekSeq></word><word seq="12">against<GreekSeq>12</GreekSeq></word><word seq="13">the<GreekSeq>13</GreekSeq></word><word seq="14">brothers.<GreekSeq>14</GreekSeq></word></ESV></verse>
<verse number="3"><ESV><word seq="1">So<GreekSeq>3</GreekSeq></word><word seq="2">they remained<GreekSeq>5</GreekSeq></word><word seq="3">for a long<GreekSeq>1</GreekSeq></word><word seq="4">time,<GreekSeq>4</GreekSeq></word><word seq="5">speaking boldly<GreekSeq>6</GreekSeq></word><word seq="6">for<GreekSeq>7</GreekSeq></word><word seq="7">the<GreekSeq>8</GreekSeq></word><word seq="8">Lord,<GreekSeq>9</GreekSeq></word><word seq="9">who bore witness<GreekSeq>11</GreekSeq></word><word seq="10">to<GreekSeq>12</GreekSeq></word><word seq="11">the<GreekSeq>13</GreekSeq></word><word seq="12">word<GreekSeq>14</GreekSeq></word><word seq="13">of<GreekSeq>16</GreekSeq></word><word seq="14">his<GreekSeq>17</GreekSeq></word><word seq="15">grace,<GreekSeq>16</GreekSeq></word><word seq="16">granting<GreekSeq>18</GreekSeq></word><word seq="17">signs<GreekSeq>19</GreekSeq></word><word seq="18">and<GreekSeq>20</GreekSeq></word><word seq="19">wonders<GreekSeq>21</GreekSeq></word><word seq="20">to be done<GreekSeq>22</GreekSeq></word><word seq="21">by<GreekSeq>23</GreekSeq></word><word seq="22">their<GreekSeq>26</GreekSeq></word><word seq="23">hands.<GreekSeq>25</GreekSeq></word></ESV></verse>
<verse number="4"><ESV><word seq="1">But<GreekSeq>2</GreekSeq></word><word seq="2">the<GreekSeq>3</GreekSeq></word><word seq="3">people<GreekSeq>4</GreekSeq></word><word seq="4">of the<GreekSeq>5</GreekSeq></word><word seq="5">city<GreekSeq>6</GreekSeq></word><word seq="6">were divided;<GreekSeq>1</GreekSeq></word><word seq="7">some<GreekSeq>8</GreekSeq></word><word seq="8">[sided]<GreekSeq>10</GreekSeq></word><word seq="9">with<GreekSeq>11</GreekSeq></word><word seq="10">the<GreekSeq>12</GreekSeq></word><word seq="11">Jews<GreekSeq>13</GreekSeq></word><word seq="12">and<GreekSeq>15</GreekSeq></word><word seq="13">some<GreekSeq>14</GreekSeq></word><word seq="14">with<GreekSeq>16</GreekSeq></word><word seq="15">the<GreekSeq>17</GreekSeq></word><word seq="16">apostles.<GreekSeq>18</GreekSeq></word></ESV></verse>
<verse number="5"><ESV><word seq="1">When<GreekSeq>1</GreekSeq></word><word seq="2">an attempt<GreekSeq>4</GreekSeq></word><word seq="3">was made<GreekSeq>3</GreekSeq></word><word seq="4">by</word><word seq="5">both<GreekSeq>7</GreekSeq></word><word seq="6">Gentiles<GreekSeq>6</GreekSeq></word><word seq="7">and<GreekSeq>8</GreekSeq></word><word seq="8">Jews,<GreekSeq>9</GreekSeq></word><word seq="9">with<GreekSeq>10</GreekSeq></word><word seq="10">their<GreekSeq>13</GreekSeq></word><word seq="11">rulers,<GreekSeq>12</GreekSeq></word><word seq="12">to mistreat<GreekSeq>14</GreekSeq></word><word seq="13">them</word><word seq="14">and<GreekSeq>15</GreekSeq></word><word seq="15">to stone<GreekSeq>16</GreekSeq></word><word seq="16">them,<GreekSeq>17</GreekSeq></word></ESV></verse>
<verse number="6"><ESV><word seq="1">they learned<GreekSeq>1</GreekSeq></word><word seq="2">of it and</word><word seq="3">fled<GreekSeq>2</GreekSeq></word><word seq="4">to<GreekSeq>3</GreekSeq></word><word seq="5">Lystra<GreekSeq>8</GreekSeq></word><word seq="6">and<GreekSeq>9</GreekSeq></word><word seq="7">Derbe,<GreekSeq>10</GreekSeq></word><word seq="8">cities<GreekSeq>5</GreekSeq></word><word seq="9">of Lycaonia,<GreekSeq>7</GreekSeq></word><word seq="10">and<GreekSeq>11</GreekSeq></word><word seq="11">to the<GreekSeq>12</GreekSeq></word><word seq="12">surrounding country,<GreekSeq>13</GreekSeq></word></ESV></verse>
<verse number="7"><ESV><word seq="1">and there<GreekSeq>1</GreekSeq></word><word seq="2">they continued<GreekSeq>3</GreekSeq></word><word seq="3">to preach the gospel.<GreekSeq>2</GreekSeq></word></ESV></verse>
<verse number="8"><ESV><word seq="1">Now<GreekSeq>1</GreekSeq></word><word seq="2">at<GreekSeq>5</GreekSeq></word><word seq="3">Lystra<GreekSeq>6</GreekSeq></word><word seq="4">there was</word><word seq="5">a<GreekSeq>2</GreekSeq></word><word seq="6">man<GreekSeq>3</GreekSeq></word><word seq="7">sitting<GreekSeq>9</GreekSeq></word><word seq="8">who<GreekSeq>15</GreekSeq></word><word seq="9">could not use<GreekSeq>4</GreekSeq></word><word seq="10">[his]<GreekSeq>7</GreekSeq></word><word seq="11">feet.<GreekSeq>8</GreekSeq></word><word seq="12" note="Base of different Greek: ὑπάρχων(5225)">He was</word><word seq="13">crippled<GreekSeq>10</GreekSeq></word><word seq="14">from birth<GreekSeq>11</GreekSeq><GreekSeq>12</GreekSeq><GreekSeq>13</GreekSeq></word><word seq="15">and</word><word seq="16">had<GreekSeq>17</GreekSeq></word><word seq="17">never<GreekSeq>16</GreekSeq></word><word seq="18">walked.<GreekSeq>17</GreekSeq></word></ESV></verse>
<verse number="9"><ESV><word seq="1">He<GreekSeq>1</GreekSeq></word><word seq="2">listened to<GreekSeq>2</GreekSeq></word><word seq="3">Paul<GreekSeq>4</GreekSeq></word><word seq="4">speaking.<GreekSeq>5</GreekSeq></word><word seq="5">And</word><word seq="6">[Paul],<GreekSeq>6</GreekSeq></word><word seq="7">looking intently at<GreekSeq>7</GreekSeq></word><word seq="8">him<GreekSeq>8</GreekSeq></word><word seq="9">and<GreekSeq>9</GreekSeq></word><word seq="10">seeing<GreekSeq>10</GreekSeq></word><word seq="11">that<GreekSeq>11</GreekSeq></word><word seq="12">he had<GreekSeq>12</GreekSeq></word><word seq="13">faith<GreekSeq>13</GreekSeq></word><word seq="14">to be made well,<GreekSeq>15</GreekSeq></word></ESV></verse>
<verse number="10"><ESV><word seq="1">said<GreekSeq>1</GreekSeq></word><word seq="2">in a loud<GreekSeq>2</GreekSeq></word><word seq="3">voice,<GreekSeq>3</GreekSeq></word><word seq="4">“Stand<GreekSeq>4</GreekSeq></word><word seq="5">upright<GreekSeq>9</GreekSeq></word><word seq="6">on<GreekSeq>5</GreekSeq></word><word seq="7">your<GreekSeq>8</GreekSeq></word><word seq="8">feet.”<GreekSeq>7</GreekSeq></word><word seq="9">And<GreekSeq>10</GreekSeq></word><word seq="10">he sprang up<GreekSeq>11</GreekSeq></word><word seq="11">and<GreekSeq>12</GreekSeq></word><word seq="12">began walking.<GreekSeq>13</GreekSeq></word></ESV></verse>
<verse number="11"><ESV><word seq="1">And<GreekSeq>2</GreekSeq></word><word seq="2">when<GreekSeq>4</GreekSeq></word><word seq="3">the<GreekSeq>1</GreekSeq></word><word seq="4">crowds<GreekSeq>3</GreekSeq></word><word seq="5">saw<GreekSeq>4</GreekSeq></word><word seq="6">what<GreekSeq>5</GreekSeq></word><word seq="7">Paul<GreekSeq>7</GreekSeq></word><word seq="8">had done,<GreekSeq>6</GreekSeq></word><word seq="9">they lifted up<GreekSeq>8</GreekSeq></word><word seq="10">their<GreekSeq>11</GreekSeq></word><word seq="11">voices,<GreekSeq>10</GreekSeq></word><word seq="12">saying<GreekSeq>13</GreekSeq></word><word seq="13">in Lycaonian,<GreekSeq>12</GreekSeq></word><word seq="14">“The<GreekSeq>14</GreekSeq></word><word seq="15">gods<GreekSeq>15</GreekSeq></word><word seq="16">have come down<GreekSeq>18</GreekSeq></word><word seq="17">to<GreekSeq>19</GreekSeq></word><word seq="18">us<GreekSeq>20</GreekSeq></word><word seq="19">in the likeness of<GreekSeq>16</GreekSeq></word><word seq="20">men!”<GreekSeq>17</GreekSeq></word></ESV></verse>
<verse number="12"><ESV><word seq="1">Barnabas<GreekSeq>4</GreekSeq></word><word seq="2">they called<GreekSeq>1</GreekSeq></word><word seq="3">Zeus,<GreekSeq>5</GreekSeq></word><word seq="4">and<GreekSeq>7</GreekSeq></word><word seq="5">Paul,<GreekSeq>8</GreekSeq></word><word seq="6">Hermes,<GreekSeq>9</GreekSeq></word><word seq="7">because<GreekSeq>10</GreekSeq></word><word seq="8">he<GreekSeq>11</GreekSeq></word><word seq="9">was<GreekSeq>12</GreekSeq></word><word seq="10">the<GreekSeq>13</GreekSeq></word><word seq="11">chief speaker.<GreekSeq>14</GreekSeq><GreekSeq>16</GreekSeq></word></ESV></verse>
<verse number="13"><ESV><word seq="1">And<GreekSeq>2</GreekSeq></word><word seq="2">the<GreekSeq>1</GreekSeq></word><word seq="3">priest<GreekSeq>3</GreekSeq></word><word seq="4">of Zeus,<GreekSeq>5</GreekSeq></word><word seq="5">whose [temple] was<GreekSeq>7</GreekSeq></word><word seq="6">at the entrance to<GreekSeq>8</GreekSeq></word><word seq="7">the<GreekSeq>9</GreekSeq></word><word seq="8">city,<GreekSeq>10</GreekSeq></word><word seq="9">brought<GreekSeq>17</GreekSeq></word><word seq="10">oxen<GreekSeq>11</GreekSeq></word><word seq="11">and<GreekSeq>12</GreekSeq></word><word seq="12">garlands<GreekSeq>13</GreekSeq></word><word seq="13">to<GreekSeq>14</GreekSeq></word><word seq="14">the<GreekSeq>15</GreekSeq></word><word seq="15">gates<GreekSeq>16</GreekSeq></word><word seq="16">and</word><word seq="17">wanted<GreekSeq>21</GreekSeq></word><word seq="18">to offer sacrifice<GreekSeq>22</GreekSeq></word><word seq="19">with<GreekSeq>18</GreekSeq></word><word seq="20">the<GreekSeq>19</GreekSeq></word><word seq="21">crowds.<GreekSeq>20</GreekSeq></word></ESV></verse>
<verse number="14"><ESV><word seq="1">But<GreekSeq>2</GreekSeq></word><word seq="2">when<GreekSeq>1</GreekSeq></word><word seq="3">the<GreekSeq>3</GreekSeq></word><word seq="4">apostles<GreekSeq>4</GreekSeq></word><word seq="5">Barnabas<GreekSeq>5</GreekSeq></word><word seq="6">and<GreekSeq>6</GreekSeq></word><word seq="7">Paul<GreekSeq>7</GreekSeq></word><word seq="8">heard<GreekSeq>1</GreekSeq></word><word seq="9">of it,</word><word seq="10">they tore<GreekSeq>8</GreekSeq></word><word seq="11">their<GreekSeq>11</GreekSeq></word><word seq="12">garments<GreekSeq>10</GreekSeq></word><word seq="13">and</word><word seq="14">rushed out<GreekSeq>12</GreekSeq></word><word seq="15">into<GreekSeq>13</GreekSeq></word><word seq="16">the<GreekSeq>14</GreekSeq></word><word seq="17">crowd,<GreekSeq>15</GreekSeq></word><word seq="18">crying out,<GreekSeq>16</GreekSeq></word></ESV></verse>
<verse number="15"><ESV><word seq="1">“Men,<GreekSeq>3</GreekSeq></word><word seq="2">why<GreekSeq>4</GreekSeq></word><word seq="3">are you doing<GreekSeq>6</GreekSeq></word><word seq="4">these things?<GreekSeq>16</GreekSeq></word><word seq="5">We<GreekSeq>8</GreekSeq></word><word seq="6">also<GreekSeq>7</GreekSeq></word><word seq="7">are<GreekSeq>10</GreekSeq></word><word seq="8">men,<GreekSeq>12</GreekSeq></word><word seq="9">of like nature<GreekSeq>9</GreekSeq></word><word seq="10">with you,<GreekSeq>11</GreekSeq></word><word seq="11">and we</word><word seq="12">bring<GreekSeq>13</GreekSeq></word><word seq="13">you<GreekSeq>14</GreekSeq></word><word seq="14">good news,<GreekSeq>13</GreekSeq></word><word seq="15">that you should turn<GreekSeq>19</GreekSeq></word><word seq="16">from<GreekSeq>15</GreekSeq></word><word seq="17">these<GreekSeq>5</GreekSeq></word><word seq="18">vain<GreekSeq>18</GreekSeq></word><word seq="19">things<GreekSeq>17</GreekSeq></word><word seq="20">to<GreekSeq>20</GreekSeq></word><word seq="21">a living<GreekSeq>22</GreekSeq></word><word seq="22">God,<GreekSeq>21</GreekSeq></word><word seq="23">who<GreekSeq>23</GreekSeq></word><word seq="24">made<GreekSeq>24</GreekSeq></word><word seq="25">the<GreekSeq>25</GreekSeq></word><word seq="26">heaven<GreekSeq>26</GreekSeq></word><word seq="27">and<GreekSeq>27</GreekSeq></word><word seq="28">the<GreekSeq>28</GreekSeq></word><word seq="29">earth<GreekSeq>29</GreekSeq></word><word seq="30">and<GreekSeq>30</GreekSeq></word><word seq="31">the<GreekSeq>31</GreekSeq></word><word seq="32">sea<GreekSeq>32</GreekSeq></word><word seq="33">and<GreekSeq>33</GreekSeq></word><word seq="34">all<GreekSeq>34</GreekSeq></word><word seq="35">that<GreekSeq>35</GreekSeq></word><word seq="36">is</word><word seq="37">in<GreekSeq>36</GreekSeq></word><word seq="38">them.<GreekSeq>37</GreekSeq></word></ESV></verse>
<verse number="16"><ESV><word seq="1">In<GreekSeq>2</GreekSeq></word><word seq="2">past<GreekSeq>4</GreekSeq></word><word seq="3">generations<GreekSeq>5</GreekSeq></word><word seq="4">he<GreekSeq>1</GreekSeq></word><word seq="5">allowed<GreekSeq>6</GreekSeq></word><word seq="6">all<GreekSeq>7</GreekSeq></word><word seq="7">the<GreekSeq>8</GreekSeq></word><word seq="8">nations<GreekSeq>9</GreekSeq></word><word seq="9">to walk<GreekSeq>10</GreekSeq></word><word seq="10">in</word><word seq="11">their own<GreekSeq>13</GreekSeq></word><word seq="12">ways.<GreekSeq>12</GreekSeq></word></ESV></verse>
<verse number="17"><ESV><word seq="1">Yet<GreekSeq>1</GreekSeq></word><word seq="2">he did<GreekSeq>5</GreekSeq></word><word seq="3">not<GreekSeq>2</GreekSeq></word><word seq="4">leave<GreekSeq>5</GreekSeq></word><word seq="5" note="Base of different Greek: ἑαυτὸν(1438)">himself<GreekSeq>4</GreekSeq></word><word seq="6">without witness,<GreekSeq>3</GreekSeq></word><word seq="7">for</word><word seq="8">he did good<GreekSeq>6</GreekSeq></word><word seq="9">by giving<GreekSeq>10</GreekSeq></word><word seq="10">you<GreekSeq>8</GreekSeq></word><word seq="11">rains<GreekSeq>9</GreekSeq></word><word seq="12">from heaven<GreekSeq>7</GreekSeq></word><word seq="13">and<GreekSeq>11</GreekSeq></word><word seq="14">fruitful<GreekSeq>13</GreekSeq></word><word seq="15">seasons,<GreekSeq>12</GreekSeq></word><word seq="16">satisfying<GreekSeq>14</GreekSeq></word><word seq="17">your<GreekSeq>20</GreekSeq></word><word seq="18">hearts<GreekSeq>19</GreekSeq></word><word seq="19">with<GreekSeq>17</GreekSeq></word><word seq="20">food<GreekSeq>15</GreekSeq></word><word seq="21">and<GreekSeq>16</GreekSeq></word><word seq="22">gladness.”<GreekSeq>17</GreekSeq></word></ESV></verse>
<verse number="18"><ESV><word seq="1">Even<GreekSeq>1</GreekSeq></word><word seq="2">with these<GreekSeq>2</GreekSeq></word><word seq="3">words<GreekSeq>3</GreekSeq></word><word seq="4">they<GreekSeq>5</GreekSeq></word><word seq="5">scarcely<GreekSeq>4</GreekSeq></word><word seq="6">restrained<GreekSeq>5</GreekSeq></word><word seq="7">the<GreekSeq>6</GreekSeq></word><word seq="8">people<GreekSeq>7</GreekSeq></word><word seq="9">from<GreekSeq>9</GreekSeq></word><word seq="10">offering sacrifice<GreekSeq>10</GreekSeq></word><word seq="11">to them.<GreekSeq>11</GreekSeq></word></ESV></verse>
<verse number="19"><ESV><word seq="1">But<GreekSeq>2</GreekSeq></word><word seq="2">Jews<GreekSeq>7</GreekSeq></word><word seq="3">came<GreekSeq>1</GreekSeq></word><word seq="4">from<GreekSeq>3</GreekSeq></word><word seq="5">Antioch<GreekSeq>4</GreekSeq></word><word seq="6">and<GreekSeq>5</GreekSeq></word><word seq="7">Iconium,<GreekSeq>6</GreekSeq></word><word seq="8">and<GreekSeq>8</GreekSeq></word><word seq="9">having persuaded<GreekSeq>9</GreekSeq></word><word seq="10">the<GreekSeq>10</GreekSeq></word><word seq="11">crowds,<GreekSeq>11</GreekSeq></word><word seq="12">they stoned<GreekSeq>13</GreekSeq></word><word seq="13">Paul<GreekSeq>15</GreekSeq></word><word seq="14">and</word><word seq="15">dragged<GreekSeq>16</GreekSeq></word><word seq="16">him</word><word seq="17">out of<GreekSeq>17</GreekSeq></word><word seq="18">the<GreekSeq>18</GreekSeq></word><word seq="19">city,<GreekSeq>19</GreekSeq></word><word seq="20">supposing<GreekSeq>20</GreekSeq></word><word seq="21">that</word><word seq="22">he<GreekSeq>21</GreekSeq></word><word seq="23">was dead.<GreekSeq>22</GreekSeq></word></ESV></verse>
<verse number="20"><ESV><word seq="1">But<GreekSeq>2</GreekSeq></word><word seq="2">when<GreekSeq>1</GreekSeq></word><word seq="3">the<GreekSeq>3</GreekSeq></word><word seq="4">disciples<GreekSeq>4</GreekSeq></word><word seq="5">gathered about<GreekSeq>1</GreekSeq></word><word seq="6">him,<GreekSeq>5</GreekSeq></word><word seq="7">he rose up<GreekSeq>6</GreekSeq></word><word seq="8">and</word><word seq="9">entered<GreekSeq>7</GreekSeq></word><word seq="10">the<GreekSeq>9</GreekSeq></word><word seq="11">city,<GreekSeq>10</GreekSeq></word><word seq="12">and<GreekSeq>11</GreekSeq></word><word seq="13">on the next day<GreekSeq>13</GreekSeq></word><word seq="14">he went on<GreekSeq>14</GreekSeq></word><word seq="15">with<GreekSeq>15</GreekSeq></word><word seq="16">Barnabas<GreekSeq>17</GreekSeq></word><word seq="17">to<GreekSeq>18</GreekSeq></word><word seq="18">Derbe.<GreekSeq>19</GreekSeq></word></ESV></verse>
<verse number="21"><ESV><word seq="1">When they had preached the gospel<GreekSeq>1</GreekSeq></word><word seq="2">to that<GreekSeq>5</GreekSeq></word><word seq="3">city<GreekSeq>4</GreekSeq></word><word seq="4">and<GreekSeq>6</GreekSeq></word><word seq="5">had made<GreekSeq>7</GreekSeq></word><word seq="6">many<GreekSeq>8</GreekSeq></word><word seq="7">disciples,<GreekSeq>7</GreekSeq></word><word seq="8">they returned<GreekSeq>9</GreekSeq></word><word seq="9">to<GreekSeq>10</GreekSeq></word><word seq="10">Lystra<GreekSeq>12</GreekSeq></word><word seq="11">and<GreekSeq>13</GreekSeq></word><word seq="12">to<GreekSeq>14</GreekSeq></word><word seq="13">Iconium<GreekSeq>15</GreekSeq></word><word seq="14">and<GreekSeq>16</GreekSeq></word><word seq="15">to<GreekSeq>17</GreekSeq></word><word seq="16">Antioch,<GreekSeq>18</GreekSeq></word></ESV></verse>
<verse number="22"><ESV><word seq="1">strengthening<GreekSeq>1</GreekSeq></word><word seq="2">the<GreekSeq>2</GreekSeq></word><word seq="3">souls<GreekSeq>3</GreekSeq></word><word seq="4">of the<GreekSeq>4</GreekSeq></word><word seq="5">disciples,<GreekSeq>5</GreekSeq></word><word seq="6">encouraging<GreekSeq>6</GreekSeq></word><word seq="7">them</word><word seq="8">to continue<GreekSeq>7</GreekSeq></word><word seq="9">in the<GreekSeq>8</GreekSeq></word><word seq="10">faith,<GreekSeq>9</GreekSeq></word><word seq="11">and<GreekSeq>10</GreekSeq></word><word seq="12">saying</word><word seq="13">that<GreekSeq>11</GreekSeq></word><word seq="14">through<GreekSeq>12</GreekSeq></word><word seq="15">many<GreekSeq>13</GreekSeq></word><word seq="16">tribulations<GreekSeq>14</GreekSeq></word><word seq="17">we<GreekSeq>16</GreekSeq></word><word seq="18">must<GreekSeq>15</GreekSeq></word><word seq="19">enter<GreekSeq>17</GreekSeq></word><word seq="20">the<GreekSeq>19</GreekSeq></word><word seq="21">kingdom<GreekSeq>20</GreekSeq></word><word seq="22">of God.<GreekSeq>22</GreekSeq></word></ESV></verse>
<verse number="23"><ESV><word seq="1">And<GreekSeq>2</GreekSeq></word><word seq="2">when they had appointed<GreekSeq>1</GreekSeq></word><word seq="3">elders<GreekSeq>6</GreekSeq></word><word seq="4">for them<GreekSeq>3</GreekSeq></word><word seq="5">in every<GreekSeq>4</GreekSeq></word><word seq="6">church,<GreekSeq>5</GreekSeq></word><word seq="7">with<GreekSeq>8</GreekSeq></word><word seq="8">prayer<GreekSeq>7</GreekSeq></word><word seq="9">and</word><word seq="10">fasting<GreekSeq>9</GreekSeq></word><word seq="11">they committed<GreekSeq>10</GreekSeq></word><word seq="12">them<GreekSeq>11</GreekSeq></word><word seq="13">to the<GreekSeq>12</GreekSeq></word><word seq="14">Lord<GreekSeq>13</GreekSeq></word><word seq="15">in<GreekSeq>14</GreekSeq></word><word seq="16">whom<GreekSeq>15</GreekSeq></word><word seq="17">they had believed.<GreekSeq>16</GreekSeq></word></ESV></verse>
<verse number="24"><ESV><word seq="1">Then<GreekSeq>1</GreekSeq></word><word seq="2">they passed through<GreekSeq>2</GreekSeq></word><word seq="3">Pisidia<GreekSeq>4</GreekSeq></word><word seq="4">and</word><word seq="5">came<GreekSeq>5</GreekSeq></word><word seq="6">to<GreekSeq>6</GreekSeq></word><word seq="7">Pamphylia.<GreekSeq>8</GreekSeq></word></ESV></verse>
<verse number="25"><ESV><word seq="1">And<GreekSeq>1</GreekSeq></word><word seq="2">when they had spoken<GreekSeq>2</GreekSeq></word><word seq="3">the<GreekSeq>5</GreekSeq></word><word seq="4">word<GreekSeq>6</GreekSeq></word><word seq="5">in<GreekSeq>3</GreekSeq></word><word seq="6">Perga,<GreekSeq>4</GreekSeq></word><word seq="7">they went down<GreekSeq>7</GreekSeq></word><word seq="8">to<GreekSeq>8</GreekSeq></word><word seq="9">Attalia,<GreekSeq>9</GreekSeq></word></ESV></verse>
<verse number="26"><ESV><word seq="1">and from there<GreekSeq>1</GreekSeq></word><word seq="2">they sailed<GreekSeq>2</GreekSeq></word><word seq="3">to<GreekSeq>3</GreekSeq></word><word seq="4">Antioch,<GreekSeq>4</GreekSeq></word><word seq="5">where<GreekSeq>5</GreekSeq></word><word seq="6">they had been<GreekSeq>6</GreekSeq></word><word seq="7">commended<GreekSeq>7</GreekSeq></word><word seq="8">to the<GreekSeq>8</GreekSeq></word><word seq="9">grace<GreekSeq>9</GreekSeq></word><word seq="10">of God<GreekSeq>11</GreekSeq></word><word seq="11">for<GreekSeq>12</GreekSeq></word><word seq="12">the<GreekSeq>13</GreekSeq></word><word seq="13">work<GreekSeq>14</GreekSeq></word><word seq="14">that<GreekSeq>15</GreekSeq></word><word seq="15">they had fulfilled.<GreekSeq>16</GreekSeq></word></ESV></verse>
<verse number="27"><ESV><word seq="1">And<GreekSeq>2</GreekSeq></word><word seq="2">when they arrived<GreekSeq>1</GreekSeq></word><word seq="3">and<GreekSeq>3</GreekSeq></word><word seq="4">gathered<GreekSeq>4</GreekSeq></word><word seq="5">the<GreekSeq>5</GreekSeq></word><word seq="6">church<GreekSeq>6</GreekSeq></word><word seq="7">together,<GreekSeq>4</GreekSeq></word><word seq="8">they declared<GreekSeq>7</GreekSeq></word><word seq="9">all that<GreekSeq>8</GreekSeq></word><word seq="10">God<GreekSeq>11</GreekSeq></word><word seq="11">had done<GreekSeq>9</GreekSeq></word><word seq="12">with<GreekSeq>12</GreekSeq></word><word seq="13">them,<GreekSeq>13</GreekSeq></word><word seq="14">and<GreekSeq>14</GreekSeq></word><word seq="15">how<GreekSeq>15</GreekSeq></word><word seq="16">he had opened<GreekSeq>16</GreekSeq></word><word seq="17">a door<GreekSeq>19</GreekSeq></word><word seq="18">of faith<GreekSeq>20</GreekSeq></word><word seq="19">to the<GreekSeq>17</GreekSeq></word><word seq="20">Gentiles.<GreekSeq>18</GreekSeq></word></ESV></verse>
<verse number="28"><ESV><word seq="1">And<GreekSeq>2</GreekSeq></word><word seq="2">they remained<GreekSeq>1</GreekSeq></word><word seq="3">no<GreekSeq>4</GreekSeq></word><word seq="4">little<GreekSeq>5</GreekSeq></word><word seq="5">time<GreekSeq>3</GreekSeq></word><word seq="6">with<GreekSeq>6</GreekSeq></word><word seq="7">the<GreekSeq>7</GreekSeq></word><word seq="8">disciples.<GreekSeq>8</GreekSeq></word></ESV></verse></chapter></book>