<?xml version="1.0" encoding="UTF-8" standalone="no"?><book><chapter number="19">'<verse number="1"><ESV><word seq="1">And<GreekSeq>2</GreekSeq></word><word seq="2">it happened<GreekSeq>1</GreekSeq></word><word seq="3">that</word><word seq="4">while<GreekSeq>3</GreekSeq><GreekSeq>4</GreekSeq></word><word seq="5">Apollos<GreekSeq>6</GreekSeq></word><word seq="6">was<GreekSeq>7</GreekSeq></word><word seq="7">at<GreekSeq>8</GreekSeq></word><word seq="8">Corinth,<GreekSeq>9</GreekSeq></word><word seq="9">Paul<GreekSeq>10</GreekSeq></word><word seq="10">passed through<GreekSeq>11</GreekSeq></word><word seq="11">the<GreekSeq>12</GreekSeq></word><word seq="12">[inland]<GreekSeq>13</GreekSeq></word><word seq="13">country<GreekSeq>14</GreekSeq></word><word seq="14">and</word><word seq="15">came<GreekSeq>15</GreekSeq></word><word seq="16">to<GreekSeq>16</GreekSeq></word><word seq="17">Ephesus.<GreekSeq>17</GreekSeq></word><word seq="18">There he</word><word seq="19">found<GreekSeq>19</GreekSeq></word><word seq="20">some<GreekSeq>20</GreekSeq></word><word seq="21">disciples.<GreekSeq>21</GreekSeq></word></ESV></verse>
<verse number="2"><ESV><word seq="1">And<GreekSeq>2</GreekSeq></word><word seq="2">he said<GreekSeq>1</GreekSeq></word><word seq="3">to<GreekSeq>3</GreekSeq></word><word seq="4">them,<GreekSeq>4</GreekSeq></word><word seq="5">“Did you receive<GreekSeq>5</GreekSeq><GreekSeq>8</GreekSeq></word><word seq="6">the</word><word seq="7">Holy<GreekSeq>7</GreekSeq></word><word seq="8">Spirit<GreekSeq>6</GreekSeq></word><word seq="9">when you believed?”<GreekSeq>9</GreekSeq></word><word seq="10">And<GreekSeq>11</GreekSeq></word><word seq="11">they<GreekSeq>10</GreekSeq></word><word seq="12" note="Base of different Greek: εῖπον(2036)">said,</word><word seq="13">“No,<GreekSeq>14</GreekSeq></word><word seq="14">we have<GreekSeq>20</GreekSeq></word><word seq="15">not even<GreekSeq>15</GreekSeq></word><word seq="16">heard<GreekSeq>20</GreekSeq></word><word seq="17">that</word><word seq="18">there is<GreekSeq>19</GreekSeq></word><word seq="19">a Holy<GreekSeq>18</GreekSeq></word><word seq="20">Spirit.”<GreekSeq>17</GreekSeq></word></ESV></verse>
<verse number="3"><ESV><word seq="1">And<GreekSeq>2</GreekSeq></word><word seq="2">he said,<GreekSeq>1</GreekSeq></word><word seq="3">“Into<GreekSeq>3</GreekSeq></word><word seq="4">what<GreekSeq>4</GreekSeq></word><word seq="5">then<GreekSeq>5</GreekSeq></word><word seq="6">were you baptized?”<GreekSeq>6</GreekSeq></word><word seq="7">They<GreekSeq>7</GreekSeq></word><word seq="8">said,<GreekSeq>9</GreekSeq></word><word seq="9">“Into<GreekSeq>10</GreekSeq></word><word seq="10">John’s<GreekSeq>12</GreekSeq></word><word seq="11">baptism.”<GreekSeq>13</GreekSeq></word></ESV></verse>
<verse number="4"><ESV><word seq="1">And<GreekSeq>2</GreekSeq></word><word seq="2">Paul<GreekSeq>3</GreekSeq></word><word seq="3">said,<GreekSeq>1</GreekSeq></word><word seq="4">“John<GreekSeq>4</GreekSeq></word><word seq="5">baptized<GreekSeq>5</GreekSeq></word><word seq="6">with the baptism<GreekSeq>6</GreekSeq></word><word seq="7">of repentance,<GreekSeq>7</GreekSeq></word><word seq="8">telling<GreekSeq>10</GreekSeq></word><word seq="9">the<GreekSeq>8</GreekSeq></word><word seq="10">people<GreekSeq>9</GreekSeq></word><word seq="11">to believe<GreekSeq>16</GreekSeq><GreekSeq>17</GreekSeq></word><word seq="12">in<GreekSeq>11</GreekSeq></word><word seq="13">the one<GreekSeq>12</GreekSeq></word><word seq="14">who was to come<GreekSeq>13</GreekSeq></word><word seq="15">after<GreekSeq>14</GreekSeq></word><word seq="16">him,<GreekSeq>15</GreekSeq></word><word seq="17">that<GreekSeq>18</GreekSeq></word><word seq="18">is,<GreekSeq>19</GreekSeq></word><word seq="19">Jesus.”<GreekSeq>22</GreekSeq></word></ESV></verse>
<verse number="5"><ESV><word seq="1">On hearing<GreekSeq>1</GreekSeq></word><word seq="2">this,</word><word seq="3">they were baptized<GreekSeq>3</GreekSeq></word><word seq="4">in<GreekSeq>4</GreekSeq></word><word seq="5">the<GreekSeq>5</GreekSeq></word><word seq="6">name<GreekSeq>6</GreekSeq></word><word seq="7">of the<GreekSeq>7</GreekSeq></word><word seq="8">Lord<GreekSeq>8</GreekSeq></word><word seq="9">Jesus.<GreekSeq>9</GreekSeq></word></ESV></verse>
<verse number="6"><ESV><word seq="1">And<GreekSeq>1</GreekSeq></word><word seq="2">when<GreekSeq>2</GreekSeq></word><word seq="3">Paul<GreekSeq>5</GreekSeq></word><word seq="4">had laid<GreekSeq>2</GreekSeq></word><word seq="5">[his]<GreekSeq>4</GreekSeq></word><word seq="6">hands<GreekSeq>7</GreekSeq></word><word seq="7">on them,<GreekSeq>3</GreekSeq></word><word seq="8">the<GreekSeq>9</GreekSeq></word><word seq="9">Holy<GreekSeq>12</GreekSeq></word><word seq="10">Spirit<GreekSeq>10</GreekSeq></word><word seq="11">came<GreekSeq>8</GreekSeq></word><word seq="12">on<GreekSeq>13</GreekSeq></word><word seq="13">them,<GreekSeq>14</GreekSeq></word><word seq="14">and<GreekSeq>16</GreekSeq></word><word seq="15">they began speaking<GreekSeq>15</GreekSeq></word><word seq="16">in tongues<GreekSeq>17</GreekSeq></word><word seq="17">and<GreekSeq>18</GreekSeq></word><word seq="18">prophesying.<GreekSeq>19</GreekSeq></word></ESV></verse>
<verse number="7"><ESV><word seq="1">There were<GreekSeq>1</GreekSeq></word><word seq="2">about<GreekSeq>6</GreekSeq></word><word seq="3">twelve<GreekSeq>7</GreekSeq></word><word seq="4">men<GreekSeq>5</GreekSeq></word><word seq="5">in all.<GreekSeq>4</GreekSeq></word></ESV></verse>
<verse number="8"><ESV><word seq="1">And<GreekSeq>2</GreekSeq></word><word seq="2">he entered<GreekSeq>1</GreekSeq></word><word seq="3">the<GreekSeq>4</GreekSeq></word><word seq="4">synagogue<GreekSeq>5</GreekSeq></word><word seq="5">and</word><word seq="6">for<GreekSeq>7</GreekSeq></word><word seq="7">three<GreekSeq>9</GreekSeq></word><word seq="8">months<GreekSeq>8</GreekSeq></word><word seq="9">spoke boldly,<GreekSeq>6</GreekSeq></word><word seq="10">reasoning<GreekSeq>10</GreekSeq></word><word seq="11">and<GreekSeq>11</GreekSeq></word><word seq="12">persuading<GreekSeq>12</GreekSeq></word><word seq="13">them</word><word seq="14">about<GreekSeq>14</GreekSeq></word><word seq="15">the<GreekSeq>15</GreekSeq></word><word seq="16">kingdom<GreekSeq>16</GreekSeq></word><word seq="17">of God.<GreekSeq>18</GreekSeq></word></ESV></verse>
<verse number="9"><ESV><word seq="1">But<GreekSeq>2</GreekSeq></word><word seq="2">when<GreekSeq>1</GreekSeq></word><word seq="3">some<GreekSeq>3</GreekSeq></word><word seq="4">became stubborn<GreekSeq>4</GreekSeq></word><word seq="5">and<GreekSeq>5</GreekSeq></word><word seq="6">continued in unbelief,<GreekSeq>6</GreekSeq></word><word seq="7">speaking evil of<GreekSeq>7</GreekSeq></word><word seq="8">the<GreekSeq>8</GreekSeq></word><word seq="9">Way<GreekSeq>9</GreekSeq></word><word seq="10">before<GreekSeq>10</GreekSeq></word><word seq="11">the<GreekSeq>11</GreekSeq></word><word seq="12">congregation,<GreekSeq>12</GreekSeq></word><word seq="13">he withdrew<GreekSeq>13</GreekSeq></word><word seq="14">from<GreekSeq>14</GreekSeq></word><word seq="15">them<GreekSeq>15</GreekSeq></word><word seq="16">and</word><word seq="17">took<GreekSeq>16</GreekSeq></word><word seq="18">the<GreekSeq>17</GreekSeq></word><word seq="19">disciples<GreekSeq>18</GreekSeq></word><word seq="20">with him,</word><word seq="21">reasoning<GreekSeq>21</GreekSeq></word><word seq="22">daily<GreekSeq>19</GreekSeq><GreekSeq>20</GreekSeq></word><word seq="23">in<GreekSeq>22</GreekSeq></word><word seq="24">the<GreekSeq>23</GreekSeq></word><word seq="25">hall<GreekSeq>24</GreekSeq></word><word seq="26">of Tyrannus.<GreekSeq>25</GreekSeq></word></ESV></verse>
<verse number="10"><ESV><word seq="1">This<GreekSeq>1</GreekSeq></word><word seq="2">continued<GreekSeq>3</GreekSeq></word><word seq="3">for<GreekSeq>4</GreekSeq></word><word seq="4">two<GreekSeq>6</GreekSeq></word><word seq="5">years,<GreekSeq>5</GreekSeq></word><word seq="6">so that<GreekSeq>7</GreekSeq></word><word seq="7">all<GreekSeq>8</GreekSeq></word><word seq="8">the<GreekSeq>9</GreekSeq></word><word seq="9">residents of<GreekSeq>10</GreekSeq></word><word seq="10">Asia<GreekSeq>12</GreekSeq></word><word seq="11">heard<GreekSeq>13</GreekSeq></word><word seq="12">the<GreekSeq>14</GreekSeq></word><word seq="13">word<GreekSeq>15</GreekSeq></word><word seq="14">of the<GreekSeq>16</GreekSeq></word><word seq="15">Lord,<GreekSeq>17</GreekSeq></word><word seq="16">both<GreekSeq>19</GreekSeq></word><word seq="17">Jews<GreekSeq>18</GreekSeq></word><word seq="18">and<GreekSeq>20</GreekSeq></word><word seq="19">Greeks.<GreekSeq>21</GreekSeq></word></ESV></verse>
<verse number="11"><ESV><word seq="1">And<GreekSeq>2</GreekSeq></word><word seq="2">God<GreekSeq>7</GreekSeq></word><word seq="3">was doing<GreekSeq>8</GreekSeq></word><word seq="4">extraordinary<GreekSeq>3</GreekSeq><GreekSeq>4</GreekSeq><GreekSeq>5</GreekSeq></word><word seq="5">miracles<GreekSeq>1</GreekSeq></word><word seq="6">by<GreekSeq>9</GreekSeq></word><word seq="7">the<GreekSeq>10</GreekSeq></word><word seq="8">hands<GreekSeq>11</GreekSeq></word><word seq="9">of Paul,<GreekSeq>12</GreekSeq></word></ESV></verse>
<verse number="12"><ESV><word seq="1">so that<GreekSeq>1</GreekSeq></word><word seq="2">even<GreekSeq>2</GreekSeq></word><word seq="3">handkerchiefs<GreekSeq>11</GreekSeq></word><word seq="4">or<GreekSeq>12</GreekSeq></word><word seq="5">aprons<GreekSeq>13</GreekSeq></word><word seq="6">[that had touched]<GreekSeq>7</GreekSeq></word><word seq="7">his<GreekSeq>10</GreekSeq></word><word seq="8">skin<GreekSeq>9</GreekSeq></word><word seq="9">were carried away<GreekSeq>6</GreekSeq></word><word seq="10">to<GreekSeq>3</GreekSeq></word><word seq="11">the<GreekSeq>4</GreekSeq></word><word seq="12">sick,<GreekSeq>5</GreekSeq></word><word seq="13">and<GreekSeq>14</GreekSeq></word><word seq="14">[their]<GreekSeq>18</GreekSeq></word><word seq="15">diseases<GreekSeq>19</GreekSeq></word><word seq="16">left<GreekSeq>15</GreekSeq></word><word seq="17">them<GreekSeq>17</GreekSeq></word><word seq="18">and<GreekSeq>21</GreekSeq></word><word seq="19">the<GreekSeq>20</GreekSeq></word><word seq="20">evil<GreekSeq>24</GreekSeq></word><word seq="21">spirits<GreekSeq>22</GreekSeq></word><word seq="22">came out<GreekSeq>25</GreekSeq></word><word seq="23" note="Base of different Greek: ἀπʼ(575)">of</word><word seq="24" note="Base of different Greek: αὐτῶν(846)">them.</word></ESV></verse>
<verse number="13"><ESV><word seq="1">Then<GreekSeq>2</GreekSeq></word><word seq="2">some<GreekSeq>3</GreekSeq></word><word seq="3">of the<GreekSeq>5</GreekSeq></word><word seq="4">itinerant<GreekSeq>6</GreekSeq></word><word seq="5">Jewish<GreekSeq>7</GreekSeq></word><word seq="6">exorcists<GreekSeq>8</GreekSeq></word><word seq="7">undertook<GreekSeq>1</GreekSeq></word><word seq="8">to invoke<GreekSeq>9</GreekSeq></word><word seq="9">the<GreekSeq>17</GreekSeq></word><word seq="10">name<GreekSeq>18</GreekSeq></word><word seq="11">of the<GreekSeq>19</GreekSeq></word><word seq="12">Lord<GreekSeq>20</GreekSeq></word><word seq="13">Jesus<GreekSeq>21</GreekSeq></word><word seq="14">over<GreekSeq>10</GreekSeq></word><word seq="15">those<GreekSeq>11</GreekSeq></word><word seq="16">who had<GreekSeq>12</GreekSeq></word><word seq="17">evil<GreekSeq>16</GreekSeq></word><word seq="18">spirits,<GreekSeq>14</GreekSeq></word><word seq="19">saying,<GreekSeq>22</GreekSeq></word><word seq="20">“I adjure<GreekSeq>23</GreekSeq></word><word seq="21">you<GreekSeq>24</GreekSeq></word><word seq="22">by the<GreekSeq>25</GreekSeq></word><word seq="23">Jesus<GreekSeq>26</GreekSeq></word><word seq="24">whom<GreekSeq>27</GreekSeq></word><word seq="25">Paul<GreekSeq>28</GreekSeq></word><word seq="26">proclaims.”<GreekSeq>29</GreekSeq></word></ESV></verse>
<verse number="14"><ESV><word seq="1">Seven<GreekSeq>7</GreekSeq></word><word seq="2">sons<GreekSeq>8</GreekSeq></word><word seq="3">of a Jewish<GreekSeq>5</GreekSeq></word><word seq="4">high priest<GreekSeq>6</GreekSeq></word><word seq="5">[named] Sceva<GreekSeq>4</GreekSeq></word><word seq="6">were doing<GreekSeq>10</GreekSeq></word><word seq="7">this.<GreekSeq>9</GreekSeq></word></ESV></verse>
<verse number="15"><ESV><word seq="1">But<GreekSeq>2</GreekSeq></word><word seq="2">the<GreekSeq>5</GreekSeq></word><word seq="3">evil<GreekSeq>6</GreekSeq></word><word seq="4">spirit<GreekSeq>4</GreekSeq></word><word seq="5">answered<GreekSeq>1</GreekSeq></word><word seq="6">them,<GreekSeq>8</GreekSeq></word><word seq="7">“Jesus<GreekSeq>11</GreekSeq></word><word seq="8">I know,<GreekSeq>12</GreekSeq></word><word seq="9">and<GreekSeq>13</GreekSeq></word><word seq="10">Paul<GreekSeq>15</GreekSeq></word><word seq="11">I recognize,<GreekSeq>16</GreekSeq></word><word seq="12">but<GreekSeq>18</GreekSeq></word><word seq="13">who<GreekSeq>19</GreekSeq></word><word seq="14">are<GreekSeq>20</GreekSeq></word><word seq="15">you?”<GreekSeq>17</GreekSeq></word></ESV></verse>
<verse number="16"><ESV><word seq="1">And<GreekSeq>1</GreekSeq></word><word seq="2">the<GreekSeq>3</GreekSeq></word><word seq="3">man<GreekSeq>4</GreekSeq></word><word seq="4">in<GreekSeq>7</GreekSeq></word><word seq="5">whom<GreekSeq>8</GreekSeq></word><word seq="6">was<GreekSeq>9</GreekSeq></word><word seq="7">the<GreekSeq>10</GreekSeq></word><word seq="8">evil<GreekSeq>13</GreekSeq></word><word seq="9">spirit<GreekSeq>11</GreekSeq></word><word seq="10">leaped<GreekSeq>2</GreekSeq></word><word seq="11">on<GreekSeq>5</GreekSeq></word><word seq="12">them,<GreekSeq>6</GreekSeq></word><word seq="13">mastered<GreekSeq>14</GreekSeq></word><word seq="14">[all] of them<GreekSeq>15</GreekSeq></word><word seq="15">and</word><word seq="16">overpowered<GreekSeq>16</GreekSeq><GreekSeq>17</GreekSeq></word><word seq="17">them,<GreekSeq>18</GreekSeq></word><word seq="18">so that<GreekSeq>19</GreekSeq></word><word seq="19">they</word><word seq="20">fled<GreekSeq>23</GreekSeq></word><word seq="21">out of<GreekSeq>24</GreekSeq></word><word seq="22">that<GreekSeq>27</GreekSeq></word><word seq="23">house<GreekSeq>26</GreekSeq></word><word seq="24">naked<GreekSeq>20</GreekSeq></word><word seq="25">and<GreekSeq>21</GreekSeq></word><word seq="26">wounded.<GreekSeq>22</GreekSeq></word></ESV></verse>
<verse number="17"><ESV><word seq="1">And<GreekSeq>2</GreekSeq></word><word seq="2">this<GreekSeq>1</GreekSeq></word><word seq="3">became<GreekSeq>3</GreekSeq></word><word seq="4">known<GreekSeq>4</GreekSeq></word><word seq="5">to all<GreekSeq>5</GreekSeq></word><word seq="6">the<GreekSeq>10</GreekSeq></word><word seq="7">residents<GreekSeq>11</GreekSeq></word><word seq="8">of Ephesus,<GreekSeq>13</GreekSeq></word><word seq="9">both<GreekSeq>7</GreekSeq></word><word seq="10">Jews<GreekSeq>6</GreekSeq></word><word seq="11">and<GreekSeq>8</GreekSeq></word><word seq="12">Greeks.<GreekSeq>9</GreekSeq></word><word seq="13">And<GreekSeq>14</GreekSeq></word><word seq="14">fear<GreekSeq>16</GreekSeq></word><word seq="15">fell<GreekSeq>15</GreekSeq></word><word seq="16">upon<GreekSeq>17</GreekSeq></word><word seq="17">them<GreekSeq>19</GreekSeq></word><word seq="18">all,<GreekSeq>18</GreekSeq></word><word seq="19">and<GreekSeq>20</GreekSeq></word><word seq="20">the<GreekSeq>22</GreekSeq></word><word seq="21">name<GreekSeq>23</GreekSeq></word><word seq="22">of the<GreekSeq>24</GreekSeq></word><word seq="23">Lord<GreekSeq>25</GreekSeq></word><word seq="24">Jesus<GreekSeq>26</GreekSeq></word><word seq="25">was extolled.<GreekSeq>21</GreekSeq></word></ESV></verse>
<verse number="18"><ESV><word seq="1">Also<GreekSeq>2</GreekSeq></word><word seq="2">many<GreekSeq>1</GreekSeq></word><word seq="3">of those<GreekSeq>3</GreekSeq></word><word seq="4">who were now believers<GreekSeq>4</GreekSeq></word><word seq="5">came,<GreekSeq>5</GreekSeq></word><word seq="6">confessing<GreekSeq>6</GreekSeq></word><word seq="7">and<GreekSeq>7</GreekSeq></word><word seq="8">divulging<GreekSeq>8</GreekSeq></word><word seq="9">their<GreekSeq>11</GreekSeq></word><word seq="10">practices.<GreekSeq>10</GreekSeq></word></ESV></verse>
<verse number="19"><ESV><word seq="1">And<GreekSeq>2</GreekSeq></word><word seq="2">a number<GreekSeq>1</GreekSeq></word><word seq="3">of those<GreekSeq>3</GreekSeq></word><word seq="4">who had practiced<GreekSeq>6</GreekSeq></word><word seq="5">magic arts<GreekSeq>5</GreekSeq></word><word seq="6">brought<GreekSeq>7</GreekSeq></word><word seq="7">their</word><word seq="8">books<GreekSeq>9</GreekSeq></word><word seq="9">together<GreekSeq>7</GreekSeq></word><word seq="10">and</word><word seq="11">burned<GreekSeq>10</GreekSeq></word><word seq="12">them</word><word seq="13">in the sight<GreekSeq>11</GreekSeq></word><word seq="14">of all.<GreekSeq>12</GreekSeq></word><word seq="15">And<GreekSeq>13</GreekSeq></word><word seq="16">they counted<GreekSeq>14</GreekSeq></word><word seq="17">the<GreekSeq>15</GreekSeq></word><word seq="18">value<GreekSeq>16</GreekSeq></word><word seq="19">of them<GreekSeq>17</GreekSeq></word><word seq="20">and<GreekSeq>18</GreekSeq></word><word seq="21">found<GreekSeq>19</GreekSeq></word><word seq="22">it came to</word><word seq="23">fifty thousand<GreekSeq>21</GreekSeq><GreekSeq>22</GreekSeq></word><word seq="24">pieces</word><word seq="25">of silver.<GreekSeq>20</GreekSeq></word></ESV></verse>
<verse number="20"><ESV><word seq="1">So<GreekSeq>1</GreekSeq></word><word seq="2">the<GreekSeq>6</GreekSeq></word><word seq="3">word<GreekSeq>7</GreekSeq></word><word seq="4">of the<GreekSeq>4</GreekSeq></word><word seq="5">Lord<GreekSeq>5</GreekSeq></word><word seq="6">continued to increase<GreekSeq>8</GreekSeq></word><word seq="7">and<GreekSeq>9</GreekSeq></word><word seq="8">prevail<GreekSeq>10</GreekSeq></word><word seq="9">mightily.<GreekSeq>2</GreekSeq><GreekSeq>3</GreekSeq></word></ESV></verse>
<verse number="21"><ESV><word seq="1">Now<GreekSeq>1</GreekSeq></word><word seq="2">after<GreekSeq>3</GreekSeq></word><word seq="3">these events<GreekSeq>4</GreekSeq></word><word seq="4">Paul<GreekSeq>7</GreekSeq></word><word seq="5">resolved<GreekSeq>5</GreekSeq></word><word seq="6">in<GreekSeq>8</GreekSeq></word><word seq="7">the<GreekSeq>9</GreekSeq></word><word seq="8">Spirit<GreekSeq>10</GreekSeq></word><word seq="9">to pass through<GreekSeq>11</GreekSeq></word><word seq="10">Macedonia<GreekSeq>13</GreekSeq></word><word seq="11">and<GreekSeq>14</GreekSeq></word><word seq="12">Achaia<GreekSeq>15</GreekSeq></word><word seq="13">and</word><word seq="14">go<GreekSeq>16</GreekSeq></word><word seq="15">to<GreekSeq>17</GreekSeq></word><word seq="16">Jerusalem,<GreekSeq>18</GreekSeq></word><word seq="17">saying,<GreekSeq>19</GreekSeq></word><word seq="18">“After<GreekSeq>21</GreekSeq></word><word seq="19">I<GreekSeq>24</GreekSeq></word><word seq="20">have been<GreekSeq>23</GreekSeq></word><word seq="21">there,<GreekSeq>25</GreekSeq></word><word seq="22">I<GreekSeq>27</GreekSeq></word><word seq="23">must<GreekSeq>26</GreekSeq></word><word seq="24">also<GreekSeq>28</GreekSeq></word><word seq="25">see<GreekSeq>30</GreekSeq></word><word seq="26">Rome.”<GreekSeq>29</GreekSeq></word></ESV></verse>
<verse number="22"><ESV><word seq="1">And<GreekSeq>2</GreekSeq></word><word seq="2">having sent<GreekSeq>1</GreekSeq></word><word seq="3">into<GreekSeq>3</GreekSeq></word><word seq="4">Macedonia<GreekSeq>5</GreekSeq></word><word seq="5">two<GreekSeq>6</GreekSeq></word><word seq="6">of his<GreekSeq>9</GreekSeq></word><word seq="7">helpers,<GreekSeq>8</GreekSeq></word><word seq="8">Timothy<GreekSeq>10</GreekSeq></word><word seq="9">and<GreekSeq>11</GreekSeq></word><word seq="10">Erastus,<GreekSeq>12</GreekSeq></word><word seq="11">he himself<GreekSeq>13</GreekSeq></word><word seq="12">stayed<GreekSeq>14</GreekSeq></word><word seq="13">in<GreekSeq>16</GreekSeq></word><word seq="14">Asia<GreekSeq>18</GreekSeq></word><word seq="15">for a while.<GreekSeq>15</GreekSeq></word></ESV></verse>
<verse number="23"><ESV><word seq="1">About<GreekSeq>3</GreekSeq></word><word seq="2">that<GreekSeq>6</GreekSeq></word><word seq="3">time<GreekSeq>5</GreekSeq></word><word seq="4">there arose<GreekSeq>1</GreekSeq></word><word seq="5">no<GreekSeq>8</GreekSeq></word><word seq="6">little<GreekSeq>9</GreekSeq></word><word seq="7">disturbance<GreekSeq>7</GreekSeq></word><word seq="8">concerning<GreekSeq>10</GreekSeq></word><word seq="9">the<GreekSeq>11</GreekSeq></word><word seq="10">Way.<GreekSeq>12</GreekSeq></word></ESV></verse>
<verse number="24"><ESV><word seq="1">For<GreekSeq>2</GreekSeq></word><word seq="2">a man<GreekSeq>3</GreekSeq></word><word seq="3">named<GreekSeq>4</GreekSeq></word><word seq="4">Demetrius,<GreekSeq>1</GreekSeq></word><word seq="5">a silversmith,<GreekSeq>5</GreekSeq></word><word seq="6">who made<GreekSeq>6</GreekSeq></word><word seq="7">silver<GreekSeq>8</GreekSeq></word><word seq="8">shrines<GreekSeq>7</GreekSeq></word><word seq="9">of Artemis,<GreekSeq>9</GreekSeq></word><word seq="10">brought<GreekSeq>10</GreekSeq></word><word seq="11">no<GreekSeq>13</GreekSeq></word><word seq="12">little<GreekSeq>14</GreekSeq></word><word seq="13">business<GreekSeq>15</GreekSeq></word><word seq="14">to the<GreekSeq>11</GreekSeq></word><word seq="15">craftsmen.<GreekSeq>12</GreekSeq></word></ESV></verse>
<verse number="25"><ESV><word seq="1">These<GreekSeq>1</GreekSeq></word><word seq="2">he gathered together, with<GreekSeq>2</GreekSeq></word><word seq="3">the [workmen]<GreekSeq>4</GreekSeq></word><word seq="4">in<GreekSeq>5</GreekSeq></word><word seq="5">similar trades,<GreekSeq>7</GreekSeq><GreekSeq>8</GreekSeq></word><word seq="6">and<GreekSeq>3</GreekSeq></word><word seq="7">said,<GreekSeq>9</GreekSeq></word><word seq="8">“Men,<GreekSeq>10</GreekSeq></word><word seq="9">you know<GreekSeq>11</GreekSeq></word><word seq="10">that<GreekSeq>12</GreekSeq></word><word seq="11">from<GreekSeq>13</GreekSeq></word><word seq="12">this<GreekSeq>14</GreekSeq></word><word seq="13">business<GreekSeq>16</GreekSeq></word><word seq="14">we have<GreekSeq>20</GreekSeq></word><word seq="15" note="Base of different Greek: ἡμῶν(2257)">our<GreekSeq>19</GreekSeq></word><word seq="16">wealth.<GreekSeq>18</GreekSeq></word></ESV></verse>
<verse number="26"><ESV><word seq="1">And<GreekSeq>1</GreekSeq></word><word seq="2">you see<GreekSeq>2</GreekSeq></word><word seq="3">and<GreekSeq>3</GreekSeq></word><word seq="4">hear<GreekSeq>4</GreekSeq></word><word seq="5">that<GreekSeq>5</GreekSeq></word><word seq="6">not<GreekSeq>6</GreekSeq></word><word seq="7">only<GreekSeq>7</GreekSeq></word><word seq="8">in Ephesus<GreekSeq>8</GreekSeq></word><word seq="9">but<GreekSeq>9</GreekSeq></word><word seq="10">in almost<GreekSeq>10</GreekSeq></word><word seq="11">all<GreekSeq>11</GreekSeq></word><word seq="12">of Asia<GreekSeq>13</GreekSeq></word><word seq="13">this<GreekSeq>16</GreekSeq></word><word seq="14">Paul<GreekSeq>15</GreekSeq></word><word seq="15">has persuaded<GreekSeq>17</GreekSeq></word><word seq="16">and</word><word seq="17">turned away<GreekSeq>18</GreekSeq></word><word seq="18">a great many<GreekSeq>19</GreekSeq></word><word seq="19">people,<GreekSeq>20</GreekSeq></word><word seq="20">saying<GreekSeq>21</GreekSeq></word><word seq="21">that<GreekSeq>22</GreekSeq></word><word seq="22">[gods]<GreekSeq>26</GreekSeq></word><word seq="23">made<GreekSeq>29</GreekSeq></word><word seq="24">with<GreekSeq>27</GreekSeq></word><word seq="25">hands<GreekSeq>28</GreekSeq></word><word seq="26">are<GreekSeq>24</GreekSeq></word><word seq="27">not<GreekSeq>23</GreekSeq></word><word seq="28">gods.<GreekSeq>25</GreekSeq></word></ESV></verse>
<verse number="27"><ESV><word seq="1">And<GreekSeq>3</GreekSeq></word><word seq="2">there is danger<GreekSeq>5</GreekSeq></word><word seq="3">not<GreekSeq>1</GreekSeq></word><word seq="4">only<GreekSeq>2</GreekSeq></word><word seq="5">that</word><word seq="6">this<GreekSeq>4</GreekSeq></word><word seq="7">trade<GreekSeq>8</GreekSeq></word><word seq="8">of ours<GreekSeq>6</GreekSeq></word><word seq="9">may come<GreekSeq>11</GreekSeq></word><word seq="10">into<GreekSeq>9</GreekSeq></word><word seq="11">disrepute<GreekSeq>10</GreekSeq></word><word seq="12">but<GreekSeq>12</GreekSeq></word><word seq="13">also<GreekSeq>13</GreekSeq></word><word seq="14">that</word><word seq="15">the<GreekSeq>14</GreekSeq></word><word seq="16">temple<GreekSeq>19</GreekSeq></word><word seq="17">of the<GreekSeq>15</GreekSeq></word><word seq="18">great<GreekSeq>16</GreekSeq></word><word seq="19">goddess<GreekSeq>17</GreekSeq></word><word seq="20">Artemis<GreekSeq>18</GreekSeq></word><word seq="21">may be counted<GreekSeq>22</GreekSeq></word><word seq="22">as<GreekSeq>20</GreekSeq></word><word seq="23">nothing,<GreekSeq>21</GreekSeq></word><word seq="24">and<GreekSeq>24</GreekSeq></word><word seq="25">that she may<GreekSeq>23</GreekSeq></word><word seq="26">even<GreekSeq>25</GreekSeq></word><word seq="27">be deposed from<GreekSeq>26</GreekSeq></word><word seq="28">her<GreekSeq>29</GreekSeq></word><word seq="29">magnificence,<GreekSeq>28</GreekSeq></word><word seq="30">she</word><word seq="31">whom<GreekSeq>30</GreekSeq></word><word seq="32">all<GreekSeq>31</GreekSeq></word><word seq="33">Asia<GreekSeq>33</GreekSeq></word><word seq="34">and<GreekSeq>34</GreekSeq></word><word seq="35">the<GreekSeq>35</GreekSeq></word><word seq="36">world<GreekSeq>36</GreekSeq></word><word seq="37">worship.”<GreekSeq>37</GreekSeq></word></ESV></verse>
<verse number="28"><ESV><word seq="1">When they heard<GreekSeq>1</GreekSeq></word><word seq="2">this</word><word seq="3">they were<GreekSeq>4</GreekSeq></word><word seq="4">enraged<GreekSeq>5</GreekSeq><GreekSeq>6</GreekSeq></word><word seq="5">and<GreekSeq>3</GreekSeq></word><word seq="6">were crying out,<GreekSeq>7</GreekSeq></word><word seq="7">“Great<GreekSeq>9</GreekSeq></word><word seq="8">is</word><word seq="9">Artemis<GreekSeq>11</GreekSeq></word><word seq="10">of the Ephesians!”<GreekSeq>12</GreekSeq></word></ESV></verse>
<verse number="29"><ESV><word seq="1">So<GreekSeq>1</GreekSeq></word><word seq="2">the<GreekSeq>3</GreekSeq></word><word seq="3">city<GreekSeq>4</GreekSeq></word><word seq="4">was filled with<GreekSeq>2</GreekSeq></word><word seq="5">the<GreekSeq>6</GreekSeq></word><word seq="6">confusion,<GreekSeq>6</GreekSeq></word><word seq="7">and<GreekSeq>8</GreekSeq></word><word seq="8">they rushed<GreekSeq>7</GreekSeq></word><word seq="9">together<GreekSeq>9</GreekSeq></word><word seq="10">into<GreekSeq>10</GreekSeq></word><word seq="11">the<GreekSeq>11</GreekSeq></word><word seq="12">theater,<GreekSeq>12</GreekSeq></word><word seq="13">dragging with them<GreekSeq>13</GreekSeq></word><word seq="14">Gaius<GreekSeq>14</GreekSeq></word><word seq="15">and<GreekSeq>15</GreekSeq></word><word seq="16">Aristarchus,<GreekSeq>16</GreekSeq></word><word seq="17">Macedonians<GreekSeq>17</GreekSeq></word><word seq="18">who were</word><word seq="19">Paul’s<GreekSeq>19</GreekSeq></word><word seq="20">companions in travel.<GreekSeq>18</GreekSeq></word></ESV></verse>
<verse number="30"><ESV><word seq="1">But<GreekSeq>2</GreekSeq></word><word seq="2">when<GreekSeq>3</GreekSeq></word><word seq="3">Paul<GreekSeq>1</GreekSeq></word><word seq="4">wished<GreekSeq>3</GreekSeq></word><word seq="5">to go<GreekSeq>4</GreekSeq></word><word seq="6">in among<GreekSeq>5</GreekSeq></word><word seq="7">the<GreekSeq>6</GreekSeq></word><word seq="8">crowd,<GreekSeq>7</GreekSeq></word><word seq="9">the<GreekSeq>11</GreekSeq></word><word seq="10">disciples<GreekSeq>12</GreekSeq></word><word seq="11">would</word><word seq="12">not<GreekSeq>8</GreekSeq></word><word seq="13">let<GreekSeq>9</GreekSeq></word><word seq="14">him.<GreekSeq>10</GreekSeq></word></ESV></verse>
<verse number="31"><ESV><word seq="1">And<GreekSeq>2</GreekSeq></word><word seq="2">even<GreekSeq>3</GreekSeq></word><word seq="3">some<GreekSeq>1</GreekSeq></word><word seq="4">of the<GreekSeq>4</GreekSeq></word><word seq="5">Asiarchs,<GreekSeq>5</GreekSeq></word><word seq="6">who were<GreekSeq>6</GreekSeq></word><word seq="7">friends<GreekSeq>8</GreekSeq></word><word seq="8">of</word><word seq="9">his,<GreekSeq>7</GreekSeq></word><word seq="10">sent<GreekSeq>9</GreekSeq></word><word seq="11">to<GreekSeq>10</GreekSeq></word><word seq="12">him<GreekSeq>11</GreekSeq></word><word seq="13">and</word><word seq="14">were urging<GreekSeq>12</GreekSeq></word><word seq="15">him</word><word seq="16">not<GreekSeq>13</GreekSeq></word><word seq="17">to venture<GreekSeq>14</GreekSeq></word><word seq="18">into<GreekSeq>16</GreekSeq></word><word seq="19">the<GreekSeq>17</GreekSeq></word><word seq="20">theater.<GreekSeq>18</GreekSeq></word></ESV></verse>
<verse number="32"><ESV><word seq="1">Now<GreekSeq>3</GreekSeq></word><word seq="2">some<GreekSeq>1</GreekSeq></word><word seq="3">cried out<GreekSeq>6</GreekSeq></word><word seq="4">one thing,<GreekSeq>5</GreekSeq></word><word seq="5">some</word><word seq="6">another,<GreekSeq>4</GreekSeq></word><word seq="7">for<GreekSeq>8</GreekSeq></word><word seq="8">the<GreekSeq>9</GreekSeq></word><word seq="9">assembly<GreekSeq>10</GreekSeq></word><word seq="10">was<GreekSeq>7</GreekSeq></word><word seq="11">in confusion,<GreekSeq>11</GreekSeq></word><word seq="12">and<GreekSeq>12</GreekSeq></word><word seq="13">most<GreekSeq>14</GreekSeq></word><word seq="14">of them<GreekSeq>13</GreekSeq></word><word seq="15">did<GreekSeq>16</GreekSeq></word><word seq="16">not<GreekSeq>15</GreekSeq></word><word seq="17">know<GreekSeq>16</GreekSeq></word><word seq="18">why<GreekSeq>17</GreekSeq><GreekSeq>18</GreekSeq></word><word seq="19">they had come together.<GreekSeq>19</GreekSeq></word></ESV></verse>
<verse number="33"><ESV><word seq="1">Some<GreekSeq>2</GreekSeq></word><word seq="2">of<GreekSeq>1</GreekSeq></word><word seq="3">the<GreekSeq>3</GreekSeq></word><word seq="4">crowd<GreekSeq>4</GreekSeq></word><word seq="5">prompted<GreekSeq>5</GreekSeq></word><word seq="6">Alexander,<GreekSeq>6</GreekSeq></word><word seq="7">whom<GreekSeq>8</GreekSeq></word><word seq="8">the<GreekSeq>9</GreekSeq></word><word seq="9">Jews<GreekSeq>10</GreekSeq></word><word seq="10">had put forward.<GreekSeq>7</GreekSeq></word><word seq="11">And<GreekSeq>12</GreekSeq></word><word seq="12">Alexander,<GreekSeq>13</GreekSeq></word><word seq="13">motioning<GreekSeq>14</GreekSeq></word><word seq="14">with</word><word seq="15">[his]<GreekSeq>15</GreekSeq></word><word seq="16">hand,<GreekSeq>16</GreekSeq></word><word seq="17">wanted<GreekSeq>17</GreekSeq></word><word seq="18">to make a defense<GreekSeq>18</GreekSeq></word><word seq="19">to the<GreekSeq>19</GreekSeq></word><word seq="20">crowd.<GreekSeq>20</GreekSeq></word></ESV></verse>
<verse number="34"><ESV><word seq="1">But<GreekSeq>2</GreekSeq></word><word seq="2">when they recognized<GreekSeq>1</GreekSeq></word><word seq="3">that<GreekSeq>3</GreekSeq></word><word seq="4">he was<GreekSeq>5</GreekSeq></word><word seq="5">a Jew,<GreekSeq>4</GreekSeq></word><word seq="6">for<GreekSeq>12</GreekSeq></word><word seq="7">about<GreekSeq>11</GreekSeq></word><word seq="8">two<GreekSeq>14</GreekSeq></word><word seq="9">hours<GreekSeq>13</GreekSeq></word><word seq="10">they<GreekSeq>15</GreekSeq></word><word seq="11">all<GreekSeq>10</GreekSeq></word><word seq="12">cried out<GreekSeq>15</GreekSeq></word><word seq="13">with</word><word seq="14">one<GreekSeq>8</GreekSeq></word><word seq="15">voice,<GreekSeq>6</GreekSeq></word><word seq="16">“Great<GreekSeq>16</GreekSeq></word><word seq="17">is</word><word seq="18">Artemis<GreekSeq>18</GreekSeq></word><word seq="19">of the Ephesians!”<GreekSeq>19</GreekSeq></word></ESV></verse>
<verse number="35"><ESV><word seq="1">And<GreekSeq>2</GreekSeq></word><word seq="2">when<GreekSeq>1</GreekSeq></word><word seq="3">the<GreekSeq>3</GreekSeq></word><word seq="4">town clerk<GreekSeq>4</GreekSeq></word><word seq="5">had quieted<GreekSeq>1</GreekSeq></word><word seq="6">the<GreekSeq>5</GreekSeq></word><word seq="7">crowd,<GreekSeq>6</GreekSeq></word><word seq="8">he said,<GreekSeq>7</GreekSeq></word><word seq="9">“Men<GreekSeq>8</GreekSeq></word><word seq="10">of Ephesus,<GreekSeq>9</GreekSeq></word><word seq="11">who<GreekSeq>10</GreekSeq></word><word seq="12">is there<GreekSeq>12</GreekSeq></word><word seq="13">who<GreekSeq>14</GreekSeq></word><word seq="14">does</word><word seq="15">not<GreekSeq>15</GreekSeq></word><word seq="16">know<GreekSeq>16</GreekSeq></word><word seq="17">that</word><word seq="18">the<GreekSeq>17</GreekSeq></word><word seq="19">city<GreekSeq>19</GreekSeq></word><word seq="20">of the Ephesians<GreekSeq>18</GreekSeq></word><word seq="21">is<GreekSeq>21</GreekSeq></word><word seq="22">temple keeper<GreekSeq>20</GreekSeq></word><word seq="23">of the<GreekSeq>22</GreekSeq></word><word seq="24">great<GreekSeq>23</GreekSeq></word><word seq="25">Artemis,<GreekSeq>24</GreekSeq></word><word seq="26">and<GreekSeq>25</GreekSeq></word><word seq="27">of the<GreekSeq>26</GreekSeq></word><word seq="28">sacred stone that fell from the sky?<GreekSeq>27</GreekSeq></word></ESV></verse>
<verse number="36"><ESV><word seq="1">Seeing</word><word seq="2">then<GreekSeq>2</GreekSeq></word><word seq="3">that</word><word seq="4">these things<GreekSeq>4</GreekSeq></word><word seq="5">cannot be denied,<GreekSeq>1</GreekSeq><GreekSeq>3</GreekSeq></word><word seq="6">you<GreekSeq>7</GreekSeq></word><word seq="7">ought<GreekSeq>5</GreekSeq></word><word seq="8">to be<GreekSeq>9</GreekSeq></word><word seq="9">quiet<GreekSeq>8</GreekSeq></word><word seq="10">and<GreekSeq>10</GreekSeq></word><word seq="11">do<GreekSeq>13</GreekSeq></word><word seq="12">nothing<GreekSeq>11</GreekSeq></word><word seq="13">rash.<GreekSeq>12</GreekSeq></word></ESV></verse>
<verse number="37"><ESV><word seq="1">For<GreekSeq>2</GreekSeq></word><word seq="2">you have brought<GreekSeq>1</GreekSeq></word><word seq="3">these<GreekSeq>5</GreekSeq></word><word seq="4">men<GreekSeq>4</GreekSeq></word><word seq="5">here who are</word><word seq="6">neither<GreekSeq>6</GreekSeq></word><word seq="7">sacrilegious<GreekSeq>7</GreekSeq></word><word seq="8">nor<GreekSeq>8</GreekSeq></word><word seq="9">blasphemers<GreekSeq>9</GreekSeq></word><word seq="10">of</word><word seq="11">our<GreekSeq>12</GreekSeq></word><word seq="12">goddess.<GreekSeq>11</GreekSeq></word></ESV></verse>
<verse number="38"><ESV><word seq="1">If<GreekSeq>1</GreekSeq></word><word seq="2">therefore<GreekSeq>3</GreekSeq></word><word seq="3">Demetrius<GreekSeq>4</GreekSeq></word><word seq="4">and<GreekSeq>5</GreekSeq></word><word seq="5">the<GreekSeq>6</GreekSeq></word><word seq="6">craftsmen<GreekSeq>9</GreekSeq></word><word seq="7">with<GreekSeq>7</GreekSeq></word><word seq="8">him<GreekSeq>8</GreekSeq></word><word seq="9">have<GreekSeq>10</GreekSeq></word><word seq="10">a complaint<GreekSeq>13</GreekSeq></word><word seq="11">against<GreekSeq>11</GreekSeq></word><word seq="12">anyone,<GreekSeq>12</GreekSeq></word><word seq="13">the courts<GreekSeq>14</GreekSeq></word><word seq="14">are open,<GreekSeq>15</GreekSeq></word><word seq="15">and<GreekSeq>16</GreekSeq></word><word seq="16">there are<GreekSeq>18</GreekSeq></word><word seq="17">proconsuls.<GreekSeq>17</GreekSeq></word><word seq="18">Let them bring charges<GreekSeq>19</GreekSeq></word><word seq="19">against one another.<GreekSeq>20</GreekSeq></word></ESV></verse>
<verse number="39"><ESV><word seq="1">But<GreekSeq>2</GreekSeq></word><word seq="2">if<GreekSeq>1</GreekSeq></word><word seq="3">you seek<GreekSeq>5</GreekSeq></word><word seq="4">anything<GreekSeq>3</GreekSeq></word><word seq="5">further,<GreekSeq>4</GreekSeq></word><word seq="6">it shall be settled<GreekSeq>10</GreekSeq></word><word seq="7">in<GreekSeq>6</GreekSeq></word><word seq="8">the<GreekSeq>7</GreekSeq></word><word seq="9">regular<GreekSeq>8</GreekSeq></word><word seq="10">assembly.<GreekSeq>9</GreekSeq></word></ESV></verse>
<verse number="40"><ESV><word seq="1">For<GreekSeq>2</GreekSeq></word><word seq="2">we really are in danger of<GreekSeq>3</GreekSeq></word><word seq="3">being charged<GreekSeq>4</GreekSeq></word><word seq="4">with<GreekSeq>6</GreekSeq></word><word seq="5">rioting<GreekSeq>5</GreekSeq></word><word seq="6">today,<GreekSeq>8</GreekSeq></word><word seq="7">since</word><word seq="8">there is<GreekSeq>11</GreekSeq></word><word seq="9">no<GreekSeq>9</GreekSeq></word><word seq="10">cause<GreekSeq>10</GreekSeq></word><word seq="11">that<GreekSeq>13</GreekSeq></word><word seq="12">we can<GreekSeq>15</GreekSeq></word><word seq="13">give<GreekSeq>16</GreekSeq></word><word seq="14">to justify<GreekSeq>17</GreekSeq></word><word seq="15">this<GreekSeq>21</GreekSeq></word><word seq="16">commotion.”<GreekSeq>20</GreekSeq></word></ESV></verse>
<verse number="41"><ESV><word seq="1">And<GreekSeq>1</GreekSeq></word><word seq="2">when he had said<GreekSeq>3</GreekSeq></word><word seq="3">these things,<GreekSeq>2</GreekSeq></word><word seq="4">he dismissed<GreekSeq>4</GreekSeq></word><word seq="5">the<GreekSeq>5</GreekSeq></word><word seq="6">assembly.<GreekSeq>6</GreekSeq></word></ESV></verse></chapter></book>