<?xml version="1.0" encoding="UTF-8" standalone="no"?><book><chapter number="1">'<verse number="1"><ESV><word seq="1">In the<GreekSeq>1</GreekSeq></word><word seq="2">first<GreekSeq>3</GreekSeq></word><word seq="3">book,<GreekSeq>4</GreekSeq></word><word seq="4">O<GreekSeq>8</GreekSeq></word><word seq="5">Theophilus,<GreekSeq>9</GreekSeq></word><word seq="6">I have dealt<GreekSeq>5</GreekSeq></word><word seq="7">with<GreekSeq>6</GreekSeq></word><word seq="8">all<GreekSeq>7</GreekSeq></word><word seq="9">that<GreekSeq>10</GreekSeq></word><word seq="10">Jesus<GreekSeq>13</GreekSeq></word><word seq="11">began<GreekSeq>11</GreekSeq></word><word seq="12">to do<GreekSeq>14</GreekSeq></word><word seq="13">and<GreekSeq>16</GreekSeq></word><word seq="14">teach,<GreekSeq>17</GreekSeq></word></ESV></verse>
<verse number="2"><ESV><word seq="1">until<GreekSeq>1</GreekSeq></word><word seq="2">the day<GreekSeq>3</GreekSeq></word><word seq="3">when<GreekSeq>2</GreekSeq></word><word seq="4">he was taken up,<GreekSeq>12</GreekSeq></word><word seq="5">[after] he had given commands<GreekSeq>4</GreekSeq></word><word seq="6">through<GreekSeq>7</GreekSeq></word><word seq="7">the</word><word seq="8">Holy<GreekSeq>9</GreekSeq></word><word seq="9">Spirit<GreekSeq>8</GreekSeq></word><word seq="10">to the<GreekSeq>5</GreekSeq></word><word seq="11">apostles<GreekSeq>6</GreekSeq></word><word seq="12">whom<GreekSeq>10</GreekSeq></word><word seq="13">he had chosen.<GreekSeq>11</GreekSeq></word></ESV></verse>
<verse number="3"><ESV><word seq="1">He presented<GreekSeq>3</GreekSeq></word><word seq="2">himself<GreekSeq>4</GreekSeq></word><word seq="3">alive<GreekSeq>5</GreekSeq></word><word seq="4">to them<GreekSeq>1</GreekSeq></word><word seq="5">after<GreekSeq>6</GreekSeq></word><word seq="6">his<GreekSeq>9</GreekSeq></word><word seq="7">suffering<GreekSeq>8</GreekSeq></word><word seq="8">by<GreekSeq>10</GreekSeq></word><word seq="9">many<GreekSeq>11</GreekSeq></word><word seq="10">proofs,<GreekSeq>12</GreekSeq></word><word seq="11">appearing<GreekSeq>16</GreekSeq></word><word seq="12">to them<GreekSeq>17</GreekSeq></word><word seq="13">during<GreekSeq>13</GreekSeq></word><word seq="14">forty<GreekSeq>15</GreekSeq></word><word seq="15">days<GreekSeq>14</GreekSeq></word><word seq="16">and<GreekSeq>18</GreekSeq></word><word seq="17">speaking<GreekSeq>19</GreekSeq></word><word seq="18">about<GreekSeq>21</GreekSeq></word><word seq="19">the<GreekSeq>22</GreekSeq></word><word seq="20">kingdom<GreekSeq>23</GreekSeq></word><word seq="21">of God.<GreekSeq>25</GreekSeq></word></ESV></verse>
<verse number="4"><ESV><word seq="1">And<GreekSeq>1</GreekSeq></word><word seq="2">while staying with [them]<GreekSeq>2</GreekSeq></word><word seq="3">he ordered<GreekSeq>3</GreekSeq></word><word seq="4">them<GreekSeq>4</GreekSeq></word><word seq="5">not<GreekSeq>7</GreekSeq></word><word seq="6">to depart<GreekSeq>8</GreekSeq></word><word seq="7">from<GreekSeq>5</GreekSeq></word><word seq="8">Jerusalem,<GreekSeq>6</GreekSeq></word><word seq="9">but<GreekSeq>9</GreekSeq></word><word seq="10">to wait<GreekSeq>10</GreekSeq></word><word seq="11">for the<GreekSeq>11</GreekSeq></word><word seq="12">promise<GreekSeq>12</GreekSeq></word><word seq="13">of the<GreekSeq>13</GreekSeq></word><word seq="14">Father,<GreekSeq>14</GreekSeq></word><word seq="15">which,<GreekSeq>15</GreekSeq></word><word seq="16">he said,</word><word seq="17">“you heard<GreekSeq>16</GreekSeq></word><word seq="18">from me;<GreekSeq>17</GreekSeq></word></ESV></verse>
<verse number="5"><ESV><word seq="1">for<GreekSeq>1</GreekSeq></word><word seq="2">John<GreekSeq>2</GreekSeq></word><word seq="3">baptized<GreekSeq>4</GreekSeq></word><word seq="4">with water,<GreekSeq>5</GreekSeq></word><word seq="5">but<GreekSeq>7</GreekSeq></word><word seq="6">you<GreekSeq>6</GreekSeq></word><word seq="7">will be baptized<GreekSeq>10</GreekSeq></word><word seq="8">with<GreekSeq>8</GreekSeq></word><word seq="9">the</word><word seq="10">Holy<GreekSeq>11</GreekSeq></word><word seq="11">Spirit<GreekSeq>9</GreekSeq></word><word seq="12">not<GreekSeq>12</GreekSeq></word><word seq="13">many<GreekSeq>14</GreekSeq></word><word seq="14">days<GreekSeq>16</GreekSeq></word><word seq="15">from now.”<GreekSeq>13</GreekSeq><GreekSeq>15</GreekSeq></word></ESV></verse>
<verse number="6"><ESV><word seq="1">So<GreekSeq>3</GreekSeq></word><word seq="2">when<GreekSeq>4</GreekSeq></word><word seq="3">they<GreekSeq>1</GreekSeq></word><word seq="4">had come together,<GreekSeq>4</GreekSeq></word><word seq="5">they asked<GreekSeq>5</GreekSeq></word><word seq="6">him,<GreekSeq>6</GreekSeq></word><word seq="7">“Lord,<GreekSeq>8</GreekSeq></word><word seq="8">will you<GreekSeq>9</GreekSeq><GreekSeq>14</GreekSeq></word><word seq="9">at<GreekSeq>10</GreekSeq></word><word seq="10">this<GreekSeq>13</GreekSeq></word><word seq="11">time<GreekSeq>12</GreekSeq></word><word seq="12">restore<GreekSeq>14</GreekSeq></word><word seq="13">the<GreekSeq>15</GreekSeq></word><word seq="14">kingdom<GreekSeq>16</GreekSeq></word><word seq="15">to Israel?”<GreekSeq>17</GreekSeq><GreekSeq>18</GreekSeq></word></ESV></verse>
<verse number="7"><ESV><word seq="1">He said<GreekSeq>1</GreekSeq></word><word seq="2">to<GreekSeq>3</GreekSeq></word><word seq="3">them,<GreekSeq>4</GreekSeq></word><word seq="4">“It is<GreekSeq>7</GreekSeq></word><word seq="5">not<GreekSeq>5</GreekSeq></word><word seq="6">for you<GreekSeq>6</GreekSeq></word><word seq="7">to know<GreekSeq>8</GreekSeq></word><word seq="8">times<GreekSeq>9</GreekSeq></word><word seq="9">or<GreekSeq>10</GreekSeq></word><word seq="10">seasons<GreekSeq>11</GreekSeq></word><word seq="11">that<GreekSeq>12</GreekSeq></word><word seq="12">the<GreekSeq>13</GreekSeq></word><word seq="13">Father<GreekSeq>14</GreekSeq></word><word seq="14">has fixed<GreekSeq>15</GreekSeq></word><word seq="15">by<GreekSeq>16</GreekSeq></word><word seq="16">his own<GreekSeq>18</GreekSeq></word><word seq="17">authority.<GreekSeq>19</GreekSeq></word></ESV></verse>
<verse number="8"><ESV><word seq="1">But<GreekSeq>1</GreekSeq></word><word seq="2">you will receive<GreekSeq>2</GreekSeq></word><word seq="3">power<GreekSeq>3</GreekSeq></word><word seq="4">when<GreekSeq>4</GreekSeq></word><word seq="5">the<GreekSeq>5</GreekSeq></word><word seq="6">Holy<GreekSeq>6</GreekSeq></word><word seq="7">Spirit<GreekSeq>7</GreekSeq></word><word seq="8">has come<GreekSeq>4</GreekSeq></word><word seq="9">upon<GreekSeq>8</GreekSeq></word><word seq="10">you,<GreekSeq>9</GreekSeq></word><word seq="11">and<GreekSeq>10</GreekSeq></word><word seq="12">you will be<GreekSeq>11</GreekSeq></word><word seq="13">my<GreekSeq>12</GreekSeq></word><word seq="14">witnesses<GreekSeq>13</GreekSeq></word><word seq="15">in<GreekSeq>14</GreekSeq></word><word seq="16">Jerusalem<GreekSeq>16</GreekSeq></word><word seq="17">and<GreekSeq>17</GreekSeq></word><word seq="18">in<GreekSeq>18</GreekSeq></word><word seq="19">all<GreekSeq>19</GreekSeq></word><word seq="20">Judea<GreekSeq>21</GreekSeq></word><word seq="21">and<GreekSeq>22</GreekSeq></word><word seq="22">Samaria,<GreekSeq>23</GreekSeq></word><word seq="23">and<GreekSeq>24</GreekSeq></word><word seq="24">to<GreekSeq>25</GreekSeq></word><word seq="25">the end<GreekSeq>26</GreekSeq></word><word seq="26">of the<GreekSeq>27</GreekSeq></word><word seq="27">earth.”<GreekSeq>28</GreekSeq></word></ESV></verse>
<verse number="9"><ESV><word seq="1">And<GreekSeq>1</GreekSeq></word><word seq="2">when he had said<GreekSeq>3</GreekSeq></word><word seq="3">these things,<GreekSeq>2</GreekSeq></word><word seq="4">as<GreekSeq>4</GreekSeq></word><word seq="5">they<GreekSeq>5</GreekSeq></word><word seq="6">were looking on,<GreekSeq>4</GreekSeq></word><word seq="7">he was lifted up,<GreekSeq>6</GreekSeq></word><word seq="8">and<GreekSeq>7</GreekSeq></word><word seq="9">a cloud<GreekSeq>8</GreekSeq></word><word seq="10">took<GreekSeq>9</GreekSeq></word><word seq="11">him<GreekSeq>10</GreekSeq></word><word seq="12">out<GreekSeq>9</GreekSeq></word><word seq="13">of<GreekSeq>11</GreekSeq></word><word seq="14">their<GreekSeq>14</GreekSeq></word><word seq="15">sight.<GreekSeq>13</GreekSeq></word></ESV></verse>
<verse number="10"><ESV><word seq="1">And<GreekSeq>1</GreekSeq></word><word seq="2">while<GreekSeq>2</GreekSeq></word><word seq="3">they were<GreekSeq>4</GreekSeq></word><word seq="4">gazing<GreekSeq>3</GreekSeq></word><word seq="5">into<GreekSeq>5</GreekSeq></word><word seq="6">heaven<GreekSeq>7</GreekSeq></word><word seq="7">as<GreekSeq>8</GreekSeq></word><word seq="8">he<GreekSeq>9</GreekSeq></word><word seq="9">went,<GreekSeq>8</GreekSeq></word><word seq="10">behold,<GreekSeq>11</GreekSeq></word><word seq="11">two<GreekSeq>13</GreekSeq></word><word seq="12">men<GreekSeq>12</GreekSeq></word><word seq="13">stood by<GreekSeq>14</GreekSeq></word><word seq="14">them<GreekSeq>15</GreekSeq></word><word seq="15">in<GreekSeq>16</GreekSeq></word><word seq="16">white<GreekSeq>18</GreekSeq></word><word seq="17">robes,<GreekSeq>17</GreekSeq></word></ESV></verse>
<verse number="11"><ESV><word seq="1">and<GreekSeq>2</GreekSeq></word><word seq="2">said,<GreekSeq>3</GreekSeq></word><word seq="3">“Men<GreekSeq>4</GreekSeq></word><word seq="4">of Galilee,<GreekSeq>5</GreekSeq></word><word seq="5">why<GreekSeq>6</GreekSeq></word><word seq="6">do</word><word seq="7">you stand<GreekSeq>7</GreekSeq></word><word seq="8">looking<GreekSeq>8</GreekSeq></word><word seq="9">into<GreekSeq>9</GreekSeq></word><word seq="10">heaven?<GreekSeq>11</GreekSeq></word><word seq="11">This<GreekSeq>12</GreekSeq></word><word seq="12">Jesus,<GreekSeq>14</GreekSeq></word><word seq="13">who was taken up<GreekSeq>16</GreekSeq></word><word seq="14">from<GreekSeq>17</GreekSeq></word><word seq="15">you<GreekSeq>18</GreekSeq></word><word seq="16">into<GreekSeq>19</GreekSeq></word><word seq="17">heaven,<GreekSeq>21</GreekSeq></word><word seq="18">will come<GreekSeq>23</GreekSeq></word><word seq="19">in the same way as<GreekSeq>24</GreekSeq><GreekSeq>25</GreekSeq></word><word seq="20">you saw<GreekSeq>26</GreekSeq></word><word seq="21">him<GreekSeq>27</GreekSeq></word><word seq="22">go<GreekSeq>28</GreekSeq></word><word seq="23">into<GreekSeq>29</GreekSeq></word><word seq="24">heaven.”<GreekSeq>31</GreekSeq></word></ESV></verse>
<verse number="12"><ESV><word seq="1">Then<GreekSeq>1</GreekSeq></word><word seq="2">they returned<GreekSeq>2</GreekSeq></word><word seq="3">to<GreekSeq>3</GreekSeq></word><word seq="4">Jerusalem<GreekSeq>4</GreekSeq></word><word seq="5">from<GreekSeq>5</GreekSeq></word><word seq="6">the<GreekSeq>7</GreekSeq></word><word seq="7">mount<GreekSeq>6</GreekSeq></word><word seq="8">called<GreekSeq>8</GreekSeq></word><word seq="9">Olivet,<GreekSeq>9</GreekSeq></word><word seq="10">which<GreekSeq>10</GreekSeq></word><word seq="11">is<GreekSeq>11</GreekSeq></word><word seq="12">near<GreekSeq>12</GreekSeq></word><word seq="13">Jerusalem,<GreekSeq>13</GreekSeq></word><word seq="14">a Sabbath day’s<GreekSeq>14</GreekSeq></word><word seq="15">journey [away].<GreekSeq>16</GreekSeq></word></ESV></verse>
<verse number="13"><ESV><word seq="1">And<GreekSeq>1</GreekSeq></word><word seq="2">when<GreekSeq>2</GreekSeq></word><word seq="3">they had entered,<GreekSeq>3</GreekSeq></word><word seq="4">they went up<GreekSeq>7</GreekSeq></word><word seq="5">to<GreekSeq>4</GreekSeq></word><word seq="6">the<GreekSeq>5</GreekSeq></word><word seq="7">upper room,<GreekSeq>6</GreekSeq></word><word seq="8">where<GreekSeq>8</GreekSeq></word><word seq="9">they were<GreekSeq>9</GreekSeq></word><word seq="10">staying,<GreekSeq>10</GreekSeq></word><word seq="11">Peter<GreekSeq>13</GreekSeq></word><word seq="12">and<GreekSeq>14</GreekSeq></word><word seq="13">John<GreekSeq>15</GreekSeq></word><word seq="14">and<GreekSeq>16</GreekSeq></word><word seq="15">James<GreekSeq>17</GreekSeq></word><word seq="16">and<GreekSeq>18</GreekSeq></word><word seq="17">Andrew,<GreekSeq>19</GreekSeq></word><word seq="18">Philip<GreekSeq>20</GreekSeq></word><word seq="19">and<GreekSeq>21</GreekSeq></word><word seq="20">Thomas,<GreekSeq>22</GreekSeq></word><word seq="21">Bartholomew<GreekSeq>23</GreekSeq></word><word seq="22">and<GreekSeq>24</GreekSeq></word><word seq="23">Matthew,<GreekSeq>25</GreekSeq></word><word seq="24">James<GreekSeq>26</GreekSeq></word><word seq="25">[the son] of Alphaeus<GreekSeq>27</GreekSeq></word><word seq="26">and<GreekSeq>28</GreekSeq></word><word seq="27">Simon<GreekSeq>29</GreekSeq></word><word seq="28">the<GreekSeq>30</GreekSeq></word><word seq="29">Zealot<GreekSeq>31</GreekSeq></word><word seq="30">and<GreekSeq>32</GreekSeq></word><word seq="31">Judas<GreekSeq>33</GreekSeq></word><word seq="32">[the son] of James.<GreekSeq>34</GreekSeq></word></ESV></verse>
<verse number="14"><ESV><word seq="1">All<GreekSeq>2</GreekSeq></word><word seq="2">these<GreekSeq>1</GreekSeq></word><word seq="3">with one accord<GreekSeq>5</GreekSeq></word><word seq="4">were<GreekSeq>3</GreekSeq></word><word seq="5">devoting<GreekSeq>4</GreekSeq></word><word seq="6">themselves</word><word seq="7">to prayer,<GreekSeq>7</GreekSeq></word><word seq="8">together with<GreekSeq>8</GreekSeq></word><word seq="9">the women<GreekSeq>9</GreekSeq></word><word seq="10">and<GreekSeq>10</GreekSeq></word><word seq="11">Mary<GreekSeq>11</GreekSeq></word><word seq="12">the<GreekSeq>12</GreekSeq></word><word seq="13">mother<GreekSeq>13</GreekSeq></word><word seq="14">of Jesus,<GreekSeq>15</GreekSeq></word><word seq="15">and<GreekSeq>16</GreekSeq></word><word seq="16">his<GreekSeq>19</GreekSeq></word><word seq="17">brothers.<GreekSeq>18</GreekSeq></word></ESV></verse>
<verse number="15"><ESV><word seq="1">In<GreekSeq>2</GreekSeq></word><word seq="2">those<GreekSeq>5</GreekSeq></word><word seq="3">days<GreekSeq>4</GreekSeq></word><word seq="4">Peter<GreekSeq>7</GreekSeq></word><word seq="5">stood up<GreekSeq>6</GreekSeq></word><word seq="6">among<GreekSeq>8</GreekSeq><GreekSeq>9</GreekSeq></word><word seq="7">the<GreekSeq>10</GreekSeq></word><word seq="8">brothers<GreekSeq>11</GreekSeq></word><word seq="9">(the company<GreekSeq>15</GreekSeq></word><word seq="10">of persons<GreekSeq>16</GreekSeq></word><word seq="11">was<GreekSeq>13</GreekSeq></word><word seq="12">in all<GreekSeq>17</GreekSeq><GreekSeq>18</GreekSeq><GreekSeq>19</GreekSeq></word><word seq="13">about<GreekSeq>20</GreekSeq></word><word seq="14">120)<GreekSeq>21</GreekSeq><GreekSeq>22</GreekSeq></word><word seq="15">and</word><word seq="16">said,<GreekSeq>12</GreekSeq></word></ESV></verse>
<verse number="16"><ESV><word seq="1">“Brothers,<GreekSeq>2</GreekSeq></word><word seq="2">the<GreekSeq>5</GreekSeq></word><word seq="3">Scripture<GreekSeq>6</GreekSeq></word><word seq="4">had to<GreekSeq>3</GreekSeq></word><word seq="5">be fulfilled,<GreekSeq>4</GreekSeq></word><word seq="6">which<GreekSeq>7</GreekSeq></word><word seq="7">the<GreekSeq>9</GreekSeq></word><word seq="8">Holy<GreekSeq>12</GreekSeq></word><word seq="9">Spirit<GreekSeq>10</GreekSeq></word><word seq="10">spoke beforehand<GreekSeq>8</GreekSeq></word><word seq="11">by<GreekSeq>13</GreekSeq></word><word seq="12">the mouth of<GreekSeq>14</GreekSeq></word><word seq="13">David<GreekSeq>15</GreekSeq></word><word seq="14">concerning<GreekSeq>16</GreekSeq></word><word seq="15">Judas,<GreekSeq>17</GreekSeq></word><word seq="16">who became<GreekSeq>19</GreekSeq></word><word seq="17">a guide<GreekSeq>20</GreekSeq></word><word seq="18">to those<GreekSeq>21</GreekSeq></word><word seq="19">who arrested<GreekSeq>22</GreekSeq></word><word seq="20">Jesus.<GreekSeq>23</GreekSeq></word></ESV></verse>
<verse number="17"><ESV><word seq="1">For<GreekSeq>1</GreekSeq></word><word seq="2">he was<GreekSeq>3</GreekSeq></word><word seq="3">numbered<GreekSeq>2</GreekSeq></word><word seq="4">among<GreekSeq>4</GreekSeq></word><word seq="5">us<GreekSeq>5</GreekSeq></word><word seq="6">and<GreekSeq>6</GreekSeq></word><word seq="7">was allotted<GreekSeq>7</GreekSeq></word><word seq="8">his</word><word seq="9">share<GreekSeq>9</GreekSeq></word><word seq="10">in this<GreekSeq>12</GreekSeq></word><word seq="11">ministry.”<GreekSeq>11</GreekSeq></word></ESV></verse>
<verse number="18"><ESV><word seq="1">(Now<GreekSeq>3</GreekSeq></word><word seq="2">this man<GreekSeq>1</GreekSeq></word><word seq="3">acquired<GreekSeq>4</GreekSeq></word><word seq="4">a field<GreekSeq>5</GreekSeq></word><word seq="5">with<GreekSeq>6</GreekSeq></word><word seq="6">the reward<GreekSeq>7</GreekSeq></word><word seq="7">of [his] wickedness,<GreekSeq>9</GreekSeq></word><word seq="8">and<GreekSeq>10</GreekSeq></word><word seq="9">falling headlong<GreekSeq>11</GreekSeq><GreekSeq>12</GreekSeq></word><word seq="10">he burst open<GreekSeq>13</GreekSeq></word><word seq="11">in the middle<GreekSeq>14</GreekSeq></word><word seq="12">and<GreekSeq>15</GreekSeq></word><word seq="13">all<GreekSeq>17</GreekSeq></word><word seq="14">his<GreekSeq>20</GreekSeq></word><word seq="15">bowels<GreekSeq>19</GreekSeq></word><word seq="16">gushed out.<GreekSeq>16</GreekSeq></word></ESV></verse>
<verse number="19"><ESV><word seq="1">And<GreekSeq>1</GreekSeq></word><word seq="2">it became<GreekSeq>3</GreekSeq></word><word seq="3">known<GreekSeq>2</GreekSeq></word><word seq="4">to all<GreekSeq>4</GreekSeq></word><word seq="5">the<GreekSeq>5</GreekSeq></word><word seq="6">inhabitants<GreekSeq>6</GreekSeq></word><word seq="7">of</word><word seq="8">Jerusalem,<GreekSeq>7</GreekSeq></word><word seq="9">so that<GreekSeq>8</GreekSeq></word><word seq="10">the<GreekSeq>12</GreekSeq></word><word seq="11">field<GreekSeq>11</GreekSeq></word><word seq="12">was called<GreekSeq>9</GreekSeq></word><word seq="13">in</word><word seq="14">their<GreekSeq>16</GreekSeq></word><word seq="15">own<GreekSeq>14</GreekSeq></word><word seq="16">language<GreekSeq>15</GreekSeq></word><word seq="17">Akeldama,<GreekSeq>17</GreekSeq></word><word seq="18">that<GreekSeq>18</GreekSeq></word><word seq="19">is,<GreekSeq>19</GreekSeq></word><word seq="20">Field<GreekSeq>20</GreekSeq></word><word seq="21">of Blood.)<GreekSeq>21</GreekSeq></word></ESV></verse>
<verse number="20"><ESV><word seq="1">“For<GreekSeq>2</GreekSeq></word><word seq="2">it is written<GreekSeq>1</GreekSeq></word><word seq="3">in<GreekSeq>3</GreekSeq></word><word seq="4">the Book<GreekSeq>4</GreekSeq></word><word seq="5">of Psalms,<GreekSeq>5</GreekSeq></word><word seq="6">‘May<GreekSeq>6</GreekSeq></word><word seq="7">his<GreekSeq>9</GreekSeq></word><word seq="8">camp<GreekSeq>8</GreekSeq></word><word seq="9">become<GreekSeq>6</GreekSeq></word><word seq="10">desolate,<GreekSeq>10</GreekSeq></word><word seq="11">and<GreekSeq>11</GreekSeq></word><word seq="12">let there be<GreekSeq>13</GreekSeq></word><word seq="13">no<GreekSeq>12</GreekSeq></word><word seq="14">one<GreekSeq>14</GreekSeq></word><word seq="15">to dwell<GreekSeq>15</GreekSeq></word><word seq="16">in<GreekSeq>16</GreekSeq></word><word seq="17">it’;<GreekSeq>17</GreekSeq></word><word seq="18">and<GreekSeq>18</GreekSeq></word><word seq="19">‘Let<GreekSeq>22</GreekSeq></word><word seq="20">another<GreekSeq>23</GreekSeq></word><word seq="21">take<GreekSeq>22</GreekSeq></word><word seq="22">his<GreekSeq>21</GreekSeq></word><word seq="23">office.’<GreekSeq>20</GreekSeq></word></ESV></verse>
<verse number="21"><ESV><word seq="1">So<GreekSeq>2</GreekSeq></word><word seq="2">[one] of the<GreekSeq>3</GreekSeq></word><word seq="3">men<GreekSeq>6</GreekSeq></word><word seq="4">who have accompanied<GreekSeq>4</GreekSeq></word><word seq="5">us<GreekSeq>5</GreekSeq></word><word seq="6">during<GreekSeq>7</GreekSeq></word><word seq="7">all<GreekSeq>8</GreekSeq></word><word seq="8">the time<GreekSeq>9</GreekSeq></word><word seq="9">that<GreekSeq>10</GreekSeq></word><word seq="10">the<GreekSeq>16</GreekSeq></word><word seq="11">Lord<GreekSeq>17</GreekSeq></word><word seq="12">Jesus<GreekSeq>18</GreekSeq></word><word seq="13">went in<GreekSeq>11</GreekSeq></word><word seq="14">and<GreekSeq>12</GreekSeq></word><word seq="15">out<GreekSeq>13</GreekSeq></word><word seq="16">among<GreekSeq>14</GreekSeq></word><word seq="17">us,<GreekSeq>15</GreekSeq></word></ESV></verse>
<verse number="22"><ESV><word seq="1">beginning<GreekSeq>1</GreekSeq></word><word seq="2">from<GreekSeq>2</GreekSeq></word><word seq="3">the<GreekSeq>3</GreekSeq></word><word seq="4">baptism<GreekSeq>4</GreekSeq></word><word seq="5">of John<GreekSeq>5</GreekSeq></word><word seq="6">until<GreekSeq>6</GreekSeq></word><word seq="7">the<GreekSeq>7</GreekSeq></word><word seq="8">day<GreekSeq>8</GreekSeq></word><word seq="9">when<GreekSeq>9</GreekSeq></word><word seq="10">he was taken up<GreekSeq>10</GreekSeq></word><word seq="11">from<GreekSeq>11</GreekSeq></word><word seq="12">us<GreekSeq>12</GreekSeq></word><word seq="13">— one<GreekSeq>20</GreekSeq></word><word seq="14">of these men<GreekSeq>21</GreekSeq></word><word seq="15">must become<GreekSeq>19</GreekSeq></word><word seq="16">with<GreekSeq>17</GreekSeq></word><word seq="17">us<GreekSeq>18</GreekSeq></word><word seq="18">a witness<GreekSeq>13</GreekSeq></word><word seq="19">to<GreekSeq>15</GreekSeq></word><word seq="20">his<GreekSeq>16</GreekSeq></word><word seq="21">resurrection.”<GreekSeq>15</GreekSeq></word></ESV></verse>
<verse number="23"><ESV><word seq="1">And<GreekSeq>1</GreekSeq></word><word seq="2">they put forward<GreekSeq>2</GreekSeq></word><word seq="3">two,<GreekSeq>3</GreekSeq></word><word seq="4">Joseph<GreekSeq>4</GreekSeq></word><word seq="5">called<GreekSeq>6</GreekSeq></word><word seq="6">Barsabbas,<GreekSeq>7</GreekSeq></word><word seq="7">who<GreekSeq>8</GreekSeq></word><word seq="8">was [also] called<GreekSeq>9</GreekSeq></word><word seq="9">Justus,<GreekSeq>10</GreekSeq></word><word seq="10">and<GreekSeq>11</GreekSeq></word><word seq="11">Matthias.<GreekSeq>12</GreekSeq></word></ESV></verse>
<verse number="24"><ESV><word seq="1">And<GreekSeq>1</GreekSeq></word><word seq="2">they prayed<GreekSeq>2</GreekSeq></word><word seq="3">and</word><word seq="4">said,<GreekSeq>3</GreekSeq></word><word seq="5">“You,<GreekSeq>4</GreekSeq></word><word seq="6">Lord,<GreekSeq>5</GreekSeq></word><word seq="7">who know the hearts<GreekSeq>6</GreekSeq></word><word seq="8">of all,<GreekSeq>7</GreekSeq></word><word seq="9">show<GreekSeq>8</GreekSeq></word><word seq="10">which<GreekSeq>9</GreekSeq></word><word seq="11">one<GreekSeq>15</GreekSeq></word><word seq="12">of<GreekSeq>11</GreekSeq></word><word seq="13">these<GreekSeq>12</GreekSeq></word><word seq="14">two<GreekSeq>14</GreekSeq></word><word seq="15">you have chosen<GreekSeq>10</GreekSeq></word></ESV></verse>
<verse number="25"><ESV><word seq="1">to take<GreekSeq>1</GreekSeq></word><word seq="2">the<GreekSeq>2</GreekSeq></word><word seq="3">place<GreekSeq>3</GreekSeq></word><word seq="4">in this<GreekSeq>6</GreekSeq></word><word seq="5">ministry<GreekSeq>5</GreekSeq></word><word seq="6">and<GreekSeq>7</GreekSeq></word><word seq="7">apostleship<GreekSeq>8</GreekSeq></word><word seq="8">from<GreekSeq>9</GreekSeq></word><word seq="9">which<GreekSeq>10</GreekSeq></word><word seq="10">Judas<GreekSeq>12</GreekSeq></word><word seq="11">turned aside<GreekSeq>11</GreekSeq></word><word seq="12">to go<GreekSeq>13</GreekSeq></word><word seq="13">to<GreekSeq>14</GreekSeq></word><word seq="14">his own<GreekSeq>18</GreekSeq></word><word seq="15">place.”<GreekSeq>16</GreekSeq></word></ESV></verse>
<verse number="26"><ESV><word seq="1">And<GreekSeq>1</GreekSeq></word><word seq="2">they cast<GreekSeq>2</GreekSeq></word><word seq="3">lots<GreekSeq>3</GreekSeq></word><word seq="4">for them,<GreekSeq>4</GreekSeq></word><word seq="5">and<GreekSeq>5</GreekSeq></word><word seq="6">the<GreekSeq>7</GreekSeq></word><word seq="7">lot<GreekSeq>8</GreekSeq></word><word seq="8">fell<GreekSeq>6</GreekSeq></word><word seq="9">on<GreekSeq>9</GreekSeq></word><word seq="10">Matthias,<GreekSeq>10</GreekSeq></word><word seq="11">and<GreekSeq>11</GreekSeq></word><word seq="12">he was numbered<GreekSeq>12</GreekSeq></word><word seq="13">with<GreekSeq>13</GreekSeq></word><word seq="14">the<GreekSeq>14</GreekSeq></word><word seq="15">eleven<GreekSeq>15</GreekSeq></word><word seq="16">apostles.<GreekSeq>16</GreekSeq></word></ESV></verse></chapter></book>