<?xml version="1.0" encoding="UTF-8" standalone="no"?><book><chapter number="4">'<verse number="1"><ESV><word seq="1">And<GreekSeq>2</GreekSeq></word><word seq="2">as<GreekSeq>1</GreekSeq></word><word seq="3">they<GreekSeq>3</GreekSeq></word><word seq="4">were speaking<GreekSeq>1</GreekSeq></word><word seq="5">to<GreekSeq>4</GreekSeq></word><word seq="6">the<GreekSeq>5</GreekSeq></word><word seq="7">people,<GreekSeq>6</GreekSeq></word><word seq="8">the<GreekSeq>9</GreekSeq></word><word seq="9">priests<GreekSeq>10</GreekSeq></word><word seq="10">and<GreekSeq>11</GreekSeq></word><word seq="11">the<GreekSeq>12</GreekSeq></word><word seq="12">captain<GreekSeq>13</GreekSeq></word><word seq="13">of the<GreekSeq>14</GreekSeq></word><word seq="14">temple<GreekSeq>15</GreekSeq></word><word seq="15">and<GreekSeq>16</GreekSeq></word><word seq="16">the<GreekSeq>17</GreekSeq></word><word seq="17">Sadducees<GreekSeq>18</GreekSeq></word><word seq="18">came upon<GreekSeq>7</GreekSeq></word><word seq="19">them,<GreekSeq>8</GreekSeq></word></ESV></verse>
<verse number="2"><ESV><word seq="1">greatly annoyed<GreekSeq>1</GreekSeq></word><word seq="2">because<GreekSeq>2</GreekSeq><GreekSeq>3</GreekSeq></word><word seq="3">they<GreekSeq>5</GreekSeq></word><word seq="4">were teaching<GreekSeq>4</GreekSeq></word><word seq="5">the<GreekSeq>6</GreekSeq></word><word seq="6">people<GreekSeq>7</GreekSeq></word><word seq="7">and<GreekSeq>8</GreekSeq></word><word seq="8">proclaiming<GreekSeq>9</GreekSeq></word><word seq="9">in<GreekSeq>10</GreekSeq></word><word seq="10">Jesus<GreekSeq>12</GreekSeq></word><word seq="11">the<GreekSeq>13</GreekSeq></word><word seq="12">resurrection<GreekSeq>14</GreekSeq></word><word seq="13">from<GreekSeq>16</GreekSeq></word><word seq="14">the dead<GreekSeq>17</GreekSeq></word></ESV></verse>
<verse number="3"><ESV><word seq="1">And<GreekSeq>1</GreekSeq></word><word seq="2">they arrested<GreekSeq>2</GreekSeq><GreekSeq>5</GreekSeq></word><word seq="3">them<GreekSeq>3</GreekSeq></word><word seq="4">and<GreekSeq>6</GreekSeq></word><word seq="5">put<GreekSeq>7</GreekSeq></word><word seq="6">them</word><word seq="7">in<GreekSeq>8</GreekSeq></word><word seq="8">custody<GreekSeq>9</GreekSeq></word><word seq="9">until<GreekSeq>10</GreekSeq></word><word seq="10">the<GreekSeq>11</GreekSeq></word><word seq="11">next day,<GreekSeq>12</GreekSeq></word><word seq="12">for<GreekSeq>14</GreekSeq></word><word seq="13">it was<GreekSeq>13</GreekSeq></word><word seq="14">already<GreekSeq>16</GreekSeq></word><word seq="15">evening.<GreekSeq>15</GreekSeq></word></ESV></verse>
<verse number="4"><ESV><word seq="1">But<GreekSeq>2</GreekSeq></word><word seq="2">many<GreekSeq>1</GreekSeq></word><word seq="3">of those<GreekSeq>3</GreekSeq></word><word seq="4">who had heard<GreekSeq>4</GreekSeq></word><word seq="5">the<GreekSeq>5</GreekSeq></word><word seq="6">word<GreekSeq>6</GreekSeq></word><word seq="7">believed,<GreekSeq>7</GreekSeq></word><word seq="8">and<GreekSeq>8</GreekSeq></word><word seq="9">the<GreekSeq>10</GreekSeq></word><word seq="10">number<GreekSeq>11</GreekSeq></word><word seq="11">of the<GreekSeq>12</GreekSeq></word><word seq="12">men<GreekSeq>13</GreekSeq></word><word seq="13">came to<GreekSeq>9</GreekSeq></word><word seq="14">about<GreekSeq>14</GreekSeq></word><word seq="15">five<GreekSeq>16</GreekSeq></word><word seq="16">thousand.<GreekSeq>15</GreekSeq></word></ESV></verse>
<verse number="5"><ESV><word seq="1">On<GreekSeq>3</GreekSeq></word><word seq="2">the<GreekSeq>4</GreekSeq></word><word seq="3">next day<GreekSeq>5</GreekSeq></word><word seq="4">their<GreekSeq>7</GreekSeq></word><word seq="5">rulers<GreekSeq>9</GreekSeq></word><word seq="6">and<GreekSeq>10</GreekSeq></word><word seq="7">elders<GreekSeq>11</GreekSeq><GreekSeq>12</GreekSeq></word><word seq="8">and<GreekSeq>13</GreekSeq></word><word seq="9">scribes<GreekSeq>15</GreekSeq></word><word seq="10">gathered together<GreekSeq>6</GreekSeq></word><word seq="11">in<GreekSeq>16</GreekSeq></word><word seq="12">Jerusalem,<GreekSeq>17</GreekSeq></word></ESV></verse>
<verse number="6"><ESV><word seq="1">with<GreekSeq>1</GreekSeq></word><word seq="2">Annas<GreekSeq>2</GreekSeq></word><word seq="3">the<GreekSeq>3</GreekSeq></word><word seq="4">high priest<GreekSeq>4</GreekSeq></word><word seq="5">and<GreekSeq>5</GreekSeq></word><word seq="6">Caiaphas<GreekSeq>6</GreekSeq></word><word seq="7">and<GreekSeq>7</GreekSeq></word><word seq="8">John<GreekSeq>8</GreekSeq></word><word seq="9">and<GreekSeq>9</GreekSeq></word><word seq="10">Alexander,<GreekSeq>10</GreekSeq></word><word seq="11">and<GreekSeq>11</GreekSeq></word><word seq="12">all who<GreekSeq>12</GreekSeq></word><word seq="13">were<GreekSeq>13</GreekSeq></word><word seq="14">of<GreekSeq>14</GreekSeq></word><word seq="15">the</word><word seq="16">high-priestly<GreekSeq>16</GreekSeq></word><word seq="17">family.<GreekSeq>15</GreekSeq></word></ESV></verse>
<verse number="7"><ESV><word seq="1">And<GreekSeq>1</GreekSeq></word><word seq="2">when they had set<GreekSeq>2</GreekSeq></word><word seq="3">them<GreekSeq>3</GreekSeq></word><word seq="4">in<GreekSeq>4</GreekSeq></word><word seq="5">the<GreekSeq>5</GreekSeq></word><word seq="6">midst,<GreekSeq>6</GreekSeq></word><word seq="7">they inquired,<GreekSeq>7</GreekSeq></word><word seq="8">“By<GreekSeq>8</GreekSeq></word><word seq="9">what<GreekSeq>9</GreekSeq></word><word seq="10">power<GreekSeq>10</GreekSeq></word><word seq="11">or<GreekSeq>11</GreekSeq></word><word seq="12">by<GreekSeq>12</GreekSeq></word><word seq="13">what<GreekSeq>13</GreekSeq></word><word seq="14">name<GreekSeq>14</GreekSeq></word><word seq="15">did<GreekSeq>15</GreekSeq></word><word seq="16">you<GreekSeq>17</GreekSeq></word><word seq="17">do<GreekSeq>15</GreekSeq></word><word seq="18">this?”<GreekSeq>16</GreekSeq></word></ESV></verse>
<verse number="8"><ESV><word seq="1">Then<GreekSeq>1</GreekSeq></word><word seq="2">Peter,<GreekSeq>2</GreekSeq></word><word seq="3">filled with<GreekSeq>3</GreekSeq></word><word seq="4">the</word><word seq="5">Holy<GreekSeq>5</GreekSeq></word><word seq="6">Spirit,<GreekSeq>4</GreekSeq></word><word seq="7">said<GreekSeq>6</GreekSeq></word><word seq="8">to<GreekSeq>7</GreekSeq></word><word seq="9">them,<GreekSeq>8</GreekSeq></word><word seq="10">“Rulers<GreekSeq>9</GreekSeq></word><word seq="11">of the<GreekSeq>10</GreekSeq></word><word seq="12">people<GreekSeq>11</GreekSeq></word><word seq="13">and<GreekSeq>12</GreekSeq></word><word seq="14">elders,<GreekSeq>13</GreekSeq></word></ESV></verse>
<verse number="9"><ESV><word seq="1">if<GreekSeq>1</GreekSeq></word><word seq="2">we<GreekSeq>2</GreekSeq></word><word seq="3">are being examined<GreekSeq>4</GreekSeq></word><word seq="4">today<GreekSeq>3</GreekSeq></word><word seq="5">concerning<GreekSeq>5</GreekSeq></word><word seq="6">a good deed<GreekSeq>6</GreekSeq></word><word seq="7">done to</word><word seq="8">a crippled<GreekSeq>8</GreekSeq></word><word seq="9">man,<GreekSeq>7</GreekSeq></word><word seq="10">by<GreekSeq>9</GreekSeq></word><word seq="11">what means<GreekSeq>10</GreekSeq></word><word seq="12">this man<GreekSeq>11</GreekSeq></word><word seq="13">has been healed,<GreekSeq>12</GreekSeq></word></ESV></verse>
<verse number="10"><ESV><word seq="1">let it be<GreekSeq>2</GreekSeq></word><word seq="2">known<GreekSeq>1</GreekSeq></word><word seq="3">to all of<GreekSeq>3</GreekSeq></word><word seq="4">you<GreekSeq>4</GreekSeq></word><word seq="5">and<GreekSeq>5</GreekSeq></word><word seq="6">to all<GreekSeq>6</GreekSeq></word><word seq="7">the<GreekSeq>7</GreekSeq></word><word seq="8">people<GreekSeq>8</GreekSeq></word><word seq="9">of Israel<GreekSeq>9</GreekSeq></word><word seq="10">that<GreekSeq>10</GreekSeq></word><word seq="11">by<GreekSeq>11</GreekSeq></word><word seq="12">the<GreekSeq>12</GreekSeq></word><word seq="13">name<GreekSeq>13</GreekSeq></word><word seq="14">of Jesus<GreekSeq>14</GreekSeq></word><word seq="15">Christ<GreekSeq>15</GreekSeq></word><word seq="16">of Nazareth,<GreekSeq>17</GreekSeq></word><word seq="17">whom<GreekSeq>18</GreekSeq></word><word seq="18">you<GreekSeq>19</GreekSeq></word><word seq="19">crucified,<GreekSeq>20</GreekSeq></word><word seq="20">whom<GreekSeq>21</GreekSeq></word><word seq="21">God<GreekSeq>23</GreekSeq></word><word seq="22">raised<GreekSeq>24</GreekSeq></word><word seq="23">from<GreekSeq>25</GreekSeq></word><word seq="24">the dead<GreekSeq>26</GreekSeq></word><word seq="25">— by<GreekSeq>27</GreekSeq></word><word seq="26">[him]<GreekSeq>28</GreekSeq></word><word seq="27">this man<GreekSeq>29</GreekSeq></word><word seq="28">is standing<GreekSeq>30</GreekSeq></word><word seq="29">before<GreekSeq>31</GreekSeq></word><word seq="30">you<GreekSeq>32</GreekSeq></word><word seq="31">well.<GreekSeq>33</GreekSeq></word></ESV></verse>
<verse number="11"><ESV><word seq="1">This [Jesus]<GreekSeq>1</GreekSeq></word><word seq="2">is<GreekSeq>2</GreekSeq></word><word seq="3">the<GreekSeq>3</GreekSeq></word><word seq="4">stone<GreekSeq>4</GreekSeq></word><word seq="5">that was rejected<GreekSeq>6</GreekSeq></word><word seq="6">by<GreekSeq>7</GreekSeq></word><word seq="7">you,<GreekSeq>8</GreekSeq></word><word seq="8">the<GreekSeq>9</GreekSeq></word><word seq="9">builders,<GreekSeq>10</GreekSeq></word><word seq="10">which<GreekSeq>5</GreekSeq></word><word seq="11">has become<GreekSeq>12</GreekSeq></word><word seq="12">the cornerstone.<GreekSeq>14</GreekSeq><GreekSeq>15</GreekSeq></word></ESV></verse>
<verse number="12"><ESV><word seq="1">And<GreekSeq>1</GreekSeq></word><word seq="2">there is<GreekSeq>3</GreekSeq></word><word seq="3">salvation<GreekSeq>8</GreekSeq></word><word seq="4">in<GreekSeq>4</GreekSeq></word><word seq="5">no one<GreekSeq>6</GreekSeq></word><word seq="6">else,<GreekSeq>5</GreekSeq></word><word seq="7">for<GreekSeq>10</GreekSeq></word><word seq="8">there is<GreekSeq>12</GreekSeq></word><word seq="9">no<GreekSeq>9</GreekSeq></word><word seq="10">other<GreekSeq>13</GreekSeq></word><word seq="11">name<GreekSeq>11</GreekSeq></word><word seq="12">under<GreekSeq>14</GreekSeq></word><word seq="13">heaven<GreekSeq>16</GreekSeq></word><word seq="14">given<GreekSeq>18</GreekSeq></word><word seq="15">among<GreekSeq>19</GreekSeq></word><word seq="16">men<GreekSeq>20</GreekSeq></word><word seq="17">by<GreekSeq>21</GreekSeq></word><word seq="18">which<GreekSeq>22</GreekSeq></word><word seq="19">we<GreekSeq>25</GreekSeq></word><word seq="20">must<GreekSeq>23</GreekSeq></word><word seq="21">be saved.”<GreekSeq>24</GreekSeq></word></ESV></verse>
<verse number="13"><ESV><word seq="1">Now<GreekSeq>2</GreekSeq></word><word seq="2">when they saw<GreekSeq>1</GreekSeq></word><word seq="3">the<GreekSeq>3</GreekSeq></word><word seq="4">boldness<GreekSeq>6</GreekSeq></word><word seq="5">of Peter<GreekSeq>5</GreekSeq></word><word seq="6">and<GreekSeq>7</GreekSeq></word><word seq="7">John,<GreekSeq>8</GreekSeq></word><word seq="8">and<GreekSeq>9</GreekSeq></word><word seq="9">perceived<GreekSeq>10</GreekSeq></word><word seq="10">that<GreekSeq>11</GreekSeq></word><word seq="11">they were<GreekSeq>14</GreekSeq></word><word seq="12">uneducated,<GreekSeq>13</GreekSeq></word><word seq="13">common<GreekSeq>16</GreekSeq></word><word seq="14">men,<GreekSeq>12</GreekSeq></word><word seq="15">they were astonished.<GreekSeq>17</GreekSeq></word><word seq="16">And<GreekSeq>19</GreekSeq></word><word seq="17">they recognized<GreekSeq>18</GreekSeq></word><word seq="18">that<GreekSeq>21</GreekSeq></word><word seq="19">they had been<GreekSeq>25</GreekSeq></word><word seq="20">with<GreekSeq>22</GreekSeq></word><word seq="21">Jesus.<GreekSeq>24</GreekSeq></word></ESV></verse>
<verse number="14"><ESV><word seq="1" note="Base of different Greek: δὲ(1161)">But<GreekSeq>2</GreekSeq></word><word seq="2">seeing<GreekSeq>4</GreekSeq></word><word seq="3">the<GreekSeq>1</GreekSeq></word><word seq="4">man<GreekSeq>3</GreekSeq></word><word seq="5">who was healed<GreekSeq>9</GreekSeq></word><word seq="6">standing<GreekSeq>7</GreekSeq></word><word seq="7">beside<GreekSeq>5</GreekSeq></word><word seq="8">them,<GreekSeq>6</GreekSeq></word><word seq="9">they had<GreekSeq>11</GreekSeq></word><word seq="10">nothing<GreekSeq>10</GreekSeq></word><word seq="11">to say in opposition.<GreekSeq>12</GreekSeq></word></ESV></verse>
<verse number="15"><ESV><word seq="1">But<GreekSeq>2</GreekSeq></word><word seq="2">when they had commanded<GreekSeq>1</GreekSeq></word><word seq="3">them<GreekSeq>3</GreekSeq></word><word seq="4">to leave<GreekSeq>7</GreekSeq></word><word seq="5">the<GreekSeq>5</GreekSeq></word><word seq="6">council,<GreekSeq>6</GreekSeq></word><word seq="7">they conferred<GreekSeq>8</GreekSeq></word><word seq="8">with<GreekSeq>9</GreekSeq></word><word seq="9">one another,<GreekSeq>10</GreekSeq></word></ESV></verse>
<verse number="16"><ESV><word seq="1">saying,<GreekSeq>1</GreekSeq></word><word seq="2">“What<GreekSeq>2</GreekSeq></word><word seq="3">shall we do<GreekSeq>3</GreekSeq></word><word seq="4">with these<GreekSeq>6</GreekSeq></word><word seq="5">men?<GreekSeq>5</GreekSeq></word><word seq="6">For<GreekSeq>9</GreekSeq></word><word seq="7">that<GreekSeq>7</GreekSeq></word><word seq="8">a notable<GreekSeq>10</GreekSeq></word><word seq="9">sign<GreekSeq>11</GreekSeq></word><word seq="10">has been performed<GreekSeq>12</GreekSeq></word><word seq="11">through<GreekSeq>13</GreekSeq></word><word seq="12">them<GreekSeq>14</GreekSeq></word><word seq="13">is</word><word seq="14">evident<GreekSeq>19</GreekSeq></word><word seq="15">to all<GreekSeq>15</GreekSeq></word><word seq="16">the<GreekSeq>16</GreekSeq></word><word seq="17">inhabitants of<GreekSeq>17</GreekSeq></word><word seq="18">Jerusalem,<GreekSeq>18</GreekSeq></word><word seq="19">and<GreekSeq>20</GreekSeq></word><word seq="20">we cannot<GreekSeq>21</GreekSeq><GreekSeq>22</GreekSeq></word><word seq="21">deny it.<GreekSeq>23</GreekSeq></word></ESV></verse>
<verse number="17"><ESV><word seq="1">But<GreekSeq>1</GreekSeq></word><word seq="2">in order that<GreekSeq>2</GreekSeq></word><word seq="3">it may spread<GreekSeq>6</GreekSeq></word><word seq="4">no<GreekSeq>3</GreekSeq></word><word seq="5">further<GreekSeq>4</GreekSeq><GreekSeq>5</GreekSeq></word><word seq="6">among<GreekSeq>7</GreekSeq></word><word seq="7">the<GreekSeq>8</GreekSeq></word><word seq="8">people,<GreekSeq>9</GreekSeq></word><word seq="9">let us warn<GreekSeq>10</GreekSeq></word><word seq="10">them<GreekSeq>11</GreekSeq></word><word seq="11">to speak<GreekSeq>13</GreekSeq></word><word seq="12">no more<GreekSeq>12</GreekSeq></word><word seq="13">to anyone<GreekSeq>18</GreekSeq><GreekSeq>19</GreekSeq></word><word seq="14">in<GreekSeq>14</GreekSeq></word><word seq="15">this<GreekSeq>17</GreekSeq></word><word seq="16">name.”<GreekSeq>16</GreekSeq></word></ESV></verse>
<verse number="18"><ESV><word seq="1">So<GreekSeq>1</GreekSeq></word><word seq="2">they called<GreekSeq>2</GreekSeq></word><word seq="3">them<GreekSeq>3</GreekSeq></word><word seq="4">and</word><word seq="5">charged<GreekSeq>4</GreekSeq></word><word seq="6" note="Base of different Greek: αὐτοῖς(846)">them</word><word seq="7">not<GreekSeq>7</GreekSeq></word><word seq="8">to speak<GreekSeq>8</GreekSeq></word><word seq="9">or<GreekSeq>9</GreekSeq></word><word seq="10">teach<GreekSeq>10</GreekSeq></word><word seq="11">at all<GreekSeq>6</GreekSeq></word><word seq="12">in<GreekSeq>11</GreekSeq></word><word seq="13">the<GreekSeq>12</GreekSeq></word><word seq="14">name<GreekSeq>13</GreekSeq></word><word seq="15">of Jesus.<GreekSeq>15</GreekSeq></word></ESV></verse>
<verse number="19"><ESV><word seq="1">But<GreekSeq>2</GreekSeq></word><word seq="2">Peter<GreekSeq>3</GreekSeq></word><word seq="3">and<GreekSeq>4</GreekSeq></word><word seq="4">John<GreekSeq>5</GreekSeq></word><word seq="5">answered<GreekSeq>6</GreekSeq></word><word seq="6">them,<GreekSeq>9</GreekSeq></word><word seq="7">“Whether<GreekSeq>10</GreekSeq></word><word seq="8">it is<GreekSeq>12</GreekSeq></word><word seq="9">right<GreekSeq>11</GreekSeq></word><word seq="10">in the sight<GreekSeq>13</GreekSeq></word><word seq="11">of God<GreekSeq>15</GreekSeq></word><word seq="12">to listen<GreekSeq>17</GreekSeq></word><word seq="13">to you<GreekSeq>16</GreekSeq></word><word seq="14">rather<GreekSeq>18</GreekSeq></word><word seq="15">than<GreekSeq>19</GreekSeq></word><word seq="16">to God,<GreekSeq>21</GreekSeq></word><word seq="17">you must judge,<GreekSeq>22</GreekSeq></word></ESV></verse>
<verse number="20"><ESV><word seq="1">for<GreekSeq>3</GreekSeq></word><word seq="2">we cannot<GreekSeq>1</GreekSeq><GreekSeq>2</GreekSeq></word><word seq="3">but<GreekSeq>9</GreekSeq></word><word seq="4">speak<GreekSeq>10</GreekSeq></word><word seq="5">of what<GreekSeq>5</GreekSeq></word><word seq="6">we<GreekSeq>4</GreekSeq></word><word seq="7">have seen<GreekSeq>6</GreekSeq></word><word seq="8">and<GreekSeq>7</GreekSeq></word><word seq="9">heard.”<GreekSeq>8</GreekSeq></word></ESV></verse>
<verse number="21"><ESV><word seq="1">And<GreekSeq>2</GreekSeq></word><word seq="2">when they had further threatened<GreekSeq>3</GreekSeq></word><word seq="3">them,</word><word seq="4">they let<GreekSeq>4</GreekSeq></word><word seq="5">them<GreekSeq>5</GreekSeq></word><word seq="6">go,<GreekSeq>4</GreekSeq></word><word seq="7">finding<GreekSeq>7</GreekSeq></word><word seq="8">no<GreekSeq>6</GreekSeq></word><word seq="9">way<GreekSeq>8</GreekSeq><GreekSeq>9</GreekSeq></word><word seq="10">to punish<GreekSeq>10</GreekSeq></word><word seq="11">them,<GreekSeq>11</GreekSeq></word><word seq="12">because of<GreekSeq>12</GreekSeq></word><word seq="13">the<GreekSeq>13</GreekSeq></word><word seq="14">people,<GreekSeq>14</GreekSeq></word><word seq="15">for<GreekSeq>15</GreekSeq></word><word seq="16">all<GreekSeq>16</GreekSeq></word><word seq="17">were praising<GreekSeq>17</GreekSeq></word><word seq="18">God<GreekSeq>19</GreekSeq></word><word seq="19">for<GreekSeq>20</GreekSeq></word><word seq="20">what had happened.<GreekSeq>21</GreekSeq><GreekSeq>22</GreekSeq></word></ESV></verse>
<verse number="22"><ESV><word seq="1">For<GreekSeq>2</GreekSeq></word><word seq="2">the<GreekSeq>6</GreekSeq></word><word seq="3">man<GreekSeq>7</GreekSeq></word><word seq="4">on<GreekSeq>8</GreekSeq></word><word seq="5">whom<GreekSeq>9</GreekSeq></word><word seq="6">this<GreekSeq>13</GreekSeq></word><word seq="7">sign<GreekSeq>12</GreekSeq></word><word seq="8">of healing<GreekSeq>15</GreekSeq></word><word seq="9">was performed<GreekSeq>10</GreekSeq></word><word seq="10">was<GreekSeq>3</GreekSeq></word><word seq="11">more than<GreekSeq>4</GreekSeq></word><word seq="12">forty<GreekSeq>5</GreekSeq></word><word seq="13">years old.<GreekSeq>1</GreekSeq></word></ESV></verse>
<verse number="23"><ESV><word seq="1">When they were released,<GreekSeq>1</GreekSeq></word><word seq="2">they went<GreekSeq>3</GreekSeq></word><word seq="3">to<GreekSeq>4</GreekSeq></word><word seq="4">their friends<GreekSeq>5</GreekSeq><GreekSeq>6</GreekSeq></word><word seq="5">and<GreekSeq>7</GreekSeq></word><word seq="6">reported<GreekSeq>8</GreekSeq></word><word seq="7">what<GreekSeq>9</GreekSeq></word><word seq="8">the<GreekSeq>12</GreekSeq></word><word seq="9">chief priests<GreekSeq>13</GreekSeq></word><word seq="10">and<GreekSeq>14</GreekSeq></word><word seq="11">the<GreekSeq>15</GreekSeq></word><word seq="12">elders<GreekSeq>16</GreekSeq></word><word seq="13">had said<GreekSeq>17</GreekSeq></word><word seq="14">to<GreekSeq>10</GreekSeq></word><word seq="15">them.<GreekSeq>11</GreekSeq></word></ESV></verse>
<verse number="24"><ESV><word seq="1">And<GreekSeq>2</GreekSeq></word><word seq="2">when they heard<GreekSeq>3</GreekSeq></word><word seq="3">it,</word><word seq="4">they lifted<GreekSeq>5</GreekSeq></word><word seq="5">their</word><word seq="6">voices<GreekSeq>6</GreekSeq></word><word seq="7">together<GreekSeq>4</GreekSeq></word><word seq="8">to<GreekSeq>7</GreekSeq></word><word seq="9">God<GreekSeq>9</GreekSeq></word><word seq="10">and<GreekSeq>10</GreekSeq></word><word seq="11">said,<GreekSeq>11</GreekSeq></word><word seq="12">“Sovereign Lord,<GreekSeq>12</GreekSeq></word><word seq="13">who made<GreekSeq>15</GreekSeq></word><word seq="14">the<GreekSeq>16</GreekSeq></word><word seq="15">heaven<GreekSeq>17</GreekSeq></word><word seq="16">and<GreekSeq>18</GreekSeq></word><word seq="17">the<GreekSeq>19</GreekSeq></word><word seq="18">earth<GreekSeq>20</GreekSeq></word><word seq="19">and<GreekSeq>21</GreekSeq></word><word seq="20">the<GreekSeq>22</GreekSeq></word><word seq="21">sea<GreekSeq>23</GreekSeq></word><word seq="22">and<GreekSeq>24</GreekSeq></word><word seq="23">everything<GreekSeq>25</GreekSeq><GreekSeq>26</GreekSeq></word><word seq="24">in<GreekSeq>27</GreekSeq></word><word seq="25">them,<GreekSeq>28</GreekSeq></word></ESV></verse>
<verse number="25"><ESV><word seq="1">who<GreekSeq>1</GreekSeq></word><word seq="2">through</word><word seq="3">the mouth<GreekSeq>8</GreekSeq></word><word seq="4">of<GreekSeq>3</GreekSeq></word><word seq="5">our<GreekSeq>4</GreekSeq></word><word seq="6">father<GreekSeq>3</GreekSeq></word><word seq="7">David,<GreekSeq>9</GreekSeq></word><word seq="8">your<GreekSeq>11</GreekSeq></word><word seq="9">servant,<GreekSeq>10</GreekSeq></word><word seq="10">said<GreekSeq>12</GreekSeq></word><word seq="11">by<GreekSeq>5</GreekSeq></word><word seq="12">the</word><word seq="13">Holy<GreekSeq>7</GreekSeq></word><word seq="14">Spirit,<GreekSeq>6</GreekSeq></word><word seq="15">‘Why<GreekSeq>13</GreekSeq></word><word seq="16">did<GreekSeq>14</GreekSeq></word><word seq="17">the Gentiles<GreekSeq>15</GreekSeq></word><word seq="18">rage,<GreekSeq>14</GreekSeq></word><word seq="19">and<GreekSeq>16</GreekSeq></word><word seq="20">the peoples<GreekSeq>17</GreekSeq></word><word seq="21">plot<GreekSeq>18</GreekSeq></word><word seq="22">in vain?<GreekSeq>19</GreekSeq></word></ESV></verse>
<verse number="26"><ESV><word seq="1">The<GreekSeq>2</GreekSeq></word><word seq="2">kings<GreekSeq>3</GreekSeq></word><word seq="3">of the<GreekSeq>4</GreekSeq></word><word seq="4">earth<GreekSeq>5</GreekSeq></word><word seq="5">set themselves,<GreekSeq>1</GreekSeq></word><word seq="6">and<GreekSeq>6</GreekSeq></word><word seq="7">the<GreekSeq>7</GreekSeq></word><word seq="8">rulers<GreekSeq>8</GreekSeq></word><word seq="9">were gathered<GreekSeq>9</GreekSeq></word><word seq="10">together,<GreekSeq>10</GreekSeq><GreekSeq>11</GreekSeq><GreekSeq>12</GreekSeq></word><word seq="11">against<GreekSeq>13</GreekSeq></word><word seq="12">the<GreekSeq>14</GreekSeq></word><word seq="13">Lord<GreekSeq>15</GreekSeq></word><word seq="14">and<GreekSeq>16</GreekSeq></word><word seq="15">against<GreekSeq>17</GreekSeq></word><word seq="16">his<GreekSeq>20</GreekSeq></word><word seq="17">Anointed’—<GreekSeq>19</GreekSeq></word></ESV></verse>
<verse number="27"><ESV><word seq="1">for<GreekSeq>2</GreekSeq></word><word seq="2">truly<GreekSeq>3</GreekSeq><GreekSeq>4</GreekSeq></word><word seq="3">in<GreekSeq>5</GreekSeq></word><word seq="4">this<GreekSeq>8</GreekSeq></word><word seq="5">city<GreekSeq>7</GreekSeq></word><word seq="6">there were gathered together<GreekSeq>1</GreekSeq></word><word seq="7">against<GreekSeq>9</GreekSeq></word><word seq="8">your<GreekSeq>13</GreekSeq></word><word seq="9">holy<GreekSeq>11</GreekSeq></word><word seq="10">servant<GreekSeq>12</GreekSeq></word><word seq="11">Jesus,<GreekSeq>14</GreekSeq></word><word seq="12">whom<GreekSeq>15</GreekSeq></word><word seq="13">you anointed,<GreekSeq>16</GreekSeq></word><word seq="14">both<GreekSeq>18</GreekSeq></word><word seq="15">Herod<GreekSeq>17</GreekSeq></word><word seq="16">and<GreekSeq>19</GreekSeq></word><word seq="17">Pontius<GreekSeq>20</GreekSeq></word><word seq="18">Pilate,<GreekSeq>21</GreekSeq></word><word seq="19">along with<GreekSeq>22</GreekSeq></word><word seq="20">the Gentiles<GreekSeq>23</GreekSeq></word><word seq="21">and<GreekSeq>24</GreekSeq></word><word seq="22">the peoples<GreekSeq>25</GreekSeq></word><word seq="23">of Israel,<GreekSeq>26</GreekSeq></word></ESV></verse>
<verse number="28"><ESV><word seq="1">to do<GreekSeq>1</GreekSeq></word><word seq="2">whatever<GreekSeq>2</GreekSeq></word><word seq="3">your<GreekSeq>5</GreekSeq></word><word seq="4">hand<GreekSeq>4</GreekSeq></word><word seq="5">and<GreekSeq>6</GreekSeq></word><word seq="6">your<GreekSeq>9</GreekSeq></word><word seq="7">plan<GreekSeq>8</GreekSeq></word><word seq="8">had predestined<GreekSeq>10</GreekSeq></word><word seq="9">to take place.<GreekSeq>11</GreekSeq></word></ESV></verse>
<verse number="29"><ESV><word seq="1">And<GreekSeq>1</GreekSeq></word><word seq="2" note="Base of Greek: τὰ νῦν(3569)">now,<GreekSeq>2</GreekSeq><GreekSeq>3</GreekSeq></word><word seq="3">Lord,<GreekSeq>4</GreekSeq></word><word seq="4">look<GreekSeq>5</GreekSeq></word><word seq="5">upon<GreekSeq>6</GreekSeq></word><word seq="6">their<GreekSeq>9</GreekSeq></word><word seq="7">threats<GreekSeq>8</GreekSeq></word><word seq="8">and<GreekSeq>10</GreekSeq></word><word seq="9">grant to<GreekSeq>11</GreekSeq></word><word seq="10">your<GreekSeq>14</GreekSeq></word><word seq="11">servants<GreekSeq>13</GreekSeq></word><word seq="12">to continue</word><word seq="13">to speak<GreekSeq>18</GreekSeq></word><word seq="14">your<GreekSeq>21</GreekSeq></word><word seq="15">word<GreekSeq>20</GreekSeq></word><word seq="16">with<GreekSeq>15</GreekSeq></word><word seq="17">all<GreekSeq>17</GreekSeq></word><word seq="18">boldness,<GreekSeq>16</GreekSeq></word></ESV></verse>
<verse number="30"><ESV><word seq="1">while<GreekSeq>1</GreekSeq><GreekSeq>2</GreekSeq></word><word seq="2">you<GreekSeq>7</GreekSeq></word><word seq="3">stretch out<GreekSeq>6</GreekSeq></word><word seq="4">your<GreekSeq>5</GreekSeq></word><word seq="5">hand<GreekSeq>4</GreekSeq></word><word seq="6">to heal,<GreekSeq>8</GreekSeq><GreekSeq>9</GreekSeq></word><word seq="7">and<GreekSeq>10</GreekSeq></word><word seq="8">signs<GreekSeq>11</GreekSeq></word><word seq="9">and<GreekSeq>12</GreekSeq></word><word seq="10">wonders<GreekSeq>13</GreekSeq></word><word seq="11">are performed<GreekSeq>14</GreekSeq></word><word seq="12">through<GreekSeq>15</GreekSeq></word><word seq="13">the<GreekSeq>16</GreekSeq></word><word seq="14">name of<GreekSeq>17</GreekSeq></word><word seq="15">your<GreekSeq>21</GreekSeq></word><word seq="16">holy<GreekSeq>19</GreekSeq></word><word seq="17">servant<GreekSeq>20</GreekSeq></word><word seq="18">Jesus.”<GreekSeq>22</GreekSeq></word></ESV></verse>
<verse number="31"><ESV><word seq="1">And<GreekSeq>1</GreekSeq></word><word seq="2">when<GreekSeq>2</GreekSeq></word><word seq="3">they<GreekSeq>3</GreekSeq></word><word seq="4">had prayed,<GreekSeq>2</GreekSeq></word><word seq="5">the<GreekSeq>5</GreekSeq></word><word seq="6">place<GreekSeq>6</GreekSeq></word><word seq="7">in<GreekSeq>7</GreekSeq></word><word seq="8">which<GreekSeq>8</GreekSeq></word><word seq="9">they were<GreekSeq>9</GreekSeq></word><word seq="10">gathered together<GreekSeq>10</GreekSeq></word><word seq="11">was shaken,<GreekSeq>4</GreekSeq></word><word seq="12">and<GreekSeq>11</GreekSeq></word><word seq="13">they were<GreekSeq>12</GreekSeq></word><word seq="14">all<GreekSeq>13</GreekSeq></word><word seq="15">filled with<GreekSeq>12</GreekSeq></word><word seq="16">the<GreekSeq>14</GreekSeq></word><word seq="17">Holy<GreekSeq>15</GreekSeq></word><word seq="18">Spirit<GreekSeq>16</GreekSeq></word><word seq="19">and<GreekSeq>17</GreekSeq></word><word seq="20">continued to speak<GreekSeq>18</GreekSeq></word><word seq="21">the<GreekSeq>19</GreekSeq></word><word seq="22">word<GreekSeq>20</GreekSeq></word><word seq="23">of God<GreekSeq>22</GreekSeq></word><word seq="24">with<GreekSeq>23</GreekSeq></word><word seq="25">boldness.<GreekSeq>24</GreekSeq></word></ESV></verse>
<verse number="32"><ESV><word seq="1">Now<GreekSeq>2</GreekSeq></word><word seq="2">the<GreekSeq>1</GreekSeq></word><word seq="3">full number<GreekSeq>3</GreekSeq></word><word seq="4">of those<GreekSeq>4</GreekSeq></word><word seq="5">who believed<GreekSeq>5</GreekSeq></word><word seq="6">were<GreekSeq>6</GreekSeq></word><word seq="7">of one<GreekSeq>10</GreekSeq></word><word seq="8">heart<GreekSeq>7</GreekSeq></word><word seq="9">and<GreekSeq>8</GreekSeq></word><word seq="10">soul,<GreekSeq>9</GreekSeq></word><word seq="11">and<GreekSeq>11</GreekSeq></word><word seq="12">no<GreekSeq>12</GreekSeq></word><word seq="13">one<GreekSeq>13</GreekSeq></word><word seq="14">said<GreekSeq>18</GreekSeq></word><word seq="15">that</word><word seq="16">any<GreekSeq>14</GreekSeq></word><word seq="17">of the things<GreekSeq>15</GreekSeq></word><word seq="18">that belonged<GreekSeq>16</GreekSeq></word><word seq="19">to him<GreekSeq>17</GreekSeq></word><word seq="20">was<GreekSeq>20</GreekSeq></word><word seq="21">his own,<GreekSeq>19</GreekSeq></word><word seq="22">but<GreekSeq>21</GreekSeq></word><word seq="23">they<GreekSeq>23</GreekSeq></word><word seq="24">had<GreekSeq>22</GreekSeq></word><word seq="25">everything<GreekSeq>24</GreekSeq></word><word seq="26">in common.<GreekSeq>25</GreekSeq></word></ESV></verse>
<verse number="33"><ESV><word seq="1">And<GreekSeq>1</GreekSeq></word><word seq="2">with great<GreekSeq>3</GreekSeq></word><word seq="3">power<GreekSeq>2</GreekSeq></word><word seq="4">the<GreekSeq>7</GreekSeq></word><word seq="5">apostles<GreekSeq>8</GreekSeq></word><word seq="6">were giving<GreekSeq>4</GreekSeq></word><word seq="7">their</word><word seq="8">testimony<GreekSeq>6</GreekSeq></word><word seq="9">to the<GreekSeq>9</GreekSeq></word><word seq="10">resurrection<GreekSeq>10</GreekSeq></word><word seq="11">of the<GreekSeq>11</GreekSeq></word><word seq="12">Lord<GreekSeq>12</GreekSeq></word><word seq="13">Jesus,<GreekSeq>13</GreekSeq></word><word seq="14">and<GreekSeq>15</GreekSeq></word><word seq="15">great<GreekSeq>16</GreekSeq></word><word seq="16">grace<GreekSeq>14</GreekSeq></word><word seq="17">was<GreekSeq>17</GreekSeq></word><word seq="18">upon<GreekSeq>18</GreekSeq></word><word seq="19">them<GreekSeq>20</GreekSeq></word><word seq="20">all.<GreekSeq>19</GreekSeq></word></ESV></verse>
<verse number="34"><ESV><word seq="1">There was<GreekSeq>5</GreekSeq></word><word seq="2">not<GreekSeq>1</GreekSeq></word><word seq="3">a needy<GreekSeq>3</GreekSeq></word><word seq="4">person<GreekSeq>4</GreekSeq></word><word seq="5">among<GreekSeq>6</GreekSeq></word><word seq="6">them,<GreekSeq>7</GreekSeq></word><word seq="7">for<GreekSeq>9</GreekSeq></word><word seq="8">as many as<GreekSeq>8</GreekSeq></word><word seq="9">were<GreekSeq>14</GreekSeq></word><word seq="10">owners<GreekSeq>10</GreekSeq></word><word seq="11">of lands<GreekSeq>11</GreekSeq></word><word seq="12">or<GreekSeq>12</GreekSeq></word><word seq="13">houses<GreekSeq>13</GreekSeq></word><word seq="14">sold<GreekSeq>15</GreekSeq></word><word seq="15">them and</word><word seq="16">brought<GreekSeq>16</GreekSeq></word><word seq="17">the<GreekSeq>17</GreekSeq></word><word seq="18">proceeds<GreekSeq>18</GreekSeq></word><word seq="19">of what was sold<GreekSeq>19</GreekSeq><GreekSeq>20</GreekSeq></word></ESV></verse>
<verse number="35"><ESV><word seq="1">and<GreekSeq>1</GreekSeq></word><word seq="2">laid<GreekSeq>2</GreekSeq></word><word seq="3">it</word><word seq="4">at<GreekSeq>3</GreekSeq></word><word seq="5">the<GreekSeq>4</GreekSeq></word><word seq="6">apostles’<GreekSeq>7</GreekSeq></word><word seq="7">feet,<GreekSeq>5</GreekSeq></word><word seq="8">and<GreekSeq>9</GreekSeq></word><word seq="9">it was distributed<GreekSeq>8</GreekSeq></word><word seq="10">to each<GreekSeq>10</GreekSeq></word><word seq="11">as<GreekSeq>11</GreekSeq></word><word seq="12">any<GreekSeq>13</GreekSeq></word><word seq="13">had<GreekSeq>15</GreekSeq></word><word seq="14">need.<GreekSeq>14</GreekSeq></word></ESV></verse>
<verse number="36"><ESV><word seq="1">Thus<GreekSeq>2</GreekSeq></word><word seq="2">Joseph,<GreekSeq>1</GreekSeq></word><word seq="3">who was [also] called<GreekSeq>4</GreekSeq></word><word seq="4">by<GreekSeq>6</GreekSeq></word><word seq="5">the<GreekSeq>7</GreekSeq></word><word seq="6">apostles<GreekSeq>8</GreekSeq></word><word seq="7">Barnabas<GreekSeq>5</GreekSeq></word><word seq="8">(which means<GreekSeq>11</GreekSeq></word><word seq="9">son<GreekSeq>12</GreekSeq></word><word seq="10">of encouragement),<GreekSeq>13</GreekSeq></word><word seq="11">a Levite,<GreekSeq>14</GreekSeq></word><word seq="12">a<GreekSeq>16</GreekSeq></word><word seq="13">native<GreekSeq>17</GreekSeq></word><word seq="14">of Cyprus,<GreekSeq>15</GreekSeq></word></ESV></verse>
<verse number="37"><ESV><word seq="1">sold<GreekSeq>4</GreekSeq></word><word seq="2">a field<GreekSeq>3</GreekSeq></word><word seq="3">that belonged<GreekSeq>1</GreekSeq></word><word seq="4">to him<GreekSeq>2</GreekSeq></word><word seq="5">and</word><word seq="6">brought<GreekSeq>5</GreekSeq></word><word seq="7">the<GreekSeq>6</GreekSeq></word><word seq="8">money<GreekSeq>7</GreekSeq></word><word seq="9">and<GreekSeq>8</GreekSeq></word><word seq="10">laid<GreekSeq>9</GreekSeq></word><word seq="11">it</word><word seq="12">at<GreekSeq>10</GreekSeq></word><word seq="13">the<GreekSeq>11</GreekSeq></word><word seq="14">apostles’<GreekSeq>14</GreekSeq></word><word seq="15">feet.<GreekSeq>12</GreekSeq></word></ESV></verse></chapter></book>