<?xml version="1.0" encoding="UTF-8" standalone="no"?><book><chapter number="10">'<verse number="1"><ESV><word seq="1">At<GreekSeq>4</GreekSeq></word><word seq="2">Caesarea<GreekSeq>5</GreekSeq></word><word seq="3" note="Base of different Greek: ἦν(2258)">there was</word><word seq="4">a<GreekSeq>3</GreekSeq></word><word seq="5">man<GreekSeq>1</GreekSeq></word><word seq="6">named<GreekSeq>6</GreekSeq></word><word seq="7">Cornelius,<GreekSeq>7</GreekSeq></word><word seq="8">a centurion<GreekSeq>8</GreekSeq></word><word seq="9">of<GreekSeq>9</GreekSeq></word><word seq="10">what was known as<GreekSeq>11</GreekSeq><GreekSeq>12</GreekSeq></word><word seq="11">the Italian<GreekSeq>13</GreekSeq></word><word seq="12">Cohort,<GreekSeq>10</GreekSeq></word></ESV></verse>
<verse number="2"><ESV><word seq="1">a devout man<GreekSeq>1</GreekSeq></word><word seq="2">who feared<GreekSeq>3</GreekSeq></word><word seq="3">God<GreekSeq>5</GreekSeq></word><word seq="4">with<GreekSeq>6</GreekSeq></word><word seq="5">all<GreekSeq>7</GreekSeq></word><word seq="6">his<GreekSeq>10</GreekSeq></word><word seq="7">household,<GreekSeq>9</GreekSeq></word><word seq="8">gave<GreekSeq>11</GreekSeq></word><word seq="9">alms<GreekSeq>12</GreekSeq></word><word seq="10">generously<GreekSeq>13</GreekSeq></word><word seq="11">to the<GreekSeq>14</GreekSeq></word><word seq="12">people,<GreekSeq>15</GreekSeq></word><word seq="13">and<GreekSeq>16</GreekSeq></word><word seq="14">prayed<GreekSeq>17</GreekSeq></word><word seq="15">continually<GreekSeq>20</GreekSeq><GreekSeq>21</GreekSeq></word><word seq="16">to God.<GreekSeq>19</GreekSeq></word></ESV></verse>
<verse number="3"><ESV><word seq="1">About<GreekSeq>5</GreekSeq><GreekSeq>6</GreekSeq></word><word seq="2">the</word><word seq="3">ninth<GreekSeq>8</GreekSeq></word><word seq="4">hour<GreekSeq>7</GreekSeq></word><word seq="5">of the<GreekSeq>9</GreekSeq></word><word seq="6">day<GreekSeq>10</GreekSeq></word><word seq="7">he saw<GreekSeq>1</GreekSeq></word><word seq="8">clearly<GreekSeq>4</GreekSeq></word><word seq="9">in<GreekSeq>2</GreekSeq></word><word seq="10">a vision<GreekSeq>3</GreekSeq></word><word seq="11">an angel<GreekSeq>11</GreekSeq></word><word seq="12">of God<GreekSeq>13</GreekSeq></word><word seq="13">come in<GreekSeq>14</GreekSeq></word><word seq="14">and<GreekSeq>17</GreekSeq></word><word seq="15">say<GreekSeq>18</GreekSeq></word><word seq="16">to him,<GreekSeq>19</GreekSeq></word><word seq="17">“Cornelius.”<GreekSeq>20</GreekSeq></word></ESV></verse>
<verse number="4"><ESV><word seq="1">And<GreekSeq>2</GreekSeq></word><word seq="2">he<GreekSeq>1</GreekSeq></word><word seq="3">stared at<GreekSeq>3</GreekSeq></word><word seq="4">him<GreekSeq>4</GreekSeq></word><word seq="5">in terror<GreekSeq>6</GreekSeq></word><word seq="6">and<GreekSeq>5</GreekSeq></word><word seq="7">said,<GreekSeq>8</GreekSeq></word><word seq="8">“What<GreekSeq>9</GreekSeq></word><word seq="9">is it,<GreekSeq>10</GreekSeq></word><word seq="10">Lord?”<GreekSeq>11</GreekSeq></word><word seq="11">And<GreekSeq>13</GreekSeq></word><word seq="12">he said<GreekSeq>12</GreekSeq></word><word seq="13">to him,<GreekSeq>14</GreekSeq></word><word seq="14">“Your<GreekSeq>17</GreekSeq></word><word seq="15">prayers<GreekSeq>16</GreekSeq></word><word seq="16">and<GreekSeq>18</GreekSeq></word><word seq="17">your<GreekSeq>21</GreekSeq></word><word seq="18">alms<GreekSeq>20</GreekSeq></word><word seq="19">have ascended<GreekSeq>22</GreekSeq></word><word seq="20">as<GreekSeq>23</GreekSeq></word><word seq="21">a memorial<GreekSeq>24</GreekSeq></word><word seq="22">before<GreekSeq>25</GreekSeq></word><word seq="23">God.<GreekSeq>27</GreekSeq></word></ESV></verse>
<verse number="5"><ESV><word seq="1">And<GreekSeq>1</GreekSeq></word><word seq="2">now<GreekSeq>2</GreekSeq></word><word seq="3">send<GreekSeq>3</GreekSeq></word><word seq="4">men<GreekSeq>4</GreekSeq></word><word seq="5">to<GreekSeq>5</GreekSeq></word><word seq="6">Joppa<GreekSeq>6</GreekSeq></word><word seq="7">and<GreekSeq>7</GreekSeq></word><word seq="8">bring<GreekSeq>8</GreekSeq></word><word seq="9">one<GreekSeq>10</GreekSeq></word><word seq="10">Simon<GreekSeq>9</GreekSeq></word><word seq="11">who<GreekSeq>11</GreekSeq></word><word seq="12">is called<GreekSeq>12</GreekSeq></word><word seq="13">Peter.<GreekSeq>13</GreekSeq></word></ESV></verse>
<verse number="6"><ESV><word seq="1">He<GreekSeq>1</GreekSeq></word><word seq="2">is lodging<GreekSeq>2</GreekSeq></word><word seq="3">with<GreekSeq>3</GreekSeq></word><word seq="4">one<GreekSeq>4</GreekSeq></word><word seq="5">Simon,<GreekSeq>5</GreekSeq></word><word seq="6">a tanner,<GreekSeq>6</GreekSeq></word><word seq="7">whose<GreekSeq>7</GreekSeq></word><word seq="8">house<GreekSeq>9</GreekSeq></word><word seq="9">is<GreekSeq>8</GreekSeq></word><word seq="10">by<GreekSeq>10</GreekSeq></word><word seq="11">the sea.”<GreekSeq>11</GreekSeq></word></ESV></verse>
<verse number="7"><ESV><word seq="1">When<GreekSeq>1</GreekSeq></word><word seq="2">the<GreekSeq>4</GreekSeq></word><word seq="3">angel<GreekSeq>5</GreekSeq></word><word seq="4">who spoke<GreekSeq>7</GreekSeq></word><word seq="5">to him<GreekSeq>8</GreekSeq></word><word seq="6">had departed,<GreekSeq>3</GreekSeq></word><word seq="7">he called<GreekSeq>9</GreekSeq></word><word seq="8">two<GreekSeq>10</GreekSeq></word><word seq="9">of [his] servants<GreekSeq>12</GreekSeq></word><word seq="10">and<GreekSeq>13</GreekSeq></word><word seq="11">a devout<GreekSeq>15</GreekSeq></word><word seq="12">soldier<GreekSeq>14</GreekSeq></word><word seq="13">from among those<GreekSeq>16</GreekSeq></word><word seq="14">who attended<GreekSeq>17</GreekSeq></word><word seq="15">him,<GreekSeq>18</GreekSeq></word></ESV></verse>
<verse number="8"><ESV><word seq="1">and<GreekSeq>1</GreekSeq></word><word seq="2">having related<GreekSeq>2</GreekSeq></word><word seq="3">everything<GreekSeq>3</GreekSeq></word><word seq="4">to them,<GreekSeq>4</GreekSeq></word><word seq="5">he sent<GreekSeq>5</GreekSeq></word><word seq="6">them<GreekSeq>6</GreekSeq></word><word seq="7">to<GreekSeq>7</GreekSeq></word><word seq="8">Joppa.<GreekSeq>9</GreekSeq></word></ESV></verse>
<verse number="9"><ESV><word seq="1">The<GreekSeq>1</GreekSeq></word><word seq="2">next day,<GreekSeq>3</GreekSeq></word><word seq="3">as<GreekSeq>4</GreekSeq></word><word seq="4">they<GreekSeq>5</GreekSeq></word><word seq="5">were on their journey<GreekSeq>4</GreekSeq></word><word seq="6">and<GreekSeq>6</GreekSeq></word><word seq="7">approaching<GreekSeq>9</GreekSeq></word><word seq="8">the<GreekSeq>7</GreekSeq></word><word seq="9">city,<GreekSeq>8</GreekSeq></word><word seq="10">Peter<GreekSeq>11</GreekSeq></word><word seq="11">went up<GreekSeq>10</GreekSeq></word><word seq="12">on<GreekSeq>12</GreekSeq></word><word seq="13">the<GreekSeq>13</GreekSeq></word><word seq="14">housetop<GreekSeq>14</GreekSeq></word><word seq="15">about<GreekSeq>16</GreekSeq></word><word seq="16">the</word><word seq="17">sixth<GreekSeq>18</GreekSeq></word><word seq="18">hour<GreekSeq>17</GreekSeq></word><word seq="19">to pray.<GreekSeq>15</GreekSeq></word></ESV></verse>
<verse number="10"><ESV><word seq="1">And<GreekSeq>2</GreekSeq></word><word seq="2">he became<GreekSeq>1</GreekSeq></word><word seq="3">hungry<GreekSeq>3</GreekSeq></word><word seq="4">and<GreekSeq>4</GreekSeq></word><word seq="5">wanted<GreekSeq>5</GreekSeq></word><word seq="6">something</word><word seq="7">to eat,<GreekSeq>6</GreekSeq></word><word seq="8">but<GreekSeq>8</GreekSeq></word><word seq="9">while<GreekSeq>7</GreekSeq></word><word seq="10">they<GreekSeq>9</GreekSeq></word><word seq="11">were preparing<GreekSeq>7</GreekSeq></word><word seq="12">it,</word><word seq="13">he<GreekSeq>12</GreekSeq></word><word seq="14" note="Base of different Greek: ἐπέπεσεν(1968)">fell<GreekSeq>10</GreekSeq></word><word seq="15">into<GreekSeq>11</GreekSeq></word><word seq="16">a trance<GreekSeq>13</GreekSeq></word></ESV></verse>
<verse number="11"><ESV><word seq="1">and<GreekSeq>1</GreekSeq></word><word seq="2">saw<GreekSeq>2</GreekSeq></word><word seq="3">the<GreekSeq>3</GreekSeq></word><word seq="4">heavens<GreekSeq>4</GreekSeq></word><word seq="5">opened<GreekSeq>5</GreekSeq></word><word seq="6">and<GreekSeq>6</GreekSeq></word><word seq="7">something<GreekSeq>8</GreekSeq></word><word seq="8">like<GreekSeq>10</GreekSeq></word><word seq="9">a great<GreekSeq>12</GreekSeq></word><word seq="10">sheet<GreekSeq>11</GreekSeq></word><word seq="11">descending,<GreekSeq>7</GreekSeq></word><word seq="12">being let down<GreekSeq>15</GreekSeq></word><word seq="13">by [its] four<GreekSeq>13</GreekSeq></word><word seq="14">corners<GreekSeq>14</GreekSeq></word><word seq="15">upon<GreekSeq>16</GreekSeq></word><word seq="16">the<GreekSeq>17</GreekSeq></word><word seq="17">earth.<GreekSeq>18</GreekSeq></word></ESV></verse>
<verse number="12"><ESV><word seq="1">In<GreekSeq>1</GreekSeq></word><word seq="2">it<GreekSeq>2</GreekSeq></word><word seq="3">were<GreekSeq>3</GreekSeq></word><word seq="4">all kinds<GreekSeq>4</GreekSeq></word><word seq="5">of animals<GreekSeq>6</GreekSeq></word><word seq="6">and<GreekSeq>7</GreekSeq></word><word seq="7">reptiles<GreekSeq>8</GreekSeq></word><word seq="8">and<GreekSeq>11</GreekSeq></word><word seq="9">birds<GreekSeq>12</GreekSeq></word><word seq="10">of the<GreekSeq>13</GreekSeq></word><word seq="11">air.<GreekSeq>14</GreekSeq></word></ESV></verse>
<verse number="13"><ESV><word seq="1">And<GreekSeq>1</GreekSeq></word><word seq="2">there came<GreekSeq>2</GreekSeq></word><word seq="3">a voice<GreekSeq>3</GreekSeq></word><word seq="4">to<GreekSeq>4</GreekSeq></word><word seq="5">him:<GreekSeq>5</GreekSeq></word><word seq="6">“Rise,<GreekSeq>6</GreekSeq></word><word seq="7">Peter;<GreekSeq>7</GreekSeq></word><word seq="8">kill<GreekSeq>8</GreekSeq></word><word seq="9">and<GreekSeq>9</GreekSeq></word><word seq="10">eat.”<GreekSeq>10</GreekSeq></word></ESV></verse>
<verse number="14"><ESV><word seq="1">But<GreekSeq>2</GreekSeq></word><word seq="2">Peter<GreekSeq>3</GreekSeq></word><word seq="3">said,<GreekSeq>4</GreekSeq></word><word seq="4">“By no means,<GreekSeq>5</GreekSeq></word><word seq="5">Lord;<GreekSeq>6</GreekSeq></word><word seq="6">for<GreekSeq>7</GreekSeq></word><word seq="7">I have<GreekSeq>9</GreekSeq></word><word seq="8">never<GreekSeq>8</GreekSeq></word><word seq="9">eaten<GreekSeq>9</GreekSeq></word><word seq="10">anything<GreekSeq>10</GreekSeq></word><word seq="11">that is</word><word seq="12">common<GreekSeq>11</GreekSeq></word><word seq="13" note="Base of different Greek: ἢ(2228)">or<GreekSeq>12</GreekSeq></word><word seq="14">unclean.”<GreekSeq>13</GreekSeq></word></ESV></verse>
<verse number="15"><ESV><word seq="1">And<GreekSeq>1</GreekSeq></word><word seq="2">the voice<GreekSeq>2</GreekSeq></word><word seq="3">came</word><word seq="4">to<GreekSeq>6</GreekSeq></word><word seq="5">him<GreekSeq>7</GreekSeq></word><word seq="6">again<GreekSeq>3</GreekSeq></word><word seq="7">a second time,<GreekSeq>5</GreekSeq></word><word seq="8">“What<GreekSeq>8</GreekSeq></word><word seq="9">God<GreekSeq>10</GreekSeq></word><word seq="10">has made clean,<GreekSeq>11</GreekSeq></word><word seq="11">do</word><word seq="12">not<GreekSeq>13</GreekSeq></word><word seq="13">call common.”<GreekSeq>14</GreekSeq></word></ESV></verse>
<verse number="16"><ESV><word seq="1">This<GreekSeq>1</GreekSeq></word><word seq="2">happened<GreekSeq>3</GreekSeq></word><word seq="3">three times,<GreekSeq>5</GreekSeq></word><word seq="4">and<GreekSeq>6</GreekSeq></word><word seq="5">the<GreekSeq>9</GreekSeq></word><word seq="6">thing<GreekSeq>10</GreekSeq></word><word seq="7">was taken up<GreekSeq>8</GreekSeq></word><word seq="8">at once<GreekSeq>7</GreekSeq></word><word seq="9">to<GreekSeq>11</GreekSeq></word><word seq="10">heaven.<GreekSeq>13</GreekSeq></word></ESV></verse>
<verse number="17"><ESV><word seq="1">Now<GreekSeq>2</GreekSeq></word><word seq="2">while<GreekSeq>1</GreekSeq></word><word seq="3">Peter<GreekSeq>7</GreekSeq></word><word seq="4">was<GreekSeq>5</GreekSeq></word><word seq="5">inwardly<GreekSeq>3</GreekSeq><GreekSeq>4</GreekSeq></word><word seq="6">perplexed<GreekSeq>5</GreekSeq></word><word seq="7">as to<GreekSeq>9</GreekSeq></word><word seq="8">what<GreekSeq>8</GreekSeq></word><word seq="9">the<GreekSeq>11</GreekSeq></word><word seq="10">vision<GreekSeq>12</GreekSeq></word><word seq="11">that<GreekSeq>13</GreekSeq></word><word seq="12">he had seen<GreekSeq>14</GreekSeq></word><word seq="13">might mean,<GreekSeq>10</GreekSeq></word><word seq="14">behold,<GreekSeq>15</GreekSeq></word><word seq="15">the<GreekSeq>16</GreekSeq></word><word seq="16">men<GreekSeq>17</GreekSeq></word><word seq="17">who were sent<GreekSeq>19</GreekSeq></word><word seq="18">by<GreekSeq>20</GreekSeq></word><word seq="19">Cornelius,<GreekSeq>22</GreekSeq></word><word seq="20">having made inquiry for<GreekSeq>23</GreekSeq></word><word seq="21">Simon’s<GreekSeq>27</GreekSeq></word><word seq="22">house,<GreekSeq>25</GreekSeq></word><word seq="23">stood<GreekSeq>28</GreekSeq></word><word seq="24">at<GreekSeq>29</GreekSeq></word><word seq="25">the<GreekSeq>30</GreekSeq></word><word seq="26">gate<GreekSeq>31</GreekSeq></word></ESV></verse>
<verse number="18"><ESV><word seq="1">and<GreekSeq>1</GreekSeq></word><word seq="2">called out<GreekSeq>2</GreekSeq></word><word seq="3">to ask<GreekSeq>3</GreekSeq></word><word seq="4">whether<GreekSeq>4</GreekSeq></word><word seq="5">Simon<GreekSeq>5</GreekSeq></word><word seq="6">who was called<GreekSeq>7</GreekSeq></word><word seq="7">Peter<GreekSeq>8</GreekSeq></word><word seq="8">was lodging<GreekSeq>10</GreekSeq></word><word seq="9">there.<GreekSeq>9</GreekSeq></word></ESV></verse>
<verse number="19"><ESV><word seq="1">And<GreekSeq>2</GreekSeq></word><word seq="2">while<GreekSeq>4</GreekSeq></word><word seq="3">Peter<GreekSeq>3</GreekSeq></word><word seq="4">was pondering<GreekSeq>4</GreekSeq></word><word seq="5">the<GreekSeq>6</GreekSeq></word><word seq="6">vision,<GreekSeq>7</GreekSeq></word><word seq="7">the<GreekSeq>10</GreekSeq></word><word seq="8">Spirit<GreekSeq>11</GreekSeq></word><word seq="9">said<GreekSeq>8</GreekSeq></word><word seq="10">to him,<GreekSeq>9</GreekSeq></word><word seq="11">“Behold,<GreekSeq>12</GreekSeq></word><word seq="12">three<GreekSeq>14</GreekSeq></word><word seq="13">men<GreekSeq>13</GreekSeq></word><word seq="14">are looking for<GreekSeq>15</GreekSeq></word><word seq="15">you.<GreekSeq>16</GreekSeq></word></ESV></verse>
<verse number="20"><ESV><word seq="1">Rise<GreekSeq>2</GreekSeq></word><word seq="2">and</word><word seq="3">go down<GreekSeq>3</GreekSeq></word><word seq="4">and<GreekSeq>4</GreekSeq></word><word seq="5">accompany<GreekSeq>5</GreekSeq><GreekSeq>6</GreekSeq></word><word seq="6">them<GreekSeq>7</GreekSeq></word><word seq="7">without<GreekSeq>8</GreekSeq></word><word seq="8">hesitation,<GreekSeq>9</GreekSeq></word><word seq="9">for<GreekSeq>10</GreekSeq></word><word seq="10">I<GreekSeq>11</GreekSeq></word><word seq="11">have sent<GreekSeq>12</GreekSeq></word><word seq="12">them.”<GreekSeq>13</GreekSeq></word></ESV></verse>
<verse number="21"><ESV><word seq="1">And<GreekSeq>2</GreekSeq></word><word seq="2">Peter<GreekSeq>3</GreekSeq></word><word seq="3">went down<GreekSeq>1</GreekSeq></word><word seq="4">to<GreekSeq>4</GreekSeq></word><word seq="5">the<GreekSeq>5</GreekSeq></word><word seq="6">men<GreekSeq>6</GreekSeq></word><word seq="7">and</word><word seq="8">said,<GreekSeq>7</GreekSeq></word><word seq="9">“I<GreekSeq>9</GreekSeq></word><word seq="10">am<GreekSeq>10</GreekSeq></word><word seq="11">the one<GreekSeq>11</GreekSeq></word><word seq="12">you are looking for.<GreekSeq>12</GreekSeq></word><word seq="13">What<GreekSeq>13</GreekSeq></word><word seq="14">is</word><word seq="15">the<GreekSeq>14</GreekSeq></word><word seq="16">reason<GreekSeq>15</GreekSeq></word><word seq="17">for<GreekSeq>16</GreekSeq></word><word seq="18">your coming?”<GreekSeq>18</GreekSeq></word></ESV></verse>
<verse number="22"><ESV><word seq="1">And<GreekSeq>2</GreekSeq></word><word seq="2">they<GreekSeq>1</GreekSeq></word><word seq="3">said,<GreekSeq>3</GreekSeq></word><word seq="4">“Cornelius,<GreekSeq>4</GreekSeq></word><word seq="5">a centurion,<GreekSeq>5</GreekSeq></word><word seq="6">an upright<GreekSeq>7</GreekSeq></word><word seq="7">and<GreekSeq>8</GreekSeq></word><word seq="8">God<GreekSeq>11</GreekSeq></word><word seq="9">-fearing<GreekSeq>9</GreekSeq></word><word seq="10">man,<GreekSeq>6</GreekSeq></word><word seq="11">who is well spoken of<GreekSeq>12</GreekSeq></word><word seq="12">by<GreekSeq>14</GreekSeq></word><word seq="13">the<GreekSeq>16</GreekSeq></word><word seq="14">whole<GreekSeq>15</GreekSeq></word><word seq="15">Jewish<GreekSeq>19</GreekSeq></word><word seq="16">nation,<GreekSeq>17</GreekSeq></word><word seq="17">was directed<GreekSeq>20</GreekSeq></word><word seq="18">by<GreekSeq>21</GreekSeq></word><word seq="19">a holy<GreekSeq>23</GreekSeq></word><word seq="20">angel<GreekSeq>22</GreekSeq></word><word seq="21">to send for<GreekSeq>24</GreekSeq></word><word seq="22">you<GreekSeq>25</GreekSeq></word><word seq="23">to come</word><word seq="24">to<GreekSeq>26</GreekSeq></word><word seq="25">his<GreekSeq>29</GreekSeq></word><word seq="26">house<GreekSeq>28</GreekSeq></word><word seq="27">and<GreekSeq>30</GreekSeq></word><word seq="28">to hear<GreekSeq>31</GreekSeq></word><word seq="29">what you have to say.”<GreekSeq>32</GreekSeq><GreekSeq>33</GreekSeq><GreekSeq>34</GreekSeq></word></ESV></verse>
<verse number="23"><ESV><word seq="1">So<GreekSeq>2</GreekSeq></word><word seq="2">he invited<GreekSeq>1</GreekSeq></word><word seq="3">them<GreekSeq>3</GreekSeq></word><word seq="4">in<GreekSeq>1</GreekSeq></word><word seq="5">to be his guests.<GreekSeq>4</GreekSeq></word><word seq="6">The<GreekSeq>5</GreekSeq></word><word seq="7">next day<GreekSeq>7</GreekSeq></word><word seq="8">he rose<GreekSeq>8</GreekSeq></word><word seq="9">and</word><word seq="10">went away<GreekSeq>9</GreekSeq></word><word seq="11">with<GreekSeq>10</GreekSeq></word><word seq="12">them,<GreekSeq>11</GreekSeq></word><word seq="13">and<GreekSeq>12</GreekSeq></word><word seq="14">some<GreekSeq>13</GreekSeq></word><word seq="15">of the<GreekSeq>14</GreekSeq></word><word seq="16">brothers<GreekSeq>15</GreekSeq></word><word seq="17">from<GreekSeq>17</GreekSeq></word><word seq="18">Joppa<GreekSeq>18</GreekSeq></word><word seq="19">accompanied<GreekSeq>19</GreekSeq></word><word seq="20">him.<GreekSeq>20</GreekSeq></word></ESV></verse>
<verse number="24"><ESV><word seq="1">And<GreekSeq>2</GreekSeq></word><word seq="2">on the<GreekSeq>1</GreekSeq></word><word seq="3">following day<GreekSeq>3</GreekSeq></word><word seq="4">they entered<GreekSeq>4</GreekSeq></word><word seq="5">Caesarea.<GreekSeq>7</GreekSeq></word><word seq="6">Cornelius<GreekSeq>10</GreekSeq></word><word seq="7">was<GreekSeq>11</GreekSeq></word><word seq="8">expecting<GreekSeq>12</GreekSeq></word><word seq="9">them<GreekSeq>13</GreekSeq></word><word seq="10">and<GreekSeq>9</GreekSeq></word><word seq="11">had called together<GreekSeq>14</GreekSeq></word><word seq="12">his<GreekSeq>17</GreekSeq></word><word seq="13">relatives<GreekSeq>16</GreekSeq></word><word seq="14">and<GreekSeq>18</GreekSeq></word><word seq="15">close<GreekSeq>20</GreekSeq></word><word seq="16">friends.<GreekSeq>21</GreekSeq></word></ESV></verse>
<verse number="25"><ESV><word seq="1">When<GreekSeq>1</GreekSeq></word><word seq="2">Peter<GreekSeq>7</GreekSeq></word><word seq="3">entered,<GreekSeq>5</GreekSeq></word><word seq="4">Cornelius<GreekSeq>11</GreekSeq></word><word seq="5">met<GreekSeq>8</GreekSeq></word><word seq="6">him<GreekSeq>9</GreekSeq></word><word seq="7">and</word><word seq="8">fell down<GreekSeq>12</GreekSeq></word><word seq="9">at<GreekSeq>13</GreekSeq></word><word seq="10">[his]<GreekSeq>14</GreekSeq></word><word seq="11">feet<GreekSeq>15</GreekSeq></word><word seq="12">and</word><word seq="13">worshiped<GreekSeq>16</GreekSeq></word><word seq="14">him.</word></ESV></verse>
<verse number="26"><ESV><word seq="1">But<GreekSeq>2</GreekSeq></word><word seq="2">Peter<GreekSeq>3</GreekSeq></word><word seq="3">lifted<GreekSeq>4</GreekSeq></word><word seq="4">him<GreekSeq>5</GreekSeq></word><word seq="5">up,<GreekSeq>4</GreekSeq></word><word seq="6">saying,<GreekSeq>6</GreekSeq></word><word seq="7">“Stand up;<GreekSeq>7</GreekSeq></word><word seq="8">I<GreekSeq>9</GreekSeq></word><word seq="9">too<GreekSeq>8</GreekSeq></word><word seq="10">am<GreekSeq>12</GreekSeq></word><word seq="11">a man.”<GreekSeq>11</GreekSeq></word></ESV></verse>
<verse number="27"><ESV><word seq="1">And<GreekSeq>1</GreekSeq></word><word seq="2">as he talked with<GreekSeq>2</GreekSeq></word><word seq="3">him,<GreekSeq>3</GreekSeq></word><word seq="4">he went in<GreekSeq>4</GreekSeq></word><word seq="5">and<GreekSeq>5</GreekSeq></word><word seq="6">found<GreekSeq>6</GreekSeq></word><word seq="7">many persons<GreekSeq>8</GreekSeq></word><word seq="8">gathered.<GreekSeq>7</GreekSeq></word></ESV></verse>
<verse number="28"><ESV><word seq="1">And<GreekSeq>2</GreekSeq></word><word seq="2">he said<GreekSeq>1</GreekSeq></word><word seq="3">to<GreekSeq>3</GreekSeq></word><word seq="4">them,<GreekSeq>4</GreekSeq></word><word seq="5">“You<GreekSeq>5</GreekSeq></word><word seq="6">yourselves know<GreekSeq>6</GreekSeq></word><word seq="7">how<GreekSeq>7</GreekSeq></word><word seq="8">unlawful<GreekSeq>8</GreekSeq></word><word seq="9">it is<GreekSeq>9</GreekSeq></word><word seq="10">for a Jew<GreekSeq>11</GreekSeq></word><word seq="11">to associate with<GreekSeq>12</GreekSeq></word><word seq="12">or<GreekSeq>13</GreekSeq></word><word seq="13">to visit<GreekSeq>14</GreekSeq></word><word seq="14">anyone of another nation,<GreekSeq>15</GreekSeq></word><word seq="15">but<GreekSeq>16</GreekSeq></word><word seq="16">God<GreekSeq>18</GreekSeq></word><word seq="17">has shown<GreekSeq>19</GreekSeq></word><word seq="18">me<GreekSeq>16</GreekSeq></word><word seq="19">that I should</word><word seq="20">not<GreekSeq>20</GreekSeq></word><word seq="21">call<GreekSeq>24</GreekSeq></word><word seq="22">any<GreekSeq>20</GreekSeq></word><word seq="23">person<GreekSeq>25</GreekSeq></word><word seq="24">common<GreekSeq>21</GreekSeq></word><word seq="25">or<GreekSeq>22</GreekSeq></word><word seq="26">unclean.<GreekSeq>23</GreekSeq></word></ESV></verse>
<verse number="29"><ESV><word seq="1">So<GreekSeq>1</GreekSeq></word><word seq="2">when I was sent for,<GreekSeq>5</GreekSeq></word><word seq="3">I came<GreekSeq>4</GreekSeq></word><word seq="4">without objection.<GreekSeq>3</GreekSeq></word><word seq="5">I ask<GreekSeq>6</GreekSeq></word><word seq="6">then<GreekSeq>7</GreekSeq></word><word seq="7">why<GreekSeq>8</GreekSeq></word><word seq="8">you sent for<GreekSeq>10</GreekSeq></word><word seq="9">me.”<GreekSeq>11</GreekSeq></word></ESV></verse>
<verse number="30"><ESV><word seq="1">And<GreekSeq>1</GreekSeq></word><word seq="2">Cornelius<GreekSeq>3</GreekSeq></word><word seq="3">said,<GreekSeq>4</GreekSeq></word><word seq="4">“Four<GreekSeq>6</GreekSeq></word><word seq="5">days<GreekSeq>7</GreekSeq></word><word seq="6">ago,<GreekSeq>5</GreekSeq></word><word seq="7">about<GreekSeq>8</GreekSeq></word><word seq="8">this<GreekSeq>9</GreekSeq></word><word seq="9">hour,<GreekSeq>11</GreekSeq></word><word seq="10">I was<GreekSeq>12</GreekSeq></word><word seq="11">praying<GreekSeq>15</GreekSeq></word><word seq="12">in<GreekSeq>16</GreekSeq></word><word seq="13">my<GreekSeq>19</GreekSeq></word><word seq="14">house<GreekSeq>18</GreekSeq></word><word seq="15">at the<GreekSeq>13</GreekSeq></word><word seq="16">ninth<GreekSeq>14</GreekSeq></word><word seq="17" note="Base of different Greek: ὥραν(5610)">hour,</word><word seq="18">and<GreekSeq>20</GreekSeq></word><word seq="19">behold,<GreekSeq>21</GreekSeq></word><word seq="20">a man<GreekSeq>22</GreekSeq></word><word seq="21">stood<GreekSeq>23</GreekSeq></word><word seq="22">before<GreekSeq>24</GreekSeq></word><word seq="23">me<GreekSeq>25</GreekSeq></word><word seq="24">in<GreekSeq>26</GreekSeq></word><word seq="25">bright<GreekSeq>28</GreekSeq></word><word seq="26">clothing<GreekSeq>27</GreekSeq></word></ESV></verse>
<verse number="31"><ESV><word seq="1">and<GreekSeq>1</GreekSeq></word><word seq="2">said,<GreekSeq>2</GreekSeq></word><word seq="3">‘Cornelius,<GreekSeq>3</GreekSeq></word><word seq="4">your<GreekSeq>5</GreekSeq></word><word seq="5">prayer<GreekSeq>7</GreekSeq></word><word seq="6">has been heard<GreekSeq>4</GreekSeq></word><word seq="7">and<GreekSeq>8</GreekSeq></word><word seq="8">your<GreekSeq>11</GreekSeq></word><word seq="9">alms<GreekSeq>10</GreekSeq></word><word seq="10">have been remembered<GreekSeq>12</GreekSeq></word><word seq="11">before<GreekSeq>13</GreekSeq></word><word seq="12">God.<GreekSeq>15</GreekSeq></word></ESV></verse>
<verse number="32"><ESV><word seq="1">Send<GreekSeq>1</GreekSeq></word><word seq="2">therefore<GreekSeq>2</GreekSeq></word><word seq="3">to<GreekSeq>3</GreekSeq></word><word seq="4">Joppa<GreekSeq>4</GreekSeq></word><word seq="5">and<GreekSeq>5</GreekSeq></word><word seq="6">ask for<GreekSeq>6</GreekSeq></word><word seq="7">Simon<GreekSeq>7</GreekSeq></word><word seq="8">who<GreekSeq>8</GreekSeq></word><word seq="9">is called<GreekSeq>9</GreekSeq></word><word seq="10">Peter.<GreekSeq>10</GreekSeq></word><word seq="11">He<GreekSeq>11</GreekSeq></word><word seq="12">is lodging<GreekSeq>12</GreekSeq></word><word seq="13">in<GreekSeq>13</GreekSeq></word><word seq="14">the house<GreekSeq>14</GreekSeq></word><word seq="15">of Simon,<GreekSeq>15</GreekSeq></word><word seq="16">a tanner,<GreekSeq>16</GreekSeq></word><word seq="17">by<GreekSeq>17</GreekSeq></word><word seq="18">the sea.’<GreekSeq>18</GreekSeq></word></ESV></verse>
<verse number="33"><ESV><word seq="1">So<GreekSeq>2</GreekSeq></word><word seq="2">I sent<GreekSeq>3</GreekSeq></word><word seq="3">for<GreekSeq>4</GreekSeq></word><word seq="4">you<GreekSeq>5</GreekSeq></word><word seq="5">at once,<GreekSeq>1</GreekSeq></word><word seq="6">and<GreekSeq>7</GreekSeq></word><word seq="7">you<GreekSeq>6</GreekSeq></word><word seq="8">have been<GreekSeq>9</GreekSeq></word><word seq="9">kind enough<GreekSeq>8</GreekSeq></word><word seq="10">to come.<GreekSeq>10</GreekSeq></word><word seq="11">Now<GreekSeq>11</GreekSeq></word><word seq="12">therefore<GreekSeq>12</GreekSeq></word><word seq="13">we<GreekSeq>14</GreekSeq></word><word seq="14">are<GreekSeq>18</GreekSeq></word><word seq="15">all<GreekSeq>13</GreekSeq></word><word seq="16">here<GreekSeq>18</GreekSeq></word><word seq="17">in the presence<GreekSeq>15</GreekSeq></word><word seq="18">of God<GreekSeq>17</GreekSeq></word><word seq="19">to hear<GreekSeq>19</GreekSeq></word><word seq="20">all<GreekSeq>20</GreekSeq></word><word seq="21">that<GreekSeq>21</GreekSeq></word><word seq="22">you<GreekSeq>23</GreekSeq></word><word seq="23">have been commanded<GreekSeq>22</GreekSeq></word><word seq="24">by<GreekSeq>24</GreekSeq></word><word seq="25">the<GreekSeq>25</GreekSeq></word><word seq="26">Lord.”<GreekSeq>26</GreekSeq></word></ESV></verse>
<verse number="34"><ESV><word seq="1">So<GreekSeq>2</GreekSeq></word><word seq="2">Peter<GreekSeq>3</GreekSeq></word><word seq="3">opened<GreekSeq>1</GreekSeq></word><word seq="4">[his]<GreekSeq>4</GreekSeq></word><word seq="5">mouth<GreekSeq>5</GreekSeq></word><word seq="6">and</word><word seq="7">said:<GreekSeq>6</GreekSeq></word><word seq="8">“Truly<GreekSeq>7</GreekSeq><GreekSeq>8</GreekSeq></word><word seq="9">I understand<GreekSeq>9</GreekSeq></word><word seq="10">that<GreekSeq>10</GreekSeq></word><word seq="11">God<GreekSeq>15</GreekSeq></word><word seq="12">shows<GreekSeq>12</GreekSeq></word><word seq="13">no<GreekSeq>11</GreekSeq></word><word seq="14">partiality,<GreekSeq>13</GreekSeq></word></ESV></verse>
<verse number="35"><ESV><word seq="1">but<GreekSeq>1</GreekSeq></word><word seq="2">in<GreekSeq>2</GreekSeq></word><word seq="3">every<GreekSeq>3</GreekSeq></word><word seq="4">nation<GreekSeq>4</GreekSeq></word><word seq="5">anyone<GreekSeq>5</GreekSeq></word><word seq="6">who fears<GreekSeq>6</GreekSeq></word><word seq="7">him<GreekSeq>7</GreekSeq></word><word seq="8">and<GreekSeq>8</GreekSeq></word><word seq="9">does<GreekSeq>9</GreekSeq></word><word seq="10">what is</word><word seq="11">right<GreekSeq>10</GreekSeq></word><word seq="12">is<GreekSeq>13</GreekSeq></word><word seq="13">acceptable to<GreekSeq>11</GreekSeq></word><word seq="14">him.<GreekSeq>12</GreekSeq></word></ESV></verse>
<verse number="36"><ESV><word seq="1">As</word><word seq="2">for the<GreekSeq>1</GreekSeq></word><word seq="3">word<GreekSeq>2</GreekSeq></word><word seq="4">that<GreekSeq>3</GreekSeq></word><word seq="5">he sent<GreekSeq>4</GreekSeq></word><word seq="6">to Israel,<GreekSeq>7</GreekSeq></word><word seq="7">preaching good news of<GreekSeq>8</GreekSeq></word><word seq="8">peace<GreekSeq>9</GreekSeq></word><word seq="9">through<GreekSeq>10</GreekSeq></word><word seq="10">Jesus<GreekSeq>11</GreekSeq></word><word seq="11">Christ<GreekSeq>12</GreekSeq></word><word seq="12">(he<GreekSeq>13</GreekSeq></word><word seq="13">is<GreekSeq>14</GreekSeq></word><word seq="14">Lord<GreekSeq>16</GreekSeq></word><word seq="15">of all),<GreekSeq>15</GreekSeq></word></ESV></verse>
<verse number="37"><ESV><word seq="1">you yourselves<GreekSeq>1</GreekSeq></word><word seq="2">know<GreekSeq>2</GreekSeq></word><word seq="3">what happened<GreekSeq>3</GreekSeq><GreekSeq>4</GreekSeq></word><word seq="4">throughout<GreekSeq>6</GreekSeq></word><word seq="5">all<GreekSeq>7</GreekSeq></word><word seq="6">Judea,<GreekSeq>9</GreekSeq></word><word seq="7">beginning<GreekSeq>10</GreekSeq></word><word seq="8">from<GreekSeq>11</GreekSeq></word><word seq="9">Galilee<GreekSeq>13</GreekSeq></word><word seq="10">after<GreekSeq>14</GreekSeq></word><word seq="11">the<GreekSeq>15</GreekSeq></word><word seq="12">baptism<GreekSeq>16</GreekSeq></word><word seq="13">that<GreekSeq>17</GreekSeq></word><word seq="14">John<GreekSeq>19</GreekSeq></word><word seq="15">proclaimed:<GreekSeq>18</GreekSeq></word></ESV></verse>
<verse number="38"><ESV><word seq="1">how<GreekSeq>5</GreekSeq></word><word seq="2">God<GreekSeq>9</GreekSeq></word><word seq="3">anointed<GreekSeq>6</GreekSeq></word><word seq="4">Jesus<GreekSeq>1</GreekSeq></word><word seq="5">of<GreekSeq>3</GreekSeq></word><word seq="6">Nazareth<GreekSeq>4</GreekSeq></word><word seq="7">with the<GreekSeq>10</GreekSeq></word><word seq="8">Holy<GreekSeq>11</GreekSeq></word><word seq="9">Spirit<GreekSeq>10</GreekSeq></word><word seq="10">and<GreekSeq>12</GreekSeq></word><word seq="11">with power.<GreekSeq>13</GreekSeq></word><word seq="12">He<GreekSeq>14</GreekSeq></word><word seq="13">went about<GreekSeq>15</GreekSeq></word><word seq="14">doing good<GreekSeq>16</GreekSeq></word><word seq="15">and<GreekSeq>17</GreekSeq></word><word seq="16">healing<GreekSeq>18</GreekSeq></word><word seq="17">all<GreekSeq>19</GreekSeq></word><word seq="18">who were oppressed<GreekSeq>21</GreekSeq></word><word seq="19">by<GreekSeq>22</GreekSeq></word><word seq="20">the<GreekSeq>23</GreekSeq></word><word seq="21">devil,<GreekSeq>24</GreekSeq></word><word seq="22">for<GreekSeq>25</GreekSeq></word><word seq="23">God<GreekSeq>27</GreekSeq></word><word seq="24">was<GreekSeq>28</GreekSeq></word><word seq="25">with<GreekSeq>29</GreekSeq></word><word seq="26">him.<GreekSeq>30</GreekSeq></word></ESV></verse>
<verse number="39"><ESV><word seq="1">And<GreekSeq>1</GreekSeq></word><word seq="2">we<GreekSeq>2</GreekSeq></word><word seq="3" note="Base of different Greek: ἐσμεν(2070)">are</word><word seq="4">witnesses<GreekSeq>3</GreekSeq></word><word seq="5">of all<GreekSeq>4</GreekSeq></word><word seq="6">that<GreekSeq>5</GreekSeq></word><word seq="7">he did<GreekSeq>6</GreekSeq></word><word seq="8">both<GreekSeq>8</GreekSeq></word><word seq="9">in<GreekSeq>7</GreekSeq></word><word seq="10">the<GreekSeq>9</GreekSeq></word><word seq="11">country<GreekSeq>10</GreekSeq></word><word seq="12">of the<GreekSeq>11</GreekSeq></word><word seq="13">Jews<GreekSeq>12</GreekSeq></word><word seq="14">and<GreekSeq>13</GreekSeq></word><word seq="15">in<GreekSeq>14</GreekSeq></word><word seq="16">Jerusalem.<GreekSeq>15</GreekSeq></word><word seq="17">They put<GreekSeq>18</GreekSeq></word><word seq="18">him<GreekSeq>16</GreekSeq></word><word seq="19">to death<GreekSeq>18</GreekSeq></word><word seq="20">by hanging<GreekSeq>19</GreekSeq></word><word seq="21">him</word><word seq="22">on<GreekSeq>20</GreekSeq></word><word seq="23">a tree,<GreekSeq>21</GreekSeq></word></ESV></verse>
<verse number="40"><ESV><word seq="1">but</word><word seq="2">God<GreekSeq>3</GreekSeq></word><word seq="3">raised<GreekSeq>4</GreekSeq></word><word seq="4">him<GreekSeq>1</GreekSeq></word><word seq="5">on<GreekSeq>5</GreekSeq></word><word seq="6">the<GreekSeq>6</GreekSeq></word><word seq="7">third<GreekSeq>7</GreekSeq></word><word seq="8">day<GreekSeq>8</GreekSeq></word><word seq="9">and<GreekSeq>9</GreekSeq></word><word seq="10">made<GreekSeq>10</GreekSeq></word><word seq="11">him<GreekSeq>11</GreekSeq></word><word seq="12">to appear,<GreekSeq>12</GreekSeq><GreekSeq>13</GreekSeq></word></ESV></verse>
<verse number="41"><ESV><word seq="1">not<GreekSeq>1</GreekSeq></word><word seq="2">to all<GreekSeq>2</GreekSeq></word><word seq="3">the<GreekSeq>3</GreekSeq></word><word seq="4">people<GreekSeq>4</GreekSeq></word><word seq="5">but<GreekSeq>5</GreekSeq></word><word seq="6">to us<GreekSeq>12</GreekSeq></word><word seq="7">who had been chosen<GreekSeq>8</GreekSeq></word><word seq="8">by<GreekSeq>9</GreekSeq></word><word seq="9">God<GreekSeq>11</GreekSeq></word><word seq="10">as witnesses,<GreekSeq>6</GreekSeq></word><word seq="11">who<GreekSeq>13</GreekSeq></word><word seq="12">ate<GreekSeq>14</GreekSeq></word><word seq="13">and<GreekSeq>15</GreekSeq></word><word seq="14">drank with<GreekSeq>16</GreekSeq></word><word seq="15">him<GreekSeq>17</GreekSeq></word><word seq="16">after<GreekSeq>18</GreekSeq></word><word seq="17">he<GreekSeq>21</GreekSeq></word><word seq="18">rose<GreekSeq>20</GreekSeq></word><word seq="19">from<GreekSeq>22</GreekSeq></word><word seq="20">the dead.<GreekSeq>23</GreekSeq></word></ESV></verse>
<verse number="42"><ESV><word seq="1">And<GreekSeq>1</GreekSeq></word><word seq="2">he commanded<GreekSeq>2</GreekSeq></word><word seq="3">us<GreekSeq>3</GreekSeq></word><word seq="4">to preach<GreekSeq>4</GreekSeq></word><word seq="5">to the<GreekSeq>5</GreekSeq></word><word seq="6">people<GreekSeq>6</GreekSeq></word><word seq="7">and<GreekSeq>7</GreekSeq></word><word seq="8">to testify<GreekSeq>8</GreekSeq></word><word seq="9">that<GreekSeq>9</GreekSeq></word><word seq="10">he<GreekSeq>10</GreekSeq></word><word seq="11">is<GreekSeq>11</GreekSeq></word><word seq="12">the one<GreekSeq>12</GreekSeq></word><word seq="13">appointed<GreekSeq>13</GreekSeq></word><word seq="14">by<GreekSeq>14</GreekSeq></word><word seq="15">God<GreekSeq>16</GreekSeq></word><word seq="16">to be</word><word seq="17">judge<GreekSeq>17</GreekSeq></word><word seq="18">of the living<GreekSeq>18</GreekSeq></word><word seq="19">and<GreekSeq>19</GreekSeq></word><word seq="20">the</word><word seq="21">dead.<GreekSeq>20</GreekSeq></word></ESV></verse>
<verse number="43"><ESV><word seq="1">To him<GreekSeq>1</GreekSeq></word><word seq="2">all<GreekSeq>2</GreekSeq></word><word seq="3">the<GreekSeq>3</GreekSeq></word><word seq="4">prophets<GreekSeq>4</GreekSeq></word><word seq="5">bear witness<GreekSeq>5</GreekSeq></word><word seq="6">that</word><word seq="7">everyone<GreekSeq>13</GreekSeq></word><word seq="8">who believes<GreekSeq>15</GreekSeq></word><word seq="9">in<GreekSeq>16</GreekSeq></word><word seq="10">him<GreekSeq>12</GreekSeq></word><word seq="11">receives<GreekSeq>8</GreekSeq></word><word seq="12">forgiveness<GreekSeq>6</GreekSeq></word><word seq="13">of sins<GreekSeq>7</GreekSeq></word><word seq="14">through<GreekSeq>9</GreekSeq></word><word seq="15">his<GreekSeq>17</GreekSeq></word><word seq="16">name.”<GreekSeq>11</GreekSeq></word></ESV></verse>
<verse number="44"><ESV><word seq="1">While<GreekSeq>2</GreekSeq></word><word seq="2">Peter<GreekSeq>4</GreekSeq></word><word seq="3">was<GreekSeq>2</GreekSeq></word><word seq="4">still<GreekSeq>1</GreekSeq></word><word seq="5">saying<GreekSeq>2</GreekSeq></word><word seq="6">these<GreekSeq>7</GreekSeq></word><word seq="7">[things],<GreekSeq>6</GreekSeq></word><word seq="8">the<GreekSeq>9</GreekSeq></word><word seq="9">Holy<GreekSeq>12</GreekSeq></word><word seq="10">Spirit<GreekSeq>10</GreekSeq></word><word seq="11">fell<GreekSeq>8</GreekSeq></word><word seq="12">on<GreekSeq>13</GreekSeq></word><word seq="13">all<GreekSeq>14</GreekSeq></word><word seq="14">who heard<GreekSeq>16</GreekSeq></word><word seq="15">the<GreekSeq>17</GreekSeq></word><word seq="16">word.<GreekSeq>18</GreekSeq></word></ESV></verse>
<verse number="45"><ESV><word seq="1">And<GreekSeq>1</GreekSeq></word><word seq="2">the<GreekSeq>3</GreekSeq></word><word seq="3">believers<GreekSeq>6</GreekSeq></word><word seq="4">from among<GreekSeq>4</GreekSeq></word><word seq="5">the circumcised<GreekSeq>5</GreekSeq></word><word seq="6">who<GreekSeq>7</GreekSeq></word><word seq="7">had come with<GreekSeq>8</GreekSeq></word><word seq="8">Peter<GreekSeq>10</GreekSeq></word><word seq="9">were amazed,<GreekSeq>2</GreekSeq></word><word seq="10">because<GreekSeq>11</GreekSeq></word><word seq="11">the<GreekSeq>16</GreekSeq></word><word seq="12">gift<GreekSeq>17</GreekSeq></word><word seq="13">of the<GreekSeq>18</GreekSeq></word><word seq="14">Holy<GreekSeq>19</GreekSeq></word><word seq="15">Spirit<GreekSeq>20</GreekSeq></word><word seq="16">was poured out<GreekSeq>21</GreekSeq></word><word seq="17">even<GreekSeq>12</GreekSeq></word><word seq="18">on<GreekSeq>13</GreekSeq></word><word seq="19">the<GreekSeq>14</GreekSeq></word><word seq="20">Gentiles.<GreekSeq>15</GreekSeq></word></ESV></verse>
<verse number="46"><ESV><word seq="1">For<GreekSeq>2</GreekSeq></word><word seq="2">they were hearing<GreekSeq>1</GreekSeq></word><word seq="3">them<GreekSeq>3</GreekSeq></word><word seq="4">speaking<GreekSeq>4</GreekSeq></word><word seq="5">in tongues<GreekSeq>5</GreekSeq></word><word seq="6">and<GreekSeq>6</GreekSeq></word><word seq="7">extolling<GreekSeq>7</GreekSeq></word><word seq="8">God.<GreekSeq>9</GreekSeq></word><word seq="9">Then<GreekSeq>10</GreekSeq></word><word seq="10">Peter<GreekSeq>12</GreekSeq></word><word seq="11">declared,<GreekSeq>11</GreekSeq></word></ESV></verse>
<verse number="47"><ESV><word seq="1">“Can<GreekSeq>4</GreekSeq></word><word seq="2">anyone<GreekSeq>6</GreekSeq></word><word seq="3">withhold<GreekSeq>5</GreekSeq></word><word seq="4">water<GreekSeq>3</GreekSeq></word><word seq="5">for baptizing<GreekSeq>9</GreekSeq></word><word seq="6">these people,<GreekSeq>10</GreekSeq></word><word seq="7">who<GreekSeq>11</GreekSeq></word><word seq="8">have received<GreekSeq>16</GreekSeq></word><word seq="9">the<GreekSeq>12</GreekSeq></word><word seq="10">Holy<GreekSeq>15</GreekSeq></word><word seq="11">Spirit<GreekSeq>13</GreekSeq></word><word seq="12">just<GreekSeq>18</GreekSeq></word><word seq="13">as<GreekSeq>17</GreekSeq></word><word seq="14">we<GreekSeq>19</GreekSeq></word><word seq="15">have?”</word></ESV></verse>
<verse number="48"><ESV><word seq="1">And<GreekSeq>2</GreekSeq></word><word seq="2">he commanded<GreekSeq>1</GreekSeq></word><word seq="3">them<GreekSeq>3</GreekSeq></word><word seq="4">to be baptized<GreekSeq>9</GreekSeq></word><word seq="5">in<GreekSeq>4</GreekSeq></word><word seq="6">the<GreekSeq>5</GreekSeq></word><word seq="7">name<GreekSeq>6</GreekSeq></word><word seq="8">of Jesus<GreekSeq>7</GreekSeq></word><word seq="9">Christ.<GreekSeq>8</GreekSeq></word><word seq="10">Then<GreekSeq>10</GreekSeq></word><word seq="11">they asked<GreekSeq>11</GreekSeq></word><word seq="12">him<GreekSeq>12</GreekSeq></word><word seq="13">to remain<GreekSeq>13</GreekSeq></word><word seq="14">for some<GreekSeq>15</GreekSeq></word><word seq="15">days.<GreekSeq>14</GreekSeq></word></ESV></verse></chapter></book>