<?xml version="1.0" encoding="UTF-8" standalone="no"?><book><chapter number="16">'<verse number="1"><ESV><word seq="1">[Paul] came<GreekSeq>1</GreekSeq></word><word seq="2">also<GreekSeq>3</GreekSeq></word><word seq="3">to<GreekSeq>4</GreekSeq></word><word seq="4">Derbe<GreekSeq>5</GreekSeq></word><word seq="5">and<GreekSeq>6</GreekSeq></word><word seq="6">to<GreekSeq>7</GreekSeq></word><word seq="7">Lystra.<GreekSeq>8</GreekSeq></word><word seq="8">A<GreekSeq>12</GreekSeq></word><word seq="9">disciple<GreekSeq>11</GreekSeq></word><word seq="10">was<GreekSeq>13</GreekSeq></word><word seq="11">there,<GreekSeq>14</GreekSeq></word><word seq="12">named<GreekSeq>15</GreekSeq></word><word seq="13">Timothy,<GreekSeq>16</GreekSeq></word><word seq="14">the son<GreekSeq>17</GreekSeq></word><word seq="15">of a Jewish<GreekSeq>19</GreekSeq></word><word seq="16">woman<GreekSeq>18</GreekSeq></word><word seq="17">who was</word><word seq="18">a believer,<GreekSeq>20</GreekSeq></word><word seq="19">but<GreekSeq>22</GreekSeq></word><word seq="20">his</word><word seq="21">father<GreekSeq>21</GreekSeq></word><word seq="22">was</word><word seq="23">a Greek.<GreekSeq>23</GreekSeq></word></ESV></verse>
<verse number="2"><ESV><word seq="1">He<GreekSeq>1</GreekSeq></word><word seq="2">was well spoken of<GreekSeq>2</GreekSeq></word><word seq="3">by<GreekSeq>3</GreekSeq></word><word seq="4">the<GreekSeq>4</GreekSeq></word><word seq="5">brothers<GreekSeq>9</GreekSeq></word><word seq="6">at<GreekSeq>5</GreekSeq></word><word seq="7">Lystra<GreekSeq>6</GreekSeq></word><word seq="8">and<GreekSeq>7</GreekSeq></word><word seq="9">Iconium.<GreekSeq>8</GreekSeq></word></ESV></verse>
<verse number="3"><ESV><word seq="1">Paul<GreekSeq>4</GreekSeq></word><word seq="2">wanted<GreekSeq>2</GreekSeq></word><word seq="3">[Timothy]<GreekSeq>1</GreekSeq></word><word seq="4">to accompany<GreekSeq>5</GreekSeq><GreekSeq>7</GreekSeq></word><word seq="5">him,<GreekSeq>6</GreekSeq></word><word seq="6">and<GreekSeq>8</GreekSeq></word><word seq="7">he took<GreekSeq>9</GreekSeq></word><word seq="8">him and</word><word seq="9">circumcised<GreekSeq>10</GreekSeq></word><word seq="10">him<GreekSeq>11</GreekSeq></word><word seq="11">because of<GreekSeq>12</GreekSeq></word><word seq="12">the<GreekSeq>13</GreekSeq></word><word seq="13">Jews<GreekSeq>14</GreekSeq></word><word seq="14">who were<GreekSeq>16</GreekSeq></word><word seq="15">in<GreekSeq>17</GreekSeq></word><word seq="16">those<GreekSeq>20</GreekSeq></word><word seq="17">places,<GreekSeq>19</GreekSeq></word><word seq="18">for<GreekSeq>22</GreekSeq></word><word seq="19">they<GreekSeq>21</GreekSeq></word><word seq="20">all<GreekSeq>23</GreekSeq></word><word seq="21">knew<GreekSeq>21</GreekSeq></word><word seq="22">that<GreekSeq>24</GreekSeq></word><word seq="23">his<GreekSeq>28</GreekSeq></word><word seq="24">father<GreekSeq>27</GreekSeq></word><word seq="25">was<GreekSeq>29</GreekSeq></word><word seq="26">a Greek.<GreekSeq>25</GreekSeq></word></ESV></verse>
<verse number="4"><ESV><word seq="1">As<GreekSeq>1</GreekSeq></word><word seq="2">they went on their way through<GreekSeq>3</GreekSeq></word><word seq="3">the<GreekSeq>4</GreekSeq></word><word seq="4">cities,<GreekSeq>5</GreekSeq></word><word seq="5">they delivered<GreekSeq>6</GreekSeq></word><word seq="6">to them<GreekSeq>7</GreekSeq></word><word seq="7">for observance<GreekSeq>8</GreekSeq></word><word seq="8">the<GreekSeq>9</GreekSeq></word><word seq="9">decisions<GreekSeq>10</GreekSeq></word><word seq="10">that had been reached<GreekSeq>12</GreekSeq></word><word seq="11">by<GreekSeq>13</GreekSeq></word><word seq="12">the<GreekSeq>14</GreekSeq></word><word seq="13">apostles<GreekSeq>15</GreekSeq></word><word seq="14">and<GreekSeq>16</GreekSeq></word><word seq="15">elders<GreekSeq>17</GreekSeq></word><word seq="16">who<GreekSeq>18</GreekSeq></word><word seq="17">were</word><word seq="18">in<GreekSeq>19</GreekSeq></word><word seq="19">Jerusalem.<GreekSeq>20</GreekSeq></word></ESV></verse>
<verse number="5"><ESV><word seq="1">So<GreekSeq>3</GreekSeq></word><word seq="2">the<GreekSeq>1</GreekSeq></word><word seq="3">churches<GreekSeq>4</GreekSeq></word><word seq="4">were strengthened<GreekSeq>5</GreekSeq></word><word seq="5">in the<GreekSeq>6</GreekSeq></word><word seq="6">faith,<GreekSeq>7</GreekSeq></word><word seq="7">and<GreekSeq>8</GreekSeq></word><word seq="8">they increased<GreekSeq>9</GreekSeq></word><word seq="9">in numbers<GreekSeq>11</GreekSeq></word><word seq="10">daily.<GreekSeq>12</GreekSeq><GreekSeq>13</GreekSeq></word></ESV></verse>
<verse number="6"><ESV><word seq="1">And<GreekSeq>2</GreekSeq></word><word seq="2">they went through<GreekSeq>1</GreekSeq></word><word seq="3">the<GreekSeq>3</GreekSeq></word><word seq="4">region<GreekSeq>7</GreekSeq></word><word seq="5">of Phrygia<GreekSeq>4</GreekSeq></word><word seq="6">and<GreekSeq>5</GreekSeq></word><word seq="7">Galatia,<GreekSeq>6</GreekSeq></word><word seq="8">having been forbidden<GreekSeq>8</GreekSeq></word><word seq="9">by<GreekSeq>9</GreekSeq></word><word seq="10">the<GreekSeq>10</GreekSeq></word><word seq="11">Holy<GreekSeq>11</GreekSeq></word><word seq="12">Spirit<GreekSeq>12</GreekSeq></word><word seq="13">to speak<GreekSeq>13</GreekSeq></word><word seq="14">the<GreekSeq>14</GreekSeq></word><word seq="15">word<GreekSeq>15</GreekSeq></word><word seq="16">in<GreekSeq>16</GreekSeq></word><word seq="17">Asia.<GreekSeq>18</GreekSeq></word></ESV></verse>
<verse number="7"><ESV><word seq="1">And<GreekSeq>2</GreekSeq></word><word seq="2">when they had come<GreekSeq>1</GreekSeq></word><word seq="3">up to<GreekSeq>3</GreekSeq></word><word seq="4">Mysia,<GreekSeq>5</GreekSeq></word><word seq="5">they attempted<GreekSeq>6</GreekSeq></word><word seq="6">to go<GreekSeq>10</GreekSeq></word><word seq="7">into<GreekSeq>7</GreekSeq></word><word seq="8">Bithynia,<GreekSeq>9</GreekSeq></word><word seq="9">but<GreekSeq>11</GreekSeq></word><word seq="10">the<GreekSeq>15</GreekSeq></word><word seq="11">Spirit<GreekSeq>16</GreekSeq></word><word seq="12">of Jesus<GreekSeq>17</GreekSeq></word><word seq="13">did<GreekSeq>13</GreekSeq></word><word seq="14">not<GreekSeq>12</GreekSeq></word><word seq="15">allow<GreekSeq>13</GreekSeq></word><word seq="16">them.<GreekSeq>14</GreekSeq></word></ESV></verse>
<verse number="8"><ESV><word seq="1">So,<GreekSeq>2</GreekSeq></word><word seq="2">passing by<GreekSeq>1</GreekSeq></word><word seq="3">Mysia,<GreekSeq>4</GreekSeq></word><word seq="4">they went down<GreekSeq>5</GreekSeq></word><word seq="5">to<GreekSeq>6</GreekSeq></word><word seq="6">Troas.<GreekSeq>7</GreekSeq></word></ESV></verse>
<verse number="9"><ESV><word seq="1">And<GreekSeq>1</GreekSeq></word><word seq="2">a vision<GreekSeq>2</GreekSeq></word><word seq="3">appeared<GreekSeq>8</GreekSeq></word><word seq="4">to Paul<GreekSeq>7</GreekSeq></word><word seq="5">in<GreekSeq>3</GreekSeq></word><word seq="6">the<GreekSeq>4</GreekSeq></word><word seq="7">night:<GreekSeq>5</GreekSeq></word><word seq="8">a man<GreekSeq>9</GreekSeq></word><word seq="9">of Macedonia<GreekSeq>10</GreekSeq></word><word seq="10">was<GreekSeq>12</GreekSeq></word><word seq="11">standing there,<GreekSeq>13</GreekSeq></word><word seq="12">urging<GreekSeq>15</GreekSeq></word><word seq="13">him<GreekSeq>16</GreekSeq></word><word seq="14">and<GreekSeq>17</GreekSeq></word><word seq="15">saying,<GreekSeq>18</GreekSeq></word><word seq="16">“Come over<GreekSeq>19</GreekSeq></word><word seq="17">to<GreekSeq>20</GreekSeq></word><word seq="18">Macedonia<GreekSeq>21</GreekSeq></word><word seq="19">and</word><word seq="20">help<GreekSeq>22</GreekSeq></word><word seq="21">us.”<GreekSeq>23</GreekSeq></word></ESV></verse>
<verse number="10"><ESV><word seq="1">And<GreekSeq>2</GreekSeq></word><word seq="2">when<GreekSeq>1</GreekSeq></word><word seq="3">[Paul] had seen<GreekSeq>5</GreekSeq></word><word seq="4">the<GreekSeq>3</GreekSeq></word><word seq="5">vision,<GreekSeq>4</GreekSeq></word><word seq="6">immediately<GreekSeq>6</GreekSeq></word><word seq="7">we sought<GreekSeq>7</GreekSeq></word><word seq="8">to go on<GreekSeq>8</GreekSeq></word><word seq="9">into<GreekSeq>9</GreekSeq></word><word seq="10">Macedonia,<GreekSeq>10</GreekSeq></word><word seq="11">concluding<GreekSeq>11</GreekSeq></word><word seq="12">that<GreekSeq>12</GreekSeq></word><word seq="13">God<GreekSeq>16</GreekSeq></word><word seq="14">had called<GreekSeq>13</GreekSeq></word><word seq="15">us<GreekSeq>14</GreekSeq></word><word seq="16">to preach the gospel<GreekSeq>17</GreekSeq></word><word seq="17">to them.<GreekSeq>18</GreekSeq></word></ESV></verse>
<verse number="11"><ESV><word seq="1" note="Base of different Greek: οὖν(3767)">So,<GreekSeq>2</GreekSeq></word><word seq="2">setting sail<GreekSeq>1</GreekSeq></word><word seq="3">from<GreekSeq>3</GreekSeq></word><word seq="4">Troas,<GreekSeq>4</GreekSeq></word><word seq="5">we made a direct voyage<GreekSeq>5</GreekSeq></word><word seq="6">to<GreekSeq>6</GreekSeq></word><word seq="7">Samothrace,<GreekSeq>7</GreekSeq></word><word seq="8">and<GreekSeq>9</GreekSeq></word><word seq="9">the<GreekSeq>8</GreekSeq></word><word seq="10">following day<GreekSeq>10</GreekSeq></word><word seq="11">to<GreekSeq>11</GreekSeq></word><word seq="12">Neapolis,<GreekSeq>12</GreekSeq><GreekSeq>13</GreekSeq></word></ESV></verse>
<verse number="12"><ESV><word seq="1">and from there<GreekSeq>1</GreekSeq></word><word seq="2">to<GreekSeq>2</GreekSeq></word><word seq="3">Philippi,<GreekSeq>3</GreekSeq></word><word seq="4">which<GreekSeq>4</GreekSeq></word><word seq="5">is<GreekSeq>5</GreekSeq></word><word seq="6">a leading<GreekSeq>6</GreekSeq></word><word seq="7">city<GreekSeq>10</GreekSeq></word><word seq="8">of the district<GreekSeq>7</GreekSeq></word><word seq="9">of Macedonia<GreekSeq>9</GreekSeq></word><word seq="10">and</word><word seq="11">a Roman colony.<GreekSeq>11</GreekSeq></word><word seq="12">We<GreekSeq>12</GreekSeq></word><word seq="13">remained<GreekSeq>18</GreekSeq></word><word seq="14">in<GreekSeq>14</GreekSeq></word><word seq="15">this<GreekSeq>15</GreekSeq></word><word seq="16">city<GreekSeq>17</GreekSeq></word><word seq="17">some<GreekSeq>20</GreekSeq></word><word seq="18">days.<GreekSeq>19</GreekSeq></word></ESV></verse>
<verse number="13"><ESV><word seq="1">And<GreekSeq>2</GreekSeq></word><word seq="2">on the<GreekSeq>1</GreekSeq></word><word seq="3">Sabbath<GreekSeq>5</GreekSeq></word><word seq="4">day<GreekSeq>3</GreekSeq></word><word seq="5">we went<GreekSeq>6</GreekSeq></word><word seq="6">outside<GreekSeq>7</GreekSeq></word><word seq="7">the<GreekSeq>8</GreekSeq></word><word seq="8">gate<GreekSeq>9</GreekSeq></word><word seq="9">to the riverside,<GreekSeq>10</GreekSeq><GreekSeq>11</GreekSeq></word><word seq="10">where<GreekSeq>12</GreekSeq></word><word seq="11">we supposed<GreekSeq>13</GreekSeq></word><word seq="12">there was<GreekSeq>15</GreekSeq></word><word seq="13">a place of</word><word seq="14">prayer,<GreekSeq>14</GreekSeq></word><word seq="15">and<GreekSeq>16</GreekSeq></word><word seq="16">we<GreekSeq>18</GreekSeq></word><word seq="17">sat down<GreekSeq>17</GreekSeq></word><word seq="18">and</word><word seq="19">spoke<GreekSeq>18</GreekSeq></word><word seq="20">to the<GreekSeq>19</GreekSeq></word><word seq="21">women<GreekSeq>21</GreekSeq></word><word seq="22">who had come together.<GreekSeq>20</GreekSeq></word></ESV></verse>
<verse number="14"><ESV><word seq="1">One who<GreekSeq>2</GreekSeq></word><word seq="2">heard<GreekSeq>12</GreekSeq></word><word seq="3">us was</word><word seq="4">a woman<GreekSeq>3</GreekSeq></word><word seq="5">named<GreekSeq>4</GreekSeq></word><word seq="6">Lydia,<GreekSeq>5</GreekSeq></word><word seq="7">from the city<GreekSeq>7</GreekSeq></word><word seq="8">of Thyatira,<GreekSeq>8</GreekSeq></word><word seq="9">a seller of purple goods,<GreekSeq>6</GreekSeq></word><word seq="10">who was a worshiper of<GreekSeq>9</GreekSeq></word><word seq="11">God.<GreekSeq>11</GreekSeq></word><word seq="12">The<GreekSeq>14</GreekSeq></word><word seq="13">Lord<GreekSeq>15</GreekSeq></word><word seq="14">opened<GreekSeq>16</GreekSeq></word><word seq="15">her<GreekSeq>13</GreekSeq></word><word seq="16">heart<GreekSeq>18</GreekSeq></word><word seq="17">to pay attention<GreekSeq>19</GreekSeq></word><word seq="18">to what was said<GreekSeq>20</GreekSeq><GreekSeq>21</GreekSeq></word><word seq="19">by<GreekSeq>22</GreekSeq></word><word seq="20">Paul.<GreekSeq>24</GreekSeq></word></ESV></verse>
<verse number="15"><ESV><word seq="1">And<GreekSeq>2</GreekSeq></word><word seq="2">after<GreekSeq>1</GreekSeq></word><word seq="3">she was baptized,<GreekSeq>3</GreekSeq></word><word seq="4">and<GreekSeq>4</GreekSeq></word><word seq="5">her<GreekSeq>7</GreekSeq></word><word seq="6">household<GreekSeq>6</GreekSeq></word><word seq="7">as well,</word><word seq="8">she urged<GreekSeq>8</GreekSeq></word><word seq="9">us,</word><word seq="10">saying,<GreekSeq>9</GreekSeq></word><word seq="11">“If<GreekSeq>10</GreekSeq></word><word seq="12">you have judged<GreekSeq>11</GreekSeq></word><word seq="13">me<GreekSeq>12</GreekSeq></word><word seq="14">to be<GreekSeq>16</GreekSeq></word><word seq="15">faithful<GreekSeq>13</GreekSeq></word><word seq="16">to the<GreekSeq>14</GreekSeq></word><word seq="17">Lord,<GreekSeq>15</GreekSeq></word><word seq="18">come<GreekSeq>17</GreekSeq></word><word seq="19">to<GreekSeq>18</GreekSeq></word><word seq="20">my<GreekSeq>21</GreekSeq></word><word seq="21">house<GreekSeq>20</GreekSeq></word><word seq="22">and</word><word seq="23">stay.”<GreekSeq>22</GreekSeq></word><word seq="24">And<GreekSeq>23</GreekSeq></word><word seq="25">she prevailed<GreekSeq>24</GreekSeq></word><word seq="26">upon us.<GreekSeq>25</GreekSeq></word></ESV></verse>
<verse number="16"><ESV><word seq="1">As<GreekSeq>2</GreekSeq></word><word seq="2">we<GreekSeq>4</GreekSeq></word><word seq="3">were<GreekSeq>1</GreekSeq></word><word seq="4">going<GreekSeq>3</GreekSeq></word><word seq="5">to<GreekSeq>5</GreekSeq></word><word seq="6">the<GreekSeq>6</GreekSeq></word><word seq="7">[ place of] prayer,<GreekSeq>7</GreekSeq></word><word seq="8">we<GreekSeq>14</GreekSeq></word><word seq="9">were met<GreekSeq>13</GreekSeq></word><word seq="10">by a<GreekSeq>9</GreekSeq></word><word seq="11">slave girl<GreekSeq>8</GreekSeq></word><word seq="12">who had<GreekSeq>10</GreekSeq></word><word seq="13">a spirit<GreekSeq>11</GreekSeq></word><word seq="14">of divination<GreekSeq>12</GreekSeq></word><word seq="15">and<GreekSeq>15</GreekSeq></word><word seq="16">brought<GreekSeq>18</GreekSeq></word><word seq="17">her<GreekSeq>21</GreekSeq></word><word seq="18">owners<GreekSeq>20</GreekSeq></word><word seq="19">much<GreekSeq>17</GreekSeq></word><word seq="20">gain<GreekSeq>16</GreekSeq></word><word seq="21">by fortune-telling.<GreekSeq>22</GreekSeq></word></ESV></verse>
<verse number="17"><ESV><word seq="1">She<GreekSeq>1</GreekSeq></word><word seq="2">followed<GreekSeq>2</GreekSeq></word><word seq="3">Paul<GreekSeq>4</GreekSeq></word><word seq="4">and<GreekSeq>5</GreekSeq></word><word seq="5">us,<GreekSeq>6</GreekSeq></word><word seq="6">crying out,<GreekSeq>7</GreekSeq></word><word seq="7">“These<GreekSeq>9</GreekSeq></word><word seq="8">men<GreekSeq>11</GreekSeq></word><word seq="9">are<GreekSeq>17</GreekSeq></word><word seq="10">servants<GreekSeq>12</GreekSeq></word><word seq="11">of the<GreekSeq>13</GreekSeq></word><word seq="12">Most High<GreekSeq>16</GreekSeq></word><word seq="13">God,<GreekSeq>14</GreekSeq></word><word seq="14">who<GreekSeq>18</GreekSeq></word><word seq="15">proclaim<GreekSeq>19</GreekSeq></word><word seq="16">to you<GreekSeq>20</GreekSeq></word><word seq="17">the way<GreekSeq>21</GreekSeq></word><word seq="18">of salvation.”<GreekSeq>22</GreekSeq></word></ESV></verse>
<verse number="18"><ESV><word seq="1">And<GreekSeq>2</GreekSeq></word><word seq="2">this<GreekSeq>1</GreekSeq></word><word seq="3">she kept doing<GreekSeq>3</GreekSeq></word><word seq="4">for<GreekSeq>4</GreekSeq></word><word seq="5">many<GreekSeq>5</GreekSeq></word><word seq="6">days.<GreekSeq>6</GreekSeq></word><word seq="7">Paul,<GreekSeq>9</GreekSeq></word><word seq="8">having become greatly annoyed,<GreekSeq>7</GreekSeq></word><word seq="9">turned<GreekSeq>11</GreekSeq></word><word seq="10">and<GreekSeq>10</GreekSeq></word><word seq="11">said<GreekSeq>14</GreekSeq></word><word seq="12">to the<GreekSeq>12</GreekSeq></word><word seq="13">spirit,“<GreekSeq>13</GreekSeq></word><word seq="14">I command<GreekSeq>15</GreekSeq></word><word seq="15">you<GreekSeq>16</GreekSeq></word><word seq="16">in<GreekSeq>17</GreekSeq></word><word seq="17">the name<GreekSeq>18</GreekSeq></word><word seq="18">of Jesus<GreekSeq>19</GreekSeq></word><word seq="19">Christ<GreekSeq>20</GreekSeq></word><word seq="20">to come out<GreekSeq>21</GreekSeq></word><word seq="21">of<GreekSeq>22</GreekSeq></word><word seq="22">her.”<GreekSeq>23</GreekSeq></word><word seq="23">And<GreekSeq>24</GreekSeq></word><word seq="24">it came out<GreekSeq>25</GreekSeq></word><word seq="25">that<GreekSeq>27</GreekSeq></word><word seq="26">very<GreekSeq>26</GreekSeq></word><word seq="27">hour.<GreekSeq>28</GreekSeq></word></ESV></verse>
<verse number="19"><ESV><word seq="1">But<GreekSeq>2</GreekSeq></word><word seq="2">when<GreekSeq>1</GreekSeq></word><word seq="3">her<GreekSeq>5</GreekSeq></word><word seq="4">owners<GreekSeq>4</GreekSeq></word><word seq="5">saw<GreekSeq>1</GreekSeq></word><word seq="6">that<GreekSeq>6</GreekSeq></word><word seq="7">their<GreekSeq>12</GreekSeq></word><word seq="8">hope<GreekSeq>9</GreekSeq></word><word seq="9">of gain<GreekSeq>11</GreekSeq></word><word seq="10">was gone,<GreekSeq>7</GreekSeq></word><word seq="11">they seized<GreekSeq>13</GreekSeq></word><word seq="12">Paul<GreekSeq>15</GreekSeq></word><word seq="13">and<GreekSeq>16</GreekSeq></word><word seq="14">Silas<GreekSeq>18</GreekSeq></word><word seq="15">and</word><word seq="16">dragged<GreekSeq>19</GreekSeq></word><word seq="17">them</word><word seq="18">into<GreekSeq>20</GreekSeq></word><word seq="19">the<GreekSeq>21</GreekSeq></word><word seq="20">marketplace<GreekSeq>22</GreekSeq></word><word seq="21">before<GreekSeq>23</GreekSeq></word><word seq="22">the<GreekSeq>24</GreekSeq></word><word seq="23">rulers.<GreekSeq>25</GreekSeq></word></ESV></verse>
<verse number="20"><ESV><word seq="1">And<GreekSeq>1</GreekSeq></word><word seq="2">when they had brought<GreekSeq>2</GreekSeq></word><word seq="3">them<GreekSeq>3</GreekSeq></word><word seq="4">to the<GreekSeq>4</GreekSeq></word><word seq="5">magistrates,<GreekSeq>5</GreekSeq></word><word seq="6">they said,<GreekSeq>6</GreekSeq></word><word seq="7">“These<GreekSeq>7</GreekSeq></word><word seq="8">men<GreekSeq>9</GreekSeq></word><word seq="9">are<GreekSeq>15</GreekSeq></word><word seq="10">Jews,<GreekSeq>14</GreekSeq></word><word seq="11">and</word><word seq="12">they are disturbing<GreekSeq>10</GreekSeq></word><word seq="13">our<GreekSeq>11</GreekSeq></word><word seq="14">city.<GreekSeq>13</GreekSeq></word></ESV></verse>
<verse number="21"><ESV><word seq="1">They advocate<GreekSeq>2</GreekSeq></word><word seq="2">customs<GreekSeq>3</GreekSeq></word><word seq="3">that<GreekSeq>4</GreekSeq></word><word seq="4">are<GreekSeq>6</GreekSeq></word><word seq="5">not<GreekSeq>5</GreekSeq></word><word seq="6">lawful<GreekSeq>6</GreekSeq></word><word seq="7">for us<GreekSeq>7</GreekSeq></word><word seq="8">as<GreekSeq>12</GreekSeq></word><word seq="9">Romans<GreekSeq>11</GreekSeq></word><word seq="10">to accept<GreekSeq>8</GreekSeq></word><word seq="11">or<GreekSeq>9</GreekSeq></word><word seq="12">practice.”<GreekSeq>10</GreekSeq></word></ESV></verse>
<verse number="22"><ESV><word seq="1">The<GreekSeq>3</GreekSeq></word><word seq="2">crowd<GreekSeq>4</GreekSeq></word><word seq="3">joined<GreekSeq>2</GreekSeq></word><word seq="4">in attacking<GreekSeq>5</GreekSeq></word><word seq="5">them,<GreekSeq>6</GreekSeq></word><word seq="6">and<GreekSeq>7</GreekSeq></word><word seq="7">the<GreekSeq>8</GreekSeq></word><word seq="8">magistrates<GreekSeq>9</GreekSeq></word><word seq="9">tore<GreekSeq>10</GreekSeq></word><word seq="10">the<GreekSeq>12</GreekSeq></word><word seq="11">garments<GreekSeq>13</GreekSeq></word><word seq="12">off<GreekSeq>10</GreekSeq></word><word seq="13">them<GreekSeq>11</GreekSeq></word><word seq="14">and</word><word seq="15">gave orders<GreekSeq>14</GreekSeq></word><word seq="16">to beat them with rods.<GreekSeq>15</GreekSeq></word></ESV></verse>
<verse number="23"><ESV><word seq="1">And<GreekSeq>2</GreekSeq></word><word seq="2">when they had inflicted<GreekSeq>3</GreekSeq></word><word seq="3">many<GreekSeq>1</GreekSeq></word><word seq="4">blows<GreekSeq>5</GreekSeq></word><word seq="5">upon them,<GreekSeq>4</GreekSeq></word><word seq="6">they threw<GreekSeq>6</GreekSeq></word><word seq="7">them</word><word seq="8">into<GreekSeq>7</GreekSeq></word><word seq="9">prison,<GreekSeq>8</GreekSeq></word><word seq="10">ordering<GreekSeq>9</GreekSeq></word><word seq="11">the<GreekSeq>10</GreekSeq></word><word seq="12">jailer<GreekSeq>11</GreekSeq></word><word seq="13">to keep<GreekSeq>13</GreekSeq></word><word seq="14">them<GreekSeq>14</GreekSeq></word><word seq="15">safely.<GreekSeq>12</GreekSeq></word></ESV></verse>
<verse number="24"><ESV><word seq="1">Having received<GreekSeq>4</GreekSeq></word><word seq="2">this<GreekSeq>3</GreekSeq></word><word seq="3">order,<GreekSeq>2</GreekSeq></word><word seq="4">he put<GreekSeq>5</GreekSeq></word><word seq="5">them<GreekSeq>6</GreekSeq></word><word seq="6">into<GreekSeq>7</GreekSeq></word><word seq="7">the<GreekSeq>8</GreekSeq></word><word seq="8">inner<GreekSeq>9</GreekSeq></word><word seq="9">prison<GreekSeq>10</GreekSeq></word><word seq="10">and<GreekSeq>11</GreekSeq></word><word seq="11">fastened<GreekSeq>14</GreekSeq></word><word seq="12">their<GreekSeq>15</GreekSeq></word><word seq="13">feet<GreekSeq>13</GreekSeq></word><word seq="14">in<GreekSeq>16</GreekSeq></word><word seq="15">the<GreekSeq>17</GreekSeq></word><word seq="16">stocks.<GreekSeq>18</GreekSeq></word></ESV></verse>
<verse number="25"><ESV><word seq="1">About<GreekSeq>1</GreekSeq></word><word seq="2">midnight<GreekSeq>4</GreekSeq></word><word seq="3">Paul<GreekSeq>5</GreekSeq></word><word seq="4">and<GreekSeq>6</GreekSeq></word><word seq="5">Silas<GreekSeq>7</GreekSeq></word><word seq="6">were praying<GreekSeq>8</GreekSeq></word><word seq="7">and</word><word seq="8">singing hymns<GreekSeq>9</GreekSeq></word><word seq="9">to God,<GreekSeq>11</GreekSeq></word><word seq="10">and<GreekSeq>13</GreekSeq></word><word seq="11">the<GreekSeq>15</GreekSeq></word><word seq="12">prisoners<GreekSeq>16</GreekSeq></word><word seq="13">were listening to<GreekSeq>12</GreekSeq></word><word seq="14">them,<GreekSeq>14</GreekSeq></word></ESV></verse>
<verse number="26"><ESV><word seq="1">and<GreekSeq>2</GreekSeq></word><word seq="2">suddenly<GreekSeq>1</GreekSeq></word><word seq="3">there was<GreekSeq>4</GreekSeq></word><word seq="4">a great<GreekSeq>5</GreekSeq></word><word seq="5">earthquake,<GreekSeq>3</GreekSeq></word><word seq="6">so that<GreekSeq>6</GreekSeq></word><word seq="7">the<GreekSeq>8</GreekSeq></word><word seq="8">foundations<GreekSeq>9</GreekSeq></word><word seq="9">of the<GreekSeq>10</GreekSeq></word><word seq="10">prison<GreekSeq>11</GreekSeq></word><word seq="11">were shaken.<GreekSeq>7</GreekSeq></word><word seq="12">And<GreekSeq>13</GreekSeq></word><word seq="13">immediately<GreekSeq>14</GreekSeq></word><word seq="14">all<GreekSeq>17</GreekSeq></word><word seq="15">the<GreekSeq>15</GreekSeq></word><word seq="16">doors<GreekSeq>16</GreekSeq></word><word seq="17">were opened,<GreekSeq>12</GreekSeq></word><word seq="18">and<GreekSeq>18</GreekSeq></word><word seq="19">everyone’s<GreekSeq>19</GreekSeq></word><word seq="20">bonds<GreekSeq>21</GreekSeq></word><word seq="21">were unfastened.<GreekSeq>22</GreekSeq></word></ESV></verse>
<verse number="27"><ESV><word seq="1">When<GreekSeq>3</GreekSeq></word><word seq="2">the<GreekSeq>4</GreekSeq></word><word seq="3">jailer<GreekSeq>5</GreekSeq></word><word seq="4">woke<GreekSeq>1</GreekSeq><GreekSeq>3</GreekSeq></word><word seq="5">and<GreekSeq>6</GreekSeq></word><word seq="6">saw<GreekSeq>7</GreekSeq></word><word seq="7">that</word><word seq="8">the<GreekSeq>9</GreekSeq></word><word seq="9">prison<GreekSeq>12</GreekSeq></word><word seq="10">doors<GreekSeq>10</GreekSeq></word><word seq="11">were open,<GreekSeq>8</GreekSeq></word><word seq="12">he drew<GreekSeq>13</GreekSeq></word><word seq="13">[his]<GreekSeq>14</GreekSeq></word><word seq="14">sword<GreekSeq>15</GreekSeq></word><word seq="15">and</word><word seq="16">was about<GreekSeq>16</GreekSeq></word><word seq="17">to kill<GreekSeq>18</GreekSeq></word><word seq="18">himself,<GreekSeq>17</GreekSeq></word><word seq="19">supposing<GreekSeq>19</GreekSeq></word><word seq="20">that</word><word seq="21">the<GreekSeq>21</GreekSeq></word><word seq="22">prisoners<GreekSeq>22</GreekSeq></word><word seq="23">had escaped.<GreekSeq>20</GreekSeq></word></ESV></verse>
<verse number="28"><ESV><word seq="1">But<GreekSeq>2</GreekSeq></word><word seq="2">Paul<GreekSeq>6</GreekSeq></word><word seq="3">cried<GreekSeq>1</GreekSeq></word><word seq="4">with a loud<GreekSeq>3</GreekSeq></word><word seq="5">voice,<GreekSeq>4</GreekSeq></word><word seq="6">“Do<GreekSeq>9</GreekSeq></word><word seq="7">not<GreekSeq>8</GreekSeq></word><word seq="8">harm<GreekSeq>11</GreekSeq></word><word seq="9">yourself,<GreekSeq>10</GreekSeq></word><word seq="10">for<GreekSeq>13</GreekSeq></word><word seq="11">we are<GreekSeq>14</GreekSeq></word><word seq="12">all<GreekSeq>12</GreekSeq></word><word seq="13">here.”<GreekSeq>15</GreekSeq></word></ESV></verse>
<verse number="29"><ESV><word seq="1">And<GreekSeq>2</GreekSeq></word><word seq="2">[the jailer] called for<GreekSeq>1</GreekSeq></word><word seq="3">lights<GreekSeq>3</GreekSeq></word><word seq="4">and</word><word seq="5">rushed in,<GreekSeq>4</GreekSeq></word><word seq="6">and<GreekSeq>5</GreekSeq></word><word seq="7">trembling with fear<GreekSeq>6</GreekSeq><GreekSeq>7</GreekSeq></word><word seq="8">he fell down before<GreekSeq>8</GreekSeq></word><word seq="9">Paul<GreekSeq>10</GreekSeq></word><word seq="10">and<GreekSeq>11</GreekSeq></word><word seq="11">Silas.<GreekSeq>13</GreekSeq></word></ESV></verse>
<verse number="30"><ESV><word seq="1">Then<GreekSeq>1</GreekSeq></word><word seq="2">he brought<GreekSeq>2</GreekSeq></word><word seq="3">them<GreekSeq>3</GreekSeq></word><word seq="4">out<GreekSeq>4</GreekSeq></word><word seq="5">and</word><word seq="6">said,<GreekSeq>5</GreekSeq></word><word seq="7">“Sirs,<GreekSeq>6</GreekSeq></word><word seq="8">what<GreekSeq>7</GreekSeq></word><word seq="9">must<GreekSeq>9</GreekSeq></word><word seq="10">I<GreekSeq>8</GreekSeq></word><word seq="11">do<GreekSeq>10</GreekSeq></word><word seq="12">to be saved?”<GreekSeq>11</GreekSeq><GreekSeq>12</GreekSeq></word></ESV></verse>
<verse number="31"><ESV><word seq="1">And<GreekSeq>2</GreekSeq></word><word seq="2">they<GreekSeq>1</GreekSeq></word><word seq="3">said,<GreekSeq>3</GreekSeq></word><word seq="4">“Believe<GreekSeq>4</GreekSeq></word><word seq="5">in<GreekSeq>5</GreekSeq></word><word seq="6">the<GreekSeq>6</GreekSeq></word><word seq="7">Lord<GreekSeq>7</GreekSeq></word><word seq="8">Jesus,<GreekSeq>8</GreekSeq></word><word seq="9">and<GreekSeq>9</GreekSeq></word><word seq="10">you will be saved,<GreekSeq>10</GreekSeq></word><word seq="11">you<GreekSeq>11</GreekSeq></word><word seq="12">and<GreekSeq>12</GreekSeq></word><word seq="13">your<GreekSeq>15</GreekSeq></word><word seq="14">household.”<GreekSeq>14</GreekSeq></word></ESV></verse>
<verse number="32"><ESV><word seq="1">And<GreekSeq>1</GreekSeq></word><word seq="2">they spoke<GreekSeq>2</GreekSeq></word><word seq="3">the<GreekSeq>4</GreekSeq></word><word seq="4">word<GreekSeq>5</GreekSeq></word><word seq="5">of the<GreekSeq>6</GreekSeq></word><word seq="6">Lord<GreekSeq>7</GreekSeq></word><word seq="7">to him<GreekSeq>3</GreekSeq></word><word seq="8">and<GreekSeq>8</GreekSeq></word><word seq="9">to all<GreekSeq>9</GreekSeq></word><word seq="10">who<GreekSeq>10</GreekSeq></word><word seq="11">were</word><word seq="12">in<GreekSeq>11</GreekSeq></word><word seq="13">his<GreekSeq>14</GreekSeq></word><word seq="14">house.<GreekSeq>13</GreekSeq></word></ESV></verse>
<verse number="33"><ESV><word seq="1">And<GreekSeq>1</GreekSeq></word><word seq="2">he took<GreekSeq>2</GreekSeq></word><word seq="3">them<GreekSeq>3</GreekSeq></word><word seq="4">the<GreekSeq>4</GreekSeq></word><word seq="5">same<GreekSeq>5</GreekSeq></word><word seq="6">hour<GreekSeq>7</GreekSeq></word><word seq="7">of the<GreekSeq>8</GreekSeq></word><word seq="8">night<GreekSeq>9</GreekSeq></word><word seq="9">and</word><word seq="10">washed<GreekSeq>10</GreekSeq></word><word seq="11">their</word><word seq="12">wounds;<GreekSeq>13</GreekSeq></word><word seq="13">and<GreekSeq>14</GreekSeq></word><word seq="14">he was baptized<GreekSeq>15</GreekSeq></word><word seq="15">at once,<GreekSeq>21</GreekSeq></word><word seq="16">he<GreekSeq>16</GreekSeq></word><word seq="17">and<GreekSeq>17</GreekSeq></word><word seq="18">all<GreekSeq>20</GreekSeq></word><word seq="19">his<GreekSeq>19</GreekSeq></word><word seq="20">[family].<GreekSeq>18</GreekSeq></word></ESV></verse>
<verse number="34"><ESV><word seq="1">Then<GreekSeq>2</GreekSeq></word><word seq="2">he brought<GreekSeq>1</GreekSeq></word><word seq="3">them<GreekSeq>3</GreekSeq></word><word seq="4">up<GreekSeq>1</GreekSeq></word><word seq="5">into<GreekSeq>4</GreekSeq></word><word seq="6" note="Base of different Greek: αὑτοῦ(846)">his<GreekSeq>5</GreekSeq></word><word seq="7">house<GreekSeq>6</GreekSeq></word><word seq="8">and</word><word seq="9">set<GreekSeq>7</GreekSeq></word><word seq="10">food<GreekSeq>8</GreekSeq></word><word seq="11">before them.</word><word seq="12">And<GreekSeq>9</GreekSeq></word><word seq="13">he rejoiced<GreekSeq>10</GreekSeq></word><word seq="14">along with his entire household<GreekSeq>11</GreekSeq></word><word seq="15">that he had believed in<GreekSeq>12</GreekSeq></word><word seq="16">God.<GreekSeq>14</GreekSeq></word></ESV></verse>
<verse number="35"><ESV><word seq="1">But<GreekSeq>2</GreekSeq></word><word seq="2">when it was<GreekSeq>3</GreekSeq></word><word seq="3">day,<GreekSeq>1</GreekSeq></word><word seq="4">the<GreekSeq>5</GreekSeq></word><word seq="5">magistrates<GreekSeq>6</GreekSeq></word><word seq="6">sent<GreekSeq>4</GreekSeq></word><word seq="7">the<GreekSeq>7</GreekSeq></word><word seq="8">police,<GreekSeq>8</GreekSeq></word><word seq="9">saying,<GreekSeq>9</GreekSeq></word><word seq="10">“Let<GreekSeq>10</GreekSeq></word><word seq="11">those<GreekSeq>13</GreekSeq></word><word seq="12">men<GreekSeq>12</GreekSeq></word><word seq="13">go.”<GreekSeq>10</GreekSeq></word></ESV></verse>
<verse number="36"><ESV><word seq="1">And<GreekSeq>2</GreekSeq></word><word seq="2">the<GreekSeq>3</GreekSeq></word><word seq="3">jailer<GreekSeq>4</GreekSeq></word><word seq="4">reported<GreekSeq>1</GreekSeq></word><word seq="5">these<GreekSeq>7</GreekSeq></word><word seq="6">words<GreekSeq>6</GreekSeq></word><word seq="7">to<GreekSeq>8</GreekSeq></word><word seq="8">Paul,<GreekSeq>10</GreekSeq></word><word seq="9">saying,</word><word seq="10">“The<GreekSeq>13</GreekSeq></word><word seq="11">magistrates<GreekSeq>14</GreekSeq></word><word seq="12">have sent<GreekSeq>12</GreekSeq></word><word seq="13">to let you go.<GreekSeq>15</GreekSeq><GreekSeq>16</GreekSeq></word><word seq="14">Therefore<GreekSeq>18</GreekSeq></word><word seq="15">come out<GreekSeq>19</GreekSeq></word><word seq="16">now<GreekSeq>17</GreekSeq></word><word seq="17">and</word><word seq="18">go<GreekSeq>20</GreekSeq></word><word seq="19">in<GreekSeq>21</GreekSeq></word><word seq="20">peace.”<GreekSeq>22</GreekSeq></word></ESV></verse>
<verse number="37"><ESV><word seq="1">But<GreekSeq>2</GreekSeq></word><word seq="2">Paul<GreekSeq>3</GreekSeq></word><word seq="3">said<GreekSeq>4</GreekSeq></word><word seq="4">to<GreekSeq>5</GreekSeq></word><word seq="5">them,<GreekSeq>6</GreekSeq></word><word seq="6">“They have beaten<GreekSeq>7</GreekSeq></word><word seq="7">us<GreekSeq>8</GreekSeq></word><word seq="8">publicly,<GreekSeq>9</GreekSeq></word><word seq="9">uncondemned,<GreekSeq>10</GreekSeq></word><word seq="10">men<GreekSeq>11</GreekSeq></word><word seq="11">who are<GreekSeq>13</GreekSeq></word><word seq="12">Roman [citizens],<GreekSeq>12</GreekSeq></word><word seq="13">and have thrown<GreekSeq>14</GreekSeq></word><word seq="14">us</word><word seq="15">into<GreekSeq>15</GreekSeq></word><word seq="16">prison;<GreekSeq>16</GreekSeq></word><word seq="17">and<GreekSeq>17</GreekSeq></word><word seq="18">do</word><word seq="19">they<GreekSeq>21</GreekSeq></word><word seq="20">now<GreekSeq>18</GreekSeq></word><word seq="21">throw<GreekSeq>21</GreekSeq></word><word seq="22">us<GreekSeq>20</GreekSeq></word><word seq="23">out<GreekSeq>21</GreekSeq></word><word seq="24">secretly?<GreekSeq>19</GreekSeq></word><word seq="25">No!<GreekSeq>22</GreekSeq></word><word seq="26">Let them come<GreekSeq>25</GreekSeq></word><word seq="27">themselves<GreekSeq>26</GreekSeq></word><word seq="28">and</word><word seq="29">take<GreekSeq>28</GreekSeq></word><word seq="30">us<GreekSeq>27</GreekSeq></word><word seq="31">out.”<GreekSeq>28</GreekSeq></word></ESV></verse>
<verse number="38"><ESV><word seq="1">The<GreekSeq>5</GreekSeq></word><word seq="2">police<GreekSeq>6</GreekSeq></word><word seq="3">reported<GreekSeq>1</GreekSeq></word><word seq="4">these<GreekSeq>9</GreekSeq></word><word seq="5">words<GreekSeq>8</GreekSeq></word><word seq="6">to the<GreekSeq>3</GreekSeq></word><word seq="7">magistrates,<GreekSeq>4</GreekSeq></word><word seq="8">and<GreekSeq>11</GreekSeq></word><word seq="9">they were afraid<GreekSeq>10</GreekSeq></word><word seq="10">when they heard<GreekSeq>12</GreekSeq></word><word seq="11">that<GreekSeq>13</GreekSeq></word><word seq="12">they were<GreekSeq>15</GreekSeq></word><word seq="13">Roman [citizens].<GreekSeq>14</GreekSeq></word></ESV></verse>
<verse number="39"><ESV><word seq="1">So<GreekSeq>1</GreekSeq></word><word seq="2">they came<GreekSeq>2</GreekSeq></word><word seq="3">and</word><word seq="4">apologized<GreekSeq>3</GreekSeq></word><word seq="5">to them.<GreekSeq>4</GreekSeq></word><word seq="6">And<GreekSeq>5</GreekSeq></word><word seq="7">they took them out<GreekSeq>6</GreekSeq></word><word seq="8">and</word><word seq="9">asked<GreekSeq>7</GreekSeq></word><word seq="10">them</word><word seq="11">to leave<GreekSeq>8</GreekSeq></word><word seq="12">the<GreekSeq>10</GreekSeq></word><word seq="13">city.<GreekSeq>11</GreekSeq></word></ESV></verse>
<verse number="40"><ESV><word seq="1">So<GreekSeq>2</GreekSeq></word><word seq="2">they went<GreekSeq>1</GreekSeq></word><word seq="3" note="Base of different Greek: ἐκ(1537)">out of<GreekSeq>3</GreekSeq></word><word seq="4">the<GreekSeq>4</GreekSeq></word><word seq="5">prison<GreekSeq>5</GreekSeq></word><word seq="6">and</word><word seq="7">visited<GreekSeq>6</GreekSeq></word><word seq="8">Lydia.<GreekSeq>9</GreekSeq></word><word seq="9">And<GreekSeq>10</GreekSeq></word><word seq="10">when they had seen<GreekSeq>11</GreekSeq></word><word seq="11">the<GreekSeq>13</GreekSeq></word><word seq="12">brothers,<GreekSeq>14</GreekSeq></word><word seq="13">they encouraged<GreekSeq>12</GreekSeq></word><word seq="14" note="Base of different Greek: αὐτούς(846)">them</word><word seq="15">and<GreekSeq>15</GreekSeq></word><word seq="16">departed.<GreekSeq>16</GreekSeq></word></ESV></verse></chapter></book>