<?xml version="1.0" encoding="UTF-8" standalone="no"?><book><chapter number="20">'<verse number="1"><ESV><word seq="1">After<GreekSeq>1</GreekSeq></word><word seq="2">the<GreekSeq>5</GreekSeq></word><word seq="3">uproar<GreekSeq>6</GreekSeq></word><word seq="4">ceased,<GreekSeq>4</GreekSeq></word><word seq="5">Paul<GreekSeq>9</GreekSeq></word><word seq="6">sent for<GreekSeq>7</GreekSeq></word><word seq="7">the<GreekSeq>10</GreekSeq></word><word seq="8">disciples,<GreekSeq>11</GreekSeq></word><word seq="9">and<GreekSeq>12</GreekSeq></word><word seq="10">after</word><word seq="11">encouraging<GreekSeq>13</GreekSeq></word><word seq="12">them,</word><word seq="13">he said farewell<GreekSeq>14</GreekSeq></word><word seq="14">and</word><word seq="15">departed<GreekSeq>15</GreekSeq></word><word seq="16">for<GreekSeq>17</GreekSeq></word><word seq="17">Macedonia.<GreekSeq>18</GreekSeq></word></ESV></verse>
<verse number="2"><ESV><word seq="1">When he had gone through<GreekSeq>1</GreekSeq></word><word seq="2">those<GreekSeq>5</GreekSeq></word><word seq="3">regions<GreekSeq>4</GreekSeq></word><word seq="4">and<GreekSeq>6</GreekSeq></word><word seq="5">had given<GreekSeq>7</GreekSeq></word><word seq="6">them<GreekSeq>8</GreekSeq></word><word seq="7">much<GreekSeq>10</GreekSeq></word><word seq="8">[encouragement],<GreekSeq>9</GreekSeq></word><word seq="9">he came<GreekSeq>11</GreekSeq></word><word seq="10">to<GreekSeq>12</GreekSeq></word><word seq="11">Greece.<GreekSeq>14</GreekSeq></word></ESV></verse>
<verse number="3"><ESV><word seq="1">There</word><word seq="2">he spent<GreekSeq>1</GreekSeq></word><word seq="3">three<GreekSeq>4</GreekSeq></word><word seq="4">months,<GreekSeq>3</GreekSeq></word><word seq="5">and</word><word seq="6">when<GreekSeq>5</GreekSeq></word><word seq="7">a plot<GreekSeq>6</GreekSeq></word><word seq="8">was made<GreekSeq>5</GreekSeq></word><word seq="9">against him<GreekSeq>7</GreekSeq></word><word seq="10">by<GreekSeq>8</GreekSeq></word><word seq="11">the<GreekSeq>9</GreekSeq></word><word seq="12">Jews<GreekSeq>10</GreekSeq></word><word seq="13">as he was about<GreekSeq>11</GreekSeq></word><word seq="14">to set sail<GreekSeq>12</GreekSeq></word><word seq="15">for<GreekSeq>13</GreekSeq></word><word seq="16">Syria,<GreekSeq>15</GreekSeq></word><word seq="17">he decided<GreekSeq>16</GreekSeq><GreekSeq>17</GreekSeq></word><word seq="18">to return<GreekSeq>19</GreekSeq></word><word seq="19">through<GreekSeq>20</GreekSeq></word><word seq="20">Macedonia.<GreekSeq>21</GreekSeq></word></ESV></verse>
<verse number="4"><ESV><word seq="1">Sopater<GreekSeq>4</GreekSeq></word><word seq="2">the Berean,<GreekSeq>6</GreekSeq></word><word seq="3">[son] of Pyrrhus,<GreekSeq>5</GreekSeq></word><word seq="4">accompanied<GreekSeq>1</GreekSeq></word><word seq="5">him;<GreekSeq>3</GreekSeq></word><word seq="6">and<GreekSeq>8</GreekSeq></word><word seq="7">of the Thessalonians,<GreekSeq>7</GreekSeq></word><word seq="8">Aristarchus<GreekSeq>9</GreekSeq></word><word seq="9">and<GreekSeq>10</GreekSeq></word><word seq="10">Secundus;<GreekSeq>11</GreekSeq></word><word seq="11">and<GreekSeq>12</GreekSeq></word><word seq="12">Gaius<GreekSeq>13</GreekSeq></word><word seq="13">of Derbe,<GreekSeq>14</GreekSeq></word><word seq="14">and<GreekSeq>15</GreekSeq></word><word seq="15">Timothy;<GreekSeq>16</GreekSeq></word><word seq="16">and<GreekSeq>18</GreekSeq></word><word seq="17">the Asians,<GreekSeq>17</GreekSeq></word><word seq="18">Tychicus<GreekSeq>19</GreekSeq></word><word seq="19">and<GreekSeq>20</GreekSeq></word><word seq="20">Trophimus.<GreekSeq>21</GreekSeq></word></ESV></verse>
<verse number="5"><ESV><word seq="1">These<GreekSeq>1</GreekSeq></word><word seq="2">went on ahead<GreekSeq>3</GreekSeq></word><word seq="3">and</word><word seq="4">were waiting<GreekSeq>4</GreekSeq></word><word seq="5">for us<GreekSeq>5</GreekSeq></word><word seq="6">at<GreekSeq>6</GreekSeq></word><word seq="7">Troas,<GreekSeq>7</GreekSeq></word></ESV></verse>
<verse number="6"><ESV><word seq="1">but<GreekSeq>2</GreekSeq></word><word seq="2">we<GreekSeq>1</GreekSeq></word><word seq="3">sailed away<GreekSeq>3</GreekSeq></word><word seq="4">from<GreekSeq>9</GreekSeq></word><word seq="5">Philippi<GreekSeq>10</GreekSeq></word><word seq="6">after<GreekSeq>4</GreekSeq></word><word seq="7">the<GreekSeq>5</GreekSeq></word><word seq="8">days<GreekSeq>6</GreekSeq></word><word seq="9">of Unleavened Bread,<GreekSeq>8</GreekSeq></word><word seq="10">and<GreekSeq>11</GreekSeq></word><word seq="11">in<GreekSeq>18</GreekSeq></word><word seq="12">five<GreekSeq>20</GreekSeq></word><word seq="13">days<GreekSeq>19</GreekSeq></word><word seq="14">we came<GreekSeq>12</GreekSeq></word><word seq="15">to<GreekSeq>13</GreekSeq></word><word seq="16">them<GreekSeq>14</GreekSeq></word><word seq="17">at<GreekSeq>15</GreekSeq></word><word seq="18">Troas,<GreekSeq>17</GreekSeq></word><word seq="19">where<GreekSeq>21</GreekSeq></word><word seq="20">we stayed<GreekSeq>22</GreekSeq></word><word seq="21">for</word><word seq="22">seven<GreekSeq>24</GreekSeq></word><word seq="23">days.<GreekSeq>23</GreekSeq></word></ESV></verse>
<verse number="7"><ESV><word seq="1">On<GreekSeq>1</GreekSeq></word><word seq="2">the<GreekSeq>3</GreekSeq></word><word seq="3">first [day]<GreekSeq>4</GreekSeq></word><word seq="4">of the<GreekSeq>5</GreekSeq></word><word seq="5">week,<GreekSeq>6</GreekSeq></word><word seq="6">when</word><word seq="7">we<GreekSeq>8</GreekSeq></word><word seq="8">were gathered together<GreekSeq>7</GreekSeq></word><word seq="9">to break<GreekSeq>9</GreekSeq></word><word seq="10">bread,<GreekSeq>10</GreekSeq></word><word seq="11">Paul<GreekSeq>12</GreekSeq></word><word seq="12">talked<GreekSeq>13</GreekSeq></word><word seq="13">with them,<GreekSeq>14</GreekSeq></word><word seq="14">intending<GreekSeq>15</GreekSeq></word><word seq="15">to depart<GreekSeq>16</GreekSeq></word><word seq="16">on the<GreekSeq>17</GreekSeq></word><word seq="17">next day,<GreekSeq>18</GreekSeq></word><word seq="18">and<GreekSeq>20</GreekSeq></word><word seq="19">he prolonged<GreekSeq>19</GreekSeq></word><word seq="20">his</word><word seq="21">speech<GreekSeq>22</GreekSeq></word><word seq="22">until<GreekSeq>23</GreekSeq></word><word seq="23">midnight.<GreekSeq>24</GreekSeq></word></ESV></verse>
<verse number="8"><ESV><word seq="1">There were<GreekSeq>1</GreekSeq></word><word seq="2">many<GreekSeq>4</GreekSeq></word><word seq="3">lamps<GreekSeq>3</GreekSeq></word><word seq="4">in<GreekSeq>5</GreekSeq></word><word seq="5">the<GreekSeq>6</GreekSeq></word><word seq="6">upper room<GreekSeq>7</GreekSeq></word><word seq="7">where<GreekSeq>8</GreekSeq></word><word seq="8">we were<GreekSeq>9</GreekSeq></word><word seq="9">gathered.<GreekSeq>10</GreekSeq></word></ESV></verse>
<verse number="9"><ESV><word seq="1">And<GreekSeq>2</GreekSeq></word><word seq="2">a<GreekSeq>3</GreekSeq></word><word seq="3">young man<GreekSeq>4</GreekSeq></word><word seq="4">named<GreekSeq>5</GreekSeq></word><word seq="5">Eutychus,<GreekSeq>6</GreekSeq></word><word seq="6">sitting<GreekSeq>1</GreekSeq></word><word seq="7">at<GreekSeq>7</GreekSeq></word><word seq="8">the<GreekSeq>8</GreekSeq></word><word seq="9">window,<GreekSeq>9</GreekSeq></word><word seq="10">sank into a<GreekSeq>10</GreekSeq></word><word seq="11">deep<GreekSeq>12</GreekSeq></word><word seq="12">sleep<GreekSeq>11</GreekSeq></word><word seq="13">as</word><word seq="14">Paul<GreekSeq>15</GreekSeq></word><word seq="15">talked<GreekSeq>13</GreekSeq></word><word seq="16">still longer.<GreekSeq>16</GreekSeq><GreekSeq>17</GreekSeq></word><word seq="17">And</word><word seq="18">being overcome<GreekSeq>18</GreekSeq></word><word seq="19">by<GreekSeq>19</GreekSeq></word><word seq="20">sleep,<GreekSeq>21</GreekSeq></word><word seq="21">he fell<GreekSeq>22</GreekSeq></word><word seq="22">down<GreekSeq>26</GreekSeq></word><word seq="23">from<GreekSeq>23</GreekSeq></word><word seq="24">the<GreekSeq>24</GreekSeq></word><word seq="25">third story<GreekSeq>25</GreekSeq></word><word seq="26">and<GreekSeq>27</GreekSeq></word><word seq="27">was taken up<GreekSeq>28</GreekSeq></word><word seq="28">dead.<GreekSeq>29</GreekSeq></word></ESV></verse>
<verse number="10"><ESV><word seq="1">But<GreekSeq>2</GreekSeq></word><word seq="2">Paul<GreekSeq>4</GreekSeq></word><word seq="3">went down<GreekSeq>1</GreekSeq></word><word seq="4">and</word><word seq="5">[bent over]<GreekSeq>5</GreekSeq></word><word seq="6">him,<GreekSeq>6</GreekSeq></word><word seq="7">and<GreekSeq>7</GreekSeq></word><word seq="8">taking [him] in his arms,<GreekSeq>8</GreekSeq></word><word seq="9">said,<GreekSeq>9</GreekSeq></word><word seq="10">“Do</word><word seq="11">not<GreekSeq>10</GreekSeq></word><word seq="12">be alarmed,<GreekSeq>11</GreekSeq></word><word seq="13">for<GreekSeq>13</GreekSeq></word><word seq="14">his<GreekSeq>15</GreekSeq></word><word seq="15">life<GreekSeq>14</GreekSeq></word><word seq="16">is<GreekSeq>18</GreekSeq></word><word seq="17">in<GreekSeq>16</GreekSeq></word><word seq="18">him.”<GreekSeq>17</GreekSeq></word></ESV></verse>
<verse number="11"><ESV><word seq="1">And<GreekSeq>2</GreekSeq></word><word seq="2">when [Paul] had gone up<GreekSeq>1</GreekSeq></word><word seq="3">and<GreekSeq>3</GreekSeq></word><word seq="4">had broken<GreekSeq>4</GreekSeq></word><word seq="5">bread<GreekSeq>6</GreekSeq></word><word seq="6">and<GreekSeq>7</GreekSeq></word><word seq="7">eaten,<GreekSeq>8</GreekSeq></word><word seq="8">he conversed with<GreekSeq>12</GreekSeq></word><word seq="9">them</word><word seq="10">a long while,<GreekSeq>9</GreekSeq><GreekSeq>10</GreekSeq></word><word seq="11">until<GreekSeq>13</GreekSeq></word><word seq="12">daybreak,<GreekSeq>14</GreekSeq></word><word seq="13">and</word><word seq="14">so<GreekSeq>15</GreekSeq></word><word seq="15">departed.<GreekSeq>16</GreekSeq></word></ESV></verse>
<verse number="12"><ESV><word seq="1">And<GreekSeq>2</GreekSeq></word><word seq="2">they took<GreekSeq>1</GreekSeq></word><word seq="3">the<GreekSeq>3</GreekSeq></word><word seq="4">youth<GreekSeq>4</GreekSeq></word><word seq="5">away</word><word seq="6">alive,<GreekSeq>5</GreekSeq></word><word seq="7">and<GreekSeq>6</GreekSeq></word><word seq="8">were<GreekSeq>7</GreekSeq></word><word seq="9">not<GreekSeq>8</GreekSeq></word><word seq="10">a little<GreekSeq>9</GreekSeq></word><word seq="11">comforted.<GreekSeq>7</GreekSeq></word></ESV></verse>
<verse number="13"><ESV><word seq="1">But<GreekSeq>2</GreekSeq></word><word seq="2">going ahead<GreekSeq>3</GreekSeq></word><word seq="3">to<GreekSeq>4</GreekSeq></word><word seq="4">the<GreekSeq>5</GreekSeq></word><word seq="5">ship,<GreekSeq>6</GreekSeq></word><word seq="6">we<GreekSeq>1</GreekSeq></word><word seq="7">set sail<GreekSeq>7</GreekSeq></word><word seq="8">for<GreekSeq>8</GreekSeq></word><word seq="9">Assos,<GreekSeq>10</GreekSeq></word><word seq="10">intending<GreekSeq>12</GreekSeq></word><word seq="11">to take<GreekSeq>13</GreekSeq></word><word seq="12">Paul<GreekSeq>15</GreekSeq></word><word seq="13">aboard<GreekSeq>13</GreekSeq></word><word seq="14">there,<GreekSeq>11</GreekSeq></word><word seq="15">for<GreekSeq>17</GreekSeq></word><word seq="16">so<GreekSeq>16</GreekSeq></word><word seq="17">he had<GreekSeq>19</GreekSeq></word><word seq="18">arranged,<GreekSeq>18</GreekSeq></word><word seq="19">intending<GreekSeq>20</GreekSeq></word><word seq="20">himself<GreekSeq>21</GreekSeq></word><word seq="21">to go by land.<GreekSeq>22</GreekSeq></word></ESV></verse>
<verse number="14"><ESV><word seq="1">And<GreekSeq>2</GreekSeq></word><word seq="2">when<GreekSeq>1</GreekSeq></word><word seq="3">he met<GreekSeq>3</GreekSeq></word><word seq="4">us<GreekSeq>4</GreekSeq></word><word seq="5">at<GreekSeq>5</GreekSeq></word><word seq="6">Assos,<GreekSeq>7</GreekSeq></word><word seq="7">we took<GreekSeq>8</GreekSeq></word><word seq="8">him<GreekSeq>9</GreekSeq></word><word seq="9">on [board]<GreekSeq>8</GreekSeq></word><word seq="10">and</word><word seq="11">went<GreekSeq>10</GreekSeq></word><word seq="12">to<GreekSeq>11</GreekSeq></word><word seq="13">Mitylene.<GreekSeq>12</GreekSeq></word></ESV></verse>
<verse number="15"><ESV><word seq="1">And<GreekSeq>1</GreekSeq></word><word seq="2">sailing<GreekSeq>2</GreekSeq></word><word seq="3">from there<GreekSeq>1</GreekSeq></word><word seq="4">we came<GreekSeq>5</GreekSeq></word><word seq="5">the<GreekSeq>3</GreekSeq></word><word seq="6">following [day]<GreekSeq>4</GreekSeq></word><word seq="7">opposite<GreekSeq>6</GreekSeq></word><word seq="8">Chios;<GreekSeq>7</GreekSeq></word><word seq="9">the<GreekSeq>8</GreekSeq></word><word seq="10">next [day]<GreekSeq>10</GreekSeq></word><word seq="11">we touched<GreekSeq>11</GreekSeq></word><word seq="12">at<GreekSeq>12</GreekSeq></word><word seq="13">Samos;<GreekSeq>13</GreekSeq></word><word seq="14">and<GreekSeq>15</GreekSeq></word><word seq="15">the<GreekSeq>14</GreekSeq></word><word seq="16">[day] after that<GreekSeq>16</GreekSeq></word><word seq="17">we went<GreekSeq>17</GreekSeq></word><word seq="18">to<GreekSeq>18</GreekSeq></word><word seq="19">Miletus.<GreekSeq>19</GreekSeq></word></ESV></verse>
<verse number="16"><ESV><word seq="1">For<GreekSeq>2</GreekSeq></word><word seq="2">Paul<GreekSeq>4</GreekSeq></word><word seq="3">had decided<GreekSeq>1</GreekSeq></word><word seq="4">to sail past<GreekSeq>5</GreekSeq></word><word seq="5">Ephesus,<GreekSeq>7</GreekSeq></word><word seq="6">so that<GreekSeq>8</GreekSeq></word><word seq="7">he might<GreekSeq>10</GreekSeq></word><word seq="8">not<GreekSeq>9</GreekSeq></word><word seq="9">have<GreekSeq>10</GreekSeq></word><word seq="10">to spend time<GreekSeq>12</GreekSeq></word><word seq="11">in<GreekSeq>13</GreekSeq></word><word seq="12">Asia,<GreekSeq>15</GreekSeq></word><word seq="13">for<GreekSeq>17</GreekSeq></word><word seq="14">he was hastening<GreekSeq>16</GreekSeq></word><word seq="15">to be<GreekSeq>26</GreekSeq></word><word seq="16">at<GreekSeq>27</GreekSeq></word><word seq="17">Jerusalem,<GreekSeq>28</GreekSeq></word><word seq="18">if<GreekSeq>18</GreekSeq></word><word seq="19">possible,<GreekSeq>19</GreekSeq></word><word seq="20">on the<GreekSeq>22</GreekSeq></word><word seq="21">day<GreekSeq>23</GreekSeq></word><word seq="22">of Pentecost.<GreekSeq>25</GreekSeq></word></ESV></verse>
<verse number="17"><ESV><word seq="1">Now<GreekSeq>2</GreekSeq></word><word seq="2">from<GreekSeq>1</GreekSeq></word><word seq="3">Miletus<GreekSeq>4</GreekSeq></word><word seq="4">he sent<GreekSeq>5</GreekSeq></word><word seq="5">to<GreekSeq>6</GreekSeq></word><word seq="6">Ephesus<GreekSeq>7</GreekSeq></word><word seq="7">and</word><word seq="8">called<GreekSeq>8</GreekSeq></word><word seq="9">the<GreekSeq>9</GreekSeq></word><word seq="10">elders<GreekSeq>10</GreekSeq></word><word seq="11">of the<GreekSeq>11</GreekSeq></word><word seq="12">church<GreekSeq>12</GreekSeq></word><word seq="13">to come to him.<GreekSeq>8</GreekSeq></word></ESV></verse>
<verse number="18"><ESV><word seq="1">And<GreekSeq>2</GreekSeq></word><word seq="2">when<GreekSeq>1</GreekSeq></word><word seq="3">they came<GreekSeq>3</GreekSeq></word><word seq="4">to<GreekSeq>4</GreekSeq></word><word seq="5">him,<GreekSeq>5</GreekSeq></word><word seq="6">he said<GreekSeq>6</GreekSeq></word><word seq="7">to them:<GreekSeq>7</GreekSeq></word><word seq="8">“You yourselves<GreekSeq>8</GreekSeq></word><word seq="9">know<GreekSeq>9</GreekSeq></word><word seq="10">how<GreekSeq>19</GreekSeq></word><word seq="11">I lived<GreekSeq>25</GreekSeq></word><word seq="12">among<GreekSeq>20</GreekSeq></word><word seq="13">you<GreekSeq>21</GreekSeq></word><word seq="14">the<GreekSeq>22</GreekSeq></word><word seq="15">whole<GreekSeq>23</GreekSeq></word><word seq="16">time<GreekSeq>24</GreekSeq></word><word seq="17">from<GreekSeq>10</GreekSeq></word><word seq="18">the</word><word seq="19">first<GreekSeq>11</GreekSeq></word><word seq="20">day<GreekSeq>12</GreekSeq></word><word seq="21">that<GreekSeq>13</GreekSeq><GreekSeq>14</GreekSeq></word><word seq="22">I set foot<GreekSeq>15</GreekSeq></word><word seq="23">in<GreekSeq>16</GreekSeq></word><word seq="24">Asia,<GreekSeq>18</GreekSeq></word></ESV></verse>
<verse number="19"><ESV><word seq="1">serving<GreekSeq>1</GreekSeq></word><word seq="2">the<GreekSeq>2</GreekSeq></word><word seq="3">Lord<GreekSeq>3</GreekSeq></word><word seq="4">with<GreekSeq>4</GreekSeq></word><word seq="5">all<GreekSeq>5</GreekSeq></word><word seq="6">humility<GreekSeq>6</GreekSeq></word><word seq="7">and<GreekSeq>7</GreekSeq></word><word seq="8">with</word><word seq="9">tears<GreekSeq>8</GreekSeq></word><word seq="10">and<GreekSeq>9</GreekSeq></word><word seq="11">with</word><word seq="12">trials<GreekSeq>10</GreekSeq></word><word seq="13">that happened to<GreekSeq>12</GreekSeq></word><word seq="14">me<GreekSeq>13</GreekSeq></word><word seq="15">through<GreekSeq>14</GreekSeq></word><word seq="16">the<GreekSeq>15</GreekSeq></word><word seq="17">plots<GreekSeq>16</GreekSeq></word><word seq="18">of the<GreekSeq>17</GreekSeq></word><word seq="19">Jews;<GreekSeq>18</GreekSeq></word></ESV></verse>
<verse number="20"><ESV><word seq="1">how<GreekSeq>1</GreekSeq></word><word seq="2">I did<GreekSeq>3</GreekSeq></word><word seq="3">not<GreekSeq>2</GreekSeq></word><word seq="4">shrink<GreekSeq>3</GreekSeq></word><word seq="5">from<GreekSeq>7</GreekSeq></word><word seq="6">declaring<GreekSeq>8</GreekSeq></word><word seq="7">to you<GreekSeq>9</GreekSeq></word><word seq="8">anything<GreekSeq>2</GreekSeq></word><word seq="9">that was profitable,<GreekSeq>5</GreekSeq></word><word seq="10">and<GreekSeq>10</GreekSeq></word><word seq="11">teaching<GreekSeq>11</GreekSeq></word><word seq="12">you<GreekSeq>12</GreekSeq></word><word seq="13">in public<GreekSeq>13</GreekSeq></word><word seq="14">and<GreekSeq>14</GreekSeq></word><word seq="15">from house to house,<GreekSeq>15</GreekSeq><GreekSeq>16</GreekSeq></word></ESV></verse>
<verse number="21"><ESV><word seq="1">testifying<GreekSeq>1</GreekSeq></word><word seq="2">both<GreekSeq>3</GreekSeq></word><word seq="3">to Jews<GreekSeq>2</GreekSeq></word><word seq="4">and<GreekSeq>4</GreekSeq></word><word seq="5">to Greeks<GreekSeq>5</GreekSeq></word><word seq="6">of</word><word seq="7">repentance<GreekSeq>9</GreekSeq></word><word seq="8">toward<GreekSeq>7</GreekSeq></word><word seq="9">God<GreekSeq>8</GreekSeq></word><word seq="10">and<GreekSeq>10</GreekSeq></word><word seq="11">of</word><word seq="12">faith<GreekSeq>11</GreekSeq></word><word seq="13">in<GreekSeq>12</GreekSeq></word><word seq="14">our<GreekSeq>15</GreekSeq></word><word seq="15">Lord<GreekSeq>14</GreekSeq></word><word seq="16">Jesus<GreekSeq>16</GreekSeq></word><word seq="17" note="Base of different Greek: Χριστόν(5547)">Christ.</word></ESV></verse>
<verse number="22"><ESV><word seq="1">And<GreekSeq>1</GreekSeq></word><word seq="2">now,<GreekSeq>2</GreekSeq></word><word seq="3">behold,<GreekSeq>3</GreekSeq></word><word seq="4">I<GreekSeq>5</GreekSeq></word><word seq="5">am going<GreekSeq>8</GreekSeq></word><word seq="6">to<GreekSeq>9</GreekSeq></word><word seq="7">Jerusalem,<GreekSeq>10</GreekSeq></word><word seq="8">constrained<GreekSeq>4</GreekSeq></word><word seq="9">by the<GreekSeq>6</GreekSeq></word><word seq="10">Spirit,<GreekSeq>7</GreekSeq></word><word seq="11">not<GreekSeq>16</GreekSeq></word><word seq="12">knowing<GreekSeq>17</GreekSeq></word><word seq="13">what will happen<GreekSeq>11</GreekSeq><GreekSeq>14</GreekSeq></word><word seq="14">to me<GreekSeq>15</GreekSeq></word><word seq="15">there,<GreekSeq>12</GreekSeq><GreekSeq>13</GreekSeq></word></ESV></verse>
<verse number="23"><ESV><word seq="1">except<GreekSeq>1</GreekSeq></word><word seq="2">that<GreekSeq>2</GreekSeq></word><word seq="3">the<GreekSeq>3</GreekSeq></word><word seq="4">Holy<GreekSeq>6</GreekSeq></word><word seq="5">Spirit<GreekSeq>4</GreekSeq></word><word seq="6">testifies<GreekSeq>9</GreekSeq></word><word seq="7">to me<GreekSeq>10</GreekSeq></word><word seq="8">in every<GreekSeq>7</GreekSeq></word><word seq="9">city<GreekSeq>8</GreekSeq></word><word seq="10">that<GreekSeq>12</GreekSeq></word><word seq="11">imprisonment<GreekSeq>13</GreekSeq></word><word seq="12">and<GreekSeq>14</GreekSeq></word><word seq="13">afflictions<GreekSeq>15</GreekSeq></word><word seq="14">await<GreekSeq>17</GreekSeq></word><word seq="15">me.<GreekSeq>16</GreekSeq></word></ESV></verse>
<verse number="24"><ESV><word seq="1">But<GreekSeq>1</GreekSeq></word><word seq="2">I do<GreekSeq>4</GreekSeq></word><word seq="3">not<GreekSeq>2</GreekSeq></word><word seq="4">account<GreekSeq>4</GreekSeq></word><word seq="5">my</word><word seq="6">life<GreekSeq>6</GreekSeq></word><word seq="7">of any<GreekSeq>2</GreekSeq></word><word seq="8">value<GreekSeq>3</GreekSeq></word><word seq="9">nor as</word><word seq="10">precious<GreekSeq>7</GreekSeq></word><word seq="11">to myself,<GreekSeq>8</GreekSeq></word><word seq="12">if only<GreekSeq>9</GreekSeq></word><word seq="13">I may finish<GreekSeq>10</GreekSeq></word><word seq="14">my<GreekSeq>13</GreekSeq></word><word seq="15">course<GreekSeq>12</GreekSeq></word><word seq="16">and<GreekSeq>14</GreekSeq></word><word seq="17">the<GreekSeq>15</GreekSeq></word><word seq="18">ministry<GreekSeq>16</GreekSeq></word><word seq="19">that<GreekSeq>17</GreekSeq></word><word seq="20">I received<GreekSeq>18</GreekSeq></word><word seq="21">from<GreekSeq>19</GreekSeq></word><word seq="22">the<GreekSeq>20</GreekSeq></word><word seq="23">Lord<GreekSeq>21</GreekSeq></word><word seq="24">Jesus,<GreekSeq>22</GreekSeq></word><word seq="25">to testify<GreekSeq>23</GreekSeq></word><word seq="26">to the<GreekSeq>24</GreekSeq></word><word seq="27">gospel<GreekSeq>25</GreekSeq></word><word seq="28">of the<GreekSeq>26</GreekSeq></word><word seq="29">grace<GreekSeq>27</GreekSeq></word><word seq="30">of God.<GreekSeq>29</GreekSeq></word></ESV></verse>
<verse number="25"><ESV><word seq="1">And<GreekSeq>1</GreekSeq></word><word seq="2">now,<GreekSeq>2</GreekSeq></word><word seq="3">behold,<GreekSeq>3</GreekSeq></word><word seq="4">I<GreekSeq>4</GreekSeq></word><word seq="5">know<GreekSeq>5</GreekSeq></word><word seq="6">that<GreekSeq>6</GreekSeq></word><word seq="7">none<GreekSeq>7</GreekSeq></word><word seq="8">of</word><word seq="9">you<GreekSeq>12</GreekSeq></word><word seq="10">among<GreekSeq>14</GreekSeq></word><word seq="11">whom<GreekSeq>15</GreekSeq></word><word seq="12">I have gone about<GreekSeq>16</GreekSeq></word><word seq="13">proclaiming<GreekSeq>17</GreekSeq></word><word seq="14">the<GreekSeq>18</GreekSeq></word><word seq="15">kingdom<GreekSeq>19</GreekSeq></word><word seq="16">will see<GreekSeq>8</GreekSeq></word><word seq="17">my<GreekSeq>11</GreekSeq></word><word seq="18">face<GreekSeq>10</GreekSeq></word><word seq="19">again.<GreekSeq>7</GreekSeq></word></ESV></verse>
<verse number="26"><ESV><word seq="1">Therefore<GreekSeq>1</GreekSeq></word><word seq="2">I testify<GreekSeq>2</GreekSeq></word><word seq="3">to you<GreekSeq>3</GreekSeq></word><word seq="4">this day<GreekSeq>6</GreekSeq></word><word seq="5">that<GreekSeq>8</GreekSeq></word><word seq="6">I am<GreekSeq>10</GreekSeq></word><word seq="7">innocent<GreekSeq>9</GreekSeq></word><word seq="8">of<GreekSeq>11</GreekSeq></word><word seq="9">the<GreekSeq>12</GreekSeq></word><word seq="10">blood<GreekSeq>13</GreekSeq></word><word seq="11">of all,<GreekSeq>14</GreekSeq></word></ESV></verse>
<verse number="27"><ESV><word seq="1">for<GreekSeq>2</GreekSeq></word><word seq="2">I did<GreekSeq>3</GreekSeq></word><word seq="3">not<GreekSeq>1</GreekSeq></word><word seq="4">shrink from<GreekSeq>3</GreekSeq></word><word seq="5">declaring<GreekSeq>6</GreekSeq></word><word seq="6">to you<GreekSeq>12</GreekSeq></word><word seq="7">the<GreekSeq>8</GreekSeq></word><word seq="8">whole<GreekSeq>7</GreekSeq></word><word seq="9">counsel<GreekSeq>9</GreekSeq></word><word seq="10">of God.<GreekSeq>11</GreekSeq></word></ESV></verse>
<verse number="28"><ESV><word seq="1">Pay careful attention<GreekSeq>1</GreekSeq></word><word seq="2">to yourselves<GreekSeq>2</GreekSeq></word><word seq="3">and<GreekSeq>3</GreekSeq></word><word seq="4">to all<GreekSeq>4</GreekSeq></word><word seq="5">the<GreekSeq>5</GreekSeq></word><word seq="6">flock,<GreekSeq>6</GreekSeq></word><word seq="7">in<GreekSeq>7</GreekSeq></word><word seq="8">which<GreekSeq>8</GreekSeq></word><word seq="9">the<GreekSeq>10</GreekSeq></word><word seq="10">Holy<GreekSeq>13</GreekSeq></word><word seq="11">Spirit<GreekSeq>11</GreekSeq></word><word seq="12">has made<GreekSeq>14</GreekSeq></word><word seq="13">you<GreekSeq>9</GreekSeq></word><word seq="14">overseers,<GreekSeq>15</GreekSeq></word><word seq="15">to care<GreekSeq>16</GreekSeq></word><word seq="16">for the<GreekSeq>17</GreekSeq></word><word seq="17">church<GreekSeq>18</GreekSeq></word><word seq="18">of God,<GreekSeq>20</GreekSeq></word><word seq="19">which<GreekSeq>21</GreekSeq></word><word seq="20">he obtained<GreekSeq>22</GreekSeq></word><word seq="21">with<GreekSeq>23</GreekSeq></word><word seq="22">his own<GreekSeq>27</GreekSeq></word><word seq="23">blood.<GreekSeq>25</GreekSeq></word></ESV></verse>
<verse number="29"><ESV><word seq="1">I<GreekSeq>1</GreekSeq></word><word seq="2">know<GreekSeq>2</GreekSeq></word><word seq="3">that<GreekSeq>3</GreekSeq></word><word seq="4">after<GreekSeq>5</GreekSeq></word><word seq="5">my<GreekSeq>8</GreekSeq></word><word seq="6">departure<GreekSeq>7</GreekSeq></word><word seq="7">fierce<GreekSeq>10</GreekSeq></word><word seq="8">wolves<GreekSeq>9</GreekSeq></word><word seq="9">will come in<GreekSeq>4</GreekSeq></word><word seq="10">among<GreekSeq>11</GreekSeq></word><word seq="11">you,<GreekSeq>12</GreekSeq></word><word seq="12">not<GreekSeq>13</GreekSeq></word><word seq="13">sparing<GreekSeq>14</GreekSeq></word><word seq="14">the<GreekSeq>15</GreekSeq></word><word seq="15">flock;<GreekSeq>16</GreekSeq></word></ESV></verse>
<verse number="30"><ESV><word seq="1">and<GreekSeq>1</GreekSeq></word><word seq="2">from among<GreekSeq>2</GreekSeq></word><word seq="3">your own<GreekSeq>3</GreekSeq></word><word seq="4">selves<GreekSeq>4</GreekSeq></word><word seq="5">will arise<GreekSeq>5</GreekSeq></word><word seq="6">men<GreekSeq>6</GreekSeq></word><word seq="7">speaking<GreekSeq>7</GreekSeq></word><word seq="8">twisted things,<GreekSeq>8</GreekSeq></word><word seq="9">to draw away<GreekSeq>10</GreekSeq></word><word seq="10">the<GreekSeq>11</GreekSeq></word><word seq="11">disciples<GreekSeq>12</GreekSeq></word><word seq="12">after<GreekSeq>13</GreekSeq></word><word seq="13">them.<GreekSeq>14</GreekSeq></word></ESV></verse>
<verse number="31"><ESV><word seq="1">Therefore<GreekSeq>1</GreekSeq></word><word seq="2">be alert,<GreekSeq>2</GreekSeq></word><word seq="3">remembering<GreekSeq>3</GreekSeq></word><word seq="4">that<GreekSeq>4</GreekSeq></word><word seq="5">for three years<GreekSeq>5</GreekSeq></word><word seq="6">I did<GreekSeq>10</GreekSeq></word><word seq="7">not<GreekSeq>9</GreekSeq></word><word seq="8">cease<GreekSeq>10</GreekSeq></word><word seq="9">night<GreekSeq>6</GreekSeq></word><word seq="10">or<GreekSeq>7</GreekSeq></word><word seq="11">day<GreekSeq>8</GreekSeq></word><word seq="12">to admonish<GreekSeq>13</GreekSeq></word><word seq="13">every<GreekSeq>15</GreekSeq></word><word seq="14">one<GreekSeq>14</GreekSeq></word><word seq="15">with<GreekSeq>11</GreekSeq></word><word seq="16">tears.<GreekSeq>12</GreekSeq></word></ESV></verse>
<verse number="32"><ESV><word seq="1">And<GreekSeq>1</GreekSeq></word><word seq="2">now<GreekSeq>3</GreekSeq></word><word seq="3">I commend<GreekSeq>4</GreekSeq></word><word seq="4">you<GreekSeq>5</GreekSeq></word><word seq="5">to God<GreekSeq>7</GreekSeq></word><word seq="6">and<GreekSeq>8</GreekSeq></word><word seq="7">to the<GreekSeq>9</GreekSeq></word><word seq="8">word<GreekSeq>10</GreekSeq></word><word seq="9">of<GreekSeq>12</GreekSeq></word><word seq="10">his<GreekSeq>13</GreekSeq></word><word seq="11">grace,<GreekSeq>12</GreekSeq></word><word seq="12">which is able<GreekSeq>15</GreekSeq></word><word seq="13">to build [you] up<GreekSeq>16</GreekSeq></word><word seq="14">and<GreekSeq>17</GreekSeq></word><word seq="15">to give<GreekSeq>18</GreekSeq></word><word seq="16" note="Base of different Greek: ὑμῖν(5213)">you</word><word seq="17">the<GreekSeq>19</GreekSeq></word><word seq="18">inheritance<GreekSeq>20</GreekSeq></word><word seq="19">among<GreekSeq>21</GreekSeq></word><word seq="20">all<GreekSeq>24</GreekSeq></word><word seq="21">those<GreekSeq>22</GreekSeq></word><word seq="22">who are sanctified.<GreekSeq>23</GreekSeq></word></ESV></verse>
<verse number="33"><ESV><word seq="1">I coveted<GreekSeq>7</GreekSeq></word><word seq="2">no one’s<GreekSeq>6</GreekSeq></word><word seq="3">silver<GreekSeq>1</GreekSeq></word><word seq="4">or<GreekSeq>2</GreekSeq></word><word seq="5">gold<GreekSeq>3</GreekSeq></word><word seq="6">or<GreekSeq>4</GreekSeq></word><word seq="7">apparel.<GreekSeq>5</GreekSeq></word></ESV></verse>
<verse number="34"><ESV><word seq="1">You<GreekSeq>2</GreekSeq></word><word seq="2">yourselves<GreekSeq>1</GreekSeq></word><word seq="3">know<GreekSeq>2</GreekSeq></word><word seq="4">that<GreekSeq>3</GreekSeq></word><word seq="5">these<GreekSeq>15</GreekSeq></word><word seq="6">hands<GreekSeq>14</GreekSeq></word><word seq="7">ministered to<GreekSeq>12</GreekSeq></word><word seq="8">my<GreekSeq>6</GreekSeq></word><word seq="9">necessities<GreekSeq>5</GreekSeq></word><word seq="10">and<GreekSeq>7</GreekSeq></word><word seq="11">to those<GreekSeq>8</GreekSeq></word><word seq="12">who were<GreekSeq>9</GreekSeq></word><word seq="13">with<GreekSeq>10</GreekSeq></word><word seq="14">me.<GreekSeq>11</GreekSeq></word></ESV></verse>
<verse number="35"><ESV><word seq="1">In all things<GreekSeq>1</GreekSeq></word><word seq="2">I have shown<GreekSeq>2</GreekSeq></word><word seq="3">you<GreekSeq>3</GreekSeq></word><word seq="4">that<GreekSeq>4</GreekSeq></word><word seq="5">by working hard<GreekSeq>6</GreekSeq></word><word seq="6">in this way<GreekSeq>5</GreekSeq></word><word seq="7">we</word><word seq="8">must<GreekSeq>7</GreekSeq></word><word seq="9">help<GreekSeq>8</GreekSeq></word><word seq="10">the<GreekSeq>9</GreekSeq></word><word seq="11">weak<GreekSeq>10</GreekSeq></word><word seq="12">and<GreekSeq>12</GreekSeq></word><word seq="13">remember<GreekSeq>11</GreekSeq></word><word seq="14">the<GreekSeq>13</GreekSeq></word><word seq="15">words<GreekSeq>14</GreekSeq></word><word seq="16">of the<GreekSeq>15</GreekSeq></word><word seq="17">Lord<GreekSeq>16</GreekSeq></word><word seq="18">Jesus,<GreekSeq>17</GreekSeq></word><word seq="19">how<GreekSeq>18</GreekSeq></word><word seq="20">he himself<GreekSeq>19</GreekSeq></word><word seq="21">said,<GreekSeq>20</GreekSeq></word><word seq="22">‘It is<GreekSeq>22</GreekSeq></word><word seq="23">more<GreekSeq>23</GreekSeq></word><word seq="24">blessed<GreekSeq>21</GreekSeq></word><word seq="25">to give<GreekSeq>24</GreekSeq></word><word seq="26">than<GreekSeq>25</GreekSeq></word><word seq="27">to receive.’”<GreekSeq>26</GreekSeq></word></ESV></verse>
<verse number="36"><ESV><word seq="1">And<GreekSeq>1</GreekSeq></word><word seq="2">when he had said<GreekSeq>3</GreekSeq></word><word seq="3">these things,<GreekSeq>2</GreekSeq></word><word seq="4">he knelt down<GreekSeq>4</GreekSeq><GreekSeq>5</GreekSeq><GreekSeq>6</GreekSeq><GreekSeq>7</GreekSeq></word><word seq="5">and</word><word seq="6">prayed<GreekSeq>11</GreekSeq></word><word seq="7">with<GreekSeq>8</GreekSeq></word><word seq="8">them<GreekSeq>10</GreekSeq></word><word seq="9">all.<GreekSeq>9</GreekSeq></word></ESV></verse>
<verse number="37"><ESV><word seq="1">And<GreekSeq>2</GreekSeq></word><word seq="2">there was<GreekSeq>4</GreekSeq></word><word seq="3">much<GreekSeq>1</GreekSeq></word><word seq="4">weeping<GreekSeq>3</GreekSeq></word><word seq="5">on the part</word><word seq="6">of all;<GreekSeq>5</GreekSeq></word><word seq="7">they<GreekSeq>13</GreekSeq></word><word seq="8">embraced<GreekSeq>7</GreekSeq><GreekSeq>10</GreekSeq></word><word seq="9">Paul<GreekSeq>12</GreekSeq></word><word seq="10">and</word><word seq="11">kissed<GreekSeq>13</GreekSeq></word><word seq="12">him,<GreekSeq>14</GreekSeq></word></ESV></verse>
<verse number="38"><ESV><word seq="1">being sorrowful<GreekSeq>1</GreekSeq></word><word seq="2">most of all<GreekSeq>2</GreekSeq></word><word seq="3">because of<GreekSeq>3</GreekSeq></word><word seq="4">the<GreekSeq>4</GreekSeq></word><word seq="5">word<GreekSeq>5</GreekSeq></word><word seq="6">he had spoken,<GreekSeq>7</GreekSeq></word><word seq="7">that<GreekSeq>8</GreekSeq></word><word seq="8">they would<GreekSeq>10</GreekSeq></word><word seq="9">not<GreekSeq>9</GreekSeq></word><word seq="10">see<GreekSeq>14</GreekSeq></word><word seq="11">his<GreekSeq>13</GreekSeq></word><word seq="12">face<GreekSeq>12</GreekSeq></word><word seq="13">again.<GreekSeq>9</GreekSeq></word><word seq="14">And<GreekSeq>16</GreekSeq></word><word seq="15">they accompanied<GreekSeq>15</GreekSeq></word><word seq="16">him<GreekSeq>17</GreekSeq></word><word seq="17">to<GreekSeq>18</GreekSeq></word><word seq="18">the<GreekSeq>19</GreekSeq></word><word seq="19">ship.<GreekSeq>20</GreekSeq></word></ESV></verse></chapter></book>