<?xml version="1.0" encoding="UTF-8" standalone="no"?><book><chapter number="15">'<verse number="1"><ESV><word seq="1">But<GreekSeq>1</GreekSeq></word><word seq="2">some men<GreekSeq>2</GreekSeq></word><word seq="3">came down<GreekSeq>3</GreekSeq></word><word seq="4">from<GreekSeq>4</GreekSeq></word><word seq="5">Judea<GreekSeq>6</GreekSeq></word><word seq="6">and</word><word seq="7">were teaching<GreekSeq>7</GreekSeq></word><word seq="8">the<GreekSeq>8</GreekSeq></word><word seq="9">brothers,<GreekSeq>9</GreekSeq></word><word seq="10" note="ἐὰν μή Strong Code (3362)">“Unless<GreekSeq>11</GreekSeq><GreekSeq>12</GreekSeq></word><word seq="11">you are circumcised<GreekSeq>13</GreekSeq></word><word seq="12">according to the<GreekSeq>14</GreekSeq></word><word seq="13">custom<GreekSeq>15</GreekSeq></word><word seq="14">of Moses,<GreekSeq>17</GreekSeq></word><word seq="15">you cannot<GreekSeq>18</GreekSeq><GreekSeq>19</GreekSeq></word><word seq="16">be saved.”<GreekSeq>20</GreekSeq></word></ESV></verse>
<verse number="2"><ESV><word seq="1">And<GreekSeq>2</GreekSeq></word><word seq="2">after</word><word seq="3">Paul<GreekSeq>9</GreekSeq></word><word seq="4">and<GreekSeq>4</GreekSeq></word><word seq="5">Barnabas<GreekSeq>12</GreekSeq></word><word seq="6">had<GreekSeq>1</GreekSeq></word><word seq="7">no<GreekSeq>6</GreekSeq></word><word seq="8">small<GreekSeq>7</GreekSeq></word><word seq="9">dissension<GreekSeq>3</GreekSeq></word><word seq="10">and<GreekSeq>10</GreekSeq></word><word seq="11">debate<GreekSeq>5</GreekSeq></word><word seq="12">with<GreekSeq>13</GreekSeq></word><word seq="13">them,<GreekSeq>14</GreekSeq></word><word seq="14">Paul<GreekSeq>17</GreekSeq></word><word seq="15">and<GreekSeq>18</GreekSeq></word><word seq="16">Barnabas<GreekSeq>19</GreekSeq></word><word seq="17">and<GreekSeq>20</GreekSeq></word><word seq="18">some<GreekSeq>21</GreekSeq></word><word seq="19">of<GreekSeq>23</GreekSeq></word><word seq="20">the</word><word seq="21">others<GreekSeq>22</GreekSeq></word><word seq="22">were appointed<GreekSeq>15</GreekSeq></word><word seq="23">to go up<GreekSeq>16</GreekSeq></word><word seq="24">to<GreekSeq>30</GreekSeq></word><word seq="25">Jerusalem<GreekSeq>31</GreekSeq></word><word seq="26">to<GreekSeq>25</GreekSeq></word><word seq="27">the<GreekSeq>26</GreekSeq></word><word seq="28">apostles<GreekSeq>27</GreekSeq></word><word seq="29">and<GreekSeq>28</GreekSeq></word><word seq="30">the elders<GreekSeq>29</GreekSeq></word><word seq="31">about<GreekSeq>32</GreekSeq></word><word seq="32">this<GreekSeq>35</GreekSeq></word><word seq="33">question.<GreekSeq>34</GreekSeq></word></ESV></verse>
<verse number="3"><ESV><word seq="1">So,<GreekSeq>3</GreekSeq></word><word seq="2">being sent on their way<GreekSeq>4</GreekSeq></word><word seq="3">by<GreekSeq>5</GreekSeq></word><word seq="4">the<GreekSeq>6</GreekSeq></word><word seq="5">church,<GreekSeq>7</GreekSeq></word><word seq="6">they passed through<GreekSeq>8</GreekSeq></word><word seq="7">both<GreekSeq>10</GreekSeq></word><word seq="8">Phoenicia<GreekSeq>11</GreekSeq></word><word seq="9">and<GreekSeq>12</GreekSeq></word><word seq="10">Samaria,<GreekSeq>13</GreekSeq></word><word seq="11">describing in detail<GreekSeq>14</GreekSeq></word><word seq="12">the<GreekSeq>15</GreekSeq></word><word seq="13">conversion<GreekSeq>16</GreekSeq></word><word seq="14">of the<GreekSeq>17</GreekSeq></word><word seq="15">Gentiles,<GreekSeq>18</GreekSeq></word><word seq="16">and<GreekSeq>19</GreekSeq></word><word seq="17">brought<GreekSeq>20</GreekSeq></word><word seq="18">great<GreekSeq>22</GreekSeq></word><word seq="19">joy<GreekSeq>21</GreekSeq></word><word seq="20">to all<GreekSeq>23</GreekSeq></word><word seq="21">the<GreekSeq>24</GreekSeq></word><word seq="22">brothers.<GreekSeq>25</GreekSeq></word></ESV></verse>
<verse number="4"><ESV><word seq="1">When they came<GreekSeq>1</GreekSeq></word><word seq="2">to<GreekSeq>3</GreekSeq></word><word seq="3">Jerusalem,<GreekSeq>4</GreekSeq></word><word seq="4">they were welcomed<GreekSeq>5</GreekSeq></word><word seq="5">by<GreekSeq>6</GreekSeq></word><word seq="6">the<GreekSeq>7</GreekSeq></word><word seq="7">church<GreekSeq>8</GreekSeq></word><word seq="8">and<GreekSeq>9</GreekSeq></word><word seq="9">the<GreekSeq>10</GreekSeq></word><word seq="10">apostles<GreekSeq>11</GreekSeq></word><word seq="11">and<GreekSeq>12</GreekSeq></word><word seq="12">the<GreekSeq>13</GreekSeq></word><word seq="13">elders,<GreekSeq>14</GreekSeq></word><word seq="14">and<GreekSeq>16</GreekSeq></word><word seq="15">they declared<GreekSeq>15</GreekSeq></word><word seq="16">all that<GreekSeq>17</GreekSeq></word><word seq="17">God<GreekSeq>19</GreekSeq></word><word seq="18">had done<GreekSeq>20</GreekSeq></word><word seq="19">with<GreekSeq>21</GreekSeq></word><word seq="20">them.<GreekSeq>22</GreekSeq></word></ESV></verse>
<verse number="5"><ESV><word seq="1">But<GreekSeq>2</GreekSeq></word><word seq="2">some<GreekSeq>3</GreekSeq></word><word seq="3">believers<GreekSeq>10</GreekSeq></word><word seq="4">who<GreekSeq>4</GreekSeq></word><word seq="5">belonged to<GreekSeq>5</GreekSeq></word><word seq="6">the<GreekSeq>6</GreekSeq></word><word seq="7">party<GreekSeq>7</GreekSeq></word><word seq="8">of the<GreekSeq>8</GreekSeq></word><word seq="9">Pharisees<GreekSeq>9</GreekSeq></word><word seq="10">rose up<GreekSeq>1</GreekSeq></word><word seq="11">and</word><word seq="12">said,<GreekSeq>11</GreekSeq></word><word seq="13">“It is necessary<GreekSeq>13</GreekSeq></word><word seq="14">to circumcise<GreekSeq>14</GreekSeq></word><word seq="15">them<GreekSeq>15</GreekSeq></word><word seq="16">and<GreekSeq>17</GreekSeq></word><word seq="17">to order<GreekSeq>16</GreekSeq></word><word seq="18">them</word><word seq="19">to keep<GreekSeq>18</GreekSeq></word><word seq="20">the<GreekSeq>19</GreekSeq></word><word seq="21">law<GreekSeq>20</GreekSeq></word><word seq="22">of Moses.”<GreekSeq>21</GreekSeq></word></ESV></verse>
<verse number="6"><ESV><word seq="1">The<GreekSeq>3</GreekSeq></word><word seq="2">apostles<GreekSeq>4</GreekSeq></word><word seq="3">and<GreekSeq>5</GreekSeq></word><word seq="4">the<GreekSeq>6</GreekSeq></word><word seq="5">elders<GreekSeq>7</GreekSeq></word><word seq="6">were gathered together<GreekSeq>1</GreekSeq></word><word seq="7">to consider<GreekSeq>8</GreekSeq></word><word seq="8">this<GreekSeq>12</GreekSeq></word><word seq="9">matter.<GreekSeq>11</GreekSeq></word></ESV></verse>
<verse number="7"><ESV><word seq="1">And<GreekSeq>2</GreekSeq></word><word seq="2">after</word><word seq="3">there had been<GreekSeq>4</GreekSeq></word><word seq="4">much<GreekSeq>1</GreekSeq></word><word seq="5">debate,<GreekSeq>3</GreekSeq></word><word seq="6">Peter<GreekSeq>6</GreekSeq></word><word seq="7">stood up<GreekSeq>5</GreekSeq></word><word seq="8">and</word><word seq="9">said<GreekSeq>7</GreekSeq></word><word seq="10">to<GreekSeq>8</GreekSeq></word><word seq="11">them,<GreekSeq>9</GreekSeq></word><word seq="12">“Brothers,<GreekSeq>11</GreekSeq></word><word seq="13">you<GreekSeq>12</GreekSeq></word><word seq="14">know<GreekSeq>13</GreekSeq></word><word seq="15">that</word><word seq="16">in<GreekSeq>15</GreekSeq></word><word seq="17">the</word><word seq="18">early<GreekSeq>17</GreekSeq></word><word seq="19">days<GreekSeq>16</GreekSeq></word><word seq="20">God<GreekSeq>22</GreekSeq></word><word seq="21">made a choice<GreekSeq>20</GreekSeq></word><word seq="22">among<GreekSeq>18</GreekSeq></word><word seq="23">you,<GreekSeq>19</GreekSeq></word><word seq="24">that<GreekSeq>14</GreekSeq></word><word seq="25">by<GreekSeq>23</GreekSeq></word><word seq="26">my<GreekSeq>26</GreekSeq></word><word seq="27">mouth<GreekSeq>25</GreekSeq></word><word seq="28">the<GreekSeq>28</GreekSeq></word><word seq="29">Gentiles<GreekSeq>29</GreekSeq></word><word seq="30">should hear<GreekSeq>27</GreekSeq></word><word seq="31">the<GreekSeq>30</GreekSeq></word><word seq="32">word<GreekSeq>31</GreekSeq></word><word seq="33">of the<GreekSeq>32</GreekSeq></word><word seq="34">gospel<GreekSeq>33</GreekSeq></word><word seq="35">and<GreekSeq>34</GreekSeq></word><word seq="36">believe.<GreekSeq>35</GreekSeq></word></ESV></verse>
<verse number="8"><ESV><word seq="1">And<GreekSeq>1</GreekSeq></word><word seq="2">God,<GreekSeq>4</GreekSeq></word><word seq="3">who knows the heart,<GreekSeq>3</GreekSeq></word><word seq="4">bore witness<GreekSeq>5</GreekSeq></word><word seq="5">to them,<GreekSeq>6</GreekSeq></word><word seq="6">by giving<GreekSeq>7</GreekSeq></word><word seq="7">them<GreekSeq>6</GreekSeq></word><word seq="8">the<GreekSeq>8</GreekSeq></word><word seq="9">Holy<GreekSeq>11</GreekSeq></word><word seq="10">Spirit<GreekSeq>9</GreekSeq></word><word seq="11">just as<GreekSeq>12</GreekSeq></word><word seq="12">he did</word><word seq="13">to us,<GreekSeq>14</GreekSeq></word></ESV></verse>
<verse number="9"><ESV><word seq="1">and<GreekSeq>1</GreekSeq></word><word seq="2">he made<GreekSeq>3</GreekSeq></word><word seq="3">no<GreekSeq>2</GreekSeq></word><word seq="4">distinction<GreekSeq>3</GreekSeq></word><word seq="5">between<GreekSeq>4</GreekSeq></word><word seq="6">us<GreekSeq>5</GreekSeq></word><word seq="7">and<GreekSeq>7</GreekSeq></word><word seq="8">them,<GreekSeq>8</GreekSeq></word><word seq="9">having cleansed<GreekSeq>11</GreekSeq></word><word seq="10">their<GreekSeq>14</GreekSeq></word><word seq="11">hearts<GreekSeq>13</GreekSeq></word><word seq="12">by faith.<GreekSeq>10</GreekSeq></word></ESV></verse>
<verse number="10"><ESV><word seq="1">Now,<GreekSeq>1</GreekSeq></word><word seq="2">therefore,<GreekSeq>2</GreekSeq></word><word seq="3">why<GreekSeq>3</GreekSeq></word><word seq="4">are you putting<GreekSeq>4</GreekSeq></word><word seq="5">God<GreekSeq>6</GreekSeq></word><word seq="6">to the test<GreekSeq>4</GreekSeq></word><word seq="7">by placing<GreekSeq>7</GreekSeq></word><word seq="8">a yoke<GreekSeq>8</GreekSeq></word><word seq="9">on<GreekSeq>9</GreekSeq></word><word seq="10">the<GreekSeq>10</GreekSeq></word><word seq="11">neck<GreekSeq>11</GreekSeq></word><word seq="12">of the<GreekSeq>12</GreekSeq></word><word seq="13">disciples<GreekSeq>13</GreekSeq></word><word seq="14">that<GreekSeq>14</GreekSeq></word><word seq="15">neither<GreekSeq>15</GreekSeq></word><word seq="16">our<GreekSeq>18</GreekSeq></word><word seq="17">fathers<GreekSeq>17</GreekSeq></word><word seq="18">nor<GreekSeq>19</GreekSeq></word><word seq="19">we<GreekSeq>20</GreekSeq></word><word seq="20">have been able<GreekSeq>21</GreekSeq></word><word seq="21">to bear?<GreekSeq>22</GreekSeq></word></ESV></verse>
<verse number="11"><ESV><word seq="1">But<GreekSeq>1</GreekSeq></word><word seq="2">we believe<GreekSeq>8</GreekSeq></word><word seq="3">that we will</word><word seq="4">be saved<GreekSeq>9</GreekSeq></word><word seq="5">through<GreekSeq>2</GreekSeq></word><word seq="6">the<GreekSeq>3</GreekSeq></word><word seq="7">grace<GreekSeq>4</GreekSeq></word><word seq="8">of the<GreekSeq>5</GreekSeq></word><word seq="9">Lord<GreekSeq>6</GreekSeq></word><word seq="10">Jesus,<GreekSeq>7</GreekSeq></word><word seq="11">just as<GreekSeq>10</GreekSeq><GreekSeq>11</GreekSeq><GreekSeq>12</GreekSeq></word><word seq="12">they<GreekSeq>13</GreekSeq></word><word seq="13">will.”</word></ESV></verse>
<verse number="12"><ESV><word seq="1">And<GreekSeq>2</GreekSeq></word><word seq="2">all<GreekSeq>3</GreekSeq></word><word seq="3">the<GreekSeq>4</GreekSeq></word><word seq="4">assembly<GreekSeq>5</GreekSeq></word><word seq="5">fell silent,<GreekSeq>1</GreekSeq></word><word seq="6">and<GreekSeq>6</GreekSeq></word><word seq="7">they listened to<GreekSeq>7</GreekSeq></word><word seq="8">Barnabas<GreekSeq>8</GreekSeq></word><word seq="9">and<GreekSeq>9</GreekSeq></word><word seq="10">Paul<GreekSeq>10</GreekSeq></word><word seq="11">as they related<GreekSeq>11</GreekSeq></word><word seq="12">what<GreekSeq>12</GreekSeq></word><word seq="13">signs<GreekSeq>16</GreekSeq></word><word seq="14">and<GreekSeq>17</GreekSeq></word><word seq="15">wonders<GreekSeq>18</GreekSeq></word><word seq="16">God<GreekSeq>15</GreekSeq></word><word seq="17">had done<GreekSeq>13</GreekSeq></word><word seq="18">through<GreekSeq>22</GreekSeq></word><word seq="19">them<GreekSeq>23</GreekSeq></word><word seq="20">among<GreekSeq>19</GreekSeq></word><word seq="21">the<GreekSeq>20</GreekSeq></word><word seq="22">Gentiles.<GreekSeq>21</GreekSeq></word></ESV></verse>
<verse number="13"><ESV><word seq="1">After<GreekSeq>1</GreekSeq></word><word seq="2">they<GreekSeq>5</GreekSeq></word><word seq="3">[finished speaking],<GreekSeq>4</GreekSeq></word><word seq="4">James<GreekSeq>7</GreekSeq></word><word seq="5">replied,<GreekSeq>6</GreekSeq></word><word seq="6">“Brothers,<GreekSeq>10</GreekSeq></word><word seq="7">listen to<GreekSeq>11</GreekSeq></word><word seq="8">me.<GreekSeq>12</GreekSeq></word></ESV></verse>
<verse number="14"><ESV><word seq="1">Simeon<GreekSeq>1</GreekSeq></word><word seq="2">has related<GreekSeq>2</GreekSeq></word><word seq="3">how<GreekSeq>3</GreekSeq></word><word seq="4">God<GreekSeq>6</GreekSeq></word><word seq="5">first<GreekSeq>4</GreekSeq></word><word seq="6">visited<GreekSeq>7</GreekSeq></word><word seq="7">the Gentiles,<GreekSeq>10</GreekSeq></word><word seq="8">to take<GreekSeq>8</GreekSeq></word><word seq="9">from<GreekSeq>9</GreekSeq></word><word seq="10">them</word><word seq="11">a people<GreekSeq>11</GreekSeq></word><word seq="12" note="Base of different Greek: ἐπὶ(1909)">for</word><word seq="13">his<GreekSeq>14</GreekSeq></word><word seq="14">name.<GreekSeq>13</GreekSeq></word></ESV></verse>
<verse number="15"><ESV><word seq="1">And<GreekSeq>1</GreekSeq></word><word seq="2">with this<GreekSeq>2</GreekSeq></word><word seq="3">the<GreekSeq>4</GreekSeq></word><word seq="4">words<GreekSeq>5</GreekSeq></word><word seq="5">of the<GreekSeq>6</GreekSeq></word><word seq="6">prophets<GreekSeq>7</GreekSeq></word><word seq="7">agree,<GreekSeq>3</GreekSeq></word><word seq="8">just as<GreekSeq>8</GreekSeq></word><word seq="9">it is written,<GreekSeq>9</GreekSeq></word></ESV></verse>
<verse number="16"><ESV><word seq="1">‘After<GreekSeq>1</GreekSeq></word><word seq="2">this<GreekSeq>2</GreekSeq></word><word seq="3">I will return,<GreekSeq>3</GreekSeq></word><word seq="4">and<GreekSeq>4</GreekSeq></word><word seq="5">I will rebuild<GreekSeq>5</GreekSeq></word><word seq="6">the<GreekSeq>6</GreekSeq></word><word seq="7">tent<GreekSeq>7</GreekSeq></word><word seq="8">of David<GreekSeq>8</GreekSeq></word><word seq="9">that has fallen;<GreekSeq>10</GreekSeq></word><word seq="10">I will rebuild<GreekSeq>15</GreekSeq></word><word seq="11">its<GreekSeq>14</GreekSeq></word><word seq="12">ruins,<GreekSeq>13</GreekSeq></word><word seq="13">and<GreekSeq>16</GreekSeq></word><word seq="14">I will restore<GreekSeq>17</GreekSeq></word><word seq="15">it,<GreekSeq>18</GreekSeq></word></ESV></verse>
<verse number="17"><ESV><word seq="1">that<GreekSeq>1</GreekSeq></word><word seq="2">the<GreekSeq>4</GreekSeq></word><word seq="3">remnant<GreekSeq>5</GreekSeq></word><word seq="4">of mankind<GreekSeq>7</GreekSeq></word><word seq="5">may seek<GreekSeq>3</GreekSeq></word><word seq="6">the<GreekSeq>8</GreekSeq></word><word seq="7">Lord,<GreekSeq>9</GreekSeq></word><word seq="8">and<GreekSeq>10</GreekSeq></word><word seq="9">all<GreekSeq>11</GreekSeq></word><word seq="10">the<GreekSeq>12</GreekSeq></word><word seq="11">Gentiles<GreekSeq>13</GreekSeq></word><word seq="12">who<GreekSeq>15</GreekSeq></word><word seq="13">are called<GreekSeq>16</GreekSeq></word><word seq="14">by<GreekSeq>14</GreekSeq></word><word seq="15">my<GreekSeq>19</GreekSeq></word><word seq="16">name,<GreekSeq>18</GreekSeq></word><word seq="17">says<GreekSeq>22</GreekSeq></word><word seq="18">the Lord,<GreekSeq>23</GreekSeq></word><word seq="19">who<GreekSeq>4</GreekSeq></word><word seq="20">makes<GreekSeq>24</GreekSeq></word><word seq="21">these things<GreekSeq>25</GreekSeq></word></ESV></verse>
<verse number="18"><ESV><word seq="1">known<GreekSeq>1</GreekSeq></word><word seq="2">from<GreekSeq>2</GreekSeq></word><word seq="3">of old.’<GreekSeq>3</GreekSeq></word></ESV></verse>
<verse number="19"><ESV><word seq="1">Therefore<GreekSeq>1</GreekSeq></word><word seq="2">my<GreekSeq>2</GreekSeq></word><word seq="3">judgment is<GreekSeq>3</GreekSeq></word><word seq="4">that we should</word><word seq="5">not<GreekSeq>4</GreekSeq></word><word seq="6">trouble<GreekSeq>5</GreekSeq></word><word seq="7">those<GreekSeq>6</GreekSeq></word><word seq="8">of<GreekSeq>7</GreekSeq></word><word seq="9">the<GreekSeq>8</GreekSeq></word><word seq="10">Gentiles<GreekSeq>9</GreekSeq></word><word seq="11">who turn<GreekSeq>10</GreekSeq></word><word seq="12">to<GreekSeq>11</GreekSeq></word><word seq="13">God,<GreekSeq>13</GreekSeq></word></ESV></verse>
<verse number="20"><ESV><word seq="1">but<GreekSeq>1</GreekSeq></word><word seq="2">should</word><word seq="3">write<GreekSeq>2</GreekSeq></word><word seq="4">to them<GreekSeq>3</GreekSeq></word><word seq="5">to abstain<GreekSeq>5</GreekSeq></word><word seq="6" note="Base of different Greek: ἀπὸ(575)">from</word><word seq="7">the<GreekSeq>6</GreekSeq></word><word seq="8">things polluted<GreekSeq>7</GreekSeq></word><word seq="9">by idols,<GreekSeq>9</GreekSeq></word><word seq="10">and<GreekSeq>10</GreekSeq></word><word seq="11">from</word><word seq="12">sexual immorality,<GreekSeq>12</GreekSeq></word><word seq="13">and<GreekSeq>13</GreekSeq></word><word seq="14">from</word><word seq="15">what has been strangled,<GreekSeq>14</GreekSeq><GreekSeq>15</GreekSeq></word><word seq="16">and<GreekSeq>16</GreekSeq></word><word seq="17">from</word><word seq="18">blood.<GreekSeq>18</GreekSeq></word></ESV></verse>
<verse number="21"><ESV><word seq="1">For<GreekSeq>2</GreekSeq></word><word seq="2">from<GreekSeq>3</GreekSeq></word><word seq="3">ancient<GreekSeq>5</GreekSeq></word><word seq="4">generations<GreekSeq>4</GreekSeq></word><word seq="5">Moses<GreekSeq>1</GreekSeq></word><word seq="6">has had<GreekSeq>11</GreekSeq></word><word seq="7">in every<GreekSeq>6</GreekSeq></word><word seq="8">city<GreekSeq>7</GreekSeq></word><word seq="9">those<GreekSeq>8</GreekSeq></word><word seq="10">who proclaim<GreekSeq>9</GreekSeq></word><word seq="11">him,<GreekSeq>10</GreekSeq></word><word seq="12">for</word><word seq="13">he is read<GreekSeq>18</GreekSeq></word><word seq="14">every<GreekSeq>16</GreekSeq></word><word seq="15">Sabbath<GreekSeq>17</GreekSeq></word><word seq="16">in<GreekSeq>12</GreekSeq></word><word seq="17">the<GreekSeq>13</GreekSeq></word><word seq="18">synagogues.”<GreekSeq>14</GreekSeq></word></ESV></verse>
<verse number="22"><ESV><word seq="1">Then<GreekSeq>1</GreekSeq></word><word seq="2">it seemed good<GreekSeq>2</GreekSeq></word><word seq="3">to the<GreekSeq>3</GreekSeq></word><word seq="4">apostles<GreekSeq>4</GreekSeq></word><word seq="5">and<GreekSeq>5</GreekSeq></word><word seq="6">the<GreekSeq>6</GreekSeq></word><word seq="7">elders,<GreekSeq>7</GreekSeq></word><word seq="8">with<GreekSeq>8</GreekSeq></word><word seq="9">the<GreekSeq>10</GreekSeq></word><word seq="10">whole<GreekSeq>9</GreekSeq></word><word seq="11">church,<GreekSeq>11</GreekSeq></word><word seq="12">to choose<GreekSeq>12</GreekSeq></word><word seq="13">men<GreekSeq>13</GreekSeq></word><word seq="14">from among<GreekSeq>14</GreekSeq></word><word seq="15">them<GreekSeq>15</GreekSeq></word><word seq="16">and</word><word seq="17">send<GreekSeq>16</GreekSeq></word><word seq="18">them</word><word seq="19">to<GreekSeq>17</GreekSeq></word><word seq="20">Antioch<GreekSeq>18</GreekSeq></word><word seq="21">with<GreekSeq>19</GreekSeq></word><word seq="22">Paul<GreekSeq>21</GreekSeq></word><word seq="23">and<GreekSeq>22</GreekSeq></word><word seq="24">Barnabas.<GreekSeq>23</GreekSeq></word><word seq="25">They sent</word><word seq="26">Judas<GreekSeq>24</GreekSeq></word><word seq="27">called<GreekSeq>26</GreekSeq></word><word seq="28">Barsabbas,<GreekSeq>27</GreekSeq></word><word seq="29">and<GreekSeq>28</GreekSeq></word><word seq="30">Silas,<GreekSeq>29</GreekSeq></word><word seq="31">leading<GreekSeq>31</GreekSeq></word><word seq="32">men<GreekSeq>30</GreekSeq></word><word seq="33">among<GreekSeq>32</GreekSeq></word><word seq="34">the<GreekSeq>33</GreekSeq></word><word seq="35">brothers,<GreekSeq>34</GreekSeq></word></ESV></verse>
<verse number="23"><ESV><word seq="1">with<GreekSeq>2</GreekSeq></word><word seq="2">the<GreekSeq>4</GreekSeq></word><word seq="3" note="Base of different Greek: τάδε(3592)">following</word><word seq="4">[letter]:<GreekSeq>1</GreekSeq></word><word seq="5">“The brothers,<GreekSeq>10</GreekSeq></word><word seq="6">both<GreekSeq>7</GreekSeq></word><word seq="7">the<GreekSeq>5</GreekSeq></word><word seq="8">apostles<GreekSeq>6</GreekSeq></word><word seq="9">and<GreekSeq>15</GreekSeq></word><word seq="10">the<GreekSeq>8</GreekSeq></word><word seq="11">elders,<GreekSeq>9</GreekSeq></word><word seq="12">to the<GreekSeq>11</GreekSeq></word><word seq="13">brothers<GreekSeq>19</GreekSeq></word><word seq="14">who<GreekSeq>20</GreekSeq></word><word seq="15">are</word><word seq="16">of<GreekSeq>21</GreekSeq></word><word seq="17">the Gentiles<GreekSeq>22</GreekSeq></word><word seq="18">in<GreekSeq>12</GreekSeq></word><word seq="19">Antioch<GreekSeq>14</GreekSeq></word><word seq="20">and<GreekSeq>17</GreekSeq></word><word seq="21">Syria<GreekSeq>16</GreekSeq></word><word seq="22">and<GreekSeq>17</GreekSeq></word><word seq="23">Cilicia,<GreekSeq>18</GreekSeq></word><word seq="24">greetings.<GreekSeq>23</GreekSeq></word></ESV></verse>
<verse number="24"><ESV><word seq="1">Since<GreekSeq>1</GreekSeq></word><word seq="2">we have heard<GreekSeq>2</GreekSeq></word><word seq="3">that<GreekSeq>3</GreekSeq></word><word seq="4">some persons<GreekSeq>4</GreekSeq></word><word seq="5">have gone out<GreekSeq>7</GreekSeq></word><word seq="6">from<GreekSeq>5</GreekSeq></word><word seq="7">us<GreekSeq>6</GreekSeq></word><word seq="8">and</word><word seq="9">troubled<GreekSeq>8</GreekSeq></word><word seq="10">you<GreekSeq>9</GreekSeq></word><word seq="11">with words,<GreekSeq>10</GreekSeq></word><word seq="12">unsettling<GreekSeq>11</GreekSeq></word><word seq="13">your<GreekSeq>14</GreekSeq></word><word seq="14">minds,<GreekSeq>13</GreekSeq></word><word seq="15">although</word><word seq="16">we gave<GreekSeq>17</GreekSeq></word><word seq="17">them<GreekSeq>15</GreekSeq></word><word seq="18">no<GreekSeq>16</GreekSeq></word><word seq="19">instructions,<GreekSeq>17</GreekSeq></word></ESV></verse>
<verse number="25"><ESV><word seq="1">it has seemed good<GreekSeq>1</GreekSeq></word><word seq="2">to us,<GreekSeq>2</GreekSeq></word><word seq="3">having come<GreekSeq>3</GreekSeq></word><word seq="4">to one accord,<GreekSeq>4</GreekSeq></word><word seq="5">to choose<GreekSeq>5</GreekSeq></word><word seq="6">men<GreekSeq>6</GreekSeq></word><word seq="7">and</word><word seq="8">send<GreekSeq>7</GreekSeq></word><word seq="9">them</word><word seq="10">to<GreekSeq>8</GreekSeq></word><word seq="11">you<GreekSeq>9</GreekSeq></word><word seq="12">with<GreekSeq>10</GreekSeq></word><word seq="13">our<GreekSeq>13</GreekSeq></word><word seq="14">beloved<GreekSeq>12</GreekSeq></word><word seq="15">Barnabas<GreekSeq>14</GreekSeq></word><word seq="16">and<GreekSeq>15</GreekSeq></word><word seq="17">Paul,<GreekSeq>16</GreekSeq></word></ESV></verse>
<verse number="26"><ESV><word seq="1">men<GreekSeq>1</GreekSeq></word><word seq="2">who have risked<GreekSeq>2</GreekSeq></word><word seq="3">their<GreekSeq>5</GreekSeq></word><word seq="4">lives<GreekSeq>4</GreekSeq></word><word seq="5">for<GreekSeq>6</GreekSeq></word><word seq="6">the<GreekSeq>7</GreekSeq></word><word seq="7">name<GreekSeq>8</GreekSeq></word><word seq="8">of<GreekSeq>10</GreekSeq></word><word seq="9">our<GreekSeq>11</GreekSeq></word><word seq="10">Lord<GreekSeq>10</GreekSeq></word><word seq="11">Jesus<GreekSeq>12</GreekSeq></word><word seq="12">Christ.<GreekSeq>13</GreekSeq></word></ESV></verse>
<verse number="27"><ESV><word seq="1">We have<GreekSeq>1</GreekSeq></word><word seq="2">therefore<GreekSeq>2</GreekSeq></word><word seq="3">sent<GreekSeq>1</GreekSeq></word><word seq="4">Judas<GreekSeq>3</GreekSeq></word><word seq="5">and<GreekSeq>4</GreekSeq></word><word seq="6">Silas,<GreekSeq>5</GreekSeq></word><word seq="7">who<GreekSeq>10</GreekSeq></word><word seq="8">themselves<GreekSeq>7</GreekSeq></word><word seq="9">will tell<GreekSeq>10</GreekSeq></word><word seq="10">you</word><word seq="11">the<GreekSeq>11</GreekSeq></word><word seq="12">same things<GreekSeq>12</GreekSeq></word><word seq="13">by<GreekSeq>8</GreekSeq></word><word seq="14">word<GreekSeq>9</GreekSeq></word><word seq="15">of mouth.</word></ESV></verse>
<verse number="28"><ESV><word seq="1">For<GreekSeq>2</GreekSeq></word><word seq="2">it has seemed good<GreekSeq>1</GreekSeq></word><word seq="3">to the<GreekSeq>3</GreekSeq></word><word seq="4">Holy<GreekSeq>6</GreekSeq></word><word seq="5">Spirit<GreekSeq>4</GreekSeq></word><word seq="6">and<GreekSeq>7</GreekSeq></word><word seq="7">to us<GreekSeq>8</GreekSeq></word><word seq="8">to lay on<GreekSeq>11</GreekSeq></word><word seq="9">you<GreekSeq>12</GreekSeq></word><word seq="10">no<GreekSeq>9</GreekSeq></word><word seq="11">greater<GreekSeq>10</GreekSeq></word><word seq="12">burden<GreekSeq>13</GreekSeq></word><word seq="13">than<GreekSeq>14</GreekSeq></word><word seq="14">these<GreekSeq>15</GreekSeq></word><word seq="15">requirements:<GreekSeq>16</GreekSeq><GreekSeq>17</GreekSeq></word></ESV></verse>
<verse number="29"><ESV><word seq="1">[that you] abstain from<GreekSeq>1</GreekSeq></word><word seq="2">what has been sacrificed to idols,<GreekSeq>2</GreekSeq></word><word seq="3">and<GreekSeq>3</GreekSeq></word><word seq="4">from</word><word seq="5">blood,<GreekSeq>4</GreekSeq></word><word seq="6">and<GreekSeq>5</GreekSeq></word><word seq="7">from what has been</word><word seq="8">strangled,<GreekSeq>6</GreekSeq></word><word seq="9">and<GreekSeq>7</GreekSeq></word><word seq="10">from</word><word seq="11">sexual immorality.<GreekSeq>8</GreekSeq></word><word seq="12">If you keep<GreekSeq>11</GreekSeq></word><word seq="13">yourselves<GreekSeq>12</GreekSeq></word><word seq="14">from<GreekSeq>9</GreekSeq></word><word seq="15">these,<GreekSeq>10</GreekSeq></word><word seq="16">you will do<GreekSeq>14</GreekSeq></word><word seq="17">well.<GreekSeq>13</GreekSeq></word><word seq="18">Farewell.”<GreekSeq>15</GreekSeq></word></ESV></verse>
<verse number="30"><ESV><word seq="1">So<GreekSeq>3</GreekSeq></word><word seq="2">when<GreekSeq>4</GreekSeq></word><word seq="3">they<GreekSeq>1</GreekSeq></word><word seq="4">were sent off,<GreekSeq>4</GreekSeq></word><word seq="5">they went down<GreekSeq>5</GreekSeq></word><word seq="6">to<GreekSeq>6</GreekSeq></word><word seq="7">Antioch,<GreekSeq>7</GreekSeq></word><word seq="8">and<GreekSeq>8</GreekSeq></word><word seq="9">having gathered<GreekSeq>9</GreekSeq></word><word seq="10">the<GreekSeq>10</GreekSeq></word><word seq="11">congregation<GreekSeq>11</GreekSeq></word><word seq="12">together,<GreekSeq>9</GreekSeq></word><word seq="13">they delivered<GreekSeq>12</GreekSeq></word><word seq="14">the<GreekSeq>13</GreekSeq></word><word seq="15">letter.<GreekSeq>14</GreekSeq></word></ESV></verse>
<verse number="31"><ESV><word seq="1">And<GreekSeq>2</GreekSeq></word><word seq="2">when they had read<GreekSeq>1</GreekSeq></word><word seq="3">it,</word><word seq="4">they rejoiced<GreekSeq>3</GreekSeq></word><word seq="5">because of<GreekSeq>4</GreekSeq></word><word seq="6">[its]<GreekSeq>5</GreekSeq></word><word seq="7">encouragement.<GreekSeq>6</GreekSeq></word></ESV></verse>
<verse number="32"><ESV><word seq="1">And<GreekSeq>2</GreekSeq></word><word seq="2">Judas<GreekSeq>1</GreekSeq></word><word seq="3">and<GreekSeq>3</GreekSeq></word><word seq="4">Silas,<GreekSeq>4</GreekSeq></word><word seq="5">who were<GreekSeq>8</GreekSeq></word><word seq="6">themselves<GreekSeq>6</GreekSeq></word><word seq="7">prophets,<GreekSeq>7</GreekSeq></word><word seq="8">encouraged<GreekSeq>12</GreekSeq></word><word seq="9">and<GreekSeq>15</GreekSeq></word><word seq="10">strengthened<GreekSeq>16</GreekSeq></word><word seq="11">the<GreekSeq>13</GreekSeq></word><word seq="12">brothers<GreekSeq>14</GreekSeq></word><word seq="13">with<GreekSeq>9</GreekSeq></word><word seq="14">many<GreekSeq>11</GreekSeq></word><word seq="15">words.<GreekSeq>10</GreekSeq></word></ESV></verse>
<verse number="33"><ESV><word seq="1">And<GreekSeq>2</GreekSeq></word><word seq="2">after</word><word seq="3">they had spent<GreekSeq>1</GreekSeq></word><word seq="4">some time,<GreekSeq>3</GreekSeq></word><word seq="5">they were sent off<GreekSeq>4</GreekSeq></word><word seq="6">in<GreekSeq>5</GreekSeq></word><word seq="7">peace<GreekSeq>6</GreekSeq></word><word seq="8">by<GreekSeq>7</GreekSeq></word><word seq="9">the<GreekSeq>8</GreekSeq></word><word seq="10">brothers<GreekSeq>9</GreekSeq></word><word seq="11">to<GreekSeq>10</GreekSeq></word><word seq="12">those<GreekSeq>11</GreekSeq></word><word seq="13">who had sent<GreekSeq>12</GreekSeq></word><word seq="14">them.<GreekSeq>13</GreekSeq></word></ESV></verse>
<verse number="34"><ESV><word seq="1">Missing text<GreekSeq>1</GreekSeq></word></ESV></verse>
<verse number="35"><ESV><word seq="1">But<GreekSeq>2</GreekSeq></word><word seq="2">Paul<GreekSeq>1</GreekSeq></word><word seq="3">and<GreekSeq>3</GreekSeq></word><word seq="4">Barnabas<GreekSeq>4</GreekSeq></word><word seq="5">remained<GreekSeq>5</GreekSeq></word><word seq="6">in<GreekSeq>6</GreekSeq></word><word seq="7">Antioch,<GreekSeq>7</GreekSeq></word><word seq="8">teaching<GreekSeq>8</GreekSeq></word><word seq="9">and<GreekSeq>9</GreekSeq></word><word seq="10">preaching<GreekSeq>10</GreekSeq></word><word seq="11">the<GreekSeq>15</GreekSeq></word><word seq="12">word<GreekSeq>16</GreekSeq></word><word seq="13">of the<GreekSeq>17</GreekSeq></word><word seq="14">Lord,<GreekSeq>18</GreekSeq></word><word seq="15">with<GreekSeq>11</GreekSeq></word><word seq="16">many<GreekSeq>14</GreekSeq></word><word seq="17">others<GreekSeq>13</GreekSeq></word><word seq="18">also.<GreekSeq>12</GreekSeq></word></ESV></verse>
<verse number="36"><ESV><word seq="1">And<GreekSeq>2</GreekSeq></word><word seq="2">after<GreekSeq>1</GreekSeq></word><word seq="3">some<GreekSeq>3</GreekSeq></word><word seq="4">days<GreekSeq>4</GreekSeq></word><word seq="5">Paul<GreekSeq>8</GreekSeq></word><word seq="6">said<GreekSeq>5</GreekSeq></word><word seq="7">to<GreekSeq>6</GreekSeq></word><word seq="8">Barnabas,<GreekSeq>7</GreekSeq></word><word seq="9">“Let us<GreekSeq>11</GreekSeq></word><word seq="10">return<GreekSeq>9</GreekSeq></word><word seq="11">and</word><word seq="12">visit<GreekSeq>11</GreekSeq></word><word seq="13">the<GreekSeq>12</GreekSeq></word><word seq="14">brothers<GreekSeq>13</GreekSeq></word><word seq="15">in<GreekSeq>14</GreekSeq></word><word seq="16">every<GreekSeq>16</GreekSeq></word><word seq="17">city<GreekSeq>15</GreekSeq></word><word seq="18">where<GreekSeq>17</GreekSeq><GreekSeq>18</GreekSeq></word><word seq="19">we proclaimed<GreekSeq>19</GreekSeq></word><word seq="20">the<GreekSeq>20</GreekSeq></word><word seq="21">word<GreekSeq>21</GreekSeq></word><word seq="22">of the<GreekSeq>22</GreekSeq></word><word seq="23">Lord,<GreekSeq>23</GreekSeq></word><word seq="24">and see</word><word seq="25">how<GreekSeq>24</GreekSeq></word><word seq="26">they are.”<GreekSeq>25</GreekSeq></word></ESV></verse>
<verse number="37"><ESV><word seq="1">Now<GreekSeq>2</GreekSeq></word><word seq="2">Barnabas<GreekSeq>1</GreekSeq></word><word seq="3">wanted<GreekSeq>3</GreekSeq></word><word seq="4">to take with<GreekSeq>4</GreekSeq></word><word seq="5">them</word><word seq="6">John<GreekSeq>7</GreekSeq></word><word seq="7">called<GreekSeq>9</GreekSeq></word><word seq="8">Mark.<GreekSeq>10</GreekSeq></word></ESV></verse>
<verse number="38"><ESV><word seq="1">But<GreekSeq>2</GreekSeq></word><word seq="2">Paul<GreekSeq>1</GreekSeq></word><word seq="3">thought best<GreekSeq>3</GreekSeq></word><word seq="4">not<GreekSeq>11</GreekSeq></word><word seq="5">to take with<GreekSeq>18</GreekSeq></word><word seq="6">them</word><word seq="7">one<GreekSeq>19</GreekSeq></word><word seq="8">who had withdrawn<GreekSeq>5</GreekSeq></word><word seq="9">from<GreekSeq>6</GreekSeq></word><word seq="10">them<GreekSeq>7</GreekSeq></word><word seq="11">in<GreekSeq>8</GreekSeq></word><word seq="12">Pamphylia<GreekSeq>9</GreekSeq></word><word seq="13">and<GreekSeq>10</GreekSeq></word><word seq="14">had<GreekSeq>12</GreekSeq></word><word seq="15">not<GreekSeq>17</GreekSeq></word><word seq="16">gone with<GreekSeq>12</GreekSeq></word><word seq="17">them<GreekSeq>13</GreekSeq></word><word seq="18">to<GreekSeq>14</GreekSeq></word><word seq="19">the<GreekSeq>15</GreekSeq></word><word seq="20">work.<GreekSeq>16</GreekSeq></word></ESV></verse>
<verse number="39"><ESV><word seq="1">And<GreekSeq>2</GreekSeq></word><word seq="2">there arose<GreekSeq>1</GreekSeq></word><word seq="3">a sharp disagreement,<GreekSeq>3</GreekSeq></word><word seq="4">so that<GreekSeq>4</GreekSeq></word><word seq="5">they<GreekSeq>6</GreekSeq></word><word seq="6">separated<GreekSeq>5</GreekSeq></word><word seq="7">from<GreekSeq>7</GreekSeq></word><word seq="8">each other.<GreekSeq>8</GreekSeq></word><word seq="9">Barnabas<GreekSeq>11</GreekSeq></word><word seq="10">took<GreekSeq>12</GreekSeq></word><word seq="11">Mark<GreekSeq>14</GreekSeq></word><word seq="12">with him and</word><word seq="13">sailed away<GreekSeq>15</GreekSeq></word><word seq="14">to<GreekSeq>16</GreekSeq></word><word seq="15">Cyprus,<GreekSeq>17</GreekSeq></word></ESV></verse>
<verse number="40"><ESV><word seq="1">but<GreekSeq>2</GreekSeq></word><word seq="2">Paul<GreekSeq>1</GreekSeq></word><word seq="3">chose<GreekSeq>3</GreekSeq></word><word seq="4">Silas<GreekSeq>4</GreekSeq></word><word seq="5">and</word><word seq="6">departed,<GreekSeq>5</GreekSeq></word><word seq="7">having been commended<GreekSeq>6</GreekSeq></word><word seq="8">by<GreekSeq>11</GreekSeq></word><word seq="9">the<GreekSeq>12</GreekSeq></word><word seq="10">brothers<GreekSeq>13</GreekSeq></word><word seq="11">to the<GreekSeq>7</GreekSeq></word><word seq="12">grace<GreekSeq>8</GreekSeq></word><word seq="13">of the<GreekSeq>9</GreekSeq></word><word seq="14">Lord.<GreekSeq>10</GreekSeq></word></ESV></verse>
<verse number="41"><ESV><word seq="1">And<GreekSeq>2</GreekSeq></word><word seq="2">he went through<GreekSeq>1</GreekSeq></word><word seq="3">Syria<GreekSeq>4</GreekSeq></word><word seq="4">and<GreekSeq>5</GreekSeq></word><word seq="5">Cilicia,<GreekSeq>7</GreekSeq></word><word seq="6">strengthening<GreekSeq>8</GreekSeq></word><word seq="7">the<GreekSeq>9</GreekSeq></word><word seq="8">churches.<GreekSeq>10</GreekSeq></word></ESV></verse></chapter></book>