<?xml version="1.0" encoding="UTF-8" standalone="no"?><book><chapter number="3">'<verse number="1"><ESV><word seq="1">Now<GreekSeq>2</GreekSeq></word><word seq="2">Peter<GreekSeq>1</GreekSeq></word><word seq="3">and<GreekSeq>3</GreekSeq></word><word seq="4">John<GreekSeq>4</GreekSeq></word><word seq="5">were going up<GreekSeq>5</GreekSeq></word><word seq="6">to<GreekSeq>6</GreekSeq></word><word seq="7">the<GreekSeq>7</GreekSeq></word><word seq="8">temple<GreekSeq>8</GreekSeq></word><word seq="9">at<GreekSeq>9</GreekSeq></word><word seq="10">the<GreekSeq>10</GreekSeq></word><word seq="11">hour<GreekSeq>11</GreekSeq></word><word seq="12">of prayer,<GreekSeq>13</GreekSeq></word><word seq="13">the<GreekSeq>14</GreekSeq></word><word seq="14">ninth [hour].<GreekSeq>15</GreekSeq></word></ESV></verse>
<verse number="2"><ESV><word seq="1">And<GreekSeq>1</GreekSeq></word><word seq="2">a<GreekSeq>2</GreekSeq></word><word seq="3">man<GreekSeq>3</GreekSeq></word><word seq="4">lame<GreekSeq>4</GreekSeq></word><word seq="5">from<GreekSeq>5</GreekSeq></word><word seq="6">birth<GreekSeq>6</GreekSeq><GreekSeq>7</GreekSeq><GreekSeq>8</GreekSeq></word><word seq="7">was being carried,<GreekSeq>10</GreekSeq></word><word seq="8">whom<GreekSeq>11</GreekSeq></word><word seq="9">they laid<GreekSeq>12</GreekSeq></word><word seq="10">daily<GreekSeq>13</GreekSeq><GreekSeq>14</GreekSeq></word><word seq="11">at<GreekSeq>15</GreekSeq></word><word seq="12">the<GreekSeq>16</GreekSeq></word><word seq="13">gate<GreekSeq>17</GreekSeq></word><word seq="14">of the<GreekSeq>18</GreekSeq></word><word seq="15">temple<GreekSeq>19</GreekSeq></word><word seq="16">that is called<GreekSeq>21</GreekSeq></word><word seq="17">the<GreekSeq>20</GreekSeq></word><word seq="18">Beautiful [Gate]<GreekSeq>22</GreekSeq></word><word seq="19">to ask<GreekSeq>24</GreekSeq></word><word seq="20">alms<GreekSeq>25</GreekSeq></word><word seq="21">of<GreekSeq>26</GreekSeq></word><word seq="22">those<GreekSeq>27</GreekSeq></word><word seq="23">entering<GreekSeq>28</GreekSeq></word><word seq="24">the<GreekSeq>30</GreekSeq></word><word seq="25">temple.<GreekSeq>31</GreekSeq></word></ESV></verse>
<verse number="3"><ESV><word seq="1">Seeing<GreekSeq>2</GreekSeq></word><word seq="2">Peter<GreekSeq>3</GreekSeq></word><word seq="3">and<GreekSeq>4</GreekSeq></word><word seq="4">John<GreekSeq>5</GreekSeq></word><word seq="5">about<GreekSeq>6</GreekSeq></word><word seq="6">to go<GreekSeq>7</GreekSeq></word><word seq="7">into<GreekSeq>8</GreekSeq></word><word seq="8">the<GreekSeq>9</GreekSeq></word><word seq="9">temple,<GreekSeq>10</GreekSeq></word><word seq="10">he asked<GreekSeq>11</GreekSeq></word><word seq="11">to receive<GreekSeq>13</GreekSeq></word><word seq="12">alms.<GreekSeq>12</GreekSeq></word></ESV></verse>
<verse number="4"><ESV><word seq="1">And<GreekSeq>2</GreekSeq></word><word seq="2">Peter<GreekSeq>3</GreekSeq></word><word seq="3">directed his gaze<GreekSeq>1</GreekSeq></word><word seq="4">at<GreekSeq>4</GreekSeq></word><word seq="5">him,<GreekSeq>5</GreekSeq></word><word seq="6">as<GreekSeq>6</GreekSeq></word><word seq="7">did</word><word seq="8">John,<GreekSeq>8</GreekSeq></word><word seq="9">and</word><word seq="10">said,<GreekSeq>9</GreekSeq></word><word seq="11">“Look<GreekSeq>10</GreekSeq></word><word seq="12">at<GreekSeq>11</GreekSeq></word><word seq="13">us.”<GreekSeq>12</GreekSeq></word></ESV></verse>
<verse number="5"><ESV><word seq="1">And<GreekSeq>2</GreekSeq></word><word seq="2">he<GreekSeq>1</GreekSeq></word><word seq="3">fixed his attention<GreekSeq>3</GreekSeq></word><word seq="4">on them,<GreekSeq>4</GreekSeq></word><word seq="5">expecting<GreekSeq>5</GreekSeq></word><word seq="6">to receive<GreekSeq>9</GreekSeq></word><word seq="7">something<GreekSeq>6</GreekSeq></word><word seq="8">from<GreekSeq>7</GreekSeq></word><word seq="9">them.<GreekSeq>8</GreekSeq></word></ESV></verse>
<verse number="6"><ESV><word seq="1">But<GreekSeq>2</GreekSeq></word><word seq="2">Peter<GreekSeq>3</GreekSeq></word><word seq="3">said,<GreekSeq>1</GreekSeq></word><word seq="4">“I<GreekSeq>9</GreekSeq></word><word seq="5">have<GreekSeq>8</GreekSeq></word><word seq="6">no<GreekSeq>7</GreekSeq></word><word seq="7">silver<GreekSeq>4</GreekSeq></word><word seq="8">and<GreekSeq>5</GreekSeq></word><word seq="9">gold,<GreekSeq>6</GreekSeq></word><word seq="10">but<GreekSeq>11</GreekSeq></word><word seq="11">what<GreekSeq>10</GreekSeq></word><word seq="12">I do have<GreekSeq>12</GreekSeq></word><word seq="13">I give<GreekSeq>15</GreekSeq></word><word seq="14">to you.<GreekSeq>14</GreekSeq></word><word seq="15">In<GreekSeq>16</GreekSeq></word><word seq="16">the<GreekSeq>17</GreekSeq></word><word seq="17">name<GreekSeq>18</GreekSeq></word><word seq="18">of Jesus<GreekSeq>19</GreekSeq></word><word seq="19">Christ<GreekSeq>20</GreekSeq></word><word seq="20">of Nazareth,<GreekSeq>22</GreekSeq></word><word seq="21">rise up<GreekSeq>23</GreekSeq></word><word seq="22">and<GreekSeq>24</GreekSeq></word><word seq="23">walk!”<GreekSeq>25</GreekSeq></word></ESV></verse>
<verse number="7"><ESV><word seq="1">And<GreekSeq>1</GreekSeq></word><word seq="2">he took<GreekSeq>2</GreekSeq></word><word seq="3">him<GreekSeq>3</GreekSeq></word><word seq="4">by the<GreekSeq>4</GreekSeq></word><word seq="5">right<GreekSeq>5</GreekSeq></word><word seq="6">hand<GreekSeq>6</GreekSeq></word><word seq="7">and</word><word seq="8">raised<GreekSeq>7</GreekSeq></word><word seq="9">him<GreekSeq>8</GreekSeq></word><word seq="10">up,<GreekSeq>7</GreekSeq></word><word seq="11">and<GreekSeq>10</GreekSeq></word><word seq="12">immediately<GreekSeq>9</GreekSeq></word><word seq="13">his<GreekSeq>14</GreekSeq></word><word seq="14">feet<GreekSeq>13</GreekSeq></word><word seq="15">and<GreekSeq>15</GreekSeq></word><word seq="16">ankles<GreekSeq>17</GreekSeq></word><word seq="17">were made strong.<GreekSeq>11</GreekSeq></word></ESV></verse>
<verse number="8"><ESV><word seq="1">And<GreekSeq>1</GreekSeq></word><word seq="2">leaping up<GreekSeq>2</GreekSeq></word><word seq="3">he stood<GreekSeq>3</GreekSeq></word><word seq="4">and<GreekSeq>4</GreekSeq></word><word seq="5">began to walk,<GreekSeq>5</GreekSeq></word><word seq="6">and<GreekSeq>6</GreekSeq></word><word seq="7">entered<GreekSeq>7</GreekSeq></word><word seq="8">the<GreekSeq>10</GreekSeq></word><word seq="9">temple<GreekSeq>12</GreekSeq></word><word seq="10">with<GreekSeq>8</GreekSeq></word><word seq="11">them,<GreekSeq>9</GreekSeq></word><word seq="12">walking<GreekSeq>13</GreekSeq></word><word seq="13">and<GreekSeq>14</GreekSeq></word><word seq="14">leaping<GreekSeq>15</GreekSeq></word><word seq="15">and<GreekSeq>16</GreekSeq></word><word seq="16">praising<GreekSeq>17</GreekSeq></word><word seq="17">God.<GreekSeq>19</GreekSeq></word></ESV></verse>
<verse number="9"><ESV><word seq="1">And<GreekSeq>1</GreekSeq></word><word seq="2">all<GreekSeq>3</GreekSeq></word><word seq="3">the<GreekSeq>4</GreekSeq></word><word seq="4">people<GreekSeq>5</GreekSeq></word><word seq="5">saw<GreekSeq>2</GreekSeq></word><word seq="6">him<GreekSeq>6</GreekSeq></word><word seq="7">walking<GreekSeq>7</GreekSeq></word><word seq="8">and<GreekSeq>8</GreekSeq></word><word seq="9">praising<GreekSeq>9</GreekSeq></word><word seq="10">God,<GreekSeq>11</GreekSeq></word></ESV></verse>
<verse number="10"><ESV><word seq="1">and<GreekSeq>2</GreekSeq></word><word seq="2">recognized<GreekSeq>1</GreekSeq></word><word seq="3">him<GreekSeq>3</GreekSeq></word><word seq="4">as<GreekSeq>6</GreekSeq></word><word seq="5">the one<GreekSeq>7</GreekSeq></word><word seq="6">who sat<GreekSeq>11</GreekSeq></word><word seq="7">at<GreekSeq>12</GreekSeq></word><word seq="8">the<GreekSeq>13</GreekSeq></word><word seq="9">Beautiful<GreekSeq>14</GreekSeq></word><word seq="10">Gate<GreekSeq>15</GreekSeq></word><word seq="11">of the<GreekSeq>16</GreekSeq></word><word seq="12">temple,<GreekSeq>17</GreekSeq></word><word seq="13">asking</word><word seq="14">for<GreekSeq>8</GreekSeq></word><word seq="15">alms.<GreekSeq>10</GreekSeq></word><word seq="16">And<GreekSeq>18</GreekSeq></word><word seq="17">they were filled<GreekSeq>19</GreekSeq></word><word seq="18">with wonder<GreekSeq>20</GreekSeq></word><word seq="19">and<GreekSeq>21</GreekSeq></word><word seq="20">amazement<GreekSeq>22</GreekSeq></word><word seq="21">at<GreekSeq>23</GreekSeq></word><word seq="22">what had happened<GreekSeq>24</GreekSeq><GreekSeq>25</GreekSeq></word><word seq="23">to him.<GreekSeq>26</GreekSeq></word></ESV></verse>
<verse number="11"><ESV><word seq="1">While<GreekSeq>1</GreekSeq></word><word seq="2">he<GreekSeq>3</GreekSeq></word><word seq="3">clung<GreekSeq>1</GreekSeq></word><word seq="4">to Peter<GreekSeq>5</GreekSeq></word><word seq="5">and<GreekSeq>6</GreekSeq></word><word seq="6">John,<GreekSeq>8</GreekSeq></word><word seq="7">all<GreekSeq>10</GreekSeq></word><word seq="8">the<GreekSeq>7</GreekSeq></word><word seq="9">people,<GreekSeq>12</GreekSeq></word><word seq="10">utterly astounded,<GreekSeq>21</GreekSeq></word><word seq="11">ran together<GreekSeq>9</GreekSeq></word><word seq="12">to<GreekSeq>13</GreekSeq></word><word seq="13">them<GreekSeq>14</GreekSeq></word><word seq="14">in<GreekSeq>15</GreekSeq></word><word seq="15">the<GreekSeq>16</GreekSeq></word><word seq="16">portico<GreekSeq>17</GreekSeq></word><word seq="17">called<GreekSeq>19</GreekSeq></word><word seq="18">Solomon’s.<GreekSeq>20</GreekSeq></word></ESV></verse>
<verse number="12"><ESV><word seq="1">And<GreekSeq>2</GreekSeq></word><word seq="2">when<GreekSeq>1</GreekSeq></word><word seq="3">Peter<GreekSeq>4</GreekSeq></word><word seq="4">saw<GreekSeq>1</GreekSeq></word><word seq="5">it</word><word seq="6">he addressed<GreekSeq>5</GreekSeq></word><word seq="7">the<GreekSeq>7</GreekSeq></word><word seq="8">people:<GreekSeq>8</GreekSeq></word><word seq="9">“Men<GreekSeq>9</GreekSeq></word><word seq="10">of Israel,<GreekSeq>10</GreekSeq></word><word seq="11">why<GreekSeq>11</GreekSeq></word><word seq="12">do</word><word seq="13">you wonder<GreekSeq>12</GreekSeq></word><word seq="14">at<GreekSeq>13</GreekSeq></word><word seq="15">this,<GreekSeq>14</GreekSeq></word><word seq="16">or<GreekSeq>15</GreekSeq></word><word seq="17">why<GreekSeq>17</GreekSeq></word><word seq="18">do</word><word seq="19">you stare<GreekSeq>18</GreekSeq></word><word seq="20">at us,<GreekSeq>16</GreekSeq></word><word seq="21">as though<GreekSeq>19</GreekSeq></word><word seq="22">by our own<GreekSeq>20</GreekSeq></word><word seq="23">power<GreekSeq>21</GreekSeq></word><word seq="24">or<GreekSeq>22</GreekSeq></word><word seq="25">piety<GreekSeq>23</GreekSeq></word><word seq="26">[we] have made<GreekSeq>24</GreekSeq></word><word seq="27">him<GreekSeq>27</GreekSeq></word><word seq="28">walk?<GreekSeq>26</GreekSeq></word></ESV></verse>
<verse number="13"><ESV><word seq="1">The<GreekSeq>1</GreekSeq></word><word seq="2">God<GreekSeq>2</GreekSeq></word><word seq="3">of Abraham,<GreekSeq>3</GreekSeq></word><word seq="4">the<GreekSeq>5</GreekSeq></word><word seq="5">God<GreekSeq>6</GreekSeq></word><word seq="6">of Isaac,<GreekSeq>7</GreekSeq></word><word seq="7">and<GreekSeq>8</GreekSeq></word><word seq="8">the<GreekSeq>9</GreekSeq></word><word seq="9">God<GreekSeq>10</GreekSeq></word><word seq="10">of Jacob,<GreekSeq>11</GreekSeq></word><word seq="11">the<GreekSeq>12</GreekSeq></word><word seq="12">God<GreekSeq>13</GreekSeq></word><word seq="13">of<GreekSeq>15</GreekSeq></word><word seq="14">our<GreekSeq>16</GreekSeq></word><word seq="15">fathers,<GreekSeq>15</GreekSeq></word><word seq="16">glorified<GreekSeq>17</GreekSeq></word><word seq="17">his<GreekSeq>20</GreekSeq></word><word seq="18">servant<GreekSeq>19</GreekSeq></word><word seq="19">Jesus,<GreekSeq>21</GreekSeq></word><word seq="20">whom<GreekSeq>22</GreekSeq></word><word seq="21">you<GreekSeq>23</GreekSeq></word><word seq="22">delivered over<GreekSeq>25</GreekSeq></word><word seq="23">and<GreekSeq>26</GreekSeq></word><word seq="24">denied<GreekSeq>27</GreekSeq></word><word seq="25">in<GreekSeq>28</GreekSeq></word><word seq="26">the presence<GreekSeq>29</GreekSeq></word><word seq="27">of Pilate,<GreekSeq>30</GreekSeq></word><word seq="28">when<GreekSeq>31</GreekSeq></word><word seq="29">he<GreekSeq>32</GreekSeq></word><word seq="30">had decided<GreekSeq>31</GreekSeq></word><word seq="31">to release<GreekSeq>33</GreekSeq></word><word seq="32" note="Base of different Greek: αὐτὸν(846)">him.</word></ESV></verse>
<verse number="14"><ESV><word seq="1">But<GreekSeq>2</GreekSeq></word><word seq="2">you<GreekSeq>1</GreekSeq></word><word seq="3">denied<GreekSeq>7</GreekSeq></word><word seq="4">the<GreekSeq>3</GreekSeq></word><word seq="5">Holy<GreekSeq>4</GreekSeq></word><word seq="6">and<GreekSeq>5</GreekSeq></word><word seq="7">Righteous<GreekSeq>6</GreekSeq></word><word seq="8">One,</word><word seq="9">and<GreekSeq>8</GreekSeq></word><word seq="10">asked for<GreekSeq>9</GreekSeq></word><word seq="11">a murderer<GreekSeq>10</GreekSeq><GreekSeq>11</GreekSeq></word><word seq="12">to be granted<GreekSeq>12</GreekSeq></word><word seq="13">to you,<GreekSeq>13</GreekSeq></word></ESV></verse>
<verse number="15"><ESV><word seq="1">and<GreekSeq>2</GreekSeq></word><word seq="2">you killed<GreekSeq>6</GreekSeq></word><word seq="3">the<GreekSeq>1</GreekSeq></word><word seq="4">Author<GreekSeq>3</GreekSeq></word><word seq="5">of life,<GreekSeq>5</GreekSeq></word><word seq="6">whom<GreekSeq>7</GreekSeq></word><word seq="7">God<GreekSeq>9</GreekSeq></word><word seq="8">raised<GreekSeq>10</GreekSeq></word><word seq="9">from<GreekSeq>11</GreekSeq></word><word seq="10">the dead.<GreekSeq>12</GreekSeq></word><word seq="11">To this<GreekSeq>13</GreekSeq></word><word seq="12">we<GreekSeq>14</GreekSeq></word><word seq="13">are<GreekSeq>16</GreekSeq></word><word seq="14">witnesses.<GreekSeq>15</GreekSeq></word></ESV></verse>
<verse number="16"><ESV><word seq="1">And<GreekSeq>1</GreekSeq></word><word seq="2">his<GreekSeq>16</GreekSeq></word><word seq="3">name<GreekSeq>15</GreekSeq></word><word seq="4">— by<GreekSeq>2</GreekSeq></word><word seq="5">faith<GreekSeq>4</GreekSeq></word><word seq="6">in</word><word seq="7">his<GreekSeq>7</GreekSeq></word><word seq="8">name —<GreekSeq>6</GreekSeq></word><word seq="9">has made<GreekSeq>13</GreekSeq></word><word seq="10">this man<GreekSeq>8</GreekSeq></word><word seq="11">strong<GreekSeq>13</GreekSeq></word><word seq="12">whom<GreekSeq>9</GreekSeq></word><word seq="13">you see<GreekSeq>10</GreekSeq></word><word seq="14">and<GreekSeq>11</GreekSeq></word><word seq="15">know,<GreekSeq>12</GreekSeq></word><word seq="16">and<GreekSeq>17</GreekSeq></word><word seq="17">the<GreekSeq>18</GreekSeq></word><word seq="18">faith<GreekSeq>19</GreekSeq></word><word seq="19">that<GreekSeq>20</GreekSeq></word><word seq="20">is</word><word seq="21">through<GreekSeq>21</GreekSeq></word><word seq="22">[Jesus]<GreekSeq>22</GreekSeq></word><word seq="23">has given<GreekSeq>23</GreekSeq></word><word seq="24">the man<GreekSeq>24</GreekSeq></word><word seq="25">this<GreekSeq>27</GreekSeq></word><word seq="26">perfect health<GreekSeq>26</GreekSeq></word><word seq="27">in the presence of<GreekSeq>28</GreekSeq></word><word seq="28">you<GreekSeq>30</GreekSeq></word><word seq="29">all.<GreekSeq>29</GreekSeq></word></ESV></verse>
<verse number="17"><ESV><word seq="1">And<GreekSeq>1</GreekSeq></word><word seq="2">now,<GreekSeq>2</GreekSeq></word><word seq="3">brothers,<GreekSeq>3</GreekSeq></word><word seq="4">I know<GreekSeq>4</GreekSeq></word><word seq="5">that<GreekSeq>5</GreekSeq></word><word seq="6">you acted<GreekSeq>8</GreekSeq></word><word seq="7">in<GreekSeq>6</GreekSeq></word><word seq="8">ignorance,<GreekSeq>7</GreekSeq></word><word seq="9">as<GreekSeq>9</GreekSeq></word><word seq="10">did</word><word seq="11">also<GreekSeq>10</GreekSeq></word><word seq="12">your<GreekSeq>13</GreekSeq></word><word seq="13">rulers.<GreekSeq>12</GreekSeq></word></ESV></verse>
<verse number="18"><ESV><word seq="1">But<GreekSeq>2</GreekSeq></word><word seq="2">what<GreekSeq>4</GreekSeq></word><word seq="3">God<GreekSeq>3</GreekSeq></word><word seq="4">foretold<GreekSeq>5</GreekSeq></word><word seq="5">by<GreekSeq>6</GreekSeq></word><word seq="6">the mouth<GreekSeq>7</GreekSeq></word><word seq="7">of all<GreekSeq>8</GreekSeq></word><word seq="8">the<GreekSeq>9</GreekSeq></word><word seq="9">prophets,<GreekSeq>10</GreekSeq></word><word seq="10">that</word><word seq="11">his<GreekSeq>14</GreekSeq></word><word seq="12">Christ<GreekSeq>13</GreekSeq></word><word seq="13">would suffer,<GreekSeq>11</GreekSeq></word><word seq="14">he<GreekSeq>15</GreekSeq></word><word seq="15">thus<GreekSeq>16</GreekSeq></word><word seq="16">fulfilled.<GreekSeq>15</GreekSeq></word></ESV></verse>
<verse number="19"><ESV><word seq="1">Repent<GreekSeq>1</GreekSeq></word><word seq="2">therefore,<GreekSeq>2</GreekSeq></word><word seq="3">and<GreekSeq>3</GreekSeq></word><word seq="4">turn back,<GreekSeq>4</GreekSeq></word><word seq="5">that<GreekSeq>5</GreekSeq><GreekSeq>6</GreekSeq></word><word seq="6">your<GreekSeq>8</GreekSeq></word><word seq="7">sins<GreekSeq>10</GreekSeq></word><word seq="8">may be blotted out,<GreekSeq>7</GreekSeq></word></ESV></verse>
<verse number="20"><ESV><word seq="1">that<GreekSeq>1</GreekSeq></word><word seq="2">times<GreekSeq>4</GreekSeq></word><word seq="3">of refreshing<GreekSeq>5</GreekSeq></word><word seq="4">may come<GreekSeq>3</GreekSeq></word><word seq="5">from<GreekSeq>6</GreekSeq></word><word seq="6">the presence<GreekSeq>7</GreekSeq></word><word seq="7">of the<GreekSeq>8</GreekSeq></word><word seq="8">Lord,<GreekSeq>9</GreekSeq></word><word seq="9">and<GreekSeq>10</GreekSeq></word><word seq="10">that</word><word seq="11">he may send<GreekSeq>11</GreekSeq></word><word seq="12">the<GreekSeq>12</GreekSeq></word><word seq="13">Christ<GreekSeq>15</GreekSeq></word><word seq="14">appointed<GreekSeq>13</GreekSeq></word><word seq="15">for you,<GreekSeq>14</GreekSeq></word><word seq="16">Jesus,<GreekSeq>16</GreekSeq></word></ESV></verse>
<verse number="21"><ESV><word seq="1">whom<GreekSeq>1</GreekSeq></word><word seq="2">heaven<GreekSeq>3</GreekSeq></word><word seq="3">must<GreekSeq>2</GreekSeq></word><word seq="4">receive<GreekSeq>5</GreekSeq></word><word seq="5">until<GreekSeq>6</GreekSeq></word><word seq="6">the time<GreekSeq>7</GreekSeq></word><word seq="7">for restoring<GreekSeq>8</GreekSeq></word><word seq="8">all the things<GreekSeq>9</GreekSeq></word><word seq="9">about which<GreekSeq>10</GreekSeq></word><word seq="10">God<GreekSeq>13</GreekSeq></word><word seq="11">spoke<GreekSeq>11</GreekSeq></word><word seq="12">by<GreekSeq>14</GreekSeq></word><word seq="13">the mouth<GreekSeq>15</GreekSeq></word><word seq="14">of<GreekSeq>21</GreekSeq></word><word seq="15">his<GreekSeq>20</GreekSeq></word><word seq="16">holy<GreekSeq>17</GreekSeq></word><word seq="17">prophets<GreekSeq>21</GreekSeq></word><word seq="18">long ago.<GreekSeq>18</GreekSeq><GreekSeq>19</GreekSeq></word></ESV></verse>
<verse number="22"><ESV><word seq="1">Moses<GreekSeq>1</GreekSeq></word><word seq="2">said,<GreekSeq>3</GreekSeq></word><word seq="3">‘The Lord<GreekSeq>8</GreekSeq></word><word seq="4">God<GreekSeq>10</GreekSeq></word><word seq="5">will raise up<GreekSeq>7</GreekSeq></word><word seq="6">for<GreekSeq>25</GreekSeq></word><word seq="7">you<GreekSeq>6</GreekSeq></word><word seq="8">a prophet<GreekSeq>5</GreekSeq></word><word seq="9">like<GreekSeq>16</GreekSeq></word><word seq="10">me<GreekSeq>17</GreekSeq></word><word seq="11">from<GreekSeq>12</GreekSeq></word><word seq="12">your<GreekSeq>15</GreekSeq></word><word seq="13">brothers.<GreekSeq>14</GreekSeq></word><word seq="14">You shall listen<GreekSeq>19</GreekSeq></word><word seq="15">to him<GreekSeq>18</GreekSeq></word><word seq="16">in<GreekSeq>20</GreekSeq></word><word seq="17">whatever<GreekSeq>22</GreekSeq><GreekSeq>23</GreekSeq></word><word seq="18">he tells<GreekSeq>24</GreekSeq></word><word seq="19">you.<GreekSeq>26</GreekSeq></word></ESV></verse>
<verse number="23"><ESV><word seq="1">And<GreekSeq>2</GreekSeq></word><word seq="2">it shall be<GreekSeq>1</GreekSeq></word><word seq="3">that</word><word seq="4">every<GreekSeq>3</GreekSeq></word><word seq="5">soul<GreekSeq>4</GreekSeq></word><word seq="6">who<GreekSeq>5</GreekSeq></word><word seq="7">does</word><word seq="8">not<GreekSeq>7</GreekSeq></word><word seq="9">listen to<GreekSeq>8</GreekSeq></word><word seq="10">that<GreekSeq>11</GreekSeq></word><word seq="11">prophet<GreekSeq>10</GreekSeq></word><word seq="12">shall be destroyed<GreekSeq>12</GreekSeq></word><word seq="13">from<GreekSeq>13</GreekSeq></word><word seq="14">the<GreekSeq>14</GreekSeq></word><word seq="15">people.’<GreekSeq>15</GreekSeq></word></ESV></verse>
<verse number="24"><ESV><word seq="1">And<GreekSeq>3</GreekSeq></word><word seq="2">all<GreekSeq>2</GreekSeq></word><word seq="3">the<GreekSeq>4</GreekSeq></word><word seq="4">prophets<GreekSeq>5</GreekSeq></word><word seq="5">who<GreekSeq>11</GreekSeq></word><word seq="6">have spoken,<GreekSeq>12</GreekSeq></word><word seq="7">from<GreekSeq>6</GreekSeq></word><word seq="8">Samuel<GreekSeq>7</GreekSeq></word><word seq="9">and<GreekSeq>8</GreekSeq></word><word seq="10">those<GreekSeq>9</GreekSeq></word><word seq="11">who came after<GreekSeq>10</GreekSeq></word><word seq="12">him,</word><word seq="13">also<GreekSeq>13</GreekSeq></word><word seq="14">proclaimed<GreekSeq>14</GreekSeq></word><word seq="15">these<GreekSeq>17</GreekSeq></word><word seq="16">days.<GreekSeq>16</GreekSeq></word></ESV></verse>
<verse number="25"><ESV><word seq="1">You<GreekSeq>1</GreekSeq></word><word seq="2">are<GreekSeq>2</GreekSeq></word><word seq="3">the<GreekSeq>3</GreekSeq></word><word seq="4">sons<GreekSeq>4</GreekSeq></word><word seq="5">of the<GreekSeq>5</GreekSeq></word><word seq="6">prophets<GreekSeq>6</GreekSeq></word><word seq="7">and<GreekSeq>7</GreekSeq></word><word seq="8">of the<GreekSeq>8</GreekSeq></word><word seq="9">covenant<GreekSeq>9</GreekSeq></word><word seq="10">that<GreekSeq>10</GreekSeq></word><word seq="11">God<GreekSeq>13</GreekSeq></word><word seq="12">made<GreekSeq>11</GreekSeq></word><word seq="13">with<GreekSeq>14</GreekSeq></word><word seq="14">your<GreekSeq>17</GreekSeq></word><word seq="15">fathers,<GreekSeq>16</GreekSeq></word><word seq="16">saying<GreekSeq>18</GreekSeq></word><word seq="17">to<GreekSeq>19</GreekSeq></word><word seq="18">Abraham,<GreekSeq>20</GreekSeq></word><word seq="19">‘And<GreekSeq>21</GreekSeq></word><word seq="20">in<GreekSeq>22</GreekSeq></word><word seq="21">your<GreekSeq>25</GreekSeq></word><word seq="22">offspring<GreekSeq>24</GreekSeq></word><word seq="23">shall<GreekSeq>26</GreekSeq></word><word seq="24">all<GreekSeq>27</GreekSeq></word><word seq="25">the<GreekSeq>28</GreekSeq></word><word seq="26">families<GreekSeq>29</GreekSeq></word><word seq="27">of the<GreekSeq>30</GreekSeq></word><word seq="28">earth<GreekSeq>31</GreekSeq></word><word seq="29">be blessed.’<GreekSeq>26</GreekSeq></word></ESV></verse>
<verse number="26"><ESV><word seq="1">God,<GreekSeq>5</GreekSeq></word><word seq="2">having raised up<GreekSeq>3</GreekSeq></word><word seq="3">his<GreekSeq>8</GreekSeq></word><word seq="4">servant,<GreekSeq>7</GreekSeq></word><word seq="5">sent<GreekSeq>9</GreekSeq></word><word seq="6">him<GreekSeq>10</GreekSeq></word><word seq="7">to you<GreekSeq>1</GreekSeq></word><word seq="8">first,<GreekSeq>2</GreekSeq></word><word seq="9">to bless<GreekSeq>11</GreekSeq></word><word seq="10">you<GreekSeq>12</GreekSeq></word><word seq="11">by<GreekSeq>13</GreekSeq></word><word seq="12">turning<GreekSeq>15</GreekSeq></word><word seq="13">every one of<GreekSeq>16</GreekSeq></word><word seq="14">you</word><word seq="15">from<GreekSeq>17</GreekSeq></word><word seq="16">your<GreekSeq>20</GreekSeq></word><word seq="17">wickedness.”<GreekSeq>19</GreekSeq></word></ESV></verse></chapter></book>