<?xml version="1.0" encoding="UTF-8" standalone="no"?><book><chapter number="4">'<verse number="1"><ESV><word seq="1">Masters,<GreekSeq>2</GreekSeq></word><word seq="2">treat<GreekSeq>10</GreekSeq></word><word seq="3">your</word><word seq="4">bondservants<GreekSeq>9</GreekSeq></word><word seq="5">justly<GreekSeq>4</GreekSeq></word><word seq="6">and<GreekSeq>5</GreekSeq></word><word seq="7">fairly,<GreekSeq>7</GreekSeq></word><word seq="8">knowing<GreekSeq>11</GreekSeq></word><word seq="9">that<GreekSeq>12</GreekSeq></word><word seq="10">you<GreekSeq>14</GreekSeq></word><word seq="11">also<GreekSeq>13</GreekSeq></word><word seq="12">have<GreekSeq>15</GreekSeq></word><word seq="13">a Master<GreekSeq>16</GreekSeq></word><word seq="14">in<GreekSeq>17</GreekSeq></word><word seq="15">heaven.<GreekSeq>18</GreekSeq></word></ESV></verse>
<verse number="2"><ESV><word seq="1">Continue steadfastly<GreekSeq>3</GreekSeq></word><word seq="2">in prayer,<GreekSeq>2</GreekSeq></word><word seq="3">being watchful<GreekSeq>4</GreekSeq></word><word seq="4">in<GreekSeq>5</GreekSeq></word><word seq="5">it<GreekSeq>6</GreekSeq></word><word seq="6">with<GreekSeq>7</GreekSeq></word><word seq="7">thanksgiving.<GreekSeq>8</GreekSeq></word></ESV></verse>
<verse number="3"><ESV><word seq="1">At the same time,<GreekSeq>2</GreekSeq></word><word seq="2">pray<GreekSeq>1</GreekSeq></word><word seq="3">also<GreekSeq>3</GreekSeq></word><word seq="4">for<GreekSeq>4</GreekSeq></word><word seq="5">us,<GreekSeq>5</GreekSeq></word><word seq="6">that<GreekSeq>6</GreekSeq></word><word seq="7">God<GreekSeq>8</GreekSeq></word><word seq="8">may open<GreekSeq>9</GreekSeq></word><word seq="9">to us<GreekSeq>10</GreekSeq></word><word seq="10">a door<GreekSeq>11</GreekSeq></word><word seq="11">for the word,<GreekSeq>13</GreekSeq></word><word seq="12">to declare<GreekSeq>14</GreekSeq></word><word seq="13">the<GreekSeq>15</GreekSeq></word><word seq="14">mystery<GreekSeq>16</GreekSeq></word><word seq="15">of Christ,<GreekSeq>18</GreekSeq></word><word seq="16">on account of<GreekSeq>19</GreekSeq></word><word seq="17">which<GreekSeq>20</GreekSeq></word><word seq="18">I am in prison —<GreekSeq>22</GreekSeq></word></ESV></verse>
<verse number="4"><ESV><word seq="1">that<GreekSeq>1</GreekSeq></word><word seq="2">I may make<GreekSeq>2</GreekSeq></word><word seq="3">it<GreekSeq>3</GreekSeq></word><word seq="4">clear,<GreekSeq>2</GreekSeq></word><word seq="5">[which is how]<GreekSeq>4</GreekSeq></word><word seq="6">I<GreekSeq>6</GreekSeq></word><word seq="7">ought<GreekSeq>5</GreekSeq></word><word seq="8">to speak.<GreekSeq>7</GreekSeq></word></ESV></verse>
<verse number="5"><ESV><word seq="1">Walk<GreekSeq>3</GreekSeq></word><word seq="2">in<GreekSeq>1</GreekSeq></word><word seq="3">wisdom<GreekSeq>2</GreekSeq></word><word seq="4">toward<GreekSeq>4</GreekSeq></word><word seq="5">outsiders,<GreekSeq>5</GreekSeq><GreekSeq>6</GreekSeq></word><word seq="6">making the best use of<GreekSeq>9</GreekSeq></word><word seq="7">the<GreekSeq>7</GreekSeq></word><word seq="8">time.<GreekSeq>8</GreekSeq></word></ESV></verse>
<verse number="6"><ESV><word seq="1">Let</word><word seq="2">your<GreekSeq>3</GreekSeq></word><word seq="3">speech<GreekSeq>2</GreekSeq></word><word seq="4">always<GreekSeq>4</GreekSeq></word><word seq="5">be</word><word seq="6">gracious,<GreekSeq>5</GreekSeq><GreekSeq>6</GreekSeq></word><word seq="7">seasoned<GreekSeq>8</GreekSeq></word><word seq="8">with salt,<GreekSeq>7</GreekSeq></word><word seq="9">so that you may know<GreekSeq>9</GreekSeq></word><word seq="10">how<GreekSeq>10</GreekSeq></word><word seq="11">you<GreekSeq>12</GreekSeq></word><word seq="12">ought<GreekSeq>11</GreekSeq></word><word seq="13">to answer<GreekSeq>15</GreekSeq></word><word seq="14">each<GreekSeq>14</GreekSeq></word><word seq="15">person.<GreekSeq>13</GreekSeq></word></ESV></verse>
<verse number="7"><ESV><word seq="1">Tychicus<GreekSeq>7</GreekSeq></word><word seq="2">will tell<GreekSeq>5</GreekSeq></word><word seq="3">you<GreekSeq>6</GreekSeq></word><word seq="4">all<GreekSeq>4</GreekSeq></word><word seq="5">about my activities.<GreekSeq>1</GreekSeq><GreekSeq>2</GreekSeq><GreekSeq>3</GreekSeq></word><word seq="6">He<GreekSeq>8</GreekSeq></word><word seq="7">is</word><word seq="8">a beloved<GreekSeq>9</GreekSeq></word><word seq="9">brother<GreekSeq>10</GreekSeq></word><word seq="10">and<GreekSeq>11</GreekSeq></word><word seq="11">faithful<GreekSeq>12</GreekSeq></word><word seq="12">minister<GreekSeq>13</GreekSeq></word><word seq="13">and<GreekSeq>14</GreekSeq></word><word seq="14">fellow servant<GreekSeq>15</GreekSeq></word><word seq="15">in<GreekSeq>16</GreekSeq></word><word seq="16">the Lord.<GreekSeq>17</GreekSeq></word></ESV></verse>
<verse number="8"><ESV><word seq="1">I have sent<GreekSeq>2</GreekSeq></word><word seq="2">him<GreekSeq>1</GreekSeq></word><word seq="3">to<GreekSeq>3</GreekSeq></word><word seq="4">you<GreekSeq>4</GreekSeq></word><word seq="5">for<GreekSeq>5</GreekSeq></word><word seq="6">this<GreekSeq>7</GreekSeq></word><word seq="7">very purpose,<GreekSeq>6</GreekSeq></word><word seq="8">that<GreekSeq>8</GreekSeq></word><word seq="9">you may know<GreekSeq>9</GreekSeq></word><word seq="10">how we are<GreekSeq>10</GreekSeq><GreekSeq>11</GreekSeq><GreekSeq>12</GreekSeq></word><word seq="11">and<GreekSeq>13</GreekSeq></word><word seq="12">that</word><word seq="13">he may encourage<GreekSeq>14</GreekSeq></word><word seq="14">your<GreekSeq>17</GreekSeq></word><word seq="15">hearts,<GreekSeq>16</GreekSeq></word></ESV></verse>
<verse number="9"><ESV><word seq="1">and</word><word seq="2">with<GreekSeq>1</GreekSeq></word><word seq="3">him</word><word seq="4">Onesimus,<GreekSeq>2</GreekSeq></word><word seq="5">our</word><word seq="6">faithful<GreekSeq>4</GreekSeq></word><word seq="7">and<GreekSeq>5</GreekSeq></word><word seq="8">beloved<GreekSeq>6</GreekSeq></word><word seq="9">brother,<GreekSeq>7</GreekSeq></word><word seq="10">who<GreekSeq>8</GreekSeq></word><word seq="11">is<GreekSeq>9</GreekSeq></word><word seq="12">[one] of<GreekSeq>10</GreekSeq></word><word seq="13">you.<GreekSeq>11</GreekSeq></word><word seq="14">They will tell<GreekSeq>14</GreekSeq></word><word seq="15">you<GreekSeq>13</GreekSeq></word><word seq="16">of everything<GreekSeq>12</GreekSeq><GreekSeq>15</GreekSeq></word><word seq="17">that has taken place</word><word seq="18">here.<GreekSeq>16</GreekSeq></word></ESV></verse>
<verse number="10"><ESV><word seq="1">Aristarchus<GreekSeq>3</GreekSeq></word><word seq="2">my<GreekSeq>6</GreekSeq></word><word seq="3">fellow prisoner<GreekSeq>5</GreekSeq></word><word seq="4">greets<GreekSeq>1</GreekSeq></word><word seq="5">you,<GreekSeq>2</GreekSeq></word><word seq="6">and<GreekSeq>7</GreekSeq></word><word seq="7">Mark<GreekSeq>8</GreekSeq></word><word seq="8">the<GreekSeq>9</GreekSeq></word><word seq="9">cousin<GreekSeq>10</GreekSeq></word><word seq="10">of Barnabas<GreekSeq>11</GreekSeq></word><word seq="11">(concerning<GreekSeq>12</GreekSeq></word><word seq="12">whom<GreekSeq>13</GreekSeq></word><word seq="13">you have received<GreekSeq>14</GreekSeq></word><word seq="14">instructions<GreekSeq>15</GreekSeq></word><word seq="15">— if<GreekSeq>16</GreekSeq></word><word seq="16">he comes<GreekSeq>17</GreekSeq></word><word seq="17">to<GreekSeq>18</GreekSeq></word><word seq="18">you,<GreekSeq>19</GreekSeq></word><word seq="19">welcome<GreekSeq>20</GreekSeq></word><word seq="20">him),<GreekSeq>21</GreekSeq></word></ESV></verse>
<verse number="11"><ESV><word seq="1">and<GreekSeq>1</GreekSeq></word><word seq="2">Jesus<GreekSeq>2</GreekSeq></word><word seq="3">who is called<GreekSeq>4</GreekSeq></word><word seq="4">Justus.<GreekSeq>5</GreekSeq></word><word seq="5">These<GreekSeq>10</GreekSeq></word><word seq="6">are<GreekSeq>7</GreekSeq></word><word seq="7">the</word><word seq="8">only<GreekSeq>11</GreekSeq></word><word seq="9">men<GreekSeq>6</GreekSeq></word><word seq="10">of<GreekSeq>8</GreekSeq></word><word seq="11">the circumcision<GreekSeq>9</GreekSeq></word><word seq="12">among my</word><word seq="13">fellow workers<GreekSeq>12</GreekSeq></word><word seq="14">for<GreekSeq>13</GreekSeq></word><word seq="15">the<GreekSeq>14</GreekSeq></word><word seq="16">kingdom<GreekSeq>15</GreekSeq></word><word seq="17">of God,<GreekSeq>17</GreekSeq></word><word seq="18">and</word><word seq="19">they<GreekSeq>18</GreekSeq></word><word seq="20">have been<GreekSeq>19</GreekSeq></word><word seq="21">a comfort<GreekSeq>21</GreekSeq></word><word seq="22">to me.<GreekSeq>20</GreekSeq></word></ESV></verse>
<verse number="12"><ESV><word seq="1">Epaphras,<GreekSeq>3</GreekSeq></word><word seq="2">who is</word><word seq="3">one<GreekSeq>4</GreekSeq></word><word seq="4">of<GreekSeq>5</GreekSeq></word><word seq="5">you,<GreekSeq>6</GreekSeq></word><word seq="6">a servant<GreekSeq>7</GreekSeq></word><word seq="7">of Christ<GreekSeq>8</GreekSeq></word><word seq="8">Jesus,<GreekSeq>9</GreekSeq></word><word seq="9">greets<GreekSeq>1</GreekSeq></word><word seq="10">you,<GreekSeq>2</GreekSeq></word><word seq="11">always<GreekSeq>10</GreekSeq></word><word seq="12">struggling<GreekSeq>11</GreekSeq></word><word seq="13">on<GreekSeq>12</GreekSeq></word><word seq="14">your<GreekSeq>13</GreekSeq></word><word seq="15">behalf<GreekSeq>12</GreekSeq></word><word seq="16">in<GreekSeq>14</GreekSeq></word><word seq="17">his</word><word seq="18">prayers,<GreekSeq>16</GreekSeq></word><word seq="19">that<GreekSeq>17</GreekSeq></word><word seq="20">you may stand<GreekSeq>18</GreekSeq></word><word seq="21">mature<GreekSeq>19</GreekSeq></word><word seq="22">and<GreekSeq>20</GreekSeq></word><word seq="23">fully assured<GreekSeq>21</GreekSeq></word><word seq="24">in<GreekSeq>22</GreekSeq></word><word seq="25">all<GreekSeq>23</GreekSeq></word><word seq="26">the will<GreekSeq>24</GreekSeq></word><word seq="27">of God.<GreekSeq>26</GreekSeq></word></ESV></verse>
<verse number="13"><ESV><word seq="1">For<GreekSeq>2</GreekSeq></word><word seq="2">I bear<GreekSeq>1</GreekSeq></word><word seq="3">him<GreekSeq>3</GreekSeq></word><word seq="4">witness<GreekSeq>1</GreekSeq></word><word seq="5">that<GreekSeq>4</GreekSeq></word><word seq="6">he has<GreekSeq>5</GreekSeq></word><word seq="7">worked<GreekSeq>7</GreekSeq></word><word seq="8">hard<GreekSeq>6</GreekSeq></word><word seq="9">for<GreekSeq>8</GreekSeq></word><word seq="10">you<GreekSeq>9</GreekSeq></word><word seq="11">and<GreekSeq>10</GreekSeq></word><word seq="12">for those<GreekSeq>11</GreekSeq></word><word seq="13">in<GreekSeq>12</GreekSeq></word><word seq="14">Laodicea<GreekSeq>13</GreekSeq></word><word seq="15">and<GreekSeq>14</GreekSeq></word><word seq="16">in<GreekSeq>16</GreekSeq></word><word seq="17">Hierapolis.<GreekSeq>17</GreekSeq></word></ESV></verse>
<verse number="14"><ESV><word seq="1">Luke<GreekSeq>3</GreekSeq></word><word seq="2">the<GreekSeq>4</GreekSeq></word><word seq="3">beloved<GreekSeq>7</GreekSeq></word><word seq="4">physician<GreekSeq>5</GreekSeq></word><word seq="5">greets<GreekSeq>1</GreekSeq></word><word seq="6">you,<GreekSeq>2</GreekSeq></word><word seq="7">[as does]<GreekSeq>8</GreekSeq></word><word seq="8">Demas.<GreekSeq>9</GreekSeq></word></ESV></verse>
<verse number="15"><ESV><word seq="1">Give my greetings<GreekSeq>1</GreekSeq></word><word seq="2">to the<GreekSeq>2</GreekSeq></word><word seq="3">brothers<GreekSeq>5</GreekSeq></word><word seq="4">at<GreekSeq>3</GreekSeq></word><word seq="5">Laodicea,<GreekSeq>4</GreekSeq></word><word seq="6">and<GreekSeq>6</GreekSeq></word><word seq="7">to Nympha<GreekSeq>7</GreekSeq></word><word seq="8">and<GreekSeq>8</GreekSeq></word><word seq="9">the<GreekSeq>9</GreekSeq></word><word seq="10">church<GreekSeq>13</GreekSeq></word><word seq="11">in<GreekSeq>10</GreekSeq></word><word seq="12">her<GreekSeq>12</GreekSeq></word><word seq="13">house.<GreekSeq>11</GreekSeq></word></ESV></verse>
<verse number="16"><ESV><word seq="1">And<GreekSeq>1</GreekSeq></word><word seq="2">when<GreekSeq>2</GreekSeq></word><word seq="3">this<GreekSeq>6</GreekSeq></word><word seq="4">letter<GreekSeq>7</GreekSeq></word><word seq="5">has been read<GreekSeq>3</GreekSeq></word><word seq="6">among<GreekSeq>4</GreekSeq></word><word seq="7">you,<GreekSeq>5</GreekSeq></word><word seq="8">have<GreekSeq>8</GreekSeq></word><word seq="9">it<GreekSeq>15</GreekSeq></word><word seq="10">also<GreekSeq>10</GreekSeq></word><word seq="11">read<GreekSeq>15</GreekSeq></word><word seq="12">in<GreekSeq>11</GreekSeq></word><word seq="13">the<GreekSeq>12</GreekSeq></word><word seq="14">church<GreekSeq>14</GreekSeq></word><word seq="15">of the Laodiceans;<GreekSeq>13</GreekSeq></word><word seq="16">and<GreekSeq>16</GreekSeq></word><word seq="17">see</word><word seq="18">that<GreekSeq>20</GreekSeq></word><word seq="19">you<GreekSeq>22</GreekSeq></word><word seq="20">also<GreekSeq>21</GreekSeq></word><word seq="21">read<GreekSeq>23</GreekSeq></word><word seq="22">the [letter]<GreekSeq>17</GreekSeq></word><word seq="23">from<GreekSeq>18</GreekSeq></word><word seq="24">Laodicea.<GreekSeq>19</GreekSeq></word></ESV></verse>
<verse number="17"><ESV><word seq="1">And<GreekSeq>1</GreekSeq></word><word seq="2">say<GreekSeq>2</GreekSeq></word><word seq="3">to Archippus,<GreekSeq>3</GreekSeq></word><word seq="4">“See<GreekSeq>4</GreekSeq></word><word seq="5">that<GreekSeq>11</GreekSeq></word><word seq="6">you fulfill<GreekSeq>13</GreekSeq></word><word seq="7">the<GreekSeq>5</GreekSeq></word><word seq="8">ministry<GreekSeq>6</GreekSeq></word><word seq="9">that<GreekSeq>7</GreekSeq></word><word seq="10">you have received<GreekSeq>8</GreekSeq></word><word seq="11">in<GreekSeq>9</GreekSeq></word><word seq="12">the Lord.”<GreekSeq>10</GreekSeq></word></ESV></verse>
<verse number="18"><ESV><word seq="1">I,</word><word seq="2">Paul,<GreekSeq>6</GreekSeq></word><word seq="3">write this greeting<GreekSeq>2</GreekSeq></word><word seq="4">with<GreekSeq>5</GreekSeq></word><word seq="5">my own<GreekSeq>4</GreekSeq></word><word seq="6">hand.<GreekSeq>5</GreekSeq></word><word seq="7">Remember<GreekSeq>7</GreekSeq></word><word seq="8">my<GreekSeq>8</GreekSeq></word><word seq="9">chains.<GreekSeq>10</GreekSeq></word><word seq="10">Grace<GreekSeq>12</GreekSeq></word><word seq="11">be</word><word seq="12">with<GreekSeq>13</GreekSeq></word><word seq="13">you.<GreekSeq>14</GreekSeq></word></ESV></verse></chapter></book>