<?xml version="1.0" encoding="UTF-8" standalone="no"?><book><chapter number="2">'<verse number="1"><ESV><word seq="1">And<GreekSeq>1</GreekSeq></word><word seq="2">you<GreekSeq>2</GreekSeq></word><word seq="3">were<GreekSeq>3</GreekSeq></word><word seq="4">dead<GreekSeq>4</GreekSeq></word><word seq="5">in the trespasses<GreekSeq>6</GreekSeq></word><word seq="6">and<GreekSeq>7</GreekSeq></word><word seq="7">sins<GreekSeq>9</GreekSeq></word></ESV></verse>
<verse number="2"><ESV><word seq="1">in<GreekSeq>1</GreekSeq></word><word seq="2">which<GreekSeq>2</GreekSeq></word><word seq="3">you<GreekSeq>4</GreekSeq></word><word seq="4">once<GreekSeq>3</GreekSeq></word><word seq="5">walked,<GreekSeq>4</GreekSeq></word><word seq="6">following<GreekSeq>5</GreekSeq></word><word seq="7">the<GreekSeq>6</GreekSeq></word><word seq="8">course<GreekSeq>7</GreekSeq></word><word seq="9">of this<GreekSeq>10</GreekSeq></word><word seq="10">world,<GreekSeq>9</GreekSeq></word><word seq="11">following<GreekSeq>11</GreekSeq></word><word seq="12">the<GreekSeq>12</GreekSeq></word><word seq="13">prince<GreekSeq>13</GreekSeq></word><word seq="14">of the<GreekSeq>14</GreekSeq></word><word seq="15">power<GreekSeq>15</GreekSeq></word><word seq="16">of the<GreekSeq>16</GreekSeq></word><word seq="17">air,<GreekSeq>17</GreekSeq></word><word seq="18">the<GreekSeq>18</GreekSeq></word><word seq="19">spirit<GreekSeq>19</GreekSeq></word><word seq="20">that is</word><word seq="21">now<GreekSeq>21</GreekSeq></word><word seq="22">at work<GreekSeq>22</GreekSeq></word><word seq="23">in<GreekSeq>23</GreekSeq></word><word seq="24">the<GreekSeq>24</GreekSeq></word><word seq="25">sons<GreekSeq>25</GreekSeq></word><word seq="26">of disobedience —<GreekSeq>27</GreekSeq></word></ESV></verse>
<verse number="3"><ESV><word seq="1">among<GreekSeq>1</GreekSeq></word><word seq="2">whom<GreekSeq>2</GreekSeq></word><word seq="3">we<GreekSeq>4</GreekSeq></word><word seq="4">all<GreekSeq>5</GreekSeq></word><word seq="5">once<GreekSeq>7</GreekSeq></word><word seq="6">lived<GreekSeq>6</GreekSeq></word><word seq="7">in<GreekSeq>8</GreekSeq></word><word seq="8">the<GreekSeq>9</GreekSeq></word><word seq="9">passions<GreekSeq>10</GreekSeq></word><word seq="10">of<GreekSeq>12</GreekSeq></word><word seq="11">our<GreekSeq>13</GreekSeq></word><word seq="12">flesh,<GreekSeq>12</GreekSeq></word><word seq="13">carrying out<GreekSeq>14</GreekSeq></word><word seq="14">the<GreekSeq>15</GreekSeq></word><word seq="15">desires<GreekSeq>16</GreekSeq></word><word seq="16">of the<GreekSeq>17</GreekSeq></word><word seq="17">body<GreekSeq>18</GreekSeq></word><word seq="18">and<GreekSeq>19</GreekSeq></word><word seq="19">the<GreekSeq>20</GreekSeq></word><word seq="20">mind,<GreekSeq>21</GreekSeq></word><word seq="21">and<GreekSeq>22</GreekSeq></word><word seq="22">were<GreekSeq>23</GreekSeq></word><word seq="23">by nature<GreekSeq>25</GreekSeq></word><word seq="24">children<GreekSeq>24</GreekSeq></word><word seq="25">of wrath,<GreekSeq>26</GreekSeq></word><word seq="26">like<GreekSeq>27</GreekSeq></word><word seq="27">the<GreekSeq>29</GreekSeq></word><word seq="28">rest<GreekSeq>30</GreekSeq></word><word seq="29">of mankind.</word></ESV></verse>
<verse number="4"><ESV><word seq="1">But<GreekSeq>2</GreekSeq></word><word seq="2">God,<GreekSeq>3</GreekSeq></word><word seq="3">being<GreekSeq>5</GreekSeq></word><word seq="4">rich<GreekSeq>4</GreekSeq></word><word seq="5">in<GreekSeq>6</GreekSeq></word><word seq="6">mercy,<GreekSeq>7</GreekSeq></word><word seq="7">because of<GreekSeq>8</GreekSeq></word><word seq="8">the<GreekSeq>9</GreekSeq></word><word seq="9">great<GreekSeq>10</GreekSeq></word><word seq="10">love<GreekSeq>11</GreekSeq></word><word seq="11">with which<GreekSeq>13</GreekSeq></word><word seq="12">he loved<GreekSeq>14</GreekSeq></word><word seq="13">us,<GreekSeq>15</GreekSeq></word></ESV></verse>
<verse number="5"><ESV><word seq="1">even<GreekSeq>1</GreekSeq></word><word seq="2">when<GreekSeq>2</GreekSeq></word><word seq="3">we<GreekSeq>3</GreekSeq></word><word seq="4">were<GreekSeq>2</GreekSeq></word><word seq="5">dead<GreekSeq>4</GreekSeq></word><word seq="6">in [our] trespasses,<GreekSeq>6</GreekSeq></word><word seq="7">made [us] alive together with<GreekSeq>7</GreekSeq></word><word seq="8">Christ<GreekSeq>9</GreekSeq></word><word seq="9">— by grace<GreekSeq>10</GreekSeq></word><word seq="10">you have been<GreekSeq>11</GreekSeq></word><word seq="11">saved —<GreekSeq>12</GreekSeq></word></ESV></verse>
<verse number="6"><ESV><word seq="1">and<GreekSeq>1</GreekSeq></word><word seq="2">raised us [up] with<GreekSeq>2</GreekSeq></word><word seq="3">him</word><word seq="4">and<GreekSeq>3</GreekSeq></word><word seq="5">seated [us] with<GreekSeq>4</GreekSeq></word><word seq="6">him</word><word seq="7">in<GreekSeq>5</GreekSeq></word><word seq="8">the<GreekSeq>6</GreekSeq></word><word seq="9">heavenly places<GreekSeq>7</GreekSeq></word><word seq="10">in<GreekSeq>8</GreekSeq></word><word seq="11">Christ<GreekSeq>9</GreekSeq></word><word seq="12">Jesus,<GreekSeq>10</GreekSeq></word></ESV></verse>
<verse number="7"><ESV><word seq="1">so that<GreekSeq>1</GreekSeq></word><word seq="2">in<GreekSeq>3</GreekSeq></word><word seq="3">the<GreekSeq>6</GreekSeq></word><word seq="4">coming<GreekSeq>7</GreekSeq></word><word seq="5">ages<GreekSeq>5</GreekSeq></word><word seq="6">he might show<GreekSeq>2</GreekSeq></word><word seq="7">the<GreekSeq>8</GreekSeq></word><word seq="8">immeasurable<GreekSeq>9</GreekSeq></word><word seq="9">riches<GreekSeq>10</GreekSeq></word><word seq="10">of<GreekSeq>12</GreekSeq></word><word seq="11">his<GreekSeq>13</GreekSeq></word><word seq="12">grace<GreekSeq>12</GreekSeq></word><word seq="13">in<GreekSeq>14</GreekSeq></word><word seq="14">kindness<GreekSeq>15</GreekSeq></word><word seq="15">toward<GreekSeq>16</GreekSeq></word><word seq="16">us<GreekSeq>17</GreekSeq></word><word seq="17">in<GreekSeq>18</GreekSeq></word><word seq="18">Christ<GreekSeq>19</GreekSeq></word><word seq="19">Jesus.<GreekSeq>20</GreekSeq></word></ESV></verse>
<verse number="8"><ESV><word seq="1">For<GreekSeq>2</GreekSeq></word><word seq="2">by grace<GreekSeq>3</GreekSeq></word><word seq="3">you have been<GreekSeq>4</GreekSeq></word><word seq="4">saved<GreekSeq>5</GreekSeq></word><word seq="5">through<GreekSeq>6</GreekSeq></word><word seq="6">faith.<GreekSeq>7</GreekSeq></word><word seq="7">And<GreekSeq>8</GreekSeq></word><word seq="8">this<GreekSeq>9</GreekSeq></word><word seq="9">is</word><word seq="10">not<GreekSeq>10</GreekSeq></word><word seq="11">your own [doing];<GreekSeq>12</GreekSeq></word><word seq="12">it is</word><word seq="13">the<GreekSeq>14</GreekSeq></word><word seq="14">gift<GreekSeq>15</GreekSeq></word><word seq="15">of God,<GreekSeq>13</GreekSeq></word></ESV></verse>
<verse number="9"><ESV><word seq="1">not<GreekSeq>1</GreekSeq></word><word seq="2">[a result] of<GreekSeq>2</GreekSeq></word><word seq="3">works,<GreekSeq>3</GreekSeq></word><word seq="4">so that<GreekSeq>4</GreekSeq></word><word seq="5">no<GreekSeq>5</GreekSeq></word><word seq="6">one<GreekSeq>6</GreekSeq></word><word seq="7">may boast.<GreekSeq>7</GreekSeq></word></ESV></verse>
<verse number="10"><ESV><word seq="1">For<GreekSeq>2</GreekSeq></word><word seq="2">we are<GreekSeq>3</GreekSeq></word><word seq="3">his<GreekSeq>1</GreekSeq></word><word seq="4">workmanship,<GreekSeq>4</GreekSeq></word><word seq="5">created<GreekSeq>5</GreekSeq></word><word seq="6">in<GreekSeq>6</GreekSeq></word><word seq="7">Christ<GreekSeq>7</GreekSeq></word><word seq="8">Jesus<GreekSeq>8</GreekSeq></word><word seq="9">for<GreekSeq>9</GreekSeq></word><word seq="10">good<GreekSeq>11</GreekSeq></word><word seq="11">works,<GreekSeq>10</GreekSeq></word><word seq="12">which<GreekSeq>12</GreekSeq></word><word seq="13">God<GreekSeq>15</GreekSeq></word><word seq="14">prepared beforehand,<GreekSeq>13</GreekSeq></word><word seq="15">that<GreekSeq>16</GreekSeq></word><word seq="16">we should walk<GreekSeq>19</GreekSeq></word><word seq="17">in<GreekSeq>17</GreekSeq></word><word seq="18">them.<GreekSeq>18</GreekSeq></word></ESV></verse>
<verse number="11"><ESV><word seq="1">Therefore<GreekSeq>1</GreekSeq></word><word seq="2">remember<GreekSeq>2</GreekSeq></word><word seq="3">that<GreekSeq>3</GreekSeq></word><word seq="4">at one time<GreekSeq>4</GreekSeq></word><word seq="5">you<GreekSeq>5</GreekSeq></word><word seq="6">Gentiles<GreekSeq>7</GreekSeq></word><word seq="7">in<GreekSeq>8</GreekSeq></word><word seq="8">the flesh,<GreekSeq>9</GreekSeq></word><word seq="9">called<GreekSeq>11</GreekSeq></word><word seq="10">“the uncircumcision”<GreekSeq>12</GreekSeq></word><word seq="11">by<GreekSeq>13</GreekSeq></word><word seq="12">what is called<GreekSeq>14</GreekSeq><GreekSeq>15</GreekSeq></word><word seq="13">the circumcision,<GreekSeq>16</GreekSeq></word><word seq="14">which is made<GreekSeq>19</GreekSeq></word><word seq="15">in<GreekSeq>17</GreekSeq></word><word seq="16">the flesh<GreekSeq>18</GreekSeq></word><word seq="17">by hands —<GreekSeq>19</GreekSeq></word></ESV></verse>
<verse number="12"><ESV><word seq="1">remember</word><word seq="2">that<GreekSeq>1</GreekSeq></word><word seq="3">you were<GreekSeq>2</GreekSeq></word><word seq="4">at that<GreekSeq>5</GreekSeq></word><word seq="5">time<GreekSeq>4</GreekSeq></word><word seq="6">separated from<GreekSeq>6</GreekSeq></word><word seq="7">Christ,<GreekSeq>7</GreekSeq></word><word seq="8">alienated from<GreekSeq>8</GreekSeq></word><word seq="9">the<GreekSeq>9</GreekSeq></word><word seq="10">commonwealth<GreekSeq>10</GreekSeq></word><word seq="11">of Israel<GreekSeq>12</GreekSeq></word><word seq="12">and<GreekSeq>13</GreekSeq></word><word seq="13">strangers<GreekSeq>14</GreekSeq></word><word seq="14">to the<GreekSeq>15</GreekSeq></word><word seq="15">covenants of<GreekSeq>16</GreekSeq></word><word seq="16">promise,<GreekSeq>18</GreekSeq></word><word seq="17">having<GreekSeq>21</GreekSeq></word><word seq="18">no<GreekSeq>20</GreekSeq></word><word seq="19">hope<GreekSeq>19</GreekSeq></word><word seq="20">and<GreekSeq>22</GreekSeq></word><word seq="21">without God<GreekSeq>23</GreekSeq></word><word seq="22">in<GreekSeq>24</GreekSeq></word><word seq="23">the<GreekSeq>25</GreekSeq></word><word seq="24">world.<GreekSeq>26</GreekSeq></word></ESV></verse>
<verse number="13"><ESV><word seq="1">But<GreekSeq>2</GreekSeq></word><word seq="2">now<GreekSeq>1</GreekSeq></word><word seq="3">in<GreekSeq>3</GreekSeq></word><word seq="4">Christ<GreekSeq>4</GreekSeq></word><word seq="5">Jesus<GreekSeq>5</GreekSeq></word><word seq="6">you<GreekSeq>6</GreekSeq></word><word seq="7">who<GreekSeq>9</GreekSeq></word><word seq="8">once<GreekSeq>8</GreekSeq></word><word seq="9">were<GreekSeq>9</GreekSeq></word><word seq="10">far off<GreekSeq>10</GreekSeq></word><word seq="11">have been brought<GreekSeq>11</GreekSeq></word><word seq="12">near<GreekSeq>12</GreekSeq></word><word seq="13">by<GreekSeq>13</GreekSeq></word><word seq="14">the<GreekSeq>14</GreekSeq></word><word seq="15">blood<GreekSeq>15</GreekSeq></word><word seq="16">of Christ.<GreekSeq>17</GreekSeq></word></ESV></verse>
<verse number="14"><ESV><word seq="1">For<GreekSeq>2</GreekSeq></word><word seq="2">he himself<GreekSeq>1</GreekSeq></word><word seq="3">is<GreekSeq>3</GreekSeq></word><word seq="4">our<GreekSeq>6</GreekSeq></word><word seq="5">peace,<GreekSeq>5</GreekSeq></word><word seq="6">who has made<GreekSeq>8</GreekSeq></word><word seq="7">us</word><word seq="8">both<GreekSeq>10</GreekSeq></word><word seq="9">one<GreekSeq>11</GreekSeq></word><word seq="10">and<GreekSeq>12</GreekSeq></word><word seq="11">has broken down<GreekSeq>17</GreekSeq></word><word seq="12">in<GreekSeq>20</GreekSeq></word><word seq="13">his<GreekSeq>23</GreekSeq></word><word seq="14">flesh<GreekSeq>22</GreekSeq></word><word seq="15">the<GreekSeq>13</GreekSeq></word><word seq="16">dividing<GreekSeq>16</GreekSeq></word><word seq="17">wall of<GreekSeq>14</GreekSeq></word><word seq="18">hostility<GreekSeq>19</GreekSeq></word></ESV></verse>
<verse number="15"><ESV><word seq="1">by abolishing<GreekSeq>7</GreekSeq></word><word seq="2">the<GreekSeq>1</GreekSeq></word><word seq="3">law<GreekSeq>2</GreekSeq></word><word seq="4">of commandments<GreekSeq>4</GreekSeq></word><word seq="5">expressed</word><word seq="6">in<GreekSeq>5</GreekSeq></word><word seq="7">ordinances,<GreekSeq>6</GreekSeq></word><word seq="8">that<GreekSeq>8</GreekSeq></word><word seq="9">he might create<GreekSeq>11</GreekSeq></word><word seq="10">in<GreekSeq>12</GreekSeq></word><word seq="11">himself<GreekSeq>13</GreekSeq></word><word seq="12">one<GreekSeq>15</GreekSeq></word><word seq="13">new<GreekSeq>16</GreekSeq></word><word seq="14">man<GreekSeq>17</GreekSeq></word><word seq="15">in [place of]</word><word seq="16">the<GreekSeq>9</GreekSeq></word><word seq="17">two,<GreekSeq>10</GreekSeq></word><word seq="18">so</word><word seq="19">making<GreekSeq>18</GreekSeq></word><word seq="20">peace,<GreekSeq>19</GreekSeq></word></ESV></verse>
<verse number="16"><ESV><word seq="1">and<GreekSeq>1</GreekSeq></word><word seq="2">might reconcile<GreekSeq>2</GreekSeq></word><word seq="3">us<GreekSeq>3</GreekSeq></word><word seq="4">both<GreekSeq>4</GreekSeq></word><word seq="5">to God<GreekSeq>9</GreekSeq></word><word seq="6">in<GreekSeq>5</GreekSeq></word><word seq="7">one<GreekSeq>6</GreekSeq></word><word seq="8">body<GreekSeq>7</GreekSeq></word><word seq="9">through<GreekSeq>10</GreekSeq></word><word seq="10">the<GreekSeq>11</GreekSeq></word><word seq="11">cross,<GreekSeq>12</GreekSeq></word><word seq="12">thereby<GreekSeq>16</GreekSeq><GreekSeq>17</GreekSeq></word><word seq="13">killing<GreekSeq>13</GreekSeq></word><word seq="14">the<GreekSeq>14</GreekSeq></word><word seq="15">hostility.<GreekSeq>15</GreekSeq></word></ESV></verse>
<verse number="17"><ESV><word seq="1">And<GreekSeq>1</GreekSeq></word><word seq="2">he came<GreekSeq>2</GreekSeq></word><word seq="3">and</word><word seq="4">preached<GreekSeq>3</GreekSeq></word><word seq="5">peace<GreekSeq>4</GreekSeq></word><word seq="6">to you<GreekSeq>5</GreekSeq></word><word seq="7">who<GreekSeq>6</GreekSeq></word><word seq="8">were</word><word seq="9">far off<GreekSeq>7</GreekSeq></word><word seq="10">and<GreekSeq>8</GreekSeq></word><word seq="11">peace<GreekSeq>9</GreekSeq></word><word seq="12">to those<GreekSeq>10</GreekSeq></word><word seq="13">who were</word><word seq="14">near.<GreekSeq>11</GreekSeq></word></ESV></verse>
<verse number="18"><ESV><word seq="1">For<GreekSeq>1</GreekSeq></word><word seq="2">through<GreekSeq>2</GreekSeq></word><word seq="3">him<GreekSeq>3</GreekSeq></word><word seq="4">we<GreekSeq>4</GreekSeq></word><word seq="5">both<GreekSeq>8</GreekSeq></word><word seq="6">have<GreekSeq>4</GreekSeq></word><word seq="7">access<GreekSeq>6</GreekSeq></word><word seq="8">in<GreekSeq>9</GreekSeq></word><word seq="9">one<GreekSeq>10</GreekSeq></word><word seq="10">Spirit<GreekSeq>11</GreekSeq></word><word seq="11">to<GreekSeq>12</GreekSeq></word><word seq="12">the<GreekSeq>13</GreekSeq></word><word seq="13">Father.<GreekSeq>14</GreekSeq></word></ESV></verse>
<verse number="19"><ESV><word seq="1">So<GreekSeq>1</GreekSeq></word><word seq="2">then<GreekSeq>2</GreekSeq></word><word seq="3">you are<GreekSeq>4</GreekSeq></word><word seq="4">no longer<GreekSeq>3</GreekSeq></word><word seq="5">strangers<GreekSeq>5</GreekSeq></word><word seq="6">and<GreekSeq>6</GreekSeq></word><word seq="7">aliens,<GreekSeq>7</GreekSeq></word><word seq="8">but<GreekSeq>8</GreekSeq></word><word seq="9">you are<GreekSeq>9</GreekSeq></word><word seq="10">fellow citizens with<GreekSeq>10</GreekSeq></word><word seq="11">the<GreekSeq>11</GreekSeq></word><word seq="12">saints<GreekSeq>12</GreekSeq></word><word seq="13">and<GreekSeq>13</GreekSeq></word><word seq="14">members of the household<GreekSeq>14</GreekSeq></word><word seq="15">of God,<GreekSeq>16</GreekSeq></word></ESV></verse>
<verse number="20"><ESV><word seq="1">built<GreekSeq>1</GreekSeq></word><word seq="2">on<GreekSeq>2</GreekSeq></word><word seq="3">the<GreekSeq>3</GreekSeq></word><word seq="4">foundation<GreekSeq>4</GreekSeq></word><word seq="5">of the<GreekSeq>5</GreekSeq></word><word seq="6">apostles<GreekSeq>6</GreekSeq></word><word seq="7">and<GreekSeq>7</GreekSeq></word><word seq="8">prophets,<GreekSeq>8</GreekSeq></word><word seq="9">Christ<GreekSeq>12</GreekSeq></word><word seq="10">Jesus<GreekSeq>13</GreekSeq></word><word seq="11">himself<GreekSeq>11</GreekSeq></word><word seq="12">being<GreekSeq>9</GreekSeq></word><word seq="13">the cornerstone,<GreekSeq>10</GreekSeq></word></ESV></verse>
<verse number="21"><ESV><word seq="1">in<GreekSeq>1</GreekSeq></word><word seq="2">whom<GreekSeq>2</GreekSeq></word><word seq="3">the whole<GreekSeq>3</GreekSeq></word><word seq="4">structure,<GreekSeq>4</GreekSeq></word><word seq="5">being joined together,<GreekSeq>5</GreekSeq></word><word seq="6">grows<GreekSeq>6</GreekSeq></word><word seq="7">into<GreekSeq>7</GreekSeq></word><word seq="8">a holy<GreekSeq>9</GreekSeq></word><word seq="9">temple<GreekSeq>8</GreekSeq></word><word seq="10">in<GreekSeq>10</GreekSeq></word><word seq="11">the Lord.<GreekSeq>11</GreekSeq></word></ESV></verse>
<verse number="22"><ESV><word seq="1">In<GreekSeq>1</GreekSeq></word><word seq="2">him<GreekSeq>2</GreekSeq></word><word seq="3">you<GreekSeq>4</GreekSeq></word><word seq="4">also<GreekSeq>3</GreekSeq></word><word seq="5">are being built together<GreekSeq>5</GreekSeq></word><word seq="6">into<GreekSeq>6</GreekSeq></word><word seq="7">a dwelling place<GreekSeq>7</GreekSeq></word><word seq="8">[for] God<GreekSeq>9</GreekSeq></word><word seq="9">by<GreekSeq>10</GreekSeq></word><word seq="10">the Spirit.<GreekSeq>11</GreekSeq></word></ESV></verse></chapter></book>