<?xml version="1.0" encoding="UTF-8" standalone="no"?><book><chapter number="6">'<verse number="1"><ESV><word seq="1">Brothers,<GreekSeq>1</GreekSeq></word><word seq="2">if<GreekSeq>2</GreekSeq></word><word seq="3">anyone<GreekSeq>5</GreekSeq></word><word seq="4">is caught<GreekSeq>4</GreekSeq></word><word seq="5">in<GreekSeq>6</GreekSeq></word><word seq="6">any<GreekSeq>7</GreekSeq></word><word seq="7">transgression,<GreekSeq>8</GreekSeq></word><word seq="8">you<GreekSeq>9</GreekSeq></word><word seq="9">who<GreekSeq>10</GreekSeq></word><word seq="10">are</word><word seq="11">spiritual<GreekSeq>11</GreekSeq></word><word seq="12">should restore<GreekSeq>12</GreekSeq></word><word seq="13">him<GreekSeq>14</GreekSeq></word><word seq="14">in<GreekSeq>15</GreekSeq></word><word seq="15">a spirit<GreekSeq>16</GreekSeq></word><word seq="16">of gentleness.<GreekSeq>17</GreekSeq></word><word seq="17">Keep watch<GreekSeq>18</GreekSeq></word><word seq="18">on yourself,<GreekSeq>19</GreekSeq></word><word seq="19">lest<GreekSeq>20</GreekSeq></word><word seq="20">you<GreekSeq>22</GreekSeq></word><word seq="21">too<GreekSeq>21</GreekSeq></word><word seq="22">be tempted.<GreekSeq>23</GreekSeq></word></ESV></verse>
<verse number="2"><ESV><word seq="1">Bear<GreekSeq>4</GreekSeq></word><word seq="2">one another’s<GreekSeq>1</GreekSeq></word><word seq="3">burdens,<GreekSeq>3</GreekSeq></word><word seq="4">and<GreekSeq>5</GreekSeq></word><word seq="5">so<GreekSeq>6</GreekSeq></word><word seq="6">fulfill<GreekSeq>7</GreekSeq></word><word seq="7">the<GreekSeq>8</GreekSeq></word><word seq="8">law<GreekSeq>9</GreekSeq></word><word seq="9">of Christ.<GreekSeq>11</GreekSeq></word></ESV></verse>
<verse number="3"><ESV><word seq="1">For<GreekSeq>2</GreekSeq></word><word seq="2">if<GreekSeq>1</GreekSeq></word><word seq="3">anyone<GreekSeq>4</GreekSeq></word><word seq="4">thinks<GreekSeq>3</GreekSeq></word><word seq="5">he is<GreekSeq>5</GreekSeq></word><word seq="6">something,<GreekSeq>6</GreekSeq></word><word seq="7">when he is<GreekSeq>8</GreekSeq></word><word seq="8">nothing,<GreekSeq>7</GreekSeq></word><word seq="9">he deceives<GreekSeq>9</GreekSeq></word><word seq="10">himself.<GreekSeq>10</GreekSeq></word></ESV></verse>
<verse number="4"><ESV><word seq="1">But<GreekSeq>2</GreekSeq></word><word seq="2">let<GreekSeq>5</GreekSeq></word><word seq="3">each one<GreekSeq>6</GreekSeq></word><word seq="4">test<GreekSeq>5</GreekSeq></word><word seq="5">his own<GreekSeq>4</GreekSeq></word><word seq="6">work,<GreekSeq>3</GreekSeq></word><word seq="7">and<GreekSeq>7</GreekSeq></word><word seq="8">then<GreekSeq>8</GreekSeq></word><word seq="9">[his reason to] boast<GreekSeq>13</GreekSeq></word><word seq="10">will be<GreekSeq>14</GreekSeq></word><word seq="11">in<GreekSeq>9</GreekSeq></word><word seq="12">himself<GreekSeq>10</GreekSeq></word><word seq="13">alone<GreekSeq>11</GreekSeq></word><word seq="14">and<GreekSeq>15</GreekSeq></word><word seq="15">not<GreekSeq>16</GreekSeq></word><word seq="16">in<GreekSeq>17</GreekSeq></word><word seq="17">his</word><word seq="18">[neighbor].<GreekSeq>19</GreekSeq></word></ESV></verse>
<verse number="5"><ESV><word seq="1">For<GreekSeq>2</GreekSeq></word><word seq="2">each<GreekSeq>1</GreekSeq></word><word seq="3">will have to bear<GreekSeq>6</GreekSeq></word><word seq="4">his own<GreekSeq>4</GreekSeq></word><word seq="5">load.<GreekSeq>5</GreekSeq></word></ESV></verse>
<verse number="6"><ESV><word seq="1">Let<GreekSeq>1</GreekSeq></word><word seq="2">the one<GreekSeq>3</GreekSeq></word><word seq="3">who is taught<GreekSeq>4</GreekSeq></word><word seq="4">the<GreekSeq>5</GreekSeq></word><word seq="5">word<GreekSeq>6</GreekSeq></word><word seq="6">share<GreekSeq>1</GreekSeq></word><word seq="7">all<GreekSeq>10</GreekSeq></word><word seq="8">good things<GreekSeq>11</GreekSeq></word><word seq="9">with the one<GreekSeq>7</GreekSeq></word><word seq="10">who teaches.<GreekSeq>8</GreekSeq></word></ESV></verse>
<verse number="7"><ESV><word seq="1">Do</word><word seq="2">not<GreekSeq>1</GreekSeq></word><word seq="3">be deceived:<GreekSeq>2</GreekSeq></word><word seq="4">God<GreekSeq>3</GreekSeq></word><word seq="5">is<GreekSeq>5</GreekSeq></word><word seq="6">not<GreekSeq>4</GreekSeq></word><word seq="7">mocked,<GreekSeq>5</GreekSeq></word><word seq="8">for<GreekSeq>7</GreekSeq></word><word seq="9">whatever<GreekSeq>6</GreekSeq><GreekSeq>8</GreekSeq></word><word seq="10">one<GreekSeq>10</GreekSeq></word><word seq="11">sows,<GreekSeq>9</GreekSeq></word><word seq="12">that<GreekSeq>11</GreekSeq></word><word seq="13">will he<GreekSeq>13</GreekSeq></word><word seq="14">also<GreekSeq>12</GreekSeq></word><word seq="15">reap.<GreekSeq>13</GreekSeq></word></ESV></verse>
<verse number="8"><ESV><word seq="1">For<GreekSeq>1</GreekSeq></word><word seq="2">the one<GreekSeq>2</GreekSeq></word><word seq="3">who sows<GreekSeq>3</GreekSeq></word><word seq="4">to<GreekSeq>4</GreekSeq></word><word seq="5">his own<GreekSeq>7</GreekSeq></word><word seq="6">flesh<GreekSeq>6</GreekSeq></word><word seq="7">will<GreekSeq>11</GreekSeq></word><word seq="8">from<GreekSeq>8</GreekSeq></word><word seq="9">the<GreekSeq>9</GreekSeq></word><word seq="10">flesh<GreekSeq>10</GreekSeq></word><word seq="11">reap<GreekSeq>22</GreekSeq></word><word seq="12">corruption,<GreekSeq>12</GreekSeq></word><word seq="13">but<GreekSeq>14</GreekSeq></word><word seq="14">the one<GreekSeq>13</GreekSeq></word><word seq="15">who sows<GreekSeq>15</GreekSeq></word><word seq="16">to<GreekSeq>16</GreekSeq></word><word seq="17">the<GreekSeq>17</GreekSeq></word><word seq="18">Spirit<GreekSeq>18</GreekSeq></word><word seq="19">will<GreekSeq>22</GreekSeq></word><word seq="20">from<GreekSeq>19</GreekSeq></word><word seq="21">the<GreekSeq>20</GreekSeq></word><word seq="22">Spirit<GreekSeq>21</GreekSeq></word><word seq="23">reap<GreekSeq>22</GreekSeq></word><word seq="24">eternal<GreekSeq>24</GreekSeq></word><word seq="25">life.<GreekSeq>23</GreekSeq></word></ESV></verse>
<verse number="9"><ESV><word seq="1">And<GreekSeq>2</GreekSeq></word><word seq="2">let us<GreekSeq>6</GreekSeq></word><word seq="3">not<GreekSeq>5</GreekSeq></word><word seq="4">grow weary of<GreekSeq>6</GreekSeq></word><word seq="5">doing<GreekSeq>4</GreekSeq></word><word seq="6">good,<GreekSeq>3</GreekSeq></word><word seq="7">for<GreekSeq>8</GreekSeq></word><word seq="8">in due season<GreekSeq>7</GreekSeq><GreekSeq>9</GreekSeq></word><word seq="9">we will reap,<GreekSeq>10</GreekSeq></word><word seq="10">[if]<GreekSeq>8</GreekSeq></word><word seq="11">we<GreekSeq>12</GreekSeq></word><word seq="12">do</word><word seq="13">not<GreekSeq>11</GreekSeq></word><word seq="14">give up.<GreekSeq>12</GreekSeq></word></ESV></verse>
<verse number="10"><ESV><word seq="1">So<GreekSeq>1</GreekSeq></word><word seq="2">then,<GreekSeq>2</GreekSeq></word><word seq="3">as<GreekSeq>3</GreekSeq></word><word seq="4">we have<GreekSeq>5</GreekSeq></word><word seq="5">opportunity,<GreekSeq>4</GreekSeq></word><word seq="6">let us do<GreekSeq>6</GreekSeq></word><word seq="7">good<GreekSeq>8</GreekSeq></word><word seq="8">to<GreekSeq>9</GreekSeq></word><word seq="9">everyone,<GreekSeq>10</GreekSeq></word><word seq="10">and<GreekSeq>12</GreekSeq></word><word seq="11">especially<GreekSeq>11</GreekSeq></word><word seq="12">to<GreekSeq>13</GreekSeq></word><word seq="13">those<GreekSeq>14</GreekSeq></word><word seq="14">who are</word><word seq="15">of the household<GreekSeq>15</GreekSeq></word><word seq="16">of faith.<GreekSeq>17</GreekSeq></word></ESV></verse>
<verse number="11"><ESV><word seq="1">See<GreekSeq>1</GreekSeq></word><word seq="2">with what large<GreekSeq>2</GreekSeq></word><word seq="3">letters<GreekSeq>4</GreekSeq></word><word seq="4">I am writing<GreekSeq>5</GreekSeq></word><word seq="5">to you<GreekSeq>3</GreekSeq></word><word seq="6">with my own<GreekSeq>7</GreekSeq></word><word seq="7">hand.<GreekSeq>8</GreekSeq></word></ESV></verse>
<verse number="12"><ESV><word seq="1">It is</word><word seq="2">those who<GreekSeq>1</GreekSeq></word><word seq="3">want<GreekSeq>2</GreekSeq></word><word seq="4">to make a good showing<GreekSeq>3</GreekSeq></word><word seq="5">in<GreekSeq>4</GreekSeq></word><word seq="6">the flesh<GreekSeq>5</GreekSeq></word><word seq="7">who<GreekSeq>6</GreekSeq></word><word seq="8">would force<GreekSeq>7</GreekSeq></word><word seq="9">you<GreekSeq>8</GreekSeq></word><word seq="10">to be circumcised,<GreekSeq>9</GreekSeq></word><word seq="11">and</word><word seq="12">only<GreekSeq>10</GreekSeq></word><word seq="13">in order that<GreekSeq>11</GreekSeq></word><word seq="14">they may<GreekSeq>17</GreekSeq></word><word seq="15">not<GreekSeq>16</GreekSeq></word><word seq="16">be persecuted<GreekSeq>17</GreekSeq></word><word seq="17">for the<GreekSeq>12</GreekSeq></word><word seq="18">cross<GreekSeq>13</GreekSeq></word><word seq="19">of Christ.<GreekSeq>15</GreekSeq></word></ESV></verse>
<verse number="13"><ESV><word seq="1">For<GreekSeq>2</GreekSeq></word><word seq="2">even<GreekSeq>1</GreekSeq></word><word seq="3">those<GreekSeq>3</GreekSeq></word><word seq="4">who are circumcised<GreekSeq>4</GreekSeq></word><word seq="5">do</word><word seq="6">not<GreekSeq>1</GreekSeq></word><word seq="7">themselves<GreekSeq>5</GreekSeq></word><word seq="8">keep<GreekSeq>7</GreekSeq></word><word seq="9">the law,<GreekSeq>6</GreekSeq></word><word seq="10">but<GreekSeq>8</GreekSeq></word><word seq="11">they desire<GreekSeq>9</GreekSeq></word><word seq="12">to have<GreekSeq>11</GreekSeq></word><word seq="13">you<GreekSeq>10</GreekSeq></word><word seq="14">circumcised<GreekSeq>11</GreekSeq></word><word seq="15">that<GreekSeq>12</GreekSeq></word><word seq="16">they may boast<GreekSeq>17</GreekSeq></word><word seq="17">in<GreekSeq>13</GreekSeq></word><word seq="18">your<GreekSeq>15</GreekSeq></word><word seq="19">flesh.<GreekSeq>16</GreekSeq></word></ESV></verse>
<verse number="14"><ESV><word seq="1">But<GreekSeq>2</GreekSeq></word><word seq="2">far be it<GreekSeq>3</GreekSeq><GreekSeq>4</GreekSeq></word><word seq="3">from me<GreekSeq>1</GreekSeq></word><word seq="4">to boast<GreekSeq>5</GreekSeq></word><word seq="5" note="εἰ μή Strong Code (1508)">except<GreekSeq>6</GreekSeq><GreekSeq>7</GreekSeq></word><word seq="6">in<GreekSeq>8</GreekSeq></word><word seq="7">the<GreekSeq>9</GreekSeq></word><word seq="8">cross<GreekSeq>10</GreekSeq></word><word seq="9">of<GreekSeq>12</GreekSeq></word><word seq="10">our<GreekSeq>13</GreekSeq></word><word seq="11">Lord<GreekSeq>12</GreekSeq></word><word seq="12">Jesus<GreekSeq>14</GreekSeq></word><word seq="13">Christ,<GreekSeq>15</GreekSeq></word><word seq="14">by<GreekSeq>16</GreekSeq></word><word seq="15">which<GreekSeq>17</GreekSeq></word><word seq="16">the world<GreekSeq>19</GreekSeq></word><word seq="17">has been crucified<GreekSeq>20</GreekSeq></word><word seq="18">to me,<GreekSeq>18</GreekSeq></word><word seq="19">and I<GreekSeq>21</GreekSeq></word><word seq="20">to the world.<GreekSeq>22</GreekSeq></word></ESV></verse>
<verse number="15"><ESV><word seq="1">For<GreekSeq>2</GreekSeq></word><word seq="2">neither<GreekSeq>1</GreekSeq></word><word seq="3">circumcision<GreekSeq>3</GreekSeq></word><word seq="4">counts for<GreekSeq>5</GreekSeq></word><word seq="5">anything,<GreekSeq>4</GreekSeq></word><word seq="6">nor<GreekSeq>6</GreekSeq></word><word seq="7">uncircumcision,<GreekSeq>7</GreekSeq></word><word seq="8">but<GreekSeq>8</GreekSeq></word><word seq="9">a new<GreekSeq>9</GreekSeq></word><word seq="10">creation.<GreekSeq>10</GreekSeq></word></ESV></verse>
<verse number="16"><ESV><word seq="1">And<GreekSeq>1</GreekSeq></word><word seq="2">as for all who<GreekSeq>2</GreekSeq></word><word seq="3">walk<GreekSeq>6</GreekSeq></word><word seq="4">by this<GreekSeq>5</GreekSeq></word><word seq="5">rule,<GreekSeq>4</GreekSeq></word><word seq="6">peace<GreekSeq>7</GreekSeq></word><word seq="7">and<GreekSeq>10</GreekSeq></word><word seq="8">mercy<GreekSeq>11</GreekSeq></word><word seq="9">be</word><word seq="10">upon<GreekSeq>8</GreekSeq></word><word seq="11">them,<GreekSeq>9</GreekSeq></word><word seq="12">and<GreekSeq>12</GreekSeq></word><word seq="13">upon<GreekSeq>13</GreekSeq></word><word seq="14">the<GreekSeq>14</GreekSeq></word><word seq="15">Israel<GreekSeq>15</GreekSeq></word><word seq="16">of God.<GreekSeq>17</GreekSeq></word></ESV></verse>
<verse number="17"><ESV><word seq="1">From now on<GreekSeq>2</GreekSeq></word><word seq="2">let<GreekSeq>6</GreekSeq></word><word seq="3">no one<GreekSeq>5</GreekSeq></word><word seq="4">cause<GreekSeq>6</GreekSeq></word><word seq="5">me<GreekSeq>4</GreekSeq></word><word seq="6">trouble,<GreekSeq>3</GreekSeq></word><word seq="7">for<GreekSeq>8</GreekSeq></word><word seq="8">I<GreekSeq>7</GreekSeq></word><word seq="9">bear<GreekSeq>17</GreekSeq></word><word seq="10">on<GreekSeq>13</GreekSeq></word><word seq="11">my<GreekSeq>16</GreekSeq></word><word seq="12">body<GreekSeq>15</GreekSeq></word><word seq="13">the<GreekSeq>9</GreekSeq></word><word seq="14">marks<GreekSeq>10</GreekSeq></word><word seq="15">of Jesus.<GreekSeq>12</GreekSeq></word></ESV></verse>
<verse number="18"><ESV><word seq="1">The<GreekSeq>1</GreekSeq></word><word seq="2">grace<GreekSeq>2</GreekSeq></word><word seq="3">of<GreekSeq>4</GreekSeq></word><word seq="4">our<GreekSeq>5</GreekSeq></word><word seq="5">Lord<GreekSeq>4</GreekSeq></word><word seq="6">Jesus<GreekSeq>6</GreekSeq></word><word seq="7">Christ<GreekSeq>7</GreekSeq></word><word seq="8">be</word><word seq="9">with<GreekSeq>8</GreekSeq></word><word seq="10">your<GreekSeq>11</GreekSeq></word><word seq="11">spirit,<GreekSeq>10</GreekSeq></word><word seq="12">brothers.<GreekSeq>12</GreekSeq></word><word seq="13">Amen.<GreekSeq>13</GreekSeq></word></ESV></verse></chapter></book>