<?xml version="1.0" encoding="UTF-8" standalone="no"?><book><chapter number="4">'<verse number="1"><ESV><word seq="1">I mean<GreekSeq>1</GreekSeq></word><word seq="2">that</word><word seq="3">the<GreekSeq>6</GreekSeq></word><word seq="4">heir,<GreekSeq>7</GreekSeq></word><word seq="5">as long as<GreekSeq>3</GreekSeq><GreekSeq>4</GreekSeq><GreekSeq>5</GreekSeq></word><word seq="6">he is<GreekSeq>9</GreekSeq></word><word seq="7">a child,<GreekSeq>8</GreekSeq></word><word seq="8">is<GreekSeq>11</GreekSeq></word><word seq="9">no<GreekSeq>10</GreekSeq></word><word seq="10">different from<GreekSeq>11</GreekSeq></word><word seq="11">a slave,<GreekSeq>12</GreekSeq></word><word seq="12">though</word><word seq="13">he is<GreekSeq>15</GreekSeq></word><word seq="14">the owner<GreekSeq>13</GreekSeq></word><word seq="15">of everything,<GreekSeq>14</GreekSeq></word></ESV></verse>
<verse number="2"><ESV><word seq="1">but<GreekSeq>1</GreekSeq></word><word seq="2">he is<GreekSeq>4</GreekSeq></word><word seq="3">under<GreekSeq>2</GreekSeq></word><word seq="4">guardians<GreekSeq>3</GreekSeq></word><word seq="5">and<GreekSeq>5</GreekSeq></word><word seq="6">managers<GreekSeq>6</GreekSeq></word><word seq="7">until<GreekSeq>7</GreekSeq></word><word seq="8">the<GreekSeq>8</GreekSeq></word><word seq="9">date set<GreekSeq>9</GreekSeq></word><word seq="10">by [his] father.<GreekSeq>11</GreekSeq></word></ESV></verse>
<verse number="3"><ESV><word seq="1">In the same way<GreekSeq>1</GreekSeq></word><word seq="2">we<GreekSeq>3</GreekSeq></word><word seq="3">also,<GreekSeq>2</GreekSeq></word><word seq="4">when<GreekSeq>4</GreekSeq></word><word seq="5">we were<GreekSeq>5</GreekSeq></word><word seq="6">children,<GreekSeq>6</GreekSeq></word><word seq="7">were<GreekSeq>12</GreekSeq></word><word seq="8">enslaved<GreekSeq>13</GreekSeq></word><word seq="9">to<GreekSeq>7</GreekSeq></word><word seq="10">the<GreekSeq>8</GreekSeq></word><word seq="11">elementary principles<GreekSeq>9</GreekSeq></word><word seq="12">of the<GreekSeq>10</GreekSeq></word><word seq="13">world.<GreekSeq>11</GreekSeq></word></ESV></verse>
<verse number="4"><ESV><word seq="1">But<GreekSeq>2</GreekSeq></word><word seq="2">when<GreekSeq>1</GreekSeq></word><word seq="3">the<GreekSeq>4</GreekSeq></word><word seq="4">fullness<GreekSeq>5</GreekSeq></word><word seq="5">of time<GreekSeq>7</GreekSeq></word><word seq="6">had come,<GreekSeq>3</GreekSeq></word><word seq="7">God<GreekSeq>10</GreekSeq></word><word seq="8">sent forth<GreekSeq>8</GreekSeq></word><word seq="9">his<GreekSeq>13</GreekSeq></word><word seq="10">Son,<GreekSeq>12</GreekSeq></word><word seq="11">born<GreekSeq>14</GreekSeq></word><word seq="12">of<GreekSeq>15</GreekSeq></word><word seq="13">woman,<GreekSeq>16</GreekSeq></word><word seq="14">born<GreekSeq>17</GreekSeq></word><word seq="15">under<GreekSeq>18</GreekSeq></word><word seq="16">the law,<GreekSeq>19</GreekSeq></word></ESV></verse>
<verse number="5"><ESV><word seq="1">to redeem<GreekSeq>1</GreekSeq><GreekSeq>5</GreekSeq></word><word seq="2">those<GreekSeq>2</GreekSeq></word><word seq="3">who were</word><word seq="4">under<GreekSeq>3</GreekSeq></word><word seq="5">the law,<GreekSeq>4</GreekSeq></word><word seq="6">so that<GreekSeq>6</GreekSeq></word><word seq="7">we might receive<GreekSeq>9</GreekSeq></word><word seq="8">adoption as sons.<GreekSeq>8</GreekSeq></word></ESV></verse>
<verse number="6"><ESV><word seq="1">And<GreekSeq>2</GreekSeq></word><word seq="2">because<GreekSeq>1</GreekSeq></word><word seq="3">you are<GreekSeq>3</GreekSeq></word><word seq="4">sons,<GreekSeq>4</GreekSeq></word><word seq="5">God<GreekSeq>7</GreekSeq></word><word seq="6">has sent<GreekSeq>5</GreekSeq></word><word seq="7">the<GreekSeq>8</GreekSeq></word><word seq="8">Spirit<GreekSeq>9</GreekSeq></word><word seq="9">of<GreekSeq>11</GreekSeq></word><word seq="10">his<GreekSeq>12</GreekSeq></word><word seq="11">Son<GreekSeq>11</GreekSeq></word><word seq="12">into<GreekSeq>13</GreekSeq></word><word seq="13">our<GreekSeq>16</GreekSeq></word><word seq="14">hearts,<GreekSeq>15</GreekSeq></word><word seq="15">crying,<GreekSeq>17</GreekSeq></word><word seq="16">“Abba!<GreekSeq>18</GreekSeq></word><word seq="17">Father!”<GreekSeq>20</GreekSeq></word></ESV></verse>
<verse number="7"><ESV><word seq="1">So<GreekSeq>1</GreekSeq></word><word seq="2">you are<GreekSeq>3</GreekSeq></word><word seq="3">no longer<GreekSeq>2</GreekSeq></word><word seq="4">a slave,<GreekSeq>4</GreekSeq></word><word seq="5">but<GreekSeq>5</GreekSeq></word><word seq="6">a son,<GreekSeq>6</GreekSeq></word><word seq="7">and<GreekSeq>8</GreekSeq></word><word seq="8">if<GreekSeq>7</GreekSeq></word><word seq="9">a son,<GreekSeq>9</GreekSeq></word><word seq="10">then<GreekSeq>10</GreekSeq></word><word seq="11">an heir<GreekSeq>11</GreekSeq></word><word seq="12">through<GreekSeq>12</GreekSeq></word><word seq="13">God.<GreekSeq>13</GreekSeq></word></ESV></verse>
<verse number="8"><ESV><word seq="1">Formerly,<GreekSeq>2</GreekSeq></word><word seq="2">when you did<GreekSeq>5</GreekSeq></word><word seq="3">not<GreekSeq>4</GreekSeq></word><word seq="4">know<GreekSeq>5</GreekSeq></word><word seq="5">God,<GreekSeq>6</GreekSeq></word><word seq="6">you were enslaved<GreekSeq>7</GreekSeq></word><word seq="7">to those<GreekSeq>8</GreekSeq></word><word seq="8">that</word><word seq="9">by nature<GreekSeq>9</GreekSeq></word><word seq="10">are<GreekSeq>11</GreekSeq></word><word seq="11">not<GreekSeq>10</GreekSeq></word><word seq="12">gods.<GreekSeq>12</GreekSeq></word></ESV></verse>
<verse number="9"><ESV><word seq="1">But<GreekSeq>2</GreekSeq></word><word seq="2">now<GreekSeq>1</GreekSeq></word><word seq="3">that you have come to know<GreekSeq>3</GreekSeq></word><word seq="4">God,<GreekSeq>4</GreekSeq></word><word seq="5">or<GreekSeq>6</GreekSeq></word><word seq="6">rather<GreekSeq>5</GreekSeq></word><word seq="7">to be known<GreekSeq>7</GreekSeq></word><word seq="8">by<GreekSeq>8</GreekSeq></word><word seq="9">God,<GreekSeq>9</GreekSeq></word><word seq="10">how<GreekSeq>10</GreekSeq></word><word seq="11">can you turn back<GreekSeq>11</GreekSeq></word><word seq="12">again<GreekSeq>12</GreekSeq></word><word seq="13">to<GreekSeq>13</GreekSeq></word><word seq="14">the<GreekSeq>14</GreekSeq></word><word seq="15">weak<GreekSeq>15</GreekSeq></word><word seq="16">and<GreekSeq>16</GreekSeq></word><word seq="17">worthless<GreekSeq>17</GreekSeq></word><word seq="18">elementary principles of the world,<GreekSeq>18</GreekSeq></word><word seq="19">whose<GreekSeq>19</GreekSeq></word><word seq="20">slaves<GreekSeq>22</GreekSeq></word><word seq="21">you want<GreekSeq>23</GreekSeq></word><word seq="22">to be<GreekSeq>22</GreekSeq></word><word seq="23">once more?<GreekSeq>20</GreekSeq><GreekSeq>21</GreekSeq></word></ESV></verse>
<verse number="10"><ESV><word seq="1">You observe<GreekSeq>2</GreekSeq></word><word seq="2">days<GreekSeq>1</GreekSeq></word><word seq="3">and<GreekSeq>3</GreekSeq></word><word seq="4">months<GreekSeq>4</GreekSeq></word><word seq="5">and<GreekSeq>5</GreekSeq></word><word seq="6">seasons<GreekSeq>6</GreekSeq></word><word seq="7">and<GreekSeq>7</GreekSeq></word><word seq="8">years!<GreekSeq>8</GreekSeq></word></ESV></verse>
<verse number="11"><ESV><word seq="1">I am afraid<GreekSeq>1</GreekSeq></word><word seq="2">I may have labored<GreekSeq>6</GreekSeq></word><word seq="3">over<GreekSeq>7</GreekSeq></word><word seq="4">you<GreekSeq>8</GreekSeq></word><word seq="5">in vain.<GreekSeq>5</GreekSeq></word></ESV></verse>
<verse number="12"><ESV><word seq="1">Brothers,<GreekSeq>8</GreekSeq></word><word seq="2">I entreat<GreekSeq>9</GreekSeq></word><word seq="3">you,<GreekSeq>10</GreekSeq></word><word seq="4">become<GreekSeq>1</GreekSeq></word><word seq="5">as<GreekSeq>2</GreekSeq></word><word seq="6">I<GreekSeq>3</GreekSeq></word><word seq="7">am,</word><word seq="8">for<GreekSeq>4</GreekSeq></word><word seq="9">I also<GreekSeq>5</GreekSeq></word><word seq="10">have become</word><word seq="11">as<GreekSeq>6</GreekSeq></word><word seq="12">you<GreekSeq>7</GreekSeq></word><word seq="13">are.</word><word seq="14">You did<GreekSeq>13</GreekSeq></word><word seq="15">me<GreekSeq>12</GreekSeq></word><word seq="16">no<GreekSeq>11</GreekSeq></word><word seq="17">wrong.<GreekSeq>13</GreekSeq></word></ESV></verse>
<verse number="13"><ESV><word seq="1">You know<GreekSeq>1</GreekSeq></word><word seq="2">it was</word><word seq="3">because of<GreekSeq>4</GreekSeq></word><word seq="4">a bodily<GreekSeq>7</GreekSeq></word><word seq="5">ailment<GreekSeq>5</GreekSeq></word><word seq="6">that<GreekSeq>3</GreekSeq></word><word seq="7">I preached the gospel<GreekSeq>8</GreekSeq></word><word seq="8">to you<GreekSeq>9</GreekSeq></word><word seq="9">at first,<GreekSeq>11</GreekSeq></word></ESV></verse>
<verse number="14"><ESV><word seq="1">and though<GreekSeq>1</GreekSeq></word><word seq="2">my<GreekSeq>8</GreekSeq></word><word seq="3">[condition]<GreekSeq>7</GreekSeq></word><word seq="4">was</word><word seq="5">a trial<GreekSeq>3</GreekSeq></word><word seq="6">to you,<GreekSeq>4</GreekSeq></word><word seq="7">you did<GreekSeq>10</GreekSeq></word><word seq="8">not<GreekSeq>9</GreekSeq></word><word seq="9">scorn<GreekSeq>10</GreekSeq></word><word seq="10">or<GreekSeq>11</GreekSeq></word><word seq="11">despise<GreekSeq>12</GreekSeq></word><word seq="12">me,</word><word seq="13">but<GreekSeq>13</GreekSeq></word><word seq="14">received<GreekSeq>17</GreekSeq></word><word seq="15">me<GreekSeq>18</GreekSeq></word><word seq="16">as<GreekSeq>14</GreekSeq></word><word seq="17">an angel<GreekSeq>15</GreekSeq></word><word seq="18">of God,<GreekSeq>16</GreekSeq></word><word seq="19">as<GreekSeq>19</GreekSeq></word><word seq="20">Christ<GreekSeq>20</GreekSeq></word><word seq="21">Jesus.<GreekSeq>21</GreekSeq></word></ESV></verse>
<verse number="15"><ESV><word seq="1">What<GreekSeq>1</GreekSeq></word><word seq="2">then<GreekSeq>2</GreekSeq></word><word seq="3">has become of</word><word seq="4">your<GreekSeq>5</GreekSeq></word><word seq="5">blessedness?<GreekSeq>4</GreekSeq></word><word seq="6">For<GreekSeq>7</GreekSeq></word><word seq="7">I testify<GreekSeq>6</GreekSeq></word><word seq="8">to you<GreekSeq>8</GreekSeq></word><word seq="9">that,<GreekSeq>9</GreekSeq></word><word seq="10">if<GreekSeq>10</GreekSeq></word><word seq="11">possible,<GreekSeq>11</GreekSeq></word><word seq="12">you would have<GreekSeq>16</GreekSeq></word><word seq="13">gouged out<GreekSeq>15</GreekSeq></word><word seq="14">your<GreekSeq>14</GreekSeq></word><word seq="15">eyes<GreekSeq>13</GreekSeq></word><word seq="16">and</word><word seq="17">given<GreekSeq>16</GreekSeq></word><word seq="18">them</word><word seq="19">to me.<GreekSeq>17</GreekSeq></word></ESV></verse>
<verse number="16"><ESV><word seq="1">Have I<GreekSeq>4</GreekSeq></word><word seq="2">then<GreekSeq>1</GreekSeq></word><word seq="3">become<GreekSeq>4</GreekSeq></word><word seq="4">your<GreekSeq>3</GreekSeq></word><word seq="5">enemy<GreekSeq>2</GreekSeq></word><word seq="6">by telling<GreekSeq>5</GreekSeq></word><word seq="7">you<GreekSeq>6</GreekSeq></word><word seq="8">the truth?<GreekSeq>5</GreekSeq></word></ESV></verse>
<verse number="17"><ESV><word seq="1">They make much of<GreekSeq>1</GreekSeq></word><word seq="2">you,<GreekSeq>2</GreekSeq></word><word seq="3">but<GreekSeq>5</GreekSeq></word><word seq="4">for<GreekSeq>4</GreekSeq></word><word seq="5">no<GreekSeq>3</GreekSeq></word><word seq="6">good purpose.<GreekSeq>4</GreekSeq></word><word seq="7">They want<GreekSeq>8</GreekSeq></word><word seq="8">to shut<GreekSeq>6</GreekSeq></word><word seq="9">you<GreekSeq>7</GreekSeq></word><word seq="10">out,<GreekSeq>6</GreekSeq></word><word seq="11">that<GreekSeq>9</GreekSeq></word><word seq="12">you may make much of<GreekSeq>11</GreekSeq></word><word seq="13">them.<GreekSeq>10</GreekSeq></word></ESV></verse>
<verse number="18"><ESV><word seq="1">It is</word><word seq="2">always<GreekSeq>6</GreekSeq></word><word seq="3">good<GreekSeq>1</GreekSeq></word><word seq="4">to be made much of<GreekSeq>3</GreekSeq></word><word seq="5">for<GreekSeq>4</GreekSeq></word><word seq="6">a good purpose,<GreekSeq>5</GreekSeq></word><word seq="7">and<GreekSeq>7</GreekSeq></word><word seq="8">not<GreekSeq>8</GreekSeq></word><word seq="9">only<GreekSeq>9</GreekSeq></word><word seq="10">when<GreekSeq>10</GreekSeq><GreekSeq>11</GreekSeq></word><word seq="11">I<GreekSeq>13</GreekSeq></word><word seq="12">am present<GreekSeq>12</GreekSeq></word><word seq="13">with<GreekSeq>14</GreekSeq></word><word seq="14">you,<GreekSeq>15</GreekSeq></word></ESV></verse>
<verse number="19"><ESV><word seq="1">my<GreekSeq>2</GreekSeq></word><word seq="2">little children,<GreekSeq>1</GreekSeq></word><word seq="3">for whom<GreekSeq>3</GreekSeq></word><word seq="4">I am<GreekSeq>5</GreekSeq></word><word seq="5">again<GreekSeq>4</GreekSeq></word><word seq="6">in the anguish of childbirth<GreekSeq>5</GreekSeq></word><word seq="7">until<GreekSeq>6</GreekSeq></word><word seq="8">Christ<GreekSeq>9</GreekSeq></word><word seq="9">is formed<GreekSeq>8</GreekSeq></word><word seq="10">in<GreekSeq>10</GreekSeq></word><word seq="11">you!<GreekSeq>11</GreekSeq></word></ESV></verse>
<verse number="20"><ESV><word seq="1">I wish<GreekSeq>1</GreekSeq></word><word seq="2">I could be present<GreekSeq>3</GreekSeq></word><word seq="3">with<GreekSeq>4</GreekSeq></word><word seq="4">you<GreekSeq>5</GreekSeq></word><word seq="5">now<GreekSeq>6</GreekSeq></word><word seq="6">and<GreekSeq>7</GreekSeq></word><word seq="7">change<GreekSeq>8</GreekSeq></word><word seq="8">my<GreekSeq>11</GreekSeq></word><word seq="9">tone,<GreekSeq>10</GreekSeq></word><word seq="10">for<GreekSeq>12</GreekSeq></word><word seq="11">I am perplexed<GreekSeq>13</GreekSeq></word><word seq="12">about<GreekSeq>14</GreekSeq></word><word seq="13">you.<GreekSeq>15</GreekSeq></word></ESV></verse>
<verse number="21"><ESV><word seq="1">Tell<GreekSeq>1</GreekSeq></word><word seq="2">me,<GreekSeq>2</GreekSeq></word><word seq="3">you<GreekSeq>3</GreekSeq></word><word seq="4">who desire<GreekSeq>6</GreekSeq></word><word seq="5">to be<GreekSeq>7</GreekSeq></word><word seq="6">under<GreekSeq>4</GreekSeq></word><word seq="7">the law,<GreekSeq>5</GreekSeq></word><word seq="8">do</word><word seq="9">you<GreekSeq>11</GreekSeq></word><word seq="10">not<GreekSeq>10</GreekSeq></word><word seq="11">listen to<GreekSeq>11</GreekSeq></word><word seq="12">the<GreekSeq>8</GreekSeq></word><word seq="13">law?<GreekSeq>9</GreekSeq></word></ESV></verse>
<verse number="22"><ESV><word seq="1">For<GreekSeq>2</GreekSeq></word><word seq="2">it is written<GreekSeq>1</GreekSeq></word><word seq="3">that<GreekSeq>3</GreekSeq></word><word seq="4">Abraham<GreekSeq>4</GreekSeq></word><word seq="5">had<GreekSeq>7</GreekSeq></word><word seq="6">two<GreekSeq>5</GreekSeq></word><word seq="7">sons,<GreekSeq>6</GreekSeq></word><word seq="8">one<GreekSeq>8</GreekSeq></word><word seq="9">by<GreekSeq>9</GreekSeq></word><word seq="10">a<GreekSeq>10</GreekSeq></word><word seq="11">slave woman<GreekSeq>11</GreekSeq></word><word seq="12">and<GreekSeq>12</GreekSeq></word><word seq="13">one<GreekSeq>13</GreekSeq></word><word seq="14">by<GreekSeq>14</GreekSeq></word><word seq="15">a<GreekSeq>15</GreekSeq></word><word seq="16">free woman.<GreekSeq>16</GreekSeq></word></ESV></verse>
<verse number="23"><ESV><word seq="1">But<GreekSeq>1</GreekSeq></word><word seq="2">the [son]<GreekSeq>2</GreekSeq></word><word seq="3">of<GreekSeq>4</GreekSeq></word><word seq="4">the<GreekSeq>5</GreekSeq></word><word seq="5">slave<GreekSeq>6</GreekSeq></word><word seq="6">was born<GreekSeq>9</GreekSeq></word><word seq="7">according to<GreekSeq>7</GreekSeq></word><word seq="8">the flesh,<GreekSeq>8</GreekSeq></word><word seq="9">while<GreekSeq>11</GreekSeq></word><word seq="10">the [son]<GreekSeq>10</GreekSeq></word><word seq="11">of<GreekSeq>12</GreekSeq></word><word seq="12">the<GreekSeq>13</GreekSeq></word><word seq="13">free woman<GreekSeq>14</GreekSeq></word><word seq="14">was born</word><word seq="15">through<GreekSeq>15</GreekSeq></word><word seq="16">promise.<GreekSeq>16</GreekSeq></word></ESV></verse>
<verse number="24"><ESV><word seq="1">Now</word><word seq="2">this<GreekSeq>1</GreekSeq></word><word seq="3">[may] be<GreekSeq>2</GreekSeq></word><word seq="4">interpreted allegorically:<GreekSeq>3</GreekSeq></word><word seq="5">these women<GreekSeq>4</GreekSeq></word><word seq="6">are<GreekSeq>6</GreekSeq></word><word seq="7">two<GreekSeq>7</GreekSeq></word><word seq="8">covenants.<GreekSeq>8</GreekSeq></word><word seq="9">One<GreekSeq>9</GreekSeq></word><word seq="10">is</word><word seq="11">from<GreekSeq>11</GreekSeq></word><word seq="12">Mount<GreekSeq>12</GreekSeq></word><word seq="13">Sinai,<GreekSeq>13</GreekSeq></word><word seq="14">bearing children<GreekSeq>16</GreekSeq></word><word seq="15">for<GreekSeq>14</GreekSeq></word><word seq="16">slavery;<GreekSeq>15</GreekSeq></word><word seq="17">she<GreekSeq>17</GreekSeq></word><word seq="18">is<GreekSeq>18</GreekSeq></word><word seq="19">Hagar.<GreekSeq>19</GreekSeq></word></ESV></verse>
<verse number="25"><ESV><word seq="1">Now<GreekSeq>2</GreekSeq></word><word seq="2">Hagar<GreekSeq>3</GreekSeq></word><word seq="3">is<GreekSeq>6</GreekSeq></word><word seq="4">Mount<GreekSeq>5</GreekSeq></word><word seq="5">Sinai<GreekSeq>4</GreekSeq></word><word seq="6">in<GreekSeq>7</GreekSeq></word><word seq="7">Arabia;<GreekSeq>9</GreekSeq></word><word seq="8">she corresponds<GreekSeq>10</GreekSeq></word><word seq="9">to the<GreekSeq>12</GreekSeq></word><word seq="10">present<GreekSeq>13</GreekSeq></word><word seq="11">Jerusalem,<GreekSeq>14</GreekSeq></word><word seq="12">for<GreekSeq>16</GreekSeq></word><word seq="13">she is in slavery<GreekSeq>15</GreekSeq></word><word seq="14">with<GreekSeq>17</GreekSeq></word><word seq="15">her<GreekSeq>20</GreekSeq></word><word seq="16">children.<GreekSeq>19</GreekSeq></word></ESV></verse>
<verse number="26"><ESV><word seq="1">But<GreekSeq>2</GreekSeq></word><word seq="2">the<GreekSeq>1</GreekSeq></word><word seq="3">Jerusalem<GreekSeq>4</GreekSeq></word><word seq="4">above<GreekSeq>3</GreekSeq></word><word seq="5">is<GreekSeq>6</GreekSeq></word><word seq="6">free,<GreekSeq>5</GreekSeq></word><word seq="7">and</word><word seq="8">she<GreekSeq>7</GreekSeq></word><word seq="9">is<GreekSeq>8</GreekSeq></word><word seq="10">our<GreekSeq>10</GreekSeq></word><word seq="11">mother.<GreekSeq>9</GreekSeq></word></ESV></verse>
<verse number="27"><ESV><word seq="1">For<GreekSeq>2</GreekSeq></word><word seq="2">it is written,<GreekSeq>1</GreekSeq></word><word seq="3">“Rejoice,<GreekSeq>3</GreekSeq></word><word seq="4">O barren<GreekSeq>4</GreekSeq></word><word seq="5">one<GreekSeq>5</GreekSeq></word><word seq="6">who does<GreekSeq>7</GreekSeq></word><word seq="7">not<GreekSeq>6</GreekSeq></word><word seq="8">bear;<GreekSeq>7</GreekSeq></word><word seq="9">break forth<GreekSeq>8</GreekSeq></word><word seq="10">and<GreekSeq>9</GreekSeq></word><word seq="11">cry aloud,<GreekSeq>10</GreekSeq></word><word seq="12">you<GreekSeq>11</GreekSeq></word><word seq="13">who are<GreekSeq>13</GreekSeq></word><word seq="14">not<GreekSeq>12</GreekSeq></word><word seq="15">in labor!<GreekSeq>13</GreekSeq></word><word seq="16">For<GreekSeq>14</GreekSeq></word><word seq="17">the<GreekSeq>16</GreekSeq></word><word seq="18">children<GreekSeq>17</GreekSeq></word><word seq="19">of the<GreekSeq>18</GreekSeq></word><word seq="20">desolate one<GreekSeq>19</GreekSeq></word><word seq="21">will be</word><word seq="22">more<GreekSeq>15</GreekSeq></word><word seq="23">than<GreekSeq>21</GreekSeq></word><word seq="24">those of</word><word seq="25">the one<GreekSeq>22</GreekSeq></word><word seq="26">who has<GreekSeq>23</GreekSeq></word><word seq="27">a<GreekSeq>24</GreekSeq></word><word seq="28">husband.”<GreekSeq>25</GreekSeq></word></ESV></verse>
<verse number="28"><ESV><word seq="1">Now<GreekSeq>2</GreekSeq></word><word seq="2">you,<GreekSeq>1</GreekSeq></word><word seq="3">brothers,<GreekSeq>3</GreekSeq></word><word seq="4">like<GreekSeq>4</GreekSeq></word><word seq="5">Isaac,<GreekSeq>5</GreekSeq></word><word seq="6">are<GreekSeq>8</GreekSeq></word><word seq="7">children<GreekSeq>7</GreekSeq></word><word seq="8">of promise.<GreekSeq>6</GreekSeq></word></ESV></verse>
<verse number="29"><ESV><word seq="1">But<GreekSeq>1</GreekSeq></word><word seq="2">just as<GreekSeq>2</GreekSeq></word><word seq="3">at that time<GreekSeq>3</GreekSeq></word><word seq="4">he<GreekSeq>4</GreekSeq></word><word seq="5">who was born<GreekSeq>7</GreekSeq></word><word seq="6">according to<GreekSeq>5</GreekSeq></word><word seq="7">the flesh<GreekSeq>6</GreekSeq></word><word seq="8">persecuted<GreekSeq>8</GreekSeq></word><word seq="9">him<GreekSeq>9</GreekSeq></word><word seq="10">who was born</word><word seq="11">according to<GreekSeq>10</GreekSeq></word><word seq="12">the Spirit,<GreekSeq>11</GreekSeq></word><word seq="13">so<GreekSeq>12</GreekSeq></word><word seq="14">also<GreekSeq>13</GreekSeq></word><word seq="15">it is</word><word seq="16">now.<GreekSeq>14</GreekSeq></word></ESV></verse>
<verse number="30"><ESV><word seq="1">But<GreekSeq>1</GreekSeq></word><word seq="2">what<GreekSeq>2</GreekSeq></word><word seq="3">does</word><word seq="4">the<GreekSeq>4</GreekSeq></word><word seq="5">Scripture<GreekSeq>5</GreekSeq></word><word seq="6">say?<GreekSeq>3</GreekSeq></word><word seq="7">“Cast out<GreekSeq>6</GreekSeq></word><word seq="8">the<GreekSeq>7</GreekSeq></word><word seq="9">slave woman<GreekSeq>8</GreekSeq></word><word seq="10">and<GreekSeq>9</GreekSeq></word><word seq="11">her<GreekSeq>12</GreekSeq></word><word seq="12">son,<GreekSeq>11</GreekSeq></word><word seq="13">for<GreekSeq>14</GreekSeq></word><word seq="14">the<GreekSeq>17</GreekSeq></word><word seq="15">son<GreekSeq>18</GreekSeq></word><word seq="16">of the<GreekSeq>19</GreekSeq></word><word seq="17">slave woman<GreekSeq>20</GreekSeq></word><word seq="18">shall<GreekSeq>16</GreekSeq></word><word seq="19" note="οὐ μή Strong Code (3364) ">not<GreekSeq>13</GreekSeq><GreekSeq>15</GreekSeq></word><word seq="20">inherit<GreekSeq>16</GreekSeq></word><word seq="21">with<GreekSeq>21</GreekSeq></word><word seq="22">the<GreekSeq>22</GreekSeq></word><word seq="23">son<GreekSeq>23</GreekSeq></word><word seq="24">of the<GreekSeq>24</GreekSeq></word><word seq="25">free woman.”<GreekSeq>25</GreekSeq></word></ESV></verse>
<verse number="31"><ESV><word seq="1">So,<GreekSeq>1</GreekSeq></word><word seq="2">brothers,<GreekSeq>2</GreekSeq></word><word seq="3">we are<GreekSeq>4</GreekSeq></word><word seq="4">not<GreekSeq>3</GreekSeq></word><word seq="5">children<GreekSeq>6</GreekSeq></word><word seq="6">of the slave<GreekSeq>5</GreekSeq></word><word seq="7">but<GreekSeq>7</GreekSeq></word><word seq="8">of the<GreekSeq>8</GreekSeq></word><word seq="9">free woman.<GreekSeq>9</GreekSeq></word></ESV></verse></chapter></book>