<?xml version="1.0" encoding="UTF-8" standalone="no"?><book><chapter number="10">'<verse number="1"><ESV><word seq="1">For<GreekSeq>2</GreekSeq></word><word seq="2">since</word><word seq="3">the<GreekSeq>4</GreekSeq></word><word seq="4">law<GreekSeq>5</GreekSeq></word><word seq="5">has<GreekSeq>3</GreekSeq></word><word seq="6">but</word><word seq="7">a shadow<GreekSeq>1</GreekSeq></word><word seq="8">of the<GreekSeq>6</GreekSeq></word><word seq="9">good [things]<GreekSeq>8</GreekSeq></word><word seq="10">to come<GreekSeq>7</GreekSeq></word><word seq="11">[instead]<GreekSeq>9</GreekSeq></word><word seq="12">of the<GreekSeq>11</GreekSeq></word><word seq="13">true<GreekSeq>10</GreekSeq></word><word seq="14">form<GreekSeq>12</GreekSeq></word><word seq="15">of these<GreekSeq>13</GreekSeq></word><word seq="16">[realities],<GreekSeq>14</GreekSeq></word><word seq="17">it can<GreekSeq>26</GreekSeq></word><word seq="18">never,<GreekSeq>25</GreekSeq></word><word seq="19">by the<GreekSeq>17</GreekSeq></word><word seq="20">same<GreekSeq>18</GreekSeq></word><word seq="21">sacrifices<GreekSeq>19</GreekSeq></word><word seq="22">that<GreekSeq>20</GreekSeq></word><word seq="23">are</word><word seq="24">continually<GreekSeq>22</GreekSeq><GreekSeq>23</GreekSeq><GreekSeq>24</GreekSeq></word><word seq="25">offered<GreekSeq>21</GreekSeq></word><word seq="26">every year,<GreekSeq>15</GreekSeq><GreekSeq>16</GreekSeq></word><word seq="27">make perfect<GreekSeq>29</GreekSeq></word><word seq="28">those<GreekSeq>27</GreekSeq></word><word seq="29">who draw near.<GreekSeq>28</GreekSeq></word></ESV></verse>
<verse number="2"><ESV><word seq="1">Otherwise,<GreekSeq>1</GreekSeq></word><word seq="2">would<GreekSeq>3</GreekSeq></word><word seq="3">they<GreekSeq>4</GreekSeq></word><word seq="4">not<GreekSeq>2</GreekSeq></word><word seq="5">have ceased<GreekSeq>4</GreekSeq></word><word seq="6">to be offered,<GreekSeq>5</GreekSeq></word><word seq="7">since<GreekSeq>6</GreekSeq><GreekSeq>7</GreekSeq></word><word seq="8">the<GreekSeq>13</GreekSeq></word><word seq="9">worshipers,<GreekSeq>14</GreekSeq></word><word seq="10">having<GreekSeq>16</GreekSeq></word><word seq="11">once<GreekSeq>15</GreekSeq></word><word seq="12">been cleansed,<GreekSeq>16</GreekSeq></word><word seq="13">would<GreekSeq>9</GreekSeq></word><word seq="14">no<GreekSeq>8</GreekSeq></word><word seq="15">longer<GreekSeq>10</GreekSeq></word><word seq="16">have<GreekSeq>9</GreekSeq></word><word seq="17">any</word><word seq="18">consciousness<GreekSeq>11</GreekSeq></word><word seq="19">of sins?<GreekSeq>12</GreekSeq></word></ESV></verse>
<verse number="3"><ESV><word seq="1">But<GreekSeq>1</GreekSeq></word><word seq="2">in<GreekSeq>2</GreekSeq></word><word seq="3">these [sacrifices]<GreekSeq>3</GreekSeq></word><word seq="4">there is</word><word seq="5">a reminder<GreekSeq>4</GreekSeq></word><word seq="6">of sins<GreekSeq>5</GreekSeq></word><word seq="7">every year.<GreekSeq>6</GreekSeq><GreekSeq>7</GreekSeq></word></ESV></verse>
<verse number="4"><ESV><word seq="1">For<GreekSeq>2</GreekSeq></word><word seq="2">it is</word><word seq="3">impossible<GreekSeq>1</GreekSeq></word><word seq="4">for the blood<GreekSeq>3</GreekSeq></word><word seq="5">of bulls<GreekSeq>4</GreekSeq></word><word seq="6">and<GreekSeq>5</GreekSeq></word><word seq="7">goats<GreekSeq>6</GreekSeq></word><word seq="8">to take away<GreekSeq>7</GreekSeq></word><word seq="9">sins.<GreekSeq>8</GreekSeq></word></ESV></verse>
<verse number="5"><ESV><word seq="1">Consequently,<GreekSeq>1</GreekSeq></word><word seq="2">when [Christ] came<GreekSeq>2</GreekSeq></word><word seq="3">into<GreekSeq>3</GreekSeq></word><word seq="4">the<GreekSeq>4</GreekSeq></word><word seq="5">world,<GreekSeq>5</GreekSeq></word><word seq="6">he said,<GreekSeq>6</GreekSeq></word><word seq="7">Sacrifices<GreekSeq>7</GreekSeq></word><word seq="8">and<GreekSeq>8</GreekSeq></word><word seq="9">offerings<GreekSeq>9</GreekSeq></word><word seq="10">you have<GreekSeq>11</GreekSeq></word><word seq="11">not<GreekSeq>10</GreekSeq></word><word seq="12">desired,<GreekSeq>11</GreekSeq></word><word seq="13">but<GreekSeq>13</GreekSeq></word><word seq="14">a body<GreekSeq>12</GreekSeq></word><word seq="15">have you prepared<GreekSeq>14</GreekSeq></word><word seq="16">for me;<GreekSeq>15</GreekSeq></word></ESV></verse>
<verse number="6"><ESV><word seq="1">in burnt offerings<GreekSeq>1</GreekSeq></word><word seq="2">and<GreekSeq>2</GreekSeq></word><word seq="3">sin [offerings]<GreekSeq>3</GreekSeq><GreekSeq>4</GreekSeq></word><word seq="4">you have taken<GreekSeq>6</GreekSeq></word><word seq="5">no<GreekSeq>5</GreekSeq></word><word seq="6">pleasure.<GreekSeq>6</GreekSeq></word></ESV></verse>
<verse number="7"><ESV><word seq="1">Then<GreekSeq>1</GreekSeq></word><word seq="2">I said,<GreekSeq>2</GreekSeq></word><word seq="3">Behold,<GreekSeq>3</GreekSeq></word><word seq="4">I have come<GreekSeq>4</GreekSeq></word><word seq="5">to do<GreekSeq>12</GreekSeq></word><word seq="6">your<GreekSeq>17</GreekSeq></word><word seq="7">will,<GreekSeq>16</GreekSeq></word><word seq="8">O God,<GreekSeq>14</GreekSeq></word><word seq="9">as</word><word seq="10">it is written<GreekSeq>8</GreekSeq></word><word seq="11">of<GreekSeq>9</GreekSeq></word><word seq="12">me<GreekSeq>10</GreekSeq></word><word seq="13">in<GreekSeq>5</GreekSeq></word><word seq="14">the scroll<GreekSeq>6</GreekSeq></word><word seq="15">of the book.<GreekSeq>7</GreekSeq></word></ESV></verse>
<verse number="8"><ESV><word seq="1">When he said<GreekSeq>2</GreekSeq></word><word seq="2">above,<GreekSeq>1</GreekSeq></word><word seq="3">You have<GreekSeq>13</GreekSeq></word><word seq="4">neither<GreekSeq>12</GreekSeq></word><word seq="5">desired<GreekSeq>13</GreekSeq></word><word seq="6">nor<GreekSeq>14</GreekSeq></word><word seq="7">taken pleasure in<GreekSeq>15</GreekSeq></word><word seq="8">sacrifices<GreekSeq>4</GreekSeq></word><word seq="9">and<GreekSeq>5</GreekSeq></word><word seq="10">offerings<GreekSeq>6</GreekSeq></word><word seq="11">and<GreekSeq>7</GreekSeq></word><word seq="12">burnt offerings<GreekSeq>8</GreekSeq></word><word seq="13">and<GreekSeq>9</GreekSeq></word><word seq="14">[sin offerings]<GreekSeq>10</GreekSeq><GreekSeq>11</GreekSeq></word><word seq="15">(these<GreekSeq>16</GreekSeq></word><word seq="16">are offered<GreekSeq>19</GreekSeq></word><word seq="17">according to<GreekSeq>17</GreekSeq></word><word seq="18">the law ),<GreekSeq>18</GreekSeq></word></ESV></verse>
<verse number="9"><ESV><word seq="1">then<GreekSeq>1</GreekSeq></word><word seq="2">he added,<GreekSeq>2</GreekSeq></word><word seq="3">Behold,<GreekSeq>3</GreekSeq></word><word seq="4">I have come<GreekSeq>4</GreekSeq></word><word seq="5">to do<GreekSeq>6</GreekSeq></word><word seq="6">your<GreekSeq>9</GreekSeq></word><word seq="7">will.<GreekSeq>8</GreekSeq></word><word seq="8">He does away<GreekSeq>10</GreekSeq></word><word seq="9">with the<GreekSeq>11</GreekSeq></word><word seq="10">first<GreekSeq>12</GreekSeq></word><word seq="11">in order to<GreekSeq>13</GreekSeq></word><word seq="12">establish<GreekSeq>16</GreekSeq></word><word seq="13">the<GreekSeq>14</GreekSeq></word><word seq="14">second.<GreekSeq>15</GreekSeq></word></ESV></verse>
<verse number="10"><ESV><word seq="1">And</word><word seq="2">by<GreekSeq>1</GreekSeq></word><word seq="3">that<GreekSeq>2</GreekSeq></word><word seq="4">will<GreekSeq>3</GreekSeq></word><word seq="5">we have been<GreekSeq>5</GreekSeq></word><word seq="6">sanctified<GreekSeq>4</GreekSeq></word><word seq="7">through<GreekSeq>6</GreekSeq></word><word seq="8">the<GreekSeq>7</GreekSeq></word><word seq="9">offering<GreekSeq>8</GreekSeq></word><word seq="10">of the<GreekSeq>9</GreekSeq></word><word seq="11">body<GreekSeq>10</GreekSeq></word><word seq="12">of Jesus<GreekSeq>11</GreekSeq></word><word seq="13">Christ<GreekSeq>12</GreekSeq></word><word seq="14">once for all.<GreekSeq>13</GreekSeq></word></ESV></verse>
<verse number="11"><ESV><word seq="1">And<GreekSeq>1</GreekSeq></word><word seq="2">every<GreekSeq>2</GreekSeq></word><word seq="3">priest<GreekSeq>4</GreekSeq></word><word seq="4">stands<GreekSeq>5</GreekSeq></word><word seq="5">daily<GreekSeq>6</GreekSeq><GreekSeq>7</GreekSeq></word><word seq="6">at his service,<GreekSeq>8</GreekSeq></word><word seq="7">offering<GreekSeq>13</GreekSeq></word><word seq="8">repeatedly<GreekSeq>12</GreekSeq></word><word seq="9">the<GreekSeq>10</GreekSeq></word><word seq="10">same<GreekSeq>11</GreekSeq></word><word seq="11">sacrifices,<GreekSeq>14</GreekSeq></word><word seq="12">which<GreekSeq>15</GreekSeq></word><word seq="13">can<GreekSeq>17</GreekSeq></word><word seq="14">never<GreekSeq>16</GreekSeq></word><word seq="15">take away<GreekSeq>18</GreekSeq></word><word seq="16">sins.<GreekSeq>19</GreekSeq></word></ESV></verse>
<verse number="12"><ESV><word seq="1">But<GreekSeq>2</GreekSeq></word><word seq="2">when<GreekSeq>6</GreekSeq></word><word seq="3">[Christ]<GreekSeq>1</GreekSeq></word><word seq="4">had offered<GreekSeq>6</GreekSeq></word><word seq="5">for all time<GreekSeq>8</GreekSeq><GreekSeq>10</GreekSeq></word><word seq="6">a single<GreekSeq>3</GreekSeq></word><word seq="7">sacrifice<GreekSeq>7</GreekSeq></word><word seq="8">for<GreekSeq>4</GreekSeq></word><word seq="9">sins,<GreekSeq>5</GreekSeq></word><word seq="10">he sat down<GreekSeq>11</GreekSeq></word><word seq="11">at<GreekSeq>12</GreekSeq></word><word seq="12">the right hand<GreekSeq>13</GreekSeq></word><word seq="13">of God,<GreekSeq>15</GreekSeq></word></ESV></verse>
<verse number="13"><ESV><word seq="1">waiting<GreekSeq>3</GreekSeq></word><word seq="2">from that time<GreekSeq>1</GreekSeq><GreekSeq>2</GreekSeq></word><word seq="3">until<GreekSeq>4</GreekSeq></word><word seq="4">his<GreekSeq>8</GreekSeq></word><word seq="5">enemies<GreekSeq>7</GreekSeq></word><word seq="6">should be made<GreekSeq>5</GreekSeq></word><word seq="7">a footstool<GreekSeq>9</GreekSeq></word><word seq="8">for</word><word seq="9">his<GreekSeq>12</GreekSeq></word><word seq="10">feet.<GreekSeq>11</GreekSeq></word></ESV></verse>
<verse number="14"><ESV><word seq="1">For<GreekSeq>2</GreekSeq></word><word seq="2">by a single<GreekSeq>1</GreekSeq></word><word seq="3">offering<GreekSeq>3</GreekSeq></word><word seq="4">he has perfected<GreekSeq>4</GreekSeq></word><word seq="5">for all time<GreekSeq>5</GreekSeq><GreekSeq>7</GreekSeq></word><word seq="6">those<GreekSeq>8</GreekSeq></word><word seq="7">who are being sanctified.<GreekSeq>9</GreekSeq></word></ESV></verse>
<verse number="15"><ESV><word seq="1">And<GreekSeq>2</GreekSeq></word><word seq="2">the<GreekSeq>7</GreekSeq></word><word seq="3">Holy<GreekSeq>8</GreekSeq></word><word seq="4">Spirit<GreekSeq>6</GreekSeq></word><word seq="5">also<GreekSeq>4</GreekSeq></word><word seq="6">bears witness<GreekSeq>1</GreekSeq></word><word seq="7">to us;<GreekSeq>3</GreekSeq></word><word seq="8">for<GreekSeq>10</GreekSeq></word><word seq="9">after<GreekSeq>9</GreekSeq></word><word seq="10">saying,<GreekSeq>12</GreekSeq></word></ESV></verse>
<verse number="16"><ESV><word seq="1">This<GreekSeq>1</GreekSeq></word><word seq="2">is</word><word seq="3">the<GreekSeq>2</GreekSeq></word><word seq="4">covenant<GreekSeq>3</GreekSeq></word><word seq="5">that<GreekSeq>4</GreekSeq></word><word seq="6">I will make<GreekSeq>5</GreekSeq></word><word seq="7">with<GreekSeq>6</GreekSeq></word><word seq="8">them<GreekSeq>7</GreekSeq></word><word seq="9">after<GreekSeq>8</GreekSeq></word><word seq="10">those<GreekSeq>11</GreekSeq></word><word seq="11">days,<GreekSeq>10</GreekSeq></word><word seq="12">declares<GreekSeq>12</GreekSeq></word><word seq="13">the Lord:<GreekSeq>13</GreekSeq></word><word seq="14">I will put<GreekSeq>14</GreekSeq></word><word seq="15">my<GreekSeq>16</GreekSeq></word><word seq="16">laws<GreekSeq>15</GreekSeq></word><word seq="17">on<GreekSeq>17</GreekSeq></word><word seq="18">their<GreekSeq>19</GreekSeq></word><word seq="19">hearts,<GreekSeq>18</GreekSeq></word><word seq="20">and<GreekSeq>20</GreekSeq></word><word seq="21">write<GreekSeq>25</GreekSeq></word><word seq="22">them<GreekSeq>26</GreekSeq></word><word seq="23">on<GreekSeq>21</GreekSeq></word><word seq="24">their<GreekSeq>24</GreekSeq></word><word seq="25">minds,<GreekSeq>23</GreekSeq></word></ESV></verse>
<verse number="17"><ESV><word seq="1">then<GreekSeq>1</GreekSeq></word><word seq="2">he adds,</word><word seq="3">I will remember<GreekSeq>11</GreekSeq></word><word seq="4">their<GreekSeq>4</GreekSeq></word><word seq="5">sins<GreekSeq>3</GreekSeq></word><word seq="6">and<GreekSeq>5</GreekSeq></word><word seq="7">their<GreekSeq>8</GreekSeq></word><word seq="8">lawless deeds<GreekSeq>7</GreekSeq></word><word seq="9" note="οὐ μή Strong Code (3364)">no<GreekSeq>9</GreekSeq><GreekSeq>10</GreekSeq></word><word seq="10">more.<GreekSeq>12</GreekSeq></word></ESV></verse>
<verse number="18"><ESV><word seq="1">Where<GreekSeq>1</GreekSeq></word><word seq="2">there is</word><word seq="3">forgiveness<GreekSeq>3</GreekSeq></word><word seq="4">of these,<GreekSeq>4</GreekSeq></word><word seq="5">there is</word><word seq="6">no longer any<GreekSeq>5</GreekSeq></word><word seq="7">offering<GreekSeq>6</GreekSeq></word><word seq="8">for<GreekSeq>7</GreekSeq></word><word seq="9">sin.<GreekSeq>8</GreekSeq></word></ESV></verse>
<verse number="19"><ESV><word seq="1">Therefore,<GreekSeq>2</GreekSeq></word><word seq="2">brothers,<GreekSeq>3</GreekSeq></word><word seq="3">since we</word><word seq="4">have<GreekSeq>1</GreekSeq></word><word seq="5">confidence<GreekSeq>4</GreekSeq></word><word seq="6">to enter<GreekSeq>7</GreekSeq></word><word seq="7">the<GreekSeq>8</GreekSeq></word><word seq="8">holy places<GreekSeq>9</GreekSeq></word><word seq="9">by<GreekSeq>10</GreekSeq></word><word seq="10">the<GreekSeq>11</GreekSeq></word><word seq="11">blood<GreekSeq>12</GreekSeq></word><word seq="12">of Jesus,<GreekSeq>13</GreekSeq></word></ESV></verse>
<verse number="20"><ESV><word seq="1">by the new<GreekSeq>5</GreekSeq></word><word seq="2">and<GreekSeq>6</GreekSeq></word><word seq="3">living<GreekSeq>7</GreekSeq></word><word seq="4">way<GreekSeq>4</GreekSeq></word><word seq="5">that<GreekSeq>1</GreekSeq></word><word seq="6">he opened<GreekSeq>2</GreekSeq></word><word seq="7">for us<GreekSeq>3</GreekSeq></word><word seq="8">through<GreekSeq>8</GreekSeq></word><word seq="9">the<GreekSeq>9</GreekSeq></word><word seq="10">curtain,<GreekSeq>10</GreekSeq></word><word seq="11">that<GreekSeq>11</GreekSeq></word><word seq="12">is,<GreekSeq>12</GreekSeq></word><word seq="13">through</word><word seq="14">his<GreekSeq>15</GreekSeq></word><word seq="15">flesh,<GreekSeq>14</GreekSeq></word></ESV></verse>
<verse number="21"><ESV><word seq="1">and<GreekSeq>1</GreekSeq></word><word seq="2">since we have</word><word seq="3">a great<GreekSeq>3</GreekSeq></word><word seq="4">priest<GreekSeq>2</GreekSeq></word><word seq="5">over<GreekSeq>4</GreekSeq></word><word seq="6">the<GreekSeq>5</GreekSeq></word><word seq="7">house<GreekSeq>6</GreekSeq></word><word seq="8">of God,<GreekSeq>8</GreekSeq></word></ESV></verse>
<verse number="22"><ESV><word seq="1">let us draw near<GreekSeq>1</GreekSeq></word><word seq="2">with<GreekSeq>2</GreekSeq></word><word seq="3">a true<GreekSeq>3</GreekSeq></word><word seq="4">heart<GreekSeq>4</GreekSeq></word><word seq="5">in<GreekSeq>5</GreekSeq></word><word seq="6">full assurance<GreekSeq>6</GreekSeq></word><word seq="7">of faith,<GreekSeq>7</GreekSeq></word><word seq="8">with [our] hearts<GreekSeq>10</GreekSeq></word><word seq="9">sprinkled clean<GreekSeq>8</GreekSeq></word><word seq="10">from<GreekSeq>11</GreekSeq></word><word seq="11">an evil<GreekSeq>13</GreekSeq></word><word seq="12">conscience<GreekSeq>12</GreekSeq></word><word seq="13">and<GreekSeq>14</GreekSeq></word><word seq="14">our</word><word seq="15">bodies<GreekSeq>17</GreekSeq></word><word seq="16">washed<GreekSeq>15</GreekSeq></word><word seq="17">with pure<GreekSeq>19</GreekSeq></word><word seq="18">water.<GreekSeq>18</GreekSeq></word></ESV></verse>
<verse number="23"><ESV><word seq="1">Let us hold fast<GreekSeq>1</GreekSeq></word><word seq="2">the<GreekSeq>2</GreekSeq></word><word seq="3">confession<GreekSeq>3</GreekSeq></word><word seq="4">of [our] hope<GreekSeq>5</GreekSeq></word><word seq="5">without wavering,<GreekSeq>6</GreekSeq></word><word seq="6">for<GreekSeq>8</GreekSeq></word><word seq="7">he<GreekSeq>9</GreekSeq></word><word seq="8">who promised<GreekSeq>10</GreekSeq></word><word seq="9">is</word><word seq="10">faithful.<GreekSeq>7</GreekSeq></word></ESV></verse>
<verse number="24"><ESV><word seq="1">And<GreekSeq>1</GreekSeq></word><word seq="2">let us consider<GreekSeq>2</GreekSeq></word><word seq="3">[how] to<GreekSeq>4</GreekSeq></word><word seq="4">stir up<GreekSeq>5</GreekSeq></word><word seq="5">one another<GreekSeq>3</GreekSeq></word><word seq="6">to</word><word seq="7">love<GreekSeq>6</GreekSeq></word><word seq="8">and<GreekSeq>7</GreekSeq></word><word seq="9">good<GreekSeq>8</GreekSeq></word><word seq="10">works,<GreekSeq>9</GreekSeq></word></ESV></verse>
<verse number="25"><ESV><word seq="1">not<GreekSeq>1</GreekSeq></word><word seq="2">neglecting<GreekSeq>2</GreekSeq></word><word seq="3">to meet together,<GreekSeq>4</GreekSeq></word><word seq="4">as<GreekSeq>6</GreekSeq></word><word seq="5">is</word><word seq="6">the habit<GreekSeq>7</GreekSeq></word><word seq="7">of some,<GreekSeq>8</GreekSeq></word><word seq="8">but<GreekSeq>9</GreekSeq></word><word seq="9">encouraging one another,<GreekSeq>10</GreekSeq></word><word seq="10">and<GreekSeq>11</GreekSeq></word><word seq="11">all<GreekSeq>12</GreekSeq></word><word seq="12">the more<GreekSeq>13</GreekSeq></word><word seq="13">as<GreekSeq>14</GreekSeq></word><word seq="14">you see<GreekSeq>15</GreekSeq></word><word seq="15">the<GreekSeq>17</GreekSeq></word><word seq="16">Day<GreekSeq>18</GreekSeq></word><word seq="17">drawing near.<GreekSeq>16</GreekSeq></word></ESV></verse>
<verse number="26"><ESV><word seq="1">For<GreekSeq>2</GreekSeq></word><word seq="2">if</word><word seq="3">we<GreekSeq>4</GreekSeq></word><word seq="4">go on</word><word seq="5">sinning<GreekSeq>3</GreekSeq></word><word seq="6">deliberately<GreekSeq>1</GreekSeq></word><word seq="7">after<GreekSeq>5</GreekSeq></word><word seq="8">receiving<GreekSeq>7</GreekSeq></word><word seq="9">the<GreekSeq>8</GreekSeq></word><word seq="10">knowledge<GreekSeq>9</GreekSeq></word><word seq="11">of the<GreekSeq>10</GreekSeq></word><word seq="12">truth,<GreekSeq>11</GreekSeq></word><word seq="13">there</word><word seq="14">no longer<GreekSeq>12</GreekSeq></word><word seq="15">remains<GreekSeq>15</GreekSeq></word><word seq="16">a sacrifice<GreekSeq>16</GreekSeq></word><word seq="17">for<GreekSeq>13</GreekSeq></word><word seq="18">sins,<GreekSeq>14</GreekSeq></word></ESV></verse>
<verse number="27"><ESV><word seq="1">but<GreekSeq>2</GreekSeq></word><word seq="2">a<GreekSeq>3</GreekSeq></word><word seq="3">fearful<GreekSeq>1</GreekSeq></word><word seq="4">expectation<GreekSeq>4</GreekSeq></word><word seq="5">of judgment,<GreekSeq>5</GreekSeq></word><word seq="6">and<GreekSeq>6</GreekSeq></word><word seq="7">a fury<GreekSeq>8</GreekSeq></word><word seq="8">of fire<GreekSeq>7</GreekSeq></word><word seq="9">that will<GreekSeq>10</GreekSeq></word><word seq="10">consume<GreekSeq>9</GreekSeq></word><word seq="11">the<GreekSeq>11</GreekSeq></word><word seq="12">adversaries.<GreekSeq>12</GreekSeq></word></ESV></verse>
<verse number="28"><ESV><word seq="1">Anyone<GreekSeq>2</GreekSeq></word><word seq="2">who has set aside<GreekSeq>1</GreekSeq></word><word seq="3">the law<GreekSeq>3</GreekSeq></word><word seq="4">of Moses<GreekSeq>4</GreekSeq></word><word seq="5">dies<GreekSeq>12</GreekSeq></word><word seq="6">without<GreekSeq>5</GreekSeq></word><word seq="7">mercy<GreekSeq>6</GreekSeq></word><word seq="8">on<GreekSeq>7</GreekSeq></word><word seq="9">the evidence<GreekSeq>11</GreekSeq></word><word seq="10">of</word><word seq="11">two<GreekSeq>8</GreekSeq></word><word seq="12">or<GreekSeq>9</GreekSeq></word><word seq="13">three<GreekSeq>10</GreekSeq></word><word seq="14">witnesses.<GreekSeq>11</GreekSeq></word></ESV></verse>
<verse number="29"><ESV><word seq="1">How much<GreekSeq>1</GreekSeq></word><word seq="2">worse<GreekSeq>3</GreekSeq></word><word seq="3">punishment,<GreekSeq>5</GreekSeq></word><word seq="4">do</word><word seq="5">you think,<GreekSeq>2</GreekSeq></word><word seq="6">will be deserved<GreekSeq>4</GreekSeq></word><word seq="7">by the one<GreekSeq>6</GreekSeq></word><word seq="8">who has trampled underfoot<GreekSeq>11</GreekSeq></word><word seq="9">the<GreekSeq>7</GreekSeq></word><word seq="10">Son<GreekSeq>8</GreekSeq></word><word seq="11">of God,<GreekSeq>10</GreekSeq></word><word seq="12">and<GreekSeq>12</GreekSeq></word><word seq="13">has profaned<GreekSeq>17</GreekSeq><GreekSeq>18</GreekSeq></word><word seq="14">the<GreekSeq>13</GreekSeq></word><word seq="15">blood<GreekSeq>14</GreekSeq></word><word seq="16">of the<GreekSeq>15</GreekSeq></word><word seq="17">covenant<GreekSeq>16</GreekSeq></word><word seq="18">by<GreekSeq>19</GreekSeq></word><word seq="19">which<GreekSeq>20</GreekSeq></word><word seq="20">he was sanctified,<GreekSeq>21</GreekSeq></word><word seq="21">and<GreekSeq>22</GreekSeq></word><word seq="22">has outraged<GreekSeq>27</GreekSeq></word><word seq="23">the<GreekSeq>23</GreekSeq></word><word seq="24">Spirit<GreekSeq>24</GreekSeq></word><word seq="25">of grace?<GreekSeq>26</GreekSeq></word></ESV></verse>
<verse number="30"><ESV><word seq="1">For<GreekSeq>2</GreekSeq></word><word seq="2">we know<GreekSeq>1</GreekSeq></word><word seq="3">him<GreekSeq>3</GreekSeq></word><word seq="4">who said,<GreekSeq>4</GreekSeq></word><word seq="5">Vengeance<GreekSeq>6</GreekSeq></word><word seq="6">is</word><word seq="7">mine;<GreekSeq>5</GreekSeq></word><word seq="8">I<GreekSeq>7</GreekSeq></word><word seq="9">will repay.<GreekSeq>8</GreekSeq></word><word seq="10">And<GreekSeq>9</GreekSeq></word><word seq="11">again,<GreekSeq>10</GreekSeq></word><word seq="12">The Lord<GreekSeq>12</GreekSeq></word><word seq="13">will judge<GreekSeq>11</GreekSeq></word><word seq="14">his<GreekSeq>15</GreekSeq></word><word seq="15">people.<GreekSeq>14</GreekSeq></word></ESV></verse>
<verse number="31"><ESV><word seq="1">It is</word><word seq="2">a fearful<GreekSeq>1</GreekSeq></word><word seq="3">thing<GreekSeq>2</GreekSeq></word><word seq="4">to fall<GreekSeq>3</GreekSeq></word><word seq="5">into<GreekSeq>4</GreekSeq></word><word seq="6">the hands<GreekSeq>5</GreekSeq></word><word seq="7">of the<GreekSeq>6</GreekSeq></word><word seq="8">living<GreekSeq>7</GreekSeq></word><word seq="9">God.<GreekSeq>6</GreekSeq></word></ESV></verse>
<verse number="32"><ESV><word seq="1">But<GreekSeq>2</GreekSeq></word><word seq="2">recall<GreekSeq>1</GreekSeq></word><word seq="3">the<GreekSeq>3</GreekSeq></word><word seq="4">former<GreekSeq>4</GreekSeq></word><word seq="5">days<GreekSeq>5</GreekSeq></word><word seq="6">when,<GreekSeq>6</GreekSeq><GreekSeq>7</GreekSeq></word><word seq="7">after you were enlightened,<GreekSeq>8</GreekSeq></word><word seq="8">you endured<GreekSeq>11</GreekSeq></word><word seq="9">a hard<GreekSeq>9</GreekSeq></word><word seq="10">struggle<GreekSeq>10</GreekSeq></word><word seq="11">with sufferings,<GreekSeq>12</GreekSeq></word></ESV></verse>
<verse number="33"><ESV><word seq="1">sometimes<GreekSeq>1</GreekSeq></word><word seq="2">being publicly exposed<GreekSeq>7</GreekSeq></word><word seq="3">to reproach<GreekSeq>3</GreekSeq></word><word seq="4">and<GreekSeq>5</GreekSeq></word><word seq="5">affliction,<GreekSeq>6</GreekSeq></word><word seq="6">and<GreekSeq>9</GreekSeq></word><word seq="7">sometimes<GreekSeq>8</GreekSeq></word><word seq="8">being<GreekSeq>14</GreekSeq></word><word seq="9">partners<GreekSeq>10</GreekSeq></word><word seq="10">with those<GreekSeq>11</GreekSeq></word><word seq="11">so<GreekSeq>12</GreekSeq></word><word seq="12">treated.<GreekSeq>13</GreekSeq></word></ESV></verse>
<verse number="34"><ESV><word seq="1">For<GreekSeq>2</GreekSeq></word><word seq="2">you had compassion<GreekSeq>5</GreekSeq></word><word seq="3">on those<GreekSeq>3</GreekSeq></word><word seq="4">in prison,<GreekSeq>4</GreekSeq></word><word seq="5">and<GreekSeq>6</GreekSeq></word><word seq="6">you<GreekSeq>14</GreekSeq></word><word seq="7">joyfully<GreekSeq>12</GreekSeq><GreekSeq>13</GreekSeq></word><word seq="8">accepted<GreekSeq>14</GreekSeq></word><word seq="9">the<GreekSeq>7</GreekSeq></word><word seq="10">plundering<GreekSeq>8</GreekSeq></word><word seq="11">of<GreekSeq>10</GreekSeq></word><word seq="12">your<GreekSeq>11</GreekSeq></word><word seq="13">property,<GreekSeq>10</GreekSeq></word><word seq="14">since you</word><word seq="15">knew<GreekSeq>15</GreekSeq></word><word seq="16">that</word><word seq="17">you yourselves<GreekSeq>17</GreekSeq></word><word seq="18">had<GreekSeq>16</GreekSeq></word><word seq="19">a better<GreekSeq>18</GreekSeq></word><word seq="20">possession<GreekSeq>19</GreekSeq></word><word seq="21">and<GreekSeq>20</GreekSeq></word><word seq="22">an abiding one.<GreekSeq>21</GreekSeq></word></ESV></verse>
<verse number="35"><ESV><word seq="1">Therefore<GreekSeq>3</GreekSeq></word><word seq="2">do</word><word seq="3">not<GreekSeq>1</GreekSeq></word><word seq="4">throw away<GreekSeq>2</GreekSeq></word><word seq="5">your<GreekSeq>6</GreekSeq></word><word seq="6">confidence,<GreekSeq>5</GreekSeq></word><word seq="7">which<GreekSeq>7</GreekSeq></word><word seq="8">has<GreekSeq>8</GreekSeq></word><word seq="9">a great<GreekSeq>9</GreekSeq></word><word seq="10">reward.<GreekSeq>10</GreekSeq></word></ESV></verse>
<verse number="36"><ESV><word seq="1">For<GreekSeq>2</GreekSeq></word><word seq="2">you have<GreekSeq>3</GreekSeq></word><word seq="3">need<GreekSeq>4</GreekSeq></word><word seq="4">of endurance,<GreekSeq>1</GreekSeq></word><word seq="5">so that<GreekSeq>5</GreekSeq></word><word seq="6">when you have done<GreekSeq>10</GreekSeq></word><word seq="7">the<GreekSeq>6</GreekSeq></word><word seq="8">will<GreekSeq>7</GreekSeq></word><word seq="9">of God<GreekSeq>9</GreekSeq></word><word seq="10">you may receive<GreekSeq>11</GreekSeq></word><word seq="11">what is promised.<GreekSeq>12</GreekSeq><GreekSeq>13</GreekSeq></word></ESV></verse>
<verse number="37"><ESV><word seq="1">For,<GreekSeq>2</GreekSeq></word><word seq="2">Yet<GreekSeq>1</GreekSeq></word><word seq="3">a little<GreekSeq>3</GreekSeq></word><word seq="4">while,<GreekSeq>4</GreekSeq><GreekSeq>5</GreekSeq></word><word seq="5">and</word><word seq="6">the<GreekSeq>6</GreekSeq></word><word seq="7">coming one<GreekSeq>7</GreekSeq></word><word seq="8">will come<GreekSeq>8</GreekSeq></word><word seq="9">and<GreekSeq>9</GreekSeq></word><word seq="10">will<GreekSeq>11</GreekSeq></word><word seq="11">not<GreekSeq>10</GreekSeq></word><word seq="12">delay;<GreekSeq>11</GreekSeq></word></ESV></verse>
<verse number="38"><ESV><word seq="1">but<GreekSeq>2</GreekSeq></word><word seq="2">my<GreekSeq>4</GreekSeq></word><word seq="3">righteous one<GreekSeq>1</GreekSeq><GreekSeq>3</GreekSeq></word><word seq="4">shall live<GreekSeq>7</GreekSeq></word><word seq="5">by<GreekSeq>5</GreekSeq></word><word seq="6">faith,<GreekSeq>6</GreekSeq></word><word seq="7">and<GreekSeq>8</GreekSeq></word><word seq="8">if<GreekSeq>9</GreekSeq></word><word seq="9">he shrinks back,<GreekSeq>10</GreekSeq></word><word seq="10">my<GreekSeq>15</GreekSeq></word><word seq="11">soul<GreekSeq>14</GreekSeq></word><word seq="12">has<GreekSeq>12</GreekSeq></word><word seq="13">no<GreekSeq>11</GreekSeq></word><word seq="14">pleasure<GreekSeq>12</GreekSeq></word><word seq="15">in<GreekSeq>16</GreekSeq></word><word seq="16">him.<GreekSeq>17</GreekSeq></word></ESV></verse>
<verse number="39"><ESV><word seq="1">But<GreekSeq>2</GreekSeq></word><word seq="2">we<GreekSeq>1</GreekSeq></word><word seq="3">are<GreekSeq>4</GreekSeq></word><word seq="4">not<GreekSeq>3</GreekSeq></word><word seq="5">of [those who] shrink back<GreekSeq>5</GreekSeq></word><word seq="6">and are</word><word seq="7">destroyed,<GreekSeq>7</GreekSeq></word><word seq="8">but<GreekSeq>8</GreekSeq></word><word seq="9">of [those who have] faith<GreekSeq>9</GreekSeq></word><word seq="10">and</word><word seq="11">preserve<GreekSeq>11</GreekSeq></word><word seq="12">their</word><word seq="13">souls.<GreekSeq>12</GreekSeq></word></ESV></verse></chapter></book>