<?xml version="1.0" encoding="UTF-8" standalone="no"?><book><chapter number="9">'<verse number="1"><ESV><word seq="1">Now<GreekSeq>3</GreekSeq></word><word seq="2">even<GreekSeq>4</GreekSeq></word><word seq="3">the<GreekSeq>5</GreekSeq></word><word seq="4">first [covenant]<GreekSeq>6</GreekSeq></word><word seq="5">had<GreekSeq>1</GreekSeq></word><word seq="6">regulations<GreekSeq>7</GreekSeq></word><word seq="7">for worship<GreekSeq>8</GreekSeq></word><word seq="8">and<GreekSeq>10</GreekSeq></word><word seq="9">an earthly<GreekSeq>12</GreekSeq></word><word seq="10">place of holiness.<GreekSeq>9</GreekSeq><GreekSeq>11</GreekSeq></word></ESV></verse>
<verse number="2"><ESV><word seq="1">For<GreekSeq>2</GreekSeq></word><word seq="2">a tent<GreekSeq>1</GreekSeq></word><word seq="3">was prepared,<GreekSeq>3</GreekSeq></word><word seq="4">the<GreekSeq>4</GreekSeq></word><word seq="5">first [section],<GreekSeq>5</GreekSeq></word><word seq="6">in<GreekSeq>6</GreekSeq></word><word seq="7">which<GreekSeq>7</GreekSeq></word><word seq="8">were</word><word seq="9">the<GreekSeq>8</GreekSeq></word><word seq="10">lampstand<GreekSeq>10</GreekSeq></word><word seq="11">and<GreekSeq>11</GreekSeq></word><word seq="12">the<GreekSeq>12</GreekSeq></word><word seq="13">table<GreekSeq>13</GreekSeq></word><word seq="14">and<GreekSeq>14</GreekSeq></word><word seq="15">the<GreekSeq>17</GreekSeq></word><word seq="16">bread of<GreekSeq>18</GreekSeq></word><word seq="17">the<GreekSeq>15</GreekSeq></word><word seq="18">Presence.<GreekSeq>16</GreekSeq></word><word seq="19">It<GreekSeq>19</GreekSeq></word><word seq="20">is called<GreekSeq>20</GreekSeq></word><word seq="21">the Holy Place.<GreekSeq>21</GreekSeq></word></ESV></verse>
<verse number="3"><ESV><word seq="1">Behind<GreekSeq>1</GreekSeq></word><word seq="2">the<GreekSeq>3</GreekSeq></word><word seq="3">second<GreekSeq>4</GreekSeq></word><word seq="4">curtain<GreekSeq>5</GreekSeq></word><word seq="5">was</word><word seq="6">[a second section]<GreekSeq>6</GreekSeq></word><word seq="7">called<GreekSeq>8</GreekSeq></word><word seq="8">the Most Holy Place,<GreekSeq>9</GreekSeq><GreekSeq>10</GreekSeq></word></ESV></verse>
<verse number="4"><ESV><word seq="1">having<GreekSeq>2</GreekSeq></word><word seq="2">the</word><word seq="3">golden<GreekSeq>1</GreekSeq></word><word seq="4">altar of incense<GreekSeq>3</GreekSeq></word><word seq="5">and<GreekSeq>4</GreekSeq></word><word seq="6">the<GreekSeq>5</GreekSeq></word><word seq="7">ark<GreekSeq>6</GreekSeq></word><word seq="8">of the<GreekSeq>7</GreekSeq></word><word seq="9">covenant<GreekSeq>8</GreekSeq></word><word seq="10">covered<GreekSeq>9</GreekSeq></word><word seq="11">on all sides<GreekSeq>10</GreekSeq></word><word seq="12">with gold,<GreekSeq>11</GreekSeq></word><word seq="13">in<GreekSeq>12</GreekSeq></word><word seq="14">which<GreekSeq>13</GreekSeq></word><word seq="15">was</word><word seq="16">a golden<GreekSeq>15</GreekSeq></word><word seq="17">urn<GreekSeq>14</GreekSeq></word><word seq="18">holding<GreekSeq>16</GreekSeq></word><word seq="19">the<GreekSeq>17</GreekSeq></word><word seq="20">manna,<GreekSeq>18</GreekSeq></word><word seq="21">and<GreekSeq>19</GreekSeq></word><word seq="22">Aaron’s<GreekSeq>22</GreekSeq></word><word seq="23">staff<GreekSeq>21</GreekSeq></word><word seq="24">that budded,<GreekSeq>24</GreekSeq></word><word seq="25">and<GreekSeq>25</GreekSeq></word><word seq="26">the<GreekSeq>26</GreekSeq></word><word seq="27">tablets<GreekSeq>27</GreekSeq></word><word seq="28">of the<GreekSeq>28</GreekSeq></word><word seq="29">covenant.<GreekSeq>29</GreekSeq></word></ESV></verse>
<verse number="5"><ESV><word seq="1">Above<GreekSeq>1</GreekSeq></word><word seq="2">it<GreekSeq>3</GreekSeq></word><word seq="3">were</word><word seq="4">the cherubim<GreekSeq>4</GreekSeq></word><word seq="5">of glory<GreekSeq>5</GreekSeq></word><word seq="6">overshadowing<GreekSeq>6</GreekSeq></word><word seq="7">the<GreekSeq>7</GreekSeq></word><word seq="8">mercy seat.<GreekSeq>8</GreekSeq></word><word seq="9">Of<GreekSeq>9</GreekSeq></word><word seq="10">these things<GreekSeq>10</GreekSeq></word><word seq="11">we</word><word seq="12">cannot<GreekSeq>11</GreekSeq><GreekSeq>12</GreekSeq></word><word seq="13">now<GreekSeq>13</GreekSeq></word><word seq="14">speak<GreekSeq>14</GreekSeq></word><word seq="15">in<GreekSeq>15</GreekSeq></word><word seq="16">detail.<GreekSeq>16</GreekSeq></word></ESV></verse>
<verse number="6"><ESV><word seq="1">These<GreekSeq>1</GreekSeq></word><word seq="2">preparations having<GreekSeq>4</GreekSeq></word><word seq="3">thus<GreekSeq>3</GreekSeq></word><word seq="4">been made,<GreekSeq>4</GreekSeq></word><word seq="5">the<GreekSeq>13</GreekSeq></word><word seq="6">priests<GreekSeq>14</GreekSeq></word><word seq="7">go<GreekSeq>12</GreekSeq></word><word seq="8">regularly<GreekSeq>10</GreekSeq><GreekSeq>11</GreekSeq></word><word seq="9">into<GreekSeq>5</GreekSeq></word><word seq="10">the<GreekSeq>7</GreekSeq></word><word seq="11">first<GreekSeq>8</GreekSeq></word><word seq="12">section,<GreekSeq>9</GreekSeq></word><word seq="13">performing<GreekSeq>17</GreekSeq></word><word seq="14">their</word><word seq="15">ritual duties,<GreekSeq>16</GreekSeq></word></ESV></verse>
<verse number="7"><ESV><word seq="1">but<GreekSeq>2</GreekSeq></word><word seq="2">into<GreekSeq>1</GreekSeq></word><word seq="3">the<GreekSeq>3</GreekSeq></word><word seq="4">second<GreekSeq>4</GreekSeq></word><word seq="5">only<GreekSeq>8</GreekSeq></word><word seq="6">the<GreekSeq>9</GreekSeq></word><word seq="7">high priest<GreekSeq>10</GreekSeq></word><word seq="8">goes, and he but</word><word seq="9">once<GreekSeq>5</GreekSeq></word><word seq="10">a year,<GreekSeq>7</GreekSeq></word><word seq="11">and</word><word seq="12">not<GreekSeq>11</GreekSeq></word><word seq="13">without<GreekSeq>12</GreekSeq></word><word seq="14">taking</word><word seq="15">blood,<GreekSeq>13</GreekSeq></word><word seq="16">which<GreekSeq>14</GreekSeq></word><word seq="17">he offers<GreekSeq>15</GreekSeq></word><word seq="18">for<GreekSeq>16</GreekSeq></word><word seq="19">himself<GreekSeq>17</GreekSeq></word><word seq="20">and<GreekSeq>18</GreekSeq></word><word seq="21">for</word><word seq="22">the<GreekSeq>19</GreekSeq></word><word seq="23">unintentional sins<GreekSeq>22</GreekSeq></word><word seq="24">of the<GreekSeq>20</GreekSeq></word><word seq="25">people.<GreekSeq>21</GreekSeq></word></ESV></verse>
<verse number="8"><ESV><word seq="1">By this<GreekSeq>1</GreekSeq></word><word seq="2">the<GreekSeq>3</GreekSeq></word><word seq="3">Holy<GreekSeq>6</GreekSeq></word><word seq="4">Spirit<GreekSeq>4</GreekSeq></word><word seq="5">indicates<GreekSeq>2</GreekSeq></word><word seq="6">that</word><word seq="7">the<GreekSeq>9</GreekSeq></word><word seq="8">way<GreekSeq>12</GreekSeq></word><word seq="9">[into] the<GreekSeq>10</GreekSeq></word><word seq="10">holy places<GreekSeq>11</GreekSeq></word><word seq="11">is<GreekSeq>8</GreekSeq></word><word seq="12">not yet<GreekSeq>7</GreekSeq></word><word seq="13">opened<GreekSeq>8</GreekSeq></word><word seq="14">as long as</word><word seq="15">the<GreekSeq>14</GreekSeq></word><word seq="16">first<GreekSeq>15</GreekSeq></word><word seq="17">section<GreekSeq>16</GreekSeq></word><word seq="18">is<GreekSeq>17</GreekSeq></word><word seq="19">still<GreekSeq>13</GreekSeq></word><word seq="20">standing<GreekSeq>18</GreekSeq></word></ESV></verse>
<verse number="9"><ESV><word seq="1">( which<GreekSeq>1</GreekSeq></word><word seq="2">is</word><word seq="3">symbolic<GreekSeq>2</GreekSeq></word><word seq="4">for<GreekSeq>3</GreekSeq></word><word seq="5">the<GreekSeq>4</GreekSeq></word><word seq="6">present<GreekSeq>7</GreekSeq></word><word seq="7">age ).<GreekSeq>5</GreekSeq></word><word seq="8">According to<GreekSeq>8</GreekSeq></word><word seq="9">this [arrangement],<GreekSeq>9</GreekSeq></word><word seq="10">gifts<GreekSeq>10</GreekSeq></word><word seq="11">and<GreekSeq>12</GreekSeq></word><word seq="12">sacrifices<GreekSeq>13</GreekSeq></word><word seq="13">are offered<GreekSeq>14</GreekSeq></word><word seq="14">that cannot<GreekSeq>15</GreekSeq><GreekSeq>16</GreekSeq></word><word seq="15">perfect<GreekSeq>19</GreekSeq></word><word seq="16">the conscience<GreekSeq>18</GreekSeq></word><word seq="17">of the<GreekSeq>20</GreekSeq></word><word seq="18">worshiper,<GreekSeq>21</GreekSeq></word></ESV></verse>
<verse number="10"><ESV><word seq="1">but deal</word><word seq="2">only<GreekSeq>1</GreekSeq></word><word seq="3">with<GreekSeq>2</GreekSeq></word><word seq="4">food<GreekSeq>3</GreekSeq></word><word seq="5">and<GreekSeq>4</GreekSeq></word><word seq="6">drink<GreekSeq>5</GreekSeq></word><word seq="7">and<GreekSeq>6</GreekSeq></word><word seq="8">various<GreekSeq>7</GreekSeq></word><word seq="9">washings,<GreekSeq>8</GreekSeq></word><word seq="10">regulations<GreekSeq>9</GreekSeq></word><word seq="11">for the body<GreekSeq>10</GreekSeq></word><word seq="12">imposed<GreekSeq>14</GreekSeq></word><word seq="13">until<GreekSeq>11</GreekSeq></word><word seq="14">the time<GreekSeq>12</GreekSeq></word><word seq="15">of reformation.<GreekSeq>13</GreekSeq></word></ESV></verse>
<verse number="11"><ESV><word seq="1">But<GreekSeq>2</GreekSeq></word><word seq="2">when<GreekSeq>3</GreekSeq></word><word seq="3">Christ<GreekSeq>1</GreekSeq></word><word seq="4">appeared<GreekSeq>3</GreekSeq></word><word seq="5">as</word><word seq="6">a high priest<GreekSeq>4</GreekSeq></word><word seq="7">of the<GreekSeq>5</GreekSeq></word><word seq="8">good [things]<GreekSeq>7</GreekSeq></word><word seq="9" note="Base of different Greek:  μελλόντων(3195)">that have come,<GreekSeq>6</GreekSeq></word><word seq="10">then</word><word seq="11">through<GreekSeq>8</GreekSeq></word><word seq="12">the<GreekSeq>9</GreekSeq></word><word seq="13">greater<GreekSeq>10</GreekSeq></word><word seq="14">and<GreekSeq>11</GreekSeq></word><word seq="15">rmore perfect<GreekSeq>12</GreekSeq></word><word seq="16">tent<GreekSeq>13</GreekSeq></word><word seq="17">( not<GreekSeq>14</GreekSeq></word><word seq="18">made with hands,<GreekSeq>15</GreekSeq></word><word seq="19">that<GreekSeq>16</GreekSeq></word><word seq="20">is,<GreekSeq>17</GreekSeq></word><word seq="21">not<GreekSeq>18</GreekSeq></word><word seq="22">of this<GreekSeq>19</GreekSeq></word><word seq="23">creation )<GreekSeq>21</GreekSeq></word></ESV></verse>
<verse number="12"><ESV><word seq="1">he entered<GreekSeq>12</GreekSeq></word><word seq="2">once for all<GreekSeq>13</GreekSeq></word><word seq="3">into<GreekSeq>14</GreekSeq></word><word seq="4">the holy places,<GreekSeq>15</GreekSeq><GreekSeq>16</GreekSeq></word><word seq="5">not<GreekSeq>1</GreekSeq></word><word seq="6">by means of<GreekSeq>2</GreekSeq></word><word seq="7">the blood<GreekSeq>3</GreekSeq></word><word seq="8">of goats<GreekSeq>4</GreekSeq></word><word seq="9">and<GreekSeq>5</GreekSeq></word><word seq="10">calves<GreekSeq>6</GreekSeq></word><word seq="11">but<GreekSeq>8</GreekSeq></word><word seq="12">by means of<GreekSeq>7</GreekSeq></word><word seq="13">his own<GreekSeq>10</GreekSeq></word><word seq="14">blood,<GreekSeq>11</GreekSeq></word><word seq="15">thus securing<GreekSeq>19</GreekSeq></word><word seq="16">an eternal<GreekSeq>17</GreekSeq></word><word seq="17">redemption.<GreekSeq>18</GreekSeq></word></ESV></verse>
<verse number="13"><ESV><word seq="1">For<GreekSeq>2</GreekSeq></word><word seq="2">if<GreekSeq>1</GreekSeq></word><word seq="3">the<GreekSeq>3</GreekSeq></word><word seq="4">blood<GreekSeq>4</GreekSeq></word><word seq="5">of goats<GreekSeq>5</GreekSeq></word><word seq="6">and<GreekSeq>6</GreekSeq></word><word seq="7">bulls,<GreekSeq>7</GreekSeq></word><word seq="8">and<GreekSeq>8</GreekSeq></word><word seq="9">the</word><word seq="10">sprinkling<GreekSeq>11</GreekSeq></word><word seq="11">of</word><word seq="12">defiled persons<GreekSeq>13</GreekSeq></word><word seq="13">with</word><word seq="14">the ashes<GreekSeq>9</GreekSeq></word><word seq="15">of a heifer,<GreekSeq>10</GreekSeq></word><word seq="16">sanctify<GreekSeq>14</GreekSeq></word><word seq="17">for<GreekSeq>15</GreekSeq></word><word seq="18">the<GreekSeq>16</GreekSeq></word><word seq="19">purification<GreekSeq>19</GreekSeq></word><word seq="20">of the<GreekSeq>17</GreekSeq></word><word seq="21">flesh,<GreekSeq>18</GreekSeq></word></ESV></verse>
<verse number="14"><ESV><word seq="1">how much<GreekSeq>1</GreekSeq></word><word seq="2">more<GreekSeq>2</GreekSeq></word><word seq="3">will<GreekSeq>16</GreekSeq></word><word seq="4">the<GreekSeq>3</GreekSeq></word><word seq="5">blood<GreekSeq>4</GreekSeq></word><word seq="6">of Christ,<GreekSeq>6</GreekSeq></word><word seq="7">who<GreekSeq>7</GreekSeq></word><word seq="8">through<GreekSeq>8</GreekSeq></word><word seq="9">the</word><word seq="10">eternal<GreekSeq>10</GreekSeq></word><word seq="11">Spirit<GreekSeq>9</GreekSeq></word><word seq="12">offered<GreekSeq>12</GreekSeq></word><word seq="13">himself<GreekSeq>11</GreekSeq></word><word seq="14">without blemish<GreekSeq>13</GreekSeq></word><word seq="15">to God,<GreekSeq>15</GreekSeq></word><word seq="16">purify<GreekSeq>16</GreekSeq></word><word seq="17">our<GreekSeq>19</GreekSeq></word><word seq="18">conscience<GreekSeq>18</GreekSeq></word><word seq="19">from<GreekSeq>20</GreekSeq></word><word seq="20">dead<GreekSeq>21</GreekSeq></word><word seq="21">works<GreekSeq>22</GreekSeq></word><word seq="22">to serve<GreekSeq>25</GreekSeq></word><word seq="23">the</word><word seq="24">living<GreekSeq>27</GreekSeq></word><word seq="25">God.<GreekSeq>26</GreekSeq></word></ESV></verse>
<verse number="15"><ESV><word seq="1">Therefore<GreekSeq>2</GreekSeq><GreekSeq>3</GreekSeq></word><word seq="2">he is<GreekSeq>7</GreekSeq></word><word seq="3">the mediator<GreekSeq>6</GreekSeq></word><word seq="4">of a new<GreekSeq>5</GreekSeq></word><word seq="5">covenant,<GreekSeq>4</GreekSeq></word><word seq="6">so that<GreekSeq>8</GreekSeq></word><word seq="7">those<GreekSeq>22</GreekSeq></word><word seq="8">who are called<GreekSeq>23</GreekSeq></word><word seq="9">may receive<GreekSeq>21</GreekSeq></word><word seq="10">the<GreekSeq>19</GreekSeq></word><word seq="11">promised<GreekSeq>20</GreekSeq></word><word seq="12">eternal<GreekSeq>25</GreekSeq></word><word seq="13">inheritance,<GreekSeq>26</GreekSeq></word><word seq="14">since<GreekSeq>8</GreekSeq></word><word seq="15">a death<GreekSeq>9</GreekSeq></word><word seq="16">has occurred<GreekSeq>10</GreekSeq></word><word seq="17">that redeems<GreekSeq>11</GreekSeq><GreekSeq>12</GreekSeq></word><word seq="18">them from</word><word seq="19">the<GreekSeq>13</GreekSeq></word><word seq="20">transgressions<GreekSeq>18</GreekSeq></word><word seq="21">committed</word><word seq="22">under<GreekSeq>14</GreekSeq></word><word seq="23">the<GreekSeq>15</GreekSeq></word><word seq="24">first<GreekSeq>16</GreekSeq></word><word seq="25">covenant.<GreekSeq>17</GreekSeq></word></ESV></verse>
<verse number="16"><ESV><word seq="1">For<GreekSeq>2</GreekSeq></word><word seq="2">where<GreekSeq>1</GreekSeq></word><word seq="3">a will<GreekSeq>3</GreekSeq></word><word seq="4">is involved,</word><word seq="5">the death<GreekSeq>4</GreekSeq></word><word seq="6">of the one<GreekSeq>7</GreekSeq></word><word seq="7">who made it<GreekSeq>8</GreekSeq></word><word seq="8">must<GreekSeq>5</GreekSeq></word><word seq="9">be established.<GreekSeq>6</GreekSeq></word></ESV></verse>
<verse number="17"><ESV><word seq="1">For<GreekSeq>2</GreekSeq></word><word seq="2">a will<GreekSeq>1</GreekSeq></word><word seq="3">takes effect<GreekSeq>5</GreekSeq></word><word seq="4">only</word><word seq="5">at<GreekSeq>3</GreekSeq></word><word seq="6">death,<GreekSeq>4</GreekSeq></word><word seq="7">since<GreekSeq>6</GreekSeq></word><word seq="8">it is<GreekSeq>8</GreekSeq></word><word seq="9">not<GreekSeq>7</GreekSeq></word><word seq="10">in force<GreekSeq>8</GreekSeq></word><word seq="11">as long as<GreekSeq>9</GreekSeq></word><word seq="12">the one<GreekSeq>11</GreekSeq></word><word seq="13">who made [it]<GreekSeq>12</GreekSeq></word><word seq="14">is alive.<GreekSeq>10</GreekSeq></word></ESV></verse>
<verse number="18"><ESV><word seq="1">Therefore<GreekSeq>1</GreekSeq></word><word seq="2">not even<GreekSeq>2</GreekSeq></word><word seq="3">the<GreekSeq>3</GreekSeq></word><word seq="4">first<GreekSeq>4</GreekSeq></word><word seq="5">covenant</word><word seq="6">was inaugurated<GreekSeq>7</GreekSeq></word><word seq="7">without<GreekSeq>5</GreekSeq></word><word seq="8">blood.<GreekSeq>6</GreekSeq></word></ESV></verse>
<verse number="19"><ESV><word seq="1">For<GreekSeq>2</GreekSeq></word><word seq="2">when<GreekSeq>1</GreekSeq></word><word seq="3">every<GreekSeq>3</GreekSeq></word><word seq="4">commandment<GreekSeq>4</GreekSeq></word><word seq="5">of<GreekSeq>5</GreekSeq></word><word seq="6">the<GreekSeq>6</GreekSeq></word><word seq="7">law<GreekSeq>7</GreekSeq></word><word seq="8">had been declared<GreekSeq>1</GreekSeq></word><word seq="9">by<GreekSeq>8</GreekSeq></word><word seq="10">Moses<GreekSeq>9</GreekSeq></word><word seq="11">to all<GreekSeq>10</GreekSeq></word><word seq="12">the<GreekSeq>11</GreekSeq></word><word seq="13">people,<GreekSeq>12</GreekSeq></word><word seq="14">he took<GreekSeq>13</GreekSeq></word><word seq="15">the<GreekSeq>14</GreekSeq></word><word seq="16">blood<GreekSeq>15</GreekSeq></word><word seq="17">of calves<GreekSeq>17</GreekSeq></word><word seq="18">and<GreekSeq>18</GreekSeq></word><word seq="19">goats,<GreekSeq>20</GreekSeq></word><word seq="20">with<GreekSeq>21</GreekSeq></word><word seq="21">water<GreekSeq>22</GreekSeq></word><word seq="22">and<GreekSeq>23</GreekSeq></word><word seq="23">scarlet<GreekSeq>25</GreekSeq></word><word seq="24">wool<GreekSeq>24</GreekSeq></word><word seq="25">and<GreekSeq>26</GreekSeq></word><word seq="26">hyssop,<GreekSeq>27</GreekSeq></word><word seq="27">and</word><word seq="28">sprinkled<GreekSeq>36</GreekSeq></word><word seq="29">both<GreekSeq>29</GreekSeq></word><word seq="30">the<GreekSeq>30</GreekSeq></word><word seq="31">book<GreekSeq>31</GreekSeq></word><word seq="32">itself<GreekSeq>28</GreekSeq></word><word seq="33">and<GreekSeq>32</GreekSeq></word><word seq="34">all<GreekSeq>33</GreekSeq></word><word seq="35">the<GreekSeq>34</GreekSeq></word><word seq="36">people,<GreekSeq>35</GreekSeq></word></ESV></verse>
<verse number="20"><ESV><word seq="1">saying,<GreekSeq>1</GreekSeq></word><word seq="2">This<GreekSeq>2</GreekSeq></word><word seq="3">is</word><word seq="4">the<GreekSeq>3</GreekSeq></word><word seq="5">blood<GreekSeq>4</GreekSeq></word><word seq="6">of the<GreekSeq>5</GreekSeq></word><word seq="7">covenant<GreekSeq>6</GreekSeq></word><word seq="8">that<GreekSeq>7</GreekSeq></word><word seq="9">God<GreekSeq>12</GreekSeq></word><word seq="10">commanded<GreekSeq>8</GreekSeq></word><word seq="11">for<GreekSeq>9</GreekSeq></word><word seq="12">you.<GreekSeq>10</GreekSeq></word></ESV></verse>
<verse number="21"><ESV><word seq="1">And<GreekSeq>4</GreekSeq></word><word seq="2">in the same way<GreekSeq>13</GreekSeq></word><word seq="3">he sprinkled<GreekSeq>14</GreekSeq></word><word seq="4">with the<GreekSeq>11</GreekSeq></word><word seq="5">blood<GreekSeq>12</GreekSeq></word><word seq="6">both<GreekSeq>1</GreekSeq></word><word seq="7">the<GreekSeq>2</GreekSeq></word><word seq="8">tent<GreekSeq>3</GreekSeq></word><word seq="9">and<GreekSeq>5</GreekSeq></word><word seq="10">all<GreekSeq>6</GreekSeq></word><word seq="11">the<GreekSeq>7</GreekSeq></word><word seq="12">vessels<GreekSeq>8</GreekSeq></word><word seq="13">[used in] worship.<GreekSeq>10</GreekSeq></word></ESV></verse>
<verse number="22"><ESV><word seq="1">Indeed,<GreekSeq>1</GreekSeq></word><word seq="2">under<GreekSeq>7</GreekSeq></word><word seq="3">the<GreekSeq>8</GreekSeq></word><word seq="4">law<GreekSeq>9</GreekSeq></word><word seq="5">almost<GreekSeq>2</GreekSeq></word><word seq="6">everything<GreekSeq>5</GreekSeq></word><word seq="7">is purified<GreekSeq>6</GreekSeq></word><word seq="8">with<GreekSeq>3</GreekSeq></word><word seq="9">blood,<GreekSeq>4</GreekSeq></word><word seq="10">and<GreekSeq>10</GreekSeq></word><word seq="11">without<GreekSeq>11</GreekSeq></word><word seq="12">the shedding of blood<GreekSeq>12</GreekSeq></word><word seq="13">there is<GreekSeq>14</GreekSeq></word><word seq="14">no<GreekSeq>13</GreekSeq></word><word seq="15">forgiveness [of sins].<GreekSeq>15</GreekSeq></word></ESV></verse>
<verse number="23"><ESV><word seq="1">Thus<GreekSeq>2</GreekSeq></word><word seq="2">it was</word><word seq="3">necessary<GreekSeq>1</GreekSeq></word><word seq="4">for the<GreekSeq>3</GreekSeq></word><word seq="5">copies<GreekSeq>5</GreekSeq></word><word seq="6">of<GreekSeq>6</GreekSeq></word><word seq="7">the<GreekSeq>8</GreekSeq></word><word seq="8">heavenly<GreekSeq>7</GreekSeq><GreekSeq>9</GreekSeq></word><word seq="9">things<GreekSeq>6</GreekSeq></word><word seq="10">to be purified<GreekSeq>11</GreekSeq></word><word seq="11">with these [rites],<GreekSeq>10</GreekSeq></word><word seq="12">but<GreekSeq>13</GreekSeq></word><word seq="13">the<GreekSeq>14</GreekSeq></word><word seq="14">heavenly [things]<GreekSeq>15</GreekSeq></word><word seq="15">themselves<GreekSeq>12</GreekSeq></word><word seq="16">with better<GreekSeq>16</GreekSeq></word><word seq="17">sacrifices<GreekSeq>17</GreekSeq></word><word seq="18">than<GreekSeq>18</GreekSeq></word><word seq="19">these.<GreekSeq>19</GreekSeq></word></ESV></verse>
<verse number="24"><ESV><word seq="1">For<GreekSeq>2</GreekSeq></word><word seq="2">Christ<GreekSeq>7</GreekSeq></word><word seq="3">has entered,<GreekSeq>5</GreekSeq></word><word seq="4">not<GreekSeq>1</GreekSeq></word><word seq="5">into<GreekSeq>3</GreekSeq></word><word seq="6">holy places<GreekSeq>6</GreekSeq></word><word seq="7">made with hands,<GreekSeq>4</GreekSeq></word><word seq="8">which are</word><word seq="9">copies<GreekSeq>8</GreekSeq></word><word seq="10">of the<GreekSeq>9</GreekSeq></word><word seq="11">true [things],<GreekSeq>10</GreekSeq></word><word seq="12">but<GreekSeq>11</GreekSeq></word><word seq="13">into<GreekSeq>12</GreekSeq></word><word seq="14">heaven<GreekSeq>15</GreekSeq></word><word seq="15">itself,<GreekSeq>13</GreekSeq></word><word seq="16">now<GreekSeq>16</GreekSeq></word><word seq="17">to appear<GreekSeq>17</GreekSeq></word><word seq="18">in the<GreekSeq>18</GreekSeq></word><word seq="19">presence<GreekSeq>19</GreekSeq></word><word seq="20">of God<GreekSeq>21</GreekSeq></word><word seq="21">on<GreekSeq>22</GreekSeq></word><word seq="22">our<GreekSeq>23</GreekSeq></word><word seq="23">behalf.<GreekSeq>22</GreekSeq></word></ESV></verse>
<verse number="25"><ESV><word seq="1">Nor<GreekSeq>1</GreekSeq></word><word seq="2">was it to offer<GreekSeq>4</GreekSeq></word><word seq="3">himself<GreekSeq>5</GreekSeq></word><word seq="4">repeatedly,<GreekSeq>3</GreekSeq></word><word seq="5">as<GreekSeq>6</GreekSeq></word><word seq="6">the<GreekSeq>7</GreekSeq></word><word seq="7">high priest<GreekSeq>8</GreekSeq></word><word seq="8">enters<GreekSeq>9</GreekSeq></word><word seq="9">the<GreekSeq>11</GreekSeq></word><word seq="10">holy [places]<GreekSeq>12</GreekSeq></word><word seq="11">every year<GreekSeq>13</GreekSeq><GreekSeq>14</GreekSeq></word><word seq="12">with<GreekSeq>15</GreekSeq></word><word seq="13">blood<GreekSeq>16</GreekSeq></word><word seq="14">not his own,<GreekSeq>17</GreekSeq></word></ESV></verse>
<verse number="26"><ESV><word seq="1">for then<GreekSeq>1</GreekSeq></word><word seq="2">he<GreekSeq>3</GreekSeq></word><word seq="3">would have had<GreekSeq>2</GreekSeq></word><word seq="4">to suffer<GreekSeq>5</GreekSeq></word><word seq="5">repeatedly<GreekSeq>4</GreekSeq></word><word seq="6">since<GreekSeq>6</GreekSeq></word><word seq="7">the foundation<GreekSeq>7</GreekSeq></word><word seq="8">of the world.<GreekSeq>8</GreekSeq></word><word seq="9">But<GreekSeq>10</GreekSeq></word><word seq="10">as it is,<GreekSeq>9</GreekSeq></word><word seq="11">he has appeared<GreekSeq>24</GreekSeq></word><word seq="12">once<GreekSeq>11</GreekSeq></word><word seq="13">for all</word><word seq="14">at<GreekSeq>12</GreekSeq></word><word seq="15">the end<GreekSeq>13</GreekSeq></word><word seq="16">of the<GreekSeq>14</GreekSeq></word><word seq="17">ages<GreekSeq>15</GreekSeq></word><word seq="18">to<GreekSeq>16</GreekSeq></word><word seq="19">put away<GreekSeq>17</GreekSeq></word><word seq="20">sin<GreekSeq>19</GreekSeq></word><word seq="21">by<GreekSeq>20</GreekSeq></word><word seq="22">the<GreekSeq>21</GreekSeq></word><word seq="23">sacrifice<GreekSeq>22</GreekSeq></word><word seq="24">of himself.<GreekSeq>23</GreekSeq></word></ESV></verse>
<verse number="27"><ESV><word seq="1">And<GreekSeq>1</GreekSeq></word><word seq="2">just as<GreekSeq>2</GreekSeq><GreekSeq>3</GreekSeq></word><word seq="3">it is appointed<GreekSeq>4</GreekSeq></word><word seq="4">for man<GreekSeq>6</GreekSeq></word><word seq="5">to die<GreekSeq>8</GreekSeq></word><word seq="6">once,<GreekSeq>7</GreekSeq></word><word seq="7">and<GreekSeq>10</GreekSeq></word><word seq="8">after<GreekSeq>9</GreekSeq></word><word seq="9">that<GreekSeq>11</GreekSeq></word><word seq="10">comes</word><word seq="11">judgment,<GreekSeq>12</GreekSeq></word></ESV></verse>
<verse number="28"><ESV><word seq="1">so<GreekSeq>1</GreekSeq></word><word seq="2">Christ,<GreekSeq>4</GreekSeq></word><word seq="3">having been offered<GreekSeq>6</GreekSeq></word><word seq="4">once<GreekSeq>5</GreekSeq></word><word seq="5">to bear<GreekSeq>10</GreekSeq></word><word seq="6">the sins<GreekSeq>11</GreekSeq></word><word seq="7">of many,<GreekSeq>9</GreekSeq></word><word seq="8">will appear<GreekSeq>16</GreekSeq></word><word seq="9">a second time,<GreekSeq>13</GreekSeq></word><word seq="10">not to deal with<GreekSeq>14</GreekSeq></word><word seq="11">sin<GreekSeq>15</GreekSeq></word><word seq="12">but</word><word seq="13">to<GreekSeq>20</GreekSeq></word><word seq="14">save<GreekSeq>21</GreekSeq></word><word seq="15">those<GreekSeq>17</GreekSeq></word><word seq="16">who are eagerly waiting for<GreekSeq>19</GreekSeq></word><word seq="17">him.<GreekSeq>18</GreekSeq></word></ESV></verse></chapter></book>