<?xml version="1.0" encoding="UTF-8" standalone="no"?><book><chapter number="8">'<verse number="1"><ESV><word seq="1">Now<GreekSeq>2</GreekSeq></word><word seq="2">the point<GreekSeq>1</GreekSeq></word><word seq="3">in<GreekSeq>3</GreekSeq></word><word seq="4">what we are saying<GreekSeq>4</GreekSeq><GreekSeq>5</GreekSeq></word><word seq="5">is this:</word><word seq="6">we have<GreekSeq>7</GreekSeq></word><word seq="7">such<GreekSeq>6</GreekSeq></word><word seq="8">a high priest,<GreekSeq>8</GreekSeq></word><word seq="9">one who<GreekSeq>9</GreekSeq></word><word seq="10">is seated<GreekSeq>10</GreekSeq></word><word seq="11">at<GreekSeq>11</GreekSeq></word><word seq="12">the right hand of<GreekSeq>12</GreekSeq></word><word seq="13">the<GreekSeq>13</GreekSeq></word><word seq="14">throne<GreekSeq>14</GreekSeq></word><word seq="15">of the<GreekSeq>15</GreekSeq></word><word seq="16">Majesty<GreekSeq>16</GreekSeq></word><word seq="17">in<GreekSeq>17</GreekSeq></word><word seq="18">heaven,<GreekSeq>19</GreekSeq></word></ESV></verse>
<verse number="2"><ESV><word seq="1">a minister<GreekSeq>3</GreekSeq></word><word seq="2">[in] the<GreekSeq>1</GreekSeq></word><word seq="3">holy places,<GreekSeq>2</GreekSeq></word><word seq="4">[in] the<GreekSeq>5</GreekSeq></word><word seq="5">true<GreekSeq>8</GreekSeq></word><word seq="6">tent<GreekSeq>6</GreekSeq></word><word seq="7">that<GreekSeq>9</GreekSeq></word><word seq="8">the<GreekSeq>11</GreekSeq></word><word seq="9">Lord<GreekSeq>12</GreekSeq></word><word seq="10">set up,<GreekSeq>10</GreekSeq></word><word seq="11">not<GreekSeq>13</GreekSeq></word><word seq="12">man.<GreekSeq>14</GreekSeq></word></ESV></verse>
<verse number="3"><ESV><word seq="1">For<GreekSeq>2</GreekSeq></word><word seq="2">every<GreekSeq>1</GreekSeq></word><word seq="3">high priest<GreekSeq>3</GreekSeq></word><word seq="4">is appointed<GreekSeq>11</GreekSeq></word><word seq="5">to offer<GreekSeq>6</GreekSeq></word><word seq="6">gifts<GreekSeq>7</GreekSeq></word><word seq="7">and<GreekSeq>9</GreekSeq></word><word seq="8">sacrifices;<GreekSeq>10</GreekSeq></word><word seq="9">thus<GreekSeq>12</GreekSeq></word><word seq="10">it is</word><word seq="11">necessary<GreekSeq>13</GreekSeq></word><word seq="12">for this [priest]<GreekSeq>17</GreekSeq></word><word seq="13">also<GreekSeq>16</GreekSeq></word><word seq="14">to have<GreekSeq>14</GreekSeq></word><word seq="15">something<GreekSeq>15</GreekSeq></word><word seq="16">to</word><word seq="17">offer<GreekSeq>19</GreekSeq></word></ESV></verse>
<verse number="4"><ESV><word seq="1">Now<GreekSeq>2</GreekSeq></word><word seq="2">if<GreekSeq>1</GreekSeq></word><word seq="3">he were<GreekSeq>4</GreekSeq></word><word seq="4">on<GreekSeq>5</GreekSeq></word><word seq="5">earth,<GreekSeq>6</GreekSeq></word><word seq="6">he<GreekSeq>9</GreekSeq></word><word seq="7">[would]<GreekSeq>8</GreekSeq></word><word seq="8">not<GreekSeq>7</GreekSeq></word><word seq="9">be<GreekSeq>9</GreekSeq></word><word seq="10">a priest<GreekSeq>10</GreekSeq></word><word seq="11">at all, since</word><word seq="12">there are<GreekSeq>11</GreekSeq></word><word seq="13">[priests]<GreekSeq>12</GreekSeq></word><word seq="14">who offer<GreekSeq>13</GreekSeq></word><word seq="15">gifts<GreekSeq>17</GreekSeq></word><word seq="16">according to<GreekSeq>14</GreekSeq></word><word seq="17">the law.<GreekSeq>15</GreekSeq></word></ESV></verse>
<verse number="5"><ESV><word seq="1">They<GreekSeq>1</GreekSeq></word><word seq="2">serve<GreekSeq>5</GreekSeq></word><word seq="3">a copy<GreekSeq>2</GreekSeq></word><word seq="4">and<GreekSeq>3</GreekSeq></word><word seq="5">shadow<GreekSeq>4</GreekSeq></word><word seq="6">of the heavenly things.<GreekSeq>6</GreekSeq><GreekSeq>7</GreekSeq></word><word seq="7">For<GreekSeq>16</GreekSeq></word><word seq="8">when<GreekSeq>11</GreekSeq></word><word seq="9">Moses<GreekSeq>10</GreekSeq></word><word seq="10">was about<GreekSeq>11</GreekSeq></word><word seq="11">to erect<GreekSeq>12</GreekSeq></word><word seq="12">the<GreekSeq>13</GreekSeq></word><word seq="13">tent,<GreekSeq>14</GreekSeq></word><word seq="14">he was instructed [by God],<GreekSeq>9</GreekSeq></word><word seq="15">saying,<GreekSeq>17</GreekSeq></word><word seq="16">See<GreekSeq>15</GreekSeq></word><word seq="17">that</word><word seq="18">you make<GreekSeq>18</GreekSeq></word><word seq="19">everything<GreekSeq>19</GreekSeq></word><word seq="20">according to<GreekSeq>20</GreekSeq></word><word seq="21">the<GreekSeq>21</GreekSeq></word><word seq="22">pattern<GreekSeq>22</GreekSeq></word><word seq="23">that was shown<GreekSeq>24</GreekSeq></word><word seq="24">you<GreekSeq>25</GreekSeq></word><word seq="25">on<GreekSeq>26</GreekSeq></word><word seq="26">the<GreekSeq>27</GreekSeq></word><word seq="27">mountain.<GreekSeq>28</GreekSeq></word></ESV></verse>
<verse number="6"><ESV><word seq="1">But<GreekSeq>2</GreekSeq></word><word seq="2">as it is,<GreekSeq>1</GreekSeq></word><word seq="3">[Christ] has obtained<GreekSeq>4</GreekSeq></word><word seq="4">a ministry<GreekSeq>5</GreekSeq></word><word seq="5">that is</word><word seq="6">as much<GreekSeq>6</GreekSeq></word><word seq="7">more excellent<GreekSeq>3</GreekSeq></word><word seq="8">than the old as</word><word seq="9">the covenant<GreekSeq>10</GreekSeq></word><word seq="10">he<GreekSeq>9</GreekSeq></word><word seq="11">mediates<GreekSeq>11</GreekSeq></word><word seq="12">is<GreekSeq>9</GreekSeq></word><word seq="13">better,<GreekSeq>8</GreekSeq></word><word seq="14">since</word><word seq="15">it<GreekSeq>12</GreekSeq></word><word seq="16">is enacted<GreekSeq>16</GreekSeq></word><word seq="17">on<GreekSeq>13</GreekSeq></word><word seq="18">better<GreekSeq>14</GreekSeq></word><word seq="19">promises.<GreekSeq>15</GreekSeq></word></ESV></verse>
<verse number="7"><ESV><word seq="1">For<GreekSeq>2</GreekSeq></word><word seq="2">if<GreekSeq>1</GreekSeq></word><word seq="3">that<GreekSeq>5</GreekSeq></word><word seq="4">first [covenant]<GreekSeq>4</GreekSeq></word><word seq="5">had been<GreekSeq>6</GreekSeq></word><word seq="6">faultless,<GreekSeq>7</GreekSeq></word><word seq="7">there</word><word seq="8">would<GreekSeq>9</GreekSeq></word><word seq="9">have been</word><word seq="10">no<GreekSeq>8</GreekSeq></word><word seq="11">occasion<GreekSeq>12</GreekSeq></word><word seq="12">to</word><word seq="13">look for<GreekSeq>11</GreekSeq></word><word seq="14">a second.<GreekSeq>10</GreekSeq></word></ESV></verse>
<verse number="8"><ESV><word seq="1">For<GreekSeq>2</GreekSeq></word><word seq="2">he finds fault with<GreekSeq>1</GreekSeq></word><word seq="3">them<GreekSeq>3</GreekSeq></word><word seq="4">when</word><word seq="5">he says:<GreekSeq>4</GreekSeq></word><word seq="6">Behold,<GreekSeq>5</GreekSeq></word><word seq="7">the days<GreekSeq>6</GreekSeq></word><word seq="8">are coming,<GreekSeq>7</GreekSeq></word><word seq="9">declares<GreekSeq>8</GreekSeq></word><word seq="10">the Lord,<GreekSeq>9</GreekSeq></word><word seq="11">when I will establish<GreekSeq>11</GreekSeq></word><word seq="12">a new<GreekSeq>22</GreekSeq></word><word seq="13">covenant<GreekSeq>21</GreekSeq></word><word seq="14">with<GreekSeq>12</GreekSeq></word><word seq="15">the<GreekSeq>18</GreekSeq></word><word seq="16">house<GreekSeq>14</GreekSeq></word><word seq="17">of Israel<GreekSeq>15</GreekSeq></word><word seq="18">and<GreekSeq>16</GreekSeq></word><word seq="19">with<GreekSeq>17</GreekSeq></word><word seq="20">the<GreekSeq>18</GreekSeq></word><word seq="21">house<GreekSeq>19</GreekSeq></word><word seq="22">of Judah,<GreekSeq>20</GreekSeq></word></ESV></verse>
<verse number="9"><ESV><word seq="1">not<GreekSeq>1</GreekSeq></word><word seq="2">like<GreekSeq>2</GreekSeq></word><word seq="3">the<GreekSeq>3</GreekSeq></word><word seq="4">covenant<GreekSeq>4</GreekSeq></word><word seq="5">that<GreekSeq>5</GreekSeq></word><word seq="6">I made<GreekSeq>6</GreekSeq></word><word seq="7">with<GreekSeq>8</GreekSeq></word><word seq="8">their<GreekSeq>9</GreekSeq></word><word seq="9">fathers<GreekSeq>8</GreekSeq></word><word seq="10">on<GreekSeq>10</GreekSeq></word><word seq="11">the day<GreekSeq>11</GreekSeq></word><word seq="12">when<GreekSeq>12</GreekSeq></word><word seq="13">I<GreekSeq>13</GreekSeq></word><word seq="14">took [them] by<GreekSeq>12</GreekSeq></word><word seq="15">the<GreekSeq>14</GreekSeq></word><word seq="16">hand<GreekSeq>15</GreekSeq></word><word seq="17">to bring<GreekSeq>17</GreekSeq></word><word seq="18">them<GreekSeq>18</GreekSeq></word><word seq="19">out of<GreekSeq>19</GreekSeq></word><word seq="20">the land<GreekSeq>20</GreekSeq></word><word seq="21">of Egypt.<GreekSeq>21</GreekSeq></word><word seq="22">For<GreekSeq>22</GreekSeq></word><word seq="23">they<GreekSeq>23</GreekSeq></word><word seq="24">did<GreekSeq>25</GreekSeq></word><word seq="25">not<GreekSeq>24</GreekSeq></word><word seq="26">continue<GreekSeq>25</GreekSeq></word><word seq="27">in<GreekSeq>26</GreekSeq></word><word seq="28">my<GreekSeq>29</GreekSeq></word><word seq="29">covenant,<GreekSeq>28</GreekSeq></word><word seq="30">and [so] I<GreekSeq>30</GreekSeq></word><word seq="31">showed no concern<GreekSeq>31</GreekSeq></word><word seq="32">for them,<GreekSeq>32</GreekSeq></word><word seq="33">declares<GreekSeq>33</GreekSeq></word><word seq="34">the Lord.<GreekSeq>34</GreekSeq></word></ESV></verse>
<verse number="10"><ESV><word seq="1">For<GreekSeq>1</GreekSeq></word><word seq="2">this<GreekSeq>2</GreekSeq></word><word seq="3">is</word><word seq="4">the<GreekSeq>3</GreekSeq></word><word seq="5">covenant<GreekSeq>4</GreekSeq></word><word seq="6">that<GreekSeq>5</GreekSeq></word><word seq="7">I will make<GreekSeq>6</GreekSeq></word><word seq="8">with the<GreekSeq>7</GreekSeq></word><word seq="9">house<GreekSeq>8</GreekSeq></word><word seq="10">of Israel<GreekSeq>9</GreekSeq></word><word seq="11">after<GreekSeq>10</GreekSeq></word><word seq="12">those<GreekSeq>13</GreekSeq></word><word seq="13">days,<GreekSeq>12</GreekSeq></word><word seq="14">declares<GreekSeq>14</GreekSeq></word><word seq="15">the Lord:<GreekSeq>15</GreekSeq></word><word seq="16">I will put<GreekSeq>16</GreekSeq></word><word seq="17">my<GreekSeq>18</GreekSeq></word><word seq="18">laws<GreekSeq>17</GreekSeq></word><word seq="19">into<GreekSeq>19</GreekSeq></word><word seq="20">their<GreekSeq>22</GreekSeq></word><word seq="21">minds,<GreekSeq>21</GreekSeq></word><word seq="22">and<GreekSeq>23</GreekSeq></word><word seq="23">write<GreekSeq>27</GreekSeq></word><word seq="24">them<GreekSeq>26</GreekSeq></word><word seq="25">on<GreekSeq>24</GreekSeq></word><word seq="26">their<GreekSeq>28</GreekSeq></word><word seq="27">hearts,<GreekSeq>25</GreekSeq></word><word seq="28">and<GreekSeq>29</GreekSeq></word><word seq="29">I will be<GreekSeq>30</GreekSeq></word><word seq="30">their<GreekSeq>31</GreekSeq></word><word seq="31">God,<GreekSeq>33</GreekSeq></word><word seq="32">and<GreekSeq>34</GreekSeq></word><word seq="33">they<GreekSeq>35</GreekSeq></word><word seq="34">shall be<GreekSeq>36</GreekSeq></word><word seq="35">my<GreekSeq>37</GreekSeq></word><word seq="36">people.<GreekSeq>39</GreekSeq></word></ESV></verse>
<verse number="11"><ESV><word seq="1">And<GreekSeq>1</GreekSeq></word><word seq="2">they shall<GreekSeq>4</GreekSeq></word><word seq="3" note="οὐ μή Strong Code (3364)">not<GreekSeq>2</GreekSeq><GreekSeq>3</GreekSeq></word><word seq="4">teach,<GreekSeq>4</GreekSeq></word><word seq="5">each one<GreekSeq>5</GreekSeq></word><word seq="6">his<GreekSeq>8</GreekSeq></word><word seq="7" note="Base of different Greek:πλησίον(4139)">neighbor<GreekSeq>7</GreekSeq></word><word seq="8">and<GreekSeq>9</GreekSeq></word><word seq="9">each one<GreekSeq>10</GreekSeq></word><word seq="10">his<GreekSeq>13</GreekSeq></word><word seq="11">brother,<GreekSeq>12</GreekSeq></word><word seq="12">saying,<GreekSeq>14</GreekSeq></word><word seq="13">Know<GreekSeq>15</GreekSeq></word><word seq="14">the<GreekSeq>16</GreekSeq></word><word seq="15">Lord,<GreekSeq>17</GreekSeq></word><word seq="16">for<GreekSeq>18</GreekSeq></word><word seq="17">they shall<GreekSeq>20</GreekSeq></word><word seq="18">all<GreekSeq>19</GreekSeq></word><word seq="19">know<GreekSeq>20</GreekSeq></word><word seq="20">me,<GreekSeq>21</GreekSeq></word><word seq="21">from<GreekSeq>22</GreekSeq></word><word seq="22">the least<GreekSeq>23</GreekSeq></word><word seq="23">of them<GreekSeq>26</GreekSeq></word><word seq="24">to<GreekSeq>24</GreekSeq></word><word seq="25">the greatest.<GreekSeq>25</GreekSeq></word></ESV></verse>
<verse number="12"><ESV><word seq="1">For<GreekSeq>1</GreekSeq></word><word seq="2">I will be<GreekSeq>3</GreekSeq></word><word seq="3">merciful<GreekSeq>2</GreekSeq></word><word seq="4">toward<GreekSeq>5</GreekSeq></word><word seq="5">their<GreekSeq>6</GreekSeq></word><word seq="6">iniquities,<GreekSeq>5</GreekSeq></word><word seq="7">and<GreekSeq>7</GreekSeq></word><word seq="8">I will remember<GreekSeq>13</GreekSeq></word><word seq="9">their<GreekSeq>10</GreekSeq></word><word seq="10">sins<GreekSeq>9</GreekSeq></word><word seq="11" note="οὐ μή Strong Code (3364)">no<GreekSeq>11</GreekSeq><GreekSeq>12</GreekSeq></word><word seq="12">more.<GreekSeq>14</GreekSeq></word></ESV></verse>
<verse number="13"><ESV><word seq="1">In<GreekSeq>1</GreekSeq></word><word seq="2">speaking of<GreekSeq>3</GreekSeq></word><word seq="3">a new [covenant],<GreekSeq>4</GreekSeq></word><word seq="4">he makes<GreekSeq>5</GreekSeq></word><word seq="5">the<GreekSeq>6</GreekSeq></word><word seq="6">first [one]<GreekSeq>7</GreekSeq></word><word seq="7">obsolete.<GreekSeq>10</GreekSeq></word><word seq="8">And<GreekSeq>9</GreekSeq></word><word seq="9">what is becoming obsolete<GreekSeq>8</GreekSeq><GreekSeq>10</GreekSeq></word><word seq="10">and<GreekSeq>11</GreekSeq></word><word seq="11">growing old<GreekSeq>12</GreekSeq></word><word seq="12">is</word><word seq="13">ready to<GreekSeq>13</GreekSeq></word><word seq="14">vanish away.<GreekSeq>14</GreekSeq></word></ESV></verse></chapter></book>