<?xml version="1.0" encoding="UTF-8" standalone="no"?><book><chapter number="6">'<verse number="1"><ESV><word seq="1">Therefore<GreekSeq>1</GreekSeq></word><word seq="2">let us<GreekSeq>12</GreekSeq></word><word seq="3">leave<GreekSeq>2</GreekSeq></word><word seq="4">the<GreekSeq>3</GreekSeq></word><word seq="5">elementary<GreekSeq>5</GreekSeq></word><word seq="6">[doctrine]<GreekSeq>8</GreekSeq></word><word seq="7">of Christ<GreekSeq>7</GreekSeq></word><word seq="8">and</word><word seq="9">go on<GreekSeq>12</GreekSeq></word><word seq="10">to<GreekSeq>9</GreekSeq></word><word seq="11">maturity,<GreekSeq>11</GreekSeq></word><word seq="12">not<GreekSeq>13</GreekSeq></word><word seq="13">laying<GreekSeq>16</GreekSeq></word><word seq="14">again<GreekSeq>14</GreekSeq></word><word seq="15">a foundation<GreekSeq>15</GreekSeq></word><word seq="16">of repentance<GreekSeq>17</GreekSeq></word><word seq="17">from<GreekSeq>18</GreekSeq></word><word seq="18">dead<GreekSeq>19</GreekSeq></word><word seq="19">works<GreekSeq>20</GreekSeq></word><word seq="20">and<GreekSeq>21</GreekSeq></word><word seq="21">of faith<GreekSeq>22</GreekSeq></word><word seq="22">toward<GreekSeq>23</GreekSeq></word><word seq="23">God,<GreekSeq>24</GreekSeq></word></ESV></verse>
<verse number="2"><ESV><word seq="1">and</word><word seq="2">of instruction<GreekSeq>2</GreekSeq></word><word seq="3">about washings,<GreekSeq>1</GreekSeq></word><word seq="4">the laying on<GreekSeq>3</GreekSeq></word><word seq="5">of hands,<GreekSeq>5</GreekSeq></word><word seq="6">the resurrection<GreekSeq>6</GreekSeq></word><word seq="7">of the dead,<GreekSeq>8</GreekSeq></word><word seq="8">and<GreekSeq>9</GreekSeq></word><word seq="9">eternal<GreekSeq>11</GreekSeq></word><word seq="10">judgment.<GreekSeq>10</GreekSeq></word></ESV></verse>
<verse number="3"><ESV><word seq="1">And<GreekSeq>1</GreekSeq></word><word seq="2">this<GreekSeq>2</GreekSeq></word><word seq="3">we will do<GreekSeq>3</GreekSeq></word><word seq="4">if<GreekSeq>4</GreekSeq></word><word seq="5">God<GreekSeq>7</GreekSeq></word><word seq="6">permits.<GreekSeq>5</GreekSeq></word></ESV></verse>
<verse number="4"><ESV><word seq="1">For<GreekSeq>2</GreekSeq></word><word seq="2">it is</word><word seq="3">impossible,<GreekSeq>1</GreekSeq></word><word seq="4">in the case of those<GreekSeq>3</GreekSeq></word><word seq="5">who have<GreekSeq>5</GreekSeq></word><word seq="6">once<GreekSeq>4</GreekSeq></word><word seq="7">been enlightened,<GreekSeq>5</GreekSeq></word><word seq="8">who have tasted<GreekSeq>6</GreekSeq></word><word seq="9">the<GreekSeq>8</GreekSeq></word><word seq="10">heavenly<GreekSeq>11</GreekSeq></word><word seq="11">gift,<GreekSeq>9</GreekSeq></word><word seq="12">and<GreekSeq>12</GreekSeq></word><word seq="13">have<GreekSeq>14</GreekSeq></word><word seq="14">shared<GreekSeq>13</GreekSeq></word><word seq="15">in the<GreekSeq>15</GreekSeq></word><word seq="16">Holy<GreekSeq>16</GreekSeq></word><word seq="17">Spirit,<GreekSeq>15</GreekSeq></word></ESV></verse>
<verse number="5"><ESV><word seq="1">and<GreekSeq>1</GreekSeq></word><word seq="2">have tasted<GreekSeq>3</GreekSeq></word><word seq="3">the goodness of<GreekSeq>2</GreekSeq></word><word seq="4">the word<GreekSeq>5</GreekSeq></word><word seq="5">of God<GreekSeq>4</GreekSeq></word><word seq="6">and<GreekSeq>7</GreekSeq></word><word seq="7">the powers<GreekSeq>6</GreekSeq></word><word seq="8">of the age<GreekSeq>9</GreekSeq></word><word seq="9">to come,<GreekSeq>8</GreekSeq></word></ESV></verse>
<verse number="6"><ESV><word seq="1">and<GreekSeq>1</GreekSeq></word><word seq="2">then have fallen away,<GreekSeq>2</GreekSeq></word><word seq="3">to restore<GreekSeq>4</GreekSeq></word><word seq="4">them</word><word seq="5">again<GreekSeq>3</GreekSeq></word><word seq="6">to<GreekSeq>5</GreekSeq></word><word seq="7">repentance,<GreekSeq>6</GreekSeq></word><word seq="8">since they are crucifying once again<GreekSeq>7</GreekSeq></word><word seq="9">the<GreekSeq>9</GreekSeq></word><word seq="10">Son<GreekSeq>10</GreekSeq></word><word seq="11">of God<GreekSeq>12</GreekSeq></word><word seq="12">to their own<GreekSeq>8</GreekSeq></word><word seq="13">harm</word><word seq="14">and<GreekSeq>13</GreekSeq></word><word seq="15">holding him up to contempt.<GreekSeq>14</GreekSeq></word></ESV></verse>
<verse number="7"><ESV><word seq="1">For<GreekSeq>2</GreekSeq></word><word seq="2">land<GreekSeq>1</GreekSeq></word><word seq="3">that has drunk<GreekSeq>4</GreekSeq></word><word seq="4">the<GreekSeq>5</GreekSeq></word><word seq="5">rain<GreekSeq>10</GreekSeq></word><word seq="6">that<GreekSeq>8</GreekSeq></word><word seq="7">often<GreekSeq>9</GreekSeq></word><word seq="8">falls<GreekSeq>8</GreekSeq></word><word seq="9">on<GreekSeq>6</GreekSeq></word><word seq="10">it,<GreekSeq>7</GreekSeq></word><word seq="11">and<GreekSeq>11</GreekSeq></word><word seq="12">produces<GreekSeq>12</GreekSeq></word><word seq="13">a crop<GreekSeq>13</GreekSeq></word><word seq="14">useful<GreekSeq>14</GreekSeq></word><word seq="15">to those<GreekSeq>15</GreekSeq></word><word seq="16">for<GreekSeq>16</GreekSeq></word><word seq="17">whose<GreekSeq>17</GreekSeq></word><word seq="18">sake<GreekSeq>16</GreekSeq></word><word seq="19">it is cultivated,<GreekSeq>19</GreekSeq></word><word seq="20">receives<GreekSeq>20</GreekSeq></word><word seq="21">a blessing<GreekSeq>21</GreekSeq></word><word seq="22">from<GreekSeq>22</GreekSeq></word><word seq="23">God.<GreekSeq>24</GreekSeq></word></ESV></verse>
<verse number="8"><ESV><word seq="1">But<GreekSeq>2</GreekSeq></word><word seq="2">if</word><word seq="3">it bears<GreekSeq>1</GreekSeq></word><word seq="4">thorns<GreekSeq>3</GreekSeq></word><word seq="5">and<GreekSeq>4</GreekSeq></word><word seq="6">thistles,<GreekSeq>5</GreekSeq></word><word seq="7">it is</word><word seq="8">worthless<GreekSeq>6</GreekSeq></word><word seq="9">and<GreekSeq>7</GreekSeq></word><word seq="10">near<GreekSeq>9</GreekSeq></word><word seq="11">to being cursed,<GreekSeq>8</GreekSeq></word><word seq="12">and</word><word seq="13">its<GreekSeq>10</GreekSeq></word><word seq="14">end<GreekSeq>12</GreekSeq></word><word seq="15">is</word><word seq="16">to be burned.<GreekSeq>13</GreekSeq><GreekSeq>14</GreekSeq></word></ESV></verse>
<verse number="9"><ESV><word seq="1">Though<GreekSeq>11</GreekSeq></word><word seq="2">we speak<GreekSeq>14</GreekSeq></word><word seq="3">in this way,<GreekSeq>13</GreekSeq></word><word seq="4">yet<GreekSeq>2</GreekSeq></word><word seq="5">in<GreekSeq>3</GreekSeq></word><word seq="6">your<GreekSeq>4</GreekSeq></word><word seq="7">case,<GreekSeq>3</GreekSeq></word><word seq="8">beloved,<GreekSeq>5</GreekSeq></word><word seq="9">we feel sure of<GreekSeq>1</GreekSeq></word><word seq="10">better<GreekSeq>7</GreekSeq></word><word seq="11">things<GreekSeq>6</GreekSeq></word><word seq="12">— things</word><word seq="13">that belong to<GreekSeq>9</GreekSeq></word><word seq="14">salvation.<GreekSeq>10</GreekSeq></word></ESV></verse>
<verse number="10"><ESV><word seq="1">For<GreekSeq>2</GreekSeq></word><word seq="2">God<GreekSeq>5</GreekSeq></word><word seq="3">is</word><word seq="4">not<GreekSeq>1</GreekSeq></word><word seq="5">unjust<GreekSeq>3</GreekSeq></word><word seq="6">so as</word><word seq="7">to overlook<GreekSeq>6</GreekSeq></word><word seq="8">your<GreekSeq>9</GreekSeq></word><word seq="9">work<GreekSeq>8</GreekSeq></word><word seq="10">and<GreekSeq>10</GreekSeq></word><word seq="11">the<GreekSeq>11</GreekSeq></word><word seq="12">love<GreekSeq>12</GreekSeq></word><word seq="13">that<GreekSeq>13</GreekSeq></word><word seq="14">you have shown<GreekSeq>14</GreekSeq></word><word seq="15">for<GreekSeq>15</GreekSeq></word><word seq="16">his<GreekSeq>18</GreekSeq></word><word seq="17">name<GreekSeq>17</GreekSeq></word><word seq="18">in serving<GreekSeq>19</GreekSeq></word><word seq="19">the<GreekSeq>20</GreekSeq></word><word seq="20">saints,<GreekSeq>21</GreekSeq></word><word seq="21">as<GreekSeq>22</GreekSeq></word><word seq="22">you</word><word seq="23">[still] do.<GreekSeq>23</GreekSeq></word></ESV></verse>
<verse number="11"><ESV><word seq="1">And<GreekSeq>2</GreekSeq></word><word seq="2">we desire<GreekSeq>1</GreekSeq></word><word seq="3">each one<GreekSeq>3</GreekSeq></word><word seq="4">of you<GreekSeq>4</GreekSeq></word><word seq="5">to show<GreekSeq>7</GreekSeq></word><word seq="6">the<GreekSeq>5</GreekSeq></word><word seq="7">same<GreekSeq>6</GreekSeq></word><word seq="8">earnestness<GreekSeq>8</GreekSeq></word><word seq="9">to [have]<GreekSeq>9</GreekSeq></word><word seq="10">the<GreekSeq>10</GreekSeq></word><word seq="11">full assurance<GreekSeq>11</GreekSeq></word><word seq="12">of hope<GreekSeq>13</GreekSeq></word><word seq="13">until<GreekSeq>14</GreekSeq></word><word seq="14">the end,<GreekSeq>15</GreekSeq></word></ESV></verse>
<verse number="12"><ESV><word seq="1">so that<GreekSeq>1</GreekSeq></word><word seq="2">you may<GreekSeq>4</GreekSeq></word><word seq="3">not<GreekSeq>2</GreekSeq></word><word seq="4">be<GreekSeq>4</GreekSeq></word><word seq="5">sluggish,<GreekSeq>3</GreekSeq></word><word seq="6">but<GreekSeq>6</GreekSeq></word><word seq="7">imitators<GreekSeq>5</GreekSeq></word><word seq="8">of those<GreekSeq>7</GreekSeq></word><word seq="9">who<GreekSeq>12</GreekSeq></word><word seq="10">through<GreekSeq>8</GreekSeq></word><word seq="11">faith<GreekSeq>9</GreekSeq></word><word seq="12">and<GreekSeq>10</GreekSeq></word><word seq="13">patience<GreekSeq>11</GreekSeq></word><word seq="14">inherit<GreekSeq>12</GreekSeq></word><word seq="15">the<GreekSeq>13</GreekSeq></word><word seq="16">promises.<GreekSeq>14</GreekSeq></word></ESV></verse>
<verse number="13"><ESV><word seq="1">For<GreekSeq>2</GreekSeq></word><word seq="2">when<GreekSeq>4</GreekSeq></word><word seq="3">God<GreekSeq>6</GreekSeq></word><word seq="4">made a promise<GreekSeq>4</GreekSeq></word><word seq="5">[to] Abraham,<GreekSeq>3</GreekSeq></word><word seq="6">since<GreekSeq>7</GreekSeq></word><word seq="7">he had<GreekSeq>10</GreekSeq></word><word seq="8">no one<GreekSeq>9</GreekSeq></word><word seq="9">greater<GreekSeq>11</GreekSeq></word><word seq="10">by<GreekSeq>8</GreekSeq></word><word seq="11">whom</word><word seq="12">to swear,<GreekSeq>12</GreekSeq></word><word seq="13">he swore<GreekSeq>13</GreekSeq></word><word seq="14">by<GreekSeq>14</GreekSeq></word><word seq="15">himself,<GreekSeq>15</GreekSeq></word></ESV></verse>
<verse number="14"><ESV><word seq="1">saying,<GreekSeq>1</GreekSeq></word><word seq="2">Surely<GreekSeq>3</GreekSeq></word><word seq="3">I will bless<GreekSeq>5</GreekSeq></word><word seq="4">you<GreekSeq>6</GreekSeq></word><word seq="5">and<GreekSeq>7</GreekSeq></word><word seq="6">multiply<GreekSeq>9</GreekSeq></word><word seq="7">you.<GreekSeq>10</GreekSeq></word></ESV></verse>
<verse number="15"><ESV><word seq="1">And<GreekSeq>1</GreekSeq></word><word seq="2">thus<GreekSeq>2</GreekSeq></word><word seq="3">Abraham,</word><word seq="4">having patiently waited,<GreekSeq>3</GreekSeq></word><word seq="5">obtained<GreekSeq>4</GreekSeq></word><word seq="6">the<GreekSeq>5</GreekSeq></word><word seq="7">promise.<GreekSeq>6</GreekSeq></word></ESV></verse>
<verse number="16"><ESV><word seq="1">For<GreekSeq>2</GreekSeq></word><word seq="2">people<GreekSeq>1</GreekSeq></word><word seq="3">swear<GreekSeq>6</GreekSeq></word><word seq="4">by<GreekSeq>3</GreekSeq></word><word seq="5">something<GreekSeq>4</GreekSeq></word><word seq="6">greater than<GreekSeq>5</GreekSeq></word><word seq="7">themselves,</word><word seq="8">and<GreekSeq>7</GreekSeq></word><word seq="9">in all<GreekSeq>8</GreekSeq></word><word seq="10">their<GreekSeq>9</GreekSeq></word><word seq="11">disputes<GreekSeq>10</GreekSeq></word><word seq="12">an<GreekSeq>14</GreekSeq></word><word seq="13">oath<GreekSeq>15</GreekSeq></word><word seq="14">is</word><word seq="15">final<GreekSeq>11</GreekSeq></word><word seq="16">for<GreekSeq>12</GreekSeq></word><word seq="17">confirmation.<GreekSeq>13</GreekSeq></word></ESV></verse>
<verse number="17"><ESV><word seq="1">So<GreekSeq>1</GreekSeq><GreekSeq>2</GreekSeq></word><word seq="2">when<GreekSeq>4</GreekSeq></word><word seq="3">God<GreekSeq>6</GreekSeq></word><word seq="4">desired<GreekSeq>4</GreekSeq></word><word seq="5">to show<GreekSeq>7</GreekSeq></word><word seq="6">more convincingly<GreekSeq>3</GreekSeq></word><word seq="7">to the<GreekSeq>8</GreekSeq></word><word seq="8">heirs<GreekSeq>9</GreekSeq></word><word seq="9">of the<GreekSeq>10</GreekSeq></word><word seq="10">promise<GreekSeq>11</GreekSeq></word><word seq="11">the<GreekSeq>12</GreekSeq></word><word seq="12">unchangeable [character]<GreekSeq>13</GreekSeq></word><word seq="13">of<GreekSeq>15</GreekSeq></word><word seq="14">his<GreekSeq>16</GreekSeq></word><word seq="15">purpose,<GreekSeq>15</GreekSeq></word><word seq="16">he guaranteed<GreekSeq>17</GreekSeq></word><word seq="17">it</word><word seq="18">with an oath,<GreekSeq>18</GreekSeq></word></ESV></verse>
<verse number="18"><ESV><word seq="1">so that<GreekSeq>1</GreekSeq></word><word seq="2">by<GreekSeq>2</GreekSeq></word><word seq="3">two<GreekSeq>3</GreekSeq></word><word seq="4">unchangeable<GreekSeq>5</GreekSeq></word><word seq="5">things,<GreekSeq>4</GreekSeq></word><word seq="6">in<GreekSeq>6</GreekSeq></word><word seq="7">which<GreekSeq>7</GreekSeq></word><word seq="8">it is</word><word seq="9">impossible<GreekSeq>8</GreekSeq></word><word seq="10">for God<GreekSeq>11</GreekSeq></word><word seq="11">to lie,<GreekSeq>9</GreekSeq></word><word seq="12">we<GreekSeq>14</GreekSeq></word><word seq="13">who have fled for refuge<GreekSeq>16</GreekSeq></word><word seq="14">might have<GreekSeq>14</GreekSeq></word><word seq="15">strong<GreekSeq>12</GreekSeq></word><word seq="16">encouragement<GreekSeq>13</GreekSeq></word><word seq="17">to hold fast<GreekSeq>17</GreekSeq></word><word seq="18">to the<GreekSeq>18</GreekSeq></word><word seq="19">hope<GreekSeq>20</GreekSeq></word><word seq="20">set before<GreekSeq>19</GreekSeq></word><word seq="21">us.</word></ESV></verse>
<verse number="19"><ESV><word seq="1">We have<GreekSeq>4</GreekSeq></word><word seq="2">this<GreekSeq>1</GreekSeq></word><word seq="3">as<GreekSeq>2</GreekSeq></word><word seq="4">a sure<GreekSeq>7</GreekSeq></word><word seq="5">and<GreekSeq>9</GreekSeq></word><word seq="6">steadfast<GreekSeq>10</GreekSeq></word><word seq="7">anchor<GreekSeq>3</GreekSeq></word><word seq="8">of the<GreekSeq>5</GreekSeq></word><word seq="9">soul,<GreekSeq>6</GreekSeq></word><word seq="10">a hope</word><word seq="11">that enters<GreekSeq>12</GreekSeq></word><word seq="12">into<GreekSeq>13</GreekSeq></word><word seq="13">the<GreekSeq>14</GreekSeq></word><word seq="14">inner place behind<GreekSeq>15</GreekSeq></word><word seq="15">the<GreekSeq>16</GreekSeq></word><word seq="16">curtain,<GreekSeq>17</GreekSeq></word></ESV></verse>
<verse number="20"><ESV><word seq="1">where<GreekSeq>1</GreekSeq></word><word seq="2">Jesus<GreekSeq>6</GreekSeq></word><word seq="3">has gone<GreekSeq>5</GreekSeq></word><word seq="4">as</word><word seq="5">a forerunner<GreekSeq>2</GreekSeq></word><word seq="6">on<GreekSeq>3</GreekSeq></word><word seq="7">our<GreekSeq>4</GreekSeq></word><word seq="8">behalf,<GreekSeq>3</GreekSeq></word><word seq="9">having become<GreekSeq>12</GreekSeq></word><word seq="10">a high priest<GreekSeq>11</GreekSeq></word><word seq="11">forever<GreekSeq>13</GreekSeq><GreekSeq>15</GreekSeq></word><word seq="12">after<GreekSeq>7</GreekSeq></word><word seq="13">the<GreekSeq>8</GreekSeq></word><word seq="14">order<GreekSeq>9</GreekSeq></word><word seq="15">[of] Melchizedek.<GreekSeq>10</GreekSeq></word></ESV></verse></chapter></book>