<?xml version="1.0" encoding="UTF-8" standalone="no"?><book><chapter number="13">'<verse number="1"><ESV><word seq="1">Let<GreekSeq>3</GreekSeq></word><word seq="2">brotherly love<GreekSeq>2</GreekSeq></word><word seq="3">continue.<GreekSeq>3</GreekSeq></word></ESV></verse>
<verse number="2"><ESV><word seq="1">Do</word><word seq="2">not<GreekSeq>3</GreekSeq></word><word seq="3">neglect<GreekSeq>4</GreekSeq></word><word seq="4">to show hospitality to strangers,<GreekSeq>2</GreekSeq></word><word seq="5">for<GreekSeq>7</GreekSeq></word><word seq="6">thereby<GreekSeq>5</GreekSeq><GreekSeq>6</GreekSeq></word><word seq="7">some<GreekSeq>9</GreekSeq></word><word seq="8">have entertained<GreekSeq>10</GreekSeq></word><word seq="9">angels<GreekSeq>11</GreekSeq></word><word seq="10">unawares.<GreekSeq>8</GreekSeq></word></ESV></verse>
<verse number="3"><ESV><word seq="1">Remember<GreekSeq>1</GreekSeq></word><word seq="2">those<GreekSeq>2</GreekSeq></word><word seq="3">who are in prison,<GreekSeq>3</GreekSeq></word><word seq="4">as though<GreekSeq>4</GreekSeq></word><word seq="5">in prison with<GreekSeq>5</GreekSeq></word><word seq="6">them, and</word><word seq="7">those<GreekSeq>6</GreekSeq></word><word seq="8">who are mistreated,<GreekSeq>7</GreekSeq></word><word seq="9">since<GreekSeq>8</GreekSeq></word><word seq="10">you<GreekSeq>10</GreekSeq></word><word seq="11">also<GreekSeq>9</GreekSeq></word><word seq="12">are<GreekSeq>11</GreekSeq></word><word seq="13">in<GreekSeq>12</GreekSeq></word><word seq="14">the body.<GreekSeq>13</GreekSeq></word></ESV></verse>
<verse number="4"><ESV><word seq="1">Let</word><word seq="2">marriage<GreekSeq>3</GreekSeq></word><word seq="3">be held</word><word seq="4">in honor<GreekSeq>1</GreekSeq></word><word seq="5">among<GreekSeq>4</GreekSeq></word><word seq="6">all,<GreekSeq>5</GreekSeq></word><word seq="7">and<GreekSeq>6</GreekSeq></word><word seq="8">let</word><word seq="9">the<GreekSeq>7</GreekSeq></word><word seq="10">[marriage] bed<GreekSeq>8</GreekSeq></word><word seq="11">be</word><word seq="12">undefiled,<GreekSeq>9</GreekSeq></word><word seq="13">for<GreekSeq>11</GreekSeq></word><word seq="14">God<GreekSeq>16</GreekSeq></word><word seq="15">will judge<GreekSeq>14</GreekSeq></word><word seq="16">the sexually immoral<GreekSeq>10</GreekSeq></word><word seq="17">and<GreekSeq>12</GreekSeq></word><word seq="18">adulterous.<GreekSeq>13</GreekSeq></word></ESV></verse>
<verse number="5"><ESV><word seq="1">Keep your</word><word seq="2">life<GreekSeq>3</GreekSeq></word><word seq="3">free from love of money,<GreekSeq>1</GreekSeq></word><word seq="4">and</word><word seq="5">be content with<GreekSeq>4</GreekSeq></word><word seq="6">what you have,<GreekSeq>5</GreekSeq><GreekSeq>6</GreekSeq></word><word seq="7">for<GreekSeq>8</GreekSeq></word><word seq="8">he<GreekSeq>7</GreekSeq></word><word seq="9">has said,<GreekSeq>9</GreekSeq></word><word seq="10">I will<GreekSeq>13</GreekSeq></word><word seq="11" note="οὐ μή Strong Code (3364)">never<GreekSeq>10</GreekSeq><GreekSeq>11</GreekSeq></word><word seq="12">leave<GreekSeq>13</GreekSeq></word><word seq="13">you<GreekSeq>12</GreekSeq></word><word seq="14">nor<GreekSeq>14</GreekSeq></word><word seq="15">forsake<GreekSeq>18</GreekSeq></word><word seq="16">you.<GreekSeq>17</GreekSeq></word></ESV></verse>
<verse number="6"><ESV><word seq="1">So<GreekSeq>1</GreekSeq></word><word seq="2">we<GreekSeq>3</GreekSeq></word><word seq="3">can confidently<GreekSeq>2</GreekSeq></word><word seq="4">say,<GreekSeq>4</GreekSeq></word><word seq="5">The Lord<GreekSeq>5</GreekSeq></word><word seq="6">is</word><word seq="7">my<GreekSeq>6</GreekSeq></word><word seq="8">helper;<GreekSeq>7</GreekSeq></word><word seq="9">I will<GreekSeq>10</GreekSeq></word><word seq="10">not<GreekSeq>9</GreekSeq></word><word seq="11">fear;<GreekSeq>10</GreekSeq></word><word seq="12">what<GreekSeq>11</GreekSeq></word><word seq="13">can<GreekSeq>12</GreekSeq></word><word seq="14">man<GreekSeq>14</GreekSeq></word><word seq="15">do<GreekSeq>12</GreekSeq></word><word seq="16">to me?<GreekSeq>13</GreekSeq></word></ESV></verse>
<verse number="7"><ESV><word seq="1">Remember<GreekSeq>1</GreekSeq></word><word seq="2">your<GreekSeq>4</GreekSeq></word><word seq="3">leaders,<GreekSeq>3</GreekSeq></word><word seq="4">those who<GreekSeq>5</GreekSeq></word><word seq="5">spoke<GreekSeq>6</GreekSeq></word><word seq="6">to you<GreekSeq>7</GreekSeq></word><word seq="7">the<GreekSeq>8</GreekSeq></word><word seq="8">word<GreekSeq>9</GreekSeq></word><word seq="9">of God.<GreekSeq>11</GreekSeq></word><word seq="10">Consider<GreekSeq>13</GreekSeq></word><word seq="11">the<GreekSeq>14</GreekSeq></word><word seq="12">outcome<GreekSeq>15</GreekSeq></word><word seq="13">of<GreekSeq>17</GreekSeq></word><word seq="14">their<GreekSeq>12</GreekSeq></word><word seq="15">way of life,<GreekSeq>17</GreekSeq></word><word seq="16">and</word><word seq="17">imitate<GreekSeq>18</GreekSeq></word><word seq="18">their</word><word seq="19">faith.<GreekSeq>20</GreekSeq></word></ESV></verse>
<verse number="8"><ESV><word seq="1">Jesus<GreekSeq>1</GreekSeq></word><word seq="2">Christ<GreekSeq>2</GreekSeq></word><word seq="3">is</word><word seq="4">the<GreekSeq>6</GreekSeq></word><word seq="5">same<GreekSeq>7</GreekSeq></word><word seq="6">yesterday<GreekSeq>3</GreekSeq></word><word seq="7">and<GreekSeq>4</GreekSeq></word><word seq="8">today<GreekSeq>5</GreekSeq></word><word seq="9">and<GreekSeq>8</GreekSeq></word><word seq="10">forever.<GreekSeq>9</GreekSeq><GreekSeq>11</GreekSeq></word></ESV></verse>
<verse number="9"><ESV><word seq="1">Do</word><word seq="2">not<GreekSeq>5</GreekSeq></word><word seq="3">be led away<GreekSeq>6</GreekSeq></word><word seq="4">by diverse<GreekSeq>2</GreekSeq></word><word seq="5">and<GreekSeq>3</GreekSeq></word><word seq="6">strange<GreekSeq>4</GreekSeq></word><word seq="7">teachings,<GreekSeq>1</GreekSeq></word><word seq="8">for<GreekSeq>8</GreekSeq></word><word seq="9">it is</word><word seq="10">good<GreekSeq>7</GreekSeq></word><word seq="11">for the<GreekSeq>11</GreekSeq></word><word seq="12">heart<GreekSeq>12</GreekSeq></word><word seq="13">to be strengthened<GreekSeq>10</GreekSeq></word><word seq="14">by grace,<GreekSeq>9</GreekSeq></word><word seq="15">not<GreekSeq>13</GreekSeq></word><word seq="16">by foods,<GreekSeq>14</GreekSeq></word><word seq="17">which<GreekSeq>16</GreekSeq></word><word seq="18">have<GreekSeq>18</GreekSeq></word><word seq="19">not<GreekSeq>17</GreekSeq></word><word seq="20">benefited<GreekSeq>18</GreekSeq></word><word seq="21">those<GreekSeq>19</GreekSeq></word><word seq="22">devoted<GreekSeq>20</GreekSeq></word><word seq="23">to<GreekSeq>15</GreekSeq></word><word seq="24">them.<GreekSeq>16</GreekSeq></word></ESV></verse>
<verse number="10"><ESV><word seq="1">We have<GreekSeq>1</GreekSeq></word><word seq="2">an altar<GreekSeq>2</GreekSeq></word><word seq="3">from<GreekSeq>3</GreekSeq></word><word seq="4">which<GreekSeq>4</GreekSeq></word><word seq="5">those<GreekSeq>9</GreekSeq></word><word seq="6">who serve<GreekSeq>12</GreekSeq></word><word seq="7">the<GreekSeq>10</GreekSeq></word><word seq="8">tent<GreekSeq>11</GreekSeq></word><word seq="9">have<GreekSeq>7</GreekSeq></word><word seq="10">no<GreekSeq>6</GreekSeq></word><word seq="11">right<GreekSeq>8</GreekSeq></word><word seq="12">to eat.<GreekSeq>5</GreekSeq></word></ESV></verse>
<verse number="11"><ESV><word seq="1">For<GreekSeq>2</GreekSeq></word><word seq="2">the<GreekSeq>16</GreekSeq></word><word seq="3">bodies<GreekSeq>17</GreekSeq></word><word seq="4">of those<GreekSeq>15</GreekSeq></word><word seq="5">animals<GreekSeq>4</GreekSeq></word><word seq="6">whose<GreekSeq>1</GreekSeq></word><word seq="7">blood<GreekSeq>6</GreekSeq></word><word seq="8">is brought<GreekSeq>3</GreekSeq></word><word seq="9">into<GreekSeq>9</GreekSeq></word><word seq="10">the<GreekSeq>10</GreekSeq></word><word seq="11">holy places<GreekSeq>11</GreekSeq></word><word seq="12">by<GreekSeq>12</GreekSeq></word><word seq="13">the<GreekSeq>13</GreekSeq></word><word seq="14">high priest<GreekSeq>14</GreekSeq></word><word seq="15">as a sacrifice</word><word seq="16">for<GreekSeq>7</GreekSeq></word><word seq="17">sin<GreekSeq>8</GreekSeq></word><word seq="18">are burned<GreekSeq>18</GreekSeq></word><word seq="19">outside<GreekSeq>19</GreekSeq></word><word seq="20">the<GreekSeq>20</GreekSeq></word><word seq="21">camp.<GreekSeq>21</GreekSeq></word></ESV></verse>
<verse number="12"><ESV><word seq="1">So<GreekSeq>1</GreekSeq></word><word seq="2">Jesus<GreekSeq>3</GreekSeq></word><word seq="3">also<GreekSeq>2</GreekSeq></word><word seq="4">suffered<GreekSeq>15</GreekSeq></word><word seq="5">outside<GreekSeq>12</GreekSeq></word><word seq="6">the<GreekSeq>13</GreekSeq></word><word seq="7">gate<GreekSeq>14</GreekSeq></word><word seq="8">in order to sanctify<GreekSeq>4</GreekSeq><GreekSeq>5</GreekSeq></word><word seq="9">the<GreekSeq>10</GreekSeq></word><word seq="10">people<GreekSeq>11</GreekSeq></word><word seq="11">through<GreekSeq>6</GreekSeq></word><word seq="12">his own<GreekSeq>8</GreekSeq></word><word seq="13">blood.<GreekSeq>9</GreekSeq></word></ESV></verse>
<verse number="13"><ESV><word seq="1">Therefore<GreekSeq>1</GreekSeq></word><word seq="2">let us go<GreekSeq>2</GreekSeq></word><word seq="3">to<GreekSeq>3</GreekSeq></word><word seq="4">him<GreekSeq>4</GreekSeq></word><word seq="5">outside<GreekSeq>5</GreekSeq></word><word seq="6">the<GreekSeq>6</GreekSeq></word><word seq="7">camp<GreekSeq>7</GreekSeq></word><word seq="8">and</word><word seq="9">bear<GreekSeq>11</GreekSeq></word><word seq="10">the<GreekSeq>8</GreekSeq></word><word seq="11">reproach<GreekSeq>9</GreekSeq></word><word seq="12">he [endured].<GreekSeq>10</GreekSeq></word></ESV></verse>
<verse number="14"><ESV><word seq="1">For<GreekSeq>2</GreekSeq></word><word seq="2">here<GreekSeq>4</GreekSeq></word><word seq="3">we have<GreekSeq>3</GreekSeq></word><word seq="4">no<GreekSeq>1</GreekSeq></word><word seq="5">lasting<GreekSeq>5</GreekSeq></word><word seq="6">city,<GreekSeq>6</GreekSeq></word><word seq="7">but<GreekSeq>7</GreekSeq></word><word seq="8">we seek<GreekSeq>10</GreekSeq></word><word seq="9">the [city]<GreekSeq>8</GreekSeq></word><word seq="10">that is to come.<GreekSeq>9</GreekSeq></word></ESV></verse>
<verse number="15"><ESV><word seq="1">Through<GreekSeq>1</GreekSeq></word><word seq="2">him<GreekSeq>2</GreekSeq></word><word seq="3">then<GreekSeq>3</GreekSeq></word><word seq="4">let us<GreekSeq>4</GreekSeq></word><word seq="5">continually<GreekSeq>7</GreekSeq><GreekSeq>8</GreekSeq></word><word seq="6">offer up<GreekSeq>4</GreekSeq></word><word seq="7">a sacrifice<GreekSeq>5</GreekSeq></word><word seq="8">of praise<GreekSeq>6</GreekSeq></word><word seq="9">to God,<GreekSeq>10</GreekSeq></word><word seq="10">that<GreekSeq>11</GreekSeq></word><word seq="11">is,<GreekSeq>12</GreekSeq></word><word seq="12">the fruit<GreekSeq>13</GreekSeq></word><word seq="13">of lips<GreekSeq>14</GreekSeq></word><word seq="14">that acknowledge<GreekSeq>15</GreekSeq></word><word seq="15">his<GreekSeq>18</GreekSeq></word><word seq="16">name.<GreekSeq>17</GreekSeq></word></ESV></verse>
<verse number="16"><ESV><word seq="1">Do</word><word seq="2">not<GreekSeq>6</GreekSeq></word><word seq="3">neglect<GreekSeq>7</GreekSeq></word><word seq="4">to do good<GreekSeq>3</GreekSeq></word><word seq="5">and<GreekSeq>4</GreekSeq></word><word seq="6">to share<GreekSeq>5</GreekSeq></word><word seq="7">what you have,</word><word seq="8">for<GreekSeq>9</GreekSeq></word><word seq="9">such<GreekSeq>8</GreekSeq></word><word seq="10">sacrifices<GreekSeq>10</GreekSeq></word><word seq="11">are pleasing<GreekSeq>11</GreekSeq></word><word seq="12">to</word><word seq="13">God.<GreekSeq>13</GreekSeq></word></ESV></verse>
<verse number="17"><ESV><word seq="1">Obey<GreekSeq>1</GreekSeq></word><word seq="2">your<GreekSeq>4</GreekSeq></word><word seq="3">leaders<GreekSeq>3</GreekSeq></word><word seq="4">and<GreekSeq>5</GreekSeq></word><word seq="5">submit<GreekSeq>6</GreekSeq></word><word seq="6">to them,</word><word seq="7">for<GreekSeq>8</GreekSeq></word><word seq="8">they<GreekSeq>7</GreekSeq></word><word seq="9">are keeping watch<GreekSeq>9</GreekSeq></word><word seq="10">over<GreekSeq>10</GreekSeq></word><word seq="11">your<GreekSeq>13</GreekSeq></word><word seq="12">souls,<GreekSeq>12</GreekSeq></word><word seq="13">as<GreekSeq>14</GreekSeq></word><word seq="14">those</word><word seq="15">who will have to give<GreekSeq>16</GreekSeq></word><word seq="16">an account.<GreekSeq>15</GreekSeq></word><word seq="17">Let them do<GreekSeq>21</GreekSeq></word><word seq="18">this<GreekSeq>20</GreekSeq></word><word seq="19">with<GreekSeq>18</GreekSeq></word><word seq="20">joy<GreekSeq>19</GreekSeq></word><word seq="21">and<GreekSeq>22</GreekSeq></word><word seq="22">not<GreekSeq>23</GreekSeq></word><word seq="23">with</word><word seq="24">groaning,<GreekSeq>24</GreekSeq></word><word seq="25">for<GreekSeq>26</GreekSeq></word><word seq="26">that<GreekSeq>28</GreekSeq></word><word seq="27">would be</word><word seq="28">of no advantage<GreekSeq>25</GreekSeq></word><word seq="29">to you.<GreekSeq>27</GreekSeq></word></ESV></verse>
<verse number="18"><ESV><word seq="1">Pray<GreekSeq>1</GreekSeq></word><word seq="2">for<GreekSeq>2</GreekSeq></word><word seq="3">us,<GreekSeq>3</GreekSeq></word><word seq="4">for<GreekSeq>5</GreekSeq></word><word seq="5">we are sure<GreekSeq>4</GreekSeq></word><word seq="6">that<GreekSeq>6</GreekSeq></word><word seq="7">we have<GreekSeq>9</GreekSeq></word><word seq="8">a clear<GreekSeq>7</GreekSeq></word><word seq="9">conscience,<GreekSeq>8</GreekSeq></word><word seq="10">desiring<GreekSeq>13</GreekSeq></word><word seq="11">to act<GreekSeq>14</GreekSeq></word><word seq="12">honorably<GreekSeq>12</GreekSeq></word><word seq="13">in<GreekSeq>10</GreekSeq></word><word seq="14">all things.<GreekSeq>11</GreekSeq></word></ESV></verse>
<verse number="19"><ESV><word seq="1">I urge<GreekSeq>3</GreekSeq></word><word seq="2">you the</word><word seq="3">more earnestly<GreekSeq>1</GreekSeq></word><word seq="4">to do<GreekSeq>5</GreekSeq></word><word seq="5">this<GreekSeq>4</GreekSeq></word><word seq="6">in order that<GreekSeq>6</GreekSeq></word><word seq="7">I may be restored<GreekSeq>8</GreekSeq></word><word seq="8">to you<GreekSeq>9</GreekSeq></word><word seq="9">the sooner.<GreekSeq>7</GreekSeq></word></ESV></verse>
<verse number="20"><ESV><word seq="1">Now<GreekSeq>2</GreekSeq></word><word seq="2">may</word><word seq="3">the<GreekSeq>1</GreekSeq></word><word seq="4">God<GreekSeq>3</GreekSeq></word><word seq="5">of peace<GreekSeq>5</GreekSeq></word><word seq="6">who brought again<GreekSeq>7</GreekSeq></word><word seq="7">from<GreekSeq>8</GreekSeq></word><word seq="8">the dead<GreekSeq>9</GreekSeq></word><word seq="9">our<GreekSeq>22</GreekSeq></word><word seq="10">Lord<GreekSeq>21</GreekSeq></word><word seq="11">Jesus,<GreekSeq>23</GreekSeq></word><word seq="12">the<GreekSeq>10</GreekSeq></word><word seq="13">great<GreekSeq>15</GreekSeq></word><word seq="14">shepherd<GreekSeq>11</GreekSeq></word><word seq="15">of the<GreekSeq>12</GreekSeq></word><word seq="16">sheep,<GreekSeq>13</GreekSeq></word><word seq="17">by<GreekSeq>16</GreekSeq></word><word seq="18">the blood<GreekSeq>17</GreekSeq></word><word seq="19">of the eternal<GreekSeq>19</GreekSeq></word><word seq="20">covenant,<GreekSeq>18</GreekSeq></word></ESV></verse>
<verse number="21"><ESV><word seq="1">equip<GreekSeq>1</GreekSeq></word><word seq="2">you<GreekSeq>2</GreekSeq></word><word seq="3">with<GreekSeq>3</GreekSeq></word><word seq="4">everything<GreekSeq>4</GreekSeq></word><word seq="5">good<GreekSeq>5</GreekSeq></word><word seq="6">that you</word><word seq="7">may do<GreekSeq>8</GreekSeq></word><word seq="8">his<GreekSeq>11</GreekSeq></word><word seq="9">will,<GreekSeq>10</GreekSeq></word><word seq="10">working<GreekSeq>12</GreekSeq></word><word seq="11">in<GreekSeq>13</GreekSeq></word><word seq="12">us<GreekSeq>14</GreekSeq></word><word seq="13">that which is pleasing<GreekSeq>16</GreekSeq></word><word seq="14">in<GreekSeq>17</GreekSeq></word><word seq="15">his<GreekSeq>18</GreekSeq></word><word seq="16">sight,<GreekSeq>17</GreekSeq></word><word seq="17">through<GreekSeq>19</GreekSeq></word><word seq="18">Jesus<GreekSeq>20</GreekSeq></word><word seq="19">Christ,<GreekSeq>21</GreekSeq></word><word seq="20">to whom<GreekSeq>22</GreekSeq></word><word seq="21">be</word><word seq="22">glory<GreekSeq>24</GreekSeq></word><word seq="23">forever<GreekSeq>25</GreekSeq><GreekSeq>27</GreekSeq></word><word seq="24">and</word><word seq="25">ever.<GreekSeq>29</GreekSeq></word><word seq="26">Amen.<GreekSeq>30</GreekSeq></word></ESV></verse>
<verse number="22"><ESV><word seq="1">I appeal<GreekSeq>1</GreekSeq></word><word seq="2">to you,<GreekSeq>3</GreekSeq></word><word seq="3">brothers,<GreekSeq>4</GreekSeq></word><word seq="4">bear with<GreekSeq>5</GreekSeq></word><word seq="5">my</word><word seq="6">word<GreekSeq>7</GreekSeq></word><word seq="7">of exhortation,<GreekSeq>9</GreekSeq></word><word seq="8">for<GreekSeq>11</GreekSeq></word><word seq="9">I have written<GreekSeq>14</GreekSeq></word><word seq="10">to you<GreekSeq>15</GreekSeq></word><word seq="11">briefly.<GreekSeq>12</GreekSeq><GreekSeq>13</GreekSeq></word></ESV></verse>
<verse number="23"><ESV><word seq="1">You should know<GreekSeq>1</GreekSeq></word><word seq="2">that</word><word seq="3">our<GreekSeq>4</GreekSeq></word><word seq="4">brother<GreekSeq>3</GreekSeq></word><word seq="5">Timothy<GreekSeq>5</GreekSeq></word><word seq="6">has been released,<GreekSeq>6</GreekSeq></word><word seq="7">with<GreekSeq>7</GreekSeq></word><word seq="8">whom<GreekSeq>8</GreekSeq></word><word seq="9">I shall see<GreekSeq>12</GreekSeq></word><word seq="10">you<GreekSeq>13</GreekSeq></word><word seq="11">if<GreekSeq>9</GreekSeq></word><word seq="12">he comes<GreekSeq>11</GreekSeq></word><word seq="13">soon.<GreekSeq>10</GreekSeq></word></ESV></verse>
<verse number="24"><ESV><word seq="1">Greet<GreekSeq>1</GreekSeq></word><word seq="2">all<GreekSeq>2</GreekSeq></word><word seq="3">your<GreekSeq>5</GreekSeq></word><word seq="4">leaders<GreekSeq>4</GreekSeq></word><word seq="5">and<GreekSeq>6</GreekSeq></word><word seq="6">all<GreekSeq>7</GreekSeq></word><word seq="7">the<GreekSeq>8</GreekSeq></word><word seq="8">saints.<GreekSeq>9</GreekSeq></word><word seq="9">Those<GreekSeq>12</GreekSeq></word><word seq="10">who come</word><word seq="11">from<GreekSeq>13</GreekSeq></word><word seq="12">Italy<GreekSeq>15</GreekSeq></word><word seq="13">send<GreekSeq>10</GreekSeq></word><word seq="14">you<GreekSeq>11</GreekSeq></word><word seq="15">greetings.<GreekSeq>10</GreekSeq></word></ESV></verse>
<verse number="25"><ESV><word seq="1">Grace<GreekSeq>2</GreekSeq></word><word seq="2">be</word><word seq="3">with<GreekSeq>3</GreekSeq></word><word seq="4">all<GreekSeq>4</GreekSeq></word><word seq="5">of you.<GreekSeq>5</GreekSeq></word></ESV></verse></chapter></book>