<?xml version="1.0" encoding="UTF-8" standalone="no"?><book><chapter number="11">'<verse number="1"><ESV><word seq="1">Now<GreekSeq>2</GreekSeq></word><word seq="2">faith<GreekSeq>3</GreekSeq></word><word seq="3">is<GreekSeq>1</GreekSeq></word><word seq="4">the assurance<GreekSeq>5</GreekSeq></word><word seq="5">of things hoped for,<GreekSeq>4</GreekSeq></word><word seq="6">the conviction<GreekSeq>7</GreekSeq></word><word seq="7">of things<GreekSeq>6</GreekSeq></word><word seq="8">not<GreekSeq>8</GreekSeq></word><word seq="9">seen.<GreekSeq>9</GreekSeq></word></ESV></verse>
<verse number="2"><ESV><word seq="1">For<GreekSeq>3</GreekSeq></word><word seq="2">by<GreekSeq>1</GreekSeq></word><word seq="3">it<GreekSeq>2</GreekSeq></word><word seq="4">the<GreekSeq>5</GreekSeq></word><word seq="5">people of old<GreekSeq>6</GreekSeq></word><word seq="6">received their commendation.<GreekSeq>4</GreekSeq></word></ESV></verse>
<verse number="3"><ESV><word seq="1">By faith<GreekSeq>1</GreekSeq></word><word seq="2">we understand<GreekSeq>2</GreekSeq></word><word seq="3">that</word><word seq="4">the<GreekSeq>4</GreekSeq></word><word seq="5">universe<GreekSeq>5</GreekSeq></word><word seq="6">was created<GreekSeq>3</GreekSeq></word><word seq="7">by the word<GreekSeq>6</GreekSeq></word><word seq="8">of God,<GreekSeq>7</GreekSeq></word><word seq="9">so that<GreekSeq>8</GreekSeq><GreekSeq>9</GreekSeq></word><word seq="10">what is seen<GreekSeq>13</GreekSeq><GreekSeq>14</GreekSeq></word><word seq="11">was<GreekSeq>15</GreekSeq></word><word seq="12">not<GreekSeq>10</GreekSeq></word><word seq="13">made<GreekSeq>15</GreekSeq></word><word seq="14">out of<GreekSeq>11</GreekSeq></word><word seq="15">things</word><word seq="16">that are visible.<GreekSeq>12</GreekSeq></word></ESV></verse>
<verse number="4"><ESV><word seq="1">By faith<GreekSeq>1</GreekSeq></word><word seq="2">Abel<GreekSeq>4</GreekSeq></word><word seq="3">offered<GreekSeq>7</GreekSeq></word><word seq="4">to God<GreekSeq>9</GreekSeq></word><word seq="5">a more acceptable<GreekSeq>2</GreekSeq></word><word seq="6">sacrifice<GreekSeq>3</GreekSeq></word><word seq="7">than<GreekSeq>5</GreekSeq></word><word seq="8">Cain,<GreekSeq>6</GreekSeq></word><word seq="9">through<GreekSeq>10</GreekSeq></word><word seq="10">which<GreekSeq>11</GreekSeq></word><word seq="11">he was commended<GreekSeq>12</GreekSeq></word><word seq="12">as<GreekSeq>13</GreekSeq></word><word seq="13">righteous,<GreekSeq>14</GreekSeq></word><word seq="14">God<GreekSeq>21</GreekSeq></word><word seq="15">commending<GreekSeq>15</GreekSeq></word><word seq="16">him</word><word seq="17">by [accepting]<GreekSeq>16</GreekSeq></word><word seq="18">his<GreekSeq>19</GreekSeq></word><word seq="19">gifts.<GreekSeq>18</GreekSeq></word><word seq="20">And<GreekSeq>22</GreekSeq></word><word seq="21">through<GreekSeq>23</GreekSeq></word><word seq="22">his</word><word seq="23">[faith],<GreekSeq>24</GreekSeq></word><word seq="24">though</word><word seq="25">he died,<GreekSeq>25</GreekSeq></word><word seq="26">he<GreekSeq>27</GreekSeq></word><word seq="27">still<GreekSeq>26</GreekSeq></word><word seq="28">speaks.<GreekSeq>27</GreekSeq></word></ESV></verse>
<verse number="5"><ESV><word seq="1">By faith<GreekSeq>1</GreekSeq></word><word seq="2">Enoch<GreekSeq>2</GreekSeq></word><word seq="3">was taken up<GreekSeq>3</GreekSeq></word><word seq="4">so that<GreekSeq>4</GreekSeq></word><word seq="5">he should</word><word seq="6">not<GreekSeq>5</GreekSeq></word><word seq="7">see<GreekSeq>6</GreekSeq></word><word seq="8">death,<GreekSeq>7</GreekSeq></word><word seq="9">and<GreekSeq>8</GreekSeq></word><word seq="10">he was<GreekSeq>10</GreekSeq></word><word seq="11">not<GreekSeq>9</GreekSeq></word><word seq="12">found,<GreekSeq>10</GreekSeq></word><word seq="13">because<GreekSeq>11</GreekSeq></word><word seq="14">God<GreekSeq>15</GreekSeq></word><word seq="15">had taken<GreekSeq>12</GreekSeq></word><word seq="16">him.<GreekSeq>13</GreekSeq></word><word seq="17">[Now]<GreekSeq>17</GreekSeq></word><word seq="18">before<GreekSeq>16</GreekSeq></word><word seq="19">he was</word><word seq="20">taken<GreekSeq>19</GreekSeq></word><word seq="21">he was commended<GreekSeq>20</GreekSeq></word><word seq="22">as</word><word seq="23">having pleased<GreekSeq>21</GreekSeq></word><word seq="24">God.<GreekSeq>23</GreekSeq></word></ESV></verse>
<verse number="6"><ESV><word seq="1">And<GreekSeq>2</GreekSeq></word><word seq="2">without<GreekSeq>1</GreekSeq></word><word seq="3">faith<GreekSeq>3</GreekSeq></word><word seq="4">it is</word><word seq="5">impossible<GreekSeq>4</GreekSeq></word><word seq="6">to please<GreekSeq>5</GreekSeq></word><word seq="7">him,</word><word seq="8">for<GreekSeq>7</GreekSeq></word><word seq="9">whoever would draw near<GreekSeq>9</GreekSeq><GreekSeq>10</GreekSeq></word><word seq="10">to God<GreekSeq>12</GreekSeq></word><word seq="11">must<GreekSeq>8</GreekSeq></word><word seq="12">believe<GreekSeq>6</GreekSeq></word><word seq="13">that<GreekSeq>13</GreekSeq></word><word seq="14">he exists<GreekSeq>14</GreekSeq></word><word seq="15">and<GreekSeq>15</GreekSeq></word><word seq="16">that</word><word seq="17">he rewards<GreekSeq>19</GreekSeq><GreekSeq>20</GreekSeq></word><word seq="18">those<GreekSeq>16</GreekSeq></word><word seq="19">who seek<GreekSeq>17</GreekSeq></word><word seq="20">him.<GreekSeq>18</GreekSeq></word></ESV></verse>
<verse number="7"><ESV><word seq="1">By faith<GreekSeq>1</GreekSeq></word><word seq="2">Noah,<GreekSeq>3</GreekSeq></word><word seq="3">being warned by God<GreekSeq>2</GreekSeq></word><word seq="4">concerning<GreekSeq>4</GreekSeq></word><word seq="5">events<GreekSeq>5</GreekSeq></word><word seq="6">as yet unseen,<GreekSeq>6</GreekSeq><GreekSeq>7</GreekSeq></word><word seq="7">in reverent fear<GreekSeq>8</GreekSeq></word><word seq="8">constructed<GreekSeq>9</GreekSeq></word><word seq="9">an ark<GreekSeq>10</GreekSeq></word><word seq="10">for<GreekSeq>11</GreekSeq></word><word seq="11">the saving<GreekSeq>12</GreekSeq></word><word seq="12">of<GreekSeq>14</GreekSeq></word><word seq="13">his<GreekSeq>15</GreekSeq></word><word seq="14">household.<GreekSeq>14</GreekSeq></word><word seq="15">By<GreekSeq>16</GreekSeq></word><word seq="16">this<GreekSeq>17</GreekSeq></word><word seq="17">he condemned<GreekSeq>18</GreekSeq></word><word seq="18">the<GreekSeq>19</GreekSeq></word><word seq="19">world<GreekSeq>20</GreekSeq></word><word seq="20">and<GreekSeq>21</GreekSeq></word><word seq="21">became<GreekSeq>26</GreekSeq></word><word seq="22">an heir<GreekSeq>27</GreekSeq></word><word seq="23">of the<GreekSeq>22</GreekSeq></word><word seq="24">righteousness<GreekSeq>25</GreekSeq></word><word seq="25">that comes</word><word seq="26">by<GreekSeq>23</GreekSeq></word><word seq="27">faith.<GreekSeq>24</GreekSeq></word></ESV></verse>
<verse number="8"><ESV><word seq="1">By faith<GreekSeq>1</GreekSeq></word><word seq="2">Abraham<GreekSeq>3</GreekSeq></word><word seq="3">obeyed<GreekSeq>4</GreekSeq></word><word seq="4">when he was called<GreekSeq>2</GreekSeq></word><word seq="5">to go out<GreekSeq>5</GreekSeq></word><word seq="6">to<GreekSeq>6</GreekSeq></word><word seq="7">a place<GreekSeq>7</GreekSeq></word><word seq="8">that<GreekSeq>8</GreekSeq></word><word seq="9">he was to<GreekSeq>9</GreekSeq></word><word seq="10">receive<GreekSeq>10</GreekSeq></word><word seq="11">as<GreekSeq>11</GreekSeq></word><word seq="12">an inheritance.<GreekSeq>12</GreekSeq></word><word seq="13">And<GreekSeq>13</GreekSeq></word><word seq="14">he went out,<GreekSeq>14</GreekSeq></word><word seq="15">not<GreekSeq>15</GreekSeq></word><word seq="16">knowing<GreekSeq>16</GreekSeq></word><word seq="17">where<GreekSeq>17</GreekSeq></word><word seq="18">he was going.<GreekSeq>18</GreekSeq></word></ESV></verse>
<verse number="9"><ESV><word seq="1">By faith<GreekSeq>1</GreekSeq></word><word seq="2">he went to live<GreekSeq>2</GreekSeq></word><word seq="3">in<GreekSeq>3</GreekSeq></word><word seq="4">the land<GreekSeq>4</GreekSeq></word><word seq="5">of promise,<GreekSeq>6</GreekSeq></word><word seq="6">as<GreekSeq>7</GreekSeq></word><word seq="7">in a foreign land,<GreekSeq>8</GreekSeq></word><word seq="8">living<GreekSeq>11</GreekSeq></word><word seq="9">in<GreekSeq>9</GreekSeq></word><word seq="10">tents<GreekSeq>10</GreekSeq></word><word seq="11">with<GreekSeq>12</GreekSeq></word><word seq="12">Isaac<GreekSeq>13</GreekSeq></word><word seq="13">and<GreekSeq>14</GreekSeq></word><word seq="14">Jacob,<GreekSeq>15</GreekSeq></word><word seq="15">heirs with<GreekSeq>17</GreekSeq></word><word seq="16">him</word><word seq="17">of the<GreekSeq>20</GreekSeq></word><word seq="18">same<GreekSeq>21</GreekSeq></word><word seq="19">promise.<GreekSeq>19</GreekSeq></word></ESV></verse>
<verse number="10"><ESV><word seq="1">For<GreekSeq>2</GreekSeq></word><word seq="2">he was looking forward<GreekSeq>1</GreekSeq></word><word seq="3">to the<GreekSeq>3</GreekSeq></word><word seq="4">city<GreekSeq>7</GreekSeq></word><word seq="5">that has<GreekSeq>6</GreekSeq></word><word seq="6">foundations,<GreekSeq>5</GreekSeq></word><word seq="7">whose<GreekSeq>8</GreekSeq></word><word seq="8">designer<GreekSeq>9</GreekSeq></word><word seq="9">and<GreekSeq>10</GreekSeq></word><word seq="10">builder<GreekSeq>11</GreekSeq></word><word seq="11">is</word><word seq="12">God.<GreekSeq>13</GreekSeq></word></ESV></verse>
<verse number="11"><ESV><word seq="1">By faith<GreekSeq>1</GreekSeq></word><word seq="2">Sarah<GreekSeq>4</GreekSeq></word><word seq="3">herself<GreekSeq>3</GreekSeq></word><word seq="4">received<GreekSeq>10</GreekSeq></word><word seq="5">power<GreekSeq>6</GreekSeq></word><word seq="6">to<GreekSeq>7</GreekSeq></word><word seq="7">conceive,<GreekSeq>8</GreekSeq></word><word seq="8">even<GreekSeq>11</GreekSeq></word><word seq="9">when she was</word><word seq="10">past<GreekSeq>12</GreekSeq></word><word seq="11">the age,<GreekSeq>13</GreekSeq><GreekSeq>14</GreekSeq></word><word seq="12">since<GreekSeq>15</GreekSeq></word><word seq="13">she considered<GreekSeq>17</GreekSeq></word><word seq="14">him<GreekSeq>18</GreekSeq></word><word seq="15">faithful<GreekSeq>16</GreekSeq></word><word seq="16">who had promised.<GreekSeq>19</GreekSeq></word></ESV></verse>
<verse number="12"><ESV><word seq="1">Therefore<GreekSeq>1</GreekSeq></word><word seq="2">from<GreekSeq>3</GreekSeq></word><word seq="3">one [man],<GreekSeq>4</GreekSeq></word><word seq="4">and<GreekSeq>6</GreekSeq></word><word seq="5">him<GreekSeq>7</GreekSeq></word><word seq="6">as good as dead,<GreekSeq>8</GreekSeq></word><word seq="7">were born descendants<GreekSeq>5</GreekSeq></word><word seq="8">as<GreekSeq>9</GreekSeq></word><word seq="9">many<GreekSeq>15</GreekSeq></word><word seq="10">as</word><word seq="11">the<GreekSeq>10</GreekSeq></word><word seq="12">stars<GreekSeq>11</GreekSeq></word><word seq="13">of heaven<GreekSeq>13</GreekSeq></word><word seq="14">and<GreekSeq>16</GreekSeq></word><word seq="15">as<GreekSeq>17</GreekSeq></word><word seq="16">many as</word><word seq="17">the<GreekSeq>26</GreekSeq></word><word seq="18">innumerable<GreekSeq>27</GreekSeq></word><word seq="19">grains of</word><word seq="20">sand<GreekSeq>19</GreekSeq></word><word seq="21">by<GreekSeq>21</GreekSeq></word><word seq="22">the<GreekSeq>22</GreekSeq></word><word seq="23">seashore.<GreekSeq>23</GreekSeq><GreekSeq>25</GreekSeq></word></ESV></verse>
<verse number="13"><ESV><word seq="1">These<GreekSeq>4</GreekSeq></word><word seq="2">all<GreekSeq>5</GreekSeq></word><word seq="3">died<GreekSeq>3</GreekSeq></word><word seq="4">in<GreekSeq>1</GreekSeq></word><word seq="5">faith,<GreekSeq>2</GreekSeq></word><word seq="6">not<GreekSeq>6</GreekSeq></word><word seq="7">having received<GreekSeq>7</GreekSeq></word><word seq="8">the<GreekSeq>8</GreekSeq></word><word seq="9">things promised,<GreekSeq>9</GreekSeq></word><word seq="10">but<GreekSeq>10</GreekSeq></word><word seq="11">having seen<GreekSeq>13</GreekSeq></word><word seq="12">them<GreekSeq>12</GreekSeq></word><word seq="13">and<GreekSeq>14</GreekSeq></word><word seq="14">greeted<GreekSeq>15</GreekSeq></word><word seq="15">them</word><word seq="16">from afar,<GreekSeq>11</GreekSeq></word><word seq="17">and<GreekSeq>16</GreekSeq></word><word seq="18">having acknowledged<GreekSeq>17</GreekSeq></word><word seq="19">that<GreekSeq>18</GreekSeq></word><word seq="20">they were<GreekSeq>22</GreekSeq></word><word seq="21">strangers<GreekSeq>19</GreekSeq></word><word seq="22">and<GreekSeq>20</GreekSeq></word><word seq="23">exiles<GreekSeq>21</GreekSeq></word><word seq="24">on<GreekSeq>23</GreekSeq></word><word seq="25">the<GreekSeq>24</GreekSeq></word><word seq="26">earth.<GreekSeq>25</GreekSeq></word></ESV></verse>
<verse number="14"><ESV><word seq="1">For<GreekSeq>2</GreekSeq></word><word seq="2">people<GreekSeq>1</GreekSeq></word><word seq="3">who speak<GreekSeq>4</GreekSeq></word><word seq="4">thus<GreekSeq>3</GreekSeq></word><word seq="5">make it clear<GreekSeq>5</GreekSeq></word><word seq="6">that<GreekSeq>6</GreekSeq></word><word seq="7">they are seeking<GreekSeq>8</GreekSeq></word><word seq="8">a homeland.<GreekSeq>7</GreekSeq></word></ESV></verse>
<verse number="15"><ESV><word seq="1">If<GreekSeq>2</GreekSeq></word><word seq="2">they had been thinking<GreekSeq>5</GreekSeq></word><word seq="3">of that [land]<GreekSeq>4</GreekSeq></word><word seq="4">from<GreekSeq>6</GreekSeq></word><word seq="5">which<GreekSeq>7</GreekSeq></word><word seq="6">they had gone out,<GreekSeq>8</GreekSeq></word><word seq="7">they<GreekSeq>9</GreekSeq></word><word seq="8">would<GreekSeq>10</GreekSeq></word><word seq="9">have had<GreekSeq>9</GreekSeq></word><word seq="10">opportunity<GreekSeq>11</GreekSeq></word><word seq="11">to return.<GreekSeq>12</GreekSeq></word></ESV></verse>
<verse number="16"><ESV><word seq="1">But<GreekSeq>2</GreekSeq></word><word seq="2">as<GreekSeq>1</GreekSeq></word><word seq="3">it is,</word><word seq="4">they desire<GreekSeq>4</GreekSeq></word><word seq="5">a better country,<GreekSeq>3</GreekSeq></word><word seq="6">that<GreekSeq>5</GreekSeq></word><word seq="7">is,<GreekSeq>6</GreekSeq></word><word seq="8">a heavenly [one].<GreekSeq>7</GreekSeq></word><word seq="9">Therefore<GreekSeq>8</GreekSeq></word><word seq="10">God<GreekSeq>13</GreekSeq></word><word seq="11">is<GreekSeq>10</GreekSeq></word><word seq="12">not<GreekSeq>9</GreekSeq></word><word seq="13">ashamed<GreekSeq>10</GreekSeq></word><word seq="14">to be called<GreekSeq>15</GreekSeq></word><word seq="15">their<GreekSeq>16</GreekSeq></word><word seq="16">God,<GreekSeq>14</GreekSeq></word><word seq="17">for<GreekSeq>18</GreekSeq></word><word seq="18">he has prepared<GreekSeq>17</GreekSeq></word><word seq="19">for them<GreekSeq>19</GreekSeq></word><word seq="20">a city.<GreekSeq>20</GreekSeq></word></ESV></verse>
<verse number="17"><ESV><word seq="1">By faith<GreekSeq>1</GreekSeq></word><word seq="2">Abraham,<GreekSeq>3</GreekSeq></word><word seq="3">when he was tested,<GreekSeq>6</GreekSeq></word><word seq="4">offered up<GreekSeq>2</GreekSeq></word><word seq="5">Isaac,<GreekSeq>5</GreekSeq></word><word seq="6">and<GreekSeq>7</GreekSeq></word><word seq="7">he<GreekSeq>11</GreekSeq></word><word seq="8">who had received<GreekSeq>14</GreekSeq></word><word seq="9">the<GreekSeq>12</GreekSeq></word><word seq="10">promises<GreekSeq>13</GreekSeq></word><word seq="11">was [in the act of] offering up<GreekSeq>10</GreekSeq></word><word seq="12">his</word><word seq="13">only son,<GreekSeq>8</GreekSeq><GreekSeq>9</GreekSeq></word></ESV></verse>
<verse number="18"><ESV><word seq="1">of<GreekSeq>1</GreekSeq></word><word seq="2">whom<GreekSeq>2</GreekSeq></word><word seq="3">it was said,<GreekSeq>3</GreekSeq></word><word seq="4">Through<GreekSeq>5</GreekSeq></word><word seq="5">Isaac<GreekSeq>6</GreekSeq></word><word seq="6">shall<GreekSeq>7</GreekSeq></word><word seq="7">your<GreekSeq>8</GreekSeq></word><word seq="8">offspring<GreekSeq>9</GreekSeq></word><word seq="9">be named.<GreekSeq>7</GreekSeq></word></ESV></verse>
<verse number="19"><ESV><word seq="1">He considered<GreekSeq>1</GreekSeq></word><word seq="2">that<GreekSeq>2</GreekSeq></word><word seq="3">God<GreekSeq>9</GreekSeq></word><word seq="4">was</word><word seq="5">able<GreekSeq>7</GreekSeq></word><word seq="6">even<GreekSeq>3</GreekSeq></word><word seq="7">to raise [him]<GreekSeq>6</GreekSeq></word><word seq="8">from<GreekSeq>4</GreekSeq></word><word seq="9">the dead,<GreekSeq>5</GreekSeq></word><word seq="10">from which,<GreekSeq>10</GreekSeq></word><word seq="11">figuratively speaking,<GreekSeq>13</GreekSeq><GreekSeq>14</GreekSeq></word><word seq="12">he did receive<GreekSeq>15</GreekSeq></word><word seq="13">him<GreekSeq>11</GreekSeq></word><word seq="14">back.<GreekSeq>15</GreekSeq></word></ESV></verse>
<verse number="20"><ESV><word seq="1">By faith<GreekSeq>1</GreekSeq></word><word seq="2">Isaac<GreekSeq>6</GreekSeq></word><word seq="3">[invoked]<GreekSeq>3</GreekSeq></word><word seq="4">future<GreekSeq>4</GreekSeq></word><word seq="5">blessings on<GreekSeq>5</GreekSeq></word><word seq="6">Jacob<GreekSeq>8</GreekSeq></word><word seq="7">and<GreekSeq>9</GreekSeq></word><word seq="8">Esau.<GreekSeq>11</GreekSeq></word></ESV></verse>
<verse number="21"><ESV><word seq="1">By faith<GreekSeq>1</GreekSeq></word><word seq="2">Jacob,<GreekSeq>2</GreekSeq></word><word seq="3">when dying,<GreekSeq>3</GreekSeq></word><word seq="4">blessed<GreekSeq>8</GreekSeq></word><word seq="5">each<GreekSeq>4</GreekSeq></word><word seq="6">of the<GreekSeq>5</GreekSeq></word><word seq="7">sons of<GreekSeq>6</GreekSeq></word><word seq="8">Joseph,<GreekSeq>7</GreekSeq></word><word seq="9">bowing in worship<GreekSeq>10</GreekSeq></word><word seq="10">over<GreekSeq>11</GreekSeq></word><word seq="11">the<GreekSeq>12</GreekSeq></word><word seq="12">head<GreekSeq>13</GreekSeq></word><word seq="13">of<GreekSeq>15</GreekSeq></word><word seq="14">his<GreekSeq>16</GreekSeq></word><word seq="15">staff.<GreekSeq>15</GreekSeq></word></ESV></verse>
<verse number="22"><ESV><word seq="1">By faith<GreekSeq>1</GreekSeq></word><word seq="2">Joseph,<GreekSeq>2</GreekSeq></word><word seq="3">at the end of his life,<GreekSeq>3</GreekSeq></word><word seq="4">made mention<GreekSeq>10</GreekSeq></word><word seq="5">of<GreekSeq>4</GreekSeq></word><word seq="6">the<GreekSeq>5</GreekSeq></word><word seq="7">exodus<GreekSeq>6</GreekSeq></word><word seq="8">of the<GreekSeq>7</GreekSeq></word><word seq="9">Israelites<GreekSeq>8</GreekSeq><GreekSeq>9</GreekSeq></word><word seq="10">and<GreekSeq>11</GreekSeq></word><word seq="11">gave directions<GreekSeq>16</GreekSeq></word><word seq="12">concerning<GreekSeq>12</GreekSeq></word><word seq="13">his<GreekSeq>15</GreekSeq></word><word seq="14">bones.<GreekSeq>14</GreekSeq></word></ESV></verse>
<verse number="23"><ESV><word seq="1">By faith<GreekSeq>1</GreekSeq></word><word seq="2">Moses,<GreekSeq>2</GreekSeq></word><word seq="3">when he was born,<GreekSeq>3</GreekSeq></word><word seq="4">was hidden<GreekSeq>4</GreekSeq></word><word seq="5">for three months<GreekSeq>5</GreekSeq></word><word seq="6">by<GreekSeq>6</GreekSeq></word><word seq="7">his<GreekSeq>9</GreekSeq></word><word seq="8">parents,<GreekSeq>8</GreekSeq></word><word seq="9">because<GreekSeq>10</GreekSeq></word><word seq="10">they saw<GreekSeq>11</GreekSeq></word><word seq="11">that</word><word seq="12">the<GreekSeq>13</GreekSeq></word><word seq="13">child<GreekSeq>14</GreekSeq></word><word seq="14">was</word><word seq="15">beautiful,<GreekSeq>12</GreekSeq></word><word seq="16">and<GreekSeq>15</GreekSeq></word><word seq="17">they were<GreekSeq>17</GreekSeq></word><word seq="18">not<GreekSeq>16</GreekSeq></word><word seq="19">afraid of<GreekSeq>17</GreekSeq></word><word seq="20">the<GreekSeq>18</GreekSeq></word><word seq="21">king’s<GreekSeq>21</GreekSeq></word><word seq="22">edict.<GreekSeq>19</GreekSeq></word></ESV></verse>
<verse number="24"><ESV><word seq="1">By faith<GreekSeq>1</GreekSeq></word><word seq="2">Moses,<GreekSeq>2</GreekSeq></word><word seq="3">when he was grown up,<GreekSeq>3</GreekSeq><GreekSeq>4</GreekSeq></word><word seq="4">refused<GreekSeq>5</GreekSeq></word><word seq="5">to be called<GreekSeq>6</GreekSeq></word><word seq="6">the son<GreekSeq>7</GreekSeq></word><word seq="7">of<GreekSeq>8</GreekSeq></word><word seq="8">Pharaoh’s<GreekSeq>9</GreekSeq></word><word seq="9">daughter,<GreekSeq>8</GreekSeq></word></ESV></verse>
<verse number="25"><ESV><word seq="1">choosing<GreekSeq>2</GreekSeq></word><word seq="2">rather<GreekSeq>1</GreekSeq></word><word seq="3">to be mistreated with<GreekSeq>3</GreekSeq></word><word seq="4">the<GreekSeq>4</GreekSeq></word><word seq="5">people<GreekSeq>5</GreekSeq></word><word seq="6">of God<GreekSeq>7</GreekSeq></word><word seq="7">than<GreekSeq>8</GreekSeq></word><word seq="8">to enjoy<GreekSeq>10</GreekSeq></word><word seq="9">the</word><word seq="10">fleeting<GreekSeq>9</GreekSeq></word><word seq="11">pleasures<GreekSeq>12</GreekSeq></word><word seq="12">of sin.<GreekSeq>11</GreekSeq></word></ESV></verse>
<verse number="26"><ESV><word seq="1">He considered<GreekSeq>3</GreekSeq></word><word seq="2">the<GreekSeq>7</GreekSeq></word><word seq="3">reproach<GreekSeq>8</GreekSeq></word><word seq="4">of Christ<GreekSeq>10</GreekSeq></word><word seq="5">greater<GreekSeq>1</GreekSeq></word><word seq="6">wealth<GreekSeq>2</GreekSeq></word><word seq="7">than<GreekSeq>1</GreekSeq></word><word seq="8">the<GreekSeq>4</GreekSeq></word><word seq="9">treasures<GreekSeq>6</GreekSeq></word><word seq="10">of Egypt,<GreekSeq>5</GreekSeq></word><word seq="11">for<GreekSeq>12</GreekSeq></word><word seq="12">he was looking<GreekSeq>11</GreekSeq></word><word seq="13">to<GreekSeq>13</GreekSeq></word><word seq="14">the<GreekSeq>14</GreekSeq></word><word seq="15">reward.<GreekSeq>15</GreekSeq></word></ESV></verse>
<verse number="27"><ESV><word seq="1">By faith<GreekSeq>1</GreekSeq></word><word seq="2">he left<GreekSeq>2</GreekSeq></word><word seq="3">Egypt,<GreekSeq>3</GreekSeq></word><word seq="4">not<GreekSeq>4</GreekSeq></word><word seq="5">being afraid of<GreekSeq>5</GreekSeq></word><word seq="6">the<GreekSeq>6</GreekSeq></word><word seq="7">anger<GreekSeq>7</GreekSeq></word><word seq="8">of the<GreekSeq>8</GreekSeq></word><word seq="9">king,<GreekSeq>9</GreekSeq></word><word seq="10">for<GreekSeq>11</GreekSeq></word><word seq="11">he endured<GreekSeq>15</GreekSeq></word><word seq="12">as<GreekSeq>13</GreekSeq></word><word seq="13">seeing<GreekSeq>14</GreekSeq></word><word seq="14">him<GreekSeq>10</GreekSeq></word><word seq="15">who is</word><word seq="16">invisible.<GreekSeq>12</GreekSeq></word></ESV></verse>
<verse number="28"><ESV><word seq="1">By faith<GreekSeq>1</GreekSeq></word><word seq="2">he kept<GreekSeq>2</GreekSeq></word><word seq="3">the<GreekSeq>3</GreekSeq></word><word seq="4">Passover<GreekSeq>4</GreekSeq></word><word seq="5">and<GreekSeq>5</GreekSeq></word><word seq="6">sprinkled<GreekSeq>7</GreekSeq></word><word seq="7">the<GreekSeq>8</GreekSeq></word><word seq="8">blood,<GreekSeq>9</GreekSeq></word><word seq="9">so that<GreekSeq>10</GreekSeq></word><word seq="10">the<GreekSeq>12</GreekSeq></word><word seq="11">Destroyer<GreekSeq>13</GreekSeq></word><word seq="12">of the<GreekSeq>14</GreekSeq></word><word seq="13">firstborn<GreekSeq>15</GreekSeq></word><word seq="14">might<GreekSeq>16</GreekSeq></word><word seq="15">not<GreekSeq>11</GreekSeq></word><word seq="16">touch<GreekSeq>16</GreekSeq></word><word seq="17">them.<GreekSeq>17</GreekSeq></word></ESV></verse>
<verse number="29"><ESV><word seq="1">By faith<GreekSeq>1</GreekSeq></word><word seq="2">the people crossed<GreekSeq>2</GreekSeq></word><word seq="3">the<GreekSeq>3</GreekSeq></word><word seq="4">Red<GreekSeq>4</GreekSeq></word><word seq="5">Sea<GreekSeq>5</GreekSeq></word><word seq="6">as<GreekSeq>6</GreekSeq></word><word seq="7">on<GreekSeq>7</GreekSeq></word><word seq="8">dry<GreekSeq>8</GreekSeq></word><word seq="9">land,<GreekSeq>9</GreekSeq></word><word seq="10">but</word><word seq="11">the<GreekSeq>13</GreekSeq></word><word seq="12">Egyptians,<GreekSeq>14</GreekSeq></word><word seq="13">when they<GreekSeq>12</GreekSeq></word><word seq="14">attempted to<GreekSeq>11</GreekSeq></word><word seq="15">do<GreekSeq>12</GreekSeq></word><word seq="16">the same,<GreekSeq>10</GreekSeq></word><word seq="17">were drowned.<GreekSeq>15</GreekSeq></word></ESV></verse>
<verse number="30"><ESV><word seq="1">By faith<GreekSeq>1</GreekSeq></word><word seq="2">the<GreekSeq>2</GreekSeq></word><word seq="3">walls<GreekSeq>3</GreekSeq></word><word seq="4">of Jericho<GreekSeq>4</GreekSeq></word><word seq="5">fell down<GreekSeq>5</GreekSeq></word><word seq="6">after</word><word seq="7">they had been encircled<GreekSeq>6</GreekSeq></word><word seq="8">for<GreekSeq>7</GreekSeq></word><word seq="9">seven<GreekSeq>8</GreekSeq></word><word seq="10">days.<GreekSeq>9</GreekSeq></word></ESV></verse>
<verse number="31"><ESV><word seq="1">By faith<GreekSeq>1</GreekSeq></word><word seq="2">Rahab<GreekSeq>2</GreekSeq></word><word seq="3">the<GreekSeq>3</GreekSeq></word><word seq="4">prostitute<GreekSeq>4</GreekSeq></word><word seq="5">did</word><word seq="6">not<GreekSeq>5</GreekSeq></word><word seq="7">perish with<GreekSeq>6</GreekSeq></word><word seq="8">those<GreekSeq>7</GreekSeq></word><word seq="9">who were disobedient,<GreekSeq>8</GreekSeq></word><word seq="10">because</word><word seq="11">she had given<GreekSeq>9</GreekSeq></word><word seq="12">a friendly<GreekSeq>12</GreekSeq><GreekSeq>13</GreekSeq></word><word seq="13">welcome<GreekSeq>9</GreekSeq></word><word seq="14">to the<GreekSeq>10</GreekSeq></word><word seq="15">spies.<GreekSeq>11</GreekSeq></word></ESV></verse>
<verse number="32"><ESV><word seq="1">And<GreekSeq>1</GreekSeq></word><word seq="2">what<GreekSeq>2</GreekSeq></word><word seq="3">more<GreekSeq>3</GreekSeq></word><word seq="4">shall I say?<GreekSeq>4</GreekSeq></word><word seq="5">For<GreekSeq>7</GreekSeq></word><word seq="6">time<GreekSeq>10</GreekSeq></word><word seq="7">would fail<GreekSeq>5</GreekSeq></word><word seq="8">me<GreekSeq>6</GreekSeq></word><word seq="9">to tell<GreekSeq>8</GreekSeq></word><word seq="10">of<GreekSeq>11</GreekSeq></word><word seq="11">Gideon,<GreekSeq>12</GreekSeq></word><word seq="12">Barak,<GreekSeq>13</GreekSeq></word><word seq="13">Samson,<GreekSeq>14</GreekSeq></word><word seq="14">Jephthah,<GreekSeq>15</GreekSeq></word><word seq="15">of</word><word seq="16">David<GreekSeq>16</GreekSeq></word><word seq="17">and<GreekSeq>18</GreekSeq></word><word seq="18">Samuel<GreekSeq>19</GreekSeq></word><word seq="19">and<GreekSeq>20</GreekSeq></word><word seq="20">the<GreekSeq>21</GreekSeq></word><word seq="21">prophets —<GreekSeq>22</GreekSeq></word></ESV></verse>
<verse number="33"><ESV><word seq="1">who<GreekSeq>1</GreekSeq></word><word seq="2">through<GreekSeq>2</GreekSeq></word><word seq="3">faith<GreekSeq>3</GreekSeq></word><word seq="4">conquered<GreekSeq>4</GreekSeq></word><word seq="5">kingdoms,<GreekSeq>5</GreekSeq></word><word seq="6">enforced<GreekSeq>6</GreekSeq></word><word seq="7">justice,<GreekSeq>7</GreekSeq></word><word seq="8">obtained<GreekSeq>8</GreekSeq></word><word seq="9">promises,<GreekSeq>9</GreekSeq></word><word seq="10">stopped<GreekSeq>10</GreekSeq></word><word seq="11">the mouths<GreekSeq>11</GreekSeq></word><word seq="12">of lions,<GreekSeq>12</GreekSeq></word></ESV></verse>
<verse number="34"><ESV><word seq="1">quenched<GreekSeq>1</GreekSeq></word><word seq="2">the power<GreekSeq>2</GreekSeq></word><word seq="3">of fire,<GreekSeq>3</GreekSeq></word><word seq="4">escaped<GreekSeq>4</GreekSeq></word><word seq="5">the edge<GreekSeq>5</GreekSeq></word><word seq="6">of the sword,<GreekSeq>6</GreekSeq></word><word seq="7">were made strong<GreekSeq>7</GreekSeq></word><word seq="8">out of<GreekSeq>8</GreekSeq></word><word seq="9">weakness,<GreekSeq>9</GreekSeq></word><word seq="10">became<GreekSeq>10</GreekSeq></word><word seq="11">mighty<GreekSeq>11</GreekSeq></word><word seq="12">in<GreekSeq>12</GreekSeq></word><word seq="13">war,<GreekSeq>13</GreekSeq></word><word seq="14">put<GreekSeq>15</GreekSeq></word><word seq="15">foreign<GreekSeq>16</GreekSeq></word><word seq="16">armies<GreekSeq>14</GreekSeq></word><word seq="17">to flight.<GreekSeq>15</GreekSeq></word></ESV></verse>
<verse number="35"><ESV><word seq="1">Women<GreekSeq>2</GreekSeq></word><word seq="2">received back<GreekSeq>1</GreekSeq></word><word seq="3">their<GreekSeq>7</GreekSeq></word><word seq="4">dead<GreekSeq>6</GreekSeq></word><word seq="5">by<GreekSeq>3</GreekSeq></word><word seq="6">resurrection.<GreekSeq>4</GreekSeq></word><word seq="7">Some<GreekSeq>8</GreekSeq></word><word seq="8">were tortured,<GreekSeq>10</GreekSeq></word><word seq="9">refusing<GreekSeq>11</GreekSeq></word><word seq="10">to accept<GreekSeq>12</GreekSeq></word><word seq="11">release,<GreekSeq>14</GreekSeq></word><word seq="12">so that<GreekSeq>15</GreekSeq></word><word seq="13">they might<GreekSeq>18</GreekSeq></word><word seq="14">rise again<GreekSeq>17</GreekSeq></word><word seq="15">to</word><word seq="16">a better<GreekSeq>16</GreekSeq></word><word seq="17">life.</word></ESV></verse>
<verse number="36"><ESV><word seq="1">Others<GreekSeq>1</GreekSeq></word><word seq="2">suffered<GreekSeq>6</GreekSeq><GreekSeq>7</GreekSeq></word><word seq="3">mocking<GreekSeq>3</GreekSeq></word><word seq="4">and<GreekSeq>4</GreekSeq></word><word seq="5">flogging,<GreekSeq>5</GreekSeq></word><word seq="6">and<GreekSeq>9</GreekSeq></word><word seq="7">even<GreekSeq>8</GreekSeq></word><word seq="8">chains<GreekSeq>10</GreekSeq></word><word seq="9">and<GreekSeq>11</GreekSeq></word><word seq="10">imprisonment.<GreekSeq>12</GreekSeq></word></ESV></verse>
<verse number="37"><ESV><word seq="1">They were stoned,<GreekSeq>1</GreekSeq></word><word seq="2">they were sawn in two,<GreekSeq>2</GreekSeq></word><word seq="3">they were killed<GreekSeq>6</GreekSeq></word><word seq="4">with<GreekSeq>3</GreekSeq></word><word seq="5">the sword.<GreekSeq>5</GreekSeq></word><word seq="6">They went about<GreekSeq>7</GreekSeq></word><word seq="7">in<GreekSeq>8</GreekSeq></word><word seq="8">skins<GreekSeq>12</GreekSeq></word><word seq="9">of sheep<GreekSeq>9</GreekSeq></word><word seq="10">and</word><word seq="11">goats,<GreekSeq>11</GreekSeq></word><word seq="12">destitute,<GreekSeq>13</GreekSeq></word><word seq="13">afflicted,<GreekSeq>14</GreekSeq></word><word seq="14">mistreated —<GreekSeq>15</GreekSeq></word></ESV></verse>
<verse number="38"><ESV><word seq="1">of whom<GreekSeq>1</GreekSeq></word><word seq="2">the<GreekSeq>5</GreekSeq></word><word seq="3">world<GreekSeq>6</GreekSeq></word><word seq="4">was<GreekSeq>3</GreekSeq></word><word seq="5">not<GreekSeq>2</GreekSeq></word><word seq="6">worthy<GreekSeq>4</GreekSeq></word><word seq="7">— wandering about<GreekSeq>9</GreekSeq></word><word seq="8">in<GreekSeq>7</GreekSeq></word><word seq="9">deserts<GreekSeq>8</GreekSeq></word><word seq="10">and<GreekSeq>10</GreekSeq></word><word seq="11">mountains,<GreekSeq>11</GreekSeq></word><word seq="12">and<GreekSeq>12</GreekSeq></word><word seq="13">in dens<GreekSeq>13</GreekSeq></word><word seq="14">and<GreekSeq>14</GreekSeq></word><word seq="15">caves<GreekSeq>16</GreekSeq></word><word seq="16">of the<GreekSeq>17</GreekSeq></word><word seq="17">earth.<GreekSeq>18</GreekSeq></word></ESV></verse>
<verse number="39"><ESV><word seq="1">And<GreekSeq>1</GreekSeq></word><word seq="2">all<GreekSeq>3</GreekSeq></word><word seq="3">these,<GreekSeq>2</GreekSeq></word><word seq="4">though</word><word seq="5">commended<GreekSeq>4</GreekSeq></word><word seq="6">through<GreekSeq>5</GreekSeq></word><word seq="7">their</word><word seq="8">faith,<GreekSeq>7</GreekSeq></word><word seq="9">did</word><word seq="10">not<GreekSeq>8</GreekSeq></word><word seq="11">receive<GreekSeq>9</GreekSeq></word><word seq="12">what was promised,<GreekSeq>10</GreekSeq><GreekSeq>11</GreekSeq></word></ESV></verse>
<verse number="40"><ESV><word seq="1">since</word><word seq="2">God<GreekSeq>2</GreekSeq></word><word seq="3">had provided<GreekSeq>7</GreekSeq></word><word seq="4">something<GreekSeq>6</GreekSeq></word><word seq="5">better<GreekSeq>5</GreekSeq></word><word seq="6">for<GreekSeq>3</GreekSeq></word><word seq="7">us,<GreekSeq>4</GreekSeq></word><word seq="8">that<GreekSeq>8</GreekSeq></word><word seq="9">apart from<GreekSeq>10</GreekSeq></word><word seq="10">us<GreekSeq>11</GreekSeq></word><word seq="11">they should<GreekSeq>12</GreekSeq></word><word seq="12">not<GreekSeq>9</GreekSeq></word><word seq="13">be made perfect.<GreekSeq>12</GreekSeq></word></ESV></verse></chapter></book>