<?xml version="1.0" encoding="UTF-8" standalone="no"?><book><chapter number="2">'<verse number="1"><ESV><word seq="1">Therefore<GreekSeq>1</GreekSeq><GreekSeq>2</GreekSeq></word><word seq="2">we<GreekSeq>6</GreekSeq></word><word seq="3">must<GreekSeq>3</GreekSeq></word><word seq="4">pay<GreekSeq>5</GreekSeq></word><word seq="5">much closer<GreekSeq>4</GreekSeq></word><word seq="6">attention<GreekSeq>5</GreekSeq></word><word seq="7">to what<GreekSeq>7</GreekSeq></word><word seq="8">[we] have heard,<GreekSeq>8</GreekSeq></word><word seq="9">lest<GreekSeq>9</GreekSeq></word><word seq="10">we drift away<GreekSeq>10</GreekSeq></word><word seq="11">from it.</word></ESV></verse>
<verse number="2"><ESV><word seq="1">For<GreekSeq>2</GreekSeq></word><word seq="2">since<GreekSeq>1</GreekSeq></word><word seq="3">the<GreekSeq>3</GreekSeq></word><word seq="4">message<GreekSeq>7</GreekSeq></word><word seq="5">declared<GreekSeq>6</GreekSeq></word><word seq="6">by<GreekSeq>4</GreekSeq></word><word seq="7">angels<GreekSeq>5</GreekSeq></word><word seq="8">proved to be<GreekSeq>8</GreekSeq></word><word seq="9">reliable,<GreekSeq>9</GreekSeq></word><word seq="10">and<GreekSeq>10</GreekSeq></word><word seq="11">every<GreekSeq>11</GreekSeq></word><word seq="12">transgression<GreekSeq>12</GreekSeq></word><word seq="13">or<GreekSeq>13</GreekSeq></word><word seq="14">disobedience<GreekSeq>14</GreekSeq></word><word seq="15">received<GreekSeq>15</GreekSeq></word><word seq="16">a just<GreekSeq>16</GreekSeq></word><word seq="17">retribution,<GreekSeq>17</GreekSeq></word></ESV></verse>
<verse number="3"><ESV><word seq="1">how<GreekSeq>1</GreekSeq></word><word seq="2">shall<GreekSeq>3</GreekSeq></word><word seq="3">we<GreekSeq>2</GreekSeq></word><word seq="4">escape<GreekSeq>3</GreekSeq></word><word seq="5">if we</word><word seq="6">neglect<GreekSeq>5</GreekSeq></word><word seq="7">such a great<GreekSeq>4</GreekSeq></word><word seq="8">salvation?<GreekSeq>6</GreekSeq></word><word seq="9">It<GreekSeq>7</GreekSeq></word><word seq="10">was declared<GreekSeq>10</GreekSeq></word><word seq="11">at first<GreekSeq>8</GreekSeq></word><word seq="12">by<GreekSeq>11</GreekSeq></word><word seq="13">the<GreekSeq>12</GreekSeq></word><word seq="14">Lord,<GreekSeq>13</GreekSeq></word><word seq="15">and</word><word seq="16">it was attested<GreekSeq>19</GreekSeq></word><word seq="17">to<GreekSeq>17</GreekSeq></word><word seq="18">us<GreekSeq>18</GreekSeq></word><word seq="19">by<GreekSeq>14</GreekSeq></word><word seq="20">those<GreekSeq>15</GreekSeq></word><word seq="21">who heard,<GreekSeq>16</GreekSeq></word></ESV></verse>
<verse number="4"><ESV><word seq="1">while<GreekSeq>1</GreekSeq></word><word seq="2">God<GreekSeq>3</GreekSeq></word><word seq="3">also</word><word seq="4">bore witness<GreekSeq>1</GreekSeq></word><word seq="5">by signs<GreekSeq>4</GreekSeq></word><word seq="6">and<GreekSeq>6</GreekSeq></word><word seq="7">wonders<GreekSeq>7</GreekSeq></word><word seq="8">and<GreekSeq>8</GreekSeq></word><word seq="9">various<GreekSeq>9</GreekSeq></word><word seq="10">miracles<GreekSeq>10</GreekSeq></word><word seq="11">and<GreekSeq>11</GreekSeq></word><word seq="12">by gifts<GreekSeq>14</GreekSeq></word><word seq="13">of the<GreekSeq>12</GreekSeq></word><word seq="14">Holy<GreekSeq>13</GreekSeq></word><word seq="15">Spirit<GreekSeq>12</GreekSeq></word><word seq="16">distributed<GreekSeq>14</GreekSeq></word><word seq="17">according to<GreekSeq>15</GreekSeq></word><word seq="18">his<GreekSeq>17</GreekSeq></word><word seq="19">will.<GreekSeq>18</GreekSeq></word></ESV></verse>
<verse number="5"><ESV><word seq="1">For<GreekSeq>2</GreekSeq></word><word seq="2">it was</word><word seq="3">not<GreekSeq>1</GreekSeq></word><word seq="4">to angels<GreekSeq>3</GreekSeq></word><word seq="5">that</word><word seq="6">[God] subjected<GreekSeq>4</GreekSeq></word><word seq="7">the<GreekSeq>5</GreekSeq></word><word seq="8">world<GreekSeq>6</GreekSeq></word><word seq="9">to come,<GreekSeq>8</GreekSeq></word><word seq="10">of<GreekSeq>9</GreekSeq></word><word seq="11">which<GreekSeq>10</GreekSeq></word><word seq="12">we are speaking.<GreekSeq>11</GreekSeq></word></ESV></verse>
<verse number="6"><ESV><word seq="1">It<GreekSeq>4</GreekSeq></word><word seq="2">has been testified<GreekSeq>1</GreekSeq></word><word seq="3">somewhere,<GreekSeq>3</GreekSeq></word><word seq="4">What<GreekSeq>6</GreekSeq></word><word seq="5">is<GreekSeq>7</GreekSeq></word><word seq="6">man,<GreekSeq>8</GreekSeq></word><word seq="7">that<GreekSeq>9</GreekSeq></word><word seq="8">you are mindful<GreekSeq>10</GreekSeq></word><word seq="9">of him,<GreekSeq>11</GreekSeq></word><word seq="10">or<GreekSeq>12</GreekSeq></word><word seq="11">the son<GreekSeq>13</GreekSeq></word><word seq="12">of man,<GreekSeq>14</GreekSeq></word><word seq="13">that<GreekSeq>15</GreekSeq></word><word seq="14">you care for<GreekSeq>16</GreekSeq></word><word seq="15">him?<GreekSeq>17</GreekSeq></word></ESV></verse>
<verse number="7"><ESV><word seq="1">You made<GreekSeq>1</GreekSeq></word><word seq="2">him<GreekSeq>2</GreekSeq></word><word seq="3">for a little [while]<GreekSeq>3</GreekSeq></word><word seq="4">lower<GreekSeq>1</GreekSeq></word><word seq="5">than<GreekSeq>5</GreekSeq></word><word seq="6">the angels;<GreekSeq>6</GreekSeq></word><word seq="7">you have crowned<GreekSeq>10</GreekSeq></word><word seq="8">him<GreekSeq>11</GreekSeq></word><word seq="9">with glory<GreekSeq>7</GreekSeq></word><word seq="10">and<GreekSeq>8</GreekSeq></word><word seq="11">honor,<GreekSeq>9</GreekSeq></word></ESV></verse>
<verse number="8"><ESV><word seq="1">putting<GreekSeq>2</GreekSeq></word><word seq="2">everything<GreekSeq>1</GreekSeq></word><word seq="3">in subjection<GreekSeq>2</GreekSeq></word><word seq="4">under<GreekSeq>3</GreekSeq></word><word seq="5">his<GreekSeq>6</GreekSeq></word><word seq="6">feet.<GreekSeq>5</GreekSeq></word><word seq="7">[Now]<GreekSeq>9</GreekSeq></word><word seq="8">in putting<GreekSeq>10</GreekSeq></word><word seq="9">everything<GreekSeq>12</GreekSeq><GreekSeq>13</GreekSeq></word><word seq="10">in subjection<GreekSeq>10</GreekSeq></word><word seq="11">to him,<GreekSeq>11</GreekSeq></word><word seq="12">he left<GreekSeq>15</GreekSeq></word><word seq="13">nothing<GreekSeq>14</GreekSeq></word><word seq="14">outside<GreekSeq>17</GreekSeq></word><word seq="15">his<GreekSeq>16</GreekSeq></word><word seq="16">control.<GreekSeq>17</GreekSeq></word><word seq="17">At present,<GreekSeq>18</GreekSeq></word><word seq="18">we do<GreekSeq>21</GreekSeq></word><word seq="19">not yet<GreekSeq>20</GreekSeq></word><word seq="20">see<GreekSeq>21</GreekSeq></word><word seq="21">everything<GreekSeq>23</GreekSeq><GreekSeq>24</GreekSeq></word><word seq="22">in subjection<GreekSeq>25</GreekSeq></word><word seq="23">to him.<GreekSeq>22</GreekSeq></word></ESV></verse>
<verse number="9"><ESV><word seq="1">But<GreekSeq>2</GreekSeq></word><word seq="2">we see<GreekSeq>8</GreekSeq></word><word seq="3">him<GreekSeq>1</GreekSeq></word><word seq="4">who<GreekSeq>7</GreekSeq></word><word seq="5">for a little while<GreekSeq>3</GreekSeq><GreekSeq>4</GreekSeq></word><word seq="6">was made lower<GreekSeq>7</GreekSeq></word><word seq="7">than<GreekSeq>5</GreekSeq></word><word seq="8">the angels,<GreekSeq>6</GreekSeq></word><word seq="9">namely</word><word seq="10">Jesus,<GreekSeq>9</GreekSeq></word><word seq="11">crowned<GreekSeq>18</GreekSeq></word><word seq="12">with glory<GreekSeq>15</GreekSeq></word><word seq="13">and<GreekSeq>16</GreekSeq></word><word seq="14">honor<GreekSeq>17</GreekSeq></word><word seq="15">because of<GreekSeq>10</GreekSeq></word><word seq="16">the<GreekSeq>11</GreekSeq></word><word seq="17">suffering<GreekSeq>12</GreekSeq></word><word seq="18">of death,<GreekSeq>14</GreekSeq></word><word seq="19">so that<GreekSeq>19</GreekSeq></word><word seq="20">by the grace<GreekSeq>20</GreekSeq></word><word seq="21">of God<GreekSeq>21</GreekSeq></word><word seq="22">he might taste<GreekSeq>24</GreekSeq></word><word seq="23">death<GreekSeq>25</GreekSeq></word><word seq="24">for<GreekSeq>22</GreekSeq></word><word seq="25">everyone.<GreekSeq>23</GreekSeq></word></ESV></verse>
<verse number="10"><ESV><word seq="1">For<GreekSeq>2</GreekSeq></word><word seq="2">it was fitting<GreekSeq>1</GreekSeq></word><word seq="3">that</word><word seq="4">he,<GreekSeq>3</GreekSeq></word><word seq="5">for whom<GreekSeq>4</GreekSeq><GreekSeq>5</GreekSeq></word><word seq="6">and<GreekSeq>8</GreekSeq></word><word seq="7">by whom<GreekSeq>9</GreekSeq><GreekSeq>10</GreekSeq></word><word seq="8">all things<GreekSeq>6</GreekSeq><GreekSeq>7</GreekSeq></word><word seq="9">exist,</word><word seq="10">in bringing<GreekSeq>17</GreekSeq></word><word seq="11">many<GreekSeq>13</GreekSeq></word><word seq="12">sons<GreekSeq>14</GreekSeq></word><word seq="13">to<GreekSeq>15</GreekSeq></word><word seq="14">glory,<GreekSeq>16</GreekSeq></word><word seq="15">should make<GreekSeq>25</GreekSeq></word><word seq="16">the<GreekSeq>18</GreekSeq></word><word seq="17">founder<GreekSeq>19</GreekSeq></word><word seq="18">of<GreekSeq>21</GreekSeq></word><word seq="19">their<GreekSeq>22</GreekSeq></word><word seq="20">salvation<GreekSeq>21</GreekSeq></word><word seq="21">perfect<GreekSeq>25</GreekSeq></word><word seq="22">through<GreekSeq>23</GreekSeq></word><word seq="23">suffering.<GreekSeq>24</GreekSeq></word></ESV></verse>
<verse number="11"><ESV><word seq="1">For<GreekSeq>3</GreekSeq></word><word seq="2">he<GreekSeq>1</GreekSeq></word><word seq="3">who sanctifies<GreekSeq>4</GreekSeq></word><word seq="4">and<GreekSeq>5</GreekSeq></word><word seq="5">those<GreekSeq>6</GreekSeq></word><word seq="6">who are sanctified<GreekSeq>7</GreekSeq></word><word seq="7">all<GreekSeq>10</GreekSeq></word><word seq="8">have one source.<GreekSeq>8</GreekSeq><GreekSeq>9</GreekSeq></word><word seq="9">That<GreekSeq>12</GreekSeq></word><word seq="10">is</word><word seq="11">why<GreekSeq>11</GreekSeq><GreekSeq>13</GreekSeq></word><word seq="12">he is<GreekSeq>15</GreekSeq></word><word seq="13">not<GreekSeq>14</GreekSeq></word><word seq="14">ashamed<GreekSeq>15</GreekSeq></word><word seq="15">to call<GreekSeq>18</GreekSeq></word><word seq="16">them<GreekSeq>17</GreekSeq></word><word seq="17">brothers,<GreekSeq>16</GreekSeq></word></ESV></verse>
<verse number="12"><ESV><word seq="1">saying,<GreekSeq>1</GreekSeq></word><word seq="2">I will tell of<GreekSeq>2</GreekSeq></word><word seq="3">your<GreekSeq>5</GreekSeq></word><word seq="4">name<GreekSeq>4</GreekSeq></word><word seq="5">to<GreekSeq>7</GreekSeq></word><word seq="6">my<GreekSeq>8</GreekSeq></word><word seq="7">brothers;<GreekSeq>7</GreekSeq></word><word seq="8">in<GreekSeq>9</GreekSeq></word><word seq="9">the midst of<GreekSeq>10</GreekSeq></word><word seq="10">the congregation<GreekSeq>11</GreekSeq></word><word seq="11">I will sing<GreekSeq>12</GreekSeq></word><word seq="12">your<GreekSeq>13</GreekSeq></word><word seq="13">praise.<GreekSeq>12</GreekSeq></word></ESV></verse>
<verse number="13"><ESV><word seq="1">And<GreekSeq>1</GreekSeq></word><word seq="2">again,<GreekSeq>2</GreekSeq></word><word seq="3">I<GreekSeq>3</GreekSeq></word><word seq="4">will<GreekSeq>4</GreekSeq></word><word seq="5">put [my] trust<GreekSeq>5</GreekSeq></word><word seq="6">in<GreekSeq>6</GreekSeq></word><word seq="7">him.<GreekSeq>7</GreekSeq></word><word seq="8">And<GreekSeq>8</GreekSeq></word><word seq="9">again,<GreekSeq>9</GreekSeq></word><word seq="10">Behold,<GreekSeq>10</GreekSeq></word><word seq="11">I<GreekSeq>11</GreekSeq></word><word seq="12">and<GreekSeq>12</GreekSeq></word><word seq="13">the<GreekSeq>13</GreekSeq></word><word seq="14">children<GreekSeq>14</GreekSeq></word><word seq="15">God<GreekSeq>19</GreekSeq></word><word seq="16">has given<GreekSeq>17</GreekSeq></word><word seq="17">me.<GreekSeq>16</GreekSeq></word></ESV></verse>
<verse number="14"><ESV><word seq="1">Since<GreekSeq>1</GreekSeq></word><word seq="2">therefore<GreekSeq>2</GreekSeq></word><word seq="3">the<GreekSeq>3</GreekSeq></word><word seq="4">children<GreekSeq>4</GreekSeq></word><word seq="5">share in<GreekSeq>5</GreekSeq></word><word seq="6">flesh<GreekSeq>8</GreekSeq></word><word seq="7">and<GreekSeq>7</GreekSeq></word><word seq="8">blood,<GreekSeq>6</GreekSeq></word><word seq="9">he<GreekSeq>12</GreekSeq></word><word seq="10">himself<GreekSeq>10</GreekSeq></word><word seq="11">likewise<GreekSeq>11</GreekSeq></word><word seq="12">partook of<GreekSeq>12</GreekSeq></word><word seq="13">the<GreekSeq>13</GreekSeq></word><word seq="14">same things,<GreekSeq>14</GreekSeq></word><word seq="15">that<GreekSeq>15</GreekSeq></word><word seq="16">through<GreekSeq>16</GreekSeq></word><word seq="17">death<GreekSeq>18</GreekSeq></word><word seq="18">he might destroy<GreekSeq>19</GreekSeq></word><word seq="19">the one<GreekSeq>20</GreekSeq></word><word seq="20">who has<GreekSeq>23</GreekSeq></word><word seq="21">the<GreekSeq>21</GreekSeq></word><word seq="22">power<GreekSeq>22</GreekSeq></word><word seq="23">of death,<GreekSeq>25</GreekSeq></word><word seq="24">that<GreekSeq>26</GreekSeq></word><word seq="25">is,<GreekSeq>27</GreekSeq></word><word seq="26">the<GreekSeq>28</GreekSeq></word><word seq="27">devil,<GreekSeq>29</GreekSeq></word></ESV></verse>
<verse number="15"><ESV><word seq="1">and<GreekSeq>1</GreekSeq></word><word seq="2">deliver<GreekSeq>2</GreekSeq></word><word seq="3">all</word><word seq="4">those<GreekSeq>3</GreekSeq></word><word seq="5">who<GreekSeq>4</GreekSeq></word><word seq="6">through fear<GreekSeq>5</GreekSeq></word><word seq="7">of death<GreekSeq>6</GreekSeq></word><word seq="8">were<GreekSeq>12</GreekSeq></word><word seq="9">subject<GreekSeq>11</GreekSeq></word><word seq="10">to<GreekSeq>7</GreekSeq></word><word seq="11">lifelong<GreekSeq>10</GreekSeq></word><word seq="12">slavery.<GreekSeq>13</GreekSeq></word></ESV></verse>
<verse number="16"><ESV><word seq="1">For<GreekSeq>2</GreekSeq></word><word seq="2">surely<GreekSeq>3</GreekSeq></word><word seq="3">it is</word><word seq="4">not<GreekSeq>1</GreekSeq></word><word seq="5">angels<GreekSeq>4</GreekSeq></word><word seq="6">that</word><word seq="7">he helps,<GreekSeq>5</GreekSeq></word><word seq="8">but<GreekSeq>6</GreekSeq></word><word seq="9">he helps<GreekSeq>9</GreekSeq></word><word seq="10">the offspring of<GreekSeq>7</GreekSeq></word><word seq="11">Abraham.<GreekSeq>8</GreekSeq></word></ESV></verse>
<verse number="17"><ESV><word seq="1">Therefore<GreekSeq>1</GreekSeq></word><word seq="2">he had<GreekSeq>2</GreekSeq></word><word seq="3">to be made like<GreekSeq>7</GreekSeq></word><word seq="4">his</word><word seq="5">brothers<GreekSeq>6</GreekSeq></word><word seq="6">in<GreekSeq>3</GreekSeq></word><word seq="7">every [respect],<GreekSeq>4</GreekSeq></word><word seq="8">so that<GreekSeq>8</GreekSeq></word><word seq="9">he might become<GreekSeq>10</GreekSeq></word><word seq="10">a merciful<GreekSeq>9</GreekSeq></word><word seq="11">and<GreekSeq>11</GreekSeq></word><word seq="12">faithful<GreekSeq>12</GreekSeq></word><word seq="13">high priest<GreekSeq>13</GreekSeq></word><word seq="14">in the [service] of<GreekSeq>14</GreekSeq><GreekSeq>15</GreekSeq></word><word seq="15">God,<GreekSeq>17</GreekSeq></word><word seq="16">to make propitiation<GreekSeq>20</GreekSeq></word><word seq="17">for the<GreekSeq>21</GreekSeq></word><word seq="18">sins<GreekSeq>22</GreekSeq></word><word seq="19">of the<GreekSeq>23</GreekSeq></word><word seq="20">people.<GreekSeq>24</GreekSeq></word></ESV></verse>
<verse number="18"><ESV><word seq="1">For<GreekSeq>3</GreekSeq></word><word seq="2">because<GreekSeq>1</GreekSeq><GreekSeq>2</GreekSeq></word><word seq="3">he<GreekSeq>4</GreekSeq></word><word seq="4">himself<GreekSeq>5</GreekSeq></word><word seq="5">has suffered<GreekSeq>4</GreekSeq></word><word seq="6">when tempted,<GreekSeq>6</GreekSeq></word><word seq="7">he is able<GreekSeq>7</GreekSeq></word><word seq="8">to help<GreekSeq>10</GreekSeq></word><word seq="9">those<GreekSeq>8</GreekSeq></word><word seq="10">who are being tempted.<GreekSeq>9</GreekSeq></word></ESV></verse></chapter></book>