<?xml version="1.0" encoding="UTF-8" standalone="no"?><book><chapter number="3">'<verse number="1"><ESV><word seq="1">Not<GreekSeq>1</GreekSeq></word><word seq="2">many<GreekSeq>2</GreekSeq></word><word seq="3">of</word><word seq="4">you should become<GreekSeq>4</GreekSeq></word><word seq="5">teachers,<GreekSeq>3</GreekSeq></word><word seq="6">my<GreekSeq>6</GreekSeq></word><word seq="7">brothers,<GreekSeq>5</GreekSeq></word><word seq="8">for</word><word seq="9">you know<GreekSeq>7</GreekSeq></word><word seq="10">that<GreekSeq>8</GreekSeq></word><word seq="11">we [who teach] will be<GreekSeq>11</GreekSeq></word><word seq="12">judged<GreekSeq>10</GreekSeq></word><word seq="13">with greater [strictness].<GreekSeq>9</GreekSeq></word></ESV></verse>
<verse number="2"><ESV><word seq="1">For<GreekSeq>2</GreekSeq></word><word seq="2">we<GreekSeq>3</GreekSeq></word><word seq="3">all<GreekSeq>4</GreekSeq></word><word seq="4">stumble<GreekSeq>3</GreekSeq></word><word seq="5">in many [ways].<GreekSeq>1</GreekSeq></word><word seq="6">And</word><word seq="7">if<GreekSeq>5</GreekSeq></word><word seq="8">anyone<GreekSeq>6</GreekSeq></word><word seq="9">does</word><word seq="10">not<GreekSeq>9</GreekSeq></word><word seq="11">stumble<GreekSeq>10</GreekSeq></word><word seq="12">in<GreekSeq>7</GreekSeq></word><word seq="13">what he says,<GreekSeq>8</GreekSeq></word><word seq="14">he<GreekSeq>11</GreekSeq></word><word seq="15">is</word><word seq="16">a perfect<GreekSeq>12</GreekSeq></word><word seq="17">man,<GreekSeq>13</GreekSeq></word><word seq="18">able<GreekSeq>14</GreekSeq></word><word seq="19">also<GreekSeq>16</GreekSeq></word><word seq="20">to bridle<GreekSeq>15</GreekSeq></word><word seq="21">his</word><word seq="22">whole<GreekSeq>17</GreekSeq></word><word seq="23">body.<GreekSeq>19</GreekSeq></word></ESV></verse>
<verse number="3"><ESV><word seq="1">If<GreekSeq>1</GreekSeq></word><word seq="2">we put<GreekSeq>10</GreekSeq></word><word seq="3">bits<GreekSeq>6</GreekSeq></word><word seq="4">into<GreekSeq>7</GreekSeq></word><word seq="5">the<GreekSeq>8</GreekSeq></word><word seq="6">mouths<GreekSeq>9</GreekSeq></word><word seq="7">of horses<GreekSeq>4</GreekSeq></word><word seq="8">so that<GreekSeq>11</GreekSeq><GreekSeq>12</GreekSeq></word><word seq="9">they<GreekSeq>14</GreekSeq></word><word seq="10">obey<GreekSeq>13</GreekSeq></word><word seq="11">us,<GreekSeq>15</GreekSeq></word><word seq="12">we guide<GreekSeq>21</GreekSeq></word><word seq="13">their<GreekSeq>20</GreekSeq></word><word seq="14">whole<GreekSeq>17</GreekSeq></word><word seq="15">bodies<GreekSeq>19</GreekSeq></word><word seq="16">as well.<GreekSeq>16</GreekSeq></word></ESV></verse>
<verse number="4"><ESV><word seq="1">Look at<GreekSeq>1</GreekSeq></word><word seq="2">the<GreekSeq>3</GreekSeq></word><word seq="3">ships<GreekSeq>4</GreekSeq></word><word seq="4">also:<GreekSeq>2</GreekSeq></word><word seq="5">though</word><word seq="6">they are<GreekSeq>6</GreekSeq></word><word seq="7">so large<GreekSeq>5</GreekSeq></word><word seq="8">and<GreekSeq>7</GreekSeq></word><word seq="9">are driven<GreekSeq>11</GreekSeq></word><word seq="10">by<GreekSeq>8</GreekSeq></word><word seq="11">strong<GreekSeq>10</GreekSeq></word><word seq="12">winds,<GreekSeq>9</GreekSeq></word><word seq="13">they are guided<GreekSeq>12</GreekSeq></word><word seq="14">by<GreekSeq>13</GreekSeq></word><word seq="15">a very small<GreekSeq>14</GreekSeq></word><word seq="16">rudder<GreekSeq>15</GreekSeq></word><word seq="17">wherever<GreekSeq>16</GreekSeq></word><word seq="18">the<GreekSeq>17</GreekSeq></word><word seq="19">will<GreekSeq>18</GreekSeq></word><word seq="20">of the<GreekSeq>19</GreekSeq></word><word seq="21">pilot<GreekSeq>20</GreekSeq></word><word seq="22">directs.<GreekSeq>21</GreekSeq></word></ESV></verse>
<verse number="5"><ESV><word seq="1">So<GreekSeq>1</GreekSeq></word><word seq="2">also<GreekSeq>2</GreekSeq></word><word seq="3">the<GreekSeq>3</GreekSeq></word><word seq="4">tongue<GreekSeq>4</GreekSeq></word><word seq="5">is<GreekSeq>7</GreekSeq></word><word seq="6">a small<GreekSeq>5</GreekSeq></word><word seq="7">member,<GreekSeq>6</GreekSeq></word><word seq="8">yet<GreekSeq>8</GreekSeq></word><word seq="9">it boasts of<GreekSeq>10</GreekSeq></word><word seq="10">great [things].<GreekSeq>9</GreekSeq></word><word seq="11">How great<GreekSeq>14</GreekSeq></word><word seq="12">a forest<GreekSeq>15</GreekSeq></word><word seq="13">is set ablaze by<GreekSeq>16</GreekSeq></word><word seq="14">such a small<GreekSeq>12</GreekSeq></word><word seq="15">fire!<GreekSeq>13</GreekSeq></word></ESV></verse>
<verse number="6"><ESV><word seq="1">And<GreekSeq>1</GreekSeq></word><word seq="2">the<GreekSeq>2</GreekSeq></word><word seq="3">tongue<GreekSeq>3</GreekSeq></word><word seq="4">is</word><word seq="5">a fire,<GreekSeq>4</GreekSeq></word><word seq="6">a world<GreekSeq>6</GreekSeq></word><word seq="7">of unrighteousness.<GreekSeq>8</GreekSeq></word><word seq="8">The<GreekSeq>9</GreekSeq></word><word seq="9">tongue<GreekSeq>10</GreekSeq></word><word seq="10">is set<GreekSeq>11</GreekSeq></word><word seq="11">among<GreekSeq>12</GreekSeq></word><word seq="12">our<GreekSeq>15</GreekSeq></word><word seq="13">members,<GreekSeq>14</GreekSeq></word><word seq="14">staining<GreekSeq>17</GreekSeq></word><word seq="15">the</word><word seq="16">whole<GreekSeq>18</GreekSeq></word><word seq="17">body,<GreekSeq>20</GreekSeq></word><word seq="18">setting on fire<GreekSeq>22</GreekSeq></word><word seq="19">the<GreekSeq>23</GreekSeq></word><word seq="20">entire</word><word seq="21">course<GreekSeq>24</GreekSeq></word><word seq="22">of life,<GreekSeq>26</GreekSeq></word><word seq="23">and<GreekSeq>27</GreekSeq></word><word seq="24">set on fire<GreekSeq>28</GreekSeq></word><word seq="25">by<GreekSeq>29</GreekSeq></word><word seq="26">hell.<GreekSeq>31</GreekSeq></word></ESV></verse>
<verse number="7"><ESV><word seq="1">For<GreekSeq>2</GreekSeq></word><word seq="2">every<GreekSeq>1</GreekSeq></word><word seq="3">kind<GreekSeq>3</GreekSeq></word><word seq="4">of beast<GreekSeq>4</GreekSeq></word><word seq="5">and<GreekSeq>6</GreekSeq></word><word seq="6">bird,<GreekSeq>7</GreekSeq></word><word seq="7">of reptile<GreekSeq>8</GreekSeq></word><word seq="8">and<GreekSeq>10</GreekSeq></word><word seq="9">sea creature,<GreekSeq>11</GreekSeq></word><word seq="10">can be tamed<GreekSeq>12</GreekSeq></word><word seq="11">and<GreekSeq>13</GreekSeq></word><word seq="12">has been tamed<GreekSeq>14</GreekSeq></word><word seq="13">by mankind,<GreekSeq>16</GreekSeq><GreekSeq>18</GreekSeq></word></ESV></verse>
<verse number="8"><ESV><word seq="1">but<GreekSeq>2</GreekSeq></word><word seq="2">no<GreekSeq>4</GreekSeq></word><word seq="3">human being<GreekSeq>7</GreekSeq></word><word seq="4">can<GreekSeq>6</GreekSeq></word><word seq="5">tame<GreekSeq>5</GreekSeq></word><word seq="6">the<GreekSeq>1</GreekSeq></word><word seq="7">tongue.<GreekSeq>3</GreekSeq></word><word seq="8">It is</word><word seq="9">a restless<GreekSeq>8</GreekSeq></word><word seq="10">evil,<GreekSeq>9</GreekSeq></word><word seq="11">full<GreekSeq>10</GreekSeq></word><word seq="12">of deadly<GreekSeq>12</GreekSeq></word><word seq="13">poison.<GreekSeq>11</GreekSeq></word></ESV></verse>
<verse number="9"><ESV><word seq="1">With<GreekSeq>1</GreekSeq></word><word seq="2">it<GreekSeq>2</GreekSeq></word><word seq="3">we bless<GreekSeq>3</GreekSeq></word><word seq="4">our</word><word seq="5">Lord<GreekSeq>5</GreekSeq></word><word seq="6">and<GreekSeq>6</GreekSeq></word><word seq="7">Father,<GreekSeq>7</GreekSeq></word><word seq="8">and<GreekSeq>8</GreekSeq></word><word seq="9">with<GreekSeq>9</GreekSeq></word><word seq="10">it<GreekSeq>10</GreekSeq></word><word seq="11">we curse<GreekSeq>11</GreekSeq></word><word seq="12">people<GreekSeq>13</GreekSeq></word><word seq="13">who are made<GreekSeq>18</GreekSeq></word><word seq="14">in<GreekSeq>15</GreekSeq></word><word seq="15">the likeness<GreekSeq>16</GreekSeq></word><word seq="16">of God.<GreekSeq>17</GreekSeq></word></ESV></verse>
<verse number="10"><ESV><word seq="1">From<GreekSeq>1</GreekSeq></word><word seq="2">the<GreekSeq>2</GreekSeq></word><word seq="3">same<GreekSeq>3</GreekSeq></word><word seq="4">mouth<GreekSeq>4</GreekSeq></word><word seq="5">come<GreekSeq>5</GreekSeq></word><word seq="6">blessing<GreekSeq>6</GreekSeq></word><word seq="7">and<GreekSeq>7</GreekSeq></word><word seq="8">cursing.<GreekSeq>8</GreekSeq></word><word seq="9">My<GreekSeq>12</GreekSeq></word><word seq="10">brothers,<GreekSeq>11</GreekSeq></word><word seq="11">these things<GreekSeq>13</GreekSeq></word><word seq="12">ought<GreekSeq>10</GreekSeq></word><word seq="13">not<GreekSeq>9</GreekSeq></word><word seq="14">to be<GreekSeq>15</GreekSeq></word><word seq="15">so.<GreekSeq>14</GreekSeq></word></ESV></verse>
<verse number="11"><ESV><word seq="1">[Does]<GreekSeq>1</GreekSeq></word><word seq="2">a spring<GreekSeq>3</GreekSeq></word><word seq="3">pour forth<GreekSeq>8</GreekSeq></word><word seq="4">from<GreekSeq>4</GreekSeq></word><word seq="5">the<GreekSeq>5</GreekSeq></word><word seq="6">same<GreekSeq>6</GreekSeq></word><word seq="7">opening<GreekSeq>7</GreekSeq></word><word seq="8">both</word><word seq="9">fresh<GreekSeq>10</GreekSeq></word><word seq="10">and<GreekSeq>11</GreekSeq></word><word seq="11">salt<GreekSeq>13</GreekSeq></word><word seq="12">water?</word></ESV></verse>
<verse number="12"><ESV><word seq="1">Can<GreekSeq>2</GreekSeq></word><word seq="2">a fig tree,<GreekSeq>5</GreekSeq></word><word seq="3">my<GreekSeq>4</GreekSeq></word><word seq="4">brothers,<GreekSeq>3</GreekSeq></word><word seq="5">bear<GreekSeq>7</GreekSeq></word><word seq="6">olives,<GreekSeq>6</GreekSeq></word><word seq="7">or<GreekSeq>8</GreekSeq></word><word seq="8">a grapevine<GreekSeq>9</GreekSeq></word><word seq="9">produce</word><word seq="10">figs?<GreekSeq>10</GreekSeq></word><word seq="11">Neither<GreekSeq>11</GreekSeq></word><word seq="12">can</word><word seq="13">a salt [pond]<GreekSeq>12</GreekSeq></word><word seq="14">yield<GreekSeq>14</GreekSeq></word><word seq="15">fresh<GreekSeq>13</GreekSeq></word><word seq="16">water.<GreekSeq>15</GreekSeq></word></ESV></verse>
<verse number="13"><ESV><word seq="1">Who<GreekSeq>1</GreekSeq></word><word seq="2">is</word><word seq="3">wise<GreekSeq>2</GreekSeq></word><word seq="4">and<GreekSeq>3</GreekSeq></word><word seq="5">understanding<GreekSeq>4</GreekSeq></word><word seq="6">among<GreekSeq>5</GreekSeq></word><word seq="7">you?<GreekSeq>6</GreekSeq></word><word seq="8">By<GreekSeq>8</GreekSeq></word><word seq="9">his</word><word seq="10">good<GreekSeq>10</GreekSeq></word><word seq="11">conduct<GreekSeq>11</GreekSeq></word><word seq="12">let him show<GreekSeq>7</GreekSeq></word><word seq="13">his<GreekSeq>14</GreekSeq></word><word seq="14">works<GreekSeq>13</GreekSeq></word><word seq="15">in<GreekSeq>15</GreekSeq></word><word seq="16">the meekness<GreekSeq>16</GreekSeq></word><word seq="17">of wisdom.<GreekSeq>17</GreekSeq></word></ESV></verse>
<verse number="14"><ESV><word seq="1">But<GreekSeq>2</GreekSeq></word><word seq="2">if<GreekSeq>1</GreekSeq></word><word seq="3">you have<GreekSeq>5</GreekSeq></word><word seq="4">bitter<GreekSeq>4</GreekSeq></word><word seq="5">jealousy<GreekSeq>3</GreekSeq></word><word seq="6">and<GreekSeq>6</GreekSeq></word><word seq="7">selfish ambition<GreekSeq>7</GreekSeq></word><word seq="8">in<GreekSeq>8</GreekSeq></word><word seq="9">your<GreekSeq>11</GreekSeq></word><word seq="10">hearts,<GreekSeq>10</GreekSeq></word><word seq="11">do</word><word seq="12">not<GreekSeq>12</GreekSeq></word><word seq="13">boast<GreekSeq>13</GreekSeq></word><word seq="14">and<GreekSeq>14</GreekSeq></word><word seq="15">be false<GreekSeq>15</GreekSeq></word><word seq="16">to<GreekSeq>16</GreekSeq></word><word seq="17">the<GreekSeq>17</GreekSeq></word><word seq="18">truth.<GreekSeq>18</GreekSeq></word></ESV></verse>
<verse number="15"><ESV><word seq="1">This<GreekSeq>3</GreekSeq></word><word seq="2">is<GreekSeq>2</GreekSeq></word><word seq="3">not<GreekSeq>1</GreekSeq></word><word seq="4">the<GreekSeq>4</GreekSeq></word><word seq="5">wisdom<GreekSeq>5</GreekSeq></word><word seq="6">that comes down<GreekSeq>7</GreekSeq></word><word seq="7">from above,<GreekSeq>6</GreekSeq></word><word seq="8">but<GreekSeq>8</GreekSeq></word><word seq="9">is</word><word seq="10">earthly,<GreekSeq>9</GreekSeq></word><word seq="11">unspiritual,<GreekSeq>10</GreekSeq></word><word seq="12">demonic.<GreekSeq>11</GreekSeq></word></ESV></verse>
<verse number="16"><ESV><word seq="1">For<GreekSeq>2</GreekSeq></word><word seq="2">where<GreekSeq>1</GreekSeq></word><word seq="3">jealousy<GreekSeq>3</GreekSeq></word><word seq="4">and<GreekSeq>4</GreekSeq></word><word seq="5">selfish ambition<GreekSeq>5</GreekSeq></word><word seq="6">exist,</word><word seq="7">there<GreekSeq>6</GreekSeq></word><word seq="8">will be</word><word seq="9">disorder<GreekSeq>7</GreekSeq></word><word seq="10">and<GreekSeq>8</GreekSeq></word><word seq="11">every<GreekSeq>9</GreekSeq></word><word seq="12">vile<GreekSeq>10</GreekSeq></word><word seq="13">practice.<GreekSeq>11</GreekSeq></word></ESV></verse>
<verse number="17"><ESV><word seq="1">But<GreekSeq>2</GreekSeq></word><word seq="2">the<GreekSeq>1</GreekSeq></word><word seq="3">wisdom<GreekSeq>4</GreekSeq></word><word seq="4">from above<GreekSeq>3</GreekSeq></word><word seq="5">is<GreekSeq>8</GreekSeq></word><word seq="6">first<GreekSeq>5</GreekSeq></word><word seq="7">pure,<GreekSeq>7</GreekSeq></word><word seq="8">then<GreekSeq>9</GreekSeq></word><word seq="9">peaceable,<GreekSeq>10</GreekSeq></word><word seq="10">gentle,<GreekSeq>11</GreekSeq></word><word seq="11">open to reason,<GreekSeq>12</GreekSeq></word><word seq="12">full<GreekSeq>13</GreekSeq></word><word seq="13">of mercy<GreekSeq>14</GreekSeq></word><word seq="14">and<GreekSeq>15</GreekSeq></word><word seq="15">good<GreekSeq>17</GreekSeq></word><word seq="16">fruits,<GreekSeq>16</GreekSeq></word><word seq="17">impartial<GreekSeq>18</GreekSeq></word><word seq="18" note="Base of different Greek: καὶ(2532)">and</word><word seq="19">sincere.<GreekSeq>19</GreekSeq></word></ESV></verse>
<verse number="18"><ESV><word seq="1">And<GreekSeq>2</GreekSeq></word><word seq="2">a harvest<GreekSeq>1</GreekSeq></word><word seq="3">of righteousness<GreekSeq>3</GreekSeq></word><word seq="4">is sown<GreekSeq>6</GreekSeq></word><word seq="5">in<GreekSeq>4</GreekSeq></word><word seq="6">peace<GreekSeq>5</GreekSeq></word><word seq="7">by those<GreekSeq>7</GreekSeq></word><word seq="8">who make<GreekSeq>8</GreekSeq></word><word seq="9">peace.<GreekSeq>9</GreekSeq></word></ESV></verse></chapter></book>