<?xml version="1.0" encoding="UTF-8" standalone="no"?><book><chapter number="2">'<verse number="1"><ESV><word seq="1">My<GreekSeq>2</GreekSeq></word><word seq="2">brothers,<GreekSeq>1</GreekSeq></word><word seq="3">[show]<GreekSeq>4</GreekSeq></word><word seq="4">no<GreekSeq>3</GreekSeq></word><word seq="5">partiality<GreekSeq>5</GreekSeq></word><word seq="6">as</word><word seq="7">you hold<GreekSeq>6</GreekSeq></word><word seq="8">the<GreekSeq>7</GreekSeq></word><word seq="9">faith<GreekSeq>8</GreekSeq></word><word seq="10">[in]<GreekSeq>10</GreekSeq></word><word seq="11">our<GreekSeq>11</GreekSeq></word><word seq="12">Lord<GreekSeq>10</GreekSeq></word><word seq="13">Jesus<GreekSeq>12</GreekSeq></word><word seq="14">Christ,<GreekSeq>13</GreekSeq></word><word seq="15">the Lord</word><word seq="16">of glory.<GreekSeq>15</GreekSeq></word></ESV></verse>
<verse number="2"><ESV><word seq="1">For<GreekSeq>2</GreekSeq></word><word seq="2">if<GreekSeq>1</GreekSeq></word><word seq="3">a man<GreekSeq>7</GreekSeq></word><word seq="4">wearing a gold ring<GreekSeq>8</GreekSeq></word><word seq="5">and</word><word seq="6">fine<GreekSeq>11</GreekSeq></word><word seq="7">clothing<GreekSeq>10</GreekSeq></word><word seq="8">comes<GreekSeq>3</GreekSeq></word><word seq="9">into<GreekSeq>4</GreekSeq></word><word seq="10">your<GreekSeq>6</GreekSeq></word><word seq="11">assembly,<GreekSeq>5</GreekSeq></word><word seq="12">and<GreekSeq>13</GreekSeq></word><word seq="13">a poor [man]<GreekSeq>15</GreekSeq></word><word seq="14">in<GreekSeq>16</GreekSeq></word><word seq="15">shabby<GreekSeq>17</GreekSeq></word><word seq="16">clothing<GreekSeq>18</GreekSeq></word><word seq="17">also<GreekSeq>14</GreekSeq></word><word seq="18">comes in,<GreekSeq>12</GreekSeq></word></ESV></verse>
<verse number="3"><ESV><word seq="1">and<GreekSeq>2</GreekSeq></word><word seq="2">if</word><word seq="3">you pay attention<GreekSeq>1</GreekSeq></word><word seq="4">to<GreekSeq>3</GreekSeq></word><word seq="5">the one<GreekSeq>4</GreekSeq></word><word seq="6">who wears<GreekSeq>5</GreekSeq></word><word seq="7">the<GreekSeq>8</GreekSeq></word><word seq="8">fine<GreekSeq>9</GreekSeq></word><word seq="9">clothing<GreekSeq>7</GreekSeq></word><word seq="10">and<GreekSeq>10</GreekSeq></word><word seq="11">say,<GreekSeq>11</GreekSeq></word><word seq="12">You<GreekSeq>12</GreekSeq></word><word seq="13">sit<GreekSeq>13</GreekSeq></word><word seq="14">here<GreekSeq>14</GreekSeq></word><word seq="15">in a good place,<GreekSeq>15</GreekSeq></word><word seq="16">while<GreekSeq>16</GreekSeq></word><word seq="17">you say<GreekSeq>19</GreekSeq></word><word seq="18">to the<GreekSeq>17</GreekSeq></word><word seq="19">poor [man],<GreekSeq>18</GreekSeq></word><word seq="20">You<GreekSeq>20</GreekSeq></word><word seq="21">stand<GreekSeq>21</GreekSeq></word><word seq="22">over there,<GreekSeq>22</GreekSeq></word><word seq="23">or,<GreekSeq>23</GreekSeq></word><word seq="24">Sit down<GreekSeq>24</GreekSeq></word><word seq="25">at<GreekSeq>25</GreekSeq></word><word seq="26">my<GreekSeq>28</GreekSeq></word><word seq="27">feet,<GreekSeq>27</GreekSeq></word></ESV></verse>
<verse number="4"><ESV><word seq="1">have you<GreekSeq>2</GreekSeq></word><word seq="2">not<GreekSeq>1</GreekSeq></word><word seq="3">then</word><word seq="4">made distinctions<GreekSeq>2</GreekSeq></word><word seq="5">among<GreekSeq>3</GreekSeq></word><word seq="6">yourselves<GreekSeq>4</GreekSeq></word><word seq="7">and<GreekSeq>5</GreekSeq></word><word seq="8">become<GreekSeq>6</GreekSeq></word><word seq="9">judges<GreekSeq>7</GreekSeq></word><word seq="10">[with] evil<GreekSeq>9</GreekSeq></word><word seq="11">thoughts?<GreekSeq>8</GreekSeq></word></ESV></verse>
<verse number="5"><ESV><word seq="1">Listen,<GreekSeq>1</GreekSeq></word><word seq="2">my<GreekSeq>3</GreekSeq></word><word seq="3">beloved<GreekSeq>4</GreekSeq></word><word seq="4">brothers,<GreekSeq>2</GreekSeq></word><word seq="5">has<GreekSeq>8</GreekSeq></word><word seq="6">not<GreekSeq>5</GreekSeq></word><word seq="7">God<GreekSeq>7</GreekSeq></word><word seq="8">chosen<GreekSeq>8</GreekSeq></word><word seq="9">those<GreekSeq>9</GreekSeq></word><word seq="10">who are</word><word seq="11">poor<GreekSeq>10</GreekSeq></word><word seq="12">in the<GreekSeq>11</GreekSeq></word><word seq="13">world<GreekSeq>12</GreekSeq></word><word seq="14">to be</word><word seq="15">rich<GreekSeq>13</GreekSeq></word><word seq="16">in<GreekSeq>14</GreekSeq></word><word seq="17">faith<GreekSeq>15</GreekSeq></word><word seq="18">and<GreekSeq>16</GreekSeq></word><word seq="19">heirs<GreekSeq>17</GreekSeq></word><word seq="20">of the<GreekSeq>18</GreekSeq></word><word seq="21">kingdom,<GreekSeq>19</GreekSeq></word><word seq="22">which<GreekSeq>20</GreekSeq></word><word seq="23">he has promised<GreekSeq>21</GreekSeq></word><word seq="24">to those<GreekSeq>22</GreekSeq></word><word seq="25">who love<GreekSeq>23</GreekSeq></word><word seq="26">him?<GreekSeq>24</GreekSeq></word></ESV></verse>
<verse number="6"><ESV><word seq="1">But<GreekSeq>2</GreekSeq></word><word seq="2">you<GreekSeq>1</GreekSeq></word><word seq="3">have dishonored<GreekSeq>3</GreekSeq></word><word seq="4">the<GreekSeq>4</GreekSeq></word><word seq="5">poor [man].<GreekSeq>5</GreekSeq></word><word seq="6">Are</word><word seq="7">not<GreekSeq>6</GreekSeq></word><word seq="8">the<GreekSeq>7</GreekSeq></word><word seq="9">rich<GreekSeq>8</GreekSeq></word><word seq="10">the ones who</word><word seq="11">oppress<GreekSeq>9</GreekSeq></word><word seq="12">you,<GreekSeq>10</GreekSeq></word><word seq="13">and<GreekSeq>11</GreekSeq></word><word seq="14">the ones<GreekSeq>12</GreekSeq></word><word seq="15">who</word><word seq="16">drag<GreekSeq>13</GreekSeq></word><word seq="17">you<GreekSeq>14</GreekSeq></word><word seq="18">into<GreekSeq>15</GreekSeq></word><word seq="19">court?<GreekSeq>16</GreekSeq></word></ESV></verse>
<verse number="7"><ESV><word seq="1">Are</word><word seq="2">they<GreekSeq>2</GreekSeq></word><word seq="3">not<GreekSeq>1</GreekSeq></word><word seq="4">the ones who<GreekSeq>2</GreekSeq></word><word seq="5">blaspheme<GreekSeq>3</GreekSeq></word><word seq="6">the<GreekSeq>4</GreekSeq></word><word seq="7">honorable<GreekSeq>5</GreekSeq></word><word seq="8">name<GreekSeq>6</GreekSeq></word><word seq="9">by<GreekSeq>9</GreekSeq></word><word seq="10">which<GreekSeq>8</GreekSeq></word><word seq="11">you<GreekSeq>10</GreekSeq></word><word seq="12">were called?<GreekSeq>8</GreekSeq></word></ESV></verse>
<verse number="8"><ESV><word seq="1">If<GreekSeq>1</GreekSeq></word><word seq="2">you<GreekSeq>4</GreekSeq></word><word seq="3">really<GreekSeq>2</GreekSeq></word><word seq="4">fulfill<GreekSeq>4</GreekSeq></word><word seq="5">the</word><word seq="6">royal<GreekSeq>5</GreekSeq></word><word seq="7">law<GreekSeq>3</GreekSeq></word><word seq="8">according<GreekSeq>6</GreekSeq></word><word seq="9">to the<GreekSeq>7</GreekSeq></word><word seq="10">Scripture,<GreekSeq>8</GreekSeq></word><word seq="11">You shall love<GreekSeq>9</GreekSeq></word><word seq="12">your<GreekSeq>12</GreekSeq></word><word seq="13">neighbor<GreekSeq>11</GreekSeq></word><word seq="14">as<GreekSeq>13</GreekSeq></word><word seq="15">yourself,<GreekSeq>14</GreekSeq></word><word seq="16">you are doing<GreekSeq>16</GreekSeq></word><word seq="17">well.<GreekSeq>15</GreekSeq></word></ESV></verse>
<verse number="9"><ESV><word seq="1">But<GreekSeq>2</GreekSeq></word><word seq="2">if<GreekSeq>1</GreekSeq></word><word seq="3">you show partiality,<GreekSeq>3</GreekSeq></word><word seq="4">you are committing<GreekSeq>5</GreekSeq></word><word seq="5">sin<GreekSeq>4</GreekSeq></word><word seq="6">and</word><word seq="7">are convicted<GreekSeq>6</GreekSeq></word><word seq="8">by<GreekSeq>7</GreekSeq></word><word seq="9">the<GreekSeq>8</GreekSeq></word><word seq="10">law<GreekSeq>9</GreekSeq></word><word seq="11">as<GreekSeq>10</GreekSeq></word><word seq="12">transgressors.<GreekSeq>11</GreekSeq></word></ESV></verse>
<verse number="10"><ESV><word seq="1">For<GreekSeq>2</GreekSeq></word><word seq="2">whoever<GreekSeq>1</GreekSeq></word><word seq="3">keeps<GreekSeq>6</GreekSeq></word><word seq="4">the<GreekSeq>4</GreekSeq></word><word seq="5">whole<GreekSeq>3</GreekSeq></word><word seq="6">law<GreekSeq>5</GreekSeq></word><word seq="7">but<GreekSeq>8</GreekSeq></word><word seq="8">fails<GreekSeq>7</GreekSeq></word><word seq="9">in<GreekSeq>9</GreekSeq></word><word seq="10">one [point]<GreekSeq>10</GreekSeq></word><word seq="11">has become<GreekSeq>11</GreekSeq></word><word seq="12">accountable<GreekSeq>13</GreekSeq></word><word seq="13">for</word><word seq="14">all of [it].<GreekSeq>12</GreekSeq></word></ESV></verse>
<verse number="11"><ESV><word seq="1">For<GreekSeq>2</GreekSeq></word><word seq="2">he<GreekSeq>1</GreekSeq></word><word seq="3">who said,<GreekSeq>3</GreekSeq></word><word seq="4">Do</word><word seq="5">not<GreekSeq>4</GreekSeq></word><word seq="6">commit adultery,<GreekSeq>5</GreekSeq></word><word seq="7">also<GreekSeq>7</GreekSeq></word><word seq="8">said,<GreekSeq>6</GreekSeq></word><word seq="9">Do</word><word seq="10">not<GreekSeq>8</GreekSeq></word><word seq="11">murder.<GreekSeq>9</GreekSeq></word><word seq="12">If<GreekSeq>10</GreekSeq></word><word seq="13">you do<GreekSeq>13</GreekSeq></word><word seq="14">not<GreekSeq>12</GreekSeq></word><word seq="15">commit adultery<GreekSeq>13</GreekSeq></word><word seq="16">but<GreekSeq>15</GreekSeq></word><word seq="17">do</word><word seq="18">murder,<GreekSeq>14</GreekSeq></word><word seq="19">you have become<GreekSeq>16</GreekSeq></word><word seq="20">a transgressor<GreekSeq>17</GreekSeq></word><word seq="21">of the law.<GreekSeq>18</GreekSeq></word></ESV></verse>
<verse number="12"><ESV><word seq="1">So<GreekSeq>1</GreekSeq></word><word seq="2">speak<GreekSeq>2</GreekSeq></word><word seq="3">and<GreekSeq>3</GreekSeq></word><word seq="4">so<GreekSeq>4</GreekSeq></word><word seq="5">act<GreekSeq>5</GreekSeq></word><word seq="6">as<GreekSeq>6</GreekSeq></word><word seq="7">those</word><word seq="8">who are<GreekSeq>10</GreekSeq></word><word seq="9">to be judged<GreekSeq>11</GreekSeq></word><word seq="10">under<GreekSeq>7</GreekSeq></word><word seq="11">the law<GreekSeq>8</GreekSeq></word><word seq="12">of liberty.<GreekSeq>9</GreekSeq></word></ESV></verse>
<verse number="13"><ESV><word seq="1">For<GreekSeq>2</GreekSeq></word><word seq="2">judgment<GreekSeq>3</GreekSeq></word><word seq="3">is</word><word seq="4">without mercy<GreekSeq>4</GreekSeq></word><word seq="5">to one<GreekSeq>5</GreekSeq></word><word seq="6">who has shown<GreekSeq>7</GreekSeq></word><word seq="7">no<GreekSeq>6</GreekSeq></word><word seq="8">mercy.<GreekSeq>8</GreekSeq></word><word seq="9">Mercy<GreekSeq>10</GreekSeq></word><word seq="10">triumphs over<GreekSeq>9</GreekSeq></word><word seq="11">judgment.<GreekSeq>11</GreekSeq></word></ESV></verse>
<verse number="14"><ESV><word seq="1">What<GreekSeq>1</GreekSeq></word><word seq="2">good<GreekSeq>3</GreekSeq></word><word seq="3">is it,</word><word seq="4">my<GreekSeq>5</GreekSeq></word><word seq="5">brothers,<GreekSeq>4</GreekSeq></word><word seq="6">if<GreekSeq>6</GreekSeq></word><word seq="7">someone says<GreekSeq>8</GreekSeq></word><word seq="8">he<GreekSeq>9</GreekSeq></word><word seq="9">has<GreekSeq>10</GreekSeq></word><word seq="10">faith<GreekSeq>7</GreekSeq></word><word seq="11">but<GreekSeq>12</GreekSeq></word><word seq="12">does</word><word seq="13">not<GreekSeq>13</GreekSeq></word><word seq="14">have<GreekSeq>14</GreekSeq></word><word seq="15">works?<GreekSeq>11</GreekSeq></word><word seq="16">Can<GreekSeq>16</GreekSeq></word><word seq="17">that<GreekSeq>17</GreekSeq></word><word seq="18">faith<GreekSeq>18</GreekSeq></word><word seq="19">save<GreekSeq>19</GreekSeq></word><word seq="20">him?<GreekSeq>20</GreekSeq></word></ESV></verse>
<verse number="15"><ESV><word seq="1">If<GreekSeq>1</GreekSeq></word><word seq="2">a brother<GreekSeq>2</GreekSeq></word><word seq="3">or<GreekSeq>3</GreekSeq></word><word seq="4">sister<GreekSeq>4</GreekSeq></word><word seq="5">is<GreekSeq>6</GreekSeq></word><word seq="6">poorly clothed<GreekSeq>5</GreekSeq></word><word seq="7">and<GreekSeq>7</GreekSeq></word><word seq="8">lacking in<GreekSeq>8</GreekSeq></word><word seq="9">daily<GreekSeq>10</GreekSeq></word><word seq="10">food,<GreekSeq>11</GreekSeq></word></ESV></verse>
<verse number="16"><ESV><word seq="1">and<GreekSeq>2</GreekSeq></word><word seq="2">one<GreekSeq>3</GreekSeq></word><word seq="3">of<GreekSeq>5</GreekSeq></word><word seq="4">you<GreekSeq>6</GreekSeq></word><word seq="5">says<GreekSeq>1</GreekSeq></word><word seq="6">to them,<GreekSeq>4</GreekSeq></word><word seq="7">Go<GreekSeq>7</GreekSeq></word><word seq="8">in<GreekSeq>8</GreekSeq></word><word seq="9">peace,<GreekSeq>9</GreekSeq></word><word seq="10">be warmed<GreekSeq>10</GreekSeq></word><word seq="11">and<GreekSeq>11</GreekSeq></word><word seq="12">filled,<GreekSeq>12</GreekSeq></word><word seq="13">without<GreekSeq>13</GreekSeq></word><word seq="14">giving<GreekSeq>14</GreekSeq></word><word seq="15">them<GreekSeq>16</GreekSeq></word><word seq="16">the things<GreekSeq>17</GreekSeq></word><word seq="17">needed<GreekSeq>18</GreekSeq></word><word seq="18">for the<GreekSeq>19</GreekSeq></word><word seq="19">body,<GreekSeq>20</GreekSeq></word><word seq="20">what<GreekSeq>21</GreekSeq></word><word seq="21">good<GreekSeq>23</GreekSeq></word><word seq="22">is that?</word></ESV></verse>
<verse number="17"><ESV><word seq="1">So<GreekSeq>1</GreekSeq></word><word seq="2">also<GreekSeq>2</GreekSeq></word><word seq="3">faith<GreekSeq>4</GreekSeq></word><word seq="4">by<GreekSeq>11</GreekSeq></word><word seq="5">itself,<GreekSeq>12</GreekSeq></word><word seq="6">if<GreekSeq>5</GreekSeq></word><word seq="7">it does<GreekSeq>7</GreekSeq></word><word seq="8">not<GreekSeq>6</GreekSeq></word><word seq="9">have<GreekSeq>7</GreekSeq></word><word seq="10">works,<GreekSeq>8</GreekSeq></word><word seq="11">is<GreekSeq>10</GreekSeq></word><word seq="12">dead.<GreekSeq>9</GreekSeq></word></ESV></verse>
<verse number="18"><ESV><word seq="1">But<GreekSeq>1</GreekSeq></word><word seq="2">someone<GreekSeq>3</GreekSeq></word><word seq="3">will say,<GreekSeq>2</GreekSeq></word><word seq="4">You<GreekSeq>4</GreekSeq></word><word seq="5">have<GreekSeq>6</GreekSeq></word><word seq="6">faith<GreekSeq>5</GreekSeq></word><word seq="7">and I<GreekSeq>7</GreekSeq></word><word seq="8">have<GreekSeq>9</GreekSeq></word><word seq="9">works.<GreekSeq>8</GreekSeq></word><word seq="10">Show<GreekSeq>10</GreekSeq></word><word seq="11">me<GreekSeq>11</GreekSeq></word><word seq="12">your<GreekSeq>14</GreekSeq></word><word seq="13">faith<GreekSeq>13</GreekSeq></word><word seq="14">apart from<GreekSeq>15</GreekSeq></word><word seq="15" note="Base of different Greek: σου(4675)">your</word><word seq="16">works,<GreekSeq>17</GreekSeq></word><word seq="17">and I<GreekSeq>18</GreekSeq></word><word seq="18">will show<GreekSeq>20</GreekSeq></word><word seq="19">you<GreekSeq>19</GreekSeq></word><word seq="20" note="Base of different Greek: μου(3450)">my</word><word seq="21">faith<GreekSeq>26</GreekSeq></word><word seq="22">by<GreekSeq>21</GreekSeq></word><word seq="23">my<GreekSeq>24</GreekSeq></word><word seq="24">works.<GreekSeq>23</GreekSeq></word></ESV></verse>
<verse number="19"><ESV><word seq="1">You<GreekSeq>1</GreekSeq></word><word seq="2">believe<GreekSeq>2</GreekSeq></word><word seq="3">that<GreekSeq>3</GreekSeq></word><word seq="4">God<GreekSeq>7</GreekSeq></word><word seq="5">is<GreekSeq>5</GreekSeq></word><word seq="6">one;<GreekSeq>4</GreekSeq></word><word seq="7">you do<GreekSeq>9</GreekSeq></word><word seq="8">well.<GreekSeq>8</GreekSeq></word><word seq="9">Even<GreekSeq>10</GreekSeq></word><word seq="10">the<GreekSeq>11</GreekSeq></word><word seq="11">demons<GreekSeq>12</GreekSeq></word><word seq="12">believe<GreekSeq>13</GreekSeq></word><word seq="13">— and<GreekSeq>14</GreekSeq></word><word seq="14">shudder!<GreekSeq>15</GreekSeq></word></ESV></verse>
<verse number="20"><ESV><word seq="1">Do</word><word seq="2">you want<GreekSeq>1</GreekSeq></word><word seq="3">to be shown,<GreekSeq>3</GreekSeq></word><word seq="4">you</word><word seq="5">foolish<GreekSeq>6</GreekSeq></word><word seq="6">person,<GreekSeq>5</GreekSeq></word><word seq="7">that<GreekSeq>7</GreekSeq></word><word seq="8">faith<GreekSeq>9</GreekSeq></word><word seq="9">apart from<GreekSeq>10</GreekSeq></word><word seq="10">works<GreekSeq>12</GreekSeq></word><word seq="11">is<GreekSeq>14</GreekSeq></word><word seq="12">useless?<GreekSeq>13</GreekSeq></word></ESV></verse>
<verse number="21"><ESV><word seq="1">Was<GreekSeq>8</GreekSeq></word><word seq="2">not<GreekSeq>5</GreekSeq></word><word seq="3">Abraham<GreekSeq>1</GreekSeq></word><word seq="4">our<GreekSeq>4</GreekSeq></word><word seq="5">father<GreekSeq>3</GreekSeq></word><word seq="6">justified<GreekSeq>8</GreekSeq></word><word seq="7">by<GreekSeq>6</GreekSeq></word><word seq="8">works<GreekSeq>7</GreekSeq></word><word seq="9">when he offered up<GreekSeq>9</GreekSeq></word><word seq="10">his<GreekSeq>13</GreekSeq></word><word seq="11">son<GreekSeq>12</GreekSeq></word><word seq="12">Isaac<GreekSeq>10</GreekSeq></word><word seq="13">on<GreekSeq>14</GreekSeq></word><word seq="14">the<GreekSeq>15</GreekSeq></word><word seq="15">altar?<GreekSeq>16</GreekSeq></word></ESV></verse>
<verse number="22"><ESV><word seq="1">You see<GreekSeq>1</GreekSeq></word><word seq="2">that<GreekSeq>2</GreekSeq></word><word seq="3">faith<GreekSeq>4</GreekSeq></word><word seq="4">was active along with<GreekSeq>5</GreekSeq></word><word seq="5">his<GreekSeq>8</GreekSeq></word><word seq="6">works,<GreekSeq>7</GreekSeq></word><word seq="7">and<GreekSeq>9</GreekSeq></word><word seq="8">faith<GreekSeq>14</GreekSeq></word><word seq="9">was completed<GreekSeq>15</GreekSeq></word><word seq="10">by<GreekSeq>10</GreekSeq></word><word seq="11">his</word><word seq="12">works;<GreekSeq>12</GreekSeq></word></ESV></verse>
<verse number="23"><ESV><word seq="1">and<GreekSeq>1</GreekSeq></word><word seq="2">the<GreekSeq>3</GreekSeq></word><word seq="3">Scripture<GreekSeq>4</GreekSeq></word><word seq="4">was fulfilled<GreekSeq>2</GreekSeq></word><word seq="5">that says,<GreekSeq>6</GreekSeq></word><word seq="6">Abraham<GreekSeq>9</GreekSeq></word><word seq="7">believed<GreekSeq>7</GreekSeq></word><word seq="8">God,<GreekSeq>11</GreekSeq></word><word seq="9">and<GreekSeq>12</GreekSeq></word><word seq="10">it was counted<GreekSeq>13</GreekSeq></word><word seq="11">to him<GreekSeq>14</GreekSeq></word><word seq="12">as<GreekSeq>15</GreekSeq></word><word seq="13">righteousness<GreekSeq>16</GreekSeq></word><word seq="14">— and<GreekSeq>17</GreekSeq></word><word seq="15">he was called<GreekSeq>20</GreekSeq></word><word seq="16">a friend<GreekSeq>18</GreekSeq></word><word seq="17">of God.<GreekSeq>19</GreekSeq></word></ESV></verse>
<verse number="24"><ESV><word seq="1">You see<GreekSeq>1</GreekSeq></word><word seq="2">that<GreekSeq>2</GreekSeq></word><word seq="3">a person<GreekSeq>6</GreekSeq></word><word seq="4">is justified<GreekSeq>5</GreekSeq></word><word seq="5">by<GreekSeq>3</GreekSeq></word><word seq="6">works<GreekSeq>4</GreekSeq></word><word seq="7">and<GreekSeq>7</GreekSeq></word><word seq="8">not<GreekSeq>8</GreekSeq></word><word seq="9">by<GreekSeq>9</GreekSeq></word><word seq="10">faith<GreekSeq>10</GreekSeq></word><word seq="11">alone.<GreekSeq>11</GreekSeq></word></ESV></verse>
<verse number="25"><ESV><word seq="1">And<GreekSeq>2</GreekSeq></word><word seq="2">in the same way<GreekSeq>1</GreekSeq></word><word seq="3">was<GreekSeq>10</GreekSeq></word><word seq="4">not<GreekSeq>7</GreekSeq></word><word seq="5">also<GreekSeq>3</GreekSeq></word><word seq="6">Rahab<GreekSeq>4</GreekSeq></word><word seq="7">the<GreekSeq>5</GreekSeq></word><word seq="8">prostitute<GreekSeq>6</GreekSeq></word><word seq="9">justified<GreekSeq>10</GreekSeq></word><word seq="10">by<GreekSeq>8</GreekSeq></word><word seq="11">works<GreekSeq>9</GreekSeq></word><word seq="12">when she received<GreekSeq>11</GreekSeq></word><word seq="13">the<GreekSeq>12</GreekSeq></word><word seq="14">messengers<GreekSeq>13</GreekSeq></word><word seq="15">and<GreekSeq>14</GreekSeq></word><word seq="16">sent them out<GreekSeq>17</GreekSeq></word><word seq="17">by another<GreekSeq>15</GreekSeq></word><word seq="18">way?<GreekSeq>16</GreekSeq></word></ESV></verse>
<verse number="26"><ESV><word seq="1">For<GreekSeq>2</GreekSeq></word><word seq="2">as<GreekSeq>1</GreekSeq></word><word seq="3">the<GreekSeq>3</GreekSeq></word><word seq="4">body<GreekSeq>4</GreekSeq></word><word seq="5">apart from<GreekSeq>5</GreekSeq></word><word seq="6">the spirit<GreekSeq>6</GreekSeq></word><word seq="7">is<GreekSeq>8</GreekSeq></word><word seq="8">dead,<GreekSeq>7</GreekSeq></word><word seq="9">so<GreekSeq>9</GreekSeq></word><word seq="10">also<GreekSeq>10</GreekSeq></word><word seq="11">faith<GreekSeq>12</GreekSeq></word><word seq="12">apart from<GreekSeq>13</GreekSeq></word><word seq="13">works<GreekSeq>14</GreekSeq></word><word seq="14">is<GreekSeq>16</GreekSeq></word><word seq="15">dead.<GreekSeq>15</GreekSeq></word></ESV></verse></chapter></book>