<?xml version="1.0" encoding="UTF-8" standalone="no"?><book><chapter number="5">'<verse number="1"><ESV><word seq="1">Come<GreekSeq>1</GreekSeq></word><word seq="2">now,<GreekSeq>2</GreekSeq></word><word seq="3">you rich,<GreekSeq>3</GreekSeq><GreekSeq>4</GreekSeq></word><word seq="4">weep<GreekSeq>5</GreekSeq></word><word seq="5">and</word><word seq="6">howl<GreekSeq>6</GreekSeq></word><word seq="7">for<GreekSeq>7</GreekSeq></word><word seq="8">the<GreekSeq>8</GreekSeq></word><word seq="9">miseries<GreekSeq>9</GreekSeq></word><word seq="10">that are coming upon<GreekSeq>12</GreekSeq></word><word seq="11">you.<GreekSeq>10</GreekSeq></word></ESV></verse>
<verse number="2"><ESV><word seq="1">Your<GreekSeq>3</GreekSeq></word><word seq="2">riches<GreekSeq>2</GreekSeq></word><word seq="3">have rotted<GreekSeq>4</GreekSeq></word><word seq="4">and<GreekSeq>5</GreekSeq></word><word seq="5">your<GreekSeq>8</GreekSeq></word><word seq="6">garments<GreekSeq>7</GreekSeq></word><word seq="7">are<GreekSeq>10</GreekSeq></word><word seq="8">moth-eaten.<GreekSeq>9</GreekSeq></word></ESV></verse>
<verse number="3"><ESV><word seq="1">Your<GreekSeq>3</GreekSeq></word><word seq="2">gold<GreekSeq>2</GreekSeq></word><word seq="3">and<GreekSeq>4</GreekSeq></word><word seq="4">silver<GreekSeq>6</GreekSeq></word><word seq="5">have corroded,<GreekSeq>7</GreekSeq></word><word seq="6">and<GreekSeq>8</GreekSeq></word><word seq="7">their<GreekSeq>11</GreekSeq></word><word seq="8">corrosion<GreekSeq>10</GreekSeq></word><word seq="9">will be<GreekSeq>15</GreekSeq></word><word seq="10">evidence<GreekSeq>13</GreekSeq></word><word seq="11">against<GreekSeq>12</GreekSeq></word><word seq="12">you<GreekSeq>14</GreekSeq></word><word seq="13">and<GreekSeq>16</GreekSeq></word><word seq="14">will eat<GreekSeq>17</GreekSeq></word><word seq="15">your<GreekSeq>20</GreekSeq></word><word seq="16">flesh<GreekSeq>19</GreekSeq></word><word seq="17">like<GreekSeq>21</GreekSeq></word><word seq="18">fire.<GreekSeq>22</GreekSeq></word><word seq="19">You have laid up treasure<GreekSeq>23</GreekSeq></word><word seq="20">in<GreekSeq>24</GreekSeq></word><word seq="21">the</word><word seq="22">last<GreekSeq>25</GreekSeq></word><word seq="23">days.<GreekSeq>26</GreekSeq></word></ESV></verse>
<verse number="4"><ESV><word seq="1">Behold,<GreekSeq>1</GreekSeq></word><word seq="2">the<GreekSeq>2</GreekSeq></word><word seq="3">wages<GreekSeq>3</GreekSeq></word><word seq="4">of the<GreekSeq>4</GreekSeq></word><word seq="5">laborers<GreekSeq>5</GreekSeq></word><word seq="6">who mowed<GreekSeq>7</GreekSeq></word><word seq="7">your<GreekSeq>10</GreekSeq></word><word seq="8">fields,<GreekSeq>9</GreekSeq></word><word seq="9">which<GreekSeq>11</GreekSeq></word><word seq="10">you<GreekSeq>14</GreekSeq></word><word seq="11">kept back by fraud,<GreekSeq>12</GreekSeq></word><word seq="12">are crying out<GreekSeq>15</GreekSeq></word><word seq="13">against you,</word><word seq="14">and<GreekSeq>16</GreekSeq></word><word seq="15">the<GreekSeq>17</GreekSeq></word><word seq="16">cries<GreekSeq>18</GreekSeq></word><word seq="17">of the<GreekSeq>19</GreekSeq></word><word seq="18">harvesters<GreekSeq>20</GreekSeq></word><word seq="19">have reached<GreekSeq>26</GreekSeq></word><word seq="20">the<GreekSeq>22</GreekSeq></word><word seq="21">ears<GreekSeq>23</GreekSeq></word><word seq="22">of the Lord<GreekSeq>24</GreekSeq></word><word seq="23">of hosts.<GreekSeq>25</GreekSeq></word></ESV></verse>
<verse number="5"><ESV><word seq="1">You have lived<GreekSeq>1</GreekSeq></word><word seq="2">on<GreekSeq>2</GreekSeq></word><word seq="3">the<GreekSeq>3</GreekSeq></word><word seq="4">earth<GreekSeq>4</GreekSeq></word><word seq="5">in luxury<GreekSeq>1</GreekSeq></word><word seq="6">and<GreekSeq>5</GreekSeq></word><word seq="7">in self-indulgence.<GreekSeq>6</GreekSeq></word><word seq="8">You have fattened<GreekSeq>7</GreekSeq></word><word seq="9">your<GreekSeq>10</GreekSeq></word><word seq="10">hearts<GreekSeq>9</GreekSeq></word><word seq="11">in<GreekSeq>11</GreekSeq></word><word seq="12">a day<GreekSeq>12</GreekSeq></word><word seq="13">of slaughter.<GreekSeq>13</GreekSeq></word></ESV></verse>
<verse number="6"><ESV><word seq="1">You have condemned<GreekSeq>1</GreekSeq></word><word seq="2">and</word><word seq="3">murdered<GreekSeq>2</GreekSeq></word><word seq="4">the<GreekSeq>3</GreekSeq></word><word seq="5">righteous person.<GreekSeq>4</GreekSeq></word><word seq="6">He does<GreekSeq>6</GreekSeq></word><word seq="7">not<GreekSeq>5</GreekSeq></word><word seq="8">resist<GreekSeq>6</GreekSeq></word><word seq="9">you.<GreekSeq>7</GreekSeq></word></ESV></verse>
<verse number="7"><ESV><word seq="1">Be patient,<GreekSeq>1</GreekSeq></word><word seq="2">therefore,<GreekSeq>2</GreekSeq></word><word seq="3">brothers,<GreekSeq>3</GreekSeq></word><word seq="4">until<GreekSeq>4</GreekSeq></word><word seq="5">the<GreekSeq>5</GreekSeq></word><word seq="6">coming<GreekSeq>6</GreekSeq></word><word seq="7">of the<GreekSeq>7</GreekSeq></word><word seq="8">Lord.<GreekSeq>8</GreekSeq></word><word seq="9">See<GreekSeq>9</GreekSeq></word><word seq="10">how</word><word seq="11">the<GreekSeq>10</GreekSeq></word><word seq="12">farmer<GreekSeq>11</GreekSeq></word><word seq="13">waits for<GreekSeq>12</GreekSeq></word><word seq="14">the<GreekSeq>13</GreekSeq></word><word seq="15">precious<GreekSeq>14</GreekSeq></word><word seq="16">fruit<GreekSeq>15</GreekSeq></word><word seq="17">of the<GreekSeq>16</GreekSeq></word><word seq="18">earth,<GreekSeq>17</GreekSeq></word><word seq="19">being patient<GreekSeq>18</GreekSeq></word><word seq="20">about<GreekSeq>19</GreekSeq></word><word seq="21">it,<GreekSeq>20</GreekSeq></word><word seq="22">until<GreekSeq>21</GreekSeq></word><word seq="23">it receives<GreekSeq>22</GreekSeq></word><word seq="24">the</word><word seq="25">early<GreekSeq>23</GreekSeq></word><word seq="26">and<GreekSeq>24</GreekSeq></word><word seq="27">the</word><word seq="28">late<GreekSeq>25</GreekSeq></word><word seq="29" note="Base of different Greek: ὑετὸν(5205)">rains.</word></ESV></verse>
<verse number="8"><ESV><word seq="1">You<GreekSeq>3</GreekSeq></word><word seq="2">also,<GreekSeq>2</GreekSeq></word><word seq="3">be patient.<GreekSeq>1</GreekSeq></word><word seq="4">Establish<GreekSeq>4</GreekSeq></word><word seq="5">your<GreekSeq>7</GreekSeq></word><word seq="6">hearts,<GreekSeq>6</GreekSeq></word><word seq="7">for<GreekSeq>8</GreekSeq></word><word seq="8">the<GreekSeq>9</GreekSeq></word><word seq="9">coming<GreekSeq>10</GreekSeq></word><word seq="10">of the<GreekSeq>11</GreekSeq></word><word seq="11">Lord<GreekSeq>12</GreekSeq></word><word seq="12">is at hand.<GreekSeq>13</GreekSeq></word></ESV></verse>
<verse number="9"><ESV><word seq="1">Do</word><word seq="2">not<GreekSeq>1</GreekSeq></word><word seq="3">grumble<GreekSeq>2</GreekSeq></word><word seq="4">against<GreekSeq>4</GreekSeq></word><word seq="5">one another,<GreekSeq>5</GreekSeq></word><word seq="6">brothers,<GreekSeq>3</GreekSeq></word><word seq="7">so that<GreekSeq>6</GreekSeq></word><word seq="8">you may<GreekSeq>8</GreekSeq></word><word seq="9">not<GreekSeq>7</GreekSeq></word><word seq="10">be judged;<GreekSeq>8</GreekSeq></word><word seq="11">behold,<GreekSeq>9</GreekSeq></word><word seq="12">the<GreekSeq>10</GreekSeq></word><word seq="13">Judge<GreekSeq>11</GreekSeq></word><word seq="14">is standing<GreekSeq>15</GreekSeq></word><word seq="15">at<GreekSeq>12</GreekSeq></word><word seq="16">the<GreekSeq>13</GreekSeq></word><word seq="17">door.<GreekSeq>14</GreekSeq></word></ESV></verse>
<verse number="10"><ESV><word seq="1">As an example<GreekSeq>1</GreekSeq></word><word seq="2">of suffering<GreekSeq>5</GreekSeq></word><word seq="3">and<GreekSeq>6</GreekSeq></word><word seq="4">patience,<GreekSeq>8</GreekSeq></word><word seq="5">brothers,<GreekSeq>3</GreekSeq></word><word seq="6">take<GreekSeq>2</GreekSeq></word><word seq="7">the<GreekSeq>9</GreekSeq></word><word seq="8">prophets<GreekSeq>10</GreekSeq></word><word seq="9">who<GreekSeq>11</GreekSeq></word><word seq="10">spoke<GreekSeq>12</GreekSeq></word><word seq="11">in<GreekSeq>13</GreekSeq></word><word seq="12">the<GreekSeq>14</GreekSeq></word><word seq="13">name<GreekSeq>15</GreekSeq></word><word seq="14">of the Lord.<GreekSeq>16</GreekSeq></word></ESV></verse>
<verse number="11"><ESV><word seq="1">Behold,<GreekSeq>1</GreekSeq></word><word seq="2">we consider<GreekSeq>2</GreekSeq></word><word seq="3">those<GreekSeq>3</GreekSeq></word><word seq="4">blessed<GreekSeq>2</GreekSeq></word><word seq="5">who remained steadfast.<GreekSeq>4</GreekSeq></word><word seq="6">You have heard of<GreekSeq>8</GreekSeq></word><word seq="7">the<GreekSeq>5</GreekSeq></word><word seq="8">steadfastness<GreekSeq>6</GreekSeq></word><word seq="9">[of] Job,<GreekSeq>7</GreekSeq></word><word seq="10">and<GreekSeq>9</GreekSeq></word><word seq="11">you have seen<GreekSeq>13</GreekSeq></word><word seq="12">the<GreekSeq>10</GreekSeq></word><word seq="13">purpose<GreekSeq>11</GreekSeq></word><word seq="14">of the Lord,<GreekSeq>12</GreekSeq></word><word seq="15">how<GreekSeq>14</GreekSeq></word><word seq="16">the<GreekSeq>17</GreekSeq></word><word seq="17">Lord<GreekSeq>18</GreekSeq></word><word seq="18">is<GreekSeq>16</GreekSeq></word><word seq="19">compassionate<GreekSeq>15</GreekSeq></word><word seq="20">and<GreekSeq>19</GreekSeq></word><word seq="21">merciful.<GreekSeq>20</GreekSeq></word></ESV></verse>
<verse number="12"><ESV><word seq="1">But<GreekSeq>3</GreekSeq></word><word seq="2">above<GreekSeq>1</GreekSeq></word><word seq="3">all,<GreekSeq>2</GreekSeq></word><word seq="4">my<GreekSeq>5</GreekSeq></word><word seq="5">brothers,<GreekSeq>4</GreekSeq></word><word seq="6">do</word><word seq="7">not<GreekSeq>6</GreekSeq></word><word seq="8">swear,<GreekSeq>7</GreekSeq></word><word seq="9">either<GreekSeq>8</GreekSeq></word><word seq="10">by heaven<GreekSeq>10</GreekSeq></word><word seq="11">or<GreekSeq>11</GreekSeq></word><word seq="12">by earth<GreekSeq>13</GreekSeq></word><word seq="13">or<GreekSeq>14</GreekSeq></word><word seq="14">by any<GreekSeq>16</GreekSeq></word><word seq="15">other<GreekSeq>15</GreekSeq></word><word seq="16">oath,<GreekSeq>17</GreekSeq></word><word seq="17">but<GreekSeq>19</GreekSeq></word><word seq="18">let<GreekSeq>18</GreekSeq></word><word seq="19">your<GreekSeq>20</GreekSeq></word><word seq="20">yes<GreekSeq>22</GreekSeq></word><word seq="21">be<GreekSeq>18</GreekSeq></word><word seq="22">yes<GreekSeq>23</GreekSeq></word><word seq="23">and<GreekSeq>24</GreekSeq></word><word seq="24">your</word><word seq="25">no<GreekSeq>26</GreekSeq></word><word seq="26">be</word><word seq="27">no,<GreekSeq>27</GreekSeq></word><word seq="28">so that<GreekSeq>28</GreekSeq></word><word seq="29">you may<GreekSeq>32</GreekSeq></word><word seq="30">not<GreekSeq>29</GreekSeq></word><word seq="31">fall<GreekSeq>32</GreekSeq></word><word seq="32">under<GreekSeq>30</GreekSeq></word><word seq="33">condemnation.<GreekSeq>31</GreekSeq></word></ESV></verse>
<verse number="13"><ESV><word seq="1">Is<GreekSeq>1</GreekSeq></word><word seq="2">anyone<GreekSeq>2</GreekSeq></word><word seq="3">among<GreekSeq>3</GreekSeq></word><word seq="4">you<GreekSeq>4</GreekSeq></word><word seq="5">suffering?<GreekSeq>1</GreekSeq></word><word seq="6">Let him pray.<GreekSeq>5</GreekSeq></word><word seq="7">Is<GreekSeq>6</GreekSeq></word><word seq="8">anyone<GreekSeq>7</GreekSeq></word><word seq="9">cheerful?<GreekSeq>6</GreekSeq></word><word seq="10">Let him sing praise.<GreekSeq>8</GreekSeq></word></ESV></verse>
<verse number="14"><ESV><word seq="1">Is<GreekSeq>1</GreekSeq></word><word seq="2">anyone<GreekSeq>2</GreekSeq></word><word seq="3">among<GreekSeq>3</GreekSeq></word><word seq="4">you<GreekSeq>4</GreekSeq></word><word seq="5">sick?<GreekSeq>1</GreekSeq></word><word seq="6">Let him call for<GreekSeq>5</GreekSeq></word><word seq="7">the<GreekSeq>6</GreekSeq></word><word seq="8">elders<GreekSeq>7</GreekSeq></word><word seq="9">of the<GreekSeq>8</GreekSeq></word><word seq="10">church,<GreekSeq>9</GreekSeq></word><word seq="11">and<GreekSeq>10</GreekSeq></word><word seq="12">let them pray<GreekSeq>11</GreekSeq></word><word seq="13">over<GreekSeq>12</GreekSeq></word><word seq="14">him,<GreekSeq>13</GreekSeq></word><word seq="15">anointing<GreekSeq>14</GreekSeq></word><word seq="16">him<GreekSeq>15</GreekSeq></word><word seq="17">with oil<GreekSeq>16</GreekSeq></word><word seq="18">in<GreekSeq>17</GreekSeq></word><word seq="19">the<GreekSeq>18</GreekSeq></word><word seq="20">name<GreekSeq>19</GreekSeq></word><word seq="21">of the<GreekSeq>20</GreekSeq></word><word seq="22">Lord.<GreekSeq>21</GreekSeq></word></ESV></verse>
<verse number="15"><ESV><word seq="1">And<GreekSeq>1</GreekSeq></word><word seq="2">the<GreekSeq>2</GreekSeq></word><word seq="3">prayer<GreekSeq>3</GreekSeq></word><word seq="4">of faith<GreekSeq>5</GreekSeq></word><word seq="5">will save<GreekSeq>6</GreekSeq></word><word seq="6">the one<GreekSeq>7</GreekSeq></word><word seq="7">who is sick,<GreekSeq>8</GreekSeq></word><word seq="8">and<GreekSeq>9</GreekSeq></word><word seq="9">the<GreekSeq>12</GreekSeq></word><word seq="10">Lord<GreekSeq>13</GreekSeq></word><word seq="11">will raise<GreekSeq>10</GreekSeq></word><word seq="12">him<GreekSeq>11</GreekSeq></word><word seq="13">up.<GreekSeq>10</GreekSeq></word><word seq="14">And if<GreekSeq>14</GreekSeq></word><word seq="15">he has<GreekSeq>16</GreekSeq></word><word seq="16">committed<GreekSeq>17</GreekSeq></word><word seq="17">sins,<GreekSeq>15</GreekSeq></word><word seq="18">he will be forgiven.<GreekSeq>18</GreekSeq></word></ESV></verse>
<verse number="16"><ESV><word seq="1">Therefore,<GreekSeq>2</GreekSeq></word><word seq="2">confess<GreekSeq>1</GreekSeq></word><word seq="3">your</word><word seq="4">sins<GreekSeq>5</GreekSeq></word><word seq="5">to one another<GreekSeq>3</GreekSeq></word><word seq="6">and<GreekSeq>6</GreekSeq></word><word seq="7">pray<GreekSeq>7</GreekSeq></word><word seq="8">for<GreekSeq>8</GreekSeq></word><word seq="9">one another,<GreekSeq>9</GreekSeq></word><word seq="10">that<GreekSeq>10</GreekSeq></word><word seq="11">you may be healed.<GreekSeq>11</GreekSeq></word><word seq="12">The prayer<GreekSeq>14</GreekSeq></word><word seq="13">of a righteous [person]<GreekSeq>15</GreekSeq></word><word seq="14">has<GreekSeq>16</GreekSeq></word><word seq="15">great<GreekSeq>12</GreekSeq></word><word seq="16">power<GreekSeq>13</GreekSeq></word><word seq="17">as</word><word seq="18">it is working.<GreekSeq>16</GreekSeq></word></ESV></verse>
<verse number="17"><ESV><word seq="1">Elijah<GreekSeq>1</GreekSeq></word><word seq="2">was<GreekSeq>3</GreekSeq></word><word seq="3">a man<GreekSeq>2</GreekSeq></word><word seq="4">with</word><word seq="5">a nature like<GreekSeq>4</GreekSeq></word><word seq="6">ours,<GreekSeq>5</GreekSeq></word><word seq="7">and<GreekSeq>6</GreekSeq></word><word seq="8">he prayed fervently<GreekSeq>7</GreekSeq><GreekSeq>8</GreekSeq></word><word seq="9">that it might</word><word seq="10">not<GreekSeq>10</GreekSeq></word><word seq="11">rain,<GreekSeq>11</GreekSeq></word><word seq="12">and<GreekSeq>12</GreekSeq></word><word seq="13">for three<GreekSeq>19</GreekSeq></word><word seq="14">years<GreekSeq>18</GreekSeq></word><word seq="15">and<GreekSeq>20</GreekSeq></word><word seq="16">six<GreekSeq>22</GreekSeq></word><word seq="17">months<GreekSeq>21</GreekSeq></word><word seq="18">it did<GreekSeq>14</GreekSeq></word><word seq="19">not<GreekSeq>13</GreekSeq></word><word seq="20">rain<GreekSeq>14</GreekSeq></word><word seq="21">on<GreekSeq>15</GreekSeq></word><word seq="22">the<GreekSeq>16</GreekSeq></word><word seq="23">earth.<GreekSeq>17</GreekSeq></word></ESV></verse>
<verse number="18"><ESV><word seq="1">Then<GreekSeq>1</GreekSeq></word><word seq="2">he prayed<GreekSeq>3</GreekSeq></word><word seq="3">again,<GreekSeq>2</GreekSeq></word><word seq="4">and<GreekSeq>4</GreekSeq></word><word seq="5">heaven<GreekSeq>6</GreekSeq></word><word seq="6">gave<GreekSeq>8</GreekSeq></word><word seq="7">rain,<GreekSeq>7</GreekSeq></word><word seq="8">and<GreekSeq>9</GreekSeq></word><word seq="9">the<GreekSeq>10</GreekSeq></word><word seq="10">earth<GreekSeq>11</GreekSeq></word><word seq="11">bore<GreekSeq>12</GreekSeq></word><word seq="12">its<GreekSeq>15</GreekSeq></word><word seq="13">fruit.<GreekSeq>14</GreekSeq></word></ESV></verse>
<verse number="19"><ESV><word seq="1">My<GreekSeq>2</GreekSeq></word><word seq="2">brothers,<GreekSeq>1</GreekSeq></word><word seq="3">if<GreekSeq>3</GreekSeq></word><word seq="4">anyone<GreekSeq>4</GreekSeq></word><word seq="5">among<GreekSeq>5</GreekSeq></word><word seq="6">you<GreekSeq>6</GreekSeq></word><word seq="7">wanders<GreekSeq>7</GreekSeq></word><word seq="8">from<GreekSeq>8</GreekSeq></word><word seq="9">the<GreekSeq>9</GreekSeq></word><word seq="10">truth<GreekSeq>10</GreekSeq></word><word seq="11">and<GreekSeq>11</GreekSeq></word><word seq="12">someone<GreekSeq>13</GreekSeq></word><word seq="13">brings<GreekSeq>12</GreekSeq></word><word seq="14">him<GreekSeq>14</GreekSeq></word><word seq="15">back,<GreekSeq>12</GreekSeq></word></ESV></verse>
<verse number="20"><ESV><word seq="1">let him know<GreekSeq>1</GreekSeq></word><word seq="2">that<GreekSeq>2</GreekSeq></word><word seq="3">whoever brings back<GreekSeq>3</GreekSeq><GreekSeq>4</GreekSeq></word><word seq="4">a sinner<GreekSeq>5</GreekSeq></word><word seq="5">from<GreekSeq>6</GreekSeq></word><word seq="6">his<GreekSeq>9</GreekSeq></word><word seq="7">wandering<GreekSeq>7</GreekSeq><GreekSeq>8</GreekSeq></word><word seq="8">will save<GreekSeq>10</GreekSeq></word><word seq="9">his<GreekSeq>12</GreekSeq></word><word seq="10">soul<GreekSeq>11</GreekSeq></word><word seq="11">from<GreekSeq>13</GreekSeq></word><word seq="12">death<GreekSeq>14</GreekSeq></word><word seq="13">and<GreekSeq>15</GreekSeq></word><word seq="14">will cover<GreekSeq>16</GreekSeq></word><word seq="15">a multitude<GreekSeq>17</GreekSeq></word><word seq="16">of sins.<GreekSeq>18</GreekSeq></word></ESV></verse></chapter></book>