<?xml version="1.0" encoding="UTF-8" standalone="no"?><book><chapter number="5">'<verse number="1"><ESV><word seq="1">After<GreekSeq>1</GreekSeq></word><word seq="2">this<GreekSeq>2</GreekSeq></word><word seq="3">there was<GreekSeq>3</GreekSeq></word><word seq="4">a feast<GreekSeq>4</GreekSeq></word><word seq="5">of the<GreekSeq>5</GreekSeq></word><word seq="6">Jews,<GreekSeq>6</GreekSeq></word><word seq="7">and<GreekSeq>7</GreekSeq></word><word seq="8">Jesus<GreekSeq>9</GreekSeq></word><word seq="9">went up<GreekSeq>8</GreekSeq></word><word seq="10">to<GreekSeq>10</GreekSeq></word><word seq="11">Jerusalem.<GreekSeq>11</GreekSeq></word></ESV></verse>
<verse number="2"><ESV><word seq="1">Now<GreekSeq>2</GreekSeq></word><word seq="2">there is<GreekSeq>1</GreekSeq></word><word seq="3">in<GreekSeq>3</GreekSeq></word><word seq="4">Jerusalem<GreekSeq>5</GreekSeq></word><word seq="5">by<GreekSeq>6</GreekSeq></word><word seq="6">the<GreekSeq>7</GreekSeq></word><word seq="7">Sheep [Gate]<GreekSeq>8</GreekSeq></word><word seq="8">a pool,<GreekSeq>9</GreekSeq></word><word seq="9">in [Aramaic]<GreekSeq>12</GreekSeq></word><word seq="10">called<GreekSeq>11</GreekSeq></word><word seq="11">Bethesda,<GreekSeq>13</GreekSeq></word><word seq="12">which has<GreekSeq>16</GreekSeq></word><word seq="13">five<GreekSeq>14</GreekSeq></word><word seq="14">roofed colonnades.<GreekSeq>15</GreekSeq></word></ESV></verse>
<verse number="3"><ESV><word seq="1">In<GreekSeq>1</GreekSeq></word><word seq="2">these<GreekSeq>2</GreekSeq></word><word seq="3">lay<GreekSeq>3</GreekSeq></word><word seq="4">a multitude<GreekSeq>4</GreekSeq></word><word seq="5">of invalids<GreekSeq>6</GreekSeq></word><word seq="6">— blind,<GreekSeq>7</GreekSeq></word><word seq="7">lame,<GreekSeq>8</GreekSeq></word><word seq="8">and</word><word seq="9">paralyzed.<GreekSeq>9</GreekSeq></word></ESV></verse>
<verse number="4"><ESV><word seq="1">Missing text<GreekSeq>1</GreekSeq></word></ESV></verse>
<verse number="5"><ESV><word seq="1">One<GreekSeq>3</GreekSeq></word><word seq="2">man<GreekSeq>4</GreekSeq></word><word seq="3">was<GreekSeq>1</GreekSeq></word><word seq="4">there<GreekSeq>5</GreekSeq></word><word seq="5">who had been<GreekSeq>10</GreekSeq></word><word seq="6">an<GreekSeq>12</GreekSeq></word><word seq="7">invalid<GreekSeq>13</GreekSeq></word><word seq="8">for</word><word seq="9">thirty<GreekSeq>6</GreekSeq></word><word seq="10">-eight<GreekSeq>8</GreekSeq></word><word seq="11">years.<GreekSeq>9</GreekSeq></word></ESV></verse>
<verse number="6"><ESV><word seq="1">When</word><word seq="2">Jesus<GreekSeq>4</GreekSeq></word><word seq="3">saw<GreekSeq>2</GreekSeq></word><word seq="4">him<GreekSeq>1</GreekSeq></word><word seq="5">lying<GreekSeq>5</GreekSeq></word><word seq="6">there</word><word seq="7">and<GreekSeq>6</GreekSeq></word><word seq="8">knew<GreekSeq>7</GreekSeq></word><word seq="9">that<GreekSeq>8</GreekSeq></word><word seq="10">he had<GreekSeq>12</GreekSeq></word><word seq="11">already<GreekSeq>10</GreekSeq></word><word seq="12">been<GreekSeq>12</GreekSeq></word><word seq="13">there</word><word seq="14">a long<GreekSeq>9</GreekSeq></word><word seq="15">time,<GreekSeq>11</GreekSeq></word><word seq="16">he said<GreekSeq>13</GreekSeq></word><word seq="17">to him,<GreekSeq>14</GreekSeq></word><word seq="18">“Do</word><word seq="19">you want<GreekSeq>15</GreekSeq></word><word seq="20">to be healed?”<GreekSeq>16</GreekSeq><GreekSeq>17</GreekSeq></word></ESV></verse>
<verse number="7"><ESV><word seq="1">The<GreekSeq>3</GreekSeq></word><word seq="2">sick man<GreekSeq>4</GreekSeq></word><word seq="3">answered<GreekSeq>1</GreekSeq></word><word seq="4">him,<GreekSeq>2</GreekSeq></word><word seq="5">“Sir,<GreekSeq>5</GreekSeq></word><word seq="6">I have<GreekSeq>8</GreekSeq></word><word seq="7">no<GreekSeq>7</GreekSeq></word><word seq="8">one<GreekSeq>6</GreekSeq></word><word seq="9">to put<GreekSeq>14</GreekSeq></word><word seq="10">me<GreekSeq>15</GreekSeq></word><word seq="11">into<GreekSeq>16</GreekSeq></word><word seq="12">the<GreekSeq>17</GreekSeq></word><word seq="13">pool<GreekSeq>18</GreekSeq></word><word seq="14">when<GreekSeq>10</GreekSeq></word><word seq="15">the<GreekSeq>12</GreekSeq></word><word seq="16">water<GreekSeq>13</GreekSeq></word><word seq="17">is stirred up,<GreekSeq>11</GreekSeq></word><word seq="18">and<GreekSeq>21</GreekSeq></word><word seq="19">while<GreekSeq>19</GreekSeq><GreekSeq>20</GreekSeq></word><word seq="20">I<GreekSeq>23</GreekSeq></word><word seq="21">am going<GreekSeq>22</GreekSeq></word><word seq="22">another<GreekSeq>24</GreekSeq></word><word seq="23">steps down<GreekSeq>27</GreekSeq></word><word seq="24">before<GreekSeq>25</GreekSeq></word><word seq="25">me.”<GreekSeq>26</GreekSeq></word></ESV></verse>
<verse number="8"><ESV><word seq="1">Jesus<GreekSeq>4</GreekSeq></word><word seq="2">said<GreekSeq>1</GreekSeq></word><word seq="3">to him,<GreekSeq>2</GreekSeq></word><word seq="4">“Get up,<GreekSeq>5</GreekSeq></word><word seq="5">take up<GreekSeq>6</GreekSeq></word><word seq="6">your<GreekSeq>9</GreekSeq></word><word seq="7">bed,<GreekSeq>8</GreekSeq></word><word seq="8">and<GreekSeq>10</GreekSeq></word><word seq="9">walk.”<GreekSeq>11</GreekSeq></word></ESV></verse>
<verse number="9"><ESV><word seq="1">And<GreekSeq>1</GreekSeq></word><word seq="2">at once<GreekSeq>2</GreekSeq></word><word seq="3">the<GreekSeq>5</GreekSeq></word><word seq="4">man<GreekSeq>6</GreekSeq></word><word seq="5">was healed,<GreekSeq>3</GreekSeq><GreekSeq>4</GreekSeq></word><word seq="6">and<GreekSeq>7</GreekSeq></word><word seq="7">he took up<GreekSeq>8</GreekSeq></word><word seq="8">his<GreekSeq>11</GreekSeq></word><word seq="9">bed<GreekSeq>10</GreekSeq></word><word seq="10">and<GreekSeq>12</GreekSeq></word><word seq="11">walked.<GreekSeq>13</GreekSeq></word><word seq="12">Now<GreekSeq>15</GreekSeq></word><word seq="13">that<GreekSeq>18</GreekSeq></word><word seq="14">day<GreekSeq>20</GreekSeq></word><word seq="15">was<GreekSeq>14</GreekSeq></word><word seq="16">the Sabbath.<GreekSeq>16</GreekSeq></word></ESV></verse>
<verse number="10"><ESV><word seq="1">So<GreekSeq>2</GreekSeq></word><word seq="2">the<GreekSeq>3</GreekSeq></word><word seq="3">Jews<GreekSeq>4</GreekSeq></word><word seq="4">said<GreekSeq>1</GreekSeq></word><word seq="5">to the man<GreekSeq>5</GreekSeq></word><word seq="6">who had been healed,<GreekSeq>6</GreekSeq></word><word seq="7">“It is<GreekSeq>8</GreekSeq></word><word seq="8">the Sabbath,<GreekSeq>7</GreekSeq></word><word seq="9">and<GreekSeq>9</GreekSeq></word><word seq="10">it is<GreekSeq>11</GreekSeq></word><word seq="11">not<GreekSeq>10</GreekSeq></word><word seq="12">lawful<GreekSeq>11</GreekSeq></word><word seq="13">for you<GreekSeq>12</GreekSeq></word><word seq="14">to take up<GreekSeq>13</GreekSeq></word><word seq="15">your<GreekSeq>16</GreekSeq></word><word seq="16">bed.”<GreekSeq>15</GreekSeq></word></ESV></verse>
<verse number="11"><ESV><word seq="1">But<GreekSeq>2</GreekSeq></word><word seq="2">he<GreekSeq>1</GreekSeq></word><word seq="3">answered<GreekSeq>3</GreekSeq></word><word seq="4">them,<GreekSeq>4</GreekSeq></word><word seq="5">“The man<GreekSeq>5</GreekSeq></word><word seq="6">who healed<GreekSeq>6</GreekSeq><GreekSeq>8</GreekSeq></word><word seq="7">me,<GreekSeq>7</GreekSeq></word><word seq="8">that man<GreekSeq>9</GreekSeq></word><word seq="9">said<GreekSeq>11</GreekSeq></word><word seq="10">to me,<GreekSeq>10</GreekSeq></word><word seq="11">‘Take up<GreekSeq>12</GreekSeq></word><word seq="12">your<GreekSeq>15</GreekSeq></word><word seq="13">bed,<GreekSeq>14</GreekSeq></word><word seq="14">and<GreekSeq>16</GreekSeq></word><word seq="15">walk.’”<GreekSeq>17</GreekSeq></word></ESV></verse>
<verse number="12"><ESV><word seq="1">They asked<GreekSeq>1</GreekSeq></word><word seq="2">him,<GreekSeq>2</GreekSeq></word><word seq="3">“Who<GreekSeq>3</GreekSeq></word><word seq="4">is<GreekSeq>4</GreekSeq></word><word seq="5">the<GreekSeq>5</GreekSeq></word><word seq="6">man<GreekSeq>6</GreekSeq></word><word seq="7">who said<GreekSeq>8</GreekSeq></word><word seq="8">to you,<GreekSeq>9</GreekSeq></word><word seq="9">‘Take up<GreekSeq>10</GreekSeq></word><word seq="10" note="Base of different Greek: σου(4675)">your</word><word seq="11" note="Base of different Greek: κράββατόν(2895)">bed</word><word seq="12">and<GreekSeq>11</GreekSeq></word><word seq="13">walk’?”<GreekSeq>12</GreekSeq></word></ESV></verse>
<verse number="13"><ESV><word seq="1">Now<GreekSeq>2</GreekSeq></word><word seq="2">the man<GreekSeq>1</GreekSeq></word><word seq="3">who had been healed<GreekSeq>3</GreekSeq></word><word seq="4">did<GreekSeq>5</GreekSeq></word><word seq="5">not<GreekSeq>4</GreekSeq></word><word seq="6">know<GreekSeq>5</GreekSeq></word><word seq="7">who<GreekSeq>6</GreekSeq></word><word seq="8">it was,<GreekSeq>7</GreekSeq></word><word seq="9">for<GreekSeq>9</GreekSeq></word><word seq="10">Jesus<GreekSeq>10</GreekSeq></word><word seq="11">had withdrawn,<GreekSeq>11</GreekSeq></word><word seq="12">as there was<GreekSeq>13</GreekSeq></word><word seq="13">a crowd<GreekSeq>12</GreekSeq></word><word seq="14">in<GreekSeq>14</GreekSeq></word><word seq="15">the<GreekSeq>15</GreekSeq></word><word seq="16">place.<GreekSeq>16</GreekSeq></word></ESV></verse>
<verse number="14"><ESV><word seq="1">Afterward<GreekSeq>1</GreekSeq><GreekSeq>2</GreekSeq></word><word seq="2">Jesus<GreekSeq>6</GreekSeq></word><word seq="3">found<GreekSeq>3</GreekSeq></word><word seq="4">him<GreekSeq>4</GreekSeq></word><word seq="5">in<GreekSeq>7</GreekSeq></word><word seq="6">the<GreekSeq>8</GreekSeq></word><word seq="7">temple<GreekSeq>9</GreekSeq></word><word seq="8">and<GreekSeq>10</GreekSeq></word><word seq="9">said<GreekSeq>11</GreekSeq></word><word seq="10">to him,<GreekSeq>12</GreekSeq></word><word seq="11">“See,<GreekSeq>13</GreekSeq></word><word seq="12">you are<GreekSeq>15</GreekSeq></word><word seq="13">well!<GreekSeq>14</GreekSeq></word><word seq="14">Sin<GreekSeq>17</GreekSeq></word><word seq="15">no more,<GreekSeq>16</GreekSeq></word><word seq="16">that<GreekSeq>18</GreekSeq></word><word seq="17">nothing<GreekSeq>19</GreekSeq><GreekSeq>22</GreekSeq></word><word seq="18">worse<GreekSeq>20</GreekSeq></word><word seq="19">may happen<GreekSeq>23</GreekSeq></word><word seq="20">to you.”<GreekSeq>21</GreekSeq></word></ESV></verse>
<verse number="15"><ESV><word seq="1">The<GreekSeq>2</GreekSeq></word><word seq="2">man<GreekSeq>3</GreekSeq></word><word seq="3">went away<GreekSeq>1</GreekSeq></word><word seq="4">and<GreekSeq>4</GreekSeq></word><word seq="5">told<GreekSeq>5</GreekSeq></word><word seq="6">the<GreekSeq>6</GreekSeq></word><word seq="7">Jews<GreekSeq>7</GreekSeq></word><word seq="8">that<GreekSeq>8</GreekSeq></word><word seq="9">it was<GreekSeq>10</GreekSeq></word><word seq="10">Jesus<GreekSeq>9</GreekSeq></word><word seq="11">who had healed<GreekSeq>12</GreekSeq><GreekSeq>14</GreekSeq></word><word seq="12">him.<GreekSeq>13</GreekSeq></word></ESV></verse>
<verse number="16"><ESV><word seq="1">And<GreekSeq>1</GreekSeq></word><word seq="2">this was why<GreekSeq>2</GreekSeq><GreekSeq>3</GreekSeq></word><word seq="3">the<GreekSeq>5</GreekSeq></word><word seq="4">Jews<GreekSeq>6</GreekSeq></word><word seq="5">were persecuting<GreekSeq>4</GreekSeq></word><word seq="6">Jesus,<GreekSeq>8</GreekSeq></word><word seq="7">because<GreekSeq>9</GreekSeq></word><word seq="8">he was doing<GreekSeq>11</GreekSeq></word><word seq="9">these things<GreekSeq>10</GreekSeq></word><word seq="10">on<GreekSeq>12</GreekSeq></word><word seq="11">the Sabbath.<GreekSeq>13</GreekSeq></word></ESV></verse>
<verse number="17"><ESV><word seq="1">But<GreekSeq>2</GreekSeq></word><word seq="2">Jesus<GreekSeq>3</GreekSeq></word><word seq="3">answered<GreekSeq>4</GreekSeq></word><word seq="4">them,<GreekSeq>5</GreekSeq></word><word seq="5">“My<GreekSeq>8</GreekSeq></word><word seq="6">Father<GreekSeq>7</GreekSeq></word><word seq="7">is working<GreekSeq>11</GreekSeq></word><word seq="8">until<GreekSeq>9</GreekSeq></word><word seq="9">now,<GreekSeq>10</GreekSeq></word><word seq="10">and I<GreekSeq>12</GreekSeq></word><word seq="11">am working.”<GreekSeq>13</GreekSeq></word></ESV></verse>
<verse number="18"><ESV><word seq="1">This was why<GreekSeq>1</GreekSeq><GreekSeq>2</GreekSeq></word><word seq="2">the<GreekSeq>7</GreekSeq></word><word seq="3">Jews<GreekSeq>8</GreekSeq></word><word seq="4">were seeking<GreekSeq>5</GreekSeq></word><word seq="5">all the more<GreekSeq>4</GreekSeq></word><word seq="6">to kill<GreekSeq>9</GreekSeq></word><word seq="7">him,<GreekSeq>6</GreekSeq></word><word seq="8">because<GreekSeq>10</GreekSeq></word><word seq="9">not<GreekSeq>11</GreekSeq></word><word seq="10">only<GreekSeq>12</GreekSeq></word><word seq="11">was he breaking<GreekSeq>13</GreekSeq></word><word seq="12">the<GreekSeq>14</GreekSeq></word><word seq="13">Sabbath,<GreekSeq>15</GreekSeq></word><word seq="14">but<GreekSeq>16</GreekSeq></word><word seq="15">he was<GreekSeq>20</GreekSeq></word><word seq="16">even<GreekSeq>17</GreekSeq></word><word seq="17">calling<GreekSeq>20</GreekSeq></word><word seq="18">God<GreekSeq>22</GreekSeq></word><word seq="19">his own<GreekSeq>19</GreekSeq></word><word seq="20">Father,<GreekSeq>18</GreekSeq></word><word seq="21">making<GreekSeq>25</GreekSeq></word><word seq="22">himself<GreekSeq>24</GreekSeq></word><word seq="23">equal<GreekSeq>23</GreekSeq></word><word seq="24">with God.<GreekSeq>27</GreekSeq></word></ESV></verse>
<verse number="19"><ESV><word seq="1">So<GreekSeq>2</GreekSeq></word><word seq="2">Jesus<GreekSeq>4</GreekSeq></word><word seq="3">said<GreekSeq>6</GreekSeq></word><word seq="4">to them,<GreekSeq>7</GreekSeq></word><word seq="5">“Truly,<GreekSeq>8</GreekSeq></word><word seq="6">truly,<GreekSeq>9</GreekSeq></word><word seq="7">I say<GreekSeq>10</GreekSeq></word><word seq="8">to you,<GreekSeq>11</GreekSeq></word><word seq="9">the<GreekSeq>14</GreekSeq></word><word seq="10">Son<GreekSeq>15</GreekSeq></word><word seq="11">can<GreekSeq>13</GreekSeq></word><word seq="12">do<GreekSeq>16</GreekSeq></word><word seq="13">nothing<GreekSeq>19</GreekSeq></word><word seq="14">of<GreekSeq>17</GreekSeq></word><word seq="15">his own<GreekSeq>18</GreekSeq></word><word seq="16">accord,</word><word seq="17" note="ἐὰν μή Strong Code (3362)">but only<GreekSeq>20</GreekSeq><GreekSeq>21</GreekSeq></word><word seq="18">what<GreekSeq>22</GreekSeq></word><word seq="19">he sees<GreekSeq>23</GreekSeq></word><word seq="20">the<GreekSeq>24</GreekSeq></word><word seq="21">Father<GreekSeq>25</GreekSeq></word><word seq="22">doing.<GreekSeq>26</GreekSeq></word><word seq="23">For<GreekSeq>28</GreekSeq></word><word seq="24">whatever<GreekSeq>27</GreekSeq><GreekSeq>29</GreekSeq></word><word seq="25">[the Father]<GreekSeq>30</GreekSeq></word><word seq="26">does,<GreekSeq>31</GreekSeq></word><word seq="27">that<GreekSeq>32</GreekSeq></word><word seq="28">the<GreekSeq>34</GreekSeq></word><word seq="29">Son<GreekSeq>35</GreekSeq></word><word seq="30">does<GreekSeq>37</GreekSeq></word><word seq="31">likewise.<GreekSeq>36</GreekSeq></word></ESV></verse>
<verse number="20"><ESV><word seq="1">For<GreekSeq>2</GreekSeq></word><word seq="2">the<GreekSeq>1</GreekSeq></word><word seq="3">Father<GreekSeq>3</GreekSeq></word><word seq="4">loves<GreekSeq>4</GreekSeq></word><word seq="5">the<GreekSeq>5</GreekSeq></word><word seq="6">Son<GreekSeq>6</GreekSeq></word><word seq="7">and<GreekSeq>7</GreekSeq></word><word seq="8">shows<GreekSeq>9</GreekSeq></word><word seq="9">him<GreekSeq>10</GreekSeq></word><word seq="10">all<GreekSeq>8</GreekSeq></word><word seq="11">that<GreekSeq>11</GreekSeq></word><word seq="12">he himself<GreekSeq>12</GreekSeq></word><word seq="13">is doing.<GreekSeq>13</GreekSeq></word><word seq="14">And<GreekSeq>14</GreekSeq></word><word seq="15">greater<GreekSeq>15</GreekSeq></word><word seq="16">works<GreekSeq>19</GreekSeq></word><word seq="17">than<GreekSeq>15</GreekSeq></word><word seq="18">these<GreekSeq>16</GreekSeq></word><word seq="19">will he show<GreekSeq>17</GreekSeq></word><word seq="20">him,<GreekSeq>18</GreekSeq></word><word seq="21">so that<GreekSeq>20</GreekSeq></word><word seq="22">you<GreekSeq>21</GreekSeq></word><word seq="23">may marvel.<GreekSeq>22</GreekSeq></word></ESV></verse>
<verse number="21"><ESV><word seq="1">For<GreekSeq>2</GreekSeq></word><word seq="2">as<GreekSeq>1</GreekSeq></word><word seq="3">the<GreekSeq>3</GreekSeq></word><word seq="4">Father<GreekSeq>4</GreekSeq></word><word seq="5">raises<GreekSeq>5</GreekSeq></word><word seq="6">the<GreekSeq>6</GreekSeq></word><word seq="7">dead<GreekSeq>7</GreekSeq></word><word seq="8">and<GreekSeq>8</GreekSeq></word><word seq="9">gives them life,<GreekSeq>9</GreekSeq></word><word seq="10">so<GreekSeq>10</GreekSeq></word><word seq="11">also<GreekSeq>11</GreekSeq></word><word seq="12">the<GreekSeq>12</GreekSeq></word><word seq="13">Son<GreekSeq>13</GreekSeq></word><word seq="14">gives life<GreekSeq>16</GreekSeq></word><word seq="15">to whom<GreekSeq>14</GreekSeq></word><word seq="16">he will.<GreekSeq>15</GreekSeq></word></ESV></verse>
<verse number="22"><ESV><word seq="1">The<GreekSeq>3</GreekSeq></word><word seq="2">Father<GreekSeq>4</GreekSeq></word><word seq="3">judges<GreekSeq>5</GreekSeq></word><word seq="4">no<GreekSeq>1</GreekSeq></word><word seq="5">one,<GreekSeq>6</GreekSeq></word><word seq="6">but<GreekSeq>7</GreekSeq></word><word seq="7">has given<GreekSeq>11</GreekSeq></word><word seq="8">all<GreekSeq>10</GreekSeq></word><word seq="9">judgment<GreekSeq>9</GreekSeq></word><word seq="10">to the<GreekSeq>12</GreekSeq></word><word seq="11">Son,<GreekSeq>13</GreekSeq></word></ESV></verse>
<verse number="23"><ESV><word seq="1">that<GreekSeq>1</GreekSeq></word><word seq="2">all<GreekSeq>2</GreekSeq></word><word seq="3">may honor<GreekSeq>3</GreekSeq></word><word seq="4">the<GreekSeq>4</GreekSeq></word><word seq="5">Son,<GreekSeq>5</GreekSeq></word><word seq="6">just as<GreekSeq>6</GreekSeq></word><word seq="7">they honor<GreekSeq>7</GreekSeq></word><word seq="8">the<GreekSeq>8</GreekSeq></word><word seq="9">Father.<GreekSeq>9</GreekSeq></word><word seq="10">Whoever does<GreekSeq>12</GreekSeq></word><word seq="11">not<GreekSeq>11</GreekSeq></word><word seq="12">honor<GreekSeq>12</GreekSeq></word><word seq="13">the<GreekSeq>13</GreekSeq></word><word seq="14">Son<GreekSeq>14</GreekSeq></word><word seq="15">does</word><word seq="16">not<GreekSeq>15</GreekSeq></word><word seq="17">honor<GreekSeq>16</GreekSeq></word><word seq="18">the<GreekSeq>17</GreekSeq></word><word seq="19">Father<GreekSeq>18</GreekSeq></word><word seq="20">who sent<GreekSeq>20</GreekSeq></word><word seq="21">him.<GreekSeq>21</GreekSeq></word></ESV></verse>
<verse number="24"><ESV><word seq="1">Truly,<GreekSeq>1</GreekSeq></word><word seq="2">truly,<GreekSeq>2</GreekSeq></word><word seq="3">I say<GreekSeq>3</GreekSeq></word><word seq="4">to you,<GreekSeq>4</GreekSeq></word><word seq="5">whoever hears<GreekSeq>6</GreekSeq><GreekSeq>10</GreekSeq></word><word seq="6">my<GreekSeq>9</GreekSeq></word><word seq="7">word<GreekSeq>8</GreekSeq></word><word seq="8">and<GreekSeq>11</GreekSeq></word><word seq="9">believes<GreekSeq>12</GreekSeq></word><word seq="10">him<GreekSeq>13</GreekSeq></word><word seq="11">who sent<GreekSeq>14</GreekSeq></word><word seq="12">me<GreekSeq>15</GreekSeq></word><word seq="13">has<GreekSeq>16</GreekSeq></word><word seq="14">eternal<GreekSeq>18</GreekSeq></word><word seq="15">life.<GreekSeq>17</GreekSeq></word><word seq="16">He<GreekSeq>23</GreekSeq></word><word seq="17">does</word><word seq="18">not<GreekSeq>22</GreekSeq></word><word seq="19">come<GreekSeq>23</GreekSeq></word><word seq="20">into<GreekSeq>20</GreekSeq></word><word seq="21">judgment,<GreekSeq>21</GreekSeq></word><word seq="22">but<GreekSeq>24</GreekSeq></word><word seq="23">has passed<GreekSeq>25</GreekSeq></word><word seq="24">from<GreekSeq>26</GreekSeq></word><word seq="25">death<GreekSeq>28</GreekSeq></word><word seq="26">to<GreekSeq>29</GreekSeq></word><word seq="27">life.<GreekSeq>31</GreekSeq></word></ESV></verse>
<verse number="25"><ESV><word seq="1">Truly,<GreekSeq>1</GreekSeq></word><word seq="2">truly,<GreekSeq>2</GreekSeq></word><word seq="3">I say<GreekSeq>3</GreekSeq></word><word seq="4">to you,<GreekSeq>4</GreekSeq></word><word seq="5">an hour<GreekSeq>7</GreekSeq></word><word seq="6">is coming,<GreekSeq>6</GreekSeq></word><word seq="7">and<GreekSeq>8</GreekSeq></word><word seq="8">is<GreekSeq>10</GreekSeq></word><word seq="9">now<GreekSeq>9</GreekSeq></word><word seq="10">here,</word><word seq="11">when<GreekSeq>11</GreekSeq></word><word seq="12">the<GreekSeq>12</GreekSeq></word><word seq="13">dead<GreekSeq>13</GreekSeq></word><word seq="14">will hear<GreekSeq>14</GreekSeq></word><word seq="15">the<GreekSeq>15</GreekSeq></word><word seq="16">voice<GreekSeq>16</GreekSeq></word><word seq="17">of the<GreekSeq>17</GreekSeq></word><word seq="18">Son<GreekSeq>18</GreekSeq></word><word seq="19">of God,<GreekSeq>20</GreekSeq></word><word seq="20">and<GreekSeq>21</GreekSeq></word><word seq="21">those<GreekSeq>22</GreekSeq></word><word seq="22">who hear<GreekSeq>23</GreekSeq></word><word seq="23">will live.<GreekSeq>24</GreekSeq></word></ESV></verse>
<verse number="26"><ESV><word seq="1">For<GreekSeq>2</GreekSeq></word><word seq="2">as<GreekSeq>1</GreekSeq></word><word seq="3">the<GreekSeq>3</GreekSeq></word><word seq="4">Father<GreekSeq>4</GreekSeq></word><word seq="5">has<GreekSeq>5</GreekSeq></word><word seq="6">life<GreekSeq>6</GreekSeq></word><word seq="7">in<GreekSeq>7</GreekSeq></word><word seq="8">himself,<GreekSeq>8</GreekSeq></word><word seq="9">so<GreekSeq>9</GreekSeq></word><word seq="10">he has granted<GreekSeq>13</GreekSeq></word><word seq="11">the<GreekSeq>11</GreekSeq></word><word seq="12">Son<GreekSeq>12</GreekSeq></word><word seq="13">also<GreekSeq>10</GreekSeq></word><word seq="14">to have<GreekSeq>15</GreekSeq></word><word seq="15">life<GreekSeq>14</GreekSeq></word><word seq="16">in<GreekSeq>16</GreekSeq></word><word seq="17">himself.<GreekSeq>17</GreekSeq></word></ESV></verse>
<verse number="27"><ESV><word seq="1">And<GreekSeq>1</GreekSeq></word><word seq="2">he has given<GreekSeq>3</GreekSeq></word><word seq="3">him<GreekSeq>4</GreekSeq></word><word seq="4">authority<GreekSeq>2</GreekSeq></word><word seq="5">to execute<GreekSeq>6</GreekSeq></word><word seq="6">judgment,<GreekSeq>5</GreekSeq></word><word seq="7">because<GreekSeq>7</GreekSeq></word><word seq="8">he is<GreekSeq>10</GreekSeq></word><word seq="9">the Son<GreekSeq>8</GreekSeq></word><word seq="10">of Man.<GreekSeq>9</GreekSeq></word></ESV></verse>
<verse number="28"><ESV><word seq="1">Do</word><word seq="2">not<GreekSeq>1</GreekSeq></word><word seq="3">marvel<GreekSeq>2</GreekSeq></word><word seq="4">at this,<GreekSeq>3</GreekSeq></word><word seq="5">for<GreekSeq>4</GreekSeq></word><word seq="6">an hour<GreekSeq>6</GreekSeq></word><word seq="7">is coming<GreekSeq>5</GreekSeq></word><word seq="8">when<GreekSeq>7</GreekSeq><GreekSeq>8</GreekSeq></word><word seq="9">all<GreekSeq>9</GreekSeq></word><word seq="10">who<GreekSeq>10</GreekSeq></word><word seq="11">are</word><word seq="12">in<GreekSeq>11</GreekSeq></word><word seq="13">the<GreekSeq>12</GreekSeq></word><word seq="14">tombs<GreekSeq>13</GreekSeq></word><word seq="15">will hear<GreekSeq>14</GreekSeq></word><word seq="16">his<GreekSeq>17</GreekSeq></word><word seq="17">voice<GreekSeq>16</GreekSeq></word></ESV></verse>
<verse number="29"><ESV><word seq="1">and<GreekSeq>1</GreekSeq></word><word seq="2">come out,<GreekSeq>2</GreekSeq></word><word seq="3">those<GreekSeq>3</GreekSeq></word><word seq="4">who have done<GreekSeq>6</GreekSeq></word><word seq="5">good<GreekSeq>5</GreekSeq></word><word seq="6">to<GreekSeq>7</GreekSeq></word><word seq="7">the resurrection<GreekSeq>8</GreekSeq></word><word seq="8">of life,<GreekSeq>9</GreekSeq></word><word seq="9">and<GreekSeq>11</GreekSeq></word><word seq="10">those<GreekSeq>10</GreekSeq></word><word seq="11">who have done<GreekSeq>14</GreekSeq></word><word seq="12">evil<GreekSeq>13</GreekSeq></word><word seq="13">to<GreekSeq>15</GreekSeq></word><word seq="14">the resurrection<GreekSeq>16</GreekSeq></word><word seq="15">of judgment.<GreekSeq>17</GreekSeq></word></ESV></verse>
<verse number="30"><ESV><word seq="1">I<GreekSeq>3</GreekSeq></word><word seq="2">can<GreekSeq>2</GreekSeq></word><word seq="3">do<GreekSeq>4</GreekSeq></word><word seq="4">nothing<GreekSeq>7</GreekSeq></word><word seq="5">on<GreekSeq>5</GreekSeq></word><word seq="6">my own.<GreekSeq>6</GreekSeq></word><word seq="7">As<GreekSeq>8</GreekSeq></word><word seq="8">I hear,<GreekSeq>9</GreekSeq></word><word seq="9">I judge,<GreekSeq>10</GreekSeq></word><word seq="10">and<GreekSeq>11</GreekSeq></word><word seq="11">my<GreekSeq>15</GreekSeq></word><word seq="12">judgment<GreekSeq>13</GreekSeq></word><word seq="13">is<GreekSeq>17</GreekSeq></word><word seq="14">just,<GreekSeq>16</GreekSeq></word><word seq="15">because<GreekSeq>18</GreekSeq></word><word seq="16">I seek<GreekSeq>20</GreekSeq></word><word seq="17">not<GreekSeq>19</GreekSeq></word><word seq="18">my own<GreekSeq>24</GreekSeq></word><word seq="19">will<GreekSeq>22</GreekSeq></word><word seq="20">but<GreekSeq>25</GreekSeq></word><word seq="21">the<GreekSeq>26</GreekSeq></word><word seq="22">will<GreekSeq>27</GreekSeq></word><word seq="23">of him<GreekSeq>28</GreekSeq></word><word seq="24">who sent<GreekSeq>29</GreekSeq></word><word seq="25">me.<GreekSeq>30</GreekSeq></word></ESV></verse>
<verse number="31"><ESV><word seq="1">If<GreekSeq>1</GreekSeq></word><word seq="2">I<GreekSeq>2</GreekSeq></word><word seq="3">alone</word><word seq="4">bear witness<GreekSeq>3</GreekSeq></word><word seq="5">about<GreekSeq>4</GreekSeq></word><word seq="6">myself,<GreekSeq>5</GreekSeq></word><word seq="7">my<GreekSeq>8</GreekSeq></word><word seq="8">testimony<GreekSeq>7</GreekSeq></word><word seq="9">is<GreekSeq>10</GreekSeq></word><word seq="10">not<GreekSeq>9</GreekSeq></word><word seq="11">true.<GreekSeq>11</GreekSeq></word></ESV></verse>
<verse number="32"><ESV><word seq="1">There is<GreekSeq>2</GreekSeq></word><word seq="2">another<GreekSeq>1</GreekSeq></word><word seq="3">who bears witness<GreekSeq>4</GreekSeq></word><word seq="4">about<GreekSeq>5</GreekSeq></word><word seq="5">me,<GreekSeq>6</GreekSeq></word><word seq="6">and<GreekSeq>7</GreekSeq></word><word seq="7">I know<GreekSeq>8</GreekSeq></word><word seq="8">that<GreekSeq>9</GreekSeq></word><word seq="9">the<GreekSeq>12</GreekSeq></word><word seq="10">testimony<GreekSeq>13</GreekSeq></word><word seq="11">that<GreekSeq>14</GreekSeq></word><word seq="12">he bears<GreekSeq>15</GreekSeq></word><word seq="13">about<GreekSeq>16</GreekSeq></word><word seq="14">me<GreekSeq>17</GreekSeq></word><word seq="15">is<GreekSeq>11</GreekSeq></word><word seq="16">true.<GreekSeq>10</GreekSeq></word></ESV></verse>
<verse number="33"><ESV><word seq="1">You<GreekSeq>1</GreekSeq></word><word seq="2">sent<GreekSeq>2</GreekSeq></word><word seq="3">to<GreekSeq>3</GreekSeq></word><word seq="4">John,<GreekSeq>4</GreekSeq></word><word seq="5">and<GreekSeq>5</GreekSeq></word><word seq="6">he has borne witness<GreekSeq>6</GreekSeq></word><word seq="7">to the<GreekSeq>7</GreekSeq></word><word seq="8">truth.<GreekSeq>8</GreekSeq></word></ESV></verse>
<verse number="34"><ESV><word seq="1">Not<GreekSeq>3</GreekSeq></word><word seq="2">that</word><word seq="3">the<GreekSeq>6</GreekSeq></word><word seq="4">testimony<GreekSeq>7</GreekSeq></word><word seq="5">that</word><word seq="6">I<GreekSeq>1</GreekSeq></word><word seq="7">receive<GreekSeq>8</GreekSeq></word><word seq="8">is</word><word seq="9">from<GreekSeq>4</GreekSeq></word><word seq="10">man,<GreekSeq>5</GreekSeq></word><word seq="11">but<GreekSeq>9</GreekSeq></word><word seq="12">I say<GreekSeq>11</GreekSeq></word><word seq="13">these things<GreekSeq>10</GreekSeq></word><word seq="14">so that<GreekSeq>12</GreekSeq></word><word seq="15">you<GreekSeq>13</GreekSeq></word><word seq="16">may be saved.<GreekSeq>14</GreekSeq></word></ESV></verse>
<verse number="35"><ESV><word seq="1">He<GreekSeq>1</GreekSeq></word><word seq="2">was<GreekSeq>2</GreekSeq></word><word seq="3">a<GreekSeq>3</GreekSeq></word><word seq="4">burning<GreekSeq>6</GreekSeq></word><word seq="5">and<GreekSeq>7</GreekSeq></word><word seq="6">shining<GreekSeq>8</GreekSeq></word><word seq="7">lamp,<GreekSeq>4</GreekSeq></word><word seq="8">and<GreekSeq>10</GreekSeq></word><word seq="9">you<GreekSeq>9</GreekSeq></word><word seq="10">were willing<GreekSeq>11</GreekSeq></word><word seq="11">to rejoice<GreekSeq>12</GreekSeq></word><word seq="12">for<GreekSeq>13</GreekSeq></word><word seq="13">a while<GreekSeq>14</GreekSeq></word><word seq="14">in<GreekSeq>15</GreekSeq></word><word seq="15">his<GreekSeq>18</GreekSeq></word><word seq="16">light.<GreekSeq>17</GreekSeq></word></ESV></verse>
<verse number="36"><ESV><word seq="1">But<GreekSeq>2</GreekSeq></word><word seq="2">the<GreekSeq>4</GreekSeq></word><word seq="3">testimony<GreekSeq>5</GreekSeq></word><word seq="4">that</word><word seq="5">I<GreekSeq>1</GreekSeq></word><word seq="6">have<GreekSeq>3</GreekSeq></word><word seq="7">is</word><word seq="8">greater than<GreekSeq>6</GreekSeq></word><word seq="9">that</word><word seq="10">of John.<GreekSeq>8</GreekSeq></word><word seq="11">For<GreekSeq>10</GreekSeq></word><word seq="12">the<GreekSeq>9</GreekSeq></word><word seq="13">works<GreekSeq>11</GreekSeq></word><word seq="14">that<GreekSeq>12</GreekSeq></word><word seq="15">the<GreekSeq>15</GreekSeq></word><word seq="16">Father<GreekSeq>16</GreekSeq></word><word seq="17">has given<GreekSeq>13</GreekSeq></word><word seq="18">me<GreekSeq>14</GreekSeq></word><word seq="19">to accomplish,<GreekSeq>17</GreekSeq><GreekSeq>18</GreekSeq></word><word seq="20">the<GreekSeq>21</GreekSeq></word><word seq="21">very<GreekSeq>20</GreekSeq></word><word seq="22">works<GreekSeq>22</GreekSeq></word><word seq="23">that<GreekSeq>23</GreekSeq></word><word seq="24">I am doing,<GreekSeq>24</GreekSeq></word><word seq="25">bear witness<GreekSeq>25</GreekSeq></word><word seq="26">about<GreekSeq>26</GreekSeq></word><word seq="27">me<GreekSeq>27</GreekSeq></word><word seq="28">that<GreekSeq>28</GreekSeq></word><word seq="29">the<GreekSeq>29</GreekSeq></word><word seq="30">Father<GreekSeq>30</GreekSeq></word><word seq="31">has sent<GreekSeq>32</GreekSeq></word><word seq="32">me.<GreekSeq>31</GreekSeq></word></ESV></verse>
<verse number="37"><ESV><word seq="1">And<GreekSeq>1</GreekSeq></word><word seq="2">the<GreekSeq>2</GreekSeq></word><word seq="3">Father<GreekSeq>5</GreekSeq></word><word seq="4">who sent<GreekSeq>3</GreekSeq></word><word seq="5">me<GreekSeq>4</GreekSeq></word><word seq="6">has<GreekSeq>7</GreekSeq></word><word seq="7" note="Base of different Greek: αυτος(846)">himself<GreekSeq>6</GreekSeq></word><word seq="8">borne witness<GreekSeq>7</GreekSeq></word><word seq="9">about<GreekSeq>8</GreekSeq></word><word seq="10">me.<GreekSeq>9</GreekSeq></word><word seq="11">His<GreekSeq>12</GreekSeq></word><word seq="12">voice<GreekSeq>11</GreekSeq></word><word seq="13">you have<GreekSeq>14</GreekSeq></word><word seq="14">never<GreekSeq>10</GreekSeq><GreekSeq>13</GreekSeq></word><word seq="15">heard,<GreekSeq>14</GreekSeq></word><word seq="16">his<GreekSeq>17</GreekSeq></word><word seq="17">form<GreekSeq>16</GreekSeq></word><word seq="18">you have<GreekSeq>18</GreekSeq></word><word seq="19">never<GreekSeq>15</GreekSeq></word><word seq="20">seen,<GreekSeq>18</GreekSeq></word></ESV></verse>
<verse number="38"><ESV><word seq="1">and<GreekSeq>1</GreekSeq></word><word seq="2">you do<GreekSeq>6</GreekSeq></word><word seq="3">not<GreekSeq>5</GreekSeq></word><word seq="4">have<GreekSeq>6</GreekSeq></word><word seq="5">his<GreekSeq>4</GreekSeq></word><word seq="6">word<GreekSeq>3</GreekSeq></word><word seq="7">abiding<GreekSeq>9</GreekSeq></word><word seq="8">in<GreekSeq>7</GreekSeq></word><word seq="9">you,<GreekSeq>8</GreekSeq></word><word seq="10">for<GreekSeq>10</GreekSeq></word><word seq="11">you<GreekSeq>15</GreekSeq></word><word seq="12">do</word><word seq="13">not<GreekSeq>16</GreekSeq></word><word seq="14">believe<GreekSeq>17</GreekSeq></word><word seq="15">the one<GreekSeq>14</GreekSeq></word><word seq="16">whom<GreekSeq>11</GreekSeq></word><word seq="17">he<GreekSeq>13</GreekSeq></word><word seq="18">has sent.<GreekSeq>12</GreekSeq></word></ESV></verse>
<verse number="39"><ESV><word seq="1">You search<GreekSeq>1</GreekSeq></word><word seq="2">the<GreekSeq>2</GreekSeq></word><word seq="3">Scriptures<GreekSeq>3</GreekSeq></word><word seq="4">because<GreekSeq>4</GreekSeq></word><word seq="5">you<GreekSeq>5</GreekSeq></word><word seq="6">think<GreekSeq>6</GreekSeq></word><word seq="7">that</word><word seq="8">in<GreekSeq>7</GreekSeq></word><word seq="9">them<GreekSeq>8</GreekSeq></word><word seq="10">you</word><word seq="11">have<GreekSeq>11</GreekSeq></word><word seq="12">eternal<GreekSeq>10</GreekSeq></word><word seq="13">life;<GreekSeq>9</GreekSeq></word><word seq="14">and<GreekSeq>12</GreekSeq></word><word seq="15">it is<GreekSeq>14</GreekSeq></word><word seq="16">they<GreekSeq>13</GreekSeq></word><word seq="17">that bear witness<GreekSeq>16</GreekSeq></word><word seq="18">about<GreekSeq>17</GreekSeq></word><word seq="19">me,<GreekSeq>18</GreekSeq></word></ESV></verse>
<verse number="40"><ESV><word seq="1">yet<GreekSeq>1</GreekSeq></word><word seq="2">you refuse<GreekSeq>2</GreekSeq><GreekSeq>3</GreekSeq></word><word seq="3">to come<GreekSeq>4</GreekSeq></word><word seq="4">to<GreekSeq>5</GreekSeq></word><word seq="5">me<GreekSeq>6</GreekSeq></word><word seq="6">that<GreekSeq>7</GreekSeq></word><word seq="7">you may have<GreekSeq>9</GreekSeq></word><word seq="8">life.<GreekSeq>8</GreekSeq></word></ESV></verse>
<verse number="41"><ESV><word seq="1">I do<GreekSeq>5</GreekSeq></word><word seq="2">not<GreekSeq>4</GreekSeq></word><word seq="3">receive<GreekSeq>5</GreekSeq></word><word seq="4">glory<GreekSeq>1</GreekSeq></word><word seq="5">from<GreekSeq>2</GreekSeq></word><word seq="6">people.<GreekSeq>3</GreekSeq></word></ESV></verse>
<verse number="42"><ESV><word seq="1">But<GreekSeq>1</GreekSeq></word><word seq="2">I know<GreekSeq>2</GreekSeq></word><word seq="3">that<GreekSeq>4</GreekSeq></word><word seq="4">you<GreekSeq>3</GreekSeq></word><word seq="5">do</word><word seq="6">not<GreekSeq>9</GreekSeq></word><word seq="7">have<GreekSeq>10</GreekSeq></word><word seq="8">the<GreekSeq>5</GreekSeq></word><word seq="9">love<GreekSeq>6</GreekSeq></word><word seq="10">of God<GreekSeq>8</GreekSeq></word><word seq="11">within<GreekSeq>11</GreekSeq></word><word seq="12">you.<GreekSeq>12</GreekSeq></word></ESV></verse>
<verse number="43"><ESV><word seq="1">I<GreekSeq>1</GreekSeq></word><word seq="2">have come<GreekSeq>2</GreekSeq></word><word seq="3">in<GreekSeq>3</GreekSeq></word><word seq="4">my<GreekSeq>8</GreekSeq></word><word seq="5">Father’s<GreekSeq>7</GreekSeq></word><word seq="6">name,<GreekSeq>5</GreekSeq></word><word seq="7">and<GreekSeq>9</GreekSeq></word><word seq="8">you do<GreekSeq>11</GreekSeq></word><word seq="9">not<GreekSeq>10</GreekSeq></word><word seq="10">receive<GreekSeq>11</GreekSeq></word><word seq="11">me.<GreekSeq>12</GreekSeq></word><word seq="12">If<GreekSeq>13</GreekSeq></word><word seq="13">another<GreekSeq>14</GreekSeq></word><word seq="14">comes<GreekSeq>15</GreekSeq></word><word seq="15">in<GreekSeq>16</GreekSeq></word><word seq="16">his own<GreekSeq>20</GreekSeq></word><word seq="17">name,<GreekSeq>18</GreekSeq></word><word seq="18">you will receive<GreekSeq>22</GreekSeq></word><word seq="19">him.<GreekSeq>21</GreekSeq></word></ESV></verse>
<verse number="44"><ESV><word seq="1">How<GreekSeq>1</GreekSeq></word><word seq="2">can<GreekSeq>2</GreekSeq></word><word seq="3">you<GreekSeq>3</GreekSeq></word><word seq="4">believe,<GreekSeq>4</GreekSeq></word><word seq="5">when [you] receive<GreekSeq>8</GreekSeq></word><word seq="6">glory<GreekSeq>5</GreekSeq></word><word seq="7">from<GreekSeq>6</GreekSeq></word><word seq="8">one another<GreekSeq>7</GreekSeq></word><word seq="9">and<GreekSeq>9</GreekSeq></word><word seq="10">do</word><word seq="11">not<GreekSeq>17</GreekSeq></word><word seq="12">seek<GreekSeq>18</GreekSeq></word><word seq="13">the<GreekSeq>10</GreekSeq></word><word seq="14">glory<GreekSeq>11</GreekSeq></word><word seq="15">that<GreekSeq>12</GreekSeq></word><word seq="16">comes</word><word seq="17">from<GreekSeq>13</GreekSeq></word><word seq="18">the<GreekSeq>14</GreekSeq></word><word seq="19">only<GreekSeq>15</GreekSeq></word><word seq="20">God?<GreekSeq>16</GreekSeq></word></ESV></verse>
<verse number="45"><ESV><word seq="1">Do</word><word seq="2">not<GreekSeq>1</GreekSeq></word><word seq="3">think<GreekSeq>2</GreekSeq></word><word seq="4">that<GreekSeq>3</GreekSeq></word><word seq="5">I<GreekSeq>4</GreekSeq></word><word seq="6">will accuse<GreekSeq>5</GreekSeq></word><word seq="7">you<GreekSeq>6</GreekSeq></word><word seq="8">to<GreekSeq>7</GreekSeq></word><word seq="9">the<GreekSeq>8</GreekSeq></word><word seq="10">Father.<GreekSeq>9</GreekSeq></word><word seq="11">There is<GreekSeq>10</GreekSeq></word><word seq="12">one<GreekSeq>11</GreekSeq></word><word seq="13">who accuses<GreekSeq>12</GreekSeq></word><word seq="14">you:<GreekSeq>13</GreekSeq></word><word seq="15">Moses,<GreekSeq>14</GreekSeq></word><word seq="16">on<GreekSeq>15</GreekSeq></word><word seq="17">whom<GreekSeq>16</GreekSeq></word><word seq="18">you<GreekSeq>17</GreekSeq></word><word seq="19">have set your hope.<GreekSeq>18</GreekSeq></word></ESV></verse>
<verse number="46"><ESV><word seq="1">For<GreekSeq>2</GreekSeq></word><word seq="2">if<GreekSeq>1</GreekSeq></word><word seq="3">you believed<GreekSeq>3</GreekSeq></word><word seq="4">Moses,<GreekSeq>4</GreekSeq></word><word seq="5">you would believe<GreekSeq>5</GreekSeq><GreekSeq>6</GreekSeq></word><word seq="6">me;<GreekSeq>7</GreekSeq></word><word seq="7">for<GreekSeq>9</GreekSeq></word><word seq="8">he<GreekSeq>11</GreekSeq></word><word seq="9">wrote<GreekSeq>12</GreekSeq></word><word seq="10">of<GreekSeq>8</GreekSeq></word><word seq="11">me.<GreekSeq>10</GreekSeq></word></ESV></verse>
<verse number="47"><ESV><word seq="1">But<GreekSeq>2</GreekSeq></word><word seq="2">if<GreekSeq>1</GreekSeq></word><word seq="3">you do<GreekSeq>7</GreekSeq></word><word seq="4">not<GreekSeq>6</GreekSeq></word><word seq="5">believe<GreekSeq>7</GreekSeq></word><word seq="6">his<GreekSeq>4</GreekSeq></word><word seq="7">writings,<GreekSeq>5</GreekSeq></word><word seq="8">how<GreekSeq>8</GreekSeq></word><word seq="9">will you believe<GreekSeq>12</GreekSeq></word><word seq="10">my<GreekSeq>10</GreekSeq></word><word seq="11">words?”<GreekSeq>11</GreekSeq></word></ESV></verse></chapter></book>