<?xml version="1.0" encoding="UTF-8" standalone="no"?><book><chapter number="13">'<verse number="1"><ESV><word seq="1">Now<GreekSeq>2</GreekSeq></word><word seq="2">before<GreekSeq>1</GreekSeq></word><word seq="3">the<GreekSeq>3</GreekSeq></word><word seq="4">Feast<GreekSeq>4</GreekSeq></word><word seq="5">of the<GreekSeq>5</GreekSeq></word><word seq="6">Passover,<GreekSeq>6</GreekSeq></word><word seq="7">when</word><word seq="8">Jesus<GreekSeq>9</GreekSeq></word><word seq="9">knew<GreekSeq>7</GreekSeq></word><word seq="10">that<GreekSeq>10</GreekSeq></word><word seq="11">his<GreekSeq>12</GreekSeq></word><word seq="12">hour<GreekSeq>14</GreekSeq></word><word seq="13">had come<GreekSeq>11</GreekSeq></word><word seq="14">to depart<GreekSeq>15</GreekSeq><GreekSeq>16</GreekSeq></word><word seq="15">out of<GreekSeq>17</GreekSeq></word><word seq="16">this<GreekSeq>20</GreekSeq></word><word seq="17">world<GreekSeq>19</GreekSeq></word><word seq="18">to<GreekSeq>21</GreekSeq></word><word seq="19">the<GreekSeq>22</GreekSeq></word><word seq="20">Father,<GreekSeq>23</GreekSeq></word><word seq="21">having loved<GreekSeq>24</GreekSeq></word><word seq="22">his own<GreekSeq>26</GreekSeq></word><word seq="23">who<GreekSeq>27</GreekSeq></word><word seq="24">were</word><word seq="25">in<GreekSeq>28</GreekSeq></word><word seq="26">the<GreekSeq>29</GreekSeq></word><word seq="27">world,<GreekSeq>30</GreekSeq></word><word seq="28">he loved<GreekSeq>33</GreekSeq></word><word seq="29">them<GreekSeq>34</GreekSeq></word><word seq="30">to<GreekSeq>31</GreekSeq></word><word seq="31">the end.<GreekSeq>32</GreekSeq></word></ESV></verse>
<verse number="2"><ESV><word seq="1">During<GreekSeq>3</GreekSeq></word><word seq="2">supper,<GreekSeq>2</GreekSeq></word><word seq="3">when</word><word seq="4">the<GreekSeq>4</GreekSeq></word><word seq="5">devil<GreekSeq>5</GreekSeq></word><word seq="6">had<GreekSeq>7</GreekSeq></word><word seq="7">already<GreekSeq>6</GreekSeq></word><word seq="8">put<GreekSeq>7</GreekSeq></word><word seq="9">it</word><word seq="10">into<GreekSeq>8</GreekSeq></word><word seq="11">the<GreekSeq>9</GreekSeq></word><word seq="12">heart<GreekSeq>10</GreekSeq></word><word seq="13">of</word><word seq="14">Judas<GreekSeq>14</GreekSeq></word><word seq="15">Iscariot,<GreekSeq>16</GreekSeq></word><word seq="16">Simon’s [son],<GreekSeq>15</GreekSeq></word><word seq="17">to betray<GreekSeq>11</GreekSeq><GreekSeq>12</GreekSeq></word><word seq="18">him,<GreekSeq>13</GreekSeq></word></ESV></verse>
<verse number="3"><ESV><word seq="1" note="Base of different Greek:  Ἰησοῦς(2424)">Jesus,</word><word seq="2">knowing<GreekSeq>1</GreekSeq></word><word seq="3">that<GreekSeq>2</GreekSeq></word><word seq="4">the<GreekSeq>6</GreekSeq></word><word seq="5">Father<GreekSeq>7</GreekSeq></word><word seq="6">had given<GreekSeq>4</GreekSeq></word><word seq="7">all things<GreekSeq>3</GreekSeq></word><word seq="8">into<GreekSeq>8</GreekSeq></word><word seq="9">his<GreekSeq>5</GreekSeq></word><word seq="10">hands,<GreekSeq>10</GreekSeq></word><word seq="11">and<GreekSeq>11</GreekSeq></word><word seq="12">that<GreekSeq>12</GreekSeq></word><word seq="13">he had come<GreekSeq>15</GreekSeq></word><word seq="14">from<GreekSeq>13</GreekSeq></word><word seq="15">God<GreekSeq>14</GreekSeq></word><word seq="16">and<GreekSeq>16</GreekSeq></word><word seq="17">was going back<GreekSeq>20</GreekSeq></word><word seq="18">to<GreekSeq>17</GreekSeq></word><word seq="19">God,<GreekSeq>19</GreekSeq></word></ESV></verse>
<verse number="4"><ESV><word seq="1">rose<GreekSeq>1</GreekSeq></word><word seq="2">from<GreekSeq>2</GreekSeq></word><word seq="3">supper.<GreekSeq>4</GreekSeq></word><word seq="4">He laid aside<GreekSeq>6</GreekSeq></word><word seq="5">his</word><word seq="6">outer garments,<GreekSeq>8</GreekSeq></word><word seq="7">and<GreekSeq>9</GreekSeq></word><word seq="8">taking<GreekSeq>10</GreekSeq></word><word seq="9">a towel,<GreekSeq>11</GreekSeq></word><word seq="10">tied [it] around his waist.<GreekSeq>12</GreekSeq><GreekSeq>13</GreekSeq></word></ESV></verse>
<verse number="5"><ESV><word seq="1">Then<GreekSeq>1</GreekSeq></word><word seq="2">he poured<GreekSeq>2</GreekSeq></word><word seq="3">water<GreekSeq>3</GreekSeq></word><word seq="4">into<GreekSeq>4</GreekSeq></word><word seq="5">a<GreekSeq>5</GreekSeq></word><word seq="6">basin<GreekSeq>6</GreekSeq></word><word seq="7">and<GreekSeq>7</GreekSeq></word><word seq="8">began<GreekSeq>8</GreekSeq></word><word seq="9">to wash<GreekSeq>9</GreekSeq></word><word seq="10">the<GreekSeq>10</GreekSeq></word><word seq="11">disciples’<GreekSeq>13</GreekSeq></word><word seq="12">feet<GreekSeq>11</GreekSeq></word><word seq="13">and<GreekSeq>14</GreekSeq></word><word seq="14">to wipe<GreekSeq>15</GreekSeq></word><word seq="15">them</word><word seq="16">with the<GreekSeq>16</GreekSeq></word><word seq="17">towel<GreekSeq>17</GreekSeq></word><word seq="18">that<GreekSeq>18</GreekSeq></word><word seq="19">was<GreekSeq>19</GreekSeq></word><word seq="20">wrapped around him.<GreekSeq>20</GreekSeq></word></ESV></verse>
<verse number="6"><ESV><word seq="1">He came<GreekSeq>1</GreekSeq></word><word seq="2">to<GreekSeq>3</GreekSeq></word><word seq="3">Simon<GreekSeq>4</GreekSeq></word><word seq="4">Peter,<GreekSeq>5</GreekSeq></word><word seq="5">who said<GreekSeq>6</GreekSeq></word><word seq="6">to him,<GreekSeq>7</GreekSeq></word><word seq="7">“Lord,<GreekSeq>8</GreekSeq></word><word seq="8">do</word><word seq="9">you<GreekSeq>9</GreekSeq></word><word seq="10">wash<GreekSeq>11</GreekSeq></word><word seq="11">my<GreekSeq>10</GreekSeq></word><word seq="12">feet?”<GreekSeq>13</GreekSeq></word></ESV></verse>
<verse number="7"><ESV><word seq="1">Jesus<GreekSeq>2</GreekSeq></word><word seq="2">answered<GreekSeq>1</GreekSeq></word><word seq="3">him,<GreekSeq>5</GreekSeq></word><word seq="4">“What<GreekSeq>6</GreekSeq></word><word seq="5">I<GreekSeq>7</GreekSeq></word><word seq="6">am doing<GreekSeq>8</GreekSeq></word><word seq="7">you<GreekSeq>9</GreekSeq></word><word seq="8">do</word><word seq="9">not<GreekSeq>10</GreekSeq></word><word seq="10">understand<GreekSeq>11</GreekSeq></word><word seq="11">now,<GreekSeq>12</GreekSeq></word><word seq="12">but<GreekSeq>14</GreekSeq></word><word seq="13">afterward<GreekSeq>15</GreekSeq><GreekSeq>16</GreekSeq></word><word seq="14">you will understand.”<GreekSeq>13</GreekSeq></word></ESV></verse>
<verse number="8"><ESV><word seq="1">Peter<GreekSeq>3</GreekSeq></word><word seq="2">said<GreekSeq>1</GreekSeq></word><word seq="3">to him,<GreekSeq>2</GreekSeq></word><word seq="4">“You shall<GreekSeq>6</GreekSeq></word><word seq="5">never<GreekSeq>4</GreekSeq><GreekSeq>5</GreekSeq><GreekSeq>10</GreekSeq><GreekSeq>11</GreekSeq><GreekSeq>12</GreekSeq></word><word seq="6">wash<GreekSeq>6</GreekSeq></word><word seq="7">my<GreekSeq>7</GreekSeq></word><word seq="8">feet.”<GreekSeq>9</GreekSeq></word><word seq="9">Jesus<GreekSeq>14</GreekSeq></word><word seq="10">answered<GreekSeq>13</GreekSeq></word><word seq="11">him,<GreekSeq>15</GreekSeq></word><word seq="12">“If<GreekSeq>16</GreekSeq></word><word seq="13">I<GreekSeq>18</GreekSeq></word><word seq="14">do</word><word seq="15">not<GreekSeq>17</GreekSeq></word><word seq="16">wash<GreekSeq>18</GreekSeq></word><word seq="17">you,<GreekSeq>19</GreekSeq></word><word seq="18">you have<GreekSeq>21</GreekSeq></word><word seq="19">no<GreekSeq>20</GreekSeq></word><word seq="20">share<GreekSeq>22</GreekSeq></word><word seq="21">with<GreekSeq>23</GreekSeq></word><word seq="22">me.”<GreekSeq>24</GreekSeq></word></ESV></verse>
<verse number="9"><ESV><word seq="1">Simon<GreekSeq>3</GreekSeq></word><word seq="2">Peter<GreekSeq>4</GreekSeq></word><word seq="3">said<GreekSeq>1</GreekSeq></word><word seq="4">to him,<GreekSeq>2</GreekSeq></word><word seq="5">“Lord,<GreekSeq>5</GreekSeq></word><word seq="6">not<GreekSeq>6</GreekSeq></word><word seq="7">my<GreekSeq>9</GreekSeq></word><word seq="8">feet<GreekSeq>8</GreekSeq></word><word seq="9">only<GreekSeq>10</GreekSeq></word><word seq="10">but<GreekSeq>11</GreekSeq></word><word seq="11">also<GreekSeq>12</GreekSeq></word><word seq="12">my</word><word seq="13">hands<GreekSeq>14</GreekSeq></word><word seq="14">and<GreekSeq>15</GreekSeq></word><word seq="15">my</word><word seq="16">head!”<GreekSeq>17</GreekSeq></word></ESV></verse>
<verse number="10"><ESV><word seq="1">Jesus<GreekSeq>4</GreekSeq></word><word seq="2">said<GreekSeq>1</GreekSeq></word><word seq="3">to him,<GreekSeq>2</GreekSeq></word><word seq="4">“The one<GreekSeq>5</GreekSeq></word><word seq="5">who has bathed<GreekSeq>6</GreekSeq></word><word seq="6">does</word><word seq="7">not<GreekSeq>7</GreekSeq></word><word seq="8">need<GreekSeq>8</GreekSeq><GreekSeq>9</GreekSeq></word><word seq="9">to wash,<GreekSeq>14</GreekSeq></word><word seq="10" note="εἰ μή Strong Code (1508)">except<GreekSeq>10</GreekSeq><GreekSeq>11</GreekSeq></word><word seq="11">for his</word><word seq="12">feet,<GreekSeq>13</GreekSeq></word><word seq="13">but<GreekSeq>15</GreekSeq></word><word seq="14">is<GreekSeq>16</GreekSeq></word><word seq="15">completely<GreekSeq>18</GreekSeq></word><word seq="16">clean.<GreekSeq>17</GreekSeq></word><word seq="17">And<GreekSeq>19</GreekSeq></word><word seq="18">you<GreekSeq>20</GreekSeq></word><word seq="19">are<GreekSeq>22</GreekSeq></word><word seq="20">clean,<GreekSeq>21</GreekSeq></word><word seq="21">but<GreekSeq>23</GreekSeq></word><word seq="22">not<GreekSeq>24</GreekSeq></word><word seq="23">every one<GreekSeq>25</GreekSeq></word><word seq="24">of you.”</word></ESV></verse>
<verse number="11"><ESV><word seq="1">For<GreekSeq>2</GreekSeq></word><word seq="2">he knew<GreekSeq>1</GreekSeq></word><word seq="3">who was to betray<GreekSeq>4</GreekSeq></word><word seq="4">him;<GreekSeq>5</GreekSeq></word><word seq="5">that was why<GreekSeq>6</GreekSeq><GreekSeq>7</GreekSeq></word><word seq="6">he said,<GreekSeq>8</GreekSeq></word><word seq="7">“Not<GreekSeq>10</GreekSeq></word><word seq="8">all<GreekSeq>11</GreekSeq></word><word seq="9">of</word><word seq="10">you are<GreekSeq>13</GreekSeq></word><word seq="11">clean.”<GreekSeq>12</GreekSeq></word></ESV></verse>
<verse number="12"><ESV><word seq="1">When<GreekSeq>1</GreekSeq></word><word seq="2">he had washed<GreekSeq>3</GreekSeq></word><word seq="3">their<GreekSeq>6</GreekSeq></word><word seq="4">feet<GreekSeq>5</GreekSeq></word><word seq="5">and<GreekSeq>7</GreekSeq></word><word seq="6">put on<GreekSeq>8</GreekSeq></word><word seq="7">his<GreekSeq>11</GreekSeq></word><word seq="8">outer garments<GreekSeq>10</GreekSeq></word><word seq="9">and<GreekSeq>12</GreekSeq></word><word seq="10">resumed his place,<GreekSeq>13</GreekSeq><GreekSeq>14</GreekSeq></word><word seq="11">he said<GreekSeq>15</GreekSeq></word><word seq="12">to them,<GreekSeq>16</GreekSeq></word><word seq="13">“Do</word><word seq="14">you understand<GreekSeq>17</GreekSeq></word><word seq="15">what<GreekSeq>18</GreekSeq></word><word seq="16">I have done<GreekSeq>19</GreekSeq></word><word seq="17">to you?<GreekSeq>20</GreekSeq></word></ESV></verse>
<verse number="13"><ESV><word seq="1">You<GreekSeq>1</GreekSeq></word><word seq="2">call<GreekSeq>2</GreekSeq></word><word seq="3">me<GreekSeq>3</GreekSeq></word><word seq="4">Teacher<GreekSeq>5</GreekSeq></word><word seq="5">and<GreekSeq>6</GreekSeq></word><word seq="6">Lord,<GreekSeq>8</GreekSeq></word><word seq="7">and<GreekSeq>9</GreekSeq></word><word seq="8">you are right,<GreekSeq>10</GreekSeq><GreekSeq>11</GreekSeq></word><word seq="9">for<GreekSeq>13</GreekSeq></word><word seq="10">so</word><word seq="11">I am.<GreekSeq>12</GreekSeq></word></ESV></verse>
<verse number="14"><ESV><word seq="1">If<GreekSeq>1</GreekSeq></word><word seq="2">I<GreekSeq>3</GreekSeq></word><word seq="3">then,<GreekSeq>2</GreekSeq></word><word seq="4">your</word><word seq="5">Lord<GreekSeq>9</GreekSeq></word><word seq="6">and<GreekSeq>10</GreekSeq></word><word seq="7">Teacher,<GreekSeq>12</GreekSeq></word><word seq="8">have washed<GreekSeq>4</GreekSeq></word><word seq="9">your<GreekSeq>5</GreekSeq></word><word seq="10">feet,<GreekSeq>7</GreekSeq></word><word seq="11">you<GreekSeq>14</GreekSeq></word><word seq="12">also<GreekSeq>13</GreekSeq></word><word seq="13">ought<GreekSeq>15</GreekSeq></word><word seq="14">to wash<GreekSeq>17</GreekSeq></word><word seq="15">one another’s<GreekSeq>16</GreekSeq></word><word seq="16">feet.<GreekSeq>19</GreekSeq></word></ESV></verse>
<verse number="15"><ESV><word seq="1">For<GreekSeq>2</GreekSeq></word><word seq="2">I have given<GreekSeq>3</GreekSeq></word><word seq="3">you<GreekSeq>4</GreekSeq></word><word seq="4">an example,<GreekSeq>1</GreekSeq></word><word seq="5">that<GreekSeq>5</GreekSeq></word><word seq="6">you<GreekSeq>11</GreekSeq></word><word seq="7">also<GreekSeq>10</GreekSeq></word><word seq="8">should do<GreekSeq>12</GreekSeq></word><word seq="9">just as<GreekSeq>6</GreekSeq></word><word seq="10">I<GreekSeq>7</GreekSeq></word><word seq="11">have done<GreekSeq>8</GreekSeq></word><word seq="12">to you.<GreekSeq>9</GreekSeq></word></ESV></verse>
<verse number="16"><ESV><word seq="1">Truly,<GreekSeq>1</GreekSeq></word><word seq="2">truly,<GreekSeq>2</GreekSeq></word><word seq="3">I say<GreekSeq>3</GreekSeq></word><word seq="4">to you,<GreekSeq>4</GreekSeq></word><word seq="5">a servant<GreekSeq>7</GreekSeq></word><word seq="6">is<GreekSeq>6</GreekSeq></word><word seq="7">not<GreekSeq>5</GreekSeq></word><word seq="8">greater than<GreekSeq>8</GreekSeq></word><word seq="9">his<GreekSeq>11</GreekSeq></word><word seq="10">master,<GreekSeq>10</GreekSeq></word><word seq="11">nor<GreekSeq>12</GreekSeq></word><word seq="12">is</word><word seq="13">a messenger<GreekSeq>13</GreekSeq></word><word seq="14">greater than<GreekSeq>14</GreekSeq></word><word seq="15">the one<GreekSeq>15</GreekSeq></word><word seq="16">who sent<GreekSeq>16</GreekSeq></word><word seq="17">him.<GreekSeq>17</GreekSeq></word></ESV></verse>
<verse number="17"><ESV><word seq="1">If<GreekSeq>1</GreekSeq></word><word seq="2">you know<GreekSeq>3</GreekSeq></word><word seq="3">these things,<GreekSeq>2</GreekSeq></word><word seq="4">blessed<GreekSeq>4</GreekSeq></word><word seq="5">are you<GreekSeq>5</GreekSeq></word><word seq="6">if<GreekSeq>6</GreekSeq></word><word seq="7">you do<GreekSeq>7</GreekSeq></word><word seq="8">them.<GreekSeq>8</GreekSeq></word></ESV></verse>
<verse number="18"><ESV><word seq="1">I am<GreekSeq>5</GreekSeq></word><word seq="2">not<GreekSeq>1</GreekSeq></word><word seq="3">speaking<GreekSeq>5</GreekSeq></word><word seq="4">of<GreekSeq>2</GreekSeq></word><word seq="5">all<GreekSeq>3</GreekSeq></word><word seq="6">of you;<GreekSeq>4</GreekSeq></word><word seq="7">I<GreekSeq>6</GreekSeq></word><word seq="8">know<GreekSeq>7</GreekSeq></word><word seq="9">whom<GreekSeq>8</GreekSeq></word><word seq="10">I have chosen.<GreekSeq>9</GreekSeq></word><word seq="11">But<GreekSeq>10</GreekSeq></word><word seq="12">the<GreekSeq>12</GreekSeq></word><word seq="13">Scripture<GreekSeq>13</GreekSeq></word><word seq="14">will be fulfilled,<GreekSeq>14</GreekSeq></word><word seq="15">‘He<GreekSeq>15</GreekSeq></word><word seq="16">who ate<GreekSeq>16</GreekSeq></word><word seq="17">my<GreekSeq>17</GreekSeq></word><word seq="18">bread<GreekSeq>19</GreekSeq></word><word seq="19">has lifted<GreekSeq>20</GreekSeq></word><word seq="20">his<GreekSeq>25</GreekSeq></word><word seq="21">heel<GreekSeq>24</GreekSeq></word><word seq="22">against<GreekSeq>21</GreekSeq></word><word seq="23">me.’<GreekSeq>22</GreekSeq></word></ESV></verse>
<verse number="19"><ESV><word seq="1">I am telling<GreekSeq>3</GreekSeq></word><word seq="2">you<GreekSeq>4</GreekSeq></word><word seq="3">this</word><word seq="4">now,<GreekSeq>2</GreekSeq></word><word seq="5">before<GreekSeq>5</GreekSeq></word><word seq="6">it<GreekSeq>6</GreekSeq></word><word seq="7">takes place,<GreekSeq>7</GreekSeq></word><word seq="8">that<GreekSeq>8</GreekSeq></word><word seq="9">when<GreekSeq>10</GreekSeq></word><word seq="10">it does take place<GreekSeq>11</GreekSeq></word><word seq="11">you may believe<GreekSeq>9</GreekSeq></word><word seq="12">that<GreekSeq>12</GreekSeq></word><word seq="13">I<GreekSeq>13</GreekSeq></word><word seq="14">am<GreekSeq>14</GreekSeq></word><word seq="15">he.</word></ESV></verse>
<verse number="20"><ESV><word seq="1">Truly,<GreekSeq>1</GreekSeq></word><word seq="2">truly,<GreekSeq>2</GreekSeq></word><word seq="3">I say<GreekSeq>3</GreekSeq></word><word seq="4">to you,<GreekSeq>4</GreekSeq></word><word seq="5">whoever<GreekSeq>5</GreekSeq><GreekSeq>7</GreekSeq></word><word seq="6">receives<GreekSeq>6</GreekSeq></word><word seq="7">the one<GreekSeq>8</GreekSeq></word><word seq="8">I send<GreekSeq>9</GreekSeq></word><word seq="9">receives<GreekSeq>11</GreekSeq></word><word seq="10">me,<GreekSeq>10</GreekSeq></word><word seq="11">and<GreekSeq>13</GreekSeq></word><word seq="12">whoever receives<GreekSeq>12</GreekSeq><GreekSeq>15</GreekSeq></word><word seq="13">me<GreekSeq>14</GreekSeq></word><word seq="14">receives<GreekSeq>16</GreekSeq></word><word seq="15">the one<GreekSeq>17</GreekSeq></word><word seq="16">who sent<GreekSeq>18</GreekSeq></word><word seq="17">me.”<GreekSeq>19</GreekSeq></word></ESV></verse>
<verse number="21"><ESV><word seq="1">After</word><word seq="2">saying<GreekSeq>2</GreekSeq></word><word seq="3">these things,<GreekSeq>1</GreekSeq></word><word seq="4">Jesus<GreekSeq>4</GreekSeq></word><word seq="5">was troubled<GreekSeq>5</GreekSeq></word><word seq="6">in [his] spirit,<GreekSeq>7</GreekSeq></word><word seq="7">and<GreekSeq>8</GreekSeq></word><word seq="8">testified,<GreekSeq>9</GreekSeq></word><word seq="9">“Truly,<GreekSeq>12</GreekSeq></word><word seq="10">truly,<GreekSeq>13</GreekSeq></word><word seq="11">I say<GreekSeq>14</GreekSeq></word><word seq="12">to you,<GreekSeq>15</GreekSeq></word><word seq="13">one<GreekSeq>17</GreekSeq></word><word seq="14">of<GreekSeq>18</GreekSeq></word><word seq="15">you<GreekSeq>19</GreekSeq></word><word seq="16">will betray<GreekSeq>20</GreekSeq></word><word seq="17">me.”<GreekSeq>21</GreekSeq></word></ESV></verse>
<verse number="22"><ESV><word seq="1">The<GreekSeq>4</GreekSeq></word><word seq="2">disciples<GreekSeq>5</GreekSeq></word><word seq="3">looked<GreekSeq>1</GreekSeq></word><word seq="4">at<GreekSeq>2</GreekSeq></word><word seq="5">one another,<GreekSeq>3</GreekSeq></word><word seq="6">uncertain<GreekSeq>6</GreekSeq></word><word seq="7">of<GreekSeq>7</GreekSeq></word><word seq="8">whom<GreekSeq>8</GreekSeq></word><word seq="9">he spoke.<GreekSeq>9</GreekSeq></word></ESV></verse>
<verse number="23"><ESV><word seq="1">One<GreekSeq>3</GreekSeq></word><word seq="2">of<GreekSeq>4</GreekSeq></word><word seq="3">his<GreekSeq>7</GreekSeq></word><word seq="4">disciples,<GreekSeq>6</GreekSeq></word><word seq="5">whom<GreekSeq>13</GreekSeq></word><word seq="6">Jesus<GreekSeq>16</GreekSeq></word><word seq="7">loved,<GreekSeq>14</GreekSeq></word><word seq="8">was<GreekSeq>1</GreekSeq></word><word seq="9">reclining at table<GreekSeq>2</GreekSeq></word><word seq="10">at<GreekSeq>8</GreekSeq></word><word seq="11">Jesus’<GreekSeq>12</GreekSeq></word><word seq="12">[side],<GreekSeq>10</GreekSeq></word></ESV></verse>
<verse number="24"><ESV><word seq="1">so<GreekSeq>2</GreekSeq></word><word seq="2">Simon<GreekSeq>4</GreekSeq></word><word seq="3">Peter<GreekSeq>5</GreekSeq></word><word seq="4">motioned<GreekSeq>1</GreekSeq></word><word seq="5">to him<GreekSeq>3</GreekSeq></word><word seq="6">to ask<GreekSeq>6</GreekSeq></word><word seq="7">Jesus</word><word seq="8">of<GreekSeq>10</GreekSeq></word><word seq="9">whom<GreekSeq>11</GreekSeq></word><word seq="10">he was speaking.<GreekSeq>12</GreekSeq></word></ESV></verse>
<verse number="25"><ESV><word seq="1">So<GreekSeq>2</GreekSeq></word><word seq="2">that [disciple],<GreekSeq>3</GreekSeq></word><word seq="3">leaning back<GreekSeq>1</GreekSeq></word><word seq="4">against<GreekSeq>5</GreekSeq></word><word seq="5">Jesus,<GreekSeq>9</GreekSeq></word><word seq="6">said<GreekSeq>10</GreekSeq></word><word seq="7">to him,<GreekSeq>11</GreekSeq></word><word seq="8">“Lord,<GreekSeq>12</GreekSeq></word><word seq="9">who<GreekSeq>13</GreekSeq></word><word seq="10">is it?”<GreekSeq>14</GreekSeq></word></ESV></verse>
<verse number="26"><ESV><word seq="1">Jesus<GreekSeq>3</GreekSeq></word><word seq="2">answered,<GreekSeq>1</GreekSeq></word><word seq="3">“It is<GreekSeq>5</GreekSeq></word><word seq="4">he<GreekSeq>4</GreekSeq></word><word seq="5">to whom<GreekSeq>6</GreekSeq></word><word seq="6">I will give<GreekSeq>12</GreekSeq></word><word seq="7">this<GreekSeq>9</GreekSeq></word><word seq="8">morsel of bread<GreekSeq>10</GreekSeq></word><word seq="9">when</word><word seq="10">I<GreekSeq>7</GreekSeq></word><word seq="11">have dipped it.”<GreekSeq>8</GreekSeq></word><word seq="12">So<GreekSeq>15</GreekSeq></word><word seq="13">when he had dipped<GreekSeq>14</GreekSeq></word><word seq="14">the<GreekSeq>16</GreekSeq></word><word seq="15">morsel,<GreekSeq>17</GreekSeq></word><word seq="16">he gave<GreekSeq>20</GreekSeq></word><word seq="17">it</word><word seq="18">to Judas,<GreekSeq>21</GreekSeq></word><word seq="19">[the son] of Simon<GreekSeq>22</GreekSeq></word><word seq="20">Iscariot.<GreekSeq>23</GreekSeq></word></ESV></verse>
<verse number="27"><ESV><word seq="1">Then<GreekSeq>5</GreekSeq></word><word seq="2">after<GreekSeq>2</GreekSeq></word><word seq="3">he had taken</word><word seq="4">the<GreekSeq>3</GreekSeq></word><word seq="5">morsel,<GreekSeq>4</GreekSeq></word><word seq="6">Satan<GreekSeq>10</GreekSeq></word><word seq="7">entered<GreekSeq>6</GreekSeq></word><word seq="8">into<GreekSeq>7</GreekSeq></word><word seq="9">him.<GreekSeq>8</GreekSeq></word><word seq="10">Jesus<GreekSeq>15</GreekSeq></word><word seq="11">said<GreekSeq>11</GreekSeq></word><word seq="12">to him,<GreekSeq>13</GreekSeq></word><word seq="13">“What<GreekSeq>16</GreekSeq></word><word seq="14">you [are going to] do,<GreekSeq>17</GreekSeq></word><word seq="15">do<GreekSeq>18</GreekSeq></word><word seq="16">quickly.”<GreekSeq>19</GreekSeq></word></ESV></verse>
<verse number="28"><ESV><word seq="1">Now<GreekSeq>2</GreekSeq></word><word seq="2">no one<GreekSeq>3</GreekSeq></word><word seq="3">at the table<GreekSeq>6</GreekSeq></word><word seq="4">knew<GreekSeq>4</GreekSeq></word><word seq="5">why<GreekSeq>7</GreekSeq><GreekSeq>8</GreekSeq></word><word seq="6">he said<GreekSeq>9</GreekSeq></word><word seq="7">this<GreekSeq>1</GreekSeq></word><word seq="8">to him.<GreekSeq>10</GreekSeq></word></ESV></verse>
<verse number="29"><ESV><word seq="1">Some<GreekSeq>1</GreekSeq></word><word seq="2">thought<GreekSeq>3</GreekSeq></word><word seq="3">that,</word><word seq="4">because<GreekSeq>4</GreekSeq></word><word seq="5">Judas<GreekSeq>8</GreekSeq></word><word seq="6">had<GreekSeq>7</GreekSeq></word><word seq="7">the<GreekSeq>5</GreekSeq></word><word seq="8">moneybag,<GreekSeq>6</GreekSeq></word><word seq="9">Jesus<GreekSeq>13</GreekSeq></word><word seq="10">was telling<GreekSeq>10</GreekSeq></word><word seq="11">him,<GreekSeq>11</GreekSeq></word><word seq="12">“Buy<GreekSeq>14</GreekSeq></word><word seq="13">what<GreekSeq>15</GreekSeq></word><word seq="14">we need<GreekSeq>16</GreekSeq><GreekSeq>17</GreekSeq></word><word seq="15">for<GreekSeq>18</GreekSeq></word><word seq="16">the<GreekSeq>19</GreekSeq></word><word seq="17">feast,<GreekSeq>20</GreekSeq></word><word seq="18">”or<GreekSeq>21</GreekSeq></word><word seq="19">that<GreekSeq>24</GreekSeq></word><word seq="20">he should give<GreekSeq>26</GreekSeq></word><word seq="21">something<GreekSeq>25</GreekSeq></word><word seq="22">to the<GreekSeq>22</GreekSeq></word><word seq="23">poor.<GreekSeq>23</GreekSeq></word></ESV></verse>
<verse number="30"><ESV><word seq="1">So, after<GreekSeq>2</GreekSeq></word><word seq="2">receiving<GreekSeq>1</GreekSeq></word><word seq="3">the<GreekSeq>3</GreekSeq></word><word seq="4">morsel of bread,<GreekSeq>4</GreekSeq></word><word seq="5">he<GreekSeq>5</GreekSeq></word><word seq="6">immediately<GreekSeq>7</GreekSeq></word><word seq="7">went out.<GreekSeq>6</GreekSeq></word><word seq="8">And<GreekSeq>9</GreekSeq></word><word seq="9">it was<GreekSeq>8</GreekSeq></word><word seq="10">night.<GreekSeq>10</GreekSeq></word></ESV></verse>
<verse number="31"><ESV><word seq="1">When<GreekSeq>1</GreekSeq></word><word seq="2">he had gone out,<GreekSeq>3</GreekSeq></word><word seq="3">Jesus<GreekSeq>5</GreekSeq></word><word seq="4">said,<GreekSeq>4</GreekSeq></word><word seq="5">“Now<GreekSeq>6</GreekSeq></word><word seq="6">is<GreekSeq>7</GreekSeq></word><word seq="7">the<GreekSeq>8</GreekSeq></word><word seq="8">Son<GreekSeq>9</GreekSeq></word><word seq="9">of Man<GreekSeq>11</GreekSeq></word><word seq="10">glorified,<GreekSeq>7</GreekSeq></word><word seq="11">and<GreekSeq>12</GreekSeq></word><word seq="12">God<GreekSeq>14</GreekSeq></word><word seq="13">is glorified<GreekSeq>15</GreekSeq></word><word seq="14">in<GreekSeq>16</GreekSeq></word><word seq="15">him.<GreekSeq>17</GreekSeq></word></ESV></verse>
<verse number="32"><ESV><word seq="1">If<GreekSeq>1</GreekSeq></word><word seq="2">God<GreekSeq>3</GreekSeq></word><word seq="3">is glorified<GreekSeq>4</GreekSeq></word><word seq="4">in<GreekSeq>5</GreekSeq></word><word seq="5">him,<GreekSeq>6</GreekSeq></word><word seq="6">God<GreekSeq>9</GreekSeq></word><word seq="7">will<GreekSeq>10</GreekSeq></word><word seq="8">also<GreekSeq>7</GreekSeq></word><word seq="9">glorify<GreekSeq>10</GreekSeq></word><word seq="10">him<GreekSeq>11</GreekSeq></word><word seq="11">in<GreekSeq>12</GreekSeq></word><word seq="12">himself,<GreekSeq>13</GreekSeq></word><word seq="13">and<GreekSeq>14</GreekSeq></word><word seq="14">glorify<GreekSeq>16</GreekSeq></word><word seq="15">him<GreekSeq>17</GreekSeq></word><word seq="16">at once.<GreekSeq>15</GreekSeq></word></ESV></verse>
<verse number="33"><ESV><word seq="1">Little children,<GreekSeq>1</GreekSeq></word><word seq="2">yet<GreekSeq>2</GreekSeq></word><word seq="3">a little [while]<GreekSeq>3</GreekSeq></word><word seq="4">I am<GreekSeq>6</GreekSeq></word><word seq="5">with<GreekSeq>4</GreekSeq></word><word seq="6">you.<GreekSeq>5</GreekSeq></word><word seq="7">You will seek<GreekSeq>7</GreekSeq></word><word seq="8">me,<GreekSeq>8</GreekSeq></word><word seq="9">and<GreekSeq>9</GreekSeq></word><word seq="10">just as<GreekSeq>10</GreekSeq></word><word seq="11">I said<GreekSeq>11</GreekSeq></word><word seq="12">to the<GreekSeq>12</GreekSeq></word><word seq="13">Jews,<GreekSeq>13</GreekSeq></word><word seq="14">so</word><word seq="15">now<GreekSeq>25</GreekSeq></word><word seq="16">I<GreekSeq>24</GreekSeq></word><word seq="17">also<GreekSeq>22</GreekSeq></word><word seq="18">say<GreekSeq>24</GreekSeq></word><word seq="19">to you,<GreekSeq>23</GreekSeq></word><word seq="20">‘Where<GreekSeq>15</GreekSeq></word><word seq="21">I<GreekSeq>16</GreekSeq></word><word seq="22">am going<GreekSeq>17</GreekSeq></word><word seq="23">you<GreekSeq>18</GreekSeq></word><word seq="24">cannot<GreekSeq>19</GreekSeq><GreekSeq>20</GreekSeq></word><word seq="25">come.’<GreekSeq>21</GreekSeq></word></ESV></verse>
<verse number="34"><ESV><word seq="1">A new<GreekSeq>2</GreekSeq></word><word seq="2">commandment<GreekSeq>1</GreekSeq></word><word seq="3">I give<GreekSeq>3</GreekSeq></word><word seq="4">to you,<GreekSeq>4</GreekSeq></word><word seq="5">that<GreekSeq>5</GreekSeq></word><word seq="6">you love<GreekSeq>6</GreekSeq></word><word seq="7">one another:<GreekSeq>7</GreekSeq></word><word seq="8">just as<GreekSeq>8</GreekSeq></word><word seq="9">I have loved<GreekSeq>9</GreekSeq></word><word seq="10">you,<GreekSeq>10</GreekSeq></word><word seq="11">you<GreekSeq>13</GreekSeq></word><word seq="12">also<GreekSeq>12</GreekSeq></word><word seq="13">are to love<GreekSeq>14</GreekSeq></word><word seq="14">one another.<GreekSeq>15</GreekSeq></word></ESV></verse>
<verse number="35"><ESV><word seq="1">By<GreekSeq>1</GreekSeq></word><word seq="2">this<GreekSeq>2</GreekSeq></word><word seq="3">all people<GreekSeq>4</GreekSeq></word><word seq="4">will know<GreekSeq>3</GreekSeq></word><word seq="5">that<GreekSeq>5</GreekSeq></word><word seq="6">you are<GreekSeq>8</GreekSeq></word><word seq="7">my<GreekSeq>6</GreekSeq></word><word seq="8">disciples,<GreekSeq>7</GreekSeq></word><word seq="9">if<GreekSeq>9</GreekSeq></word><word seq="10">you have<GreekSeq>11</GreekSeq></word><word seq="11">love<GreekSeq>10</GreekSeq></word><word seq="12">for<GreekSeq>12</GreekSeq></word><word seq="13">one another.”<GreekSeq>13</GreekSeq></word></ESV></verse>
<verse number="36"><ESV><word seq="1">Simon<GreekSeq>3</GreekSeq></word><word seq="2">Peter<GreekSeq>4</GreekSeq></word><word seq="3">said<GreekSeq>1</GreekSeq></word><word seq="4">to him,<GreekSeq>2</GreekSeq></word><word seq="5">“Lord,<GreekSeq>5</GreekSeq></word><word seq="6">where<GreekSeq>6</GreekSeq></word><word seq="7">are you going?”<GreekSeq>7</GreekSeq></word><word seq="8">Jesus<GreekSeq>10</GreekSeq></word><word seq="9">answered<GreekSeq>8</GreekSeq></word><word seq="10">him,<GreekSeq>9</GreekSeq></word><word seq="11">“Where<GreekSeq>11</GreekSeq></word><word seq="12">I am going<GreekSeq>12</GreekSeq></word><word seq="13">you cannot<GreekSeq>13</GreekSeq><GreekSeq>14</GreekSeq></word><word seq="14">follow<GreekSeq>17</GreekSeq></word><word seq="15">me<GreekSeq>15</GreekSeq></word><word seq="16">now,<GreekSeq>16</GreekSeq></word><word seq="17">but<GreekSeq>19</GreekSeq></word><word seq="18">you will follow<GreekSeq>18</GreekSeq></word><word seq="19">afterward.”<GreekSeq>20</GreekSeq></word></ESV></verse>
<verse number="37"><ESV><word seq="1">Peter<GreekSeq>4</GreekSeq></word><word seq="2">said<GreekSeq>1</GreekSeq></word><word seq="3">to him,<GreekSeq>2</GreekSeq></word><word seq="4">“Lord,<GreekSeq>5</GreekSeq></word><word seq="5">why<GreekSeq>6</GreekSeq><GreekSeq>7</GreekSeq></word><word seq="6">can I<GreekSeq>9</GreekSeq></word><word seq="7">not<GreekSeq>8</GreekSeq></word><word seq="8">follow<GreekSeq>11</GreekSeq></word><word seq="9">you<GreekSeq>10</GreekSeq></word><word seq="10">now?<GreekSeq>12</GreekSeq></word><word seq="11">I will lay down<GreekSeq>18</GreekSeq></word><word seq="12">my<GreekSeq>15</GreekSeq></word><word seq="13">life<GreekSeq>14</GreekSeq></word><word seq="14">for<GreekSeq>16</GreekSeq></word><word seq="15">you.”<GreekSeq>17</GreekSeq></word></ESV></verse>
<verse number="38"><ESV><word seq="1">Jesus<GreekSeq>2</GreekSeq></word><word seq="2">answered,<GreekSeq>1</GreekSeq></word><word seq="3">“Will you lay down<GreekSeq>8</GreekSeq></word><word seq="4">your<GreekSeq>5</GreekSeq></word><word seq="5">life<GreekSeq>4</GreekSeq></word><word seq="6">for<GreekSeq>6</GreekSeq></word><word seq="7">me?<GreekSeq>7</GreekSeq></word><word seq="8">Truly,<GreekSeq>9</GreekSeq></word><word seq="9">truly,<GreekSeq>10</GreekSeq></word><word seq="10">I say<GreekSeq>11</GreekSeq></word><word seq="11">to you,<GreekSeq>12</GreekSeq></word><word seq="12">the rooster<GreekSeq>15</GreekSeq></word><word seq="13">will<GreekSeq>16</GreekSeq></word><word seq="14" note="οὐ μή Strong Code (3364)">not<GreekSeq>13</GreekSeq><GreekSeq>14</GreekSeq></word><word seq="15">crow<GreekSeq>16</GreekSeq></word><word seq="16">till<GreekSeq>17</GreekSeq></word><word seq="17">you have denied<GreekSeq>19</GreekSeq></word><word seq="18">me<GreekSeq>20</GreekSeq></word><word seq="19">three times.<GreekSeq>21</GreekSeq></word></ESV></verse></chapter></book>