<?xml version="1.0" encoding="UTF-8" standalone="no"?><book><chapter number="21">'<verse number="1"><ESV><word seq="1">After<GreekSeq>1</GreekSeq></word><word seq="2">this<GreekSeq>2</GreekSeq></word><word seq="3">Jesus<GreekSeq>7</GreekSeq></word><word seq="4">revealed<GreekSeq>3</GreekSeq></word><word seq="5">himself<GreekSeq>4</GreekSeq></word><word seq="6">again<GreekSeq>5</GreekSeq></word><word seq="7">to the<GreekSeq>8</GreekSeq></word><word seq="8">disciples<GreekSeq>9</GreekSeq></word><word seq="9">by<GreekSeq>10</GreekSeq></word><word seq="10">the<GreekSeq>11</GreekSeq></word><word seq="11">Sea<GreekSeq>12</GreekSeq></word><word seq="12">of Tiberias,<GreekSeq>14</GreekSeq></word><word seq="13">and<GreekSeq>16</GreekSeq></word><word seq="14">he revealed<GreekSeq>15</GreekSeq></word><word seq="15">himself</word><word seq="16">in this way.<GreekSeq>17</GreekSeq></word></ESV></verse>
<verse number="2"><ESV><word seq="1">Simon<GreekSeq>3</GreekSeq></word><word seq="2">Peter,<GreekSeq>4</GreekSeq></word><word seq="3">Thomas<GreekSeq>6</GreekSeq></word><word seq="4">(called<GreekSeq>8</GreekSeq></word><word seq="5">the<GreekSeq>7</GreekSeq></word><word seq="6">Twin),<GreekSeq>9</GreekSeq></word><word seq="7">Nathanael<GreekSeq>11</GreekSeq></word><word seq="8">of<GreekSeq>13</GreekSeq></word><word seq="9">Cana<GreekSeq>14</GreekSeq></word><word seq="10">in Galilee,<GreekSeq>16</GreekSeq></word><word seq="11">the [sons]<GreekSeq>18</GreekSeq></word><word seq="12">of Zebedee,<GreekSeq>20</GreekSeq></word><word seq="13">and<GreekSeq>17</GreekSeq></word><word seq="14">two<GreekSeq>27</GreekSeq></word><word seq="15">others<GreekSeq>22</GreekSeq></word><word seq="16">of<GreekSeq>23</GreekSeq></word><word seq="17">his<GreekSeq>26</GreekSeq></word><word seq="18">disciples<GreekSeq>25</GreekSeq></word><word seq="19">were<GreekSeq>1</GreekSeq></word><word seq="20">together.<GreekSeq>2</GreekSeq></word></ESV></verse>
<verse number="3"><ESV><word seq="1">Simon<GreekSeq>3</GreekSeq></word><word seq="2">Peter<GreekSeq>4</GreekSeq></word><word seq="3">said<GreekSeq>1</GreekSeq></word><word seq="4">to them,<GreekSeq>2</GreekSeq></word><word seq="5">“I am going<GreekSeq>5</GreekSeq></word><word seq="6">fishing.”<GreekSeq>6</GreekSeq></word><word seq="7">They said<GreekSeq>7</GreekSeq></word><word seq="8">to him,<GreekSeq>8</GreekSeq></word><word seq="9">“We<GreekSeq>11</GreekSeq></word><word seq="10">will go<GreekSeq>9</GreekSeq></word><word seq="11">with<GreekSeq>12</GreekSeq></word><word seq="12">you.”<GreekSeq>13</GreekSeq></word><word seq="13">They went out<GreekSeq>14</GreekSeq></word><word seq="14">and<GreekSeq>15</GreekSeq></word><word seq="15">got<GreekSeq>16</GreekSeq></word><word seq="16">into<GreekSeq>17</GreekSeq></word><word seq="17">the<GreekSeq>18</GreekSeq></word><word seq="18">boat,<GreekSeq>19</GreekSeq></word><word seq="19">but<GreekSeq>20</GreekSeq></word><word seq="20">that<GreekSeq>22</GreekSeq></word><word seq="21">night<GreekSeq>24</GreekSeq></word><word seq="22">they caught<GreekSeq>25</GreekSeq></word><word seq="23">nothing.<GreekSeq>26</GreekSeq></word></ESV></verse>
<verse number="4"><ESV><word seq="1">Just as<GreekSeq>3</GreekSeq></word><word seq="2">day was breaking,<GreekSeq>1</GreekSeq><GreekSeq>4</GreekSeq></word><word seq="3">Jesus<GreekSeq>6</GreekSeq></word><word seq="4">stood<GreekSeq>5</GreekSeq></word><word seq="5">on<GreekSeq>7</GreekSeq></word><word seq="6">the<GreekSeq>9</GreekSeq></word><word seq="7">shore;<GreekSeq>9</GreekSeq></word><word seq="8">yet<GreekSeq>11</GreekSeq></word><word seq="9">the<GreekSeq>13</GreekSeq></word><word seq="10">disciples<GreekSeq>14</GreekSeq></word><word seq="11">did</word><word seq="12">not<GreekSeq>10</GreekSeq></word><word seq="13">know<GreekSeq>12</GreekSeq></word><word seq="14">that<GreekSeq>15</GreekSeq></word><word seq="15">it was<GreekSeq>17</GreekSeq></word><word seq="16">Jesus.<GreekSeq>16</GreekSeq></word></ESV></verse>
<verse number="5"><ESV><word seq="1">Jesus<GreekSeq>5</GreekSeq></word><word seq="2">said<GreekSeq>1</GreekSeq></word><word seq="3">to them,<GreekSeq>3</GreekSeq></word><word seq="4">“Children,<GreekSeq>6</GreekSeq></word><word seq="5">do</word><word seq="6">you have<GreekSeq>10</GreekSeq></word><word seq="7">any<GreekSeq>8</GreekSeq></word><word seq="8">[fish]?”<GreekSeq>9</GreekSeq></word><word seq="9">They answered<GreekSeq>11</GreekSeq></word><word seq="10">him,<GreekSeq>12</GreekSeq></word><word seq="11">“No.”<GreekSeq>13</GreekSeq></word></ESV></verse>
<verse number="6"><ESV><word seq="1">He<GreekSeq>1</GreekSeq></word><word seq="2">said<GreekSeq>3</GreekSeq></word><word seq="3">to them,<GreekSeq>4</GreekSeq></word><word seq="4">“Cast<GreekSeq>5</GreekSeq></word><word seq="5">the<GreekSeq>12</GreekSeq></word><word seq="6">net<GreekSeq>13</GreekSeq></word><word seq="7">on<GreekSeq>6</GreekSeq></word><word seq="8">the<GreekSeq>7</GreekSeq></word><word seq="9">right<GreekSeq>8</GreekSeq></word><word seq="10">side<GreekSeq>9</GreekSeq></word><word seq="11">of the<GreekSeq>10</GreekSeq></word><word seq="12">boat,<GreekSeq>11</GreekSeq></word><word seq="13">and<GreekSeq>14</GreekSeq></word><word seq="14">you will find<GreekSeq>15</GreekSeq></word><word seq="15">some.”</word><word seq="16">So<GreekSeq>17</GreekSeq></word><word seq="17">they cast<GreekSeq>16</GreekSeq></word><word seq="18">it,</word><word seq="19">and<GreekSeq>18</GreekSeq></word><word seq="20">now</word><word seq="21">they were<GreekSeq>22</GreekSeq></word><word seq="22">not<GreekSeq>19</GreekSeq></word><word seq="23">able<GreekSeq>22</GreekSeq></word><word seq="24">to haul<GreekSeq>21</GreekSeq></word><word seq="25">it<GreekSeq>20</GreekSeq></word><word seq="26">in,<GreekSeq>21</GreekSeq></word><word seq="27">because of<GreekSeq>23</GreekSeq></word><word seq="28">the<GreekSeq>24</GreekSeq></word><word seq="29">quantity<GreekSeq>25</GreekSeq></word><word seq="30">of fish.<GreekSeq>27</GreekSeq></word></ESV></verse>
<verse number="7"><ESV><word seq="1">That<GreekSeq>5</GreekSeq></word><word seq="2">disciple<GreekSeq>4</GreekSeq></word><word seq="3">whom<GreekSeq>6</GreekSeq></word><word seq="4">Jesus<GreekSeq>9</GreekSeq></word><word seq="5">loved<GreekSeq>7</GreekSeq></word><word seq="6">therefore<GreekSeq>2</GreekSeq></word><word seq="7">said<GreekSeq>1</GreekSeq></word><word seq="8">to Peter,<GreekSeq>11</GreekSeq></word><word seq="9">“It is<GreekSeq>14</GreekSeq></word><word seq="10">the<GreekSeq>12</GreekSeq></word><word seq="11">Lord!”<GreekSeq>13</GreekSeq></word><word seq="12">When<GreekSeq>16</GreekSeq></word><word seq="13">Simon<GreekSeq>15</GreekSeq></word><word seq="14">Peter<GreekSeq>17</GreekSeq></word><word seq="15">heard<GreekSeq>18</GreekSeq></word><word seq="16">that<GreekSeq>19</GreekSeq></word><word seq="17">it was<GreekSeq>22</GreekSeq></word><word seq="18">the<GreekSeq>20</GreekSeq></word><word seq="19">Lord,<GreekSeq>21</GreekSeq></word><word seq="20">he put on<GreekSeq>25</GreekSeq></word><word seq="21">his</word><word seq="22">outer garment,<GreekSeq>24</GreekSeq></word><word seq="23">for<GreekSeq>27</GreekSeq></word><word seq="24">he was<GreekSeq>26</GreekSeq></word><word seq="25">stripped [for work],<GreekSeq>28</GreekSeq></word><word seq="26">and<GreekSeq>29</GreekSeq></word><word seq="27">threw<GreekSeq>30</GreekSeq></word><word seq="28">himself<GreekSeq>31</GreekSeq></word><word seq="29">into<GreekSeq>32</GreekSeq></word><word seq="30">the<GreekSeq>33</GreekSeq></word><word seq="31">sea.<GreekSeq>34</GreekSeq></word></ESV></verse>
<verse number="8"><ESV><word seq="1">The<GreekSeq>1</GreekSeq></word><word seq="2">other<GreekSeq>3</GreekSeq></word><word seq="3">disciples<GreekSeq>4</GreekSeq></word><word seq="4">came<GreekSeq>7</GreekSeq></word><word seq="5">in the<GreekSeq>5</GreekSeq></word><word seq="6">boat,<GreekSeq>6</GreekSeq></word><word seq="7">dragging<GreekSeq>20</GreekSeq></word><word seq="8">the<GreekSeq>21</GreekSeq></word><word seq="9">net<GreekSeq>22</GreekSeq></word><word seq="10">full</word><word seq="11">of fish,<GreekSeq>24</GreekSeq></word><word seq="12">for<GreekSeq>9</GreekSeq></word><word seq="13">they were<GreekSeq>10</GreekSeq></word><word seq="14">not<GreekSeq>8</GreekSeq></word><word seq="15">far<GreekSeq>11</GreekSeq></word><word seq="16">from<GreekSeq>12</GreekSeq></word><word seq="17">the<GreekSeq>13</GreekSeq></word><word seq="18">land,<GreekSeq>14</GreekSeq></word><word seq="19">but<GreekSeq>15</GreekSeq></word><word seq="20">about<GreekSeq>16</GreekSeq></word><word seq="21">[a hundred yards]<GreekSeq>18</GreekSeq><GreekSeq>19</GreekSeq></word><word seq="22">off.<GreekSeq>17</GreekSeq></word></ESV></verse>
<verse number="9"><ESV><word seq="1">When<GreekSeq>1</GreekSeq></word><word seq="2">they got out<GreekSeq>3</GreekSeq></word><word seq="3">on<GreekSeq>4</GreekSeq></word><word seq="4">land,<GreekSeq>6</GreekSeq></word><word seq="5">they saw<GreekSeq>7</GreekSeq></word><word seq="6">a charcoal fire<GreekSeq>8</GreekSeq></word><word seq="7">in place,<GreekSeq>9</GreekSeq></word><word seq="8">with<GreekSeq>10</GreekSeq></word><word seq="9">fish<GreekSeq>11</GreekSeq></word><word seq="10">laid out on it,<GreekSeq>12</GreekSeq></word><word seq="11">and<GreekSeq>13</GreekSeq></word><word seq="12">bread.<GreekSeq>14</GreekSeq></word></ESV></verse>
<verse number="10"><ESV><word seq="1">Jesus<GreekSeq>4</GreekSeq></word><word seq="2">said<GreekSeq>1</GreekSeq></word><word seq="3">to them,<GreekSeq>2</GreekSeq></word><word seq="4">“Bring<GreekSeq>5</GreekSeq></word><word seq="5">some</word><word seq="6">of<GreekSeq>6</GreekSeq></word><word seq="7">the<GreekSeq>7</GreekSeq></word><word seq="8">fish<GreekSeq>8</GreekSeq></word><word seq="9">that<GreekSeq>9</GreekSeq></word><word seq="10">you have<GreekSeq>10</GreekSeq></word><word seq="11">just<GreekSeq>11</GreekSeq></word><word seq="12">caught.”<GreekSeq>10</GreekSeq></word></ESV></verse>
<verse number="11"><ESV><word seq="1">So<GreekSeq>2</GreekSeq></word><word seq="2">Simon<GreekSeq>3</GreekSeq></word><word seq="3">Peter<GreekSeq>4</GreekSeq></word><word seq="4">went aboard<GreekSeq>1</GreekSeq></word><word seq="5">and<GreekSeq>5</GreekSeq></word><word seq="6">hauled<GreekSeq>6</GreekSeq></word><word seq="7">the<GreekSeq>7</GreekSeq></word><word seq="8">net<GreekSeq>8</GreekSeq></word><word seq="9">ashore,<GreekSeq>9</GreekSeq><GreekSeq>11</GreekSeq></word><word seq="10">full<GreekSeq>12</GreekSeq></word><word seq="11">of large<GreekSeq>14</GreekSeq></word><word seq="12">fish,<GreekSeq>13</GreekSeq></word><word seq="13">153<GreekSeq>15</GreekSeq><GreekSeq>16</GreekSeq><GreekSeq>17</GreekSeq></word><word seq="14">of them.</word><word seq="15">And although<GreekSeq>18</GreekSeq></word><word seq="16">there were<GreekSeq>20</GreekSeq></word><word seq="17">so many,<GreekSeq>19</GreekSeq></word><word seq="18">the<GreekSeq>23</GreekSeq></word><word seq="19">net<GreekSeq>24</GreekSeq></word><word seq="20">was<GreekSeq>22</GreekSeq></word><word seq="21">not<GreekSeq>21</GreekSeq></word><word seq="22">torn.<GreekSeq>22</GreekSeq></word></ESV></verse>
<verse number="12"><ESV><word seq="1">Jesus<GreekSeq>4</GreekSeq></word><word seq="2">said<GreekSeq>1</GreekSeq></word><word seq="3">to them,<GreekSeq>2</GreekSeq></word><word seq="4">“Come<GreekSeq>5</GreekSeq></word><word seq="5">and</word><word seq="6">have breakfast.”<GreekSeq>6</GreekSeq></word><word seq="7">Now<GreekSeq>8</GreekSeq></word><word seq="8">none<GreekSeq>7</GreekSeq></word><word seq="9">of the<GreekSeq>10</GreekSeq></word><word seq="10">disciples<GreekSeq>11</GreekSeq></word><word seq="11">dared<GreekSeq>9</GreekSeq></word><word seq="12">ask<GreekSeq>12</GreekSeq></word><word seq="13">him,<GreekSeq>13</GreekSeq></word><word seq="14">“Who<GreekSeq>15</GreekSeq></word><word seq="15">are<GreekSeq>16</GreekSeq></word><word seq="16">you?”<GreekSeq>14</GreekSeq></word><word seq="17">They knew<GreekSeq>17</GreekSeq></word><word seq="18">it was<GreekSeq>21</GreekSeq></word><word seq="19">the<GreekSeq>19</GreekSeq></word><word seq="20">Lord.<GreekSeq>20</GreekSeq></word></ESV></verse>
<verse number="13"><ESV><word seq="1">Jesus<GreekSeq>2</GreekSeq></word><word seq="2">came<GreekSeq>1</GreekSeq></word><word seq="3">and<GreekSeq>3</GreekSeq></word><word seq="4">took<GreekSeq>4</GreekSeq></word><word seq="5">the<GreekSeq>5</GreekSeq></word><word seq="6">bread<GreekSeq>6</GreekSeq></word><word seq="7">and<GreekSeq>7</GreekSeq></word><word seq="8">gave<GreekSeq>8</GreekSeq></word><word seq="9">it</word><word seq="10">to them,<GreekSeq>9</GreekSeq></word><word seq="11">and<GreekSeq>10</GreekSeq></word><word seq="12">so<GreekSeq>13</GreekSeq></word><word seq="13">with the<GreekSeq>11</GreekSeq></word><word seq="14">fish.<GreekSeq>12</GreekSeq></word></ESV></verse>
<verse number="14"><ESV><word seq="1">This<GreekSeq>1</GreekSeq></word><word seq="2">was</word><word seq="3">now<GreekSeq>2</GreekSeq></word><word seq="4">the third time<GreekSeq>3</GreekSeq></word><word seq="5">that</word><word seq="6">Jesus<GreekSeq>5</GreekSeq></word><word seq="7">was revealed<GreekSeq>4</GreekSeq></word><word seq="8">to the<GreekSeq>6</GreekSeq></word><word seq="9">disciples<GreekSeq>7</GreekSeq></word><word seq="10">after</word><word seq="11">he was raised<GreekSeq>8</GreekSeq></word><word seq="12">from<GreekSeq>9</GreekSeq></word><word seq="13">the dead.<GreekSeq>10</GreekSeq></word></ESV></verse>
<verse number="15"><ESV><word seq="1">When<GreekSeq>1</GreekSeq></word><word seq="2">they had finished breakfast,<GreekSeq>3</GreekSeq></word><word seq="3">Jesus<GreekSeq>9</GreekSeq></word><word seq="4">said<GreekSeq>4</GreekSeq></word><word seq="5">to Simon<GreekSeq>6</GreekSeq></word><word seq="6">Peter,<GreekSeq>7</GreekSeq></word><word seq="7">“Simon,<GreekSeq>10</GreekSeq></word><word seq="8">[son] of John,<GreekSeq>11</GreekSeq></word><word seq="9">do</word><word seq="10">you love<GreekSeq>12</GreekSeq></word><word seq="11">me<GreekSeq>13</GreekSeq></word><word seq="12">more than<GreekSeq>14</GreekSeq></word><word seq="13">these?”<GreekSeq>15</GreekSeq></word><word seq="14">He said<GreekSeq>16</GreekSeq></word><word seq="15">to him,<GreekSeq>17</GreekSeq></word><word seq="16">“Yes,<GreekSeq>18</GreekSeq></word><word seq="17">Lord;<GreekSeq>19</GreekSeq></word><word seq="18">you<GreekSeq>20</GreekSeq></word><word seq="19">know<GreekSeq>21</GreekSeq></word><word seq="20">that<GreekSeq>22</GreekSeq></word><word seq="21">I love<GreekSeq>23</GreekSeq></word><word seq="22">you.”<GreekSeq>24</GreekSeq></word><word seq="23">He said<GreekSeq>25</GreekSeq></word><word seq="24">to him,<GreekSeq>26</GreekSeq></word><word seq="25">“Feed<GreekSeq>27</GreekSeq></word><word seq="26">my<GreekSeq>30</GreekSeq></word><word seq="27">lambs.”<GreekSeq>29</GreekSeq></word></ESV></verse>
<verse number="16"><ESV><word seq="1">He said<GreekSeq>1</GreekSeq></word><word seq="2">to him<GreekSeq>2</GreekSeq></word><word seq="3">a second time,<GreekSeq>4</GreekSeq></word><word seq="4">“Simon,<GreekSeq>5</GreekSeq></word><word seq="5">[son] of John,<GreekSeq>6</GreekSeq></word><word seq="6">do</word><word seq="7">you love<GreekSeq>7</GreekSeq></word><word seq="8">me?”<GreekSeq>8</GreekSeq></word><word seq="9">He said<GreekSeq>9</GreekSeq></word><word seq="10">to him,<GreekSeq>10</GreekSeq></word><word seq="11">“Yes,<GreekSeq>11</GreekSeq></word><word seq="12">Lord;<GreekSeq>12</GreekSeq></word><word seq="13">you<GreekSeq>13</GreekSeq></word><word seq="14">know<GreekSeq>14</GreekSeq></word><word seq="15">that<GreekSeq>15</GreekSeq></word><word seq="16">I love<GreekSeq>16</GreekSeq></word><word seq="17">you.”<GreekSeq>17</GreekSeq></word><word seq="18">He said<GreekSeq>18</GreekSeq></word><word seq="19">to him,<GreekSeq>19</GreekSeq></word><word seq="20">“Tend<GreekSeq>20</GreekSeq></word><word seq="21">my<GreekSeq>23</GreekSeq></word><word seq="22">sheep.”<GreekSeq>22</GreekSeq></word></ESV></verse>
<verse number="17"><ESV><word seq="1">He said<GreekSeq>1</GreekSeq></word><word seq="2">to him<GreekSeq>2</GreekSeq></word><word seq="3">the third time,<GreekSeq>4</GreekSeq></word><word seq="4">“Simon,<GreekSeq>5</GreekSeq></word><word seq="5">[son] of John,<GreekSeq>6</GreekSeq></word><word seq="6">do</word><word seq="7">you love<GreekSeq>7</GreekSeq></word><word seq="8">me?”<GreekSeq>8</GreekSeq></word><word seq="9">Peter<GreekSeq>11</GreekSeq></word><word seq="10">was grieved<GreekSeq>9</GreekSeq></word><word seq="11">because<GreekSeq>12</GreekSeq></word><word seq="12">he said<GreekSeq>13</GreekSeq></word><word seq="13">to him<GreekSeq>14</GreekSeq></word><word seq="14">the third time,<GreekSeq>16</GreekSeq></word><word seq="15">“Do</word><word seq="16">you love<GreekSeq>17</GreekSeq></word><word seq="17">me?”<GreekSeq>18</GreekSeq></word><word seq="18">and<GreekSeq>19</GreekSeq></word><word seq="19">he said<GreekSeq>20</GreekSeq></word><word seq="20">to him,<GreekSeq>21</GreekSeq></word><word seq="21">“Lord,<GreekSeq>22</GreekSeq></word><word seq="22">you<GreekSeq>24</GreekSeq></word><word seq="23">know<GreekSeq>25</GreekSeq></word><word seq="24">everything;<GreekSeq>23</GreekSeq></word><word seq="25">you<GreekSeq>26</GreekSeq></word><word seq="26">know<GreekSeq>27</GreekSeq></word><word seq="27">that<GreekSeq>28</GreekSeq></word><word seq="28">I love<GreekSeq>29</GreekSeq></word><word seq="29">you.”<GreekSeq>30</GreekSeq></word><word seq="30">Jesus<GreekSeq>34</GreekSeq></word><word seq="31">said<GreekSeq>31</GreekSeq></word><word seq="32">to him,<GreekSeq>32</GreekSeq></word><word seq="33">“Feed<GreekSeq>35</GreekSeq></word><word seq="34">my<GreekSeq>38</GreekSeq></word><word seq="35">sheep.<GreekSeq>37</GreekSeq></word></ESV></verse>
<verse number="18"><ESV><word seq="1">Truly,<GreekSeq>1</GreekSeq></word><word seq="2">truly,<GreekSeq>2</GreekSeq></word><word seq="3">I say<GreekSeq>3</GreekSeq></word><word seq="4">to you,<GreekSeq>4</GreekSeq></word><word seq="5">when<GreekSeq>5</GreekSeq></word><word seq="6">you were<GreekSeq>6</GreekSeq></word><word seq="7">young,<GreekSeq>7</GreekSeq></word><word seq="8">you used to dress<GreekSeq>8</GreekSeq></word><word seq="9">yourself<GreekSeq>9</GreekSeq></word><word seq="10">and<GreekSeq>10</GreekSeq></word><word seq="11">walk<GreekSeq>11</GreekSeq></word><word seq="12">wherever<GreekSeq>12</GreekSeq></word><word seq="13">you wanted,<GreekSeq>13</GreekSeq></word><word seq="14">but<GreekSeq>15</GreekSeq></word><word seq="15">when<GreekSeq>14</GreekSeq></word><word seq="16">you are old,<GreekSeq>16</GreekSeq></word><word seq="17">you will stretch out<GreekSeq>17</GreekSeq></word><word seq="18">your<GreekSeq>20</GreekSeq></word><word seq="19">hands,<GreekSeq>19</GreekSeq></word><word seq="20">and<GreekSeq>21</GreekSeq></word><word seq="21">another<GreekSeq>22</GreekSeq></word><word seq="22">will dress<GreekSeq>24</GreekSeq></word><word seq="23">you<GreekSeq>23</GreekSeq></word><word seq="24">and<GreekSeq>25</GreekSeq></word><word seq="25">carry<GreekSeq>26</GreekSeq></word><word seq="26">you</word><word seq="27">where<GreekSeq>27</GreekSeq></word><word seq="28">you<GreekSeq>29</GreekSeq></word><word seq="29">do</word><word seq="30">not<GreekSeq>28</GreekSeq></word><word seq="31">want to<GreekSeq>29</GreekSeq></word><word seq="32">go.”</word></ESV></verse>
<verse number="19"><ESV><word seq="1">(This<GreekSeq>1</GreekSeq></word><word seq="2">he said<GreekSeq>3</GreekSeq></word><word seq="3">to show<GreekSeq>4</GreekSeq></word><word seq="4">by what kind of<GreekSeq>5</GreekSeq></word><word seq="5">death<GreekSeq>6</GreekSeq></word><word seq="6">he was to glorify<GreekSeq>7</GreekSeq></word><word seq="7">God.)<GreekSeq>9</GreekSeq></word><word seq="8">And<GreekSeq>10</GreekSeq></word><word seq="9">after</word><word seq="10">saying<GreekSeq>12</GreekSeq></word><word seq="11">this<GreekSeq>11</GreekSeq></word><word seq="12">he said<GreekSeq>13</GreekSeq></word><word seq="13">to him,<GreekSeq>14</GreekSeq></word><word seq="14">“Follow<GreekSeq>15</GreekSeq></word><word seq="15">me.”<GreekSeq>16</GreekSeq></word></ESV></verse>
<verse number="20"><ESV><word seq="1">Peter<GreekSeq>3</GreekSeq></word><word seq="2">turned<GreekSeq>1</GreekSeq></word><word seq="3">and</word><word seq="4">saw<GreekSeq>4</GreekSeq></word><word seq="5">the<GreekSeq>5</GreekSeq></word><word seq="6">disciple<GreekSeq>6</GreekSeq></word><word seq="7">whom<GreekSeq>7</GreekSeq></word><word seq="8">Jesus<GreekSeq>10</GreekSeq></word><word seq="9">loved<GreekSeq>8</GreekSeq></word><word seq="10">following<GreekSeq>11</GreekSeq></word><word seq="11">them,</word><word seq="12">the one who<GreekSeq>12</GreekSeq></word><word seq="13">also<GreekSeq>13</GreekSeq></word><word seq="14">had leaned back<GreekSeq>14</GreekSeq></word><word seq="15">against<GreekSeq>18</GreekSeq></word><word seq="16">him<GreekSeq>21</GreekSeq></word><word seq="17">during<GreekSeq>15</GreekSeq></word><word seq="18">the supper<GreekSeq>17</GreekSeq></word><word seq="19">and<GreekSeq>22</GreekSeq></word><word seq="20">had said,<GreekSeq>23</GreekSeq></word><word seq="21">“Lord,<GreekSeq>24</GreekSeq></word><word seq="22">who<GreekSeq>25</GreekSeq></word><word seq="23">is<GreekSeq>26</GreekSeq></word><word seq="24">it<GreekSeq>27</GreekSeq></word><word seq="25">that is going to betray<GreekSeq>28</GreekSeq></word><word seq="26">you?”<GreekSeq>29</GreekSeq></word></ESV></verse>
<verse number="21"><ESV><word seq="1">When<GreekSeq>2</GreekSeq></word><word seq="2">Peter<GreekSeq>5</GreekSeq></word><word seq="3">saw<GreekSeq>3</GreekSeq></word><word seq="4">him,<GreekSeq>1</GreekSeq></word><word seq="5">he said<GreekSeq>6</GreekSeq></word><word seq="6">to Jesus,<GreekSeq>8</GreekSeq></word><word seq="7">“Lord,<GreekSeq>9</GreekSeq></word><word seq="8">what about<GreekSeq>12</GreekSeq></word><word seq="9">this man?”<GreekSeq>10</GreekSeq></word></ESV></verse>
<verse number="22"><ESV><word seq="1">Jesus<GreekSeq>4</GreekSeq></word><word seq="2">said<GreekSeq>1</GreekSeq></word><word seq="3">to him,<GreekSeq>2</GreekSeq></word><word seq="4">“If<GreekSeq>5</GreekSeq></word><word seq="5">it is my will<GreekSeq>7</GreekSeq></word><word seq="6">that</word><word seq="7">he<GreekSeq>6</GreekSeq></word><word seq="8">remain<GreekSeq>8</GreekSeq></word><word seq="9">until<GreekSeq>9</GreekSeq></word><word seq="10">I come,<GreekSeq>10</GreekSeq></word><word seq="11">what<GreekSeq>11</GreekSeq></word><word seq="12">is that</word><word seq="13">to<GreekSeq>12</GreekSeq></word><word seq="14">you?<GreekSeq>13</GreekSeq></word><word seq="15">You<GreekSeq>14</GreekSeq></word><word seq="16">follow<GreekSeq>16</GreekSeq></word><word seq="17">me!”<GreekSeq>15</GreekSeq></word></ESV></verse>
<verse number="23"><ESV><word seq="1">So<GreekSeq>2</GreekSeq></word><word seq="2">the<GreekSeq>4</GreekSeq></word><word seq="3">saying<GreekSeq>5</GreekSeq></word><word seq="4">spread abroad<GreekSeq>1</GreekSeq></word><word seq="5">among<GreekSeq>6</GreekSeq></word><word seq="6">the<GreekSeq>7</GreekSeq></word><word seq="7">brothers<GreekSeq>8</GreekSeq></word><word seq="8">that<GreekSeq>9</GreekSeq></word><word seq="9">[this]<GreekSeq>12</GreekSeq></word><word seq="10">disciple<GreekSeq>11</GreekSeq></word><word seq="11">was<GreekSeq>14</GreekSeq></word><word seq="12">not<GreekSeq>13</GreekSeq></word><word seq="13">to die;<GreekSeq>14</GreekSeq></word><word seq="14">yet<GreekSeq>17</GreekSeq></word><word seq="15">Jesus<GreekSeq>20</GreekSeq></word><word seq="16">did<GreekSeq>16</GreekSeq></word><word seq="17">not<GreekSeq>15</GreekSeq></word><word seq="18">say<GreekSeq>16</GreekSeq></word><word seq="19">to him<GreekSeq>18</GreekSeq></word><word seq="20">that<GreekSeq>21</GreekSeq></word><word seq="21">he was<GreekSeq>23</GreekSeq></word><word seq="22">not<GreekSeq>22</GreekSeq></word><word seq="23">to die,<GreekSeq>23</GreekSeq></word><word seq="24">but,<GreekSeq>24</GreekSeq></word><word seq="25">“If<GreekSeq>25</GreekSeq></word><word seq="26">it is my will<GreekSeq>27</GreekSeq></word><word seq="27">that</word><word seq="28">he<GreekSeq>26</GreekSeq></word><word seq="29">remain<GreekSeq>28</GreekSeq></word><word seq="30">until<GreekSeq>29</GreekSeq></word><word seq="31">I come,<GreekSeq>30</GreekSeq></word><word seq="32">what<GreekSeq>31</GreekSeq></word><word seq="33">is that</word><word seq="34">to<GreekSeq>32</GreekSeq></word><word seq="35">you?”<GreekSeq>33</GreekSeq></word></ESV></verse>
<verse number="24"><ESV><word seq="1">This<GreekSeq>1</GreekSeq></word><word seq="2">is<GreekSeq>2</GreekSeq></word><word seq="3">the<GreekSeq>3</GreekSeq></word><word seq="4">disciple<GreekSeq>4</GreekSeq></word><word seq="5">who is bearing witness<GreekSeq>6</GreekSeq></word><word seq="6">about<GreekSeq>7</GreekSeq></word><word seq="7">these things,<GreekSeq>12</GreekSeq></word><word seq="8">and<GreekSeq>9</GreekSeq></word><word seq="9">who has written<GreekSeq>11</GreekSeq></word><word seq="10">these things,<GreekSeq>8</GreekSeq></word><word seq="11">and<GreekSeq>13</GreekSeq></word><word seq="12">we know<GreekSeq>14</GreekSeq></word><word seq="13">that<GreekSeq>15</GreekSeq></word><word seq="14">his<GreekSeq>17</GreekSeq></word><word seq="15">testimony<GreekSeq>19</GreekSeq></word><word seq="16">is<GreekSeq>20</GreekSeq></word><word seq="17">true.<GreekSeq>16</GreekSeq></word></ESV></verse>
<verse number="25"><ESV><word seq="1">Now<GreekSeq>2</GreekSeq></word><word seq="2">there are<GreekSeq>1</GreekSeq></word><word seq="3">also<GreekSeq>3</GreekSeq></word><word seq="4">many<GreekSeq>5</GreekSeq></word><word seq="5">other<GreekSeq>4</GreekSeq></word><word seq="6">things that<GreekSeq>6</GreekSeq></word><word seq="7">Jesus<GreekSeq>9</GreekSeq></word><word seq="8">did.<GreekSeq>7</GreekSeq></word><word seq="9">[Were]<GreekSeq>11</GreekSeq></word><word seq="10">every one<GreekSeq>13</GreekSeq><GreekSeq>14</GreekSeq></word><word seq="11">of them<GreekSeq>10</GreekSeq></word><word seq="12">to be written,<GreekSeq>12</GreekSeq></word><word seq="13">I suppose<GreekSeq>17</GreekSeq></word><word seq="14">that</word><word seq="15">the<GreekSeq>18</GreekSeq></word><word seq="16">world<GreekSeq>19</GreekSeq></word><word seq="17">itself<GreekSeq>16</GreekSeq></word><word seq="18">could</word><word seq="19">not<GreekSeq>15</GreekSeq></word><word seq="20">contain<GreekSeq>20</GreekSeq></word><word seq="21">the<GreekSeq>21</GreekSeq></word><word seq="22">books<GreekSeq>23</GreekSeq></word><word seq="23">that would be written.<GreekSeq>22</GreekSeq></word></ESV></verse></chapter></book>