<?xml version="1.0" encoding="UTF-8" standalone="no"?><book><chapter number="17">'<verse number="1"><ESV><word seq="1">When</word><word seq="2">Jesus<GreekSeq>3</GreekSeq></word><word seq="3">had spoken<GreekSeq>2</GreekSeq></word><word seq="4">these words,<GreekSeq>1</GreekSeq></word><word seq="5">he lifted up<GreekSeq>5</GreekSeq></word><word seq="6">his<GreekSeq>8</GreekSeq></word><word seq="7">eyes<GreekSeq>7</GreekSeq></word><word seq="8">to<GreekSeq>9</GreekSeq></word><word seq="9">heaven,<GreekSeq>11</GreekSeq></word><word seq="10">and<GreekSeq>4</GreekSeq></word><word seq="11">said,<GreekSeq>12</GreekSeq></word><word seq="12">“Father,<GreekSeq>13</GreekSeq></word><word seq="13">the<GreekSeq>15</GreekSeq></word><word seq="14">hour<GreekSeq>16</GreekSeq></word><word seq="15">has come;<GreekSeq>14</GreekSeq></word><word seq="16">glorify<GreekSeq>17</GreekSeq></word><word seq="17">your<GreekSeq>18</GreekSeq></word><word seq="18">Son<GreekSeq>20</GreekSeq></word><word seq="19">that<GreekSeq>21</GreekSeq></word><word seq="20">the<GreekSeq>22</GreekSeq></word><word seq="21">Son<GreekSeq>23</GreekSeq></word><word seq="22">may glorify<GreekSeq>24</GreekSeq></word><word seq="23">you,<GreekSeq>25</GreekSeq></word></ESV></verse>
<verse number="2"><ESV><word seq="1">since<GreekSeq>1</GreekSeq></word><word seq="2">you have given<GreekSeq>2</GreekSeq></word><word seq="3">him<GreekSeq>3</GreekSeq></word><word seq="4">authority<GreekSeq>4</GreekSeq></word><word seq="5">over all<GreekSeq>5</GreekSeq></word><word seq="6">flesh,<GreekSeq>6</GreekSeq></word><word seq="7">to give<GreekSeq>7</GreekSeq><GreekSeq>10</GreekSeq></word><word seq="8">eternal<GreekSeq>15</GreekSeq></word><word seq="9">life<GreekSeq>14</GreekSeq></word><word seq="10">to all<GreekSeq>8</GreekSeq></word><word seq="11">whom<GreekSeq>9</GreekSeq></word><word seq="12">you have given<GreekSeq>12</GreekSeq></word><word seq="13">him.<GreekSeq>11</GreekSeq></word></ESV></verse>
<verse number="3"><ESV><word seq="1">And<GreekSeq>2</GreekSeq></word><word seq="2">this<GreekSeq>1</GreekSeq></word><word seq="3">is<GreekSeq>3</GreekSeq></word><word seq="4">eternal<GreekSeq>5</GreekSeq></word><word seq="5">life,<GreekSeq>6</GreekSeq></word><word seq="6">that<GreekSeq>7</GreekSeq></word><word seq="7">they know<GreekSeq>8</GreekSeq></word><word seq="8">you<GreekSeq>9</GreekSeq></word><word seq="9">the<GreekSeq>10</GreekSeq></word><word seq="10">only<GreekSeq>11</GreekSeq></word><word seq="11">true<GreekSeq>12</GreekSeq></word><word seq="12">God,<GreekSeq>13</GreekSeq></word><word seq="13">and<GreekSeq>14</GreekSeq></word><word seq="14">Jesus<GreekSeq>17</GreekSeq></word><word seq="15">Christ<GreekSeq>18</GreekSeq></word><word seq="16">whom<GreekSeq>15</GreekSeq></word><word seq="17">you have sent.<GreekSeq>16</GreekSeq></word></ESV></verse>
<verse number="4"><ESV><word seq="1">I<GreekSeq>1</GreekSeq></word><word seq="2">glorified<GreekSeq>3</GreekSeq></word><word seq="3">you<GreekSeq>2</GreekSeq></word><word seq="4">on<GreekSeq>4</GreekSeq></word><word seq="5">earth,<GreekSeq>6</GreekSeq></word><word seq="6">having accomplished<GreekSeq>9</GreekSeq></word><word seq="7">the<GreekSeq>7</GreekSeq></word><word seq="8">work<GreekSeq>8</GreekSeq></word><word seq="9">that<GreekSeq>10</GreekSeq></word><word seq="10">you gave<GreekSeq>11</GreekSeq></word><word seq="11">me<GreekSeq>12</GreekSeq></word><word seq="12">to do.<GreekSeq>13</GreekSeq><GreekSeq>14</GreekSeq></word></ESV></verse>
<verse number="5"><ESV><word seq="1">And<GreekSeq>1</GreekSeq></word><word seq="2">now,<GreekSeq>2</GreekSeq></word><word seq="3">Father,<GreekSeq>6</GreekSeq></word><word seq="4">glorify<GreekSeq>3</GreekSeq></word><word seq="5">me<GreekSeq>4</GreekSeq></word><word seq="6">in<GreekSeq>7</GreekSeq></word><word seq="7">your own<GreekSeq>8</GreekSeq></word><word seq="8">presence<GreekSeq>7</GreekSeq></word><word seq="9">with the<GreekSeq>9</GreekSeq></word><word seq="10">glory<GreekSeq>10</GreekSeq></word><word seq="11">that<GreekSeq>11</GreekSeq></word><word seq="12">I had<GreekSeq>12</GreekSeq></word><word seq="13">with<GreekSeq>18</GreekSeq></word><word seq="14">you<GreekSeq>19</GreekSeq></word><word seq="15">before<GreekSeq>13</GreekSeq></word><word seq="16">the<GreekSeq>15</GreekSeq></word><word seq="17">world<GreekSeq>16</GreekSeq></word><word seq="18">existed.<GreekSeq>17</GreekSeq></word></ESV></verse>
<verse number="6"><ESV><word seq="1">I have manifested<GreekSeq>1</GreekSeq></word><word seq="2">your<GreekSeq>2</GreekSeq></word><word seq="3">name<GreekSeq>4</GreekSeq></word><word seq="4">to the<GreekSeq>5</GreekSeq></word><word seq="5">people<GreekSeq>6</GreekSeq></word><word seq="6">whom<GreekSeq>7</GreekSeq></word><word seq="7">you gave<GreekSeq>8</GreekSeq></word><word seq="8">me<GreekSeq>9</GreekSeq></word><word seq="9">out of<GreekSeq>10</GreekSeq></word><word seq="10">the<GreekSeq>11</GreekSeq></word><word seq="11">world.<GreekSeq>12</GreekSeq></word><word seq="12">Yours<GreekSeq>13</GreekSeq></word><word seq="13">they were,<GreekSeq>14</GreekSeq></word><word seq="14">and<GreekSeq>15</GreekSeq></word><word seq="15">you gave<GreekSeq>17</GreekSeq></word><word seq="16">them<GreekSeq>16</GreekSeq></word><word seq="17">to me,<GreekSeq>15</GreekSeq></word><word seq="18">and<GreekSeq>18</GreekSeq></word><word seq="19">they have kept<GreekSeq>22</GreekSeq></word><word seq="20">your<GreekSeq>21</GreekSeq></word><word seq="21">word.<GreekSeq>20</GreekSeq></word></ESV></verse>
<verse number="7"><ESV><word seq="1">Now<GreekSeq>1</GreekSeq></word><word seq="2">they know<GreekSeq>2</GreekSeq></word><word seq="3">that<GreekSeq>3</GreekSeq></word><word seq="4">everything<GreekSeq>4</GreekSeq></word><word seq="5">that<GreekSeq>5</GreekSeq></word><word seq="6">you have given<GreekSeq>6</GreekSeq></word><word seq="7">me<GreekSeq>7</GreekSeq></word><word seq="8">is<GreekSeq>10</GreekSeq></word><word seq="9">from<GreekSeq>8</GreekSeq></word><word seq="10">you.<GreekSeq>9</GreekSeq></word></ESV></verse>
<verse number="8"><ESV><word seq="1">For<GreekSeq>1</GreekSeq></word><word seq="2">I have given<GreekSeq>5</GreekSeq></word><word seq="3">them<GreekSeq>8</GreekSeq></word><word seq="4">the<GreekSeq>2</GreekSeq></word><word seq="5">words<GreekSeq>3</GreekSeq></word><word seq="6">that<GreekSeq>4</GreekSeq></word><word seq="7">you gave<GreekSeq>7</GreekSeq></word><word seq="8">me,<GreekSeq>6</GreekSeq></word><word seq="9">and<GreekSeq>9</GreekSeq></word><word seq="10">they<GreekSeq>10</GreekSeq></word><word seq="11">have received<GreekSeq>11</GreekSeq></word><word seq="12">them</word><word seq="13">and<GreekSeq>12</GreekSeq></word><word seq="14">have come to know<GreekSeq>13</GreekSeq></word><word seq="15">in truth<GreekSeq>14</GreekSeq></word><word seq="16">that<GreekSeq>15</GreekSeq></word><word seq="17">I came<GreekSeq>18</GreekSeq></word><word seq="18">from<GreekSeq>16</GreekSeq></word><word seq="19">you;<GreekSeq>17</GreekSeq></word><word seq="20">and<GreekSeq>19</GreekSeq></word><word seq="21">they have believed<GreekSeq>20</GreekSeq></word><word seq="22">that<GreekSeq>21</GreekSeq></word><word seq="23">you<GreekSeq>22</GreekSeq></word><word seq="24">sent<GreekSeq>24</GreekSeq></word><word seq="25">me.<GreekSeq>23</GreekSeq></word></ESV></verse>
<verse number="9"><ESV><word seq="1">I<GreekSeq>1</GreekSeq></word><word seq="2">am praying<GreekSeq>4</GreekSeq></word><word seq="3">for<GreekSeq>2</GreekSeq></word><word seq="4">them.<GreekSeq>3</GreekSeq></word><word seq="5">I am<GreekSeq>9</GreekSeq></word><word seq="6">not<GreekSeq>5</GreekSeq></word><word seq="7">praying<GreekSeq>9</GreekSeq></word><word seq="8">for<GreekSeq>6</GreekSeq></word><word seq="9">the<GreekSeq>7</GreekSeq></word><word seq="10">world<GreekSeq>8</GreekSeq></word><word seq="11">but<GreekSeq>10</GreekSeq></word><word seq="12">for<GreekSeq>11</GreekSeq></word><word seq="13">those whom<GreekSeq>12</GreekSeq></word><word seq="14">you have given<GreekSeq>13</GreekSeq></word><word seq="15">me,<GreekSeq>14</GreekSeq></word><word seq="16">for<GreekSeq>15</GreekSeq></word><word seq="17">they are<GreekSeq>17</GreekSeq></word><word seq="18">yours.<GreekSeq>16</GreekSeq></word></ESV></verse>
<verse number="10"><ESV><word seq="1">All<GreekSeq>4</GreekSeq></word><word seq="2">mine<GreekSeq>3</GreekSeq></word><word seq="3">are<GreekSeq>6</GreekSeq></word><word seq="4">yours,<GreekSeq>5</GreekSeq></word><word seq="5">and<GreekSeq>7</GreekSeq></word><word seq="6">yours<GreekSeq>9</GreekSeq></word><word seq="7">are</word><word seq="8">mine,<GreekSeq>10</GreekSeq></word><word seq="9">and<GreekSeq>11</GreekSeq></word><word seq="10">I am glorified<GreekSeq>12</GreekSeq></word><word seq="11">in<GreekSeq>13</GreekSeq></word><word seq="12">them.<GreekSeq>14</GreekSeq></word></ESV></verse>
<verse number="11"><ESV><word seq="1">And<GreekSeq>1</GreekSeq></word><word seq="2">I am<GreekSeq>3</GreekSeq></word><word seq="3">no longer<GreekSeq>2</GreekSeq></word><word seq="4">in<GreekSeq>4</GreekSeq></word><word seq="5">the<GreekSeq>5</GreekSeq></word><word seq="6">world,<GreekSeq>6</GreekSeq></word><word seq="7">but<GreekSeq>7</GreekSeq></word><word seq="8">they<GreekSeq>8</GreekSeq></word><word seq="9">are<GreekSeq>12</GreekSeq></word><word seq="10">in<GreekSeq>9</GreekSeq></word><word seq="11">the<GreekSeq>10</GreekSeq></word><word seq="12">world,<GreekSeq>11</GreekSeq></word><word seq="13">and I<GreekSeq>13</GreekSeq></word><word seq="14">am coming<GreekSeq>16</GreekSeq></word><word seq="15">to<GreekSeq>14</GreekSeq></word><word seq="16">you.<GreekSeq>15</GreekSeq></word><word seq="17">Holy<GreekSeq>18</GreekSeq></word><word seq="18">Father,<GreekSeq>17</GreekSeq></word><word seq="19">keep<GreekSeq>19</GreekSeq></word><word seq="20">them<GreekSeq>20</GreekSeq></word><word seq="21">in<GreekSeq>21</GreekSeq></word><word seq="22">your<GreekSeq>24</GreekSeq></word><word seq="23">name,<GreekSeq>23</GreekSeq></word><word seq="24">which<GreekSeq>25</GreekSeq></word><word seq="25">you have given<GreekSeq>26</GreekSeq></word><word seq="26">me,<GreekSeq>27</GreekSeq></word><word seq="27">that<GreekSeq>28</GreekSeq></word><word seq="28">they may be<GreekSeq>29</GreekSeq></word><word seq="29">one,<GreekSeq>30</GreekSeq></word><word seq="30">even as<GreekSeq>31</GreekSeq></word><word seq="31">we<GreekSeq>32</GreekSeq></word><word seq="32">are one.</word></ESV></verse>
<verse number="12"><ESV><word seq="1">While<GreekSeq>1</GreekSeq></word><word seq="2">I was<GreekSeq>2</GreekSeq></word><word seq="3">with<GreekSeq>3</GreekSeq></word><word seq="4">them,<GreekSeq>4</GreekSeq></word><word seq="5">I<GreekSeq>5</GreekSeq></word><word seq="6">kept<GreekSeq>6</GreekSeq></word><word seq="7">them<GreekSeq>4</GreekSeq></word><word seq="8">in<GreekSeq>8</GreekSeq></word><word seq="9">your<GreekSeq>11</GreekSeq></word><word seq="10">name,<GreekSeq>10</GreekSeq></word><word seq="11">which<GreekSeq>12</GreekSeq></word><word seq="12">you have given<GreekSeq>13</GreekSeq></word><word seq="13">me.<GreekSeq>14</GreekSeq></word><word seq="14">I have guarded<GreekSeq>16</GreekSeq></word><word seq="15">them,<GreekSeq>7</GreekSeq></word><word seq="16">and<GreekSeq>17</GreekSeq></word><word seq="17">not one<GreekSeq>18</GreekSeq></word><word seq="18">of<GreekSeq>19</GreekSeq></word><word seq="19">them<GreekSeq>20</GreekSeq></word><word seq="20">has been lost<GreekSeq>21</GreekSeq></word><word seq="21" note="εἰ μή Strong Code (1508)">except<GreekSeq>22</GreekSeq><GreekSeq>23</GreekSeq></word><word seq="22">the<GreekSeq>24</GreekSeq></word><word seq="23">son<GreekSeq>25</GreekSeq></word><word seq="24">of destruction,<GreekSeq>27</GreekSeq></word><word seq="25">that<GreekSeq>28</GreekSeq></word><word seq="26">the<GreekSeq>29</GreekSeq></word><word seq="27">Scripture<GreekSeq>30</GreekSeq></word><word seq="28">might be fulfilled.<GreekSeq>31</GreekSeq></word></ESV></verse>
<verse number="13"><ESV><word seq="1">But<GreekSeq>2</GreekSeq></word><word seq="2">now<GreekSeq>1</GreekSeq></word><word seq="3">I am coming<GreekSeq>5</GreekSeq></word><word seq="4">to<GreekSeq>3</GreekSeq></word><word seq="5">you,<GreekSeq>4</GreekSeq></word><word seq="6">and<GreekSeq>6</GreekSeq></word><word seq="7">these things<GreekSeq>7</GreekSeq></word><word seq="8">I speak<GreekSeq>8</GreekSeq></word><word seq="9">in<GreekSeq>9</GreekSeq></word><word seq="10">the<GreekSeq>10</GreekSeq></word><word seq="11">world,<GreekSeq>11</GreekSeq></word><word seq="12">that<GreekSeq>12</GreekSeq></word><word seq="13">they may have<GreekSeq>13</GreekSeq></word><word seq="14">my<GreekSeq>17</GreekSeq></word><word seq="15">joy<GreekSeq>15</GreekSeq></word><word seq="16">fulfilled<GreekSeq>18</GreekSeq></word><word seq="17">in<GreekSeq>19</GreekSeq></word><word seq="18">themselves.<GreekSeq>20</GreekSeq></word></ESV></verse>
<verse number="14"><ESV><word seq="1">I<GreekSeq>1</GreekSeq></word><word seq="2">have given<GreekSeq>2</GreekSeq></word><word seq="3">them<GreekSeq>3</GreekSeq></word><word seq="4">your<GreekSeq>6</GreekSeq></word><word seq="5">word,<GreekSeq>5</GreekSeq></word><word seq="6">and<GreekSeq>7</GreekSeq></word><word seq="7">the<GreekSeq>8</GreekSeq></word><word seq="8">world<GreekSeq>9</GreekSeq></word><word seq="9">has hated<GreekSeq>10</GreekSeq></word><word seq="10">them<GreekSeq>11</GreekSeq></word><word seq="11">because<GreekSeq>12</GreekSeq></word><word seq="12">they are<GreekSeq>14</GreekSeq></word><word seq="13">not<GreekSeq>13</GreekSeq></word><word seq="14">of<GreekSeq>15</GreekSeq></word><word seq="15">the<GreekSeq>16</GreekSeq></word><word seq="16">world,<GreekSeq>17</GreekSeq></word><word seq="17">just as<GreekSeq>18</GreekSeq></word><word seq="18">I<GreekSeq>19</GreekSeq></word><word seq="19">am<GreekSeq>21</GreekSeq></word><word seq="20">not<GreekSeq>20</GreekSeq></word><word seq="21">of<GreekSeq>22</GreekSeq></word><word seq="22">the<GreekSeq>23</GreekSeq></word><word seq="23">world.<GreekSeq>24</GreekSeq></word></ESV></verse>
<verse number="15"><ESV><word seq="1">I do<GreekSeq>2</GreekSeq></word><word seq="2">not<GreekSeq>1</GreekSeq></word><word seq="3">ask<GreekSeq>2</GreekSeq></word><word seq="4">that<GreekSeq>3</GreekSeq></word><word seq="5">you take<GreekSeq>4</GreekSeq></word><word seq="6">them<GreekSeq>5</GreekSeq></word><word seq="7">out of<GreekSeq>6</GreekSeq></word><word seq="8">the<GreekSeq>7</GreekSeq></word><word seq="9">world,<GreekSeq>8</GreekSeq></word><word seq="10">but<GreekSeq>9</GreekSeq></word><word seq="11">that<GreekSeq>10</GreekSeq></word><word seq="12">you keep<GreekSeq>11</GreekSeq></word><word seq="13">them<GreekSeq>12</GreekSeq></word><word seq="14">from<GreekSeq>13</GreekSeq></word><word seq="15">the<GreekSeq>14</GreekSeq></word><word seq="16">evil [one].<GreekSeq>15</GreekSeq></word></ESV></verse>
<verse number="16"><ESV><word seq="1">They are<GreekSeq>5</GreekSeq></word><word seq="2">not<GreekSeq>4</GreekSeq></word><word seq="3">of<GreekSeq>1</GreekSeq></word><word seq="4">the<GreekSeq>2</GreekSeq></word><word seq="5">world,<GreekSeq>3</GreekSeq></word><word seq="6">just as<GreekSeq>6</GreekSeq></word><word seq="7">I<GreekSeq>7</GreekSeq></word><word seq="8">am<GreekSeq>9</GreekSeq></word><word seq="9">not<GreekSeq>8</GreekSeq></word><word seq="10">of<GreekSeq>10</GreekSeq></word><word seq="11">the<GreekSeq>11</GreekSeq></word><word seq="12">world.<GreekSeq>12</GreekSeq></word></ESV></verse>
<verse number="17"><ESV><word seq="1">Sanctify<GreekSeq>1</GreekSeq></word><word seq="2">them<GreekSeq>2</GreekSeq></word><word seq="3">in<GreekSeq>3</GreekSeq></word><word seq="4">the<GreekSeq>4</GreekSeq></word><word seq="5">truth;<GreekSeq>5</GreekSeq></word><word seq="6">your<GreekSeq>9</GreekSeq></word><word seq="7">word<GreekSeq>7</GreekSeq></word><word seq="8">is<GreekSeq>11</GreekSeq></word><word seq="9">truth.<GreekSeq>10</GreekSeq></word></ESV></verse>
<verse number="18"><ESV><word seq="1">As<GreekSeq>1</GreekSeq></word><word seq="2">you sent<GreekSeq>3</GreekSeq></word><word seq="3">me<GreekSeq>2</GreekSeq></word><word seq="4">into<GreekSeq>4</GreekSeq></word><word seq="5">the<GreekSeq>5</GreekSeq></word><word seq="6">world,<GreekSeq>6</GreekSeq></word><word seq="7">so<GreekSeq>7</GreekSeq></word><word seq="8">I have sent<GreekSeq>8</GreekSeq></word><word seq="9">them<GreekSeq>9</GreekSeq></word><word seq="10">into<GreekSeq>10</GreekSeq></word><word seq="11">the<GreekSeq>11</GreekSeq></word><word seq="12">world.<GreekSeq>12</GreekSeq></word></ESV></verse>
<verse number="19"><ESV><word seq="1">And<GreekSeq>1</GreekSeq></word><word seq="2">for<GreekSeq>2</GreekSeq></word><word seq="3">their<GreekSeq>3</GreekSeq></word><word seq="4">sake<GreekSeq>2</GreekSeq></word><word seq="5">I<GreekSeq>4</GreekSeq></word><word seq="6">consecrate<GreekSeq>5</GreekSeq></word><word seq="7">myself,<GreekSeq>6</GreekSeq></word><word seq="8">that<GreekSeq>7</GreekSeq></word><word seq="9">they<GreekSeq>10</GreekSeq></word><word seq="10">also<GreekSeq>9</GreekSeq></word><word seq="11">may be<GreekSeq>8</GreekSeq></word><word seq="12">sanctified<GreekSeq>11</GreekSeq></word><word seq="13">in<GreekSeq>12</GreekSeq></word><word seq="14">truth.<GreekSeq>13</GreekSeq></word></ESV></verse>
<verse number="20"><ESV><word seq="1">I<GreekSeq>5</GreekSeq></word><word seq="2">do</word><word seq="3">not<GreekSeq>1</GreekSeq></word><word seq="4">ask<GreekSeq>5</GreekSeq></word><word seq="5">for<GreekSeq>2</GreekSeq></word><word seq="6">these<GreekSeq>3</GreekSeq></word><word seq="7">only,<GreekSeq>6</GreekSeq></word><word seq="8">but<GreekSeq>7</GreekSeq></word><word seq="9">also<GreekSeq>8</GreekSeq></word><word seq="10">for<GreekSeq>9</GreekSeq></word><word seq="11">those<GreekSeq>10</GreekSeq></word><word seq="12">who will believe<GreekSeq>11</GreekSeq></word><word seq="13">in<GreekSeq>16</GreekSeq></word><word seq="14">me<GreekSeq>17</GreekSeq></word><word seq="15">through<GreekSeq>12</GreekSeq></word><word seq="16">their<GreekSeq>15</GreekSeq></word><word seq="17">word,<GreekSeq>14</GreekSeq></word></ESV></verse>
<verse number="21"><ESV><word seq="1">that<GreekSeq>1</GreekSeq></word><word seq="2">they may<GreekSeq>4</GreekSeq></word><word seq="3">all<GreekSeq>2</GreekSeq></word><word seq="4">be<GreekSeq>4</GreekSeq></word><word seq="5">one,<GreekSeq>3</GreekSeq></word><word seq="6">just as<GreekSeq>5</GreekSeq></word><word seq="7">you,<GreekSeq>6</GreekSeq></word><word seq="8">Father,<GreekSeq>7</GreekSeq></word><word seq="9">are</word><word seq="10">in<GreekSeq>8</GreekSeq></word><word seq="11">me,<GreekSeq>9</GreekSeq></word><word seq="12">and I<GreekSeq>10</GreekSeq></word><word seq="13">in<GreekSeq>11</GreekSeq></word><word seq="14">you,<GreekSeq>12</GreekSeq></word><word seq="15">that<GreekSeq>13</GreekSeq></word><word seq="16">they<GreekSeq>15</GreekSeq></word><word seq="17">also<GreekSeq>14</GreekSeq></word><word seq="18">may be<GreekSeq>18</GreekSeq></word><word seq="19">in<GreekSeq>16</GreekSeq></word><word seq="20">us,<GreekSeq>17</GreekSeq></word><word seq="21">so that<GreekSeq>19</GreekSeq></word><word seq="22">the<GreekSeq>20</GreekSeq></word><word seq="23">world<GreekSeq>21</GreekSeq></word><word seq="24">may believe<GreekSeq>22</GreekSeq></word><word seq="25">that<GreekSeq>23</GreekSeq></word><word seq="26">you<GreekSeq>24</GreekSeq></word><word seq="27">have sent<GreekSeq>26</GreekSeq></word><word seq="28">me.<GreekSeq>25</GreekSeq></word></ESV></verse>
<verse number="22"><ESV><word seq="1">The<GreekSeq>2</GreekSeq></word><word seq="2">glory<GreekSeq>3</GreekSeq></word><word seq="3">that<GreekSeq>4</GreekSeq></word><word seq="4">you have given<GreekSeq>5</GreekSeq></word><word seq="5">me<GreekSeq>6</GreekSeq></word><word seq="6">I<GreekSeq>1</GreekSeq></word><word seq="7">have given<GreekSeq>7</GreekSeq></word><word seq="8">to them,<GreekSeq>8</GreekSeq></word><word seq="9">that<GreekSeq>9</GreekSeq></word><word seq="10">they may be<GreekSeq>10</GreekSeq></word><word seq="11">one<GreekSeq>11</GreekSeq></word><word seq="12">even as<GreekSeq>12</GreekSeq></word><word seq="13">we<GreekSeq>13</GreekSeq></word><word seq="14" note="Base of different Greek: ἐσμεν(2070)">are</word><word seq="15">one,<GreekSeq>14</GreekSeq></word></ESV></verse>
<verse number="23"><ESV><word seq="1">I<GreekSeq>1</GreekSeq></word><word seq="2">in<GreekSeq>2</GreekSeq></word><word seq="3">them<GreekSeq>3</GreekSeq></word><word seq="4">and<GreekSeq>4</GreekSeq></word><word seq="5">you<GreekSeq>5</GreekSeq></word><word seq="6">in<GreekSeq>6</GreekSeq></word><word seq="7">me,<GreekSeq>7</GreekSeq></word><word seq="8">that<GreekSeq>8</GreekSeq></word><word seq="9">they may become<GreekSeq>9</GreekSeq></word><word seq="10">perfectly<GreekSeq>10</GreekSeq></word><word seq="11">one,<GreekSeq>12</GreekSeq></word><word seq="12">so that<GreekSeq>13</GreekSeq></word><word seq="13">the<GreekSeq>15</GreekSeq></word><word seq="14">world<GreekSeq>16</GreekSeq></word><word seq="15">may know<GreekSeq>14</GreekSeq></word><word seq="16">that<GreekSeq>17</GreekSeq></word><word seq="17">you<GreekSeq>18</GreekSeq></word><word seq="18">sent<GreekSeq>20</GreekSeq></word><word seq="19">me<GreekSeq>19</GreekSeq></word><word seq="20">and<GreekSeq>21</GreekSeq></word><word seq="21">loved<GreekSeq>22</GreekSeq></word><word seq="22">them<GreekSeq>23</GreekSeq></word><word seq="23">even as<GreekSeq>24</GreekSeq></word><word seq="24">you loved<GreekSeq>26</GreekSeq></word><word seq="25">me.<GreekSeq>25</GreekSeq></word></ESV></verse>
<verse number="24"><ESV><word seq="1">Father,<GreekSeq>1</GreekSeq></word><word seq="2">I desire<GreekSeq>5</GreekSeq></word><word seq="3">that<GreekSeq>6</GreekSeq></word><word seq="4">they also,<GreekSeq>10</GreekSeq></word><word seq="5">whom<GreekSeq>2</GreekSeq></word><word seq="6">you have given<GreekSeq>3</GreekSeq></word><word seq="7">me,<GreekSeq>4</GreekSeq></word><word seq="8">may be<GreekSeq>11</GreekSeq></word><word seq="9">with<GreekSeq>12</GreekSeq></word><word seq="10">me<GreekSeq>13</GreekSeq></word><word seq="11">where<GreekSeq>7</GreekSeq></word><word seq="12">I<GreekSeq>9</GreekSeq></word><word seq="13">am,<GreekSeq>8</GreekSeq></word><word seq="14">to see<GreekSeq>14</GreekSeq><GreekSeq>15</GreekSeq></word><word seq="15">my<GreekSeq>19</GreekSeq></word><word seq="16">glory<GreekSeq>17</GreekSeq></word><word seq="17">that<GreekSeq>20</GreekSeq></word><word seq="18">you have given<GreekSeq>21</GreekSeq></word><word seq="19">me<GreekSeq>22</GreekSeq></word><word seq="20">because<GreekSeq>23</GreekSeq></word><word seq="21">you loved<GreekSeq>24</GreekSeq></word><word seq="22">me<GreekSeq>25</GreekSeq></word><word seq="23">before<GreekSeq>26</GreekSeq></word><word seq="24">the foundation<GreekSeq>27</GreekSeq></word><word seq="25">of the world.<GreekSeq>28</GreekSeq></word></ESV></verse>
<verse number="25"><ESV><word seq="1">O righteous<GreekSeq>2</GreekSeq></word><word seq="2">Father,<GreekSeq>1</GreekSeq></word><word seq="3">even though<GreekSeq>3</GreekSeq></word><word seq="4">the<GreekSeq>4</GreekSeq></word><word seq="5">world<GreekSeq>5</GreekSeq></word><word seq="6">does</word><word seq="7">not<GreekSeq>7</GreekSeq></word><word seq="8">know<GreekSeq>8</GreekSeq></word><word seq="9">you,<GreekSeq>6</GreekSeq></word><word seq="10">I<GreekSeq>9</GreekSeq></word><word seq="11">know<GreekSeq>12</GreekSeq></word><word seq="12">you,<GreekSeq>11</GreekSeq></word><word seq="13">and<GreekSeq>13</GreekSeq></word><word seq="14">these<GreekSeq>14</GreekSeq></word><word seq="15">know<GreekSeq>15</GreekSeq></word><word seq="16">that<GreekSeq>16</GreekSeq></word><word seq="17">you<GreekSeq>17</GreekSeq></word><word seq="18">have sent<GreekSeq>19</GreekSeq></word><word seq="19">me.<GreekSeq>18</GreekSeq></word></ESV></verse>
<verse number="26"><ESV><word seq="1">I made known<GreekSeq>2</GreekSeq></word><word seq="2">to them<GreekSeq>3</GreekSeq></word><word seq="3">your<GreekSeq>6</GreekSeq></word><word seq="4">name,<GreekSeq>5</GreekSeq></word><word seq="5">and<GreekSeq>7</GreekSeq></word><word seq="6">I will [continue to] make it known,<GreekSeq>8</GreekSeq></word><word seq="7">that<GreekSeq>9</GreekSeq></word><word seq="8">the<GreekSeq>10</GreekSeq></word><word seq="9">love<GreekSeq>11</GreekSeq></word><word seq="10">with which<GreekSeq>12</GreekSeq></word><word seq="11">you have loved<GreekSeq>13</GreekSeq></word><word seq="12">me<GreekSeq>14</GreekSeq></word><word seq="13">may be<GreekSeq>17</GreekSeq></word><word seq="14">in<GreekSeq>15</GreekSeq></word><word seq="15">them,<GreekSeq>16</GreekSeq></word><word seq="16">and I<GreekSeq>18</GreekSeq></word><word seq="17">in<GreekSeq>19</GreekSeq></word><word seq="18">them.”<GreekSeq>20</GreekSeq></word></ESV></verse></chapter></book>