<?xml version="1.0" encoding="UTF-8" standalone="no"?><book><chapter number="3">'<verse number="1"><ESV><word seq="1">Now<GreekSeq>2</GreekSeq></word><word seq="2">there was<GreekSeq>1</GreekSeq></word><word seq="3">a man<GreekSeq>3</GreekSeq></word><word seq="4">of<GreekSeq>4</GreekSeq></word><word seq="5">the<GreekSeq>5</GreekSeq></word><word seq="6">Pharisees<GreekSeq>6</GreekSeq></word><word seq="7">named<GreekSeq>8</GreekSeq><GreekSeq>9</GreekSeq></word><word seq="8">Nicodemus,<GreekSeq>7</GreekSeq></word><word seq="9">a ruler<GreekSeq>10</GreekSeq></word><word seq="10">of the<GreekSeq>11</GreekSeq></word><word seq="11">Jews.<GreekSeq>12</GreekSeq></word></ESV></verse>
<verse number="2"><ESV><word seq="1">This man<GreekSeq>1</GreekSeq></word><word seq="2">came<GreekSeq>2</GreekSeq></word><word seq="3">to<GreekSeq>3</GreekSeq></word><word seq="4" note="Base of different Greek:  Ἰησοῦν(2424)">Jesus<GreekSeq>4</GreekSeq></word><word seq="5">by night<GreekSeq>5</GreekSeq></word><word seq="6">and<GreekSeq>6</GreekSeq></word><word seq="7">said<GreekSeq>7</GreekSeq></word><word seq="8">to him,<GreekSeq>8</GreekSeq></word><word seq="9">“Rabbi,<GreekSeq>9</GreekSeq></word><word seq="10">we know<GreekSeq>10</GreekSeq></word><word seq="11">that<GreekSeq>11</GreekSeq></word><word seq="12">you<GreekSeq>14</GreekSeq></word><word seq="13">are</word><word seq="14">a teacher<GreekSeq>15</GreekSeq></word><word seq="15">come<GreekSeq>14</GreekSeq></word><word seq="16">from<GreekSeq>12</GreekSeq></word><word seq="17">God,<GreekSeq>13</GreekSeq></word><word seq="18">for<GreekSeq>17</GreekSeq></word><word seq="19">no one<GreekSeq>16</GreekSeq></word><word seq="20">can<GreekSeq>18</GreekSeq></word><word seq="21">do<GreekSeq>22</GreekSeq></word><word seq="22">these<GreekSeq>19</GreekSeq></word><word seq="23">signs<GreekSeq>21</GreekSeq></word><word seq="24">that<GreekSeq>23</GreekSeq></word><word seq="25">you<GreekSeq>24</GreekSeq></word><word seq="26">do<GreekSeq>25</GreekSeq></word><word seq="27" note="ἐὰν μή Strong Code (3362)">unless<GreekSeq>26</GreekSeq><GreekSeq>27</GreekSeq></word><word seq="28">God<GreekSeq>30</GreekSeq></word><word seq="29">is<GreekSeq>28</GreekSeq></word><word seq="30">with<GreekSeq>31</GreekSeq></word><word seq="31">him.”<GreekSeq>32</GreekSeq></word></ESV></verse>
<verse number="3"><ESV><word seq="1">Jesus<GreekSeq>2</GreekSeq></word><word seq="2">answered<GreekSeq>1</GreekSeq></word><word seq="3">him,<GreekSeq>5</GreekSeq></word><word seq="4">“Truly,<GreekSeq>6</GreekSeq></word><word seq="5">truly,<GreekSeq>7</GreekSeq></word><word seq="6">I say<GreekSeq>8</GreekSeq></word><word seq="7">to you,<GreekSeq>9</GreekSeq></word><word seq="8" note="ἐὰν μή Strong Code (3362)">unless<GreekSeq>10</GreekSeq><GreekSeq>11</GreekSeq></word><word seq="9">one<GreekSeq>12</GreekSeq></word><word seq="10">is born<GreekSeq>13</GreekSeq></word><word seq="11">again<GreekSeq>14</GreekSeq></word><word seq="12">he cannot<GreekSeq>15</GreekSeq><GreekSeq>16</GreekSeq></word><word seq="13">see<GreekSeq>17</GreekSeq></word><word seq="14">the<GreekSeq>18</GreekSeq></word><word seq="15">kingdom<GreekSeq>19</GreekSeq></word><word seq="16">of God.”<GreekSeq>21</GreekSeq></word></ESV></verse>
<verse number="4"><ESV><word seq="1">Nicodemus<GreekSeq>5</GreekSeq></word><word seq="2">said<GreekSeq>1</GreekSeq></word><word seq="3">to<GreekSeq>2</GreekSeq></word><word seq="4">him,“<GreekSeq>3</GreekSeq></word><word seq="5">How<GreekSeq>6</GreekSeq></word><word seq="6">can<GreekSeq>7</GreekSeq></word><word seq="7">a man<GreekSeq>8</GreekSeq></word><word seq="8">be born<GreekSeq>9</GreekSeq></word><word seq="9">when he is<GreekSeq>11</GreekSeq></word><word seq="10">old?<GreekSeq>10</GreekSeq></word><word seq="11">Can he<GreekSeq>13</GreekSeq></word><word seq="12">enter<GreekSeq>21</GreekSeq></word><word seq="13">a second time<GreekSeq>20</GreekSeq></word><word seq="14">into<GreekSeq>14</GreekSeq></word><word seq="15">his<GreekSeq>19</GreekSeq></word><word seq="16">mother’s<GreekSeq>18</GreekSeq></word><word seq="17">womb<GreekSeq>16</GreekSeq></word><word seq="18">and<GreekSeq>22</GreekSeq></word><word seq="19">be born?”<GreekSeq>23</GreekSeq></word></ESV></verse>
<verse number="5"><ESV><word seq="1">Jesus<GreekSeq>2</GreekSeq></word><word seq="2">answered,<GreekSeq>1</GreekSeq></word><word seq="3">“Truly,<GreekSeq>3</GreekSeq></word><word seq="4">truly,<GreekSeq>4</GreekSeq></word><word seq="5">I say<GreekSeq>5</GreekSeq></word><word seq="6">to you,<GreekSeq>6</GreekSeq></word><word seq="7" note="ἐὰν μή Strong Code (3362)">unless<GreekSeq>7</GreekSeq><GreekSeq>8</GreekSeq></word><word seq="8">one<GreekSeq>9</GreekSeq></word><word seq="9">is born<GreekSeq>10</GreekSeq></word><word seq="10">of<GreekSeq>11</GreekSeq></word><word seq="11">water<GreekSeq>12</GreekSeq></word><word seq="12">and<GreekSeq>13</GreekSeq></word><word seq="13">the Spirit,<GreekSeq>14</GreekSeq></word><word seq="14">he cannot<GreekSeq>15</GreekSeq><GreekSeq>16</GreekSeq></word><word seq="15">enter<GreekSeq>17</GreekSeq></word><word seq="16">the<GreekSeq>19</GreekSeq></word><word seq="17">kingdom<GreekSeq>20</GreekSeq></word><word seq="18">of God.<GreekSeq>22</GreekSeq></word></ESV></verse>
<verse number="6"><ESV><word seq="1">That<GreekSeq>1</GreekSeq></word><word seq="2">which is born<GreekSeq>2</GreekSeq></word><word seq="3">of<GreekSeq>3</GreekSeq></word><word seq="4">the<GreekSeq>4</GreekSeq></word><word seq="5">flesh<GreekSeq>5</GreekSeq></word><word seq="6">is<GreekSeq>7</GreekSeq></word><word seq="7">flesh,<GreekSeq>6</GreekSeq></word><word seq="8">and<GreekSeq>8</GreekSeq></word><word seq="9">that<GreekSeq>9</GreekSeq></word><word seq="10">which is born<GreekSeq>10</GreekSeq></word><word seq="11">of<GreekSeq>11</GreekSeq></word><word seq="12">the<GreekSeq>12</GreekSeq></word><word seq="13">Spirit<GreekSeq>13</GreekSeq></word><word seq="14">is<GreekSeq>15</GreekSeq></word><word seq="15">spirit.<GreekSeq>14</GreekSeq></word></ESV></verse>
<verse number="7"><ESV><word seq="1">Do</word><word seq="2">not<GreekSeq>1</GreekSeq></word><word seq="3">marvel<GreekSeq>2</GreekSeq></word><word seq="4">that<GreekSeq>3</GreekSeq></word><word seq="5">I said<GreekSeq>4</GreekSeq></word><word seq="6">to you,<GreekSeq>5</GreekSeq></word><word seq="7">‘You<GreekSeq>7</GreekSeq></word><word seq="8">must<GreekSeq>6</GreekSeq></word><word seq="9">be born<GreekSeq>8</GreekSeq></word><word seq="10">again.’<GreekSeq>9</GreekSeq></word></ESV></verse>
<verse number="8"><ESV><word seq="1">The<GreekSeq>1</GreekSeq></word><word seq="2">wind<GreekSeq>2</GreekSeq></word><word seq="3">blows<GreekSeq>5</GreekSeq></word><word seq="4">where<GreekSeq>3</GreekSeq></word><word seq="5">it wishes,<GreekSeq>4</GreekSeq></word><word seq="6">and<GreekSeq>6</GreekSeq></word><word seq="7">you hear<GreekSeq>10</GreekSeq></word><word seq="8">its<GreekSeq>9</GreekSeq></word><word seq="9">sound,<GreekSeq>8</GreekSeq></word><word seq="10">but<GreekSeq>11</GreekSeq></word><word seq="11">you do<GreekSeq>13</GreekSeq></word><word seq="12">not<GreekSeq>12</GreekSeq></word><word seq="13">know<GreekSeq>13</GreekSeq></word><word seq="14">where<GreekSeq>14</GreekSeq></word><word seq="15">it comes from<GreekSeq>15</GreekSeq></word><word seq="16">or<GreekSeq>16</GreekSeq></word><word seq="17">where<GreekSeq>17</GreekSeq></word><word seq="18">it goes.<GreekSeq>18</GreekSeq></word><word seq="19">So<GreekSeq>19</GreekSeq></word><word seq="20">it is<GreekSeq>20</GreekSeq></word><word seq="21">with</word><word seq="22">everyone<GreekSeq>21</GreekSeq><GreekSeq>22</GreekSeq></word><word seq="23">who is born<GreekSeq>23</GreekSeq></word><word seq="24">of<GreekSeq>24</GreekSeq></word><word seq="25">the<GreekSeq>25</GreekSeq></word><word seq="26">Spirit.”<GreekSeq>26</GreekSeq></word></ESV></verse>
<verse number="9"><ESV><word seq="1">Nicodemus<GreekSeq>2</GreekSeq></word><word seq="2">said<GreekSeq>4</GreekSeq></word><word seq="3">to him,<GreekSeq>5</GreekSeq></word><word seq="4">“How<GreekSeq>6</GreekSeq></word><word seq="5">can<GreekSeq>7</GreekSeq></word><word seq="6">these things<GreekSeq>8</GreekSeq></word><word seq="7">be?”<GreekSeq>9</GreekSeq></word></ESV></verse>
<verse number="10"><ESV><word seq="1">Jesus<GreekSeq>2</GreekSeq></word><word seq="2">answered<GreekSeq>1</GreekSeq></word><word seq="3">him,<GreekSeq>5</GreekSeq></word><word seq="4">“Are<GreekSeq>7</GreekSeq></word><word seq="5">you<GreekSeq>6</GreekSeq></word><word seq="6">the<GreekSeq>8</GreekSeq></word><word seq="7">teacher<GreekSeq>9</GreekSeq></word><word seq="8">of Israel<GreekSeq>10</GreekSeq><GreekSeq>11</GreekSeq></word><word seq="9">and yet<GreekSeq>12</GreekSeq></word><word seq="10">you do<GreekSeq>15</GreekSeq></word><word seq="11">not<GreekSeq>14</GreekSeq></word><word seq="12">understand<GreekSeq>15</GreekSeq></word><word seq="13">these things?<GreekSeq>13</GreekSeq></word></ESV></verse>
<verse number="11"><ESV><word seq="1">Truly,<GreekSeq>1</GreekSeq></word><word seq="2">truly,<GreekSeq>2</GreekSeq></word><word seq="3">I say<GreekSeq>3</GreekSeq></word><word seq="4">to you,<GreekSeq>4</GreekSeq></word><word seq="5">we speak<GreekSeq>8</GreekSeq></word><word seq="6">of what<GreekSeq>6</GreekSeq></word><word seq="7">we know,<GreekSeq>7</GreekSeq></word><word seq="8">and<GreekSeq>9</GreekSeq></word><word seq="9">bear witness<GreekSeq>12</GreekSeq></word><word seq="10">to what<GreekSeq>10</GreekSeq></word><word seq="11">we have seen,<GreekSeq>11</GreekSeq></word><word seq="12">but<GreekSeq>13</GreekSeq></word><word seq="13">you<GreekSeq>18</GreekSeq></word><word seq="14">do</word><word seq="15">not<GreekSeq>17</GreekSeq></word><word seq="16">receive<GreekSeq>18</GreekSeq></word><word seq="17">our<GreekSeq>16</GreekSeq></word><word seq="18">testimony.<GreekSeq>15</GreekSeq></word></ESV></verse>
<verse number="12"><ESV><word seq="1">If<GreekSeq>1</GreekSeq></word><word seq="2">I have told<GreekSeq>4</GreekSeq></word><word seq="3">you<GreekSeq>5</GreekSeq></word><word seq="4">earthly<GreekSeq>3</GreekSeq></word><word seq="5">things<GreekSeq>2</GreekSeq></word><word seq="6">and<GreekSeq>6</GreekSeq></word><word seq="7">you do<GreekSeq>8</GreekSeq></word><word seq="8">not<GreekSeq>7</GreekSeq></word><word seq="9">believe,<GreekSeq>8</GreekSeq></word><word seq="10">how<GreekSeq>9</GreekSeq></word><word seq="11">can you believe<GreekSeq>15</GreekSeq></word><word seq="12">if<GreekSeq>10</GreekSeq></word><word seq="13">I tell<GreekSeq>11</GreekSeq></word><word seq="14">you<GreekSeq>12</GreekSeq></word><word seq="15">heavenly<GreekSeq>14</GreekSeq></word><word seq="16">things?<GreekSeq>13</GreekSeq></word></ESV></verse>
<verse number="13"><ESV><word seq="1">No one<GreekSeq>2</GreekSeq></word><word seq="2">has ascended<GreekSeq>3</GreekSeq></word><word seq="3">into<GreekSeq>4</GreekSeq></word><word seq="4">heaven<GreekSeq>6</GreekSeq></word><word seq="5" note="εἰ μή Strong Code (1508)">except<GreekSeq>7</GreekSeq><GreekSeq>8</GreekSeq></word><word seq="6">he<GreekSeq>9</GreekSeq></word><word seq="7">who descended<GreekSeq>13</GreekSeq></word><word seq="8">from<GreekSeq>10</GreekSeq></word><word seq="9">heaven,<GreekSeq>12</GreekSeq></word><word seq="10">the<GreekSeq>14</GreekSeq></word><word seq="11">Son<GreekSeq>15</GreekSeq></word><word seq="12">of Man.<GreekSeq>17</GreekSeq></word></ESV></verse>
<verse number="14"><ESV><word seq="1">And<GreekSeq>1</GreekSeq></word><word seq="2">as<GreekSeq>2</GreekSeq></word><word seq="3">Moses<GreekSeq>3</GreekSeq></word><word seq="4">lifted up<GreekSeq>4</GreekSeq></word><word seq="5">the<GreekSeq>5</GreekSeq></word><word seq="6">serpent<GreekSeq>6</GreekSeq></word><word seq="7">in<GreekSeq>7</GreekSeq></word><word seq="8">the<GreekSeq>8</GreekSeq></word><word seq="9">wilderness,<GreekSeq>9</GreekSeq></word><word seq="10">so<GreekSeq>10</GreekSeq></word><word seq="11">must<GreekSeq>12</GreekSeq></word><word seq="12">the<GreekSeq>13</GreekSeq></word><word seq="13">Son<GreekSeq>14</GreekSeq></word><word seq="14">of Man<GreekSeq>16</GreekSeq></word><word seq="15">be lifted up,<GreekSeq>11</GreekSeq></word></ESV></verse>
<verse number="15"><ESV><word seq="1">that<GreekSeq>1</GreekSeq></word><word seq="2">whoever<GreekSeq>2</GreekSeq><GreekSeq>3</GreekSeq></word><word seq="3">believes<GreekSeq>4</GreekSeq></word><word seq="4">in<GreekSeq>5</GreekSeq></word><word seq="5">him<GreekSeq>6</GreekSeq></word><word seq="6">may have<GreekSeq>7</GreekSeq></word><word seq="7">eternal<GreekSeq>9</GreekSeq></word><word seq="8">life.<GreekSeq>8</GreekSeq></word></ESV></verse>
<verse number="16"><ESV><word seq="1">For<GreekSeq>2</GreekSeq></word><word seq="2">God<GreekSeq>5</GreekSeq></word><word seq="3">so<GreekSeq>1</GreekSeq></word><word seq="4">loved<GreekSeq>3</GreekSeq></word><word seq="5">the<GreekSeq>6</GreekSeq></word><word seq="6">world,<GreekSeq>7</GreekSeq></word><word seq="7">that<GreekSeq>8</GreekSeq></word><word seq="8">he gave<GreekSeq>13</GreekSeq></word><word seq="9" note="Base of different Greek: αυτου(846)">his</word><word seq="10">only<GreekSeq>12</GreekSeq></word><word seq="11">Son,<GreekSeq>10</GreekSeq></word><word seq="12">that<GreekSeq>14</GreekSeq></word><word seq="13">whoever<GreekSeq>15</GreekSeq><GreekSeq>16</GreekSeq></word><word seq="14">believes<GreekSeq>17</GreekSeq></word><word seq="15">in<GreekSeq>18</GreekSeq></word><word seq="16">him<GreekSeq>19</GreekSeq></word><word seq="17">should<GreekSeq>21</GreekSeq></word><word seq="18">not<GreekSeq>20</GreekSeq></word><word seq="19">perish<GreekSeq>21</GreekSeq></word><word seq="20">but<GreekSeq>22</GreekSeq></word><word seq="21">have<GreekSeq>23</GreekSeq></word><word seq="22">eternal<GreekSeq>25</GreekSeq></word><word seq="23">life.<GreekSeq>24</GreekSeq></word></ESV></verse>
<verse number="17"><ESV><word seq="1">For<GreekSeq>2</GreekSeq></word><word seq="2">God<GreekSeq>5</GreekSeq></word><word seq="3">did<GreekSeq>3</GreekSeq></word><word seq="4">not<GreekSeq>1</GreekSeq></word><word seq="5">send<GreekSeq>3</GreekSeq></word><word seq="6">his<GreekSeq>21</GreekSeq></word><word seq="7">Son<GreekSeq>7</GreekSeq></word><word seq="8">into<GreekSeq>8</GreekSeq></word><word seq="9">the<GreekSeq>9</GreekSeq></word><word seq="10">world<GreekSeq>10</GreekSeq></word><word seq="11">to condemn<GreekSeq>11</GreekSeq><GreekSeq>12</GreekSeq></word><word seq="12">the<GreekSeq>13</GreekSeq></word><word seq="13">world,<GreekSeq>14</GreekSeq></word><word seq="14">but<GreekSeq>15</GreekSeq></word><word seq="15">in order that<GreekSeq>16</GreekSeq></word><word seq="16">the<GreekSeq>18</GreekSeq></word><word seq="17">world<GreekSeq>19</GreekSeq></word><word seq="18">might be saved<GreekSeq>17</GreekSeq></word><word seq="19">through<GreekSeq>20</GreekSeq></word><word seq="20">him.<GreekSeq>21</GreekSeq></word></ESV></verse>
<verse number="18"><ESV><word seq="1">Whoever<GreekSeq>1</GreekSeq></word><word seq="2">believes<GreekSeq>2</GreekSeq></word><word seq="3">in<GreekSeq>3</GreekSeq></word><word seq="4">him<GreekSeq>4</GreekSeq></word><word seq="5">is<GreekSeq>6</GreekSeq></word><word seq="6">not<GreekSeq>5</GreekSeq></word><word seq="7">condemned,<GreekSeq>6</GreekSeq></word><word seq="8">but<GreekSeq>8</GreekSeq></word><word seq="9">whoever<GreekSeq>10</GreekSeq></word><word seq="10">does</word><word seq="11">not<GreekSeq>9</GreekSeq></word><word seq="12">believe<GreekSeq>10</GreekSeq></word><word seq="13">is condemned<GreekSeq>12</GreekSeq></word><word seq="14">already,<GreekSeq>11</GreekSeq></word><word seq="15">because<GreekSeq>13</GreekSeq></word><word seq="16">he has<GreekSeq>15</GreekSeq></word><word seq="17">not<GreekSeq>14</GreekSeq></word><word seq="18">believed<GreekSeq>15</GreekSeq></word><word seq="19">in<GreekSeq>16</GreekSeq></word><word seq="20">the<GreekSeq>17</GreekSeq></word><word seq="21">name<GreekSeq>18</GreekSeq></word><word seq="22">of the<GreekSeq>19</GreekSeq></word><word seq="23">only<GreekSeq>20</GreekSeq></word><word seq="24">Son<GreekSeq>21</GreekSeq></word><word seq="25">of God.<GreekSeq>23</GreekSeq></word></ESV></verse>
<verse number="19"><ESV><word seq="1">And<GreekSeq>2</GreekSeq></word><word seq="2">this<GreekSeq>1</GreekSeq></word><word seq="3">is<GreekSeq>3</GreekSeq></word><word seq="4">the<GreekSeq>4</GreekSeq></word><word seq="5">judgment:<GreekSeq>5</GreekSeq></word><word seq="6">the<GreekSeq>7</GreekSeq></word><word seq="7">light<GreekSeq>8</GreekSeq></word><word seq="8">has come<GreekSeq>9</GreekSeq></word><word seq="9">into<GreekSeq>10</GreekSeq></word><word seq="10">the<GreekSeq>11</GreekSeq></word><word seq="11">world,<GreekSeq>12</GreekSeq></word><word seq="12">and<GreekSeq>13</GreekSeq></word><word seq="13">people<GreekSeq>16</GreekSeq></word><word seq="14">loved<GreekSeq>14</GreekSeq></word><word seq="15">the<GreekSeq>18</GreekSeq></word><word seq="16">darkness<GreekSeq>19</GreekSeq></word><word seq="17">rather<GreekSeq>17</GreekSeq></word><word seq="18">than<GreekSeq>20</GreekSeq></word><word seq="19">the<GreekSeq>21</GreekSeq></word><word seq="20">light<GreekSeq>22</GreekSeq></word><word seq="21">because<GreekSeq>24</GreekSeq></word><word seq="22">their<GreekSeq>25</GreekSeq></word><word seq="23">works<GreekSeq>28</GreekSeq></word><word seq="24">were<GreekSeq>23</GreekSeq></word><word seq="25">evil.<GreekSeq>26</GreekSeq></word></ESV></verse>
<verse number="20"><ESV><word seq="1">For<GreekSeq>2</GreekSeq></word><word seq="2">everyone<GreekSeq>1</GreekSeq><GreekSeq>3</GreekSeq></word><word seq="3">who does<GreekSeq>5</GreekSeq></word><word seq="4">wicked<GreekSeq>4</GreekSeq></word><word seq="5">things</word><word seq="6">hates<GreekSeq>6</GreekSeq></word><word seq="7">the<GreekSeq>7</GreekSeq></word><word seq="8">light<GreekSeq>8</GreekSeq></word><word seq="9">and<GreekSeq>9</GreekSeq></word><word seq="10">does</word><word seq="11">not<GreekSeq>10</GreekSeq></word><word seq="12">come<GreekSeq>11</GreekSeq></word><word seq="13">to<GreekSeq>12</GreekSeq></word><word seq="14">the<GreekSeq>13</GreekSeq></word><word seq="15">light,<GreekSeq>14</GreekSeq></word><word seq="16" note="ἵνα μή Strong Code (3363)">lest<GreekSeq>15</GreekSeq><GreekSeq>16</GreekSeq></word><word seq="17">his<GreekSeq>20</GreekSeq></word><word seq="18">works<GreekSeq>19</GreekSeq></word><word seq="19">should be exposed.<GreekSeq>17</GreekSeq></word></ESV></verse>
<verse number="21"><ESV><word seq="1">But<GreekSeq>2</GreekSeq></word><word seq="2">whoever<GreekSeq>1</GreekSeq></word><word seq="3">does<GreekSeq>3</GreekSeq></word><word seq="4">what is true<GreekSeq>4</GreekSeq><GreekSeq>5</GreekSeq></word><word seq="5">comes<GreekSeq>6</GreekSeq></word><word seq="6">to<GreekSeq>7</GreekSeq></word><word seq="7">the<GreekSeq>8</GreekSeq></word><word seq="8">light,<GreekSeq>9</GreekSeq></word><word seq="9">so that<GreekSeq>10</GreekSeq></word><word seq="10">it may be clearly seen<GreekSeq>11</GreekSeq></word><word seq="11">that<GreekSeq>15</GreekSeq></word><word seq="12">his<GreekSeq>12</GreekSeq></word><word seq="13">works<GreekSeq>14</GreekSeq></word><word seq="14">have been carried out<GreekSeq>19</GreekSeq></word><word seq="15">in<GreekSeq>16</GreekSeq></word><word seq="16">God.”<GreekSeq>17</GreekSeq></word></ESV></verse>
<verse number="22"><ESV><word seq="1">After<GreekSeq>1</GreekSeq></word><word seq="2">this<GreekSeq>2</GreekSeq></word><word seq="3">Jesus<GreekSeq>5</GreekSeq></word><word seq="4">and<GreekSeq>6</GreekSeq></word><word seq="5">his<GreekSeq>9</GreekSeq></word><word seq="6">disciples<GreekSeq>8</GreekSeq></word><word seq="7">went<GreekSeq>3</GreekSeq></word><word seq="8">into<GreekSeq>10</GreekSeq></word><word seq="9">the<GreekSeq>11</GreekSeq></word><word seq="10">Judean<GreekSeq>12</GreekSeq></word><word seq="11">countryside,<GreekSeq>13</GreekSeq></word><word seq="12">and<GreekSeq>14</GreekSeq></word><word seq="13">he remained<GreekSeq>16</GreekSeq></word><word seq="14">there<GreekSeq>15</GreekSeq></word><word seq="15">with<GreekSeq>17</GreekSeq></word><word seq="16">them<GreekSeq>18</GreekSeq></word><word seq="17">and<GreekSeq>19</GreekSeq></word><word seq="18">was baptizing.<GreekSeq>20</GreekSeq></word></ESV></verse>
<verse number="23"><ESV><word seq="1">John<GreekSeq>5</GreekSeq></word><word seq="2">also<GreekSeq>3</GreekSeq></word><word seq="3">was<GreekSeq>1</GreekSeq></word><word seq="4">baptizing<GreekSeq>6</GreekSeq></word><word seq="5">at<GreekSeq>7</GreekSeq></word><word seq="6">Aenon<GreekSeq>8</GreekSeq></word><word seq="7">near<GreekSeq>9</GreekSeq></word><word seq="8">Salim,<GreekSeq>11</GreekSeq></word><word seq="9">because<GreekSeq>12</GreekSeq></word><word seq="10">water<GreekSeq>13</GreekSeq></word><word seq="11">was<GreekSeq>15</GreekSeq></word><word seq="12">plentiful<GreekSeq>14</GreekSeq></word><word seq="13">there,<GreekSeq>16</GreekSeq></word><word seq="14">and<GreekSeq>17</GreekSeq></word><word seq="15">people were coming<GreekSeq>18</GreekSeq></word><word seq="16">and<GreekSeq>19</GreekSeq></word><word seq="17">being baptized<GreekSeq>20</GreekSeq></word></ESV></verse>
<verse number="24"><ESV><word seq="1">(for<GreekSeq>2</GreekSeq></word><word seq="2">John<GreekSeq>9</GreekSeq></word><word seq="3">had<GreekSeq>3</GreekSeq></word><word seq="4">not yet<GreekSeq>1</GreekSeq></word><word seq="5">been<GreekSeq>3</GreekSeq></word><word seq="6">put<GreekSeq>4</GreekSeq></word><word seq="7">in<GreekSeq>5</GreekSeq></word><word seq="8">prison).<GreekSeq>7</GreekSeq></word></ESV></verse>
<verse number="25"><ESV><word seq="1">Now<GreekSeq>2</GreekSeq></word><word seq="2">a discussion<GreekSeq>3</GreekSeq></word><word seq="3">arose<GreekSeq>1</GreekSeq></word><word seq="4">between some</word><word seq="5">of<GreekSeq>4</GreekSeq></word><word seq="6">John’s<GreekSeq>7</GreekSeq></word><word seq="7">disciples<GreekSeq>6</GreekSeq></word><word seq="8">and<GreekSeq>8</GreekSeq></word><word seq="9">a Jew<GreekSeq>9</GreekSeq></word><word seq="10">over<GreekSeq>10</GreekSeq></word><word seq="11">purification.<GreekSeq>11</GreekSeq></word></ESV></verse>
<verse number="26"><ESV><word seq="1">And<GreekSeq>1</GreekSeq></word><word seq="2">they came<GreekSeq>2</GreekSeq></word><word seq="3">to<GreekSeq>3</GreekSeq></word><word seq="4">John<GreekSeq>5</GreekSeq></word><word seq="5">and<GreekSeq>6</GreekSeq></word><word seq="6">said<GreekSeq>7</GreekSeq></word><word seq="7">to him,“<GreekSeq>8</GreekSeq></word><word seq="8">Rabbi,<GreekSeq>9</GreekSeq></word><word seq="9">he who<GreekSeq>10</GreekSeq></word><word seq="10">was<GreekSeq>11</GreekSeq></word><word seq="11">with<GreekSeq>12</GreekSeq></word><word seq="12">you<GreekSeq>13</GreekSeq></word><word seq="13">across<GreekSeq>14</GreekSeq></word><word seq="14">the<GreekSeq>15</GreekSeq></word><word seq="15">Jordan,<GreekSeq>16</GreekSeq></word><word seq="16">to whom<GreekSeq>17</GreekSeq></word><word seq="17">you<GreekSeq>18</GreekSeq></word><word seq="18">bore witness<GreekSeq>19</GreekSeq></word><word seq="19">— look,<GreekSeq>20</GreekSeq></word><word seq="20">he<GreekSeq>21</GreekSeq></word><word seq="21">is baptizing,<GreekSeq>22</GreekSeq></word><word seq="22">and<GreekSeq>23</GreekSeq></word><word seq="23">all<GreekSeq>24</GreekSeq></word><word seq="24">are going<GreekSeq>25</GreekSeq></word><word seq="25">to<GreekSeq>26</GreekSeq></word><word seq="26">him.”<GreekSeq>27</GreekSeq></word></ESV></verse>
<verse number="27"><ESV><word seq="1">John<GreekSeq>2</GreekSeq></word><word seq="2">answered,“<GreekSeq>1</GreekSeq></word><word seq="3">A person<GreekSeq>7</GreekSeq></word><word seq="4">cannot<GreekSeq>5</GreekSeq><GreekSeq>6</GreekSeq></word><word seq="5">receive<GreekSeq>8</GreekSeq></word><word seq="6">even<GreekSeq>9</GreekSeq></word><word seq="7">one thing<GreekSeq>10</GreekSeq></word><word seq="8" note="ἐὰν μή Strong Code (3362)">unless<GreekSeq>11</GreekSeq><GreekSeq>12</GreekSeq></word><word seq="9">it is<GreekSeq>13</GreekSeq></word><word seq="10">given<GreekSeq>14</GreekSeq></word><word seq="11">him<GreekSeq>15</GreekSeq></word><word seq="12">from<GreekSeq>16</GreekSeq></word><word seq="13">heaven.<GreekSeq>18</GreekSeq></word></ESV></verse>
<verse number="28"><ESV><word seq="1">You<GreekSeq>2</GreekSeq></word><word seq="2">yourselves<GreekSeq>1</GreekSeq></word><word seq="3">bear<GreekSeq>4</GreekSeq></word><word seq="4">me<GreekSeq>3</GreekSeq></word><word seq="5">witness,<GreekSeq>4</GreekSeq></word><word seq="6">that<GreekSeq>5</GreekSeq></word><word seq="7">I said,<GreekSeq>6</GreekSeq></word><word seq="8">‘I<GreekSeq>10</GreekSeq></word><word seq="9">am<GreekSeq>9</GreekSeq></word><word seq="10">not<GreekSeq>8</GreekSeq></word><word seq="11">the<GreekSeq>11</GreekSeq></word><word seq="12">Christ,<GreekSeq>12</GreekSeq></word><word seq="13">but<GreekSeq>13</GreekSeq></word><word seq="14">I have been<GreekSeq>16</GreekSeq></word><word seq="15">sent<GreekSeq>15</GreekSeq></word><word seq="16">before<GreekSeq>17</GreekSeq></word><word seq="17">him.’<GreekSeq>18</GreekSeq></word></ESV></verse>
<verse number="29"><ESV><word seq="1">The one<GreekSeq>1</GreekSeq></word><word seq="2">who has<GreekSeq>2</GreekSeq></word><word seq="3">the<GreekSeq>3</GreekSeq></word><word seq="4">bride<GreekSeq>4</GreekSeq></word><word seq="5">is<GreekSeq>6</GreekSeq></word><word seq="6">the bridegroom.<GreekSeq>5</GreekSeq></word><word seq="7">The<GreekSeq>7</GreekSeq></word><word seq="8">friend<GreekSeq>9</GreekSeq></word><word seq="9">of the<GreekSeq>10</GreekSeq></word><word seq="10">bridegroom,<GreekSeq>11</GreekSeq></word><word seq="11">who stands<GreekSeq>13</GreekSeq></word><word seq="12">and<GreekSeq>14</GreekSeq></word><word seq="13">hears<GreekSeq>15</GreekSeq></word><word seq="14">him,<GreekSeq>16</GreekSeq></word><word seq="15">rejoices greatly<GreekSeq>17</GreekSeq><GreekSeq>18</GreekSeq></word><word seq="16">at<GreekSeq>19</GreekSeq></word><word seq="17">the<GreekSeq>20</GreekSeq></word><word seq="18">bridegroom’s<GreekSeq>23</GreekSeq></word><word seq="19">voice.<GreekSeq>21</GreekSeq></word><word seq="20">Therefore<GreekSeq>25</GreekSeq></word><word seq="21">this<GreekSeq>24</GreekSeq></word><word seq="22">joy<GreekSeq>27</GreekSeq></word><word seq="23">of mine<GreekSeq>29</GreekSeq></word><word seq="24">is now complete.<GreekSeq>30</GreekSeq></word></ESV></verse>
<verse number="30"><ESV><word seq="1">He<GreekSeq>1</GreekSeq></word><word seq="2">must<GreekSeq>2</GreekSeq></word><word seq="3">increase,<GreekSeq>3</GreekSeq></word><word seq="4">but<GreekSeq>5</GreekSeq></word><word seq="5">I<GreekSeq>4</GreekSeq></word><word seq="6">must</word><word seq="7">decrease.”<GreekSeq>6</GreekSeq></word></ESV></verse>
<verse number="31"><ESV><word seq="1">He<GreekSeq>1</GreekSeq></word><word seq="2">who comes<GreekSeq>3</GreekSeq></word><word seq="3">from above<GreekSeq>2</GreekSeq></word><word seq="4">is<GreekSeq>6</GreekSeq></word><word seq="5">above<GreekSeq>4</GreekSeq></word><word seq="6">all.<GreekSeq>5</GreekSeq></word><word seq="7">He<GreekSeq>7</GreekSeq></word><word seq="8">who is<GreekSeq>8</GreekSeq></word><word seq="9">of<GreekSeq>9</GreekSeq></word><word seq="10">the<GreekSeq>10</GreekSeq></word><word seq="11">earth<GreekSeq>11</GreekSeq></word><word seq="12">[belongs]<GreekSeq>15</GreekSeq></word><word seq="13">to<GreekSeq>12</GreekSeq></word><word seq="14">the<GreekSeq>13</GreekSeq></word><word seq="15">earth<GreekSeq>14</GreekSeq></word><word seq="16">and<GreekSeq>16</GreekSeq></word><word seq="17">speaks<GreekSeq>20</GreekSeq></word><word seq="18">in an earthly way.<GreekSeq>17</GreekSeq><GreekSeq>18</GreekSeq><GreekSeq>19</GreekSeq></word><word seq="19">He<GreekSeq>21</GreekSeq></word><word seq="20">who comes<GreekSeq>25</GreekSeq></word><word seq="21">from<GreekSeq>22</GreekSeq></word><word seq="22">heaven<GreekSeq>24</GreekSeq></word><word seq="23">is<GreekSeq>28</GreekSeq></word><word seq="24">above<GreekSeq>26</GreekSeq></word><word seq="25">all.<GreekSeq>27</GreekSeq></word></ESV></verse>
<verse number="32"><ESV><word seq="1">He bears witness<GreekSeq>6</GreekSeq></word><word seq="2">to what<GreekSeq>1</GreekSeq></word><word seq="3">he has seen<GreekSeq>2</GreekSeq></word><word seq="4">and<GreekSeq>3</GreekSeq></word><word seq="5">heard,<GreekSeq>4</GreekSeq></word><word seq="6">yet<GreekSeq>7</GreekSeq></word><word seq="7">no one<GreekSeq>11</GreekSeq></word><word seq="8">receives<GreekSeq>12</GreekSeq></word><word seq="9">his<GreekSeq>10</GreekSeq></word><word seq="10">testimony.<GreekSeq>9</GreekSeq></word></ESV></verse>
<verse number="33"><ESV><word seq="1">Whoever receives<GreekSeq>2</GreekSeq></word><word seq="2">his<GreekSeq>3</GreekSeq></word><word seq="3">testimony<GreekSeq>5</GreekSeq></word><word seq="4">sets [his] seal<GreekSeq>6</GreekSeq></word><word seq="5">to this,</word><word seq="6">that<GreekSeq>7</GreekSeq></word><word seq="7">God<GreekSeq>9</GreekSeq></word><word seq="8">is<GreekSeq>11</GreekSeq></word><word seq="9">true.<GreekSeq>10</GreekSeq></word></ESV></verse>
<verse number="34"><ESV><word seq="1">For<GreekSeq>2</GreekSeq></word><word seq="2">he whom<GreekSeq>1</GreekSeq></word><word seq="3">God<GreekSeq>5</GreekSeq></word><word seq="4">has sent<GreekSeq>3</GreekSeq></word><word seq="5">utters<GreekSeq>10</GreekSeq></word><word seq="6">the<GreekSeq>6</GreekSeq></word><word seq="7">words<GreekSeq>7</GreekSeq></word><word seq="8">of God,<GreekSeq>9</GreekSeq></word><word seq="9">for<GreekSeq>12</GreekSeq></word><word seq="10">he gives<GreekSeq>15</GreekSeq></word><word seq="11">the<GreekSeq>16</GreekSeq></word><word seq="12">Spirit<GreekSeq>17</GreekSeq></word><word seq="13">without<GreekSeq>11</GreekSeq><GreekSeq>13</GreekSeq></word><word seq="14">measure.<GreekSeq>14</GreekSeq></word></ESV></verse>
<verse number="35"><ESV><word seq="1">The<GreekSeq>1</GreekSeq></word><word seq="2">Father<GreekSeq>2</GreekSeq></word><word seq="3">loves<GreekSeq>3</GreekSeq></word><word seq="4">the<GreekSeq>4</GreekSeq></word><word seq="5">Son<GreekSeq>5</GreekSeq></word><word seq="6">and<GreekSeq>6</GreekSeq></word><word seq="7">has given<GreekSeq>8</GreekSeq></word><word seq="8">all things<GreekSeq>7</GreekSeq></word><word seq="9">into<GreekSeq>9</GreekSeq></word><word seq="10">his<GreekSeq>12</GreekSeq></word><word seq="11">hand.<GreekSeq>11</GreekSeq></word></ESV></verse>
<verse number="36"><ESV><word seq="1">Whoever believes<GreekSeq>2</GreekSeq></word><word seq="2">in<GreekSeq>3</GreekSeq></word><word seq="3">the<GreekSeq>4</GreekSeq></word><word seq="4">Son<GreekSeq>5</GreekSeq></word><word seq="5">has<GreekSeq>6</GreekSeq></word><word seq="6">eternal<GreekSeq>8</GreekSeq></word><word seq="7">life;<GreekSeq>7</GreekSeq></word><word seq="8">whoever does not obey<GreekSeq>11</GreekSeq></word><word seq="9">the<GreekSeq>12</GreekSeq></word><word seq="10">Son<GreekSeq>13</GreekSeq></word><word seq="11">shall<GreekSeq>15</GreekSeq></word><word seq="12">not<GreekSeq>14</GreekSeq></word><word seq="13">see<GreekSeq>15</GreekSeq></word><word seq="14">life,<GreekSeq>16</GreekSeq></word><word seq="15">but<GreekSeq>17</GreekSeq></word><word seq="16">the<GreekSeq>18</GreekSeq></word><word seq="17">wrath<GreekSeq>19</GreekSeq></word><word seq="18">of God<GreekSeq>21</GreekSeq></word><word seq="19">remains<GreekSeq>22</GreekSeq></word><word seq="20">on<GreekSeq>23</GreekSeq></word><word seq="21">him.<GreekSeq>24</GreekSeq></word></ESV></verse></chapter></book>