<?xml version="1.0" encoding="UTF-8" standalone="no"?><book><chapter number="1">'<verse number="1"><ESV><word seq="1">In<GreekSeq>1</GreekSeq></word><word seq="2">the beginning<GreekSeq>2</GreekSeq></word><word seq="3">was<GreekSeq>3</GreekSeq></word><word seq="4">the<GreekSeq>4</GreekSeq></word><word seq="5">Word,<GreekSeq>5</GreekSeq></word><word seq="6">and<GreekSeq>6</GreekSeq></word><word seq="7">the<GreekSeq>7</GreekSeq></word><word seq="8">Word<GreekSeq>8</GreekSeq></word><word seq="9">was<GreekSeq>9</GreekSeq></word><word seq="10">with<GreekSeq>10</GreekSeq></word><word seq="11">God,<GreekSeq>12</GreekSeq></word><word seq="12">and<GreekSeq>13</GreekSeq></word><word seq="13">the<GreekSeq>16</GreekSeq></word><word seq="14">Word<GreekSeq>17</GreekSeq></word><word seq="15">was<GreekSeq>15</GreekSeq></word><word seq="16">God.<GreekSeq>14</GreekSeq></word></ESV></verse>
<verse number="2"><ESV><word seq="1">He<GreekSeq>1</GreekSeq></word><word seq="2">was<GreekSeq>2</GreekSeq></word><word seq="3">in<GreekSeq>3</GreekSeq></word><word seq="4">the beginning<GreekSeq>4</GreekSeq></word><word seq="5">with<GreekSeq>5</GreekSeq></word><word seq="6">God.<GreekSeq>7</GreekSeq></word></ESV></verse>
<verse number="3"><ESV><word seq="1">All things<GreekSeq>1</GreekSeq></word><word seq="2">were made<GreekSeq>4</GreekSeq></word><word seq="3">through<GreekSeq>2</GreekSeq></word><word seq="4">him,<GreekSeq>3</GreekSeq></word><word seq="5">and<GreekSeq>5</GreekSeq></word><word seq="6">without<GreekSeq>6</GreekSeq></word><word seq="7">him<GreekSeq>7</GreekSeq></word><word seq="8">was<GreekSeq>8</GreekSeq></word><word seq="9">not<GreekSeq>9</GreekSeq></word><word seq="10">any thing<GreekSeq>10</GreekSeq></word><word seq="11">made<GreekSeq>12</GreekSeq></word><word seq="12">that<GreekSeq>11</GreekSeq></word><word seq="13">was made.<GreekSeq>12</GreekSeq></word></ESV></verse>
<verse number="4"><ESV><word seq="1">In<GreekSeq>1</GreekSeq></word><word seq="2">him<GreekSeq>2</GreekSeq></word><word seq="3">was<GreekSeq>4</GreekSeq></word><word seq="4">life,<GreekSeq>3</GreekSeq></word><word seq="5">and<GreekSeq>5</GreekSeq></word><word seq="6">the<GreekSeq>6</GreekSeq></word><word seq="7">life<GreekSeq>7</GreekSeq></word><word seq="8">was<GreekSeq>8</GreekSeq></word><word seq="9">the<GreekSeq>9</GreekSeq></word><word seq="10">light<GreekSeq>10</GreekSeq></word><word seq="11">of men.<GreekSeq>12</GreekSeq></word></ESV></verse>
<verse number="5"><ESV><word seq="1">The<GreekSeq>2</GreekSeq></word><word seq="2">light<GreekSeq>3</GreekSeq></word><word seq="3">shines<GreekSeq>7</GreekSeq></word><word seq="4">in<GreekSeq>4</GreekSeq></word><word seq="5">the<GreekSeq>5</GreekSeq></word><word seq="6">darkness,<GreekSeq>6</GreekSeq></word><word seq="7">and<GreekSeq>8</GreekSeq></word><word seq="8">the<GreekSeq>9</GreekSeq></word><word seq="9">darkness<GreekSeq>10</GreekSeq></word><word seq="10">has<GreekSeq>13</GreekSeq></word><word seq="11">not<GreekSeq>12</GreekSeq></word><word seq="12">overcome<GreekSeq>13</GreekSeq></word><word seq="13">it.<GreekSeq>11</GreekSeq></word></ESV></verse>
<verse number="6"><ESV><word seq="1">There was<GreekSeq>1</GreekSeq></word><word seq="2">a man<GreekSeq>2</GreekSeq></word><word seq="3">sent<GreekSeq>3</GreekSeq></word><word seq="4">from<GreekSeq>4</GreekSeq></word><word seq="5">God,<GreekSeq>5</GreekSeq></word><word seq="6">whose<GreekSeq>7</GreekSeq></word><word seq="7">name<GreekSeq>6</GreekSeq></word><word seq="8">was</word><word seq="9">John.<GreekSeq>8</GreekSeq></word></ESV></verse>
<verse number="7"><ESV><word seq="1">He<GreekSeq>1</GreekSeq></word><word seq="2">came<GreekSeq>2</GreekSeq></word><word seq="3">as<GreekSeq>3</GreekSeq></word><word seq="4">a witness,<GreekSeq>4</GreekSeq></word><word seq="5">to bear witness<GreekSeq>5</GreekSeq><GreekSeq>6</GreekSeq></word><word seq="6">about<GreekSeq>7</GreekSeq></word><word seq="7">the<GreekSeq>8</GreekSeq></word><word seq="8">light,<GreekSeq>9</GreekSeq></word><word seq="9">that<GreekSeq>10</GreekSeq></word><word seq="10">all<GreekSeq>11</GreekSeq></word><word seq="11">might believe<GreekSeq>12</GreekSeq></word><word seq="12">through<GreekSeq>13</GreekSeq></word><word seq="13">him.<GreekSeq>14</GreekSeq></word></ESV></verse>
<verse number="8"><ESV><word seq="1">He was<GreekSeq>2</GreekSeq></word><word seq="2">not<GreekSeq>1</GreekSeq></word><word seq="3">the<GreekSeq>4</GreekSeq></word><word seq="4">light,<GreekSeq>5</GreekSeq></word><word seq="5">but<GreekSeq>6</GreekSeq></word><word seq="6">came</word><word seq="7">to bear witness<GreekSeq>7</GreekSeq><GreekSeq>8</GreekSeq></word><word seq="8">about<GreekSeq>9</GreekSeq></word><word seq="9">the<GreekSeq>10</GreekSeq></word><word seq="10">light.<GreekSeq>11</GreekSeq></word></ESV></verse>
<verse number="9"><ESV><word seq="1">The<GreekSeq>2</GreekSeq></word><word seq="2">true<GreekSeq>5</GreekSeq></word><word seq="3">light,<GreekSeq>3</GreekSeq></word><word seq="4">which<GreekSeq>6</GreekSeq></word><word seq="5">gives light<GreekSeq>7</GreekSeq></word><word seq="6">to everyone,<GreekSeq>8</GreekSeq><GreekSeq>9</GreekSeq></word><word seq="7">was coming<GreekSeq>10</GreekSeq></word><word seq="8">into<GreekSeq>11</GreekSeq></word><word seq="9">the<GreekSeq>12</GreekSeq></word><word seq="10">world.<GreekSeq>13</GreekSeq></word></ESV></verse>
<verse number="10"><ESV><word seq="1">He was<GreekSeq>4</GreekSeq></word><word seq="2">in<GreekSeq>1</GreekSeq></word><word seq="3">the<GreekSeq>2</GreekSeq></word><word seq="4">world,<GreekSeq>3</GreekSeq></word><word seq="5">and<GreekSeq>5</GreekSeq></word><word seq="6">the<GreekSeq>6</GreekSeq></word><word seq="7">world<GreekSeq>7</GreekSeq></word><word seq="8">was made<GreekSeq>10</GreekSeq></word><word seq="9">through<GreekSeq>8</GreekSeq></word><word seq="10">him,<GreekSeq>9</GreekSeq></word><word seq="11">yet<GreekSeq>11</GreekSeq></word><word seq="12">the<GreekSeq>12</GreekSeq></word><word seq="13">world<GreekSeq>13</GreekSeq></word><word seq="14">did<GreekSeq>16</GreekSeq></word><word seq="15">not<GreekSeq>15</GreekSeq></word><word seq="16">know<GreekSeq>16</GreekSeq></word><word seq="17">him.<GreekSeq>14</GreekSeq></word></ESV></verse>
<verse number="11"><ESV><word seq="1">He came<GreekSeq>4</GreekSeq></word><word seq="2">to<GreekSeq>1</GreekSeq></word><word seq="3">his own,<GreekSeq>3</GreekSeq></word><word seq="4">and<GreekSeq>5</GreekSeq></word><word seq="5">his own [people]<GreekSeq>6</GreekSeq><GreekSeq>7</GreekSeq></word><word seq="6">did<GreekSeq>10</GreekSeq></word><word seq="7">not<GreekSeq>9</GreekSeq></word><word seq="8">receive<GreekSeq>10</GreekSeq></word><word seq="9">him.<GreekSeq>8</GreekSeq></word></ESV></verse>
<verse number="12"><ESV><word seq="1">But<GreekSeq>2</GreekSeq></word><word seq="2">to</word><word seq="3">all<GreekSeq>1</GreekSeq></word><word seq="4">who did receive<GreekSeq>3</GreekSeq></word><word seq="5">him,<GreekSeq>4</GreekSeq></word><word seq="6">who believed<GreekSeq>12</GreekSeq></word><word seq="7">in<GreekSeq>13</GreekSeq></word><word seq="8">his<GreekSeq>16</GreekSeq></word><word seq="9">name,<GreekSeq>15</GreekSeq></word><word seq="10">he gave<GreekSeq>5</GreekSeq></word><word seq="11">the right<GreekSeq>7</GreekSeq></word><word seq="12">to become<GreekSeq>10</GreekSeq></word><word seq="13">children<GreekSeq>8</GreekSeq></word><word seq="14">of God,<GreekSeq>9</GreekSeq></word></ESV></verse>
<verse number="13"><ESV><word seq="1">who<GreekSeq>1</GreekSeq></word><word seq="2">were born,<GreekSeq>16</GreekSeq></word><word seq="3">not<GreekSeq>2</GreekSeq></word><word seq="4">of<GreekSeq>3</GreekSeq></word><word seq="5">blood<GreekSeq>4</GreekSeq></word><word seq="6">nor<GreekSeq>5</GreekSeq></word><word seq="7">of<GreekSeq>6</GreekSeq></word><word seq="8">the will<GreekSeq>7</GreekSeq></word><word seq="9">of the flesh<GreekSeq>8</GreekSeq></word><word seq="10">nor<GreekSeq>9</GreekSeq></word><word seq="11">of<GreekSeq>10</GreekSeq></word><word seq="12">the will<GreekSeq>11</GreekSeq></word><word seq="13">of man,<GreekSeq>12</GreekSeq></word><word seq="14">but<GreekSeq>13</GreekSeq></word><word seq="15">of<GreekSeq>14</GreekSeq></word><word seq="16">God.<GreekSeq>15</GreekSeq></word></ESV></verse>
<verse number="14"><ESV><word seq="1">And<GreekSeq>1</GreekSeq></word><word seq="2">the<GreekSeq>2</GreekSeq></word><word seq="3">Word<GreekSeq>3</GreekSeq></word><word seq="4">became<GreekSeq>5</GreekSeq></word><word seq="5">flesh<GreekSeq>4</GreekSeq></word><word seq="6">and<GreekSeq>6</GreekSeq></word><word seq="7">dwelt<GreekSeq>7</GreekSeq></word><word seq="8">among<GreekSeq>8</GreekSeq></word><word seq="9">us,<GreekSeq>9</GreekSeq></word><word seq="10">and<GreekSeq>10</GreekSeq></word><word seq="11">we have seen<GreekSeq>11</GreekSeq></word><word seq="12">his<GreekSeq>14</GreekSeq></word><word seq="13">glory,<GreekSeq>13</GreekSeq></word><word seq="14">glory<GreekSeq>15</GreekSeq></word><word seq="15">as<GreekSeq>16</GreekSeq></word><word seq="16">of the only Son<GreekSeq>17</GreekSeq></word><word seq="17">from<GreekSeq>18</GreekSeq></word><word seq="18">the Father,<GreekSeq>19</GreekSeq></word><word seq="19">full<GreekSeq>20</GreekSeq></word><word seq="20">of grace<GreekSeq>21</GreekSeq></word><word seq="21">and<GreekSeq>22</GreekSeq></word><word seq="22">truth.<GreekSeq>23</GreekSeq></word></ESV></verse>
<verse number="15"><ESV><word seq="1">( John<GreekSeq>1</GreekSeq></word><word seq="2">bore witness<GreekSeq>2</GreekSeq></word><word seq="3">about<GreekSeq>3</GreekSeq></word><word seq="4">him,<GreekSeq>4</GreekSeq></word><word seq="5">and<GreekSeq>5</GreekSeq></word><word seq="6">cried out,<GreekSeq>6</GreekSeq></word><word seq="7">This<GreekSeq>8</GreekSeq></word><word seq="8">was he<GreekSeq>9</GreekSeq></word><word seq="9">of whom<GreekSeq>10</GreekSeq></word><word seq="10">I said,<GreekSeq>11</GreekSeq></word><word seq="11">He who comes<GreekSeq>15</GreekSeq></word><word seq="12">after<GreekSeq>13</GreekSeq></word><word seq="13">me<GreekSeq>14</GreekSeq></word><word seq="14">[ranks]<GreekSeq>18</GreekSeq></word><word seq="15">before<GreekSeq>16</GreekSeq></word><word seq="16">me,<GreekSeq>17</GreekSeq></word><word seq="17">because<GreekSeq>19</GreekSeq></word><word seq="18">he was<GreekSeq>22</GreekSeq></word><word seq="19">before<GreekSeq>20</GreekSeq></word><word seq="20">me. )<GreekSeq>21</GreekSeq></word></ESV></verse>
<verse number="16"><ESV><word seq="1">For<GreekSeq>9</GreekSeq></word><word seq="2">from<GreekSeq>2</GreekSeq></word><word seq="3">his<GreekSeq>5</GreekSeq></word><word seq="4">fullness<GreekSeq>4</GreekSeq></word><word seq="5">we<GreekSeq>6</GreekSeq></word><word seq="6">have<GreekSeq>8</GreekSeq></word><word seq="7">all<GreekSeq>7</GreekSeq></word><word seq="8">received,<GreekSeq>8</GreekSeq></word><word seq="9">grace<GreekSeq>10</GreekSeq></word><word seq="10">upon<GreekSeq>11</GreekSeq></word><word seq="11">grace.<GreekSeq>12</GreekSeq></word></ESV></verse>
<verse number="17"><ESV><word seq="1">For<GreekSeq>1</GreekSeq></word><word seq="2">the<GreekSeq>2</GreekSeq></word><word seq="3">law<GreekSeq>3</GreekSeq></word><word seq="4">was given<GreekSeq>6</GreekSeq></word><word seq="5">through<GreekSeq>4</GreekSeq></word><word seq="6">Moses;<GreekSeq>5</GreekSeq></word><word seq="7">grace<GreekSeq>8</GreekSeq></word><word seq="8">and<GreekSeq>9</GreekSeq></word><word seq="9">truth<GreekSeq>11</GreekSeq></word><word seq="10">came<GreekSeq>15</GreekSeq></word><word seq="11">through<GreekSeq>12</GreekSeq></word><word seq="12">Jesus<GreekSeq>13</GreekSeq></word><word seq="13">Christ.<GreekSeq>14</GreekSeq></word></ESV></verse>
<verse number="18"><ESV><word seq="1">No one<GreekSeq>2</GreekSeq></word><word seq="2">has<GreekSeq>3</GreekSeq></word><word seq="3">ever<GreekSeq>4</GreekSeq></word><word seq="4">seen<GreekSeq>3</GreekSeq></word><word seq="5">God;<GreekSeq>1</GreekSeq></word><word seq="6">the</word><word seq="7">only<GreekSeq>5</GreekSeq></word><word seq="8">God,<GreekSeq>6</GreekSeq></word><word seq="9">who is<GreekSeq>8</GreekSeq></word><word seq="10">at<GreekSeq>9</GreekSeq></word><word seq="11">the<GreekSeq>12</GreekSeq></word><word seq="12">Father’s<GreekSeq>13</GreekSeq></word><word seq="13">side,<GreekSeq>11</GreekSeq></word><word seq="14">he<GreekSeq>14</GreekSeq></word><word seq="15">has made [him] known.<GreekSeq>15</GreekSeq></word></ESV></verse>
<verse number="19"><ESV><word seq="1">And<GreekSeq>1</GreekSeq></word><word seq="2">this<GreekSeq>2</GreekSeq></word><word seq="3">is<GreekSeq>3</GreekSeq></word><word seq="4">the<GreekSeq>4</GreekSeq></word><word seq="5">testimony<GreekSeq>5</GreekSeq></word><word seq="6">of John,<GreekSeq>7</GreekSeq></word><word seq="7">when<GreekSeq>8</GreekSeq></word><word seq="8">the<GreekSeq>12</GreekSeq></word><word seq="9">Jews<GreekSeq>13</GreekSeq></word><word seq="10">sent<GreekSeq>9</GreekSeq></word><word seq="11">priests<GreekSeq>16</GreekSeq></word><word seq="12">and<GreekSeq>17</GreekSeq></word><word seq="13">Levites<GreekSeq>18</GreekSeq></word><word seq="14">from<GreekSeq>14</GreekSeq></word><word seq="15">Jerusalem<GreekSeq>15</GreekSeq></word><word seq="16">to ask<GreekSeq>19</GreekSeq><GreekSeq>20</GreekSeq></word><word seq="17">him,<GreekSeq>21</GreekSeq></word><word seq="18">Who<GreekSeq>23</GreekSeq></word><word seq="19">are<GreekSeq>24</GreekSeq></word><word seq="20">you?<GreekSeq>22</GreekSeq></word></ESV></verse>
<verse number="20"><ESV><word seq="1">He confessed,<GreekSeq>2</GreekSeq></word><word seq="2">and<GreekSeq>3</GreekSeq></word><word seq="3">did<GreekSeq>5</GreekSeq></word><word seq="4">not<GreekSeq>4</GreekSeq></word><word seq="5">deny,<GreekSeq>5</GreekSeq></word><word seq="6">but<GreekSeq>6</GreekSeq></word><word seq="7">confessed,<GreekSeq>7</GreekSeq></word><word seq="8">I<GreekSeq>9</GreekSeq></word><word seq="9">am<GreekSeq>11</GreekSeq></word><word seq="10">not<GreekSeq>10</GreekSeq></word><word seq="11">the<GreekSeq>12</GreekSeq></word><word seq="12">Christ.<GreekSeq>13</GreekSeq></word></ESV></verse>
<verse number="21"><ESV><word seq="1">And<GreekSeq>1</GreekSeq></word><word seq="2">they asked<GreekSeq>2</GreekSeq></word><word seq="3">him,<GreekSeq>3</GreekSeq></word><word seq="4">What<GreekSeq>4</GreekSeq></word><word seq="5">then?<GreekSeq>5</GreekSeq></word><word seq="6">Are<GreekSeq>8</GreekSeq></word><word seq="7">you<GreekSeq>6</GreekSeq></word><word seq="8">Elijah?<GreekSeq>7</GreekSeq></word><word seq="9">He said,<GreekSeq>10</GreekSeq></word><word seq="10">I am<GreekSeq>12</GreekSeq></word><word seq="11">not.<GreekSeq>11</GreekSeq></word><word seq="12">Are<GreekSeq>15</GreekSeq></word><word seq="13">you<GreekSeq>16</GreekSeq></word><word seq="14">the<GreekSeq>13</GreekSeq></word><word seq="15">Prophet?<GreekSeq>14</GreekSeq></word><word seq="16">And<GreekSeq>17</GreekSeq></word><word seq="17">he answered,<GreekSeq>18</GreekSeq></word><word seq="18">No.<GreekSeq>19</GreekSeq></word></ESV></verse>
<verse number="22"><ESV><word seq="1">So<GreekSeq>2</GreekSeq></word><word seq="2">they said to<GreekSeq>1</GreekSeq></word><word seq="3">him,<GreekSeq>3</GreekSeq></word><word seq="4">Who<GreekSeq>4</GreekSeq></word><word seq="5">are you?<GreekSeq>5</GreekSeq></word><word seq="6">We need to give<GreekSeq>8</GreekSeq></word><word seq="7">an answer<GreekSeq>7</GreekSeq></word><word seq="8">to those<GreekSeq>9</GreekSeq></word><word seq="9">who sent<GreekSeq>10</GreekSeq></word><word seq="10">us.<GreekSeq>11</GreekSeq></word><word seq="11">What<GreekSeq>12</GreekSeq></word><word seq="12">do</word><word seq="13">you say<GreekSeq>13</GreekSeq></word><word seq="14">about<GreekSeq>14</GreekSeq></word><word seq="15">yourself?<GreekSeq>15</GreekSeq></word></ESV></verse>
<verse number="23"><ESV><word seq="1">He said,<GreekSeq>1</GreekSeq></word><word seq="2">I<GreekSeq>2</GreekSeq></word><word seq="3">am</word><word seq="4">the voice<GreekSeq>3</GreekSeq></word><word seq="5">of one crying out<GreekSeq>4</GreekSeq></word><word seq="6">in<GreekSeq>5</GreekSeq></word><word seq="7">the<GreekSeq>6</GreekSeq></word><word seq="8">wilderness,<GreekSeq>7</GreekSeq></word><word seq="9">Make straight<GreekSeq>8</GreekSeq></word><word seq="10">the<GreekSeq>9</GreekSeq></word><word seq="11">way<GreekSeq>10</GreekSeq></word><word seq="12">of the Lord,<GreekSeq>11</GreekSeq></word><word seq="13">as<GreekSeq>12</GreekSeq></word><word seq="14">the<GreekSeq>15</GreekSeq></word><word seq="15">prophet<GreekSeq>16</GreekSeq></word><word seq="16">Isaiah<GreekSeq>14</GreekSeq></word><word seq="17">said.<GreekSeq>13</GreekSeq></word></ESV></verse>
<verse number="24"><ESV><word seq="1">( Now<GreekSeq>1</GreekSeq></word><word seq="2">they had been sent<GreekSeq>2</GreekSeq></word><word seq="3">from<GreekSeq>4</GreekSeq></word><word seq="4">the<GreekSeq>5</GreekSeq></word><word seq="5">Pharisees.)<GreekSeq>6</GreekSeq></word></ESV></verse>
<verse number="25"><ESV><word seq="1">They asked<GreekSeq>2</GreekSeq></word><word seq="2">him,<GreekSeq>3</GreekSeq></word><word seq="3">Then<GreekSeq>8</GreekSeq></word><word seq="4">why<GreekSeq>7</GreekSeq></word><word seq="5">are you baptizing,<GreekSeq>9</GreekSeq></word><word seq="6">if<GreekSeq>10</GreekSeq></word><word seq="7">you<GreekSeq>11</GreekSeq></word><word seq="8">are<GreekSeq>13</GreekSeq></word><word seq="9">neither<GreekSeq>12</GreekSeq></word><word seq="10">the<GreekSeq>14</GreekSeq></word><word seq="11">Christ,<GreekSeq>15</GreekSeq></word><word seq="12">nor<GreekSeq>16</GreekSeq></word><word seq="13">Elijah,<GreekSeq>17</GreekSeq></word><word seq="14">nor<GreekSeq>18</GreekSeq></word><word seq="15">the<GreekSeq>19</GreekSeq></word><word seq="16">Prophet?<GreekSeq>20</GreekSeq></word></ESV></verse>
<verse number="26"><ESV><word seq="1">John<GreekSeq>4</GreekSeq></word><word seq="2">answered<GreekSeq>1</GreekSeq></word><word seq="3">them,<GreekSeq>2</GreekSeq></word><word seq="4">I<GreekSeq>6</GreekSeq></word><word seq="5">baptize<GreekSeq>7</GreekSeq></word><word seq="6">with<GreekSeq>8</GreekSeq></word><word seq="7">water,<GreekSeq>9</GreekSeq></word><word seq="8" note="Base of different Greek: δε(1161)">but</word><word seq="9">among<GreekSeq>10</GreekSeq></word><word seq="10">you<GreekSeq>11</GreekSeq></word><word seq="11">stands<GreekSeq>12</GreekSeq></word><word seq="12">one<GreekSeq>13</GreekSeq></word><word seq="13">you<GreekSeq>14</GreekSeq></word><word seq="14">do</word><word seq="15">not<GreekSeq>15</GreekSeq></word><word seq="16">know,<GreekSeq>16</GreekSeq></word></ESV></verse>
<verse number="27"><ESV><word seq="1">even</word><word seq="2">he<GreekSeq>1</GreekSeq></word><word seq="3">who comes<GreekSeq>4</GreekSeq></word><word seq="4">after<GreekSeq>2</GreekSeq></word><word seq="5">me,<GreekSeq>3</GreekSeq></word><word seq="6">the<GreekSeq>13</GreekSeq></word><word seq="7">strap<GreekSeq>14</GreekSeq></word><word seq="8">of<GreekSeq>16</GreekSeq></word><word seq="9">whose<GreekSeq>12</GreekSeq></word><word seq="10">sandal<GreekSeq>16</GreekSeq></word><word seq="11">I<GreekSeq>8</GreekSeq></word><word seq="12">am<GreekSeq>7</GreekSeq></word><word seq="13">not<GreekSeq>6</GreekSeq></word><word seq="14">worthy<GreekSeq>9</GreekSeq></word><word seq="15">to untie.<GreekSeq>10</GreekSeq><GreekSeq>11</GreekSeq></word></ESV></verse>
<verse number="28"><ESV><word seq="1">These things<GreekSeq>1</GreekSeq></word><word seq="2">took place<GreekSeq>4</GreekSeq></word><word seq="3">in<GreekSeq>2</GreekSeq></word><word seq="4">Bethany<GreekSeq>3</GreekSeq></word><word seq="5">across<GreekSeq>5</GreekSeq></word><word seq="6">the<GreekSeq>6</GreekSeq></word><word seq="7">Jordan,<GreekSeq>7</GreekSeq></word><word seq="8">where<GreekSeq>8</GreekSeq></word><word seq="9">John<GreekSeq>11</GreekSeq></word><word seq="10">was<GreekSeq>9</GreekSeq></word><word seq="11">baptizing.<GreekSeq>12</GreekSeq></word></ESV></verse>
<verse number="29"><ESV><word seq="1">The<GreekSeq>1</GreekSeq></word><word seq="2">next day<GreekSeq>2</GreekSeq></word><word seq="3">he saw<GreekSeq>3</GreekSeq></word><word seq="4">Jesus<GreekSeq>5</GreekSeq></word><word seq="5">coming<GreekSeq>6</GreekSeq></word><word seq="6">toward<GreekSeq>7</GreekSeq></word><word seq="7">him,<GreekSeq>8</GreekSeq></word><word seq="8">and<GreekSeq>9</GreekSeq></word><word seq="9">said,<GreekSeq>10</GreekSeq></word><word seq="10">Behold,<GreekSeq>11</GreekSeq></word><word seq="11">the<GreekSeq>12</GreekSeq></word><word seq="12">Lamb<GreekSeq>13</GreekSeq></word><word seq="13">of God,<GreekSeq>15</GreekSeq></word><word seq="14">who takes away<GreekSeq>17</GreekSeq></word><word seq="15">the<GreekSeq>18</GreekSeq></word><word seq="16">sin<GreekSeq>19</GreekSeq></word><word seq="17">of the<GreekSeq>20</GreekSeq></word><word seq="18">world!<GreekSeq>21</GreekSeq></word></ESV></verse>
<verse number="30"><ESV><word seq="1">This<GreekSeq>1</GreekSeq></word><word seq="2">is he<GreekSeq>2</GreekSeq></word><word seq="3">of<GreekSeq>3</GreekSeq></word><word seq="4">whom<GreekSeq>4</GreekSeq></word><word seq="5">I<GreekSeq>5</GreekSeq></word><word seq="6">said,<GreekSeq>6</GreekSeq></word><word seq="7">After<GreekSeq>7</GreekSeq></word><word seq="8">me<GreekSeq>8</GreekSeq></word><word seq="9">comes<GreekSeq>9</GreekSeq></word><word seq="10">a man<GreekSeq>10</GreekSeq></word><word seq="11">who<GreekSeq>11</GreekSeq></word><word seq="12">[ranks]<GreekSeq>14</GreekSeq></word><word seq="13">before<GreekSeq>12</GreekSeq></word><word seq="14">me,<GreekSeq>13</GreekSeq></word><word seq="15">because<GreekSeq>15</GreekSeq></word><word seq="16">he was<GreekSeq>18</GreekSeq></word><word seq="17">before<GreekSeq>16</GreekSeq></word><word seq="18">me.<GreekSeq>17</GreekSeq></word></ESV></verse>
<verse number="31"><ESV><word seq="1">I<GreekSeq>1</GreekSeq></word><word seq="2">myself</word><word seq="3">did<GreekSeq>3</GreekSeq></word><word seq="4">not<GreekSeq>2</GreekSeq></word><word seq="5">know<GreekSeq>3</GreekSeq></word><word seq="6">him,<GreekSeq>4</GreekSeq></word><word seq="7">but<GreekSeq>5</GreekSeq></word><word seq="8">for<GreekSeq>10</GreekSeq></word><word seq="9">this<GreekSeq>11</GreekSeq></word><word seq="10">purpose<GreekSeq>10</GreekSeq></word><word seq="11">I<GreekSeq>13</GreekSeq></word><word seq="12">came<GreekSeq>12</GreekSeq></word><word seq="13">baptizing<GreekSeq>16</GreekSeq></word><word seq="14">with<GreekSeq>14</GreekSeq></word><word seq="15">water,<GreekSeq>15</GreekSeq></word><word seq="16">that<GreekSeq>6</GreekSeq></word><word seq="17">he might be revealed<GreekSeq>7</GreekSeq></word><word seq="18">to Israel.<GreekSeq>8</GreekSeq><GreekSeq>9</GreekSeq></word></ESV></verse>
<verse number="32"><ESV><word seq="1">And<GreekSeq>1</GreekSeq></word><word seq="2">John<GreekSeq>3</GreekSeq></word><word seq="3">bore witness:<GreekSeq>2</GreekSeq></word><word seq="4">I saw<GreekSeq>6</GreekSeq></word><word seq="5">the<GreekSeq>7</GreekSeq></word><word seq="6">Spirit<GreekSeq>8</GreekSeq></word><word seq="7">descend<GreekSeq>9</GreekSeq></word><word seq="8">from<GreekSeq>12</GreekSeq></word><word seq="9">heaven<GreekSeq>13</GreekSeq></word><word seq="10">like<GreekSeq>10</GreekSeq></word><word seq="11">a dove,<GreekSeq>11</GreekSeq></word><word seq="12">and<GreekSeq>14</GreekSeq></word><word seq="13">it remained<GreekSeq>15</GreekSeq></word><word seq="14">on<GreekSeq>16</GreekSeq></word><word seq="15">him.<GreekSeq>17</GreekSeq></word></ESV></verse>
<verse number="33"><ESV><word seq="1">I<GreekSeq>1</GreekSeq></word><word seq="2">myself</word><word seq="3">did<GreekSeq>3</GreekSeq></word><word seq="4">not<GreekSeq>2</GreekSeq></word><word seq="5">know<GreekSeq>3</GreekSeq></word><word seq="6">him,<GreekSeq>4</GreekSeq></word><word seq="7">but<GreekSeq>5</GreekSeq></word><word seq="8">he<GreekSeq>6</GreekSeq></word><word seq="9">who sent<GreekSeq>7</GreekSeq></word><word seq="10">me<GreekSeq>8</GreekSeq></word><word seq="11">to baptize<GreekSeq>9</GreekSeq></word><word seq="12">with<GreekSeq>10</GreekSeq></word><word seq="13">water<GreekSeq>11</GreekSeq></word><word seq="14">said<GreekSeq>14</GreekSeq></word><word seq="15">to me,<GreekSeq>13</GreekSeq></word><word seq="16">He</word><word seq="17">on<GreekSeq>15</GreekSeq></word><word seq="18">whom<GreekSeq>16</GreekSeq></word><word seq="19">you see<GreekSeq>18</GreekSeq></word><word seq="20">the<GreekSeq>19</GreekSeq></word><word seq="21">Spirit<GreekSeq>20</GreekSeq></word><word seq="22">descend<GreekSeq>21</GreekSeq></word><word seq="23">and<GreekSeq>22</GreekSeq></word><word seq="24">remain,<GreekSeq>23</GreekSeq></word><word seq="25">this<GreekSeq>26</GreekSeq></word><word seq="26">is<GreekSeq>27</GreekSeq></word><word seq="27">he<GreekSeq>28</GreekSeq></word><word seq="28">who baptizes<GreekSeq>29</GreekSeq></word><word seq="29">with<GreekSeq>30</GreekSeq></word><word seq="30">the</word><word seq="31">Holy<GreekSeq>32</GreekSeq></word><word seq="32">Spirit.<GreekSeq>31</GreekSeq></word></ESV></verse>
<verse number="34"><ESV><word seq="1">And I<GreekSeq>1</GreekSeq></word><word seq="2">have seen<GreekSeq>2</GreekSeq></word><word seq="3">and<GreekSeq>3</GreekSeq></word><word seq="4">have borne witness<GreekSeq>4</GreekSeq></word><word seq="5">that<GreekSeq>5</GreekSeq></word><word seq="6">this<GreekSeq>6</GreekSeq></word><word seq="7">is<GreekSeq>7</GreekSeq></word><word seq="8">the<GreekSeq>8</GreekSeq></word><word seq="9">Son<GreekSeq>9</GreekSeq></word><word seq="10">of God.<GreekSeq>11</GreekSeq></word></ESV></verse>
<verse number="35"><ESV><word seq="1">The<GreekSeq>1</GreekSeq></word><word seq="2">next day<GreekSeq>2</GreekSeq></word><word seq="3">again<GreekSeq>3</GreekSeq></word><word seq="4">John<GreekSeq>6</GreekSeq></word><word seq="5">was standing<GreekSeq>4</GreekSeq></word><word seq="6">with<GreekSeq>7</GreekSeq></word><word seq="7">two<GreekSeq>12</GreekSeq></word><word seq="8">of<GreekSeq>8</GreekSeq></word><word seq="9">his<GreekSeq>11</GreekSeq></word><word seq="10">disciples,<GreekSeq>10</GreekSeq></word></ESV></verse>
<verse number="36"><ESV><word seq="1">and<GreekSeq>1</GreekSeq></word><word seq="2">he looked at<GreekSeq>2</GreekSeq></word><word seq="3">Jesus<GreekSeq>4</GreekSeq></word><word seq="4">as he walked by<GreekSeq>5</GreekSeq></word><word seq="5">and</word><word seq="6">said,<GreekSeq>6</GreekSeq></word><word seq="7">Behold,<GreekSeq>7</GreekSeq></word><word seq="8">the<GreekSeq>8</GreekSeq></word><word seq="9">Lamb<GreekSeq>9</GreekSeq></word><word seq="10">of God!<GreekSeq>11</GreekSeq></word></ESV></verse>
<verse number="37"><ESV><word seq="1">The<GreekSeq>3</GreekSeq></word><word seq="2">two<GreekSeq>4</GreekSeq></word><word seq="3">disciples<GreekSeq>5</GreekSeq></word><word seq="4">heard<GreekSeq>2</GreekSeq></word><word seq="5">him<GreekSeq>6</GreekSeq></word><word seq="6">say<GreekSeq>7</GreekSeq></word><word seq="7">this,</word><word seq="8">and<GreekSeq>8</GreekSeq></word><word seq="9">they followed<GreekSeq>9</GreekSeq></word><word seq="10">Jesus.<GreekSeq>11</GreekSeq></word></ESV></verse>
<verse number="38"><ESV><word seq="1">Jesus<GreekSeq>4</GreekSeq></word><word seq="2">turned<GreekSeq>1</GreekSeq></word><word seq="3">and<GreekSeq>5</GreekSeq></word><word seq="4">saw<GreekSeq>6</GreekSeq></word><word seq="5">them<GreekSeq>7</GreekSeq></word><word seq="6">following<GreekSeq>8</GreekSeq></word><word seq="7">and</word><word seq="8">said<GreekSeq>9</GreekSeq></word><word seq="9">to them,<GreekSeq>10</GreekSeq></word><word seq="10">"What<GreekSeq>11</GreekSeq></word><word seq="11">are you seeking?"<GreekSeq>12</GreekSeq></word><word seq="12">And<GreekSeq>2</GreekSeq></word><word seq="13">they said<GreekSeq>15</GreekSeq></word><word seq="14">to him,<GreekSeq>16</GreekSeq></word><word seq="15">Rabbi<GreekSeq>17</GreekSeq></word><word seq="16">( which<GreekSeq>18</GreekSeq></word><word seq="17">means<GreekSeq>19</GreekSeq></word><word seq="18">Teacher ),<GreekSeq>21</GreekSeq></word><word seq="19">where<GreekSeq>22</GreekSeq></word><word seq="20">are you staying?<GreekSeq>23</GreekSeq></word></ESV></verse>
<verse number="39"><ESV><word seq="1">He said<GreekSeq>1</GreekSeq></word><word seq="2">to them,<GreekSeq>2</GreekSeq></word><word seq="3">"Come<GreekSeq>3</GreekSeq></word><word seq="4">and<GreekSeq>4</GreekSeq></word><word seq="5">you will see."<GreekSeq>5</GreekSeq></word><word seq="6">So<GreekSeq>7</GreekSeq></word><word seq="7">they came<GreekSeq>6</GreekSeq></word><word seq="8">and<GreekSeq>8</GreekSeq></word><word seq="9">saw<GreekSeq>9</GreekSeq></word><word seq="10">where<GreekSeq>10</GreekSeq></word><word seq="11">he was staying,<GreekSeq>11</GreekSeq></word><word seq="12">and<GreekSeq>12</GreekSeq></word><word seq="13">they stayed<GreekSeq>15</GreekSeq></word><word seq="14">with<GreekSeq>13</GreekSeq></word><word seq="15">him<GreekSeq>14</GreekSeq></word><word seq="16">that<GreekSeq>18</GreekSeq></word><word seq="17">day,<GreekSeq>17</GreekSeq></word><word seq="18">for</word><word seq="19">it was<GreekSeq>20</GreekSeq></word><word seq="20">about<GreekSeq>21</GreekSeq></word><word seq="21">the</word><word seq="22">tenth<GreekSeq>22</GreekSeq></word><word seq="23">hour.<GreekSeq>19</GreekSeq></word></ESV></verse>
<verse number="40"><ESV><word seq="1">One<GreekSeq>7</GreekSeq></word><word seq="2">of<GreekSeq>8</GreekSeq></word><word seq="3">the<GreekSeq>9</GreekSeq></word><word seq="4">two<GreekSeq>10</GreekSeq></word><word seq="5">who heard<GreekSeq>12</GreekSeq></word><word seq="6">John<GreekSeq>14</GreekSeq></word><word seq="7">speak</word><word seq="8">and<GreekSeq>15</GreekSeq></word><word seq="9">followed<GreekSeq>16</GreekSeq></word><word seq="10">[Jesus]<GreekSeq>17</GreekSeq></word><word seq="11">was<GreekSeq>1</GreekSeq></word><word seq="12">Andrew,<GreekSeq>2</GreekSeq></word><word seq="13">Simon<GreekSeq>5</GreekSeq></word><word seq="14">Peter’s<GreekSeq>6</GreekSeq></word><word seq="15">brother.<GreekSeq>4</GreekSeq></word></ESV></verse>
<verse number="41"><ESV><word seq="1">He<GreekSeq>2</GreekSeq></word><word seq="2">first<GreekSeq>3</GreekSeq></word><word seq="3">found<GreekSeq>1</GreekSeq></word><word seq="4">his own<GreekSeq>7</GreekSeq></word><word seq="5">brother<GreekSeq>5</GreekSeq></word><word seq="6">Simon<GreekSeq>8</GreekSeq></word><word seq="7">and<GreekSeq>9</GreekSeq></word><word seq="8">said<GreekSeq>10</GreekSeq></word><word seq="9">to him,<GreekSeq>11</GreekSeq></word><word seq="10">We have found<GreekSeq>12</GreekSeq></word><word seq="11">the<GreekSeq>13</GreekSeq></word><word seq="12">Messiah<GreekSeq>14</GreekSeq></word><word seq="13">( which<GreekSeq>15</GreekSeq></word><word seq="14">means<GreekSeq>16</GreekSeq></word><word seq="15">Christ ).<GreekSeq>18</GreekSeq></word></ESV></verse>
<verse number="42"><ESV><word seq="1">He brought<GreekSeq>1</GreekSeq></word><word seq="2">him<GreekSeq>2</GreekSeq></word><word seq="3">to<GreekSeq>3</GreekSeq></word><word seq="4">Jesus.<GreekSeq>5</GreekSeq></word><word seq="5">Jesus<GreekSeq>9</GreekSeq></word><word seq="6">looked<GreekSeq>6</GreekSeq></word><word seq="7">at him<GreekSeq>7</GreekSeq></word><word seq="8">and</word><word seq="9">said,<GreekSeq>10</GreekSeq></word><word seq="10">"So</word><word seq="11">you<GreekSeq>11</GreekSeq></word><word seq="12">are<GreekSeq>12</GreekSeq></word><word seq="13">Simon<GreekSeq>13</GreekSeq></word><word seq="14">the<GreekSeq>14</GreekSeq></word><word seq="15">son<GreekSeq>15</GreekSeq></word><word seq="16">of John?<GreekSeq>16</GreekSeq></word><word seq="17">You<GreekSeq>17</GreekSeq></word><word seq="18">shall be called<GreekSeq>18</GreekSeq></word><word seq="19">Cephas"<GreekSeq>19</GreekSeq></word><word seq="20">(which<GreekSeq>20</GreekSeq></word><word seq="21">means<GreekSeq>21</GreekSeq></word><word seq="22">Peter ).<GreekSeq>22</GreekSeq></word></ESV></verse>
<verse number="43"><ESV><word seq="1">The<GreekSeq>1</GreekSeq></word><word seq="2">next day<GreekSeq>2</GreekSeq></word><word seq="3">Jesus<GreekSeq>15</GreekSeq></word><word seq="4">decided<GreekSeq>3</GreekSeq></word><word seq="5">to go<GreekSeq>4</GreekSeq></word><word seq="6">to<GreekSeq>5</GreekSeq></word><word seq="7">Galilee.<GreekSeq>7</GreekSeq></word><word seq="8">He found<GreekSeq>9</GreekSeq></word><word seq="9">Philip<GreekSeq>10</GreekSeq></word><word seq="10">and<GreekSeq>11</GreekSeq></word><word seq="11">said<GreekSeq>12</GreekSeq></word><word seq="12">to him,<GreekSeq>13</GreekSeq></word><word seq="13">"Follow<GreekSeq>16</GreekSeq></word><word seq="14">me."<GreekSeq>17</GreekSeq></word></ESV></verse>
<verse number="44"><ESV><word seq="1">Now<GreekSeq>2</GreekSeq></word><word seq="2">Philip<GreekSeq>4</GreekSeq></word><word seq="3">was<GreekSeq>1</GreekSeq></word><word seq="4">from<GreekSeq>5</GreekSeq></word><word seq="5">Bethsaida,<GreekSeq>6</GreekSeq></word><word seq="6">the<GreekSeq>8</GreekSeq></word><word seq="7">city<GreekSeq>9</GreekSeq></word><word seq="8">of Andrew<GreekSeq>10</GreekSeq></word><word seq="9">and<GreekSeq>11</GreekSeq></word><word seq="10">Peter.<GreekSeq>12</GreekSeq></word></ESV></verse>
<verse number="45"><ESV><word seq="1">Philip<GreekSeq>2</GreekSeq></word><word seq="2">found<GreekSeq>1</GreekSeq></word><word seq="3">Nathanael<GreekSeq>4</GreekSeq></word><word seq="4">and<GreekSeq>5</GreekSeq></word><word seq="5">said<GreekSeq>6</GreekSeq></word><word seq="6">to him,<GreekSeq>7</GreekSeq></word><word seq="7">We have found<GreekSeq>17</GreekSeq></word><word seq="8">him of whom<GreekSeq>8</GreekSeq></word><word seq="9">Moses<GreekSeq>10</GreekSeq></word><word seq="10">in<GreekSeq>11</GreekSeq></word><word seq="11">the<GreekSeq>12</GreekSeq></word><word seq="12">Law<GreekSeq>13</GreekSeq></word><word seq="13">and also<GreekSeq>14</GreekSeq></word><word seq="14">the<GreekSeq>15</GreekSeq></word><word seq="15">prophets<GreekSeq>16</GreekSeq></word><word seq="16">wrote,<GreekSeq>9</GreekSeq></word><word seq="17">Jesus<GreekSeq>18</GreekSeq></word><word seq="18">of<GreekSeq>23</GreekSeq></word><word seq="19">Nazareth,<GreekSeq>24</GreekSeq></word><word seq="20">the son<GreekSeq>19</GreekSeq></word><word seq="21">of Joseph.<GreekSeq>20</GreekSeq><GreekSeq>21</GreekSeq></word></ESV></verse>
<verse number="46"><ESV><word seq="1">Nathanael<GreekSeq>4</GreekSeq></word><word seq="2">said<GreekSeq>2</GreekSeq></word><word seq="3">to him,<GreekSeq>3</GreekSeq></word><word seq="4">Can<GreekSeq>7</GreekSeq></word><word seq="5">anything<GreekSeq>8</GreekSeq></word><word seq="6">good<GreekSeq>9</GreekSeq></word><word seq="7">come<GreekSeq>10</GreekSeq></word><word seq="8">out of<GreekSeq>5</GreekSeq></word><word seq="9">Nazareth?<GreekSeq>6</GreekSeq></word><word seq="10">Philip<GreekSeq>14</GreekSeq></word><word seq="11">said<GreekSeq>11</GreekSeq></word><word seq="12">to him,<GreekSeq>12</GreekSeq></word><word seq="13">Come<GreekSeq>15</GreekSeq></word><word seq="14">and<GreekSeq>16</GreekSeq></word><word seq="15">see.<GreekSeq>17</GreekSeq></word></ESV></verse>
<verse number="47"><ESV><word seq="1">Jesus<GreekSeq>3</GreekSeq></word><word seq="2">saw<GreekSeq>1</GreekSeq></word><word seq="3">Nathanael<GreekSeq>5</GreekSeq></word><word seq="4">coming<GreekSeq>6</GreekSeq></word><word seq="5">toward<GreekSeq>7</GreekSeq></word><word seq="6">him<GreekSeq>8</GreekSeq></word><word seq="7">and<GreekSeq>9</GreekSeq></word><word seq="8">said<GreekSeq>10</GreekSeq></word><word seq="9">of<GreekSeq>11</GreekSeq></word><word seq="10">him,<GreekSeq>12</GreekSeq></word><word seq="11">"Behold,<GreekSeq>13</GreekSeq></word><word seq="12">an Israelite<GreekSeq>15</GreekSeq></word><word seq="13">indeed,<GreekSeq>14</GreekSeq></word><word seq="14">in<GreekSeq>16</GreekSeq></word><word seq="15">whom<GreekSeq>17</GreekSeq></word><word seq="16">there is<GreekSeq>20</GreekSeq></word><word seq="17">no<GreekSeq>19</GreekSeq></word><word seq="18">deceit!"<GreekSeq>18</GreekSeq></word></ESV></verse>
<verse number="48"><ESV><word seq="1">Nathanael<GreekSeq>3</GreekSeq></word><word seq="2">said<GreekSeq>1</GreekSeq></word><word seq="3">to him,<GreekSeq>2</GreekSeq></word><word seq="4">How<GreekSeq>4</GreekSeq></word><word seq="5">do</word><word seq="6">you know<GreekSeq>6</GreekSeq></word><word seq="7">me?<GreekSeq>5</GreekSeq></word><word seq="8">Jesus<GreekSeq>8</GreekSeq></word><word seq="9">answered<GreekSeq>7</GreekSeq></word><word seq="10">him,<GreekSeq>11</GreekSeq></word><word seq="11">"Before<GreekSeq>12</GreekSeq></word><word seq="12">Philip<GreekSeq>15</GreekSeq></word><word seq="13">called<GreekSeq>16</GreekSeq></word><word seq="14">you,<GreekSeq>14</GreekSeq></word><word seq="15">when you were<GreekSeq>17</GreekSeq></word><word seq="16">under<GreekSeq>18</GreekSeq></word><word seq="17">the<GreekSeq>19</GreekSeq></word><word seq="18">fig tree,<GreekSeq>20</GreekSeq></word><word seq="19">I saw<GreekSeq>21</GreekSeq></word><word seq="20">you."<GreekSeq>22</GreekSeq></word></ESV></verse>
<verse number="49"><ESV><word seq="1">Nathanael<GreekSeq>3</GreekSeq></word><word seq="2">answered<GreekSeq>1</GreekSeq></word><word seq="3">him,<GreekSeq>2</GreekSeq></word><word seq="4">Rabbi,<GreekSeq>4</GreekSeq></word><word seq="5">you<GreekSeq>5</GreekSeq></word><word seq="6">are<GreekSeq>6</GreekSeq></word><word seq="7">the<GreekSeq>7</GreekSeq></word><word seq="8">Son<GreekSeq>8</GreekSeq></word><word seq="9">of God!<GreekSeq>10</GreekSeq></word><word seq="10">You<GreekSeq>11</GreekSeq></word><word seq="11">are<GreekSeq>13</GreekSeq></word><word seq="12">the<GreekSeq>14</GreekSeq></word><word seq="13">King<GreekSeq>12</GreekSeq></word><word seq="14">of Israel!<GreekSeq>15</GreekSeq></word></ESV></verse>
<verse number="50"><ESV><word seq="1">Jesus<GreekSeq>2</GreekSeq></word><word seq="2">answered<GreekSeq>1</GreekSeq></word><word seq="3">him,<GreekSeq>5</GreekSeq></word><word seq="4">"Because<GreekSeq>6</GreekSeq></word><word seq="5">I said<GreekSeq>7</GreekSeq></word><word seq="6">to you,<GreekSeq>8</GreekSeq></word><word seq="7">'I saw<GreekSeq>10</GreekSeq></word><word seq="8">you<GreekSeq>11</GreekSeq></word><word seq="9">under<GreekSeq>12</GreekSeq></word><word seq="10">the<GreekSeq>13</GreekSeq></word><word seq="11">fig tree,'<GreekSeq>14</GreekSeq></word><word seq="12">do</word><word seq="13">you believe?<GreekSeq>15</GreekSeq></word><word seq="14">You will see<GreekSeq>18</GreekSeq></word><word seq="15">greater [things] than<GreekSeq>16</GreekSeq></word><word seq="16">these."<GreekSeq>17</GreekSeq></word></ESV></verse>
<verse number="51"><ESV><word seq="1">And<GreekSeq>1</GreekSeq></word><word seq="2">he said<GreekSeq>2</GreekSeq></word><word seq="3">to him,<GreekSeq>3</GreekSeq></word><word seq="4">"Truly, truly,<GreekSeq>4</GreekSeq><GreekSeq>5</GreekSeq></word><word seq="5">I say<GreekSeq>6</GreekSeq></word><word seq="6">to you,<GreekSeq>7</GreekSeq></word><word seq="7">you will see<GreekSeq>8</GreekSeq></word><word seq="8">heaven<GreekSeq>10</GreekSeq></word><word seq="9">opened,<GreekSeq>11</GreekSeq></word><word seq="10">and<GreekSeq>12</GreekSeq></word><word seq="11">the<GreekSeq>13</GreekSeq></word><word seq="12">angels<GreekSeq>14</GreekSeq></word><word seq="13">of God<GreekSeq>16</GreekSeq></word><word seq="14">ascending<GreekSeq>17</GreekSeq></word><word seq="15">and<GreekSeq>18</GreekSeq></word><word seq="16">descending<GreekSeq>19</GreekSeq></word><word seq="17">on<GreekSeq>20</GreekSeq></word><word seq="18">the<GreekSeq>21</GreekSeq></word><word seq="19">Son<GreekSeq>22</GreekSeq></word><word seq="20">of Man."<GreekSeq>24</GreekSeq></word></ESV></verse></chapter></book>