<?xml version="1.0" encoding="UTF-8" standalone="no"?><book><chapter number="19">'<verse number="1"><ESV><word seq="1">He entered<GreekSeq>2</GreekSeq></word><word seq="2">Jericho<GreekSeq>5</GreekSeq></word><word seq="3">and</word><word seq="4">was passing through.<GreekSeq>3</GreekSeq></word></ESV></verse>
<verse number="2"><ESV><word seq="1">And<GreekSeq>1</GreekSeq></word><word seq="2">behold,<GreekSeq>2</GreekSeq></word><word seq="3">there was</word><word seq="4">a man<GreekSeq>3</GreekSeq></word><word seq="5">named<GreekSeq>4</GreekSeq><GreekSeq>5</GreekSeq></word><word seq="6">Zacchaeus.<GreekSeq>6</GreekSeq></word><word seq="7">He<GreekSeq>8</GreekSeq></word><word seq="8">was<GreekSeq>9</GreekSeq></word><word seq="9">a chief tax collector<GreekSeq>10</GreekSeq></word><word seq="10">and<GreekSeq>11</GreekSeq></word><word seq="11">was</word><word seq="12">rich.<GreekSeq>13</GreekSeq></word></ESV></verse>
<verse number="3"><ESV><word seq="1">And<GreekSeq>1</GreekSeq></word><word seq="2">he was seeking<GreekSeq>2</GreekSeq></word><word seq="3">to see<GreekSeq>3</GreekSeq></word><word seq="4">who<GreekSeq>6</GreekSeq></word><word seq="5">Jesus<GreekSeq>5</GreekSeq></word><word seq="6">was,<GreekSeq>7</GreekSeq></word><word seq="7">but<GreekSeq>8</GreekSeq></word><word seq="8">on account of<GreekSeq>11</GreekSeq></word><word seq="9">the<GreekSeq>12</GreekSeq></word><word seq="10">crowd<GreekSeq>13</GreekSeq></word><word seq="11">he could<GreekSeq>10</GreekSeq></word><word seq="12">not,<GreekSeq>9</GreekSeq></word><word seq="13">because<GreekSeq>14</GreekSeq></word><word seq="14">he was<GreekSeq>18</GreekSeq></word><word seq="15">small<GreekSeq>17</GreekSeq></word><word seq="16">in stature.<GreekSeq>16</GreekSeq></word></ESV></verse>
<verse number="4"><ESV><word seq="1">So<GreekSeq>1</GreekSeq></word><word seq="2">he ran<GreekSeq>2</GreekSeq></word><word seq="3">on<GreekSeq>3</GreekSeq></word><word seq="4">ahead<GreekSeq>5</GreekSeq></word><word seq="5">and</word><word seq="6">climbed up<GreekSeq>6</GreekSeq></word><word seq="7">into<GreekSeq>7</GreekSeq></word><word seq="8">a sycamore tree<GreekSeq>8</GreekSeq></word><word seq="9">to see<GreekSeq>9</GreekSeq><GreekSeq>10</GreekSeq></word><word seq="10">him,<GreekSeq>11</GreekSeq></word><word seq="11">for<GreekSeq>12</GreekSeq></word><word seq="12">he was about to<GreekSeq>14</GreekSeq></word><word seq="13">pass<GreekSeq>15</GreekSeq></word><word seq="14">that [way].<GreekSeq>13</GreekSeq></word></ESV></verse>
<verse number="5"><ESV><word seq="1">And<GreekSeq>1</GreekSeq></word><word seq="2">when<GreekSeq>2</GreekSeq></word><word seq="3">Jesus<GreekSeq>9</GreekSeq></word><word seq="4">came<GreekSeq>3</GreekSeq></word><word seq="5">to<GreekSeq>4</GreekSeq></word><word seq="6">the<GreekSeq>5</GreekSeq></word><word seq="7">place,<GreekSeq>6</GreekSeq></word><word seq="8">he looked up<GreekSeq>7</GreekSeq></word><word seq="9">and</word><word seq="10">said<GreekSeq>10</GreekSeq></word><word seq="11">to<GreekSeq>11</GreekSeq></word><word seq="12">him,<GreekSeq>12</GreekSeq></word><word seq="13">“Zacchaeus,<GreekSeq>13</GreekSeq></word><word seq="14">hurry<GreekSeq>14</GreekSeq></word><word seq="15">and</word><word seq="16">come down,<GreekSeq>15</GreekSeq></word><word seq="17">for<GreekSeq>17</GreekSeq></word><word seq="18">I<GreekSeq>23</GreekSeq></word><word seq="19">must<GreekSeq>22</GreekSeq></word><word seq="20">stay<GreekSeq>24</GreekSeq></word><word seq="21">at<GreekSeq>18</GreekSeq></word><word seq="22">your<GreekSeq>21</GreekSeq></word><word seq="23">house<GreekSeq>20</GreekSeq></word><word seq="24">today.”<GreekSeq>16</GreekSeq></word></ESV></verse>
<verse number="6"><ESV><word seq="1">So<GreekSeq>1</GreekSeq></word><word seq="2">he hurried<GreekSeq>2</GreekSeq></word><word seq="3">and</word><word seq="4">came down<GreekSeq>3</GreekSeq></word><word seq="5">and<GreekSeq>4</GreekSeq></word><word seq="6">received<GreekSeq>5</GreekSeq></word><word seq="7">him<GreekSeq>6</GreekSeq></word><word seq="8">joyfully.<GreekSeq>7</GreekSeq></word></ESV></verse>
<verse number="7"><ESV><word seq="1">And<GreekSeq>1</GreekSeq></word><word seq="2">when they saw<GreekSeq>2</GreekSeq></word><word seq="3">it,</word><word seq="4">they<GreekSeq>4</GreekSeq></word><word seq="5">all<GreekSeq>3</GreekSeq></word><word seq="6">grumbled,<GreekSeq>4</GreekSeq></word><word seq="7">“He has gone in<GreekSeq>10</GreekSeq></word><word seq="8">to be the guest<GreekSeq>11</GreekSeq></word><word seq="9">of<GreekSeq>7</GreekSeq></word><word seq="10">a man<GreekSeq>9</GreekSeq></word><word seq="11">who is</word><word seq="12">a sinner.”<GreekSeq>8</GreekSeq></word></ESV></verse>
<verse number="8"><ESV><word seq="1">And<GreekSeq>2</GreekSeq></word><word seq="2">Zacchaeus<GreekSeq>3</GreekSeq></word><word seq="3">stood<GreekSeq>1</GreekSeq></word><word seq="4">and</word><word seq="5">said<GreekSeq>4</GreekSeq></word><word seq="6">to<GreekSeq>5</GreekSeq></word><word seq="7">the<GreekSeq>6</GreekSeq></word><word seq="8">Lord,<GreekSeq>7</GreekSeq></word><word seq="9">“Behold,<GreekSeq>8</GreekSeq></word><word seq="10">Lord,<GreekSeq>14</GreekSeq></word><word seq="11">the<GreekSeq>9</GreekSeq></word><word seq="12">half<GreekSeq>10</GreekSeq></word><word seq="13">of<GreekSeq>13</GreekSeq></word><word seq="14">my<GreekSeq>11</GreekSeq></word><word seq="15">goods<GreekSeq>13</GreekSeq></word><word seq="16">I give<GreekSeq>17</GreekSeq></word><word seq="17">to the<GreekSeq>15</GreekSeq></word><word seq="18">poor.<GreekSeq>16</GreekSeq></word><word seq="19">And<GreekSeq>18</GreekSeq></word><word seq="20">if<GreekSeq>19</GreekSeq></word><word seq="21">I have defrauded<GreekSeq>22</GreekSeq></word><word seq="22">anyone<GreekSeq>20</GreekSeq></word><word seq="23">of anything,<GreekSeq>21</GreekSeq></word><word seq="24">I restore<GreekSeq>23</GreekSeq></word><word seq="25">it</word><word seq="26">fourfold.”<GreekSeq>24</GreekSeq></word></ESV></verse>
<verse number="9"><ESV><word seq="1">And<GreekSeq>2</GreekSeq></word><word seq="2">Jesus<GreekSeq>6</GreekSeq></word><word seq="3">said<GreekSeq>1</GreekSeq></word><word seq="4">to<GreekSeq>3</GreekSeq></word><word seq="5">him,<GreekSeq>4</GreekSeq></word><word seq="6">“Today<GreekSeq>8</GreekSeq></word><word seq="7">salvation<GreekSeq>9</GreekSeq></word><word seq="8">has come<GreekSeq>13</GreekSeq></word><word seq="9">to this<GreekSeq>12</GreekSeq></word><word seq="10">house,<GreekSeq>11</GreekSeq></word><word seq="11">since<GreekSeq>14</GreekSeq></word><word seq="12">he<GreekSeq>16</GreekSeq></word><word seq="13">also<GreekSeq>15</GreekSeq></word><word seq="14">is<GreekSeq>19</GreekSeq></word><word seq="15">a son<GreekSeq>17</GreekSeq></word><word seq="16">of Abraham.<GreekSeq>18</GreekSeq></word></ESV></verse>
<verse number="10"><ESV><word seq="1">For<GreekSeq>2</GreekSeq></word><word seq="2">the<GreekSeq>3</GreekSeq></word><word seq="3">Son<GreekSeq>4</GreekSeq></word><word seq="4">of Man<GreekSeq>6</GreekSeq></word><word seq="5">came<GreekSeq>1</GreekSeq></word><word seq="6">to seek<GreekSeq>7</GreekSeq></word><word seq="7">and<GreekSeq>8</GreekSeq></word><word seq="8">to save<GreekSeq>9</GreekSeq></word><word seq="9">the<GreekSeq>10</GreekSeq></word><word seq="10">lost.”<GreekSeq>11</GreekSeq></word></ESV></verse>
<verse number="11"><ESV><word seq="1">As<GreekSeq>1</GreekSeq></word><word seq="2">they<GreekSeq>3</GreekSeq></word><word seq="3">heard<GreekSeq>1</GreekSeq></word><word seq="4">these things,<GreekSeq>4</GreekSeq></word><word seq="5">he proceeded<GreekSeq>5</GreekSeq></word><word seq="6">to tell<GreekSeq>6</GreekSeq></word><word seq="7">a parable,<GreekSeq>7</GreekSeq></word><word seq="8">because<GreekSeq>8</GreekSeq></word><word seq="9">he<GreekSeq>13</GreekSeq></word><word seq="10">was<GreekSeq>11</GreekSeq></word><word seq="11">near to<GreekSeq>10</GreekSeq></word><word seq="12">Jerusalem,<GreekSeq>12</GreekSeq></word><word seq="13">and<GreekSeq>14</GreekSeq></word><word seq="14">because</word><word seq="15">they<GreekSeq>16</GreekSeq></word><word seq="16">supposed<GreekSeq>15</GreekSeq></word><word seq="17">that<GreekSeq>17</GreekSeq></word><word seq="18">the<GreekSeq>20</GreekSeq></word><word seq="19">kingdom<GreekSeq>21</GreekSeq></word><word seq="20">of God<GreekSeq>23</GreekSeq></word><word seq="21">was<GreekSeq>19</GreekSeq></word><word seq="22">to appear<GreekSeq>24</GreekSeq></word><word seq="23">immediately.<GreekSeq>18</GreekSeq></word></ESV></verse>
<verse number="12"><ESV><word seq="1">He said<GreekSeq>1</GreekSeq></word><word seq="2">therefore,<GreekSeq>2</GreekSeq></word><word seq="3">“A nobleman<GreekSeq>3</GreekSeq><GreekSeq>5</GreekSeq></word><word seq="4">went<GreekSeq>6</GreekSeq></word><word seq="5">into<GreekSeq>7</GreekSeq></word><word seq="6">a far<GreekSeq>9</GreekSeq></word><word seq="7">country<GreekSeq>8</GreekSeq></word><word seq="8">to receive<GreekSeq>10</GreekSeq></word><word seq="9">for himself<GreekSeq>11</GreekSeq></word><word seq="10">a kingdom<GreekSeq>12</GreekSeq></word><word seq="11">and<GreekSeq>13</GreekSeq></word><word seq="12">then</word><word seq="13">return.<GreekSeq>14</GreekSeq></word></ESV></verse>
<verse number="13"><ESV><word seq="1">Calling<GreekSeq>1</GreekSeq></word><word seq="2">ten<GreekSeq>3</GreekSeq></word><word seq="3">of</word><word seq="4">his<GreekSeq>5</GreekSeq></word><word seq="5">servants,<GreekSeq>4</GreekSeq></word><word seq="6">he gave<GreekSeq>6</GreekSeq></word><word seq="7">them<GreekSeq>7</GreekSeq></word><word seq="8">ten<GreekSeq>8</GreekSeq></word><word seq="9">minas,<GreekSeq>9</GreekSeq></word><word seq="10">and<GreekSeq>10</GreekSeq></word><word seq="11">said<GreekSeq>11</GreekSeq></word><word seq="12">to<GreekSeq>12</GreekSeq></word><word seq="13">them,<GreekSeq>13</GreekSeq></word><word seq="14">‘Engage in business<GreekSeq>14</GreekSeq></word><word seq="15">until<GreekSeq>15</GreekSeq><GreekSeq>16</GreekSeq></word><word seq="16">I come.’<GreekSeq>17</GreekSeq></word></ESV></verse>
<verse number="14"><ESV><word seq="1">But<GreekSeq>2</GreekSeq></word><word seq="2">his<GreekSeq>4</GreekSeq></word><word seq="3">citizens<GreekSeq>3</GreekSeq></word><word seq="4">hated<GreekSeq>5</GreekSeq></word><word seq="5">him<GreekSeq>6</GreekSeq></word><word seq="6">and<GreekSeq>7</GreekSeq></word><word seq="7">sent<GreekSeq>8</GreekSeq></word><word seq="8">a delegation<GreekSeq>9</GreekSeq></word><word seq="9">after<GreekSeq>10</GreekSeq></word><word seq="10">him,<GreekSeq>11</GreekSeq></word><word seq="11">saying,<GreekSeq>12</GreekSeq></word><word seq="12">‘We do<GreekSeq>14</GreekSeq></word><word seq="13">not<GreekSeq>13</GreekSeq></word><word seq="14">want<GreekSeq>14</GreekSeq></word><word seq="15">this man<GreekSeq>15</GreekSeq></word><word seq="16">to reign<GreekSeq>16</GreekSeq></word><word seq="17">over<GreekSeq>17</GreekSeq></word><word seq="18">us.’<GreekSeq>18</GreekSeq></word></ESV></verse>
<verse number="15"><ESV><word seq="1">When<GreekSeq>3</GreekSeq><GreekSeq>4</GreekSeq></word><word seq="2">he<GreekSeq>6</GreekSeq></word><word seq="3">returned,<GreekSeq>5</GreekSeq></word><word seq="4">having received<GreekSeq>7</GreekSeq></word><word seq="5">the<GreekSeq>8</GreekSeq></word><word seq="6">kingdom,<GreekSeq>9</GreekSeq></word><word seq="7">he ordered<GreekSeq>11</GreekSeq></word><word seq="8">these<GreekSeq>16</GreekSeq></word><word seq="9">servants<GreekSeq>15</GreekSeq></word><word seq="10">to whom<GreekSeq>17</GreekSeq></word><word seq="11">he had given<GreekSeq>18</GreekSeq></word><word seq="12">the<GreekSeq>19</GreekSeq></word><word seq="13">money<GreekSeq>20</GreekSeq></word><word seq="14">to be called<GreekSeq>12</GreekSeq></word><word seq="15">to him,<GreekSeq>13</GreekSeq></word><word seq="16">that<GreekSeq>21</GreekSeq></word><word seq="17">he might know<GreekSeq>22</GreekSeq></word><word seq="18">what<GreekSeq>23</GreekSeq></word><word seq="19">they had gained by doing business.<GreekSeq>24</GreekSeq></word></ESV></verse>
<verse number="16"><ESV><word seq="1">The<GreekSeq>2</GreekSeq></word><word seq="2">first<GreekSeq>4</GreekSeq></word><word seq="3">came before<GreekSeq>1</GreekSeq></word><word seq="4">him,</word><word seq="5">saying,<GreekSeq>5</GreekSeq></word><word seq="6">‘Lord,<GreekSeq>6</GreekSeq></word><word seq="7">your<GreekSeq>9</GreekSeq></word><word seq="8">mina<GreekSeq>8</GreekSeq></word><word seq="9">has made<GreekSeq>11</GreekSeq></word><word seq="10">ten<GreekSeq>10</GreekSeq></word><word seq="11">minas<GreekSeq>12</GreekSeq></word><word seq="12">more.’</word></ESV></verse>
<verse number="17"><ESV><word seq="1">And<GreekSeq>1</GreekSeq></word><word seq="2">he said<GreekSeq>2</GreekSeq></word><word seq="3">to him,<GreekSeq>3</GreekSeq></word><word seq="4">‘Well [done],<GreekSeq>4</GreekSeq></word><word seq="5">good<GreekSeq>5</GreekSeq></word><word seq="6">servant!<GreekSeq>6</GreekSeq></word><word seq="7">Because<GreekSeq>7</GreekSeq></word><word seq="8">you have been<GreekSeq>11</GreekSeq></word><word seq="9">faithful<GreekSeq>10</GreekSeq></word><word seq="10">in<GreekSeq>8</GreekSeq></word><word seq="11">a very little,<GreekSeq>9</GreekSeq></word><word seq="12">you shall<GreekSeq>12</GreekSeq></word><word seq="13">have<GreekSeq>14</GreekSeq></word><word seq="14">authority<GreekSeq>13</GreekSeq></word><word seq="15">over<GreekSeq>15</GreekSeq></word><word seq="16">ten<GreekSeq>16</GreekSeq></word><word seq="17">cities.’<GreekSeq>17</GreekSeq></word></ESV></verse>
<verse number="18"><ESV><word seq="1">And<GreekSeq>1</GreekSeq></word><word seq="2">the<GreekSeq>3</GreekSeq></word><word seq="3">second<GreekSeq>4</GreekSeq></word><word seq="4">came,<GreekSeq>2</GreekSeq></word><word seq="5">saying,<GreekSeq>5</GreekSeq></word><word seq="6">‘Lord,<GreekSeq>9</GreekSeq></word><word seq="7">your<GreekSeq>8</GreekSeq></word><word seq="8">mina<GreekSeq>7</GreekSeq></word><word seq="9">has made<GreekSeq>10</GreekSeq></word><word seq="10">five<GreekSeq>11</GreekSeq></word><word seq="11">minas.’<GreekSeq>12</GreekSeq></word></ESV></verse>
<verse number="19"><ESV><word seq="1">And<GreekSeq>3</GreekSeq></word><word seq="2">he said<GreekSeq>1</GreekSeq></word><word seq="3">to him,<GreekSeq>4</GreekSeq></word><word seq="4">‘And<GreekSeq>5</GreekSeq></word><word seq="5">you<GreekSeq>6</GreekSeq></word><word seq="6">are to be<GreekSeq>8</GreekSeq></word><word seq="7">over<GreekSeq>7</GreekSeq></word><word seq="8">five<GreekSeq>9</GreekSeq></word><word seq="9">cities.’<GreekSeq>10</GreekSeq></word></ESV></verse>
<verse number="20"><ESV><word seq="1">Then<GreekSeq>1</GreekSeq></word><word seq="2">another<GreekSeq>3</GreekSeq></word><word seq="3">came,<GreekSeq>4</GreekSeq></word><word seq="4">saying,<GreekSeq>5</GreekSeq></word><word seq="5">‘Lord,<GreekSeq>6</GreekSeq></word><word seq="6">[here is]<GreekSeq>7</GreekSeq></word><word seq="7">your<GreekSeq>10</GreekSeq></word><word seq="8">mina,<GreekSeq>9</GreekSeq></word><word seq="9">which<GreekSeq>11</GreekSeq></word><word seq="10">I kept<GreekSeq>12</GreekSeq></word><word seq="11">laid away<GreekSeq>13</GreekSeq></word><word seq="12">in<GreekSeq>14</GreekSeq></word><word seq="13">a handkerchief;<GreekSeq>15</GreekSeq></word></ESV></verse>
<verse number="21"><ESV><word seq="1">for<GreekSeq>2</GreekSeq></word><word seq="2">I was afraid of<GreekSeq>1</GreekSeq></word><word seq="3">you,<GreekSeq>3</GreekSeq></word><word seq="4">because<GreekSeq>4</GreekSeq></word><word seq="5">you are<GreekSeq>7</GreekSeq></word><word seq="6">a severe<GreekSeq>6</GreekSeq></word><word seq="7">man.<GreekSeq>5</GreekSeq></word><word seq="8">You take<GreekSeq>8</GreekSeq></word><word seq="9">what<GreekSeq>9</GreekSeq></word><word seq="10">you did<GreekSeq>11</GreekSeq></word><word seq="11">not<GreekSeq>10</GreekSeq></word><word seq="12">deposit,<GreekSeq>11</GreekSeq></word><word seq="13">and<GreekSeq>12</GreekSeq></word><word seq="14">reap<GreekSeq>13</GreekSeq></word><word seq="15">what<GreekSeq>14</GreekSeq></word><word seq="16">you did<GreekSeq>16</GreekSeq></word><word seq="17">not<GreekSeq>15</GreekSeq></word><word seq="18">sow.’<GreekSeq>16</GreekSeq></word></ESV></verse>
<verse number="22"><ESV><word seq="1">He said<GreekSeq>1</GreekSeq></word><word seq="2">to him,<GreekSeq>2</GreekSeq></word><word seq="3">‘I will condemn<GreekSeq>7</GreekSeq></word><word seq="4">you<GreekSeq>8</GreekSeq></word><word seq="5">with<GreekSeq>3</GreekSeq></word><word seq="6">your own<GreekSeq>6</GreekSeq></word><word seq="7">[words],<GreekSeq>5</GreekSeq></word><word seq="8">you</word><word seq="9">wicked<GreekSeq>9</GreekSeq></word><word seq="10">servant!<GreekSeq>10</GreekSeq></word><word seq="11">You knew<GreekSeq>11</GreekSeq></word><word seq="12">that<GreekSeq>12</GreekSeq></word><word seq="13">I<GreekSeq>13</GreekSeq></word><word seq="14">was<GreekSeq>16</GreekSeq></word><word seq="15">a severe<GreekSeq>15</GreekSeq></word><word seq="16">man,<GreekSeq>14</GreekSeq></word><word seq="17">taking<GreekSeq>17</GreekSeq></word><word seq="18">what<GreekSeq>18</GreekSeq></word><word seq="19">I did<GreekSeq>20</GreekSeq></word><word seq="20">not<GreekSeq>19</GreekSeq></word><word seq="21">deposit<GreekSeq>20</GreekSeq></word><word seq="22">and<GreekSeq>21</GreekSeq></word><word seq="23">reaping<GreekSeq>22</GreekSeq></word><word seq="24">what<GreekSeq>23</GreekSeq></word><word seq="25">I did<GreekSeq>25</GreekSeq></word><word seq="26">not<GreekSeq>24</GreekSeq></word><word seq="27">sow?<GreekSeq>25</GreekSeq></word></ESV></verse>
<verse number="23"><ESV><word seq="1">Why<GreekSeq>2</GreekSeq><GreekSeq>3</GreekSeq></word><word seq="2">then<GreekSeq>1</GreekSeq></word><word seq="3">did you<GreekSeq>5</GreekSeq></word><word seq="4">not<GreekSeq>4</GreekSeq></word><word seq="5">put<GreekSeq>5</GreekSeq></word><word seq="6">my<GreekSeq>6</GreekSeq></word><word seq="7">money<GreekSeq>8</GreekSeq></word><word seq="8">in<GreekSeq>9</GreekSeq></word><word seq="9">the bank,<GreekSeq>10</GreekSeq></word><word seq="10">and at my<GreekSeq>11</GreekSeq></word><word seq="11">coming<GreekSeq>12</GreekSeq></word><word seq="12">I might have collected<GreekSeq>15</GreekSeq><GreekSeq>17</GreekSeq></word><word seq="13">it<GreekSeq>16</GreekSeq></word><word seq="14">with<GreekSeq>13</GreekSeq></word><word seq="15">interest?’<GreekSeq>14</GreekSeq></word></ESV></verse>
<verse number="24"><ESV><word seq="1">And<GreekSeq>1</GreekSeq></word><word seq="2">he said<GreekSeq>4</GreekSeq></word><word seq="3">to those<GreekSeq>2</GreekSeq></word><word seq="4">who stood by,<GreekSeq>3</GreekSeq></word><word seq="5">‘Take<GreekSeq>5</GreekSeq></word><word seq="6">the<GreekSeq>8</GreekSeq></word><word seq="7">mina<GreekSeq>9</GreekSeq></word><word seq="8">from<GreekSeq>6</GreekSeq></word><word seq="9">him,<GreekSeq>7</GreekSeq></word><word seq="10">and<GreekSeq>10</GreekSeq></word><word seq="11">give<GreekSeq>11</GreekSeq></word><word seq="12">it</word><word seq="13">to the one<GreekSeq>12</GreekSeq></word><word seq="14">who has<GreekSeq>16</GreekSeq></word><word seq="15">the<GreekSeq>13</GreekSeq></word><word seq="16">ten<GreekSeq>14</GreekSeq></word><word seq="17">minas.’<GreekSeq>15</GreekSeq></word></ESV></verse>
<verse number="25"><ESV><word seq="1">And<GreekSeq>1</GreekSeq></word><word seq="2">they said<GreekSeq>2</GreekSeq></word><word seq="3">to him,<GreekSeq>3</GreekSeq></word><word seq="4">‘Lord,<GreekSeq>4</GreekSeq></word><word seq="5">he has<GreekSeq>5</GreekSeq></word><word seq="6">ten<GreekSeq>6</GreekSeq></word><word seq="7">minas!’<GreekSeq>7</GreekSeq></word></ESV></verse>
<verse number="26"><ESV><word seq="1">‘I tell<GreekSeq>1</GreekSeq></word><word seq="2">you<GreekSeq>2</GreekSeq></word><word seq="3">that<GreekSeq>3</GreekSeq></word><word seq="4">to everyone<GreekSeq>4</GreekSeq><GreekSeq>5</GreekSeq></word><word seq="5">who has,<GreekSeq>6</GreekSeq></word><word seq="6">more</word><word seq="7">will be given,<GreekSeq>7</GreekSeq></word><word seq="8">but<GreekSeq>9</GreekSeq></word><word seq="9">from<GreekSeq>8</GreekSeq></word><word seq="10">the one<GreekSeq>10</GreekSeq></word><word seq="11">who has<GreekSeq>12</GreekSeq></word><word seq="12">not,<GreekSeq>11</GreekSeq></word><word seq="13">even<GreekSeq>13</GreekSeq></word><word seq="14">what<GreekSeq>14</GreekSeq></word><word seq="15">he has<GreekSeq>15</GreekSeq></word><word seq="16">will be taken away.<GreekSeq>16</GreekSeq></word></ESV></verse>
<verse number="27"><ESV><word seq="1">But<GreekSeq>1</GreekSeq></word><word seq="2">as</word><word seq="3">for these<GreekSeq>5</GreekSeq></word><word seq="4">enemies<GreekSeq>3</GreekSeq></word><word seq="5">of mine,<GreekSeq>4</GreekSeq></word><word seq="6">who did<GreekSeq>8</GreekSeq></word><word seq="7">not<GreekSeq>7</GreekSeq></word><word seq="8">want<GreekSeq>8</GreekSeq></word><word seq="9">me<GreekSeq>9</GreekSeq></word><word seq="10">to reign<GreekSeq>10</GreekSeq></word><word seq="11">over<GreekSeq>11</GreekSeq></word><word seq="12">them,<GreekSeq>12</GreekSeq></word><word seq="13">bring<GreekSeq>13</GreekSeq></word><word seq="14">them</word><word seq="15">here<GreekSeq>14</GreekSeq></word><word seq="16">and<GreekSeq>15</GreekSeq></word><word seq="17">slaughter<GreekSeq>16</GreekSeq></word><word seq="18">them<GreekSeq>17</GreekSeq></word><word seq="19">before<GreekSeq>18</GreekSeq></word><word seq="20">me.’”<GreekSeq>19</GreekSeq></word></ESV></verse>
<verse number="28"><ESV><word seq="1">And<GreekSeq>1</GreekSeq></word><word seq="2">when he had said<GreekSeq>2</GreekSeq></word><word seq="3">these things,<GreekSeq>3</GreekSeq></word><word seq="4">he went<GreekSeq>4</GreekSeq></word><word seq="5">on ahead,<GreekSeq>5</GreekSeq></word><word seq="6">going up<GreekSeq>6</GreekSeq></word><word seq="7">to<GreekSeq>7</GreekSeq></word><word seq="8">Jerusalem.<GreekSeq>8</GreekSeq></word></ESV></verse>
<verse number="29"><ESV><word seq="1">When<GreekSeq>3</GreekSeq></word><word seq="2">he drew near<GreekSeq>4</GreekSeq></word><word seq="3">to<GreekSeq>5</GreekSeq></word><word seq="4">Bethphage<GreekSeq>6</GreekSeq></word><word seq="5">and<GreekSeq>7</GreekSeq></word><word seq="6">Bethany,<GreekSeq>8</GreekSeq></word><word seq="7">at<GreekSeq>9</GreekSeq></word><word seq="8">the<GreekSeq>10</GreekSeq></word><word seq="9">mount<GreekSeq>11</GreekSeq></word><word seq="10">that is called<GreekSeq>13</GreekSeq></word><word seq="11">Olivet,<GreekSeq>14</GreekSeq></word><word seq="12">he sent<GreekSeq>15</GreekSeq></word><word seq="13">two<GreekSeq>16</GreekSeq></word><word seq="14">of the<GreekSeq>17</GreekSeq></word><word seq="15">disciples,<GreekSeq>18</GreekSeq></word></ESV></verse>
<verse number="30"><ESV><word seq="1">saying,<GreekSeq>1</GreekSeq></word><word seq="2">“Go<GreekSeq>2</GreekSeq></word><word seq="3">into<GreekSeq>3</GreekSeq></word><word seq="4">the<GreekSeq>4</GreekSeq></word><word seq="5">village<GreekSeq>6</GreekSeq></word><word seq="6">in front of<GreekSeq>5</GreekSeq></word><word seq="7">you,</word><word seq="8">where<GreekSeq>7</GreekSeq><GreekSeq>8</GreekSeq></word><word seq="9">on entering<GreekSeq>9</GreekSeq></word><word seq="10">you will find<GreekSeq>10</GreekSeq></word><word seq="11">a colt<GreekSeq>11</GreekSeq></word><word seq="12">tied,<GreekSeq>12</GreekSeq></word><word seq="13">on<GreekSeq>13</GreekSeq></word><word seq="14">which<GreekSeq>14</GreekSeq></word><word seq="15">no one<GreekSeq>15</GreekSeq></word><word seq="16">has<GreekSeq>18</GreekSeq></word><word seq="17">ever yet<GreekSeq>16</GreekSeq></word><word seq="18">sat.<GreekSeq>18</GreekSeq></word><word seq="19">Untie<GreekSeq>20</GreekSeq></word><word seq="20">it<GreekSeq>21</GreekSeq></word><word seq="21">and<GreekSeq>19</GreekSeq></word><word seq="22">bring<GreekSeq>22</GreekSeq></word><word seq="23">it here.</word></ESV></verse>
<verse number="31"><ESV><word seq="1">If<GreekSeq>2</GreekSeq></word><word seq="2">anyone<GreekSeq>3</GreekSeq></word><word seq="3">asks<GreekSeq>5</GreekSeq></word><word seq="4">you,<GreekSeq>4</GreekSeq></word><word seq="5">‘Why<GreekSeq>6</GreekSeq><GreekSeq>7</GreekSeq></word><word seq="6">are you untying<GreekSeq>8</GreekSeq></word><word seq="7">it?’</word><word seq="8">you shall say<GreekSeq>10</GreekSeq></word><word seq="9">this:<GreekSeq>9</GreekSeq></word><word seq="10">‘The<GreekSeq>12</GreekSeq></word><word seq="11">Lord<GreekSeq>13</GreekSeq></word><word seq="12">has<GreekSeq>16</GreekSeq></word><word seq="13">need<GreekSeq>15</GreekSeq></word><word seq="14">of it.’”<GreekSeq>14</GreekSeq></word></ESV></verse>
<verse number="32"><ESV><word seq="1">So<GreekSeq>2</GreekSeq></word><word seq="2">those<GreekSeq>3</GreekSeq></word><word seq="3">who were sent<GreekSeq>4</GreekSeq></word><word seq="4">went away<GreekSeq>1</GreekSeq></word><word seq="5">and</word><word seq="6">found<GreekSeq>5</GreekSeq></word><word seq="7">it</word><word seq="8">just as<GreekSeq>6</GreekSeq></word><word seq="9">he had told<GreekSeq>7</GreekSeq></word><word seq="10">them.<GreekSeq>8</GreekSeq></word></ESV></verse>
<verse number="33"><ESV><word seq="1">And<GreekSeq>2</GreekSeq></word><word seq="2">as<GreekSeq>1</GreekSeq></word><word seq="3">they<GreekSeq>3</GreekSeq></word><word seq="4">were untying<GreekSeq>1</GreekSeq></word><word seq="5">the<GreekSeq>4</GreekSeq></word><word seq="6">colt,<GreekSeq>5</GreekSeq></word><word seq="7">its<GreekSeq>9</GreekSeq></word><word seq="8">owners<GreekSeq>8</GreekSeq></word><word seq="9">said<GreekSeq>6</GreekSeq></word><word seq="10">to<GreekSeq>10</GreekSeq></word><word seq="11">them,<GreekSeq>11</GreekSeq></word><word seq="12">“Why<GreekSeq>12</GreekSeq></word><word seq="13">are you untying<GreekSeq>13</GreekSeq></word><word seq="14">the<GreekSeq>14</GreekSeq></word><word seq="15">colt?”<GreekSeq>15</GreekSeq></word></ESV></verse>
<verse number="34"><ESV><word seq="1">And<GreekSeq>2</GreekSeq></word><word seq="2">they<GreekSeq>1</GreekSeq></word><word seq="3">said,<GreekSeq>3</GreekSeq></word><word seq="4">“The<GreekSeq>5</GreekSeq></word><word seq="5">Lord<GreekSeq>6</GreekSeq></word><word seq="6">has<GreekSeq>9</GreekSeq></word><word seq="7">need<GreekSeq>8</GreekSeq></word><word seq="8">of it.”<GreekSeq>7</GreekSeq></word></ESV></verse>
<verse number="35"><ESV><word seq="1">And<GreekSeq>1</GreekSeq></word><word seq="2">they brought<GreekSeq>2</GreekSeq></word><word seq="3">it<GreekSeq>3</GreekSeq></word><word seq="4">to<GreekSeq>4</GreekSeq></word><word seq="5">Jesus,<GreekSeq>6</GreekSeq></word><word seq="6">and<GreekSeq>7</GreekSeq></word><word seq="7">throwing<GreekSeq>8</GreekSeq></word><word seq="8">their<GreekSeq>9</GreekSeq></word><word seq="9">cloaks<GreekSeq>11</GreekSeq></word><word seq="10">on<GreekSeq>12</GreekSeq></word><word seq="11">the<GreekSeq>13</GreekSeq></word><word seq="12">colt,<GreekSeq>14</GreekSeq></word><word seq="13">they set<GreekSeq>15</GreekSeq></word><word seq="14">Jesus<GreekSeq>17</GreekSeq></word><word seq="15">on<GreekSeq>15</GreekSeq></word><word seq="16">it.</word></ESV></verse>
<verse number="36"><ESV><word seq="1">And<GreekSeq>2</GreekSeq></word><word seq="2">as<GreekSeq>1</GreekSeq></word><word seq="3">he<GreekSeq>3</GreekSeq></word><word seq="4">rode along,<GreekSeq>1</GreekSeq></word><word seq="5">they spread<GreekSeq>4</GreekSeq></word><word seq="6">their<GreekSeq>7</GreekSeq></word><word seq="7">cloaks<GreekSeq>6</GreekSeq></word><word seq="8">on<GreekSeq>8</GreekSeq></word><word seq="9">the<GreekSeq>9</GreekSeq></word><word seq="10">road.<GreekSeq>10</GreekSeq></word></ESV></verse>
<verse number="37"><ESV><word seq="1">As<GreekSeq>1</GreekSeq></word><word seq="2">he<GreekSeq>3</GreekSeq></word><word seq="3">was drawing near<GreekSeq>1</GreekSeq></word><word seq="4">— already<GreekSeq>4</GreekSeq></word><word seq="5">on<GreekSeq>5</GreekSeq></word><word seq="6">the<GreekSeq>6</GreekSeq></word><word seq="7">way down<GreekSeq>7</GreekSeq></word><word seq="8">the<GreekSeq>8</GreekSeq></word><word seq="9">Mount<GreekSeq>9</GreekSeq></word><word seq="10">of Olives —<GreekSeq>11</GreekSeq></word><word seq="11">the<GreekSeq>14</GreekSeq></word><word seq="12">whole<GreekSeq>13</GreekSeq></word><word seq="13">multitude<GreekSeq>15</GreekSeq></word><word seq="14">of [his] disciples<GreekSeq>17</GreekSeq></word><word seq="15">began<GreekSeq>12</GreekSeq></word><word seq="16">to rejoice<GreekSeq>18</GreekSeq></word><word seq="17">and</word><word seq="18">praise<GreekSeq>19</GreekSeq></word><word seq="19">God<GreekSeq>21</GreekSeq></word><word seq="20">with a loud<GreekSeq>23</GreekSeq></word><word seq="21">voice<GreekSeq>22</GreekSeq></word><word seq="22">for<GreekSeq>24</GreekSeq></word><word seq="23">all<GreekSeq>25</GreekSeq></word><word seq="24">the mighty works<GreekSeq>28</GreekSeq></word><word seq="25">that<GreekSeq>26</GreekSeq></word><word seq="26">they had seen,<GreekSeq>27</GreekSeq></word></ESV></verse>
<verse number="38"><ESV><word seq="1">saying,<GreekSeq>1</GreekSeq></word><word seq="2">“Blessed<GreekSeq>2</GreekSeq></word><word seq="3">is</word><word seq="4">the<GreekSeq>5</GreekSeq></word><word seq="5">King<GreekSeq>6</GreekSeq></word><word seq="6">who comes<GreekSeq>4</GreekSeq></word><word seq="7">in<GreekSeq>7</GreekSeq></word><word seq="8">the name<GreekSeq>8</GreekSeq></word><word seq="9">of the Lord!<GreekSeq>9</GreekSeq></word><word seq="10">Peace<GreekSeq>12</GreekSeq></word><word seq="11">in<GreekSeq>10</GreekSeq></word><word seq="12">heaven<GreekSeq>11</GreekSeq></word><word seq="13">and<GreekSeq>13</GreekSeq></word><word seq="14">glory<GreekSeq>14</GreekSeq></word><word seq="15">in<GreekSeq>15</GreekSeq></word><word seq="16">the highest!”<GreekSeq>16</GreekSeq></word></ESV></verse>
<verse number="39"><ESV><word seq="1">And<GreekSeq>1</GreekSeq></word><word seq="2">some<GreekSeq>2</GreekSeq></word><word seq="3">of the<GreekSeq>3</GreekSeq></word><word seq="4">Pharisees<GreekSeq>4</GreekSeq></word><word seq="5">in<GreekSeq>5</GreekSeq></word><word seq="6">the<GreekSeq>6</GreekSeq></word><word seq="7">crowd<GreekSeq>7</GreekSeq></word><word seq="8">said<GreekSeq>8</GreekSeq></word><word seq="9">to<GreekSeq>9</GreekSeq></word><word seq="10">him,<GreekSeq>10</GreekSeq></word><word seq="11">“Teacher,<GreekSeq>11</GreekSeq></word><word seq="12">rebuke<GreekSeq>12</GreekSeq></word><word seq="13">your<GreekSeq>15</GreekSeq></word><word seq="14">disciples.”<GreekSeq>14</GreekSeq></word></ESV></verse>
<verse number="40"><ESV><word seq="1">He answered,<GreekSeq>2</GreekSeq></word><word seq="2">“I tell<GreekSeq>4</GreekSeq></word><word seq="3">you,<GreekSeq>5</GreekSeq></word><word seq="4">if<GreekSeq>6</GreekSeq></word><word seq="5">these<GreekSeq>7</GreekSeq></word><word seq="6">were silent,<GreekSeq>8</GreekSeq></word><word seq="7">the [very]<GreekSeq>9</GreekSeq></word><word seq="8">stones<GreekSeq>10</GreekSeq></word><word seq="9">would cry out.”<GreekSeq>11</GreekSeq></word></ESV></verse>
<verse number="41"><ESV><word seq="1">And<GreekSeq>1</GreekSeq></word><word seq="2">when<GreekSeq>2</GreekSeq></word><word seq="3">he drew near<GreekSeq>3</GreekSeq></word><word seq="4">and</word><word seq="5">saw<GreekSeq>4</GreekSeq></word><word seq="6">the<GreekSeq>5</GreekSeq></word><word seq="7">city,<GreekSeq>6</GreekSeq></word><word seq="8">he wept<GreekSeq>7</GreekSeq></word><word seq="9">over<GreekSeq>8</GreekSeq></word><word seq="10">it,<GreekSeq>9</GreekSeq></word></ESV></verse>
<verse number="42"><ESV><word seq="1">saying,<GreekSeq>1</GreekSeq></word><word seq="2">“Would<GreekSeq>3</GreekSeq></word><word seq="3">that<GreekSeq>2</GreekSeq></word><word seq="4">you,<GreekSeq>4</GreekSeq></word><word seq="5">even<GreekSeq>9</GreekSeq></word><word seq="6">you,<GreekSeq>10</GreekSeq></word><word seq="7">had known<GreekSeq>4</GreekSeq></word><word seq="8">on<GreekSeq>5</GreekSeq></word><word seq="9">this<GreekSeq>8</GreekSeq></word><word seq="10">day<GreekSeq>7</GreekSeq></word><word seq="11">the things<GreekSeq>11</GreekSeq></word><word seq="12">that make</word><word seq="13">for<GreekSeq>12</GreekSeq></word><word seq="14">peace!<GreekSeq>13</GreekSeq></word><word seq="15">But<GreekSeq>15</GreekSeq></word><word seq="16">now<GreekSeq>14</GreekSeq></word><word seq="17">they are hidden<GreekSeq>16</GreekSeq></word><word seq="18">from<GreekSeq>17</GreekSeq></word><word seq="19">your<GreekSeq>19</GreekSeq></word><word seq="20">eyes.<GreekSeq>18</GreekSeq></word></ESV></verse>
<verse number="43"><ESV><word seq="1">For<GreekSeq>1</GreekSeq></word><word seq="2">the days<GreekSeq>3</GreekSeq></word><word seq="3">will come<GreekSeq>2</GreekSeq></word><word seq="4">upon<GreekSeq>4</GreekSeq></word><word seq="5">you,<GreekSeq>5</GreekSeq></word><word seq="6">when</word><word seq="7">your<GreekSeq>10</GreekSeq></word><word seq="8">enemies<GreekSeq>9</GreekSeq></word><word seq="9">will set up<GreekSeq>7</GreekSeq></word><word seq="10">a barricade<GreekSeq>11</GreekSeq></word><word seq="11">around<GreekSeq>7</GreekSeq></word><word seq="12">you<GreekSeq>12</GreekSeq></word><word seq="13">and<GreekSeq>13</GreekSeq></word><word seq="14">surround<GreekSeq>14</GreekSeq></word><word seq="15">you<GreekSeq>15</GreekSeq></word><word seq="16">and<GreekSeq>16</GreekSeq></word><word seq="17">hem<GreekSeq>17</GreekSeq></word><word seq="18">you<GreekSeq>18</GreekSeq></word><word seq="19">in<GreekSeq>17</GreekSeq></word><word seq="20">on every side<GreekSeq>19</GreekSeq></word></ESV></verse>
<verse number="44"><ESV><word seq="1">and<GreekSeq>1</GreekSeq></word><word seq="2">tear<GreekSeq>2</GreekSeq></word><word seq="3">you<GreekSeq>3</GreekSeq></word><word seq="4">down to the ground,<GreekSeq>2</GreekSeq></word><word seq="5">you</word><word seq="6">and<GreekSeq>4</GreekSeq></word><word seq="7">your<GreekSeq>7</GreekSeq></word><word seq="8">children<GreekSeq>6</GreekSeq></word><word seq="9">within<GreekSeq>8</GreekSeq></word><word seq="10">you.<GreekSeq>9</GreekSeq></word><word seq="11">And<GreekSeq>10</GreekSeq></word><word seq="12">they will<GreekSeq>12</GreekSeq></word><word seq="13">not<GreekSeq>11</GreekSeq></word><word seq="14">leave<GreekSeq>12</GreekSeq></word><word seq="15">one stone<GreekSeq>13</GreekSeq></word><word seq="16">upon<GreekSeq>14</GreekSeq></word><word seq="17">[another]<GreekSeq>15</GreekSeq></word><word seq="18">in<GreekSeq>16</GreekSeq></word><word seq="19">you,<GreekSeq>17</GreekSeq></word><word seq="20">because<GreekSeq>18</GreekSeq><GreekSeq>19</GreekSeq></word><word seq="21">you did<GreekSeq>21</GreekSeq></word><word seq="22">not<GreekSeq>20</GreekSeq></word><word seq="23">know<GreekSeq>21</GreekSeq></word><word seq="24">the<GreekSeq>22</GreekSeq></word><word seq="25">time<GreekSeq>23</GreekSeq></word><word seq="26">of<GreekSeq>25</GreekSeq></word><word seq="27">your<GreekSeq>26</GreekSeq></word><word seq="28">visitation.”<GreekSeq>25</GreekSeq></word></ESV></verse>
<verse number="45"><ESV><word seq="1">And<GreekSeq>1</GreekSeq></word><word seq="2">he entered<GreekSeq>2</GreekSeq></word><word seq="3">the<GreekSeq>4</GreekSeq></word><word seq="4">temple<GreekSeq>5</GreekSeq></word><word seq="5">and</word><word seq="6">began<GreekSeq>6</GreekSeq></word><word seq="7">to drive out<GreekSeq>7</GreekSeq></word><word seq="8">those<GreekSeq>8</GreekSeq></word><word seq="9">who sold,<GreekSeq>9</GreekSeq></word></ESV></verse>
<verse number="46"><ESV><word seq="1">saying<GreekSeq>1</GreekSeq></word><word seq="2">to them,<GreekSeq>2</GreekSeq></word><word seq="3">“It is written,<GreekSeq>3</GreekSeq></word><word seq="4">‘My<GreekSeq>8</GreekSeq></word><word seq="5">house<GreekSeq>7</GreekSeq></word><word seq="6">shall be<GreekSeq>5</GreekSeq></word><word seq="7">a house<GreekSeq>9</GreekSeq></word><word seq="8">of prayer,’<GreekSeq>10</GreekSeq></word><word seq="9">but<GreekSeq>12</GreekSeq></word><word seq="10">you<GreekSeq>11</GreekSeq></word><word seq="11">have made<GreekSeq>14</GreekSeq></word><word seq="12">it<GreekSeq>13</GreekSeq></word><word seq="13">a den<GreekSeq>15</GreekSeq></word><word seq="14">of robbers.”<GreekSeq>16</GreekSeq></word></ESV></verse>
<verse number="47"><ESV><word seq="1">And<GreekSeq>1</GreekSeq></word><word seq="2">he was<GreekSeq>2</GreekSeq></word><word seq="3">teaching<GreekSeq>3</GreekSeq></word><word seq="4">daily<GreekSeq>5</GreekSeq><GreekSeq>6</GreekSeq></word><word seq="5">in<GreekSeq>7</GreekSeq></word><word seq="6">the<GreekSeq>8</GreekSeq></word><word seq="7">temple.<GreekSeq>9</GreekSeq></word><word seq="8">The<GreekSeq>10</GreekSeq></word><word seq="9">chief priests<GreekSeq>12</GreekSeq></word><word seq="10">and<GreekSeq>13</GreekSeq></word><word seq="11">the<GreekSeq>14</GreekSeq></word><word seq="12">scribes<GreekSeq>15</GreekSeq></word><word seq="13">and<GreekSeq>19</GreekSeq></word><word seq="14">the<GreekSeq>20</GreekSeq></word><word seq="15">principal men<GreekSeq>21</GreekSeq></word><word seq="16">of the<GreekSeq>22</GreekSeq></word><word seq="17">people<GreekSeq>23</GreekSeq></word><word seq="18">were seeking<GreekSeq>16</GreekSeq></word><word seq="19">to destroy<GreekSeq>18</GreekSeq></word><word seq="20">him,<GreekSeq>17</GreekSeq></word></ESV></verse>
<verse number="48"><ESV><word seq="1">but<GreekSeq>1</GreekSeq></word><word seq="2">they did<GreekSeq>3</GreekSeq></word><word seq="3">not<GreekSeq>2</GreekSeq></word><word seq="4">find<GreekSeq>3</GreekSeq></word><word seq="5">anything<GreekSeq>5</GreekSeq></word><word seq="6">they could do,<GreekSeq>6</GreekSeq></word><word seq="7">for<GreekSeq>9</GreekSeq></word><word seq="8">all<GreekSeq>10</GreekSeq></word><word seq="9">the<GreekSeq>7</GreekSeq></word><word seq="10">people<GreekSeq>8</GreekSeq></word><word seq="11">were hanging on<GreekSeq>11</GreekSeq></word><word seq="12">his<GreekSeq>12</GreekSeq></word><word seq="13">[words].<GreekSeq>13</GreekSeq></word></ESV></verse></chapter></book>