<?xml version="1.0" encoding="UTF-8" standalone="no"?><book><chapter number="18">'<verse number="1"><ESV><word seq="1">And<GreekSeq>2</GreekSeq></word><word seq="2">he told<GreekSeq>1</GreekSeq></word><word seq="3">them<GreekSeq>4</GreekSeq></word><word seq="4">a parable<GreekSeq>3</GreekSeq></word><word seq="5">to the effect that<GreekSeq>5</GreekSeq><GreekSeq>6</GreekSeq></word><word seq="6">they<GreekSeq>10</GreekSeq></word><word seq="7">ought<GreekSeq>7</GreekSeq></word><word seq="8">always<GreekSeq>8</GreekSeq></word><word seq="9">to pray<GreekSeq>9</GreekSeq></word><word seq="10">and<GreekSeq>11</GreekSeq></word><word seq="11">not<GreekSeq>12</GreekSeq></word><word seq="12">lose heart.<GreekSeq>13</GreekSeq></word></ESV></verse>
<verse number="2"><ESV><word seq="1">He said,<GreekSeq>1</GreekSeq></word><word seq="2">“In<GreekSeq>5</GreekSeq></word><word seq="3">a certain<GreekSeq>6</GreekSeq></word><word seq="4">city<GreekSeq>7</GreekSeq></word><word seq="5">there was<GreekSeq>4</GreekSeq></word><word seq="6">a<GreekSeq>3</GreekSeq></word><word seq="7">judge<GreekSeq>2</GreekSeq></word><word seq="8">who<GreekSeq>11</GreekSeq></word><word seq="9">neither<GreekSeq>10</GreekSeq></word><word seq="10">feared<GreekSeq>11</GreekSeq></word><word seq="11">God<GreekSeq>9</GreekSeq></word><word seq="12">nor<GreekSeq>12</GreekSeq><GreekSeq>14</GreekSeq></word><word seq="13">respected<GreekSeq>15</GreekSeq></word><word seq="14">man.<GreekSeq>13</GreekSeq></word></ESV></verse>
<verse number="3"><ESV><word seq="1">And<GreekSeq>2</GreekSeq></word><word seq="2">there was<GreekSeq>3</GreekSeq></word><word seq="3">a widow<GreekSeq>1</GreekSeq></word><word seq="4">in<GreekSeq>4</GreekSeq></word><word seq="5">that<GreekSeq>7</GreekSeq></word><word seq="6">city<GreekSeq>6</GreekSeq></word><word seq="7">who kept coming<GreekSeq>9</GreekSeq></word><word seq="8">to<GreekSeq>10</GreekSeq></word><word seq="9">him<GreekSeq>11</GreekSeq></word><word seq="10">and<GreekSeq>8</GreekSeq></word><word seq="11">saying,<GreekSeq>12</GreekSeq></word><word seq="12">‘Give<GreekSeq>13</GreekSeq></word><word seq="13">me<GreekSeq>14</GreekSeq></word><word seq="14">justice<GreekSeq>13</GreekSeq></word><word seq="15">against<GreekSeq>15</GreekSeq></word><word seq="16">my<GreekSeq>18</GreekSeq></word><word seq="17">adversary.’<GreekSeq>17</GreekSeq></word></ESV></verse>
<verse number="4"><ESV><word seq="1">For<GreekSeq>4</GreekSeq></word><word seq="2">a while<GreekSeq>5</GreekSeq></word><word seq="3">he refused,<GreekSeq>2</GreekSeq><GreekSeq>3</GreekSeq></word><word seq="4">but<GreekSeq>7</GreekSeq></word><word seq="5">afterward<GreekSeq>6</GreekSeq><GreekSeq>8</GreekSeq></word><word seq="6">he said<GreekSeq>9</GreekSeq></word><word seq="7">to<GreekSeq>10</GreekSeq></word><word seq="8">himself,<GreekSeq>11</GreekSeq></word><word seq="9" note="εἰ καὶ Strong Code (1499)">‘Though<GreekSeq>12</GreekSeq><GreekSeq>13</GreekSeq></word><word seq="10">I<GreekSeq>17</GreekSeq></word><word seq="11">neither<GreekSeq>16</GreekSeq></word><word seq="12">fear<GreekSeq>17</GreekSeq></word><word seq="13">God<GreekSeq>15</GreekSeq></word><word seq="14">nor<GreekSeq>18</GreekSeq></word><word seq="15">respect<GreekSeq>20</GreekSeq></word><word seq="16">man,<GreekSeq>19</GreekSeq></word></ESV></verse>
<verse number="5"><ESV><word seq="1">yet<GreekSeq>2</GreekSeq></word><word seq="2">because<GreekSeq>1</GreekSeq></word><word seq="3">this<GreekSeq>9</GreekSeq></word><word seq="4">widow<GreekSeq>8</GreekSeq></word><word seq="5">keeps bothering<GreekSeq>4</GreekSeq><GreekSeq>6</GreekSeq></word><word seq="6">me,<GreekSeq>5</GreekSeq></word><word seq="7">I will give<GreekSeq>10</GreekSeq></word><word seq="8">her<GreekSeq>11</GreekSeq></word><word seq="9">justice,<GreekSeq>10</GreekSeq></word><word seq="10">so that<GreekSeq>12</GreekSeq></word><word seq="11">she will<GreekSeq>17</GreekSeq></word><word seq="12">not<GreekSeq>13</GreekSeq></word><word seq="13">beat<GreekSeq>17</GreekSeq></word><word seq="14">me<GreekSeq>18</GreekSeq></word><word seq="15">down<GreekSeq>17</GreekSeq></word><word seq="16">by [her] continual<GreekSeq>14</GreekSeq><GreekSeq>15</GreekSeq></word><word seq="17">coming.’”<GreekSeq>16</GreekSeq></word></ESV></verse>
<verse number="6"><ESV><word seq="1">And<GreekSeq>2</GreekSeq></word><word seq="2">the<GreekSeq>3</GreekSeq></word><word seq="3">Lord<GreekSeq>4</GreekSeq></word><word seq="4">said,<GreekSeq>1</GreekSeq></word><word seq="5">“Hear<GreekSeq>5</GreekSeq></word><word seq="6">what<GreekSeq>6</GreekSeq></word><word seq="7">the<GreekSeq>7</GreekSeq></word><word seq="8">unrighteous<GreekSeq>10</GreekSeq></word><word seq="9">judge<GreekSeq>8</GreekSeq></word><word seq="10">says.<GreekSeq>11</GreekSeq></word></ESV></verse>
<verse number="7"><ESV><word seq="1">And<GreekSeq>2</GreekSeq></word><word seq="2">will</word><word seq="3" note="οὐ μή Strong Code (3364)">not<GreekSeq>4</GreekSeq><GreekSeq>5</GreekSeq></word><word seq="4">God<GreekSeq>3</GreekSeq></word><word seq="5">give<GreekSeq>6</GreekSeq></word><word seq="6">justice<GreekSeq>8</GreekSeq></word><word seq="7">to</word><word seq="8">his<GreekSeq>11</GreekSeq></word><word seq="9">elect,<GreekSeq>10</GreekSeq></word><word seq="10">who cry<GreekSeq>13</GreekSeq></word><word seq="11">to him<GreekSeq>14</GreekSeq></word><word seq="12">day<GreekSeq>15</GreekSeq></word><word seq="13">and<GreekSeq>16</GreekSeq></word><word seq="14">night?,<GreekSeq>17</GreekSeq></word><word seq="15">Will</word><word seq="16">he [delay] long<GreekSeq>19</GreekSeq></word><word seq="17">over<GreekSeq>20</GreekSeq></word><word seq="18">them?<GreekSeq>21</GreekSeq></word></ESV></verse>
<verse number="8"><ESV><word seq="1">I tell<GreekSeq>1</GreekSeq></word><word seq="2">you,<GreekSeq>2</GreekSeq></word><word seq="3">he will give<GreekSeq>4</GreekSeq></word><word seq="4">justice<GreekSeq>6</GreekSeq></word><word seq="5">to</word><word seq="6">them<GreekSeq>7</GreekSeq></word><word seq="7">speedily.<GreekSeq>8</GreekSeq><GreekSeq>9</GreekSeq></word><word seq="8">Nevertheless,<GreekSeq>10</GreekSeq></word><word seq="9">when<GreekSeq>15</GreekSeq></word><word seq="10">the<GreekSeq>11</GreekSeq></word><word seq="11">Son<GreekSeq>12</GreekSeq></word><word seq="12">of Man<GreekSeq>14</GreekSeq></word><word seq="13">comes,<GreekSeq>15</GreekSeq></word><word seq="14">will he find<GreekSeq>16</GreekSeq><GreekSeq>17</GreekSeq></word><word seq="15">faith<GreekSeq>19</GreekSeq></word><word seq="16">on<GreekSeq>20</GreekSeq></word><word seq="17">earth?”<GreekSeq>22</GreekSeq></word></ESV></verse>
<verse number="9"><ESV><word seq="1">He<GreekSeq>1</GreekSeq></word><word seq="2">also<GreekSeq>3</GreekSeq></word><word seq="3">told<GreekSeq>1</GreekSeq></word><word seq="4">this<GreekSeq>19</GreekSeq></word><word seq="5">parable<GreekSeq>18</GreekSeq></word><word seq="6">to<GreekSeq>4</GreekSeq></word><word seq="7">some<GreekSeq>5</GreekSeq></word><word seq="8">who trusted<GreekSeq>7</GreekSeq></word><word seq="9">in<GreekSeq>8</GreekSeq></word><word seq="10">themselves<GreekSeq>9</GreekSeq></word><word seq="11">that<GreekSeq>10</GreekSeq></word><word seq="12">they were<GreekSeq>11</GreekSeq></word><word seq="13">righteous,<GreekSeq>12</GreekSeq></word><word seq="14">and<GreekSeq>13</GreekSeq></word><word seq="15">treated<GreekSeq>14</GreekSeq></word><word seq="16">others<GreekSeq>15</GreekSeq><GreekSeq>16</GreekSeq></word><word seq="17">with contempt:<GreekSeq>14</GreekSeq></word></ESV></verse>
<verse number="10"><ESV><word seq="1">“Two<GreekSeq>2</GreekSeq></word><word seq="2">men<GreekSeq>1</GreekSeq></word><word seq="3">went up<GreekSeq>3</GreekSeq></word><word seq="4">into<GreekSeq>4</GreekSeq></word><word seq="5">the<GreekSeq>5</GreekSeq></word><word seq="6">temple<GreekSeq>6</GreekSeq></word><word seq="7">to pray,<GreekSeq>7</GreekSeq></word><word seq="8">one<GreekSeq>9</GreekSeq></word><word seq="9">a Pharisee<GreekSeq>10</GreekSeq></word><word seq="10">and<GreekSeq>11</GreekSeq></word><word seq="11">the<GreekSeq>12</GreekSeq></word><word seq="12">other<GreekSeq>13</GreekSeq></word><word seq="13">a tax collector.<GreekSeq>14</GreekSeq></word></ESV></verse>
<verse number="11"><ESV><word seq="1">The<GreekSeq>1</GreekSeq></word><word seq="2">Pharisee,<GreekSeq>2</GreekSeq></word><word seq="3">standing<GreekSeq>3</GreekSeq></word><word seq="4">by<GreekSeq>4</GreekSeq></word><word seq="5">himself,<GreekSeq>5</GreekSeq></word><word seq="6">prayed<GreekSeq>7</GreekSeq></word><word seq="7">thus:<GreekSeq>6</GreekSeq></word><word seq="8">‘God,<GreekSeq>9</GreekSeq></word><word seq="9">I thank<GreekSeq>10</GreekSeq></word><word seq="10">you<GreekSeq>11</GreekSeq></word><word seq="11">that<GreekSeq>12</GreekSeq></word><word seq="12">I am<GreekSeq>14</GreekSeq></word><word seq="13">not<GreekSeq>13</GreekSeq></word><word seq="14">like<GreekSeq>15</GreekSeq></word><word seq="15">other<GreekSeq>17</GreekSeq></word><word seq="16">men,<GreekSeq>19</GreekSeq></word><word seq="17">extortioners,<GreekSeq>20</GreekSeq></word><word seq="18">unjust,<GreekSeq>21</GreekSeq></word><word seq="19">adulterers,<GreekSeq>22</GreekSeq></word><word seq="20">or<GreekSeq>23</GreekSeq></word><word seq="21">even<GreekSeq>24</GreekSeq></word><word seq="22">like<GreekSeq>25</GreekSeq></word><word seq="23">this<GreekSeq>26</GreekSeq></word><word seq="24">tax collector.<GreekSeq>28</GreekSeq></word></ESV></verse>
<verse number="12"><ESV><word seq="1">I fast<GreekSeq>1</GreekSeq></word><word seq="2">twice<GreekSeq>2</GreekSeq></word><word seq="3">a<GreekSeq>3</GreekSeq></word><word seq="4">week;<GreekSeq>4</GreekSeq></word><word seq="5">I give tithes<GreekSeq>5</GreekSeq></word><word seq="6">of all<GreekSeq>6</GreekSeq></word><word seq="7">that<GreekSeq>7</GreekSeq></word><word seq="8">I get.’<GreekSeq>8</GreekSeq></word></ESV></verse>
<verse number="13"><ESV><word seq="1">But<GreekSeq>2</GreekSeq></word><word seq="2">the<GreekSeq>1</GreekSeq></word><word seq="3">tax collector,<GreekSeq>3</GreekSeq></word><word seq="4">standing<GreekSeq>5</GreekSeq></word><word seq="5">far off,<GreekSeq>4</GreekSeq></word><word seq="6">would<GreekSeq>7</GreekSeq></word><word seq="7">not<GreekSeq>6</GreekSeq></word><word seq="8">even<GreekSeq>8</GreekSeq></word><word seq="9">lift up<GreekSeq>11</GreekSeq></word><word seq="10">his</word><word seq="11">eyes<GreekSeq>10</GreekSeq></word><word seq="12">to<GreekSeq>12</GreekSeq></word><word seq="13">heaven,<GreekSeq>14</GreekSeq></word><word seq="14">but<GreekSeq>15</GreekSeq></word><word seq="15">beat<GreekSeq>16</GreekSeq></word><word seq="16">his<GreekSeq>19</GreekSeq></word><word seq="17">breast,<GreekSeq>18</GreekSeq></word><word seq="18">saying,<GreekSeq>20</GreekSeq></word><word seq="19">‘God,<GreekSeq>22</GreekSeq></word><word seq="20">be merciful<GreekSeq>23</GreekSeq></word><word seq="21">to me,<GreekSeq>24</GreekSeq></word><word seq="22">a<GreekSeq>25</GreekSeq></word><word seq="23">sinner!’<GreekSeq>26</GreekSeq></word></ESV></verse>
<verse number="14"><ESV><word seq="1">I tell<GreekSeq>1</GreekSeq></word><word seq="2">you,<GreekSeq>2</GreekSeq></word><word seq="3">this man<GreekSeq>4</GreekSeq></word><word seq="4">went down<GreekSeq>3</GreekSeq></word><word seq="5">to<GreekSeq>6</GreekSeq></word><word seq="6">his<GreekSeq>9</GreekSeq></word><word seq="7">house<GreekSeq>8</GreekSeq></word><word seq="8">justified,<GreekSeq>5</GreekSeq></word><word seq="9">rather than<GreekSeq>10</GreekSeq></word><word seq="10">the other.<GreekSeq>11</GreekSeq></word><word seq="11">For<GreekSeq>12</GreekSeq></word><word seq="12">everyone<GreekSeq>13</GreekSeq><GreekSeq>14</GreekSeq></word><word seq="13">who exalts<GreekSeq>15</GreekSeq></word><word seq="14">himself<GreekSeq>16</GreekSeq></word><word seq="15">will be humbled,<GreekSeq>17</GreekSeq></word><word seq="16">but<GreekSeq>19</GreekSeq></word><word seq="17">the one<GreekSeq>18</GreekSeq></word><word seq="18">who humbles<GreekSeq>20</GreekSeq></word><word seq="19">himself<GreekSeq>21</GreekSeq></word><word seq="20">will be exalted.”<GreekSeq>22</GreekSeq></word></ESV></verse>
<verse number="15"><ESV><word seq="1">Now<GreekSeq>2</GreekSeq></word><word seq="2">they were bringing<GreekSeq>1</GreekSeq></word><word seq="3">even<GreekSeq>4</GreekSeq></word><word seq="4">infants<GreekSeq>6</GreekSeq></word><word seq="5">to him<GreekSeq>3</GreekSeq></word><word seq="6">that<GreekSeq>7</GreekSeq></word><word seq="7">he might touch<GreekSeq>9</GreekSeq></word><word seq="8">them.<GreekSeq>8</GreekSeq></word><word seq="9">And<GreekSeq>11</GreekSeq></word><word seq="10">when<GreekSeq>10</GreekSeq></word><word seq="11">the<GreekSeq>12</GreekSeq></word><word seq="12">disciples<GreekSeq>13</GreekSeq></word><word seq="13">saw<GreekSeq>10</GreekSeq></word><word seq="14">it,</word><word seq="15">they rebuked<GreekSeq>14</GreekSeq></word><word seq="16">them.<GreekSeq>15</GreekSeq></word></ESV></verse>
<verse number="16"><ESV><word seq="1">But<GreekSeq>2</GreekSeq></word><word seq="2">Jesus<GreekSeq>3</GreekSeq></word><word seq="3">called<GreekSeq>4</GreekSeq></word><word seq="4">them<GreekSeq>5</GreekSeq></word><word seq="5">to him,<GreekSeq>4</GreekSeq></word><word seq="6">saying,<GreekSeq>6</GreekSeq></word><word seq="7">“Let<GreekSeq>7</GreekSeq></word><word seq="8">the<GreekSeq>8</GreekSeq></word><word seq="9">children<GreekSeq>9</GreekSeq></word><word seq="10">come<GreekSeq>10</GreekSeq></word><word seq="11">to<GreekSeq>11</GreekSeq></word><word seq="12">me,<GreekSeq>12</GreekSeq></word><word seq="13">and<GreekSeq>13</GreekSeq></word><word seq="14">do</word><word seq="15">not<GreekSeq>14</GreekSeq></word><word seq="16">hinder<GreekSeq>15</GreekSeq></word><word seq="17">them,<GreekSeq>16</GreekSeq></word><word seq="18">for<GreekSeq>18</GreekSeq></word><word seq="19">to such belongs<GreekSeq>19</GreekSeq><GreekSeq>20</GreekSeq></word><word seq="20">the<GreekSeq>21</GreekSeq></word><word seq="21">kingdom<GreekSeq>22</GreekSeq></word><word seq="22">of God.<GreekSeq>24</GreekSeq></word></ESV></verse>
<verse number="17"><ESV><word seq="1">Truly,<GreekSeq>1</GreekSeq></word><word seq="2">I say<GreekSeq>2</GreekSeq></word><word seq="3">to you,<GreekSeq>3</GreekSeq></word><word seq="4">whoever<GreekSeq>4</GreekSeq><GreekSeq>5</GreekSeq></word><word seq="5">does</word><word seq="6">not<GreekSeq>6</GreekSeq></word><word seq="7">receive<GreekSeq>7</GreekSeq></word><word seq="8">the<GreekSeq>8</GreekSeq></word><word seq="9">kingdom<GreekSeq>9</GreekSeq></word><word seq="10">of God<GreekSeq>11</GreekSeq></word><word seq="11">like<GreekSeq>12</GreekSeq></word><word seq="12">a child<GreekSeq>13</GreekSeq></word><word seq="13">shall<GreekSeq>16</GreekSeq></word><word seq="14" note="οὐ μή Strong Code (3364)">not<GreekSeq>14</GreekSeq><GreekSeq>15</GreekSeq></word><word seq="15">enter<GreekSeq>16</GreekSeq></word><word seq="16">it.”<GreekSeq>18</GreekSeq></word></ESV></verse>
<verse number="18"><ESV><word seq="1">And<GreekSeq>1</GreekSeq></word><word seq="2">a<GreekSeq>3</GreekSeq></word><word seq="3">ruler<GreekSeq>5</GreekSeq></word><word seq="4">asked<GreekSeq>2</GreekSeq></word><word seq="5">him,<GreekSeq>4</GreekSeq></word><word seq="6">“Good<GreekSeq>8</GreekSeq></word><word seq="7">Teacher,<GreekSeq>7</GreekSeq></word><word seq="8">what<GreekSeq>9</GreekSeq></word><word seq="9">must I<GreekSeq>13</GreekSeq></word><word seq="10">do<GreekSeq>10</GreekSeq></word><word seq="11">to</word><word seq="12">inherit<GreekSeq>13</GreekSeq></word><word seq="13">eternal<GreekSeq>12</GreekSeq></word><word seq="14">life?”<GreekSeq>11</GreekSeq></word></ESV></verse>
<verse number="19"><ESV><word seq="1">And<GreekSeq>2</GreekSeq></word><word seq="2">Jesus<GreekSeq>5</GreekSeq></word><word seq="3">said<GreekSeq>1</GreekSeq></word><word seq="4">to him,<GreekSeq>3</GreekSeq></word><word seq="5">“Why<GreekSeq>6</GreekSeq></word><word seq="6">do</word><word seq="7">you call<GreekSeq>8</GreekSeq></word><word seq="8">me<GreekSeq>7</GreekSeq></word><word seq="9">good?<GreekSeq>9</GreekSeq></word><word seq="10">No one<GreekSeq>10</GreekSeq></word><word seq="11">is</word><word seq="12">good<GreekSeq>11</GreekSeq></word><word seq="13" note="εἰ μή Strong Code (1508)">except<GreekSeq>12</GreekSeq><GreekSeq>13</GreekSeq></word><word seq="14">God<GreekSeq>16</GreekSeq></word><word seq="15">alone.<GreekSeq>14</GreekSeq></word></ESV></verse>
<verse number="20"><ESV><word seq="1">You know<GreekSeq>3</GreekSeq></word><word seq="2">the<GreekSeq>1</GreekSeq></word><word seq="3">commandments:<GreekSeq>2</GreekSeq></word><word seq="4">‘Do</word><word seq="5">not<GreekSeq>4</GreekSeq></word><word seq="6">commit adultery,<GreekSeq>5</GreekSeq></word><word seq="7">Do</word><word seq="8">not<GreekSeq>6</GreekSeq></word><word seq="9">murder,<GreekSeq>7</GreekSeq></word><word seq="10">Do</word><word seq="11">not<GreekSeq>8</GreekSeq></word><word seq="12">steal,<GreekSeq>9</GreekSeq></word><word seq="13">Do</word><word seq="14">not<GreekSeq>10</GreekSeq></word><word seq="15">bear false witness,<GreekSeq>11</GreekSeq></word><word seq="16">Honor<GreekSeq>12</GreekSeq></word><word seq="17">your<GreekSeq>15</GreekSeq></word><word seq="18">father<GreekSeq>14</GreekSeq></word><word seq="19">and<GreekSeq>16</GreekSeq></word><word seq="20">mother.’”<GreekSeq>18</GreekSeq></word></ESV></verse>
<verse number="21"><ESV><word seq="1">And<GreekSeq>2</GreekSeq></word><word seq="2">he<GreekSeq>1</GreekSeq></word><word seq="3">said,<GreekSeq>3</GreekSeq></word><word seq="4">“All<GreekSeq>5</GreekSeq></word><word seq="5">these<GreekSeq>4</GreekSeq></word><word seq="6">I have kept<GreekSeq>6</GreekSeq></word><word seq="7">from<GreekSeq>7</GreekSeq></word><word seq="8" note="Base of different Greek: μου(3450)">my</word><word seq="9">youth.”<GreekSeq>8</GreekSeq></word></ESV></verse>
<verse number="22"><ESV><word seq="1">When<GreekSeq>1</GreekSeq></word><word seq="2">Jesus<GreekSeq>4</GreekSeq></word><word seq="3">heard<GreekSeq>1</GreekSeq></word><word seq="4" note="Base of different Greek: ταῦτα(5023)">this,</word><word seq="5">he said<GreekSeq>5</GreekSeq></word><word seq="6">to him,<GreekSeq>6</GreekSeq></word><word seq="7">“One thing<GreekSeq>8</GreekSeq></word><word seq="8">you<GreekSeq>9</GreekSeq></word><word seq="9">still<GreekSeq>7</GreekSeq></word><word seq="10">lack.<GreekSeq>10</GreekSeq></word><word seq="11">Sell<GreekSeq>14</GreekSeq></word><word seq="12">all<GreekSeq>11</GreekSeq></word><word seq="13">that<GreekSeq>12</GreekSeq></word><word seq="14">you have<GreekSeq>13</GreekSeq></word><word seq="15">and<GreekSeq>15</GreekSeq></word><word seq="16">distribute<GreekSeq>16</GreekSeq></word><word seq="17">to the poor,<GreekSeq>17</GreekSeq></word><word seq="18">and<GreekSeq>18</GreekSeq></word><word seq="19">you will have<GreekSeq>19</GreekSeq></word><word seq="20">treasure<GreekSeq>20</GreekSeq></word><word seq="21">in<GreekSeq>21</GreekSeq></word><word seq="22">heaven;<GreekSeq>23</GreekSeq></word><word seq="23">and<GreekSeq>24</GreekSeq></word><word seq="24">come,<GreekSeq>25</GreekSeq></word><word seq="25">follow<GreekSeq>26</GreekSeq></word><word seq="26">me.”<GreekSeq>27</GreekSeq></word></ESV></verse>
<verse number="23"><ESV><word seq="1">But<GreekSeq>2</GreekSeq></word><word seq="2">when<GreekSeq>3</GreekSeq></word><word seq="3">he<GreekSeq>1</GreekSeq></word><word seq="4">heard<GreekSeq>3</GreekSeq></word><word seq="5">these things,<GreekSeq>4</GreekSeq></word><word seq="6">he became<GreekSeq>6</GreekSeq></word><word seq="7">very sad,<GreekSeq>5</GreekSeq></word><word seq="8">for<GreekSeq>8</GreekSeq></word><word seq="9">he was<GreekSeq>7</GreekSeq></word><word seq="10">extremely<GreekSeq>10</GreekSeq></word><word seq="11">rich.<GreekSeq>9</GreekSeq></word></ESV></verse>
<verse number="24"><ESV><word seq="1">Jesus,<GreekSeq>5</GreekSeq></word><word seq="2">seeing<GreekSeq>1</GreekSeq></word><word seq="3">that<GreekSeq>7</GreekSeq></word><word seq="4">he<GreekSeq>3</GreekSeq></word><word seq="5">had become<GreekSeq>7</GreekSeq></word><word seq="6">sad,<GreekSeq>6</GreekSeq></word><word seq="7">said,<GreekSeq>8</GreekSeq></word><word seq="8">“How<GreekSeq>9</GreekSeq></word><word seq="9">difficult<GreekSeq>10</GreekSeq></word><word seq="10">it is</word><word seq="11">for those<GreekSeq>11</GreekSeq></word><word seq="12">who have<GreekSeq>14</GreekSeq></word><word seq="13">wealth<GreekSeq>13</GreekSeq></word><word seq="14">to enter<GreekSeq>20</GreekSeq></word><word seq="15">the<GreekSeq>16</GreekSeq></word><word seq="16">kingdom<GreekSeq>17</GreekSeq></word><word seq="17">of God!<GreekSeq>19</GreekSeq></word></ESV></verse>
<verse number="25"><ESV><word seq="1">For<GreekSeq>2</GreekSeq></word><word seq="2">it is<GreekSeq>3</GreekSeq></word><word seq="3">easier<GreekSeq>1</GreekSeq></word><word seq="4">for a camel<GreekSeq>4</GreekSeq></word><word seq="5">to go<GreekSeq>8</GreekSeq></word><word seq="6">through<GreekSeq>5</GreekSeq></word><word seq="7">the eye of<GreekSeq>6</GreekSeq></word><word seq="8">a needle<GreekSeq>7</GreekSeq></word><word seq="9">than<GreekSeq>9</GreekSeq></word><word seq="10">for a rich person<GreekSeq>10</GreekSeq></word><word seq="11">to enter<GreekSeq>16</GreekSeq></word><word seq="12">the<GreekSeq>12</GreekSeq></word><word seq="13">kingdom<GreekSeq>13</GreekSeq></word><word seq="14">of God.”<GreekSeq>15</GreekSeq></word></ESV></verse>
<verse number="26"><ESV><word seq="1">Those<GreekSeq>3</GreekSeq></word><word seq="2">who heard<GreekSeq>4</GreekSeq></word><word seq="3">it</word><word seq="4">said,<GreekSeq>1</GreekSeq></word><word seq="5">“Then<GreekSeq>5</GreekSeq></word><word seq="6">who<GreekSeq>6</GreekSeq></word><word seq="7">can<GreekSeq>7</GreekSeq></word><word seq="8">be saved?”<GreekSeq>8</GreekSeq></word></ESV></verse>
<verse number="27"><ESV><word seq="1">But<GreekSeq>2</GreekSeq></word><word seq="2">he<GreekSeq>1</GreekSeq></word><word seq="3">said,<GreekSeq>3</GreekSeq></word><word seq="4">“What<GreekSeq>4</GreekSeq></word><word seq="5">is</word><word seq="6">impossible<GreekSeq>5</GreekSeq></word><word seq="7">with<GreekSeq>6</GreekSeq></word><word seq="8">man<GreekSeq>7</GreekSeq></word><word seq="9">is<GreekSeq>12</GreekSeq></word><word seq="10">possible<GreekSeq>8</GreekSeq></word><word seq="11">with<GreekSeq>9</GreekSeq></word><word seq="12">God.”<GreekSeq>11</GreekSeq></word></ESV></verse>
<verse number="28"><ESV><word seq="1">And<GreekSeq>2</GreekSeq></word><word seq="2">Peter<GreekSeq>4</GreekSeq></word><word seq="3">said,<GreekSeq>1</GreekSeq></word><word seq="4">“See,<GreekSeq>5</GreekSeq></word><word seq="5">we<GreekSeq>6</GreekSeq></word><word seq="6">have left<GreekSeq>7</GreekSeq></word><word seq="7">our [homes]<GreekSeq>8</GreekSeq><GreekSeq>9</GreekSeq></word><word seq="8">and</word><word seq="9">followed<GreekSeq>10</GreekSeq></word><word seq="10">you.”<GreekSeq>11</GreekSeq></word></ESV></verse>
<verse number="29"><ESV><word seq="1">And<GreekSeq>2</GreekSeq></word><word seq="2">he<GreekSeq>1</GreekSeq></word><word seq="3">said<GreekSeq>3</GreekSeq></word><word seq="4">to them,<GreekSeq>4</GreekSeq></word><word seq="5">“Truly,<GreekSeq>5</GreekSeq></word><word seq="6">I say<GreekSeq>6</GreekSeq></word><word seq="7">to you,<GreekSeq>7</GreekSeq></word><word seq="8">there is<GreekSeq>10</GreekSeq></word><word seq="9">no one<GreekSeq>9</GreekSeq></word><word seq="10">who<GreekSeq>11</GreekSeq></word><word seq="11">has left<GreekSeq>12</GreekSeq></word><word seq="12">house<GreekSeq>13</GreekSeq></word><word seq="13">or<GreekSeq>14</GreekSeq></word><word seq="14">wife<GreekSeq>15</GreekSeq></word><word seq="15">or<GreekSeq>16</GreekSeq></word><word seq="16">brothers<GreekSeq>17</GreekSeq></word><word seq="17">or<GreekSeq>18</GreekSeq></word><word seq="18">parents<GreekSeq>19</GreekSeq></word><word seq="19">or<GreekSeq>20</GreekSeq></word><word seq="20">children,<GreekSeq>21</GreekSeq></word><word seq="21">for the sake<GreekSeq>22</GreekSeq></word><word seq="22">of the<GreekSeq>23</GreekSeq></word><word seq="23">kingdom<GreekSeq>24</GreekSeq></word><word seq="24">of God,<GreekSeq>26</GreekSeq></word></ESV></verse>
<verse number="30"><ESV><word seq="1">who<GreekSeq>1</GreekSeq></word><word seq="2">will<GreekSeq>4</GreekSeq></word><word seq="3">not<GreekSeq>2</GreekSeq><GreekSeq>3</GreekSeq></word><word seq="4">receive<GreekSeq>4</GreekSeq></word><word seq="5">many times more<GreekSeq>5</GreekSeq></word><word seq="6">in<GreekSeq>6</GreekSeq></word><word seq="7">this<GreekSeq>9</GreekSeq></word><word seq="8">time,<GreekSeq>8</GreekSeq></word><word seq="9">and<GreekSeq>10</GreekSeq></word><word seq="10">in<GreekSeq>11</GreekSeq></word><word seq="11">the<GreekSeq>12</GreekSeq></word><word seq="12">age<GreekSeq>13</GreekSeq></word><word seq="13">to come<GreekSeq>15</GreekSeq></word><word seq="14">eternal<GreekSeq>17</GreekSeq></word><word seq="15">life.”<GreekSeq>16</GreekSeq></word></ESV></verse>
<verse number="31"><ESV><word seq="1">And<GreekSeq>2</GreekSeq></word><word seq="2">taking<GreekSeq>1</GreekSeq></word><word seq="3">the<GreekSeq>3</GreekSeq></word><word seq="4">twelve,<GreekSeq>4</GreekSeq></word><word seq="5">he said<GreekSeq>5</GreekSeq></word><word seq="6">to<GreekSeq>6</GreekSeq></word><word seq="7">them,<GreekSeq>7</GreekSeq></word><word seq="8">“See,<GreekSeq>8</GreekSeq></word><word seq="9">we are going up<GreekSeq>9</GreekSeq></word><word seq="10">to<GreekSeq>10</GreekSeq></word><word seq="11">Jerusalem,<GreekSeq>11</GreekSeq></word><word seq="12">and<GreekSeq>12</GreekSeq></word><word seq="13">everything<GreekSeq>14</GreekSeq><GreekSeq>15</GreekSeq></word><word seq="14">that is written<GreekSeq>16</GreekSeq></word><word seq="15">[about] the<GreekSeq>20</GreekSeq></word><word seq="16">Son<GreekSeq>21</GreekSeq></word><word seq="17">of Man<GreekSeq>23</GreekSeq></word><word seq="18">by<GreekSeq>17</GreekSeq></word><word seq="19">the<GreekSeq>18</GreekSeq></word><word seq="20">prophets<GreekSeq>19</GreekSeq></word><word seq="21">will be accomplished.<GreekSeq>13</GreekSeq></word></ESV></verse>
<verse number="32"><ESV><word seq="1">For<GreekSeq>2</GreekSeq></word><word seq="2">he will be delivered over<GreekSeq>1</GreekSeq></word><word seq="3">to the<GreekSeq>3</GreekSeq></word><word seq="4">Gentiles<GreekSeq>4</GreekSeq></word><word seq="5">and<GreekSeq>5</GreekSeq></word><word seq="6">will be mocked<GreekSeq>6</GreekSeq></word><word seq="7">and<GreekSeq>7</GreekSeq></word><word seq="8">shamefully treated<GreekSeq>8</GreekSeq></word><word seq="9">and<GreekSeq>9</GreekSeq></word><word seq="10">spit upon.<GreekSeq>10</GreekSeq></word></ESV></verse>
<verse number="33"><ESV><word seq="1">And<GreekSeq>1</GreekSeq></word><word seq="2">after flogging<GreekSeq>2</GreekSeq></word><word seq="3">him,</word><word seq="4">they will kill<GreekSeq>3</GreekSeq></word><word seq="5">him,<GreekSeq>4</GreekSeq></word><word seq="6">and<GreekSeq>5</GreekSeq></word><word seq="7">on the<GreekSeq>6</GreekSeq></word><word seq="8">third<GreekSeq>9</GreekSeq></word><word seq="9">day<GreekSeq>7</GreekSeq></word><word seq="10">he will rise.”<GreekSeq>10</GreekSeq></word></ESV></verse>
<verse number="34"><ESV><word seq="1">But<GreekSeq>1</GreekSeq></word><word seq="2">they<GreekSeq>2</GreekSeq></word><word seq="3">understood<GreekSeq>5</GreekSeq></word><word seq="4">none<GreekSeq>3</GreekSeq></word><word seq="5">of these things.<GreekSeq>4</GreekSeq></word><word seq="6">This<GreekSeq>10</GreekSeq></word><word seq="7">saying<GreekSeq>9</GreekSeq></word><word seq="8">was<GreekSeq>7</GreekSeq></word><word seq="9">hidden<GreekSeq>11</GreekSeq></word><word seq="10">from<GreekSeq>12</GreekSeq></word><word seq="11">them,<GreekSeq>13</GreekSeq></word><word seq="12">and<GreekSeq>14</GreekSeq></word><word seq="13">they did<GreekSeq>16</GreekSeq></word><word seq="14">not<GreekSeq>15</GreekSeq></word><word seq="15">grasp<GreekSeq>16</GreekSeq></word><word seq="16">what was said.<GreekSeq>17</GreekSeq><GreekSeq>18</GreekSeq></word></ESV></verse>
<verse number="35"><ESV><word seq="1">As<GreekSeq>3</GreekSeq><GreekSeq>4</GreekSeq></word><word seq="2">he<GreekSeq>6</GreekSeq></word><word seq="3">drew near<GreekSeq>5</GreekSeq></word><word seq="4">to<GreekSeq>7</GreekSeq></word><word seq="5">Jericho,<GreekSeq>8</GreekSeq></word><word seq="6">a<GreekSeq>10</GreekSeq></word><word seq="7">blind man<GreekSeq>9</GreekSeq></word><word seq="8">was sitting<GreekSeq>11</GreekSeq></word><word seq="9">by<GreekSeq>12</GreekSeq></word><word seq="10">the<GreekSeq>13</GreekSeq></word><word seq="11">roadside<GreekSeq>14</GreekSeq></word><word seq="12">begging.<GreekSeq>15</GreekSeq></word></ESV></verse>
<verse number="36"><ESV><word seq="1">And<GreekSeq>2</GreekSeq></word><word seq="2">hearing<GreekSeq>1</GreekSeq></word><word seq="3">a crowd<GreekSeq>3</GreekSeq></word><word seq="4">going by,<GreekSeq>4</GreekSeq></word><word seq="5">he inquired<GreekSeq>5</GreekSeq></word><word seq="6">what<GreekSeq>6</GreekSeq></word><word seq="7">this<GreekSeq>8</GreekSeq></word><word seq="8">meant.<GreekSeq>7</GreekSeq></word></ESV></verse>
<verse number="37"><ESV><word seq="1">They told<GreekSeq>1</GreekSeq></word><word seq="2">him,<GreekSeq>3</GreekSeq></word><word seq="3">“Jesus<GreekSeq>5</GreekSeq></word><word seq="4">of</word><word seq="5">Nazareth<GreekSeq>7</GreekSeq></word><word seq="6">is passing by.”<GreekSeq>8</GreekSeq></word></ESV></verse>
<verse number="38"><ESV><word seq="1">And<GreekSeq>1</GreekSeq></word><word seq="2">he cried out,<GreekSeq>2</GreekSeq></word><word seq="3">“Jesus,<GreekSeq>4</GreekSeq></word><word seq="4">Son<GreekSeq>5</GreekSeq></word><word seq="5">of David,<GreekSeq>6</GreekSeq></word><word seq="6">have mercy on<GreekSeq>7</GreekSeq></word><word seq="7">me!”<GreekSeq>8</GreekSeq></word></ESV></verse>
<verse number="39"><ESV><word seq="1">And<GreekSeq>1</GreekSeq></word><word seq="2">those<GreekSeq>2</GreekSeq></word><word seq="3">who were in front<GreekSeq>3</GreekSeq></word><word seq="4">rebuked<GreekSeq>4</GreekSeq></word><word seq="5">him,<GreekSeq>5</GreekSeq></word><word seq="6">telling<GreekSeq>7</GreekSeq></word><word seq="7">him<GreekSeq>5</GreekSeq></word><word seq="8">to be silent.<GreekSeq>6</GreekSeq><GreekSeq>7</GreekSeq></word><word seq="9">But<GreekSeq>9</GreekSeq></word><word seq="10">he<GreekSeq>8</GreekSeq></word><word seq="11">cried out<GreekSeq>12</GreekSeq></word><word seq="12">all<GreekSeq>10</GreekSeq></word><word seq="13">the more,<GreekSeq>11</GreekSeq></word><word seq="14">“Son<GreekSeq>13</GreekSeq></word><word seq="15">of</word><word seq="16">David,<GreekSeq>14</GreekSeq></word><word seq="17">have mercy on<GreekSeq>15</GreekSeq></word><word seq="18">me!”<GreekSeq>16</GreekSeq></word></ESV></verse>
<verse number="40"><ESV><word seq="1">And<GreekSeq>2</GreekSeq></word><word seq="2">Jesus<GreekSeq>4</GreekSeq></word><word seq="3">stopped<GreekSeq>1</GreekSeq></word><word seq="4">and</word><word seq="5">commanded<GreekSeq>5</GreekSeq></word><word seq="6">him<GreekSeq>6</GreekSeq></word><word seq="7">to be brought<GreekSeq>7</GreekSeq></word><word seq="8">to<GreekSeq>8</GreekSeq></word><word seq="9">him.<GreekSeq>9</GreekSeq></word><word seq="10">And<GreekSeq>11</GreekSeq></word><word seq="11">when he came near,<GreekSeq>10</GreekSeq></word><word seq="12">he<GreekSeq>12</GreekSeq></word><word seq="13">asked<GreekSeq>13</GreekSeq></word><word seq="14">him,<GreekSeq>14</GreekSeq></word></ESV></verse>
<verse number="41"><ESV><word seq="1">“What<GreekSeq>1</GreekSeq></word><word seq="2">do</word><word seq="3">you want<GreekSeq>3</GreekSeq></word><word seq="4">me to do<GreekSeq>4</GreekSeq></word><word seq="5">for you?”<GreekSeq>2</GreekSeq></word><word seq="6">He<GreekSeq>5</GreekSeq></word><word seq="7">said,<GreekSeq>7</GreekSeq></word><word seq="8">“Lord,<GreekSeq>8</GreekSeq></word><word seq="9">let<GreekSeq>9</GreekSeq></word><word seq="10">me recover my sight.”<GreekSeq>10</GreekSeq></word></ESV></verse>
<verse number="42"><ESV><word seq="1">And<GreekSeq>1</GreekSeq></word><word seq="2">Jesus<GreekSeq>3</GreekSeq></word><word seq="3">said<GreekSeq>4</GreekSeq></word><word seq="4">to him,<GreekSeq>5</GreekSeq></word><word seq="5">“Recover your sight;<GreekSeq>6</GreekSeq></word><word seq="6">your<GreekSeq>9</GreekSeq></word><word seq="7">faith<GreekSeq>8</GreekSeq></word><word seq="8">has made<GreekSeq>10</GreekSeq></word><word seq="9">you<GreekSeq>11</GreekSeq></word><word seq="10">well.”<GreekSeq>10</GreekSeq></word></ESV></verse>
<verse number="43"><ESV><word seq="1">And<GreekSeq>1</GreekSeq></word><word seq="2">immediately<GreekSeq>2</GreekSeq></word><word seq="3">he recovered his sight<GreekSeq>3</GreekSeq></word><word seq="4">and<GreekSeq>4</GreekSeq></word><word seq="5">followed<GreekSeq>5</GreekSeq></word><word seq="6">him,<GreekSeq>6</GreekSeq></word><word seq="7">glorifying<GreekSeq>7</GreekSeq></word><word seq="8">God.<GreekSeq>9</GreekSeq></word><word seq="9">And<GreekSeq>10</GreekSeq></word><word seq="10">all<GreekSeq>11</GreekSeq></word><word seq="11">the<GreekSeq>12</GreekSeq></word><word seq="12">people,<GreekSeq>13</GreekSeq></word><word seq="13">when they saw<GreekSeq>14</GreekSeq></word><word seq="14">it,</word><word seq="15">gave<GreekSeq>15</GreekSeq></word><word seq="16">praise<GreekSeq>16</GreekSeq></word><word seq="17">to God.<GreekSeq>18</GreekSeq></word></ESV></verse></chapter></book>