<?xml version="1.0" encoding="UTF-8" standalone="no"?><book><chapter number="4">'<verse number="1"><ESV><word seq="1">And<GreekSeq>2</GreekSeq></word><word seq="2">Jesus,<GreekSeq>1</GreekSeq></word><word seq="3">full<GreekSeq>3</GreekSeq></word><word seq="4">of the Holy<GreekSeq>5</GreekSeq></word><word seq="5">Spirit,<GreekSeq>4</GreekSeq></word><word seq="6">returned<GreekSeq>6</GreekSeq></word><word seq="7">from<GreekSeq>7</GreekSeq></word><word seq="8">the<GreekSeq>8</GreekSeq></word><word seq="9">Jordan<GreekSeq>9</GreekSeq></word><word seq="10">and<GreekSeq>10</GreekSeq></word><word seq="11">was led<GreekSeq>11</GreekSeq></word><word seq="12">by<GreekSeq>12</GreekSeq></word><word seq="13">the<GreekSeq>13</GreekSeq></word><word seq="14">Spirit<GreekSeq>14</GreekSeq></word><word seq="15">in<GreekSeq>15</GreekSeq></word><word seq="16">the<GreekSeq>16</GreekSeq></word><word seq="17">wilderness<GreekSeq>17</GreekSeq></word></ESV></verse>
<verse number="2"><ESV><word seq="1">for forty<GreekSeq>2</GreekSeq></word><word seq="2">days,<GreekSeq>1</GreekSeq></word><word seq="3">being tempted<GreekSeq>3</GreekSeq></word><word seq="4">by<GreekSeq>4</GreekSeq></word><word seq="5">the<GreekSeq>5</GreekSeq></word><word seq="6">devil.<GreekSeq>6</GreekSeq></word><word seq="7">And<GreekSeq>7</GreekSeq></word><word seq="8">he ate<GreekSeq>9</GreekSeq></word><word seq="9">nothing<GreekSeq>10</GreekSeq></word><word seq="10">during<GreekSeq>11</GreekSeq></word><word seq="11">those<GreekSeq>14</GreekSeq></word><word seq="12">days.<GreekSeq>13</GreekSeq></word><word seq="13">And<GreekSeq>15</GreekSeq></word><word seq="14">when<GreekSeq>16</GreekSeq></word><word seq="15">they<GreekSeq>17</GreekSeq></word><word seq="16">were ended,<GreekSeq>16</GreekSeq></word><word seq="17">he was hungry.<GreekSeq>18</GreekSeq></word></ESV></verse>
<verse number="3"><ESV><word seq="1">The<GreekSeq>4</GreekSeq></word><word seq="2">devil<GreekSeq>5</GreekSeq></word><word seq="3">said<GreekSeq>1</GreekSeq></word><word seq="4">to him,<GreekSeq>3</GreekSeq></word><word seq="5">“If<GreekSeq>6</GreekSeq></word><word seq="6">you are<GreekSeq>8</GreekSeq></word><word seq="7">the Son<GreekSeq>7</GreekSeq></word><word seq="8">of God,<GreekSeq>10</GreekSeq></word><word seq="9">command<GreekSeq>11</GreekSeq></word><word seq="10">this<GreekSeq>14</GreekSeq></word><word seq="11">stone<GreekSeq>13</GreekSeq></word><word seq="12">to become<GreekSeq>15</GreekSeq><GreekSeq>16</GreekSeq></word><word seq="13">bread.”<GreekSeq>17</GreekSeq></word></ESV></verse>
<verse number="4"><ESV><word seq="1">And<GreekSeq>1</GreekSeq></word><word seq="2">Jesus<GreekSeq>6</GreekSeq></word><word seq="3">answered<GreekSeq>2</GreekSeq></word><word seq="4">him,<GreekSeq>4</GreekSeq></word><word seq="5">“It is written,<GreekSeq>7</GreekSeq></word><word seq="6">‘Man<GreekSeq>15</GreekSeq></word><word seq="7">shall<GreekSeq>13</GreekSeq></word><word seq="8">not<GreekSeq>9</GreekSeq></word><word seq="9">live<GreekSeq>13</GreekSeq></word><word seq="10">by<GreekSeq>10</GreekSeq></word><word seq="11">bread<GreekSeq>11</GreekSeq></word><word seq="12">alone.’”<GreekSeq>12</GreekSeq></word></ESV></verse>
<verse number="5"><ESV><word seq="1">And<GreekSeq>1</GreekSeq></word><word seq="2" note="Base of different Greek: διαβολος(1228)">the devil</word><word seq="3">took<GreekSeq>2</GreekSeq></word><word seq="4">him<GreekSeq>3</GreekSeq></word><word seq="5">up<GreekSeq>2</GreekSeq></word><word seq="6">and</word><word seq="7">showed<GreekSeq>4</GreekSeq></word><word seq="8">him<GreekSeq>5</GreekSeq></word><word seq="9">all<GreekSeq>6</GreekSeq></word><word seq="10">the<GreekSeq>7</GreekSeq></word><word seq="11">kingdoms<GreekSeq>8</GreekSeq></word><word seq="12">of the<GreekSeq>9</GreekSeq></word><word seq="13">world<GreekSeq>10</GreekSeq></word><word seq="14">in<GreekSeq>11</GreekSeq></word><word seq="15">a moment<GreekSeq>12</GreekSeq></word><word seq="16">of time,<GreekSeq>13</GreekSeq></word></ESV></verse>
<verse number="6"><ESV><word seq="1">and<GreekSeq>1</GreekSeq></word><word seq="2">said<GreekSeq>2</GreekSeq></word><word seq="3">to him,<GreekSeq>3</GreekSeq></word><word seq="4">“To you<GreekSeq>6</GreekSeq></word><word seq="5">I will give<GreekSeq>7</GreekSeq></word><word seq="6">all<GreekSeq>11</GreekSeq></word><word seq="7">this<GreekSeq>10</GreekSeq></word><word seq="8">authority<GreekSeq>9</GreekSeq></word><word seq="9">and<GreekSeq>12</GreekSeq></word><word seq="10">their<GreekSeq>15</GreekSeq></word><word seq="11">glory,<GreekSeq>14</GreekSeq></word><word seq="12">for<GreekSeq>16</GreekSeq></word><word seq="13">it has been delivered<GreekSeq>18</GreekSeq></word><word seq="14">to me,<GreekSeq>17</GreekSeq></word><word seq="15">and<GreekSeq>19</GreekSeq></word><word seq="16">I give<GreekSeq>23</GreekSeq></word><word seq="17">it<GreekSeq>24</GreekSeq></word><word seq="18">to whom<GreekSeq>20</GreekSeq></word><word seq="19">I will.<GreekSeq>22</GreekSeq></word></ESV></verse>
<verse number="7"><ESV><word seq="1">If<GreekSeq>3</GreekSeq></word><word seq="2">you,<GreekSeq>1</GreekSeq></word><word seq="3">then,<GreekSeq>2</GreekSeq></word><word seq="4">will worship<GreekSeq>4</GreekSeq></word><word seq="5">me,<GreekSeq>6</GreekSeq></word><word seq="6">it will<GreekSeq>7</GreekSeq></word><word seq="7">all<GreekSeq>9</GreekSeq></word><word seq="8">be<GreekSeq>7</GreekSeq></word><word seq="9">yours.”<GreekSeq>8</GreekSeq></word></ESV></verse>
<verse number="8"><ESV><word seq="1">And<GreekSeq>1</GreekSeq></word><word seq="2">Jesus<GreekSeq>4</GreekSeq></word><word seq="3">answered<GreekSeq>2</GreekSeq></word><word seq="4">him,<GreekSeq>6</GreekSeq></word><word seq="5">“It is written,<GreekSeq>7</GreekSeq></word><word seq="6">‘You shall worship<GreekSeq>12</GreekSeq></word><word seq="7">the Lord<GreekSeq>8</GreekSeq></word><word seq="8">your<GreekSeq>11</GreekSeq></word><word seq="9">God,<GreekSeq>10</GreekSeq></word><word seq="10">and<GreekSeq>13</GreekSeq></word><word seq="11">him<GreekSeq>14</GreekSeq></word><word seq="12">only<GreekSeq>15</GreekSeq></word><word seq="13">shall you serve.’”<GreekSeq>16</GreekSeq></word></ESV></verse>
<verse number="9"><ESV><word seq="1">And<GreekSeq>2</GreekSeq></word><word seq="2">he took<GreekSeq>1</GreekSeq></word><word seq="3">him<GreekSeq>3</GreekSeq></word><word seq="4">to<GreekSeq>4</GreekSeq></word><word seq="5">Jerusalem<GreekSeq>5</GreekSeq></word><word seq="6">and<GreekSeq>6</GreekSeq></word><word seq="7">set<GreekSeq>7</GreekSeq></word><word seq="8">him</word><word seq="9">on<GreekSeq>8</GreekSeq></word><word seq="10">the<GreekSeq>9</GreekSeq></word><word seq="11">pinnacle<GreekSeq>10</GreekSeq></word><word seq="12">of the<GreekSeq>11</GreekSeq></word><word seq="13">temple<GreekSeq>12</GreekSeq></word><word seq="14">and<GreekSeq>13</GreekSeq></word><word seq="15">said<GreekSeq>14</GreekSeq></word><word seq="16">to him,<GreekSeq>15</GreekSeq></word><word seq="17">“If<GreekSeq>16</GreekSeq></word><word seq="18">you are<GreekSeq>18</GreekSeq></word><word seq="19">the Son<GreekSeq>17</GreekSeq></word><word seq="20">of God,<GreekSeq>20</GreekSeq></word><word seq="21">throw<GreekSeq>21</GreekSeq></word><word seq="22">yourself<GreekSeq>22</GreekSeq></word><word seq="23">down<GreekSeq>24</GreekSeq></word><word seq="24">from here,<GreekSeq>23</GreekSeq></word></ESV></verse>
<verse number="10"><ESV><word seq="1">for<GreekSeq>2</GreekSeq></word><word seq="2">it is written,<GreekSeq>1</GreekSeq></word><word seq="3">‘He will command<GreekSeq>7</GreekSeq></word><word seq="4">his<GreekSeq>6</GreekSeq></word><word seq="5">angels<GreekSeq>5</GreekSeq></word><word seq="6">concerning<GreekSeq>8</GreekSeq></word><word seq="7">you,<GreekSeq>9</GreekSeq></word><word seq="8">to guard<GreekSeq>11</GreekSeq></word><word seq="9">you,’<GreekSeq>12</GreekSeq></word></ESV></verse>
<verse number="11"><ESV><word seq="1">and<GreekSeq>1</GreekSeq></word><word seq="2">‘On<GreekSeq>3</GreekSeq></word><word seq="3">their</word><word seq="4">hands<GreekSeq>4</GreekSeq></word><word seq="5">they will bear<GreekSeq>5</GreekSeq></word><word seq="6">you<GreekSeq>6</GreekSeq></word><word seq="7">up,<GreekSeq>5</GreekSeq></word><word seq="8">lest<GreekSeq>7</GreekSeq></word><word seq="9">you strike<GreekSeq>8</GreekSeq></word><word seq="10">your<GreekSeq>13</GreekSeq></word><word seq="11">foot<GreekSeq>12</GreekSeq></word><word seq="12">against<GreekSeq>9</GreekSeq></word><word seq="13">a stone.’”<GreekSeq>10</GreekSeq></word></ESV></verse>
<verse number="12"><ESV><word seq="1">And<GreekSeq>1</GreekSeq></word><word seq="2">Jesus<GreekSeq>6</GreekSeq></word><word seq="3">answered<GreekSeq>2</GreekSeq></word><word seq="4">him,<GreekSeq>4</GreekSeq></word><word seq="5">“It is said,<GreekSeq>8</GreekSeq></word><word seq="6">‘You shall<GreekSeq>10</GreekSeq></word><word seq="7">not<GreekSeq>9</GreekSeq></word><word seq="8">put<GreekSeq>10</GreekSeq></word><word seq="9">the Lord<GreekSeq>11</GreekSeq></word><word seq="10">your<GreekSeq>14</GreekSeq></word><word seq="11">God<GreekSeq>13</GreekSeq></word><word seq="12">to the test.’”<GreekSeq>10</GreekSeq></word></ESV></verse>
<verse number="13"><ESV><word seq="1">And<GreekSeq>1</GreekSeq></word><word seq="2">when<GreekSeq>2</GreekSeq></word><word seq="3">the<GreekSeq>5</GreekSeq></word><word seq="4">devil<GreekSeq>6</GreekSeq></word><word seq="5">had ended<GreekSeq>2</GreekSeq></word><word seq="6">every<GreekSeq>3</GreekSeq></word><word seq="7">temptation,<GreekSeq>4</GreekSeq></word><word seq="8">he departed<GreekSeq>7</GreekSeq></word><word seq="9">from<GreekSeq>8</GreekSeq></word><word seq="10">him<GreekSeq>9</GreekSeq></word><word seq="11">until<GreekSeq>10</GreekSeq></word><word seq="12">an [opportune] time.<GreekSeq>11</GreekSeq></word></ESV></verse>
<verse number="14"><ESV><word seq="1">And<GreekSeq>1</GreekSeq></word><word seq="2">Jesus<GreekSeq>4</GreekSeq></word><word seq="3">returned<GreekSeq>2</GreekSeq></word><word seq="4">in<GreekSeq>5</GreekSeq></word><word seq="5">the<GreekSeq>6</GreekSeq></word><word seq="6">power<GreekSeq>7</GreekSeq></word><word seq="7">of the<GreekSeq>8</GreekSeq></word><word seq="8">Spirit<GreekSeq>9</GreekSeq></word><word seq="9">to<GreekSeq>10</GreekSeq></word><word seq="10">Galilee,<GreekSeq>12</GreekSeq></word><word seq="11">and<GreekSeq>13</GreekSeq></word><word seq="12">a report<GreekSeq>14</GreekSeq></word><word seq="13">about<GreekSeq>20</GreekSeq></word><word seq="14">him<GreekSeq>21</GreekSeq></word><word seq="15">went out<GreekSeq>15</GreekSeq></word><word seq="16">through<GreekSeq>16</GreekSeq></word><word seq="17">all<GreekSeq>17</GreekSeq></word><word seq="18">the<GreekSeq>18</GreekSeq></word><word seq="19">surrounding country.<GreekSeq>19</GreekSeq></word></ESV></verse>
<verse number="15"><ESV><word seq="1">And<GreekSeq>1</GreekSeq></word><word seq="2">he<GreekSeq>2</GreekSeq></word><word seq="3">taught<GreekSeq>3</GreekSeq></word><word seq="4">in<GreekSeq>4</GreekSeq></word><word seq="5">their<GreekSeq>7</GreekSeq></word><word seq="6">synagogues,<GreekSeq>6</GreekSeq></word><word seq="7">being glorified<GreekSeq>8</GreekSeq></word><word seq="8">by<GreekSeq>9</GreekSeq></word><word seq="9">all.<GreekSeq>10</GreekSeq></word></ESV></verse>
<verse number="16"><ESV><word seq="1">And<GreekSeq>1</GreekSeq></word><word seq="2">he came<GreekSeq>2</GreekSeq></word><word seq="3">to<GreekSeq>3</GreekSeq></word><word seq="4">Nazareth,<GreekSeq>4</GreekSeq></word><word seq="5">where<GreekSeq>5</GreekSeq></word><word seq="6">he had been<GreekSeq>6</GreekSeq></word><word seq="7">brought up.<GreekSeq>7</GreekSeq></word><word seq="8">And<GreekSeq>8</GreekSeq></word><word seq="9">as<GreekSeq>10</GreekSeq></word><word seq="10">was</word><word seq="11">his<GreekSeq>13</GreekSeq></word><word seq="12">custom,<GreekSeq>12</GreekSeq></word><word seq="13">he went<GreekSeq>9</GreekSeq></word><word seq="14">to<GreekSeq>19</GreekSeq></word><word seq="15">the<GreekSeq>20</GreekSeq></word><word seq="16">synagogue<GreekSeq>21</GreekSeq></word><word seq="17">on<GreekSeq>14</GreekSeq></word><word seq="18">the<GreekSeq>15</GreekSeq></word><word seq="19">Sabbath<GreekSeq>18</GreekSeq></word><word seq="20">day,<GreekSeq>16</GreekSeq></word><word seq="21">and<GreekSeq>22</GreekSeq></word><word seq="22">he stood up<GreekSeq>23</GreekSeq></word><word seq="23">to read.<GreekSeq>24</GreekSeq></word></ESV></verse>
<verse number="17"><ESV><word seq="1">And<GreekSeq>1</GreekSeq></word><word seq="2">the scroll<GreekSeq>4</GreekSeq></word><word seq="3">of the<GreekSeq>5</GreekSeq></word><word seq="4">prophet<GreekSeq>6</GreekSeq></word><word seq="5">Isaiah<GreekSeq>7</GreekSeq></word><word seq="6">was given<GreekSeq>2</GreekSeq></word><word seq="7">to him.<GreekSeq>3</GreekSeq></word><word seq="8">He unrolled<GreekSeq>9</GreekSeq></word><word seq="9">the<GreekSeq>10</GreekSeq></word><word seq="10">scroll<GreekSeq>11</GreekSeq></word><word seq="11">and</word><word seq="12">found<GreekSeq>12</GreekSeq></word><word seq="13">the<GreekSeq>13</GreekSeq></word><word seq="14">place<GreekSeq>14</GreekSeq></word><word seq="15">where<GreekSeq>15</GreekSeq></word><word seq="16">it was<GreekSeq>16</GreekSeq></word><word seq="17">written,<GreekSeq>17</GreekSeq></word></ESV></verse>
<verse number="18"><ESV><word seq="1">“The Spirit<GreekSeq>1</GreekSeq></word><word seq="2">of the Lord<GreekSeq>2</GreekSeq></word><word seq="3">is</word><word seq="4">upon<GreekSeq>3</GreekSeq></word><word seq="5">me,<GreekSeq>4</GreekSeq></word><word seq="6">because<GreekSeq>5</GreekSeq><GreekSeq>6</GreekSeq></word><word seq="7">he has anointed<GreekSeq>7</GreekSeq></word><word seq="8">me<GreekSeq>8</GreekSeq></word><word seq="9">to proclaim good news<GreekSeq>9</GreekSeq></word><word seq="10">to the poor.<GreekSeq>10</GreekSeq></word><word seq="11">He has sent<GreekSeq>11</GreekSeq></word><word seq="12">me<GreekSeq>12</GreekSeq></word><word seq="13">to proclaim<GreekSeq>13</GreekSeq></word><word seq="14">liberty<GreekSeq>15</GreekSeq></word><word seq="15">to the captives<GreekSeq>14</GreekSeq></word><word seq="16">and<GreekSeq>16</GreekSeq></word><word seq="17">recovering of sight<GreekSeq>18</GreekSeq></word><word seq="18">to the blind,<GreekSeq>17</GreekSeq></word><word seq="19">to set<GreekSeq>19</GreekSeq></word><word seq="20">at<GreekSeq>21</GreekSeq></word><word seq="21">liberty<GreekSeq>22</GreekSeq></word><word seq="22">those</word><word seq="23">who are oppressed,<GreekSeq>20</GreekSeq></word></ESV></verse>
<verse number="19"><ESV><word seq="1">to proclaim<GreekSeq>1</GreekSeq></word><word seq="2">the year<GreekSeq>2</GreekSeq></word><word seq="3">of the Lord’s<GreekSeq>3</GreekSeq></word><word seq="4">favor.”<GreekSeq>4</GreekSeq></word></ESV></verse>
<verse number="20"><ESV><word seq="1">And<GreekSeq>1</GreekSeq></word><word seq="2">he rolled up<GreekSeq>2</GreekSeq></word><word seq="3">the<GreekSeq>3</GreekSeq></word><word seq="4">scroll<GreekSeq>4</GreekSeq></word><word seq="5">and</word><word seq="6">gave [it] back<GreekSeq>5</GreekSeq></word><word seq="7">to the<GreekSeq>6</GreekSeq></word><word seq="8">attendant<GreekSeq>7</GreekSeq></word><word seq="9">and</word><word seq="10">sat down.<GreekSeq>8</GreekSeq></word><word seq="11">And<GreekSeq>9</GreekSeq></word><word seq="12">the<GreekSeq>11</GreekSeq></word><word seq="13">eyes<GreekSeq>12</GreekSeq></word><word seq="14">of all<GreekSeq>10</GreekSeq></word><word seq="15">in<GreekSeq>13</GreekSeq></word><word seq="16">the<GreekSeq>14</GreekSeq></word><word seq="17">synagogue<GreekSeq>15</GreekSeq></word><word seq="18">were<GreekSeq>16</GreekSeq></word><word seq="19">fixed on<GreekSeq>17</GreekSeq></word><word seq="20">him.<GreekSeq>18</GreekSeq></word></ESV></verse>
<verse number="21"><ESV><word seq="1">And<GreekSeq>2</GreekSeq></word><word seq="2">he began<GreekSeq>1</GreekSeq></word><word seq="3">to say<GreekSeq>3</GreekSeq></word><word seq="4">to<GreekSeq>4</GreekSeq></word><word seq="5">them,<GreekSeq>5</GreekSeq></word><word seq="6">“Today<GreekSeq>7</GreekSeq></word><word seq="7">this<GreekSeq>11</GreekSeq></word><word seq="8">Scripture<GreekSeq>10</GreekSeq></word><word seq="9">has been fulfilled<GreekSeq>8</GreekSeq></word><word seq="10">in<GreekSeq>12</GreekSeq></word><word seq="11">your<GreekSeq>15</GreekSeq></word><word seq="12">hearing.”<GreekSeq>14</GreekSeq></word></ESV></verse>
<verse number="22"><ESV><word seq="1">And<GreekSeq>1</GreekSeq></word><word seq="2">all<GreekSeq>2</GreekSeq></word><word seq="3">spoke well of<GreekSeq>3</GreekSeq></word><word seq="4">him<GreekSeq>4</GreekSeq></word><word seq="5">and<GreekSeq>5</GreekSeq></word><word seq="6">marveled<GreekSeq>6</GreekSeq></word><word seq="7">at<GreekSeq>7</GreekSeq></word><word seq="8">the<GreekSeq>8</GreekSeq></word><word seq="9">gracious<GreekSeq>11</GreekSeq></word><word seq="10">words<GreekSeq>9</GreekSeq></word><word seq="11">that were coming<GreekSeq>13</GreekSeq></word><word seq="12">from<GreekSeq>14</GreekSeq></word><word seq="13">his<GreekSeq>17</GreekSeq></word><word seq="14">mouth.<GreekSeq>16</GreekSeq></word><word seq="15">And<GreekSeq>18</GreekSeq></word><word seq="16">they said,<GreekSeq>19</GreekSeq></word><word seq="17">“Is<GreekSeq>22</GreekSeq></word><word seq="18">not<GreekSeq>20</GreekSeq></word><word seq="19">this<GreekSeq>24</GreekSeq></word><word seq="20">Joseph’s<GreekSeq>23</GreekSeq></word><word seq="21">son?”<GreekSeq>21</GreekSeq></word></ESV></verse>
<verse number="23"><ESV><word seq="1">And<GreekSeq>1</GreekSeq></word><word seq="2">he said<GreekSeq>2</GreekSeq></word><word seq="3">to<GreekSeq>3</GreekSeq></word><word seq="4">them,<GreekSeq>4</GreekSeq></word><word seq="5">“Doubtless<GreekSeq>5</GreekSeq></word><word seq="6">you will quote<GreekSeq>6</GreekSeq></word><word seq="7">to me<GreekSeq>7</GreekSeq></word><word seq="8">this<GreekSeq>10</GreekSeq></word><word seq="9">proverb,<GreekSeq>9</GreekSeq></word><word seq="10">‘Physician,<GreekSeq>11</GreekSeq></word><word seq="11">heal<GreekSeq>12</GreekSeq></word><word seq="12">yourself.’<GreekSeq>13</GreekSeq></word><word seq="13">What<GreekSeq>14</GreekSeq></word><word seq="14">we have heard<GreekSeq>15</GreekSeq></word><word seq="15">you</word><word seq="16">did<GreekSeq>16</GreekSeq></word><word seq="17">at<GreekSeq>17</GreekSeq></word><word seq="18">Capernaum,<GreekSeq>19</GreekSeq></word><word seq="19">do<GreekSeq>20</GreekSeq></word><word seq="20">here<GreekSeq>22</GreekSeq></word><word seq="21">in<GreekSeq>23</GreekSeq></word><word seq="22">your<GreekSeq>26</GreekSeq></word><word seq="23">hometown<GreekSeq>25</GreekSeq></word><word seq="24">as well.”<GreekSeq>21</GreekSeq></word></ESV></verse>
<verse number="24"><ESV><word seq="1">And<GreekSeq>2</GreekSeq></word><word seq="2">he said,<GreekSeq>1</GreekSeq></word><word seq="3">“Truly,<GreekSeq>3</GreekSeq></word><word seq="4">I say<GreekSeq>4</GreekSeq></word><word seq="5">to you,<GreekSeq>5</GreekSeq></word><word seq="6">no<GreekSeq>7</GreekSeq></word><word seq="7">prophet<GreekSeq>8</GreekSeq></word><word seq="8">is<GreekSeq>10</GreekSeq></word><word seq="9">acceptable<GreekSeq>9</GreekSeq></word><word seq="10">in<GreekSeq>11</GreekSeq></word><word seq="11">his<GreekSeq>14</GreekSeq></word><word seq="12">hometown.<GreekSeq>13</GreekSeq></word></ESV></verse>
<verse number="25"><ESV><word seq="1">But<GreekSeq>3</GreekSeq></word><word seq="2">in<GreekSeq>1</GreekSeq></word><word seq="3">truth,<GreekSeq>2</GreekSeq></word><word seq="4">I tell<GreekSeq>4</GreekSeq></word><word seq="5">you,<GreekSeq>5</GreekSeq></word><word seq="6">there were<GreekSeq>8</GreekSeq></word><word seq="7">many<GreekSeq>6</GreekSeq></word><word seq="8">widows<GreekSeq>7</GreekSeq></word><word seq="9">in<GreekSeq>13</GreekSeq></word><word seq="10">Israel<GreekSeq>15</GreekSeq></word><word seq="11">in<GreekSeq>9</GreekSeq></word><word seq="12">the<GreekSeq>10</GreekSeq></word><word seq="13">days<GreekSeq>11</GreekSeq></word><word seq="14">of Elijah,<GreekSeq>12</GreekSeq></word><word seq="15">when<GreekSeq>16</GreekSeq></word><word seq="16">the<GreekSeq>18</GreekSeq></word><word seq="17">heavens<GreekSeq>19</GreekSeq></word><word seq="18">were shut up<GreekSeq>17</GreekSeq></word><word seq="19">three<GreekSeq>22</GreekSeq></word><word seq="20">years<GreekSeq>21</GreekSeq></word><word seq="21">and<GreekSeq>23</GreekSeq></word><word seq="22">six<GreekSeq>25</GreekSeq></word><word seq="23">months,<GreekSeq>24</GreekSeq></word><word seq="24">and</word><word seq="25">a great<GreekSeq>29</GreekSeq></word><word seq="26">famine<GreekSeq>28</GreekSeq></word><word seq="27">came<GreekSeq>27</GreekSeq></word><word seq="28">over<GreekSeq>30</GreekSeq></word><word seq="29">all<GreekSeq>31</GreekSeq></word><word seq="30">the<GreekSeq>32</GreekSeq></word><word seq="31">land,<GreekSeq>33</GreekSeq></word></ESV></verse>
<verse number="26"><ESV><word seq="1">and<GreekSeq>1</GreekSeq></word><word seq="2">Elijah<GreekSeq>6</GreekSeq></word><word seq="3">was sent<GreekSeq>5</GreekSeq></word><word seq="4">to<GreekSeq>2</GreekSeq></word><word seq="5">none<GreekSeq>3</GreekSeq></word><word seq="6">of them<GreekSeq>4</GreekSeq></word><word seq="7" note="εἰ μή Strong Code (1508)">but only<GreekSeq>7</GreekSeq><GreekSeq>8</GreekSeq></word><word seq="8">to<GreekSeq>9</GreekSeq></word><word seq="9">Zarephath,<GreekSeq>10</GreekSeq></word><word seq="10">in</word><word seq="11">the [land] of<GreekSeq>11</GreekSeq></word><word seq="12">Sidon,<GreekSeq>12</GreekSeq></word><word seq="13">to<GreekSeq>13</GreekSeq></word><word seq="14">a woman<GreekSeq>14</GreekSeq></word><word seq="15">who was</word><word seq="16">a widow.<GreekSeq>15</GreekSeq></word></ESV></verse>
<verse number="27"><ESV><word seq="1">And<GreekSeq>1</GreekSeq></word><word seq="2">there were<GreekSeq>4</GreekSeq></word><word seq="3">many<GreekSeq>2</GreekSeq></word><word seq="4">lepers<GreekSeq>3</GreekSeq></word><word seq="5">in<GreekSeq>5</GreekSeq></word><word seq="6">Israel<GreekSeq>7</GreekSeq></word><word seq="7">in [the time of]<GreekSeq>8</GreekSeq></word><word seq="8">the<GreekSeq>10</GreekSeq></word><word seq="9">prophet<GreekSeq>11</GreekSeq></word><word seq="10">Elisha,<GreekSeq>9</GreekSeq></word><word seq="11">and<GreekSeq>12</GreekSeq></word><word seq="12">none<GreekSeq>13</GreekSeq></word><word seq="13">of them<GreekSeq>14</GreekSeq></word><word seq="14">was cleansed,<GreekSeq>15</GreekSeq></word><word seq="15" note="Base of different Greek: Greek(1508)">but only<GreekSeq>16</GreekSeq><GreekSeq>17</GreekSeq></word><word seq="16">Naaman<GreekSeq>18</GreekSeq></word><word seq="17">the<GreekSeq>19</GreekSeq></word><word seq="18">Syrian.”<GreekSeq>20</GreekSeq></word></ESV></verse>
<verse number="28"><ESV><word seq="1">When they heard<GreekSeq>8</GreekSeq></word><word seq="2">these things,<GreekSeq>9</GreekSeq></word><word seq="3">all<GreekSeq>3</GreekSeq></word><word seq="4">in<GreekSeq>5</GreekSeq></word><word seq="5">the<GreekSeq>6</GreekSeq></word><word seq="6">synagogue<GreekSeq>7</GreekSeq></word><word seq="7">were filled<GreekSeq>2</GreekSeq></word><word seq="8">with wrath.<GreekSeq>4</GreekSeq></word></ESV></verse>
<verse number="29"><ESV><word seq="1">And<GreekSeq>1</GreekSeq></word><word seq="2">they rose up<GreekSeq>2</GreekSeq></word><word seq="3">and</word><word seq="4">drove<GreekSeq>3</GreekSeq></word><word seq="5">him<GreekSeq>4</GreekSeq></word><word seq="6">out of<GreekSeq>5</GreekSeq></word><word seq="7">the<GreekSeq>6</GreekSeq></word><word seq="8">town<GreekSeq>7</GreekSeq></word><word seq="9">and<GreekSeq>8</GreekSeq></word><word seq="10">brought<GreekSeq>9</GreekSeq></word><word seq="11">him<GreekSeq>10</GreekSeq></word><word seq="12">to<GreekSeq>11</GreekSeq></word><word seq="13">the brow<GreekSeq>12</GreekSeq></word><word seq="14">of the<GreekSeq>13</GreekSeq></word><word seq="15">hill<GreekSeq>14</GreekSeq></word><word seq="16">on<GreekSeq>15</GreekSeq></word><word seq="17">which<GreekSeq>16</GreekSeq></word><word seq="18">their<GreekSeq>20</GreekSeq></word><word seq="19">town<GreekSeq>18</GreekSeq></word><word seq="20">was built,<GreekSeq>19</GreekSeq></word><word seq="21">so that<GreekSeq>21</GreekSeq></word><word seq="22">they could throw<GreekSeq>22</GreekSeq></word><word seq="23">him<GreekSeq>23</GreekSeq></word><word seq="24">down the cliff.<GreekSeq>22</GreekSeq></word></ESV></verse>
<verse number="30"><ESV><word seq="1">But<GreekSeq>2</GreekSeq></word><word seq="2">passing<GreekSeq>3</GreekSeq></word><word seq="3">through<GreekSeq>4</GreekSeq></word><word seq="4">their<GreekSeq>6</GreekSeq></word><word seq="5">midst,<GreekSeq>5</GreekSeq></word><word seq="6">he went away.<GreekSeq>7</GreekSeq></word></ESV></verse>
<verse number="31"><ESV><word seq="1">And<GreekSeq>1</GreekSeq></word><word seq="2">he went down<GreekSeq>2</GreekSeq></word><word seq="3">to<GreekSeq>3</GreekSeq></word><word seq="4">Capernaum,<GreekSeq>4</GreekSeq></word><word seq="5">a city<GreekSeq>5</GreekSeq></word><word seq="6">of Galilee.<GreekSeq>7</GreekSeq></word><word seq="7">And<GreekSeq>8</GreekSeq></word><word seq="8">he was<GreekSeq>9</GreekSeq></word><word seq="9">teaching<GreekSeq>10</GreekSeq></word><word seq="10">them<GreekSeq>11</GreekSeq></word><word seq="11">on<GreekSeq>12</GreekSeq></word><word seq="12">the<GreekSeq>13</GreekSeq></word><word seq="13">Sabbath,<GreekSeq>14</GreekSeq></word></ESV></verse>
<verse number="32"><ESV><word seq="1">and<GreekSeq>1</GreekSeq></word><word seq="2">they were astonished<GreekSeq>2</GreekSeq></word><word seq="3">at<GreekSeq>3</GreekSeq></word><word seq="4">his<GreekSeq>6</GreekSeq></word><word seq="5">teaching,<GreekSeq>5</GreekSeq></word><word seq="6">for<GreekSeq>7</GreekSeq></word><word seq="7">his<GreekSeq>13</GreekSeq></word><word seq="8">word<GreekSeq>12</GreekSeq></word><word seq="9">[possessed]<GreekSeq>8</GreekSeq></word><word seq="10">authority.<GreekSeq>9</GreekSeq></word></ESV></verse>
<verse number="33"><ESV><word seq="1">And<GreekSeq>1</GreekSeq></word><word seq="2">in<GreekSeq>2</GreekSeq></word><word seq="3">the<GreekSeq>3</GreekSeq></word><word seq="4">synagogue<GreekSeq>4</GreekSeq></word><word seq="5">there was<GreekSeq>5</GreekSeq></word><word seq="6">a man<GreekSeq>6</GreekSeq></word><word seq="7">who had<GreekSeq>7</GreekSeq></word><word seq="8">the spirit<GreekSeq>8</GreekSeq></word><word seq="9">of an unclean<GreekSeq>10</GreekSeq></word><word seq="10">demon,<GreekSeq>9</GreekSeq></word><word seq="11">and<GreekSeq>11</GreekSeq></word><word seq="12">he cried out<GreekSeq>12</GreekSeq></word><word seq="13">with a loud<GreekSeq>14</GreekSeq></word><word seq="14">voice,<GreekSeq>13</GreekSeq></word></ESV></verse>
<verse number="34"><ESV><word seq="1">“Ha!<GreekSeq>1</GreekSeq></word><word seq="2">What<GreekSeq>2</GreekSeq></word><word seq="3">have</word><word seq="4">you<GreekSeq>5</GreekSeq></word><word seq="5">to do</word><word seq="6">with<GreekSeq>4</GreekSeq></word><word seq="7">us,<GreekSeq>3</GreekSeq></word><word seq="8">Jesus<GreekSeq>6</GreekSeq></word><word seq="9">of Nazareth?<GreekSeq>7</GreekSeq></word><word seq="10">Have<GreekSeq>8</GreekSeq></word><word seq="11">you come<GreekSeq>8</GreekSeq></word><word seq="12">to destroy<GreekSeq>9</GreekSeq></word><word seq="13">us?<GreekSeq>10</GreekSeq></word><word seq="14">I know<GreekSeq>11</GreekSeq></word><word seq="15">who<GreekSeq>13</GreekSeq></word><word seq="16">you<GreekSeq>12</GreekSeq></word><word seq="17">are<GreekSeq>14</GreekSeq></word><word seq="18">— the<GreekSeq>15</GreekSeq></word><word seq="19">Holy One<GreekSeq>16</GreekSeq></word><word seq="20">of God.”<GreekSeq>18</GreekSeq></word></ESV></verse>
<verse number="35"><ESV><word seq="1">But<GreekSeq>1</GreekSeq></word><word seq="2">Jesus<GreekSeq>5</GreekSeq></word><word seq="3">rebuked<GreekSeq>2</GreekSeq></word><word seq="4">him,<GreekSeq>3</GreekSeq></word><word seq="5">saying,<GreekSeq>6</GreekSeq></word><word seq="6">“Be silent<GreekSeq>7</GreekSeq></word><word seq="7">and<GreekSeq>8</GreekSeq></word><word seq="8">come<GreekSeq>9</GreekSeq></word><word seq="9" note="Base of different Greek: ἐξ(1537)">out of<GreekSeq>10</GreekSeq></word><word seq="10">him!”<GreekSeq>11</GreekSeq></word><word seq="11">And<GreekSeq>12</GreekSeq></word><word seq="12">when<GreekSeq>13</GreekSeq></word><word seq="13">the<GreekSeq>15</GreekSeq></word><word seq="14">demon<GreekSeq>16</GreekSeq></word><word seq="15">had thrown<GreekSeq>13</GreekSeq></word><word seq="16">him<GreekSeq>14</GreekSeq></word><word seq="17">down<GreekSeq>13</GreekSeq></word><word seq="18">in<GreekSeq>17</GreekSeq></word><word seq="19">their</word><word seq="20">midst,<GreekSeq>19</GreekSeq></word><word seq="21">he came out<GreekSeq>20</GreekSeq></word><word seq="22">of<GreekSeq>21</GreekSeq></word><word seq="23">him,<GreekSeq>22</GreekSeq></word><word seq="24">having done<GreekSeq>24</GreekSeq></word><word seq="25">him<GreekSeq>25</GreekSeq></word><word seq="26">no<GreekSeq>23</GreekSeq></word><word seq="27">harm.<GreekSeq>24</GreekSeq></word></ESV></verse>
<verse number="36"><ESV><word seq="1">And<GreekSeq>1</GreekSeq></word><word seq="2">they were<GreekSeq>2</GreekSeq></word><word seq="3">all<GreekSeq>5</GreekSeq></word><word seq="4">amazed<GreekSeq>3</GreekSeq></word><word seq="5">and<GreekSeq>6</GreekSeq></word><word seq="6">said<GreekSeq>7</GreekSeq></word><word seq="7">to<GreekSeq>8</GreekSeq></word><word seq="8">one another,<GreekSeq>9</GreekSeq></word><word seq="9">“What<GreekSeq>11</GreekSeq></word><word seq="10">is</word><word seq="11">this<GreekSeq>14</GreekSeq></word><word seq="12">word?<GreekSeq>13</GreekSeq></word><word seq="13">For<GreekSeq>15</GreekSeq></word><word seq="14">with<GreekSeq>16</GreekSeq></word><word seq="15">authority<GreekSeq>17</GreekSeq></word><word seq="16">and<GreekSeq>18</GreekSeq></word><word seq="17">power<GreekSeq>19</GreekSeq></word><word seq="18">he commands<GreekSeq>20</GreekSeq></word><word seq="19">the<GreekSeq>21</GreekSeq></word><word seq="20">unclean<GreekSeq>22</GreekSeq></word><word seq="21">spirits,<GreekSeq>23</GreekSeq></word><word seq="22">and<GreekSeq>24</GreekSeq></word><word seq="23">they come out!”<GreekSeq>25</GreekSeq></word></ESV></verse>
<verse number="37"><ESV><word seq="1">And<GreekSeq>1</GreekSeq></word><word seq="2">reports<GreekSeq>3</GreekSeq></word><word seq="3">about<GreekSeq>4</GreekSeq></word><word seq="4">him<GreekSeq>5</GreekSeq></word><word seq="5">went out<GreekSeq>2</GreekSeq></word><word seq="6">into<GreekSeq>6</GreekSeq></word><word seq="7">every<GreekSeq>7</GreekSeq></word><word seq="8">place<GreekSeq>8</GreekSeq></word><word seq="9">in the<GreekSeq>9</GreekSeq></word><word seq="10">surrounding region.<GreekSeq>10</GreekSeq></word></ESV></verse>
<verse number="38"><ESV><word seq="1">And<GreekSeq>2</GreekSeq></word><word seq="2">he arose<GreekSeq>1</GreekSeq></word><word seq="3">and</word><word seq="4">left<GreekSeq>3</GreekSeq></word><word seq="5">the<GreekSeq>4</GreekSeq></word><word seq="6">synagogue<GreekSeq>5</GreekSeq></word><word seq="7">and</word><word seq="8">entered<GreekSeq>6</GreekSeq></word><word seq="9">Simon’s<GreekSeq>10</GreekSeq></word><word seq="10">house.<GreekSeq>9</GreekSeq></word><word seq="11">Now<GreekSeq>12</GreekSeq></word><word seq="12">Simon’s<GreekSeq>14</GreekSeq></word><word seq="13">mother-in-law<GreekSeq>11</GreekSeq></word><word seq="14">was<GreekSeq>15</GreekSeq></word><word seq="15">[ill] with<GreekSeq>16</GreekSeq></word><word seq="16">a high<GreekSeq>18</GreekSeq></word><word seq="17">fever,<GreekSeq>17</GreekSeq></word><word seq="18">and<GreekSeq>19</GreekSeq></word><word seq="19">they appealed to<GreekSeq>20</GreekSeq></word><word seq="20">him<GreekSeq>21</GreekSeq></word><word seq="21">on<GreekSeq>22</GreekSeq></word><word seq="22">her<GreekSeq>23</GreekSeq></word><word seq="23">behalf.<GreekSeq>22</GreekSeq></word></ESV></verse>
<verse number="39"><ESV><word seq="1">And<GreekSeq>1</GreekSeq></word><word seq="2">he stood<GreekSeq>2</GreekSeq></word><word seq="3">over<GreekSeq>3</GreekSeq></word><word seq="4">her<GreekSeq>4</GreekSeq></word><word seq="5">and</word><word seq="6">rebuked<GreekSeq>5</GreekSeq></word><word seq="7">the<GreekSeq>6</GreekSeq></word><word seq="8">fever,<GreekSeq>7</GreekSeq></word><word seq="9">and<GreekSeq>8</GreekSeq></word><word seq="10">it left<GreekSeq>9</GreekSeq></word><word seq="11">her,<GreekSeq>10</GreekSeq></word><word seq="12">and<GreekSeq>12</GreekSeq></word><word seq="13">immediately<GreekSeq>11</GreekSeq></word><word seq="14">she rose<GreekSeq>13</GreekSeq></word><word seq="15">and</word><word seq="16">began to serve<GreekSeq>14</GreekSeq></word><word seq="17">them.<GreekSeq>15</GreekSeq></word></ESV></verse>
<verse number="40"><ESV><word seq="1">Now<GreekSeq>2</GreekSeq></word><word seq="2">when<GreekSeq>1</GreekSeq></word><word seq="3">the<GreekSeq>3</GreekSeq></word><word seq="4">sun<GreekSeq>4</GreekSeq></word><word seq="5">was setting,<GreekSeq>1</GreekSeq></word><word seq="6">all<GreekSeq>5</GreekSeq></word><word seq="7">those who<GreekSeq>6</GreekSeq></word><word seq="8">had<GreekSeq>7</GreekSeq></word><word seq="9">any</word><word seq="10">who were sick<GreekSeq>8</GreekSeq></word><word seq="11">with various<GreekSeq>10</GreekSeq></word><word seq="12">diseases<GreekSeq>9</GreekSeq></word><word seq="13">brought<GreekSeq>11</GreekSeq></word><word seq="14">them<GreekSeq>12</GreekSeq></word><word seq="15">to<GreekSeq>13</GreekSeq></word><word seq="16">him,<GreekSeq>14</GreekSeq></word><word seq="17">and<GreekSeq>16</GreekSeq></word><word seq="18">he<GreekSeq>15</GreekSeq></word><word seq="19">laid<GreekSeq>22</GreekSeq></word><word seq="20">his</word><word seq="21">hands<GreekSeq>21</GreekSeq></word><word seq="22">on<GreekSeq>22</GreekSeq></word><word seq="23">every<GreekSeq>18</GreekSeq></word><word seq="24">one<GreekSeq>17</GreekSeq></word><word seq="25">of them<GreekSeq>19</GreekSeq></word><word seq="26">and</word><word seq="27">healed<GreekSeq>23</GreekSeq></word><word seq="28">them.<GreekSeq>24</GreekSeq></word></ESV></verse>
<verse number="41"><ESV><word seq="1">And<GreekSeq>2</GreekSeq></word><word seq="2">demons<GreekSeq>4</GreekSeq></word><word seq="3">also<GreekSeq>3</GreekSeq></word><word seq="4">came out<GreekSeq>1</GreekSeq></word><word seq="5">of<GreekSeq>5</GreekSeq></word><word seq="6">many,<GreekSeq>6</GreekSeq></word><word seq="7">crying,<GreekSeq>7</GreekSeq></word><word seq="8">“You<GreekSeq>11</GreekSeq></word><word seq="9">are<GreekSeq>12</GreekSeq></word><word seq="10">the<GreekSeq>13</GreekSeq></word><word seq="11">Son<GreekSeq>14</GreekSeq></word><word seq="12">of God!”<GreekSeq>16</GreekSeq></word><word seq="13">But<GreekSeq>17</GreekSeq></word><word seq="14">he rebuked<GreekSeq>18</GreekSeq></word><word seq="15">them and would</word><word seq="16">not<GreekSeq>19</GreekSeq></word><word seq="17">allow<GreekSeq>20</GreekSeq></word><word seq="18">them<GreekSeq>21</GreekSeq></word><word seq="19">to speak,<GreekSeq>22</GreekSeq></word><word seq="20">because<GreekSeq>23</GreekSeq></word><word seq="21">they knew<GreekSeq>24</GreekSeq></word><word seq="22">that</word><word seq="23">he<GreekSeq>27</GreekSeq></word><word seq="24">was<GreekSeq>28</GreekSeq></word><word seq="25">the<GreekSeq>25</GreekSeq></word><word seq="26">Christ.<GreekSeq>26</GreekSeq></word></ESV></verse>
<verse number="42"><ESV><word seq="1">And<GreekSeq>2</GreekSeq></word><word seq="2">when it was<GreekSeq>1</GreekSeq></word><word seq="3">day,<GreekSeq>3</GreekSeq></word><word seq="4">he departed<GreekSeq>4</GreekSeq></word><word seq="5">and</word><word seq="6">went<GreekSeq>5</GreekSeq></word><word seq="7">into<GreekSeq>6</GreekSeq></word><word seq="8">a desolate<GreekSeq>7</GreekSeq></word><word seq="9">place.<GreekSeq>8</GreekSeq></word><word seq="10">And<GreekSeq>9</GreekSeq></word><word seq="11">the<GreekSeq>10</GreekSeq></word><word seq="12">people<GreekSeq>11</GreekSeq></word><word seq="13">sought<GreekSeq>12</GreekSeq></word><word seq="14">him<GreekSeq>13</GreekSeq></word><word seq="15">and<GreekSeq>14</GreekSeq></word><word seq="16">came<GreekSeq>15</GreekSeq></word><word seq="17">to<GreekSeq>16</GreekSeq></word><word seq="18">him,<GreekSeq>17</GreekSeq></word><word seq="19">and<GreekSeq>18</GreekSeq></word><word seq="20">would</word><word seq="21">have kept<GreekSeq>19</GreekSeq></word><word seq="22">him<GreekSeq>20</GreekSeq></word><word seq="23">from leaving<GreekSeq>22</GreekSeq><GreekSeq>23</GreekSeq><GreekSeq>24</GreekSeq></word><word seq="24">them,<GreekSeq>25</GreekSeq></word></ESV></verse>
<verse number="43"><ESV><word seq="1">but<GreekSeq>2</GreekSeq></word><word seq="2">he<GreekSeq>1</GreekSeq></word><word seq="3">said<GreekSeq>3</GreekSeq></word><word seq="4">to<GreekSeq>4</GreekSeq></word><word seq="5">them,<GreekSeq>5</GreekSeq></word><word seq="6">“I<GreekSeq>12</GreekSeq></word><word seq="7">must<GreekSeq>13</GreekSeq></word><word seq="8">preach the good news<GreekSeq>11</GreekSeq></word><word seq="9">of the<GreekSeq>14</GreekSeq></word><word seq="10">kingdom<GreekSeq>15</GreekSeq></word><word seq="11">of God<GreekSeq>17</GreekSeq></word><word seq="12">to the<GreekSeq>8</GreekSeq></word><word seq="13">other<GreekSeq>9</GreekSeq></word><word seq="14">towns<GreekSeq>10</GreekSeq></word><word seq="15">as well;<GreekSeq>7</GreekSeq></word><word seq="16">for<GreekSeq>18</GreekSeq></word><word seq="17">I was sent<GreekSeq>21</GreekSeq></word><word seq="18">for<GreekSeq>19</GreekSeq></word><word seq="19">this [purpose].”<GreekSeq>20</GreekSeq></word></ESV></verse>
<verse number="44"><ESV><word seq="1">And<GreekSeq>1</GreekSeq></word><word seq="2">he was<GreekSeq>2</GreekSeq></word><word seq="3">preaching<GreekSeq>3</GreekSeq></word><word seq="4">in<GreekSeq>4</GreekSeq></word><word seq="5">the<GreekSeq>5</GreekSeq></word><word seq="6">synagogues<GreekSeq>6</GreekSeq></word><word seq="7">of Judea.<GreekSeq>8</GreekSeq></word></ESV></verse></chapter></book>