<?xml version="1.0" encoding="UTF-8" standalone="no"?><book><chapter number="14">'<verse number="1"><ESV><word seq="1">One Sabbath,<GreekSeq>14</GreekSeq></word><word seq="2">when</word><word seq="3">he<GreekSeq>6</GreekSeq></word><word seq="4">went<GreekSeq>5</GreekSeq></word><word seq="5">to dine<GreekSeq>15</GreekSeq><GreekSeq>16</GreekSeq></word><word seq="6">at<GreekSeq>7</GreekSeq></word><word seq="7">the house<GreekSeq>8</GreekSeq></word><word seq="8">of a<GreekSeq>9</GreekSeq></word><word seq="9">ruler<GreekSeq>11</GreekSeq></word><word seq="10">of the<GreekSeq>12</GreekSeq></word><word seq="11">Pharisees,<GreekSeq>13</GreekSeq></word><word seq="12">they<GreekSeq>18</GreekSeq></word><word seq="13">were<GreekSeq>19</GreekSeq></word><word seq="14">watching<GreekSeq>20</GreekSeq></word><word seq="15">him<GreekSeq>21</GreekSeq></word><word seq="16">carefully.<GreekSeq>20</GreekSeq></word></ESV></verse>
<verse number="2"><ESV><word seq="1">And<GreekSeq>1</GreekSeq></word><word seq="2">behold,<GreekSeq>2</GreekSeq></word><word seq="3">there was<GreekSeq>5</GreekSeq></word><word seq="4">a<GreekSeq>4</GreekSeq></word><word seq="5">man<GreekSeq>3</GreekSeq></word><word seq="6">before<GreekSeq>7</GreekSeq></word><word seq="7">him<GreekSeq>8</GreekSeq></word><word seq="8">who had dropsy.<GreekSeq>6</GreekSeq></word></ESV></verse>
<verse number="3"><ESV><word seq="1">And<GreekSeq>1</GreekSeq></word><word seq="2">Jesus<GreekSeq>4</GreekSeq></word><word seq="3">responded<GreekSeq>2</GreekSeq></word><word seq="4">to<GreekSeq>6</GreekSeq></word><word seq="5">the<GreekSeq>7</GreekSeq></word><word seq="6">lawyers<GreekSeq>8</GreekSeq></word><word seq="7">and<GreekSeq>9</GreekSeq></word><word seq="8">Pharisees,<GreekSeq>10</GreekSeq></word><word seq="9">saying,<GreekSeq>11</GreekSeq></word><word seq="10">“Is it lawful<GreekSeq>12</GreekSeq></word><word seq="11">to heal<GreekSeq>15</GreekSeq></word><word seq="12">on the<GreekSeq>13</GreekSeq></word><word seq="13">Sabbath,<GreekSeq>14</GreekSeq></word><word seq="14">or<GreekSeq>16</GreekSeq></word><word seq="15">not?”<GreekSeq>17</GreekSeq></word></ESV></verse>
<verse number="4"><ESV><word seq="1">But<GreekSeq>2</GreekSeq></word><word seq="2">they<GreekSeq>1</GreekSeq></word><word seq="3">remained silent.<GreekSeq>3</GreekSeq></word><word seq="4">Then<GreekSeq>4</GreekSeq></word><word seq="5">he took<GreekSeq>5</GreekSeq></word><word seq="6">him and</word><word seq="7">healed<GreekSeq>6</GreekSeq></word><word seq="8">him<GreekSeq>7</GreekSeq></word><word seq="9">and<GreekSeq>8</GreekSeq></word><word seq="10">sent [him] away.<GreekSeq>9</GreekSeq></word></ESV></verse>
<verse number="5"><ESV><word seq="1">And<GreekSeq>1</GreekSeq></word><word seq="2">he said<GreekSeq>4</GreekSeq></word><word seq="3">to<GreekSeq>2</GreekSeq></word><word seq="4">them,<GreekSeq>3</GreekSeq></word><word seq="5">“Which<GreekSeq>5</GreekSeq></word><word seq="6">of you,<GreekSeq>6</GreekSeq></word><word seq="7">having</word><word seq="8">a son<GreekSeq>7</GreekSeq></word><word seq="9">or<GreekSeq>8</GreekSeq></word><word seq="10">an ox<GreekSeq>9</GreekSeq></word><word seq="11">that has fallen<GreekSeq>12</GreekSeq></word><word seq="12">into<GreekSeq>10</GreekSeq></word><word seq="13">a well<GreekSeq>11</GreekSeq></word><word seq="14">on<GreekSeq>18</GreekSeq></word><word seq="15">a<GreekSeq>20</GreekSeq></word><word seq="16">Sabbath<GreekSeq>21</GreekSeq></word><word seq="17">day,<GreekSeq>19</GreekSeq></word><word seq="18">will<GreekSeq>16</GreekSeq></word><word seq="19">not<GreekSeq>14</GreekSeq></word><word seq="20">immediately<GreekSeq>15</GreekSeq></word><word seq="21">pull<GreekSeq>16</GreekSeq></word><word seq="22">him<GreekSeq>17</GreekSeq></word><word seq="23">out?”<GreekSeq>16</GreekSeq></word></ESV></verse>
<verse number="6"><ESV><word seq="1">And<GreekSeq>1</GreekSeq></word><word seq="2">they could<GreekSeq>3</GreekSeq></word><word seq="3">not<GreekSeq>2</GreekSeq></word><word seq="4">reply<GreekSeq>4</GreekSeq></word><word seq="5">to<GreekSeq>5</GreekSeq></word><word seq="6">these things.<GreekSeq>6</GreekSeq></word></ESV></verse>
<verse number="7"><ESV><word seq="1">Now<GreekSeq>2</GreekSeq></word><word seq="2">he told<GreekSeq>1</GreekSeq></word><word seq="3">a parable<GreekSeq>6</GreekSeq></word><word seq="4">to<GreekSeq>3</GreekSeq></word><word seq="5">those<GreekSeq>4</GreekSeq></word><word seq="6">who were invited,<GreekSeq>5</GreekSeq></word><word seq="7">when he noticed<GreekSeq>7</GreekSeq></word><word seq="8">how<GreekSeq>8</GreekSeq></word><word seq="9">they chose<GreekSeq>11</GreekSeq></word><word seq="10">the<GreekSeq>9</GreekSeq></word><word seq="11">places of honor,<GreekSeq>10</GreekSeq></word><word seq="12">saying<GreekSeq>12</GreekSeq></word><word seq="13">to<GreekSeq>13</GreekSeq></word><word seq="14">them,<GreekSeq>14</GreekSeq></word></ESV></verse>
<verse number="8"><ESV><word seq="1">“When<GreekSeq>1</GreekSeq></word><word seq="2">you are invited<GreekSeq>2</GreekSeq></word><word seq="3">by<GreekSeq>3</GreekSeq></word><word seq="4">someone<GreekSeq>4</GreekSeq></word><word seq="5">to<GreekSeq>5</GreekSeq></word><word seq="6">a wedding feast,<GreekSeq>6</GreekSeq></word><word seq="7">do</word><word seq="8">not<GreekSeq>7</GreekSeq></word><word seq="9">sit down<GreekSeq>8</GreekSeq></word><word seq="10">in<GreekSeq>9</GreekSeq></word><word seq="11">a<GreekSeq>10</GreekSeq></word><word seq="12">place of honor,<GreekSeq>11</GreekSeq></word><word seq="13">lest<GreekSeq>12</GreekSeq></word><word seq="14">someone<GreekSeq>15</GreekSeq></word><word seq="15">more distinguished than<GreekSeq>13</GreekSeq></word><word seq="16">you<GreekSeq>14</GreekSeq></word><word seq="17">be<GreekSeq>15</GreekSeq></word><word seq="18">invited<GreekSeq>16</GreekSeq></word><word seq="19">by<GreekSeq>17</GreekSeq></word><word seq="20">him,<GreekSeq>18</GreekSeq></word></ESV></verse>
<verse number="9"><ESV><word seq="1">and<GreekSeq>1</GreekSeq></word><word seq="2">he<GreekSeq>3</GreekSeq></word><word seq="3">who invited<GreekSeq>7</GreekSeq></word><word seq="4">you both<GreekSeq>4</GreekSeq><GreekSeq>5</GreekSeq><GreekSeq>6</GreekSeq></word><word seq="5">will come<GreekSeq>2</GreekSeq></word><word seq="6">and</word><word seq="7">say<GreekSeq>8</GreekSeq></word><word seq="8">to you,<GreekSeq>9</GreekSeq></word><word seq="9">‘Give<GreekSeq>10</GreekSeq></word><word seq="10">your</word><word seq="11">place<GreekSeq>12</GreekSeq></word><word seq="12">to this person,’<GreekSeq>11</GreekSeq></word><word seq="13">and<GreekSeq>13</GreekSeq></word><word seq="14">then<GreekSeq>14</GreekSeq></word><word seq="15">you will begin<GreekSeq>15</GreekSeq></word><word seq="16">with<GreekSeq>16</GreekSeq></word><word seq="17">shame<GreekSeq>17</GreekSeq></word><word seq="18">to take<GreekSeq>21</GreekSeq></word><word seq="19">the<GreekSeq>18</GreekSeq></word><word seq="20">lowest<GreekSeq>19</GreekSeq></word><word seq="21">place.<GreekSeq>20</GreekSeq></word></ESV></verse>
<verse number="10"><ESV><word seq="1">But<GreekSeq>1</GreekSeq></word><word seq="2">when<GreekSeq>2</GreekSeq></word><word seq="3">you are invited,<GreekSeq>3</GreekSeq></word><word seq="4">go<GreekSeq>4</GreekSeq></word><word seq="5">and</word><word seq="6">sit<GreekSeq>5</GreekSeq></word><word seq="7">in<GreekSeq>6</GreekSeq></word><word seq="8">the<GreekSeq>7</GreekSeq></word><word seq="9">lowest<GreekSeq>8</GreekSeq></word><word seq="10">place,<GreekSeq>9</GreekSeq></word><word seq="11">so that<GreekSeq>10</GreekSeq></word><word seq="12">when<GreekSeq>11</GreekSeq></word><word seq="13">your host<GreekSeq>14</GreekSeq><GreekSeq>15</GreekSeq></word><word seq="14">comes<GreekSeq>12</GreekSeq></word><word seq="15">he may say<GreekSeq>16</GreekSeq></word><word seq="16">to you,<GreekSeq>17</GreekSeq></word><word seq="17">‘Friend,<GreekSeq>18</GreekSeq></word><word seq="18">move up<GreekSeq>19</GreekSeq></word><word seq="19">higher.’<GreekSeq>20</GreekSeq></word><word seq="20">Then<GreekSeq>21</GreekSeq></word><word seq="21">you<GreekSeq>23</GreekSeq></word><word seq="22">will be<GreekSeq>22</GreekSeq></word><word seq="23">honored<GreekSeq>24</GreekSeq></word><word seq="24">in the presence<GreekSeq>25</GreekSeq></word><word seq="25">of all<GreekSeq>26</GreekSeq></word><word seq="26">who sit at table with<GreekSeq>28</GreekSeq></word><word seq="27">you.<GreekSeq>29</GreekSeq></word></ESV></verse>
<verse number="11"><ESV><word seq="1">For<GreekSeq>1</GreekSeq></word><word seq="2">everyone<GreekSeq>2</GreekSeq><GreekSeq>3</GreekSeq></word><word seq="3">who exalts<GreekSeq>4</GreekSeq></word><word seq="4">himself<GreekSeq>5</GreekSeq></word><word seq="5">will be humbled,<GreekSeq>6</GreekSeq></word><word seq="6">and<GreekSeq>7</GreekSeq></word><word seq="7">he<GreekSeq>8</GreekSeq></word><word seq="8">who humbles<GreekSeq>9</GreekSeq></word><word seq="9">himself<GreekSeq>10</GreekSeq></word><word seq="10">will be exalted.”<GreekSeq>11</GreekSeq></word></ESV></verse>
<verse number="12"><ESV><word seq="1">He said<GreekSeq>1</GreekSeq></word><word seq="2">also<GreekSeq>3</GreekSeq></word><word seq="3">to the man<GreekSeq>4</GreekSeq></word><word seq="4">who had invited<GreekSeq>5</GreekSeq></word><word seq="5">him,<GreekSeq>6</GreekSeq></word><word seq="6">“When<GreekSeq>7</GreekSeq></word><word seq="7">you give<GreekSeq>8</GreekSeq></word><word seq="8">a dinner<GreekSeq>9</GreekSeq></word><word seq="9">or<GreekSeq>10</GreekSeq></word><word seq="10">a banquet,<GreekSeq>11</GreekSeq></word><word seq="11">do</word><word seq="12">not<GreekSeq>12</GreekSeq></word><word seq="13">invite<GreekSeq>13</GreekSeq></word><word seq="14">your<GreekSeq>16</GreekSeq></word><word seq="15">friends<GreekSeq>15</GreekSeq></word><word seq="16">or<GreekSeq>17</GreekSeq></word><word seq="17">your<GreekSeq>20</GreekSeq></word><word seq="18">brothers<GreekSeq>19</GreekSeq></word><word seq="19">or<GreekSeq>21</GreekSeq></word><word seq="20">your<GreekSeq>24</GreekSeq></word><word seq="21">relatives<GreekSeq>23</GreekSeq></word><word seq="22">or<GreekSeq>25</GreekSeq></word><word seq="23">rich<GreekSeq>27</GreekSeq></word><word seq="24">neighbors,<GreekSeq>26</GreekSeq></word><word seq="25">lest<GreekSeq>28</GreekSeq></word><word seq="26">they<GreekSeq>30</GreekSeq></word><word seq="27">also<GreekSeq>29</GreekSeq></word><word seq="28">invite<GreekSeq>31</GreekSeq></word><word seq="29">you<GreekSeq>32</GreekSeq></word><word seq="30">in return<GreekSeq>31</GreekSeq></word><word seq="31">and<GreekSeq>33</GreekSeq></word><word seq="32">you<GreekSeq>36</GreekSeq></word><word seq="33">be repaid.<GreekSeq>34</GreekSeq><GreekSeq>35</GreekSeq></word></ESV></verse>
<verse number="13"><ESV><word seq="1">But<GreekSeq>1</GreekSeq></word><word seq="2">when<GreekSeq>2</GreekSeq></word><word seq="3">you give<GreekSeq>4</GreekSeq></word><word seq="4">a feast,<GreekSeq>3</GreekSeq></word><word seq="5">invite<GreekSeq>5</GreekSeq></word><word seq="6">the</word><word seq="7">poor,<GreekSeq>6</GreekSeq></word><word seq="8">the</word><word seq="9">crippled,<GreekSeq>7</GreekSeq></word><word seq="10">the</word><word seq="11">lame,<GreekSeq>8</GreekSeq></word><word seq="12">the</word><word seq="13">blind,<GreekSeq>9</GreekSeq></word></ESV></verse>
<verse number="14"><ESV><word seq="1">and<GreekSeq>1</GreekSeq></word><word seq="2">you will be<GreekSeq>3</GreekSeq></word><word seq="3">blessed,<GreekSeq>2</GreekSeq></word><word seq="4">because<GreekSeq>4</GreekSeq></word><word seq="5">they cannot<GreekSeq>5</GreekSeq><GreekSeq>6</GreekSeq></word><word seq="6">repay<GreekSeq>7</GreekSeq></word><word seq="7">you.<GreekSeq>8</GreekSeq></word><word seq="8">For<GreekSeq>10</GreekSeq></word><word seq="9">you<GreekSeq>11</GreekSeq></word><word seq="10">will be repaid<GreekSeq>9</GreekSeq></word><word seq="11">at<GreekSeq>12</GreekSeq></word><word seq="12">the<GreekSeq>13</GreekSeq></word><word seq="13">resurrection<GreekSeq>14</GreekSeq></word><word seq="14">of the<GreekSeq>15</GreekSeq></word><word seq="15">just.”<GreekSeq>16</GreekSeq></word></ESV></verse>
<verse number="15"><ESV><word seq="1">When<GreekSeq>1</GreekSeq></word><word seq="2">one<GreekSeq>3</GreekSeq></word><word seq="3">of those<GreekSeq>4</GreekSeq></word><word seq="4">who reclined at table with him<GreekSeq>5</GreekSeq></word><word seq="5">heard<GreekSeq>1</GreekSeq></word><word seq="6">these things,<GreekSeq>6</GreekSeq></word><word seq="7">he said<GreekSeq>7</GreekSeq></word><word seq="8">to him,<GreekSeq>8</GreekSeq></word><word seq="9">“Blessed<GreekSeq>9</GreekSeq></word><word seq="10">is everyone</word><word seq="11">who<GreekSeq>10</GreekSeq></word><word seq="12">will eat<GreekSeq>11</GreekSeq></word><word seq="13">bread<GreekSeq>12</GreekSeq></word><word seq="14">in<GreekSeq>13</GreekSeq></word><word seq="15">the<GreekSeq>14</GreekSeq></word><word seq="16">kingdom<GreekSeq>15</GreekSeq></word><word seq="17">of God!”<GreekSeq>17</GreekSeq></word></ESV></verse>
<verse number="16"><ESV><word seq="1">But<GreekSeq>2</GreekSeq></word><word seq="2">he<GreekSeq>1</GreekSeq></word><word seq="3">said<GreekSeq>3</GreekSeq></word><word seq="4">to him,<GreekSeq>4</GreekSeq></word><word seq="5">“A<GreekSeq>6</GreekSeq></word><word seq="6">man<GreekSeq>5</GreekSeq></word><word seq="7">once</word><word seq="8">gave<GreekSeq>7</GreekSeq></word><word seq="9">a great<GreekSeq>9</GreekSeq></word><word seq="10">banquet<GreekSeq>8</GreekSeq></word><word seq="11">and<GreekSeq>10</GreekSeq></word><word seq="12">invited<GreekSeq>11</GreekSeq></word><word seq="13">many.<GreekSeq>12</GreekSeq></word></ESV></verse>
<verse number="17"><ESV><word seq="1">And<GreekSeq>1</GreekSeq></word><word seq="2">at the<GreekSeq>6</GreekSeq></word><word seq="3">time<GreekSeq>7</GreekSeq></word><word seq="4">for the<GreekSeq>8</GreekSeq></word><word seq="5">banquet<GreekSeq>9</GreekSeq></word><word seq="6">he sent<GreekSeq>2</GreekSeq></word><word seq="7">his<GreekSeq>5</GreekSeq></word><word seq="8">servant<GreekSeq>4</GreekSeq></word><word seq="9">to say<GreekSeq>10</GreekSeq></word><word seq="10">to those<GreekSeq>11</GreekSeq></word><word seq="11">who had been invited,<GreekSeq>12</GreekSeq></word><word seq="12">‘Come,<GreekSeq>13</GreekSeq></word><word seq="13">for<GreekSeq>14</GreekSeq></word><word seq="14" note="Base of different Greek: πάντα(3956)">everything</word><word seq="15">is<GreekSeq>17</GreekSeq></word><word seq="16">now<GreekSeq>15</GreekSeq></word><word seq="17">ready.’<GreekSeq>16</GreekSeq></word></ESV></verse>
<verse number="18"><ESV><word seq="1">But<GreekSeq>1</GreekSeq></word><word seq="2">they<GreekSeq>2</GreekSeq></word><word seq="3">all<GreekSeq>5</GreekSeq></word><word seq="4">alike<GreekSeq>3</GreekSeq><GreekSeq>4</GreekSeq></word><word seq="5">began<GreekSeq>2</GreekSeq></word><word seq="6">to make excuses.<GreekSeq>6</GreekSeq></word><word seq="7">The<GreekSeq>7</GreekSeq></word><word seq="8">first<GreekSeq>8</GreekSeq></word><word seq="9">said<GreekSeq>9</GreekSeq></word><word seq="10">to him,<GreekSeq>10</GreekSeq></word><word seq="11">‘I have bought<GreekSeq>12</GreekSeq></word><word seq="12">a field,<GreekSeq>11</GreekSeq></word><word seq="13">and<GreekSeq>13</GreekSeq></word><word seq="14">I must<GreekSeq>14</GreekSeq><GreekSeq>15</GreekSeq></word><word seq="15">go out<GreekSeq>16</GreekSeq></word><word seq="16">and</word><word seq="17">see<GreekSeq>17</GreekSeq></word><word seq="18">it.<GreekSeq>18</GreekSeq></word><word seq="19">Please<GreekSeq>19</GreekSeq></word><word seq="20">have<GreekSeq>21</GreekSeq></word><word seq="21">me<GreekSeq>22</GreekSeq></word><word seq="22">excused.’<GreekSeq>23</GreekSeq></word></ESV></verse>
<verse number="19"><ESV><word seq="1">And<GreekSeq>1</GreekSeq></word><word seq="2">another<GreekSeq>2</GreekSeq></word><word seq="3">said,<GreekSeq>3</GreekSeq></word><word seq="4">‘I have bought<GreekSeq>6</GreekSeq></word><word seq="5">five<GreekSeq>7</GreekSeq></word><word seq="6">yoke<GreekSeq>4</GreekSeq></word><word seq="7">of oxen,<GreekSeq>5</GreekSeq></word><word seq="8">and<GreekSeq>8</GreekSeq></word><word seq="9">I go<GreekSeq>9</GreekSeq></word><word seq="10">to examine<GreekSeq>10</GreekSeq></word><word seq="11">them.<GreekSeq>11</GreekSeq></word><word seq="12">Please<GreekSeq>12</GreekSeq></word><word seq="13">have<GreekSeq>14</GreekSeq></word><word seq="14">me<GreekSeq>15</GreekSeq></word><word seq="15">excused.’<GreekSeq>16</GreekSeq></word></ESV></verse>
<verse number="20"><ESV><word seq="1">And<GreekSeq>1</GreekSeq></word><word seq="2">another<GreekSeq>2</GreekSeq></word><word seq="3">said,<GreekSeq>3</GreekSeq></word><word seq="4">‘I have married<GreekSeq>5</GreekSeq></word><word seq="5">a wife,<GreekSeq>4</GreekSeq></word><word seq="6">and<GreekSeq>6</GreekSeq></word><word seq="7">therefore<GreekSeq>7</GreekSeq><GreekSeq>8</GreekSeq></word><word seq="8">I cannot<GreekSeq>9</GreekSeq><GreekSeq>10</GreekSeq></word><word seq="9">come.’<GreekSeq>11</GreekSeq></word></ESV></verse>
<verse number="21"><ESV><word seq="1">So<GreekSeq>1</GreekSeq></word><word seq="2">the<GreekSeq>3</GreekSeq></word><word seq="3">servant<GreekSeq>4</GreekSeq></word><word seq="4">came<GreekSeq>2</GreekSeq></word><word seq="5">and</word><word seq="6">reported<GreekSeq>5</GreekSeq></word><word seq="7">these things<GreekSeq>9</GreekSeq></word><word seq="8">to<GreekSeq>7</GreekSeq></word><word seq="9">his<GreekSeq>8</GreekSeq></word><word seq="10">master.<GreekSeq>7</GreekSeq></word><word seq="11">Then<GreekSeq>10</GreekSeq></word><word seq="12">the<GreekSeq>12</GreekSeq></word><word seq="13">master of the house<GreekSeq>13</GreekSeq></word><word seq="14">became angry<GreekSeq>11</GreekSeq></word><word seq="15">and</word><word seq="16">said<GreekSeq>14</GreekSeq></word><word seq="17">to<GreekSeq>16</GreekSeq></word><word seq="18">his<GreekSeq>17</GreekSeq></word><word seq="19">servant,<GreekSeq>16</GreekSeq></word><word seq="20">‘Go out<GreekSeq>18</GreekSeq></word><word seq="21">quickly<GreekSeq>19</GreekSeq></word><word seq="22">to<GreekSeq>20</GreekSeq></word><word seq="23">the<GreekSeq>21</GreekSeq></word><word seq="24">streets<GreekSeq>22</GreekSeq></word><word seq="25">and<GreekSeq>23</GreekSeq></word><word seq="26">lanes<GreekSeq>24</GreekSeq></word><word seq="27">of the<GreekSeq>25</GreekSeq></word><word seq="28">city,<GreekSeq>26</GreekSeq></word><word seq="29">and<GreekSeq>27</GreekSeq></word><word seq="30">bring in<GreekSeq>36</GreekSeq></word><word seq="31">the<GreekSeq>28</GreekSeq></word><word seq="32">poor<GreekSeq>29</GreekSeq></word><word seq="33">and<GreekSeq>30</GreekSeq></word><word seq="34">crippled<GreekSeq>31</GreekSeq></word><word seq="35">and<GreekSeq>32</GreekSeq></word><word seq="36">blind<GreekSeq>33</GreekSeq></word><word seq="37">and<GreekSeq>34</GreekSeq></word><word seq="38">lame.’<GreekSeq>35</GreekSeq></word></ESV></verse>
<verse number="22"><ESV><word seq="1">And<GreekSeq>1</GreekSeq></word><word seq="2">the<GreekSeq>3</GreekSeq></word><word seq="3">servant<GreekSeq>4</GreekSeq></word><word seq="4">said,<GreekSeq>2</GreekSeq></word><word seq="5">‘Sir,<GreekSeq>5</GreekSeq></word><word seq="6">what<GreekSeq>7</GreekSeq></word><word seq="7">you commanded<GreekSeq>8</GreekSeq></word><word seq="8">has been done,<GreekSeq>6</GreekSeq></word><word seq="9">and<GreekSeq>9</GreekSeq></word><word seq="10">still<GreekSeq>10</GreekSeq></word><word seq="11">there is<GreekSeq>12</GreekSeq></word><word seq="12">room.’<GreekSeq>11</GreekSeq></word></ESV></verse>
<verse number="23"><ESV><word seq="1">And<GreekSeq>1</GreekSeq></word><word seq="2">the<GreekSeq>3</GreekSeq></word><word seq="3">master<GreekSeq>4</GreekSeq></word><word seq="4">said<GreekSeq>2</GreekSeq></word><word seq="5">to<GreekSeq>5</GreekSeq></word><word seq="6">the<GreekSeq>6</GreekSeq></word><word seq="7">servant,<GreekSeq>7</GreekSeq></word><word seq="8">‘Go out<GreekSeq>8</GreekSeq></word><word seq="9">to<GreekSeq>9</GreekSeq></word><word seq="10">the<GreekSeq>10</GreekSeq></word><word seq="11">highways<GreekSeq>11</GreekSeq></word><word seq="12">and<GreekSeq>12</GreekSeq></word><word seq="13">hedges<GreekSeq>13</GreekSeq></word><word seq="14">and<GreekSeq>14</GreekSeq></word><word seq="15">compel<GreekSeq>15</GreekSeq></word><word seq="16">people</word><word seq="17">to come in,<GreekSeq>16</GreekSeq></word><word seq="18">that<GreekSeq>17</GreekSeq></word><word seq="19">my<GreekSeq>19</GreekSeq></word><word seq="20">house<GreekSeq>21</GreekSeq></word><word seq="21">may be filled.<GreekSeq>18</GreekSeq></word></ESV></verse>
<verse number="24"><ESV><word seq="1">For<GreekSeq>2</GreekSeq></word><word seq="2">I tell<GreekSeq>1</GreekSeq></word><word seq="3">you,<GreekSeq>3</GreekSeq></word><word seq="4">none<GreekSeq>5</GreekSeq></word><word seq="5">of those<GreekSeq>8</GreekSeq></word><word seq="6">men<GreekSeq>7</GreekSeq></word><word seq="7">who were invited<GreekSeq>10</GreekSeq></word><word seq="8">shall taste<GreekSeq>11</GreekSeq></word><word seq="9">my<GreekSeq>12</GreekSeq></word><word seq="10">banquet.’”<GreekSeq>14</GreekSeq></word></ESV></verse>
<verse number="25"><ESV><word seq="1">Now<GreekSeq>2</GreekSeq></word><word seq="2">great<GreekSeq>5</GreekSeq></word><word seq="3">crowds<GreekSeq>4</GreekSeq></word><word seq="4">accompanied<GreekSeq>1</GreekSeq></word><word seq="5">him,<GreekSeq>3</GreekSeq></word><word seq="6">and<GreekSeq>6</GreekSeq></word><word seq="7">he turned<GreekSeq>7</GreekSeq></word><word seq="8">and</word><word seq="9">said<GreekSeq>8</GreekSeq></word><word seq="10">to<GreekSeq>9</GreekSeq></word><word seq="11">them,<GreekSeq>10</GreekSeq></word></ESV></verse>
<verse number="26"><ESV><word seq="1">“If<GreekSeq>1</GreekSeq></word><word seq="2">anyone<GreekSeq>2</GreekSeq></word><word seq="3">comes<GreekSeq>3</GreekSeq></word><word seq="4">to<GreekSeq>4</GreekSeq></word><word seq="5">me<GreekSeq>5</GreekSeq></word><word seq="6">and<GreekSeq>6</GreekSeq></word><word seq="7">does</word><word seq="8">not<GreekSeq>7</GreekSeq></word><word seq="9">hate<GreekSeq>8</GreekSeq></word><word seq="10">his own<GreekSeq>11</GreekSeq></word><word seq="11">father<GreekSeq>10</GreekSeq></word><word seq="12">and<GreekSeq>12</GreekSeq></word><word seq="13">mother<GreekSeq>14</GreekSeq></word><word seq="14">and<GreekSeq>15</GreekSeq></word><word seq="15">wife<GreekSeq>17</GreekSeq></word><word seq="16">and<GreekSeq>18</GreekSeq></word><word seq="17">children<GreekSeq>20</GreekSeq></word><word seq="18">and<GreekSeq>21</GreekSeq></word><word seq="19">brothers<GreekSeq>23</GreekSeq></word><word seq="20">and<GreekSeq>24</GreekSeq></word><word seq="21">sisters,<GreekSeq>26</GreekSeq></word><word seq="22">yes,<GreekSeq>27</GreekSeq></word><word seq="23">and<GreekSeq>28</GreekSeq></word><word seq="24">even<GreekSeq>29</GreekSeq></word><word seq="25">his own<GreekSeq>32</GreekSeq></word><word seq="26">life,<GreekSeq>31</GreekSeq></word><word seq="27">he cannot<GreekSeq>33</GreekSeq><GreekSeq>34</GreekSeq></word><word seq="28">be<GreekSeq>35</GreekSeq></word><word seq="29">my<GreekSeq>36</GreekSeq></word><word seq="30">disciple.<GreekSeq>37</GreekSeq></word></ESV></verse>
<verse number="27"><ESV><word seq="1">Whoever<GreekSeq>1</GreekSeq></word><word seq="2">does</word><word seq="3">not<GreekSeq>2</GreekSeq></word><word seq="4">bear<GreekSeq>3</GreekSeq></word><word seq="5">his own<GreekSeq>6</GreekSeq></word><word seq="6">cross<GreekSeq>5</GreekSeq></word><word seq="7">and<GreekSeq>7</GreekSeq></word><word seq="8">come<GreekSeq>8</GreekSeq></word><word seq="9">after<GreekSeq>9</GreekSeq></word><word seq="10">me<GreekSeq>10</GreekSeq></word><word seq="11">cannot<GreekSeq>11</GreekSeq><GreekSeq>12</GreekSeq></word><word seq="12">be<GreekSeq>13</GreekSeq></word><word seq="13">my<GreekSeq>14</GreekSeq></word><word seq="14">disciple.<GreekSeq>15</GreekSeq></word></ESV></verse>
<verse number="28"><ESV><word seq="1">For<GreekSeq>2</GreekSeq></word><word seq="2">which<GreekSeq>1</GreekSeq></word><word seq="3">of<GreekSeq>3</GreekSeq></word><word seq="4">you,<GreekSeq>4</GreekSeq></word><word seq="5">desiring<GreekSeq>5</GreekSeq></word><word seq="6">to build<GreekSeq>7</GreekSeq></word><word seq="7">a tower,<GreekSeq>6</GreekSeq></word><word seq="8">does</word><word seq="9">not<GreekSeq>8</GreekSeq></word><word seq="10">first<GreekSeq>9</GreekSeq></word><word seq="11">sit down<GreekSeq>10</GreekSeq></word><word seq="12">and</word><word seq="13">count<GreekSeq>11</GreekSeq></word><word seq="14">the<GreekSeq>12</GreekSeq></word><word seq="15">cost,<GreekSeq>13</GreekSeq></word><word seq="16">whether<GreekSeq>14</GreekSeq></word><word seq="17">he has<GreekSeq>15</GreekSeq></word><word seq="18">enough</word><word seq="19">to complete<GreekSeq>16</GreekSeq><GreekSeq>17</GreekSeq></word><word seq="20">it?</word></ESV></verse>
<verse number="29"><ESV><word seq="1">Otherwise,<GreekSeq>1</GreekSeq><GreekSeq>2</GreekSeq></word><word seq="2">when<GreekSeq>3</GreekSeq></word><word seq="3">he<GreekSeq>4</GreekSeq></word><word seq="4">has laid<GreekSeq>3</GreekSeq></word><word seq="5">a foundation<GreekSeq>5</GreekSeq></word><word seq="6">and<GreekSeq>6</GreekSeq></word><word seq="7">is<GreekSeq>8</GreekSeq></word><word seq="8">not<GreekSeq>7</GreekSeq></word><word seq="9">able<GreekSeq>8</GreekSeq></word><word seq="10">to finish,<GreekSeq>9</GreekSeq></word><word seq="11">all<GreekSeq>10</GreekSeq></word><word seq="12">who see<GreekSeq>12</GreekSeq></word><word seq="13">it</word><word seq="14">begin<GreekSeq>13</GreekSeq></word><word seq="15">to mock<GreekSeq>15</GreekSeq></word><word seq="16">him,<GreekSeq>14</GreekSeq></word></ESV></verse>
<verse number="30"><ESV><word seq="1">saying,<GreekSeq>1</GreekSeq></word><word seq="2">‘This<GreekSeq>3</GreekSeq></word><word seq="3">man<GreekSeq>5</GreekSeq></word><word seq="4">began<GreekSeq>6</GreekSeq></word><word seq="5">to build<GreekSeq>7</GreekSeq></word><word seq="6">and<GreekSeq>8</GreekSeq></word><word seq="7">was<GreekSeq>10</GreekSeq></word><word seq="8">not<GreekSeq>9</GreekSeq></word><word seq="9">able<GreekSeq>10</GreekSeq></word><word seq="10">to finish.’<GreekSeq>11</GreekSeq></word></ESV></verse>
<verse number="31"><ESV><word seq="1">Or<GreekSeq>1</GreekSeq></word><word seq="2">what<GreekSeq>2</GreekSeq></word><word seq="3">king,<GreekSeq>3</GreekSeq></word><word seq="4">going out<GreekSeq>4</GreekSeq></word><word seq="5">to encounter<GreekSeq>7</GreekSeq></word><word seq="6">another<GreekSeq>5</GreekSeq></word><word seq="7">king<GreekSeq>6</GreekSeq></word><word seq="8">in<GreekSeq>8</GreekSeq></word><word seq="9">war,<GreekSeq>9</GreekSeq></word><word seq="10">will</word><word seq="11">not<GreekSeq>10</GreekSeq></word><word seq="12">sit down<GreekSeq>11</GreekSeq></word><word seq="13">first<GreekSeq>12</GreekSeq></word><word seq="14">and</word><word seq="15">deliberate<GreekSeq>13</GreekSeq></word><word seq="16">whether<GreekSeq>14</GreekSeq></word><word seq="17">he is<GreekSeq>16</GreekSeq></word><word seq="18">able<GreekSeq>15</GreekSeq></word><word seq="19">with<GreekSeq>17</GreekSeq></word><word seq="20">ten<GreekSeq>18</GreekSeq></word><word seq="21">thousand<GreekSeq>19</GreekSeq></word><word seq="22">to meet<GreekSeq>20</GreekSeq></word><word seq="23">him<GreekSeq>21</GreekSeq></word><word seq="24">who comes<GreekSeq>25</GreekSeq></word><word seq="25">against<GreekSeq>26</GreekSeq></word><word seq="26">him<GreekSeq>27</GreekSeq></word><word seq="27">with<GreekSeq>22</GreekSeq></word><word seq="28">twenty<GreekSeq>23</GreekSeq></word><word seq="29">thousand?<GreekSeq>24</GreekSeq></word></ESV></verse>
<verse number="32"><ESV><word seq="1">And<GreekSeq>2</GreekSeq></word><word seq="2">if<GreekSeq>1</GreekSeq></word><word seq="3">not,<GreekSeq>3</GreekSeq></word><word seq="4">while</word><word seq="5">the other<GreekSeq>6</GreekSeq></word><word seq="6">is<GreekSeq>8</GreekSeq></word><word seq="7">yet<GreekSeq>5</GreekSeq></word><word seq="8">a great way off,<GreekSeq>7</GreekSeq></word><word seq="9">he sends<GreekSeq>10</GreekSeq></word><word seq="10">a delegation<GreekSeq>9</GreekSeq></word><word seq="11">and</word><word seq="12">asks for<GreekSeq>11</GreekSeq></word><word seq="13">terms of peace.<GreekSeq>12</GreekSeq><GreekSeq>13</GreekSeq><GreekSeq>14</GreekSeq></word></ESV></verse>
<verse number="33"><ESV><word seq="1">So<GreekSeq>1</GreekSeq></word><word seq="2">therefore,<GreekSeq>2</GreekSeq></word><word seq="3">any one<GreekSeq>3</GreekSeq></word><word seq="4">of<GreekSeq>4</GreekSeq></word><word seq="5">you<GreekSeq>5</GreekSeq></word><word seq="6">who<GreekSeq>6</GreekSeq></word><word seq="7">does</word><word seq="8">not<GreekSeq>7</GreekSeq></word><word seq="9">renounce<GreekSeq>8</GreekSeq></word><word seq="10">all<GreekSeq>9</GreekSeq></word><word seq="11">that he has<GreekSeq>11</GreekSeq><GreekSeq>12</GreekSeq></word><word seq="12">cannot<GreekSeq>13</GreekSeq><GreekSeq>14</GreekSeq></word><word seq="13">be<GreekSeq>15</GreekSeq></word><word seq="14">my<GreekSeq>16</GreekSeq></word><word seq="15">disciple.<GreekSeq>17</GreekSeq></word></ESV></verse>
<verse number="34"><ESV><word seq="1">Salt<GreekSeq>4</GreekSeq></word><word seq="2">is</word><word seq="3">good,<GreekSeq>1</GreekSeq></word><word seq="4">but<GreekSeq>6</GreekSeq></word><word seq="5">if<GreekSeq>5</GreekSeq></word><word seq="6">salt<GreekSeq>9</GreekSeq></word><word seq="7">has lost its taste,<GreekSeq>10</GreekSeq></word><word seq="8">how<GreekSeq>12</GreekSeq></word><word seq="9">shall its saltiness be restored?<GreekSeq>13</GreekSeq></word></ESV></verse>
<verse number="35"><ESV><word seq="1">It is<GreekSeq>8</GreekSeq></word><word seq="2">of</word><word seq="3">no<GreekSeq>1</GreekSeq></word><word seq="4">use<GreekSeq>7</GreekSeq></word><word seq="5">either<GreekSeq>1</GreekSeq></word><word seq="6">for<GreekSeq>2</GreekSeq></word><word seq="7">the soil<GreekSeq>3</GreekSeq></word><word seq="8">or<GreekSeq>4</GreekSeq></word><word seq="9">for<GreekSeq>5</GreekSeq></word><word seq="10">the manure pile.<GreekSeq>6</GreekSeq></word><word seq="11">It<GreekSeq>11</GreekSeq></word><word seq="12">is thrown<GreekSeq>10</GreekSeq></word><word seq="13">away.<GreekSeq>9</GreekSeq></word><word seq="14">He<GreekSeq>12</GreekSeq></word><word seq="15">who has<GreekSeq>13</GreekSeq></word><word seq="16">ears<GreekSeq>14</GreekSeq></word><word seq="17">to hear,<GreekSeq>15</GreekSeq></word><word seq="18">let him hear.”<GreekSeq>16</GreekSeq></word></ESV></verse></chapter></book>