<?xml version="1.0" encoding="UTF-8" standalone="no"?><book><chapter number="2">'<verse number="1"><ESV><word seq="1">In<GreekSeq>3</GreekSeq></word><word seq="2">those<GreekSeq>6</GreekSeq></word><word seq="3">days<GreekSeq>5</GreekSeq></word><word seq="4">a decree<GreekSeq>8</GreekSeq></word><word seq="5">went out<GreekSeq>7</GreekSeq></word><word seq="6">from<GreekSeq>9</GreekSeq></word><word seq="7">Caesar<GreekSeq>10</GreekSeq></word><word seq="8">Augustus<GreekSeq>11</GreekSeq></word><word seq="9">that</word><word seq="10">all<GreekSeq>13</GreekSeq></word><word seq="11">the<GreekSeq>14</GreekSeq></word><word seq="12">world<GreekSeq>15</GreekSeq></word><word seq="13">should be registered.<GreekSeq>12</GreekSeq></word></ESV></verse>
<verse number="2"><ESV><word seq="1">This<GreekSeq>1</GreekSeq></word><word seq="2">was<GreekSeq>4</GreekSeq></word><word seq="3">the first<GreekSeq>3</GreekSeq></word><word seq="4">registration<GreekSeq>2</GreekSeq></word><word seq="5">when</word><word seq="6">Quirinius<GreekSeq>8</GreekSeq></word><word seq="7">was governor<GreekSeq>5</GreekSeq></word><word seq="8">of Syria.<GreekSeq>7</GreekSeq></word></ESV></verse>
<verse number="3"><ESV><word seq="1">And<GreekSeq>1</GreekSeq></word><word seq="2">all<GreekSeq>3</GreekSeq></word><word seq="3">went<GreekSeq>2</GreekSeq></word><word seq="4">to be registered,<GreekSeq>4</GreekSeq></word><word seq="5">each<GreekSeq>5</GreekSeq></word><word seq="6">to<GreekSeq>6</GreekSeq></word><word seq="7">his own<GreekSeq>8</GreekSeq></word><word seq="8">town.<GreekSeq>9</GreekSeq></word></ESV></verse>
<verse number="4"><ESV><word seq="1">And<GreekSeq>2</GreekSeq></word><word seq="2">Joseph<GreekSeq>4</GreekSeq></word><word seq="3">also<GreekSeq>3</GreekSeq></word><word seq="4">went up<GreekSeq>1</GreekSeq></word><word seq="5">from<GreekSeq>5</GreekSeq></word><word seq="6">Galilee,<GreekSeq>7</GreekSeq></word><word seq="7">from<GreekSeq>8</GreekSeq></word><word seq="8">the town<GreekSeq>9</GreekSeq></word><word seq="9">of Nazareth,<GreekSeq>10</GreekSeq></word><word seq="10">to<GreekSeq>11</GreekSeq></word><word seq="11">Judea,<GreekSeq>13</GreekSeq></word><word seq="12">to<GreekSeq>14</GreekSeq></word><word seq="13">the city<GreekSeq>15</GreekSeq></word><word seq="14">of David,<GreekSeq>16</GreekSeq></word><word seq="15">which<GreekSeq>17</GreekSeq></word><word seq="16">is called<GreekSeq>18</GreekSeq></word><word seq="17">Bethlehem,<GreekSeq>19</GreekSeq></word><word seq="18">because<GreekSeq>20</GreekSeq></word><word seq="19">he<GreekSeq>23</GreekSeq></word><word seq="20">was<GreekSeq>22</GreekSeq></word><word seq="21">of<GreekSeq>24</GreekSeq></word><word seq="22">the house<GreekSeq>25</GreekSeq></word><word seq="23">and<GreekSeq>26</GreekSeq></word><word seq="24">lineage<GreekSeq>27</GreekSeq></word><word seq="25">of David,<GreekSeq>28</GreekSeq></word></ESV></verse>
<verse number="5"><ESV><word seq="1">to be registered<GreekSeq>1</GreekSeq></word><word seq="2">with<GreekSeq>2</GreekSeq></word><word seq="3">Mary,<GreekSeq>3</GreekSeq></word><word seq="4">his<GreekSeq>6</GreekSeq></word><word seq="5">betrothed,<GreekSeq>5</GreekSeq></word><word seq="6">who was<GreekSeq>7</GreekSeq></word><word seq="7">with child.<GreekSeq>8</GreekSeq></word></ESV></verse>
<verse number="6"><ESV><word seq="1">And<GreekSeq>2</GreekSeq></word><word seq="2">while<GreekSeq>3</GreekSeq><GreekSeq>4</GreekSeq></word><word seq="3">they<GreekSeq>6</GreekSeq></word><word seq="4">were<GreekSeq>5</GreekSeq></word><word seq="5">there,<GreekSeq>7</GreekSeq></word><word seq="6">the<GreekSeq>9</GreekSeq></word><word seq="7">time<GreekSeq>10</GreekSeq></word><word seq="8">came<GreekSeq>8</GreekSeq></word><word seq="9">for her<GreekSeq>13</GreekSeq></word><word seq="10">to give birth.<GreekSeq>12</GreekSeq></word></ESV></verse>
<verse number="7"><ESV><word seq="1">And<GreekSeq>1</GreekSeq></word><word seq="2">she gave birth to<GreekSeq>2</GreekSeq></word><word seq="3">her<GreekSeq>5</GreekSeq></word><word seq="4">firstborn<GreekSeq>7</GreekSeq></word><word seq="5">son<GreekSeq>4</GreekSeq></word><word seq="6">and<GreekSeq>8</GreekSeq></word><word seq="7">wrapped<GreekSeq>9</GreekSeq></word><word seq="8">him<GreekSeq>10</GreekSeq></word><word seq="9">in swaddling cloths<GreekSeq>9</GreekSeq></word><word seq="10">and<GreekSeq>11</GreekSeq></word><word seq="11">laid<GreekSeq>12</GreekSeq></word><word seq="12">him<GreekSeq>13</GreekSeq></word><word seq="13">in<GreekSeq>14</GreekSeq></word><word seq="14">a manger,<GreekSeq>15</GreekSeq></word><word seq="15">because<GreekSeq>16</GreekSeq></word><word seq="16">there was<GreekSeq>18</GreekSeq></word><word seq="17">no<GreekSeq>17</GreekSeq></word><word seq="18">place<GreekSeq>20</GreekSeq></word><word seq="19">for them<GreekSeq>19</GreekSeq></word><word seq="20">in<GreekSeq>21</GreekSeq></word><word seq="21">the<GreekSeq>22</GreekSeq></word><word seq="22">inn.<GreekSeq>23</GreekSeq></word></ESV></verse>
<verse number="8"><ESV><word seq="1">And<GreekSeq>1</GreekSeq></word><word seq="2">in<GreekSeq>4</GreekSeq></word><word seq="3">the<GreekSeq>7</GreekSeq></word><word seq="4">same<GreekSeq>8</GreekSeq></word><word seq="5">region<GreekSeq>6</GreekSeq></word><word seq="6">there were<GreekSeq>3</GreekSeq></word><word seq="7">shepherds<GreekSeq>2</GreekSeq></word><word seq="8">out in the field,<GreekSeq>9</GreekSeq></word><word seq="9">keeping<GreekSeq>11</GreekSeq></word><word seq="10">watch<GreekSeq>12</GreekSeq></word><word seq="11">over<GreekSeq>15</GreekSeq></word><word seq="12">their<GreekSeq>18</GreekSeq></word><word seq="13">flock<GreekSeq>17</GreekSeq></word><word seq="14">by night.<GreekSeq>14</GreekSeq></word></ESV></verse>
<verse number="9"><ESV><word seq="1">And<GreekSeq>1</GreekSeq></word><word seq="2">an angel<GreekSeq>2</GreekSeq></word><word seq="3">of the Lord<GreekSeq>3</GreekSeq></word><word seq="4">appeared<GreekSeq>4</GreekSeq></word><word seq="5">to them,<GreekSeq>5</GreekSeq></word><word seq="6">and<GreekSeq>6</GreekSeq></word><word seq="7">the glory<GreekSeq>7</GreekSeq></word><word seq="8">of the Lord<GreekSeq>8</GreekSeq></word><word seq="9">shone around<GreekSeq>9</GreekSeq></word><word seq="10">them,<GreekSeq>10</GreekSeq></word><word seq="11">and<GreekSeq>11</GreekSeq></word><word seq="12">they were filled with great fear.<GreekSeq>12</GreekSeq><GreekSeq>13</GreekSeq><GreekSeq>14</GreekSeq></word></ESV></verse>
<verse number="10"><ESV><word seq="1">And<GreekSeq>1</GreekSeq></word><word seq="2">the<GreekSeq>4</GreekSeq></word><word seq="3">angel<GreekSeq>5</GreekSeq></word><word seq="4">said<GreekSeq>2</GreekSeq></word><word seq="5">to them,<GreekSeq>3</GreekSeq></word><word seq="6">“Fear<GreekSeq>7</GreekSeq></word><word seq="7">not,<GreekSeq>6</GreekSeq></word><word seq="8">for<GreekSeq>9</GreekSeq></word><word seq="9">behold,<GreekSeq>8</GreekSeq></word><word seq="10">I bring<GreekSeq>10</GreekSeq></word><word seq="11">you<GreekSeq>11</GreekSeq></word><word seq="12">good news of<GreekSeq>10</GreekSeq></word><word seq="13">great<GreekSeq>13</GreekSeq></word><word seq="14">joy<GreekSeq>12</GreekSeq></word><word seq="15">that<GreekSeq>14</GreekSeq></word><word seq="16">will be<GreekSeq>15</GreekSeq></word><word seq="17">for all<GreekSeq>16</GreekSeq></word><word seq="18">the<GreekSeq>17</GreekSeq></word><word seq="19">people.<GreekSeq>18</GreekSeq></word></ESV></verse>
<verse number="11"><ESV><word seq="1">For<GreekSeq>1</GreekSeq></word><word seq="2">unto you<GreekSeq>3</GreekSeq></word><word seq="3">is born<GreekSeq>2</GreekSeq></word><word seq="4">this day<GreekSeq>4</GreekSeq></word><word seq="5">in<GreekSeq>10</GreekSeq></word><word seq="6">the city<GreekSeq>11</GreekSeq></word><word seq="7">of David<GreekSeq>12</GreekSeq></word><word seq="8">a Savior,<GreekSeq>5</GreekSeq></word><word seq="9">who<GreekSeq>6</GreekSeq></word><word seq="10">is<GreekSeq>7</GreekSeq></word><word seq="11">Christ<GreekSeq>8</GreekSeq></word><word seq="12">the Lord.<GreekSeq>9</GreekSeq></word></ESV></verse>
<verse number="12"><ESV><word seq="1">And<GreekSeq>1</GreekSeq></word><word seq="2">this<GreekSeq>2</GreekSeq></word><word seq="3">will be</word><word seq="4">a<GreekSeq>4</GreekSeq></word><word seq="5">sign<GreekSeq>5</GreekSeq></word><word seq="6">for you:<GreekSeq>3</GreekSeq></word><word seq="7">you will find<GreekSeq>6</GreekSeq></word><word seq="8">a baby<GreekSeq>7</GreekSeq></word><word seq="9">wrapped in swaddling cloths<GreekSeq>8</GreekSeq></word><word seq="10">and<GreekSeq>9</GreekSeq></word><word seq="11">lying<GreekSeq>10</GreekSeq></word><word seq="12">in<GreekSeq>11</GreekSeq></word><word seq="13">a manger.”<GreekSeq>12</GreekSeq></word></ESV></verse>
<verse number="13"><ESV><word seq="1">And<GreekSeq>1</GreekSeq></word><word seq="2">suddenly<GreekSeq>2</GreekSeq></word><word seq="3">there was<GreekSeq>3</GreekSeq></word><word seq="4">with<GreekSeq>4</GreekSeq></word><word seq="5">the<GreekSeq>5</GreekSeq></word><word seq="6">angel<GreekSeq>6</GreekSeq></word><word seq="7">a multitude<GreekSeq>7</GreekSeq></word><word seq="8">of the heavenly<GreekSeq>9</GreekSeq></word><word seq="9">host<GreekSeq>8</GreekSeq></word><word seq="10">praising<GreekSeq>10</GreekSeq></word><word seq="11">God<GreekSeq>12</GreekSeq></word><word seq="12">and<GreekSeq>13</GreekSeq></word><word seq="13">saying,<GreekSeq>14</GreekSeq></word></ESV></verse>
<verse number="14"><ESV><word seq="1">“Glory<GreekSeq>1</GreekSeq></word><word seq="2">to God<GreekSeq>4</GreekSeq></word><word seq="3">in<GreekSeq>2</GreekSeq></word><word seq="4">the highest,<GreekSeq>3</GreekSeq></word><word seq="5">and<GreekSeq>5</GreekSeq></word><word seq="6">on<GreekSeq>6</GreekSeq></word><word seq="7">earth<GreekSeq>7</GreekSeq></word><word seq="8">peace<GreekSeq>8</GreekSeq></word><word seq="9">among<GreekSeq>9</GreekSeq></word><word seq="10">[those]<GreekSeq>10</GreekSeq></word><word seq="11">with whom he is pleased!”<GreekSeq>11</GreekSeq></word></ESV></verse>
<verse number="15"><ESV><word seq="1">When<GreekSeq>3</GreekSeq></word><word seq="2">the<GreekSeq>10</GreekSeq></word><word seq="3">angels<GreekSeq>11</GreekSeq></word><word seq="4">went away<GreekSeq>4</GreekSeq></word><word seq="5">from<GreekSeq>5</GreekSeq></word><word seq="6">them<GreekSeq>6</GreekSeq></word><word seq="7">into<GreekSeq>7</GreekSeq></word><word seq="8">heaven,<GreekSeq>9</GreekSeq></word><word seq="9">the<GreekSeq>12</GreekSeq></word><word seq="10">shepherds<GreekSeq>13</GreekSeq></word><word seq="11">said<GreekSeq>14</GreekSeq></word><word seq="12">to<GreekSeq>15</GreekSeq></word><word seq="13">one another,<GreekSeq>16</GreekSeq></word><word seq="14">“Let us go over<GreekSeq>17</GreekSeq></word><word seq="15">to<GreekSeq>19</GreekSeq></word><word seq="16">Bethlehem<GreekSeq>20</GreekSeq></word><word seq="17">and<GreekSeq>21</GreekSeq></word><word seq="18">see<GreekSeq>22</GreekSeq></word><word seq="19">this<GreekSeq>25</GreekSeq></word><word seq="20">thing<GreekSeq>24</GreekSeq></word><word seq="21">that has happened,<GreekSeq>27</GreekSeq></word><word seq="22">which<GreekSeq>28</GreekSeq></word><word seq="23">the<GreekSeq>29</GreekSeq></word><word seq="24">Lord<GreekSeq>30</GreekSeq></word><word seq="25">has made known<GreekSeq>31</GreekSeq></word><word seq="26">to us.”<GreekSeq>32</GreekSeq></word></ESV></verse>
<verse number="16"><ESV><word seq="1">And<GreekSeq>1</GreekSeq></word><word seq="2">they went<GreekSeq>2</GreekSeq></word><word seq="3">with haste<GreekSeq>3</GreekSeq></word><word seq="4">and<GreekSeq>4</GreekSeq></word><word seq="5">found<GreekSeq>5</GreekSeq></word><word seq="6">Mary<GreekSeq>8</GreekSeq></word><word seq="7">and<GreekSeq>9</GreekSeq></word><word seq="8">Joseph,<GreekSeq>11</GreekSeq></word><word seq="9">and<GreekSeq>12</GreekSeq></word><word seq="10">the<GreekSeq>13</GreekSeq></word><word seq="11">baby<GreekSeq>14</GreekSeq></word><word seq="12">lying<GreekSeq>15</GreekSeq></word><word seq="13">in<GreekSeq>16</GreekSeq></word><word seq="14">a<GreekSeq>17</GreekSeq></word><word seq="15">manger.<GreekSeq>18</GreekSeq></word></ESV></verse>
<verse number="17"><ESV><word seq="1">And<GreekSeq>2</GreekSeq></word><word seq="2">when they saw<GreekSeq>1</GreekSeq></word><word seq="3">it,</word><word seq="4">they made known<GreekSeq>3</GreekSeq></word><word seq="5">the<GreekSeq>5</GreekSeq></word><word seq="6">saying<GreekSeq>6</GreekSeq></word><word seq="7">that had been told<GreekSeq>8</GreekSeq></word><word seq="8">them<GreekSeq>9</GreekSeq></word><word seq="9">concerning<GreekSeq>10</GreekSeq></word><word seq="10">this<GreekSeq>13</GreekSeq></word><word seq="11">child.<GreekSeq>12</GreekSeq></word></ESV></verse>
<verse number="18"><ESV><word seq="1">And<GreekSeq>1</GreekSeq></word><word seq="2">all<GreekSeq>2</GreekSeq></word><word seq="3">who heard<GreekSeq>4</GreekSeq></word><word seq="4">it</word><word seq="5">wondered<GreekSeq>5</GreekSeq></word><word seq="6">at<GreekSeq>6</GreekSeq></word><word seq="7">what<GreekSeq>7</GreekSeq></word><word seq="8">the<GreekSeq>10</GreekSeq></word><word seq="9">shepherds<GreekSeq>11</GreekSeq></word><word seq="10">told<GreekSeq>8</GreekSeq></word><word seq="11">them.<GreekSeq>13</GreekSeq></word></ESV></verse>
<verse number="19"><ESV><word seq="1">But<GreekSeq>2</GreekSeq></word><word seq="2">Mary<GreekSeq>3</GreekSeq></word><word seq="3">treasured up<GreekSeq>5</GreekSeq></word><word seq="4">all<GreekSeq>4</GreekSeq></word><word seq="5">these<GreekSeq>8</GreekSeq></word><word seq="6">things,<GreekSeq>7</GreekSeq></word><word seq="7">pondering<GreekSeq>9</GreekSeq></word><word seq="8">them</word><word seq="9">in<GreekSeq>10</GreekSeq></word><word seq="10">her<GreekSeq>13</GreekSeq></word><word seq="11">heart.<GreekSeq>12</GreekSeq></word></ESV></verse>
<verse number="20"><ESV><word seq="1">And<GreekSeq>1</GreekSeq></word><word seq="2">the<GreekSeq>3</GreekSeq></word><word seq="3">shepherds<GreekSeq>4</GreekSeq></word><word seq="4">returned,<GreekSeq>2</GreekSeq></word><word seq="5">glorifying<GreekSeq>5</GreekSeq></word><word seq="6">and<GreekSeq>6</GreekSeq></word><word seq="7">praising<GreekSeq>7</GreekSeq></word><word seq="8">God<GreekSeq>9</GreekSeq></word><word seq="9">for<GreekSeq>10</GreekSeq></word><word seq="10">all<GreekSeq>11</GreekSeq></word><word seq="11">they had heard<GreekSeq>13</GreekSeq></word><word seq="12">and<GreekSeq>14</GreekSeq></word><word seq="13">seen,<GreekSeq>15</GreekSeq></word><word seq="14">as<GreekSeq>16</GreekSeq></word><word seq="15">it had been told<GreekSeq>17</GreekSeq></word><word seq="16">them.<GreekSeq>19</GreekSeq></word></ESV></verse>
<verse number="21"><ESV><word seq="1">And<GreekSeq>1</GreekSeq></word><word seq="2">[at the end of]<GreekSeq>2</GreekSeq><GreekSeq>3</GreekSeq><GreekSeq>4</GreekSeq></word><word seq="3">eight<GreekSeq>5</GreekSeq></word><word seq="4">days,<GreekSeq>4</GreekSeq></word><word seq="5">when</word><word seq="6">he<GreekSeq>8</GreekSeq></word><word seq="7">was circumcised,<GreekSeq>7</GreekSeq></word><word seq="8">he was called<GreekSeq>10</GreekSeq></word><word seq="9">Jesus,<GreekSeq>14</GreekSeq></word><word seq="10">the<GreekSeq>11</GreekSeq></word><word seq="11">name<GreekSeq>12</GreekSeq></word><word seq="12">given<GreekSeq>16</GreekSeq></word><word seq="13">by<GreekSeq>17</GreekSeq></word><word seq="14">the<GreekSeq>18</GreekSeq></word><word seq="15">angel<GreekSeq>19</GreekSeq></word><word seq="16">before<GreekSeq>20</GreekSeq></word><word seq="17">he<GreekSeq>23</GreekSeq></word><word seq="18">was conceived<GreekSeq>22</GreekSeq></word><word seq="19">in<GreekSeq>24</GreekSeq></word><word seq="20">the<GreekSeq>25</GreekSeq></word><word seq="21">womb.<GreekSeq>26</GreekSeq></word></ESV></verse>
<verse number="22"><ESV><word seq="1">And<GreekSeq>1</GreekSeq></word><word seq="2">when<GreekSeq>2</GreekSeq></word><word seq="3">the<GreekSeq>4</GreekSeq></word><word seq="4">time<GreekSeq>5</GreekSeq></word><word seq="5">came<GreekSeq>3</GreekSeq></word><word seq="6">for</word><word seq="7">their<GreekSeq>8</GreekSeq></word><word seq="8">purification<GreekSeq>7</GreekSeq></word><word seq="9">according to<GreekSeq>9</GreekSeq></word><word seq="10">the<GreekSeq>10</GreekSeq></word><word seq="11">Law<GreekSeq>11</GreekSeq></word><word seq="12">of Moses,<GreekSeq>12</GreekSeq></word><word seq="13">they brought<GreekSeq>13</GreekSeq></word><word seq="14">him<GreekSeq>14</GreekSeq></word><word seq="15">up to<GreekSeq>15</GreekSeq></word><word seq="16">Jerusalem<GreekSeq>16</GreekSeq></word><word seq="17">to present<GreekSeq>17</GreekSeq></word><word seq="18">him</word><word seq="19">to the<GreekSeq>18</GreekSeq></word><word seq="20">Lord<GreekSeq>19</GreekSeq></word></ESV></verse>
<verse number="23"><ESV><word seq="1">(as<GreekSeq>1</GreekSeq></word><word seq="2">it is written<GreekSeq>2</GreekSeq></word><word seq="3">in<GreekSeq>3</GreekSeq></word><word seq="4">the Law<GreekSeq>4</GreekSeq></word><word seq="5">of the Lord,<GreekSeq>5</GreekSeq></word><word seq="6">“Every<GreekSeq>7</GreekSeq></word><word seq="7">male<GreekSeq>8</GreekSeq></word><word seq="8">who first opens<GreekSeq>9</GreekSeq></word><word seq="9">the womb<GreekSeq>10</GreekSeq></word><word seq="10">shall be called<GreekSeq>14</GreekSeq></word><word seq="11">holy<GreekSeq>11</GreekSeq></word><word seq="12">to the<GreekSeq>12</GreekSeq></word><word seq="13">Lord”)<GreekSeq>13</GreekSeq></word></ESV></verse>
<verse number="24"><ESV><word seq="1">and<GreekSeq>1</GreekSeq></word><word seq="2">to offer<GreekSeq>3</GreekSeq></word><word seq="3">a sacrifice<GreekSeq>4</GreekSeq></word><word seq="4">according to<GreekSeq>5</GreekSeq></word><word seq="5">what is said<GreekSeq>6</GreekSeq><GreekSeq>7</GreekSeq></word><word seq="6">in<GreekSeq>8</GreekSeq></word><word seq="7">the<GreekSeq>9</GreekSeq></word><word seq="8">Law<GreekSeq>10</GreekSeq></word><word seq="9">of the Lord,<GreekSeq>11</GreekSeq></word><word seq="10">“a pair<GreekSeq>12</GreekSeq></word><word seq="11">of turtledoves,<GreekSeq>13</GreekSeq></word><word seq="12">or<GreekSeq>14</GreekSeq></word><word seq="13">two<GreekSeq>15</GreekSeq></word><word seq="14">young<GreekSeq>16</GreekSeq></word><word seq="15">pigeons.”<GreekSeq>17</GreekSeq></word></ESV></verse>
<verse number="25"><ESV><word seq="1">[Now]<GreekSeq>2</GreekSeq></word><word seq="2">there was<GreekSeq>4</GreekSeq></word><word seq="3">a man<GreekSeq>3</GreekSeq></word><word seq="4">in<GreekSeq>5</GreekSeq></word><word seq="5">Jerusalem,<GreekSeq>6</GreekSeq></word><word seq="6">whose<GreekSeq>7</GreekSeq></word><word seq="7">name<GreekSeq>8</GreekSeq></word><word seq="8">was</word><word seq="9">Simeon,<GreekSeq>9</GreekSeq></word><word seq="10">and<GreekSeq>10</GreekSeq></word><word seq="11">this<GreekSeq>13</GreekSeq></word><word seq="12">man<GreekSeq>12</GreekSeq></word><word seq="13">was</word><word seq="14">righteous<GreekSeq>14</GreekSeq></word><word seq="15">and<GreekSeq>15</GreekSeq></word><word seq="16">devout,<GreekSeq>16</GreekSeq></word><word seq="17">waiting<GreekSeq>17</GreekSeq></word><word seq="18">for the consolation<GreekSeq>18</GreekSeq></word><word seq="19">of Israel,<GreekSeq>19</GreekSeq><GreekSeq>20</GreekSeq></word><word seq="20">and<GreekSeq>21</GreekSeq></word><word seq="21">the</word><word seq="22">Holy<GreekSeq>24</GreekSeq></word><word seq="23">Spirit<GreekSeq>22</GreekSeq></word><word seq="24">was<GreekSeq>23</GreekSeq></word><word seq="25">upon<GreekSeq>25</GreekSeq></word><word seq="26">him.<GreekSeq>26</GreekSeq></word></ESV></verse>
<verse number="26"><ESV><word seq="1">And<GreekSeq>1</GreekSeq></word><word seq="2">it had been<GreekSeq>2</GreekSeq></word><word seq="3">revealed<GreekSeq>4</GreekSeq></word><word seq="4">to him<GreekSeq>3</GreekSeq></word><word seq="5">by<GreekSeq>5</GreekSeq></word><word seq="6">the<GreekSeq>6</GreekSeq></word><word seq="7">Holy<GreekSeq>9</GreekSeq></word><word seq="8">Spirit<GreekSeq>7</GreekSeq></word><word seq="9">that he would<GreekSeq>11</GreekSeq></word><word seq="10">not<GreekSeq>10</GreekSeq></word><word seq="11">see<GreekSeq>16</GreekSeq></word><word seq="12">death<GreekSeq>12</GreekSeq></word><word seq="13">before<GreekSeq>13</GreekSeq></word><word seq="14">he had seen<GreekSeq>16</GreekSeq></word><word seq="15">the<GreekSeq>17</GreekSeq></word><word seq="16">Lord’s<GreekSeq>19</GreekSeq></word><word seq="17">Christ.<GreekSeq>18</GreekSeq></word></ESV></verse>
<verse number="27"><ESV><word seq="1">And<GreekSeq>1</GreekSeq></word><word seq="2">he came<GreekSeq>2</GreekSeq></word><word seq="3">in<GreekSeq>3</GreekSeq></word><word seq="4">the<GreekSeq>4</GreekSeq></word><word seq="5">Spirit<GreekSeq>5</GreekSeq></word><word seq="6">into<GreekSeq>6</GreekSeq></word><word seq="7">the<GreekSeq>7</GreekSeq></word><word seq="8">temple,<GreekSeq>8</GreekSeq></word><word seq="9">and<GreekSeq>9</GreekSeq></word><word seq="10">when<GreekSeq>10</GreekSeq><GreekSeq>11</GreekSeq></word><word seq="11">the<GreekSeq>13</GreekSeq></word><word seq="12">parents<GreekSeq>14</GreekSeq></word><word seq="13">brought in<GreekSeq>12</GreekSeq></word><word seq="14">the<GreekSeq>15</GreekSeq></word><word seq="15">child<GreekSeq>16</GreekSeq></word><word seq="16">Jesus,<GreekSeq>17</GreekSeq></word><word seq="17">to do<GreekSeq>19</GreekSeq></word><word seq="18">for<GreekSeq>26</GreekSeq></word><word seq="19">him<GreekSeq>27</GreekSeq></word><word seq="20">according to<GreekSeq>21</GreekSeq></word><word seq="21">the<GreekSeq>22</GreekSeq></word><word seq="22">custom<GreekSeq>23</GreekSeq></word><word seq="23">of the<GreekSeq>24</GreekSeq></word><word seq="24">Law,<GreekSeq>25</GreekSeq></word></ESV></verse>
<verse number="28"><ESV><word seq="1">he<GreekSeq>2</GreekSeq></word><word seq="2">took<GreekSeq>3</GreekSeq></word><word seq="3">him<GreekSeq>4</GreekSeq></word><word seq="4">up<GreekSeq>3</GreekSeq></word><word seq="5">in<GreekSeq>5</GreekSeq></word><word seq="6">his</word><word seq="7">arms<GreekSeq>7</GreekSeq></word><word seq="8">and<GreekSeq>1</GreekSeq></word><word seq="9">blessed<GreekSeq>9</GreekSeq></word><word seq="10">God<GreekSeq>11</GreekSeq></word><word seq="11">and<GreekSeq>8</GreekSeq></word><word seq="12">said,<GreekSeq>13</GreekSeq></word></ESV></verse>
<verse number="29"><ESV><word seq="1">“Lord,<GreekSeq>6</GreekSeq></word><word seq="2">now<GreekSeq>1</GreekSeq></word><word seq="3">you are letting<GreekSeq>2</GreekSeq></word><word seq="4">your<GreekSeq>5</GreekSeq></word><word seq="5">servant<GreekSeq>4</GreekSeq></word><word seq="6">depart<GreekSeq>2</GreekSeq></word><word seq="7">in<GreekSeq>11</GreekSeq></word><word seq="8">peace,<GreekSeq>12</GreekSeq></word><word seq="9">according to<GreekSeq>7</GreekSeq></word><word seq="10">your<GreekSeq>10</GreekSeq></word><word seq="11">word;<GreekSeq>9</GreekSeq></word></ESV></verse>
<verse number="30"><ESV><word seq="1">for<GreekSeq>1</GreekSeq></word><word seq="2">my<GreekSeq>5</GreekSeq></word><word seq="3">eyes<GreekSeq>4</GreekSeq></word><word seq="4">have seen<GreekSeq>2</GreekSeq></word><word seq="5">your<GreekSeq>8</GreekSeq></word><word seq="6">salvation<GreekSeq>7</GreekSeq></word></ESV></verse>
<verse number="31"><ESV><word seq="1">that<GreekSeq>1</GreekSeq></word><word seq="2">you have prepared<GreekSeq>2</GreekSeq></word><word seq="3">in<GreekSeq>3</GreekSeq></word><word seq="4">the presence<GreekSeq>4</GreekSeq></word><word seq="5">of all<GreekSeq>5</GreekSeq></word><word seq="6">peoples,<GreekSeq>7</GreekSeq></word></ESV></verse>
<verse number="32"><ESV><word seq="1">a light<GreekSeq>1</GreekSeq></word><word seq="2">for<GreekSeq>2</GreekSeq></word><word seq="3">revelation<GreekSeq>3</GreekSeq></word><word seq="4">to</word><word seq="5">the Gentiles,<GreekSeq>4</GreekSeq></word><word seq="6">and<GreekSeq>5</GreekSeq></word><word seq="7">for glory<GreekSeq>6</GreekSeq></word><word seq="8">to</word><word seq="9">your<GreekSeq>8</GreekSeq></word><word seq="10">people<GreekSeq>7</GreekSeq></word><word seq="11">Israel.”<GreekSeq>9</GreekSeq></word></ESV></verse>
<verse number="33"><ESV><word seq="1">And<GreekSeq>1</GreekSeq></word><word seq="2">his<GreekSeq>5</GreekSeq></word><word seq="3">father<GreekSeq>4</GreekSeq></word><word seq="4">and<GreekSeq>6</GreekSeq></word><word seq="5">his</word><word seq="6">mother<GreekSeq>8</GreekSeq></word><word seq="7">marveled<GreekSeq>9</GreekSeq></word><word seq="8">at<GreekSeq>10</GreekSeq></word><word seq="9">what was said<GreekSeq>11</GreekSeq><GreekSeq>12</GreekSeq></word><word seq="10">about<GreekSeq>13</GreekSeq></word><word seq="11">him.<GreekSeq>14</GreekSeq></word></ESV></verse>
<verse number="34"><ESV><word seq="1">And<GreekSeq>1</GreekSeq></word><word seq="2">Simeon<GreekSeq>4</GreekSeq></word><word seq="3">blessed<GreekSeq>2</GreekSeq></word><word seq="4">them<GreekSeq>3</GreekSeq></word><word seq="5">and<GreekSeq>5</GreekSeq></word><word seq="6">said<GreekSeq>6</GreekSeq></word><word seq="7">to<GreekSeq>7</GreekSeq></word><word seq="8">Mary<GreekSeq>8</GreekSeq></word><word seq="9">his<GreekSeq>11</GreekSeq></word><word seq="10">mother,<GreekSeq>10</GreekSeq></word><word seq="11">“Behold,<GreekSeq>12</GreekSeq></word><word seq="12">this [child]<GreekSeq>13</GreekSeq></word><word seq="13">is appointed<GreekSeq>14</GreekSeq></word><word seq="14">for<GreekSeq>15</GreekSeq></word><word seq="15">the fall<GreekSeq>16</GreekSeq></word><word seq="16">and<GreekSeq>17</GreekSeq></word><word seq="17">rising<GreekSeq>18</GreekSeq></word><word seq="18">of many<GreekSeq>19</GreekSeq></word><word seq="19">in<GreekSeq>20</GreekSeq></word><word seq="20">Israel,<GreekSeq>22</GreekSeq></word><word seq="21">and<GreekSeq>23</GreekSeq></word><word seq="22">for<GreekSeq>24</GreekSeq></word><word seq="23">a sign<GreekSeq>25</GreekSeq></word><word seq="24">that is opposed<GreekSeq>26</GreekSeq></word></ESV></verse>
<verse number="35"><ESV><word seq="1">(and<GreekSeq>3</GreekSeq></word><word seq="2">a sword<GreekSeq>8</GreekSeq></word><word seq="3">will pierce through<GreekSeq>7</GreekSeq></word><word seq="4">your<GreekSeq>2</GreekSeq></word><word seq="5">own<GreekSeq>4</GreekSeq></word><word seq="6">soul<GreekSeq>6</GreekSeq></word><word seq="7">also),<GreekSeq>1</GreekSeq></word><word seq="8">so that<GreekSeq>9</GreekSeq></word><word seq="9">thoughts<GreekSeq>15</GreekSeq></word><word seq="10">from<GreekSeq>12</GreekSeq></word><word seq="11">many<GreekSeq>13</GreekSeq></word><word seq="12">hearts<GreekSeq>14</GreekSeq></word><word seq="13">may be revealed.”<GreekSeq>11</GreekSeq></word></ESV></verse>
<verse number="36"><ESV><word seq="1">And<GreekSeq>1</GreekSeq></word><word seq="2">there was<GreekSeq>2</GreekSeq></word><word seq="3">a prophetess,<GreekSeq>4</GreekSeq></word><word seq="4">Anna,<GreekSeq>3</GreekSeq></word><word seq="5">the daughter<GreekSeq>5</GreekSeq></word><word seq="6">of Phanuel,<GreekSeq>6</GreekSeq></word><word seq="7">of<GreekSeq>7</GreekSeq></word><word seq="8">the tribe of<GreekSeq>8</GreekSeq></word><word seq="9">Asher.<GreekSeq>9</GreekSeq></word><word seq="10">She<GreekSeq>10</GreekSeq></word><word seq="11">was advanced in years,<GreekSeq>11</GreekSeq><GreekSeq>12</GreekSeq><GreekSeq>13</GreekSeq><GreekSeq>14</GreekSeq></word><word seq="12">having lived<GreekSeq>15</GreekSeq></word><word seq="13">with<GreekSeq>16</GreekSeq></word><word seq="14">her<GreekSeq>10</GreekSeq></word><word seq="15">husband<GreekSeq>17</GreekSeq></word><word seq="16">seven<GreekSeq>19</GreekSeq></word><word seq="17">years<GreekSeq>18</GreekSeq></word><word seq="18">from<GreekSeq>20</GreekSeq></word><word seq="19">when</word><word seq="20">she<GreekSeq>23</GreekSeq></word><word seq="21">was</word><word seq="22">a virgin,<GreekSeq>22</GreekSeq></word></ESV></verse>
<verse number="37"><ESV><word seq="1">and<GreekSeq>1</GreekSeq></word><word seq="2">then as</word><word seq="3">a widow<GreekSeq>3</GreekSeq></word><word seq="4">until<GreekSeq>4</GreekSeq></word><word seq="5">she<GreekSeq>2</GreekSeq></word><word seq="6">was</word><word seq="7">eighty-<GreekSeq>6</GreekSeq></word><word seq="8">four.<GreekSeq>7</GreekSeq></word><word seq="9">She<GreekSeq>8</GreekSeq></word><word seq="10">did<GreekSeq>10</GreekSeq></word><word seq="11">not<GreekSeq>9</GreekSeq></word><word seq="12">depart<GreekSeq>10</GreekSeq></word><word seq="13" note="Base of different Greek: ἀπὸ(575)">from</word><word seq="14">the<GreekSeq>11</GreekSeq></word><word seq="15">temple,<GreekSeq>12</GreekSeq></word><word seq="16">worshiping<GreekSeq>16</GreekSeq></word><word seq="17">with fasting<GreekSeq>13</GreekSeq></word><word seq="18">and<GreekSeq>14</GreekSeq></word><word seq="19">prayer<GreekSeq>15</GreekSeq></word><word seq="20">night<GreekSeq>17</GreekSeq></word><word seq="21">and<GreekSeq>18</GreekSeq></word><word seq="22">day.<GreekSeq>19</GreekSeq></word></ESV></verse>
<verse number="38"><ESV><word seq="1">And<GreekSeq>1</GreekSeq></word><word seq="2">coming up<GreekSeq>5</GreekSeq></word><word seq="3">at that<GreekSeq>3</GreekSeq></word><word seq="4">very<GreekSeq>2</GreekSeq></word><word seq="5">hour<GreekSeq>4</GreekSeq></word><word seq="6">she began to give thanks<GreekSeq>6</GreekSeq></word><word seq="7">to God<GreekSeq>8</GreekSeq></word><word seq="8">and<GreekSeq>9</GreekSeq></word><word seq="9">to speak<GreekSeq>10</GreekSeq></word><word seq="10">of<GreekSeq>11</GreekSeq></word><word seq="11">him<GreekSeq>12</GreekSeq></word><word seq="12">to all<GreekSeq>13</GreekSeq></word><word seq="13">who were waiting<GreekSeq>15</GreekSeq></word><word seq="14">for the redemption<GreekSeq>16</GreekSeq></word><word seq="15">of</word><word seq="16">Jerusalem.<GreekSeq>17</GreekSeq></word></ESV></verse>
<verse number="39"><ESV><word seq="1">And<GreekSeq>1</GreekSeq></word><word seq="2">when<GreekSeq>2</GreekSeq></word><word seq="3">they had performed<GreekSeq>3</GreekSeq></word><word seq="4">everything<GreekSeq>4</GreekSeq><GreekSeq>5</GreekSeq></word><word seq="5">according to<GreekSeq>6</GreekSeq></word><word seq="6">the<GreekSeq>7</GreekSeq></word><word seq="7">Law<GreekSeq>8</GreekSeq></word><word seq="8">of the Lord,<GreekSeq>9</GreekSeq></word><word seq="9">they returned<GreekSeq>10</GreekSeq></word><word seq="10">into<GreekSeq>11</GreekSeq></word><word seq="11">Galilee,<GreekSeq>13</GreekSeq></word><word seq="12">to<GreekSeq>14</GreekSeq></word><word seq="13">their own<GreekSeq>16</GreekSeq></word><word seq="14">town<GreekSeq>15</GreekSeq></word><word seq="15">of Nazareth.<GreekSeq>17</GreekSeq></word></ESV></verse>
<verse number="40"><ESV><word seq="1">And<GreekSeq>2</GreekSeq></word><word seq="2">the<GreekSeq>1</GreekSeq></word><word seq="3">child<GreekSeq>3</GreekSeq></word><word seq="4">grew<GreekSeq>4</GreekSeq></word><word seq="5">and<GreekSeq>5</GreekSeq></word><word seq="6">became strong,<GreekSeq>6</GreekSeq></word><word seq="7">filled<GreekSeq>7</GreekSeq></word><word seq="8">with wisdom.<GreekSeq>8</GreekSeq></word><word seq="9">And<GreekSeq>9</GreekSeq></word><word seq="10">the favor<GreekSeq>10</GreekSeq></word><word seq="11">of God<GreekSeq>11</GreekSeq></word><word seq="12">was<GreekSeq>12</GreekSeq></word><word seq="13">upon<GreekSeq>13</GreekSeq></word><word seq="14">him.<GreekSeq>14</GreekSeq></word></ESV></verse>
<verse number="41"><ESV><word seq="1">Now<GreekSeq>1</GreekSeq></word><word seq="2">his<GreekSeq>5</GreekSeq></word><word seq="3">parents<GreekSeq>4</GreekSeq></word><word seq="4">went<GreekSeq>2</GreekSeq></word><word seq="5">to<GreekSeq>8</GreekSeq></word><word seq="6">Jerusalem<GreekSeq>9</GreekSeq></word><word seq="7">every year<GreekSeq>6</GreekSeq><GreekSeq>7</GreekSeq></word><word seq="8">at the<GreekSeq>10</GreekSeq></word><word seq="9">Feast<GreekSeq>11</GreekSeq></word><word seq="10">of the<GreekSeq>12</GreekSeq></word><word seq="11">Passover.<GreekSeq>13</GreekSeq></word></ESV></verse>
<verse number="42"><ESV><word seq="1">And<GreekSeq>1</GreekSeq></word><word seq="2">when<GreekSeq>2</GreekSeq></word><word seq="3">he was<GreekSeq>3</GreekSeq></word><word seq="4">twelve<GreekSeq>5</GreekSeq></word><word seq="5">years old,<GreekSeq>4</GreekSeq></word><word seq="6">they<GreekSeq>7</GreekSeq></word><word seq="7">went up<GreekSeq>6</GreekSeq></word><word seq="8">according to<GreekSeq>8</GreekSeq></word><word seq="9">custom.<GreekSeq>10</GreekSeq></word></ESV></verse>
<verse number="43"><ESV><word seq="1">And<GreekSeq>1</GreekSeq></word><word seq="2">when<GreekSeq>2</GreekSeq></word><word seq="3">the<GreekSeq>3</GreekSeq></word><word seq="4">[feast]<GreekSeq>4</GreekSeq></word><word seq="5">was ended,<GreekSeq>2</GreekSeq></word><word seq="6">as<GreekSeq>5</GreekSeq><GreekSeq>6</GreekSeq></word><word seq="7">they<GreekSeq>8</GreekSeq></word><word seq="8">were returning,<GreekSeq>7</GreekSeq></word><word seq="9">the<GreekSeq>11</GreekSeq></word><word seq="10">boy<GreekSeq>12</GreekSeq></word><word seq="11">Jesus<GreekSeq>10</GreekSeq></word><word seq="12">stayed behind<GreekSeq>9</GreekSeq></word><word seq="13">in<GreekSeq>13</GreekSeq></word><word seq="14">Jerusalem.<GreekSeq>14</GreekSeq></word><word seq="15">His<GreekSeq>20</GreekSeq></word><word seq="16">parents<GreekSeq>19</GreekSeq></word><word seq="17">did<GreekSeq>17</GreekSeq></word><word seq="18">not<GreekSeq>16</GreekSeq></word><word seq="19">know<GreekSeq>17</GreekSeq></word><word seq="20">it,</word></ESV></verse>
<verse number="44"><ESV><word seq="1">but<GreekSeq>2</GreekSeq></word><word seq="2">supposing<GreekSeq>1</GreekSeq></word><word seq="3">him<GreekSeq>3</GreekSeq></word><word seq="4">to be<GreekSeq>4</GreekSeq></word><word seq="5">in<GreekSeq>5</GreekSeq></word><word seq="6">the<GreekSeq>6</GreekSeq></word><word seq="7">group<GreekSeq>7</GreekSeq></word><word seq="8">they went<GreekSeq>8</GreekSeq></word><word seq="9">a day’s<GreekSeq>9</GreekSeq></word><word seq="10">journey,<GreekSeq>10</GreekSeq></word><word seq="11">but<GreekSeq>11</GreekSeq></word><word seq="12">then</word><word seq="13">they began to search<GreekSeq>12</GreekSeq></word><word seq="14">for him<GreekSeq>13</GreekSeq></word><word seq="15">among<GreekSeq>14</GreekSeq></word><word seq="16">their</word><word seq="17">relatives<GreekSeq>16</GreekSeq></word><word seq="18">and<GreekSeq>17</GreekSeq></word><word seq="19">acquaintances,<GreekSeq>18</GreekSeq><GreekSeq>19</GreekSeq></word></ESV></verse>
<verse number="45"><ESV><word seq="1">and<GreekSeq>1</GreekSeq></word><word seq="2">when they did<GreekSeq>3</GreekSeq></word><word seq="3">not<GreekSeq>2</GreekSeq></word><word seq="4">find<GreekSeq>3</GreekSeq></word><word seq="5">him,<GreekSeq>8</GreekSeq></word><word seq="6">they returned<GreekSeq>4</GreekSeq></word><word seq="7">to<GreekSeq>5</GreekSeq></word><word seq="8">Jerusalem,<GreekSeq>6</GreekSeq></word><word seq="9">searching<GreekSeq>7</GreekSeq></word><word seq="10">for him.<GreekSeq>8</GreekSeq></word></ESV></verse>
<verse number="46"><ESV><word seq="1">After<GreekSeq>3</GreekSeq></word><word seq="2">three<GreekSeq>5</GreekSeq></word><word seq="3">days<GreekSeq>4</GreekSeq></word><word seq="4">they found<GreekSeq>6</GreekSeq></word><word seq="5">him<GreekSeq>7</GreekSeq></word><word seq="6">in<GreekSeq>8</GreekSeq></word><word seq="7">the<GreekSeq>9</GreekSeq></word><word seq="8">temple,<GreekSeq>10</GreekSeq></word><word seq="9">sitting<GreekSeq>11</GreekSeq></word><word seq="10">among<GreekSeq>12</GreekSeq></word><word seq="11">the<GreekSeq>14</GreekSeq></word><word seq="12">teachers,<GreekSeq>15</GreekSeq></word><word seq="13">listening to<GreekSeq>17</GreekSeq></word><word seq="14">them<GreekSeq>18</GreekSeq></word><word seq="15">and<GreekSeq>19</GreekSeq></word><word seq="16">asking<GreekSeq>20</GreekSeq></word><word seq="17">them<GreekSeq>21</GreekSeq></word><word seq="18">questions.<GreekSeq>20</GreekSeq></word></ESV></verse>
<verse number="47"><ESV><word seq="1">And<GreekSeq>2</GreekSeq></word><word seq="2">all<GreekSeq>3</GreekSeq></word><word seq="3">who heard<GreekSeq>5</GreekSeq></word><word seq="4">him<GreekSeq>6</GreekSeq></word><word seq="5">were amazed<GreekSeq>1</GreekSeq></word><word seq="6">at<GreekSeq>7</GreekSeq></word><word seq="7">his<GreekSeq>13</GreekSeq></word><word seq="8">understanding<GreekSeq>9</GreekSeq></word><word seq="9">and<GreekSeq>10</GreekSeq></word><word seq="10">his</word><word seq="11">answers.<GreekSeq>12</GreekSeq></word></ESV></verse>
<verse number="48"><ESV><word seq="1">And<GreekSeq>1</GreekSeq></word><word seq="2">when [his parents] saw<GreekSeq>2</GreekSeq></word><word seq="3">him,<GreekSeq>3</GreekSeq></word><word seq="4">they were astonished.<GreekSeq>4</GreekSeq></word><word seq="5">And<GreekSeq>5</GreekSeq></word><word seq="6">his<GreekSeq>8</GreekSeq></word><word seq="7">mother<GreekSeq>10</GreekSeq></word><word seq="8">said<GreekSeq>6</GreekSeq></word><word seq="9">to<GreekSeq>7</GreekSeq></word><word seq="10">him,<GreekSeq>11</GreekSeq></word><word seq="11">“Son,<GreekSeq>12</GreekSeq></word><word seq="12">why<GreekSeq>13</GreekSeq></word><word seq="13">have you treated<GreekSeq>14</GreekSeq></word><word seq="14">us<GreekSeq>15</GreekSeq></word><word seq="15">so?<GreekSeq>16</GreekSeq></word><word seq="16">Behold,<GreekSeq>17</GreekSeq></word><word seq="17">your<GreekSeq>20</GreekSeq></word><word seq="18">father<GreekSeq>19</GreekSeq></word><word seq="19">and I<GreekSeq>21</GreekSeq></word><word seq="20">have been searching<GreekSeq>23</GreekSeq></word><word seq="21">for you<GreekSeq>24</GreekSeq></word><word seq="22">in great distress.”<GreekSeq>22</GreekSeq></word></ESV></verse>
<verse number="49"><ESV><word seq="1">And<GreekSeq>1</GreekSeq></word><word seq="2">he said<GreekSeq>2</GreekSeq></word><word seq="3">to<GreekSeq>3</GreekSeq></word><word seq="4">them,<GreekSeq>4</GreekSeq></word><word seq="5">“Why<GreekSeq>5</GreekSeq></word><word seq="6">were you looking<GreekSeq>7</GreekSeq></word><word seq="7">for me?<GreekSeq>8</GreekSeq></word><word seq="8">Did you<GreekSeq>10</GreekSeq></word><word seq="9">not<GreekSeq>9</GreekSeq></word><word seq="10">know<GreekSeq>10</GreekSeq></word><word seq="11">that<GreekSeq>11</GreekSeq></word><word seq="12">I<GreekSeq>19</GreekSeq></word><word seq="13">must<GreekSeq>17</GreekSeq></word><word seq="14">be<GreekSeq>18</GreekSeq></word><word seq="15">in<GreekSeq>12</GreekSeq></word><word seq="16">my<GreekSeq>16</GreekSeq></word><word seq="17">Father’s<GreekSeq>15</GreekSeq></word><word seq="18">[house]?”<GreekSeq>13</GreekSeq></word></ESV></verse>
<verse number="50"><ESV><word seq="1">And<GreekSeq>1</GreekSeq></word><word seq="2">they<GreekSeq>2</GreekSeq></word><word seq="3">did<GreekSeq>4</GreekSeq></word><word seq="4">not<GreekSeq>3</GreekSeq></word><word seq="5">understand<GreekSeq>4</GreekSeq></word><word seq="6">the<GreekSeq>5</GreekSeq></word><word seq="7">saying<GreekSeq>6</GreekSeq></word><word seq="8">that<GreekSeq>7</GreekSeq></word><word seq="9">he spoke<GreekSeq>8</GreekSeq></word><word seq="10">to them.<GreekSeq>9</GreekSeq></word></ESV></verse>
<verse number="51"><ESV><word seq="1">And<GreekSeq>1</GreekSeq></word><word seq="2">he went down<GreekSeq>2</GreekSeq></word><word seq="3">with<GreekSeq>3</GreekSeq></word><word seq="4">them<GreekSeq>4</GreekSeq></word><word seq="5">and<GreekSeq>5</GreekSeq></word><word seq="6">came<GreekSeq>6</GreekSeq></word><word seq="7">to<GreekSeq>7</GreekSeq></word><word seq="8">Nazareth<GreekSeq>8</GreekSeq></word><word seq="9">and<GreekSeq>9</GreekSeq></word><word seq="10">was<GreekSeq>10</GreekSeq></word><word seq="11">submissive<GreekSeq>11</GreekSeq></word><word seq="12">to them.<GreekSeq>12</GreekSeq></word><word seq="13">And<GreekSeq>13</GreekSeq></word><word seq="14">his<GreekSeq>16</GreekSeq></word><word seq="15">mother<GreekSeq>15</GreekSeq></word><word seq="16">treasured up<GreekSeq>17</GreekSeq></word><word seq="17">all<GreekSeq>18</GreekSeq></word><word seq="18" note="Base of different Greek: ταῦτα(5023)">these<GreekSeq>19</GreekSeq></word><word seq="19">things<GreekSeq>20</GreekSeq></word><word seq="20">in<GreekSeq>21</GreekSeq></word><word seq="21">her<GreekSeq>24</GreekSeq></word><word seq="22">heart.<GreekSeq>23</GreekSeq></word></ESV></verse>
<verse number="52"><ESV><word seq="1">And<GreekSeq>1</GreekSeq></word><word seq="2">Jesus<GreekSeq>2</GreekSeq></word><word seq="3">increased<GreekSeq>3</GreekSeq></word><word seq="4">in<GreekSeq>4</GreekSeq></word><word seq="5">wisdom<GreekSeq>6</GreekSeq></word><word seq="6">and<GreekSeq>7</GreekSeq></word><word seq="7">in stature<GreekSeq>8</GreekSeq></word><word seq="8">and<GreekSeq>9</GreekSeq></word><word seq="9">in favor<GreekSeq>10</GreekSeq></word><word seq="10">with<GreekSeq>11</GreekSeq></word><word seq="11">God<GreekSeq>12</GreekSeq></word><word seq="12">and<GreekSeq>13</GreekSeq></word><word seq="13">man.<GreekSeq>14</GreekSeq></word></ESV></verse></chapter></book>