<?xml version="1.0" encoding="UTF-8" standalone="no"?><book><chapter number="10">'<verse number="1"><ESV><word seq="1">After<GreekSeq>1</GreekSeq></word><word seq="2">this<GreekSeq>3</GreekSeq></word><word seq="3">the<GreekSeq>5</GreekSeq></word><word seq="4">Lord<GreekSeq>6</GreekSeq></word><word seq="5">appointed<GreekSeq>4</GreekSeq></word><word seq="6">seventy<GreekSeq>8</GreekSeq></word><word seq="7">-two<GreekSeq>9</GreekSeq></word><word seq="8">others<GreekSeq>7</GreekSeq></word><word seq="9">and<GreekSeq>10</GreekSeq></word><word seq="10">sent<GreekSeq>11</GreekSeq></word><word seq="11">them<GreekSeq>12</GreekSeq></word><word seq="12">on<GreekSeq>16</GreekSeq></word><word seq="13">[ahead]<GreekSeq>17</GreekSeq></word><word seq="14">of him,<GreekSeq>18</GreekSeq></word><word seq="15">two by two,<GreekSeq>13</GreekSeq><GreekSeq>14</GreekSeq><GreekSeq>15</GreekSeq></word><word seq="16">into<GreekSeq>19</GreekSeq></word><word seq="17">every<GreekSeq>20</GreekSeq></word><word seq="18">town<GreekSeq>21</GreekSeq></word><word seq="19">and<GreekSeq>22</GreekSeq></word><word seq="20">place<GreekSeq>23</GreekSeq></word><word seq="21">where<GreekSeq>24</GreekSeq></word><word seq="22">he himself<GreekSeq>26</GreekSeq></word><word seq="23">was about<GreekSeq>25</GreekSeq></word><word seq="24">to go.<GreekSeq>27</GreekSeq></word></ESV></verse>
<verse number="2"><ESV><word seq="1">And<GreekSeq>2</GreekSeq></word><word seq="2">he said<GreekSeq>1</GreekSeq></word><word seq="3">to<GreekSeq>3</GreekSeq></word><word seq="4">them,<GreekSeq>4</GreekSeq></word><word seq="5">“The<GreekSeq>5</GreekSeq></word><word seq="6">harvest<GreekSeq>7</GreekSeq></word><word seq="7">is</word><word seq="8">plentiful,<GreekSeq>8</GreekSeq></word><word seq="9">but<GreekSeq>10</GreekSeq></word><word seq="10">the<GreekSeq>9</GreekSeq></word><word seq="11">laborers<GreekSeq>11</GreekSeq></word><word seq="12">are</word><word seq="13">few.<GreekSeq>12</GreekSeq></word><word seq="14">Therefore<GreekSeq>14</GreekSeq></word><word seq="15">pray earnestly to<GreekSeq>13</GreekSeq></word><word seq="16">the<GreekSeq>15</GreekSeq></word><word seq="17">Lord<GreekSeq>16</GreekSeq></word><word seq="18">of the<GreekSeq>17</GreekSeq></word><word seq="19">harvest<GreekSeq>18</GreekSeq></word><word seq="20">to send out<GreekSeq>19</GreekSeq><GreekSeq>21</GreekSeq></word><word seq="21">laborers<GreekSeq>20</GreekSeq></word><word seq="22">into<GreekSeq>22</GreekSeq></word><word seq="23">his<GreekSeq>25</GreekSeq></word><word seq="24">harvest.<GreekSeq>24</GreekSeq></word></ESV></verse>
<verse number="3"><ESV><word seq="1">Go your way;<GreekSeq>1</GreekSeq></word><word seq="2">behold,<GreekSeq>2</GreekSeq></word><word seq="3">I am sending<GreekSeq>3</GreekSeq></word><word seq="4">you<GreekSeq>4</GreekSeq></word><word seq="5">out<GreekSeq>3</GreekSeq></word><word seq="6">as<GreekSeq>5</GreekSeq></word><word seq="7">lambs<GreekSeq>6</GreekSeq></word><word seq="8">in<GreekSeq>7</GreekSeq></word><word seq="9">the midst of<GreekSeq>8</GreekSeq></word><word seq="10">wolves.<GreekSeq>9</GreekSeq></word></ESV></verse>
<verse number="4"><ESV><word seq="1">Carry<GreekSeq>2</GreekSeq></word><word seq="2">no<GreekSeq>1</GreekSeq></word><word seq="3">moneybag,<GreekSeq>3</GreekSeq></word><word seq="4">no<GreekSeq>4</GreekSeq></word><word seq="5">knapsack,<GreekSeq>5</GreekSeq></word><word seq="6">no<GreekSeq>6</GreekSeq></word><word seq="7">sandals,<GreekSeq>7</GreekSeq></word><word seq="8">and<GreekSeq>8</GreekSeq></word><word seq="9">greet<GreekSeq>13</GreekSeq></word><word seq="10">no one<GreekSeq>9</GreekSeq></word><word seq="11">on<GreekSeq>10</GreekSeq></word><word seq="12">the<GreekSeq>11</GreekSeq></word><word seq="13">road.<GreekSeq>12</GreekSeq></word></ESV></verse>
<verse number="5"><ESV><word seq="1">Whatever<GreekSeq>2</GreekSeq><GreekSeq>4</GreekSeq></word><word seq="2">house<GreekSeq>6</GreekSeq></word><word seq="3">you enter,<GreekSeq>5</GreekSeq></word><word seq="4">first<GreekSeq>7</GreekSeq></word><word seq="5">say,<GreekSeq>8</GreekSeq></word><word seq="6">‘Peace<GreekSeq>9</GreekSeq></word><word seq="7">be</word><word seq="8">to this<GreekSeq>12</GreekSeq></word><word seq="9">house!’<GreekSeq>11</GreekSeq></word></ESV></verse>
<verse number="6"><ESV><word seq="1">And<GreekSeq>1</GreekSeq></word><word seq="2">if<GreekSeq>2</GreekSeq></word><word seq="3">a son<GreekSeq>5</GreekSeq></word><word seq="4">of peace<GreekSeq>6</GreekSeq></word><word seq="5">is<GreekSeq>4</GreekSeq></word><word seq="6">there,<GreekSeq>3</GreekSeq></word><word seq="7">your<GreekSeq>12</GreekSeq></word><word seq="8">peace<GreekSeq>11</GreekSeq></word><word seq="9">will rest<GreekSeq>7</GreekSeq></word><word seq="10">upon<GreekSeq>8</GreekSeq></word><word seq="11">him.<GreekSeq>9</GreekSeq></word><word seq="12">But<GreekSeq>14</GreekSeq></word><word seq="13">if<GreekSeq>13</GreekSeq></word><word seq="14">not,<GreekSeq>15</GreekSeq></word><word seq="15">it will return<GreekSeq>19</GreekSeq></word><word seq="16">to<GreekSeq>17</GreekSeq></word><word seq="17">you.<GreekSeq>18</GreekSeq></word></ESV></verse>
<verse number="7"><ESV><word seq="1">And<GreekSeq>3</GreekSeq></word><word seq="2">remain<GreekSeq>6</GreekSeq></word><word seq="3">in<GreekSeq>1</GreekSeq></word><word seq="4">the<GreekSeq>4</GreekSeq></word><word seq="5">same<GreekSeq>2</GreekSeq></word><word seq="6">house,<GreekSeq>5</GreekSeq></word><word seq="7">eating<GreekSeq>7</GreekSeq></word><word seq="8">and<GreekSeq>8</GreekSeq></word><word seq="9">drinking<GreekSeq>9</GreekSeq></word><word seq="10">what they provide,<GreekSeq>10</GreekSeq><GreekSeq>11</GreekSeq><GreekSeq>12</GreekSeq></word><word seq="11">for<GreekSeq>14</GreekSeq></word><word seq="12">the<GreekSeq>15</GreekSeq></word><word seq="13">laborer<GreekSeq>16</GreekSeq></word><word seq="14">deserves<GreekSeq>13</GreekSeq></word><word seq="15">his<GreekSeq>19</GreekSeq></word><word seq="16">wages.<GreekSeq>18</GreekSeq></word><word seq="17">Do</word><word seq="18">not<GreekSeq>20</GreekSeq></word><word seq="19">go<GreekSeq>21</GreekSeq></word><word seq="20">from<GreekSeq>22</GreekSeq></word><word seq="21">house<GreekSeq>23</GreekSeq></word><word seq="22">to<GreekSeq>24</GreekSeq></word><word seq="23">house.<GreekSeq>25</GreekSeq></word></ESV></verse>
<verse number="8"><ESV><word seq="1">Whenever<GreekSeq>3</GreekSeq><GreekSeq>4</GreekSeq></word><word seq="2">you enter<GreekSeq>6</GreekSeq></word><word seq="3">a town<GreekSeq>5</GreekSeq></word><word seq="4">and<GreekSeq>1</GreekSeq></word><word seq="5">they receive<GreekSeq>8</GreekSeq></word><word seq="6">you,<GreekSeq>9</GreekSeq></word><word seq="7">eat<GreekSeq>10</GreekSeq></word><word seq="8">what is set before<GreekSeq>11</GreekSeq><GreekSeq>12</GreekSeq></word><word seq="9">you.<GreekSeq>13</GreekSeq></word></ESV></verse>
<verse number="9"><ESV><word seq="1">Heal<GreekSeq>2</GreekSeq></word><word seq="2">the<GreekSeq>3</GreekSeq></word><word seq="3">sick<GreekSeq>6</GreekSeq></word><word seq="4">in<GreekSeq>4</GreekSeq></word><word seq="5">it<GreekSeq>5</GreekSeq></word><word seq="6">and<GreekSeq>1</GreekSeq></word><word seq="7">say<GreekSeq>8</GreekSeq></word><word seq="8">to them,<GreekSeq>9</GreekSeq></word><word seq="9">‘The<GreekSeq>13</GreekSeq></word><word seq="10">kingdom<GreekSeq>14</GreekSeq></word><word seq="11">of God<GreekSeq>16</GreekSeq></word><word seq="12">has come near<GreekSeq>10</GreekSeq></word><word seq="13">to<GreekSeq>11</GreekSeq></word><word seq="14">you.’<GreekSeq>12</GreekSeq></word></ESV></verse>
<verse number="10"><ESV><word seq="1">But<GreekSeq>3</GreekSeq></word><word seq="2">whenever<GreekSeq>2</GreekSeq><GreekSeq>4</GreekSeq></word><word seq="3">you enter<GreekSeq>6</GreekSeq></word><word seq="4">a town<GreekSeq>5</GreekSeq></word><word seq="5">and<GreekSeq>7</GreekSeq></word><word seq="6">they do<GreekSeq>9</GreekSeq></word><word seq="7">not<GreekSeq>8</GreekSeq></word><word seq="8">receive<GreekSeq>9</GreekSeq></word><word seq="9">you,<GreekSeq>10</GreekSeq></word><word seq="10">go<GreekSeq>11</GreekSeq></word><word seq="11">into<GreekSeq>12</GreekSeq></word><word seq="12">its<GreekSeq>15</GreekSeq></word><word seq="13">streets<GreekSeq>14</GreekSeq></word><word seq="14">and</word><word seq="15">say,<GreekSeq>16</GreekSeq></word></ESV></verse>
<verse number="11"><ESV><word seq="1">‘Even<GreekSeq>1</GreekSeq></word><word seq="2">the<GreekSeq>2</GreekSeq></word><word seq="3">dust<GreekSeq>3</GreekSeq></word><word seq="4">of<GreekSeq>7</GreekSeq></word><word seq="5">your<GreekSeq>10</GreekSeq></word><word seq="6">town<GreekSeq>9</GreekSeq></word><word seq="7">that clings<GreekSeq>5</GreekSeq></word><word seq="8">to<GreekSeq>11</GreekSeq></word><word seq="9">our<GreekSeq>6</GreekSeq></word><word seq="10">feet<GreekSeq>13</GreekSeq></word><word seq="11">we wipe off<GreekSeq>14</GreekSeq></word><word seq="12">against you.<GreekSeq>15</GreekSeq></word><word seq="13">Nevertheless<GreekSeq>16</GreekSeq></word><word seq="14">know<GreekSeq>18</GreekSeq></word><word seq="15">this,<GreekSeq>17</GreekSeq></word><word seq="16">that<GreekSeq>19</GreekSeq></word><word seq="17">the<GreekSeq>21</GreekSeq></word><word seq="18">kingdom<GreekSeq>22</GreekSeq></word><word seq="19">of God<GreekSeq>24</GreekSeq></word><word seq="20">has come near.’<GreekSeq>20</GreekSeq></word></ESV></verse>
<verse number="12"><ESV><word seq="1">I tell<GreekSeq>1</GreekSeq></word><word seq="2">you,<GreekSeq>2</GreekSeq></word><word seq="3">it will be<GreekSeq>10</GreekSeq></word><word seq="4">more bearable<GreekSeq>9</GreekSeq></word><word seq="5">on<GreekSeq>5</GreekSeq></word><word seq="6">that<GreekSeq>8</GreekSeq></word><word seq="7">day<GreekSeq>7</GreekSeq></word><word seq="8">for Sodom<GreekSeq>4</GreekSeq></word><word seq="9">than<GreekSeq>11</GreekSeq></word><word seq="10">for that<GreekSeq>14</GreekSeq></word><word seq="11">town.<GreekSeq>13</GreekSeq></word></ESV></verse>
<verse number="13"><ESV><word seq="1">Woe<GreekSeq>1</GreekSeq></word><word seq="2">to you,<GreekSeq>2</GreekSeq></word><word seq="3">Chorazin!<GreekSeq>3</GreekSeq></word><word seq="4">Woe<GreekSeq>4</GreekSeq></word><word seq="5">to you,<GreekSeq>5</GreekSeq></word><word seq="6">Bethsaida!<GreekSeq>6</GreekSeq></word><word seq="7">For<GreekSeq>7</GreekSeq></word><word seq="8">if<GreekSeq>8</GreekSeq></word><word seq="9">the<GreekSeq>14</GreekSeq></word><word seq="10">mighty works<GreekSeq>15</GreekSeq></word><word seq="11">done<GreekSeq>13</GreekSeq></word><word seq="12">in<GreekSeq>9</GreekSeq></word><word seq="13">you<GreekSeq>19</GreekSeq></word><word seq="14">had been done<GreekSeq>17</GreekSeq></word><word seq="15">in<GreekSeq>18</GreekSeq></word><word seq="16">Tyre<GreekSeq>10</GreekSeq></word><word seq="17">and<GreekSeq>11</GreekSeq></word><word seq="18">Sidon,<GreekSeq>12</GreekSeq></word><word seq="19">they would have repented<GreekSeq>27</GreekSeq></word><word seq="20">long ago,<GreekSeq>20</GreekSeq><GreekSeq>21</GreekSeq></word><word seq="21">sitting<GreekSeq>26</GreekSeq></word><word seq="22">in<GreekSeq>22</GreekSeq></word><word seq="23">sackcloth<GreekSeq>23</GreekSeq></word><word seq="24">and<GreekSeq>24</GreekSeq></word><word seq="25">ashes.<GreekSeq>25</GreekSeq></word></ESV></verse>
<verse number="14"><ESV><word seq="1">But<GreekSeq>1</GreekSeq></word><word seq="2">it will be<GreekSeq>6</GreekSeq></word><word seq="3">more bearable<GreekSeq>5</GreekSeq></word><word seq="4">in<GreekSeq>7</GreekSeq></word><word seq="5">the<GreekSeq>8</GreekSeq></word><word seq="6">judgment<GreekSeq>9</GreekSeq></word><word seq="7">for Tyre<GreekSeq>2</GreekSeq></word><word seq="8">and<GreekSeq>3</GreekSeq></word><word seq="9">Sidon<GreekSeq>4</GreekSeq></word><word seq="10">than<GreekSeq>10</GreekSeq></word><word seq="11">for you.<GreekSeq>11</GreekSeq></word></ESV></verse>
<verse number="15"><ESV><word seq="1">And<GreekSeq>1</GreekSeq></word><word seq="2">you,<GreekSeq>2</GreekSeq></word><word seq="3">Capernaum,<GreekSeq>3</GreekSeq></word><word seq="4">will you be exalted<GreekSeq>7</GreekSeq></word><word seq="5">to<GreekSeq>5</GreekSeq></word><word seq="6">heaven?<GreekSeq>6</GreekSeq></word><word seq="7">You shall be brought down<GreekSeq>11</GreekSeq></word><word seq="8">to<GreekSeq>8</GreekSeq></word><word seq="9">Hades.<GreekSeq>10</GreekSeq></word></ESV></verse>
<verse number="16"><ESV><word seq="1">The one<GreekSeq>1</GreekSeq></word><word seq="2">who hears<GreekSeq>2</GreekSeq></word><word seq="3">you<GreekSeq>3</GreekSeq></word><word seq="4">hears<GreekSeq>5</GreekSeq></word><word seq="5">me,<GreekSeq>4</GreekSeq></word><word seq="6">and<GreekSeq>6</GreekSeq></word><word seq="7">the one<GreekSeq>7</GreekSeq></word><word seq="8">who rejects<GreekSeq>8</GreekSeq></word><word seq="9">you<GreekSeq>9</GreekSeq></word><word seq="10">rejects<GreekSeq>11</GreekSeq></word><word seq="11">me,<GreekSeq>10</GreekSeq></word><word seq="12">and<GreekSeq>13</GreekSeq></word><word seq="13">the one<GreekSeq>12</GreekSeq></word><word seq="14">who rejects<GreekSeq>15</GreekSeq></word><word seq="15">me<GreekSeq>14</GreekSeq></word><word seq="16">rejects<GreekSeq>16</GreekSeq></word><word seq="17">him<GreekSeq>17</GreekSeq></word><word seq="18">who sent<GreekSeq>18</GreekSeq></word><word seq="19">me.”<GreekSeq>19</GreekSeq></word></ESV></verse>
<verse number="17"><ESV><word seq="1">The<GreekSeq>3</GreekSeq></word><word seq="2">seventy<GreekSeq>4</GreekSeq></word><word seq="3">-two<GreekSeq>5</GreekSeq></word><word seq="4">returned<GreekSeq>1</GreekSeq></word><word seq="5">with<GreekSeq>6</GreekSeq></word><word seq="6">joy,<GreekSeq>7</GreekSeq></word><word seq="7">saying,<GreekSeq>8</GreekSeq></word><word seq="8">“Lord,<GreekSeq>9</GreekSeq></word><word seq="9">even<GreekSeq>10</GreekSeq></word><word seq="10">the<GreekSeq>11</GreekSeq></word><word seq="11">demons<GreekSeq>12</GreekSeq></word><word seq="12">are subject<GreekSeq>13</GreekSeq></word><word seq="13">to us<GreekSeq>14</GreekSeq></word><word seq="14">in<GreekSeq>15</GreekSeq></word><word seq="15">your<GreekSeq>18</GreekSeq></word><word seq="16">name!”<GreekSeq>17</GreekSeq></word></ESV></verse>
<verse number="18"><ESV><word seq="1">And<GreekSeq>2</GreekSeq></word><word seq="2">he said<GreekSeq>1</GreekSeq></word><word seq="3">to them,<GreekSeq>3</GreekSeq></word><word seq="4">“I saw<GreekSeq>4</GreekSeq></word><word seq="5">Satan<GreekSeq>6</GreekSeq></word><word seq="6">fall<GreekSeq>12</GreekSeq></word><word seq="7">like<GreekSeq>7</GreekSeq></word><word seq="8">lightning<GreekSeq>8</GreekSeq></word><word seq="9">from<GreekSeq>9</GreekSeq></word><word seq="10">heaven.<GreekSeq>11</GreekSeq></word></ESV></verse>
<verse number="19"><ESV><word seq="1">Behold,<GreekSeq>1</GreekSeq></word><word seq="2">I have given<GreekSeq>2</GreekSeq></word><word seq="3">you<GreekSeq>3</GreekSeq></word><word seq="4">authority<GreekSeq>5</GreekSeq></word><word seq="5">to tread<GreekSeq>7</GreekSeq></word><word seq="6">on<GreekSeq>8</GreekSeq></word><word seq="7">serpents<GreekSeq>9</GreekSeq></word><word seq="8">and<GreekSeq>10</GreekSeq></word><word seq="9">scorpions,<GreekSeq>11</GreekSeq></word><word seq="10">and<GreekSeq>12</GreekSeq></word><word seq="11">over<GreekSeq>13</GreekSeq></word><word seq="12">all<GreekSeq>14</GreekSeq></word><word seq="13">the<GreekSeq>15</GreekSeq></word><word seq="14">power<GreekSeq>16</GreekSeq></word><word seq="15">of the<GreekSeq>17</GreekSeq></word><word seq="16">enemy,<GreekSeq>18</GreekSeq></word><word seq="17">and<GreekSeq>19</GreekSeq></word><word seq="18">nothing<GreekSeq>20</GreekSeq></word><word seq="19">shall hurt<GreekSeq>24</GreekSeq></word><word seq="20">you.<GreekSeq>21</GreekSeq></word></ESV></verse>
<verse number="20"><ESV><word seq="1">Nevertheless,<GreekSeq>1</GreekSeq></word><word seq="2">do</word><word seq="3">not<GreekSeq>4</GreekSeq></word><word seq="4">rejoice<GreekSeq>5</GreekSeq></word><word seq="5">in<GreekSeq>2</GreekSeq></word><word seq="6">this,<GreekSeq>3</GreekSeq></word><word seq="7">that<GreekSeq>6</GreekSeq></word><word seq="8">the<GreekSeq>7</GreekSeq></word><word seq="9">spirits<GreekSeq>8</GreekSeq></word><word seq="10">are subject<GreekSeq>10</GreekSeq></word><word seq="11">to you,<GreekSeq>9</GreekSeq></word><word seq="12">but<GreekSeq>12</GreekSeq></word><word seq="13">rejoice<GreekSeq>11</GreekSeq></word><word seq="14">that<GreekSeq>13</GreekSeq></word><word seq="15">your<GreekSeq>16</GreekSeq></word><word seq="16">names<GreekSeq>15</GreekSeq></word><word seq="17">are written<GreekSeq>17</GreekSeq></word><word seq="18">in<GreekSeq>18</GreekSeq></word><word seq="19">heaven.”<GreekSeq>20</GreekSeq></word></ESV></verse>
<verse number="21"><ESV><word seq="1">In<GreekSeq>1</GreekSeq></word><word seq="2">that<GreekSeq>3</GreekSeq></word><word seq="3">same<GreekSeq>2</GreekSeq></word><word seq="4">hour<GreekSeq>4</GreekSeq></word><word seq="5">he rejoiced<GreekSeq>5</GreekSeq></word><word seq="6">in the<GreekSeq>7</GreekSeq></word><word seq="7">Holy<GreekSeq>10</GreekSeq></word><word seq="8">Spirit<GreekSeq>8</GreekSeq></word><word seq="9">and<GreekSeq>11</GreekSeq></word><word seq="10">said,<GreekSeq>12</GreekSeq></word><word seq="11">“I thank<GreekSeq>13</GreekSeq></word><word seq="12">you,<GreekSeq>14</GreekSeq></word><word seq="13">Father,<GreekSeq>15</GreekSeq></word><word seq="14">Lord<GreekSeq>16</GreekSeq></word><word seq="15">of heaven<GreekSeq>18</GreekSeq></word><word seq="16">and<GreekSeq>19</GreekSeq></word><word seq="17">earth,<GreekSeq>21</GreekSeq></word><word seq="18">that<GreekSeq>22</GreekSeq></word><word seq="19">you have hidden<GreekSeq>23</GreekSeq></word><word seq="20">these things<GreekSeq>24</GreekSeq></word><word seq="21">from<GreekSeq>25</GreekSeq></word><word seq="22">the wise<GreekSeq>26</GreekSeq></word><word seq="23">and<GreekSeq>27</GreekSeq></word><word seq="24">understanding<GreekSeq>28</GreekSeq></word><word seq="25">and<GreekSeq>29</GreekSeq></word><word seq="26">revealed<GreekSeq>30</GreekSeq></word><word seq="27">them<GreekSeq>31</GreekSeq></word><word seq="28">to little children;<GreekSeq>32</GreekSeq></word><word seq="29">yes,<GreekSeq>33</GreekSeq></word><word seq="30">Father,<GreekSeq>35</GreekSeq></word><word seq="31">for<GreekSeq>36</GreekSeq></word><word seq="32">such<GreekSeq>37</GreekSeq></word><word seq="33">was<GreekSeq>39</GreekSeq></word><word seq="34">your<GreekSeq>41</GreekSeq></word><word seq="35">gracious will.<GreekSeq>38</GreekSeq></word></ESV></verse>
<verse number="22"><ESV><word seq="1">All things<GreekSeq>1</GreekSeq></word><word seq="2">have been handed over<GreekSeq>3</GreekSeq></word><word seq="3">to me<GreekSeq>2</GreekSeq></word><word seq="4">by<GreekSeq>4</GreekSeq></word><word seq="5">my<GreekSeq>7</GreekSeq></word><word seq="6">Father,<GreekSeq>6</GreekSeq></word><word seq="7">and<GreekSeq>8</GreekSeq></word><word seq="8">no one<GreekSeq>9</GreekSeq></word><word seq="9">knows<GreekSeq>10</GreekSeq></word><word seq="10">who<GreekSeq>11</GreekSeq></word><word seq="11">the<GreekSeq>13</GreekSeq></word><word seq="12">Son<GreekSeq>14</GreekSeq></word><word seq="13">is<GreekSeq>12</GreekSeq></word><word seq="14" note="εἰ μή Strong Code (1508)">except<GreekSeq>15</GreekSeq><GreekSeq>16</GreekSeq></word><word seq="15">the<GreekSeq>17</GreekSeq></word><word seq="16">Father,<GreekSeq>18</GreekSeq></word><word seq="17">or<GreekSeq>19</GreekSeq></word><word seq="18">who<GreekSeq>20</GreekSeq></word><word seq="19">the<GreekSeq>22</GreekSeq></word><word seq="20">Father<GreekSeq>23</GreekSeq></word><word seq="21">is<GreekSeq>21</GreekSeq></word><word seq="22" note="εἰ μή Strong Code (1508)">except<GreekSeq>24</GreekSeq><GreekSeq>25</GreekSeq></word><word seq="23">the<GreekSeq>26</GreekSeq></word><word seq="24">Son<GreekSeq>27</GreekSeq></word><word seq="25">and<GreekSeq>28</GreekSeq></word><word seq="26">anyone<GreekSeq>30</GreekSeq></word><word seq="27">to whom<GreekSeq>29</GreekSeq></word><word seq="28">the<GreekSeq>32</GreekSeq></word><word seq="29">Son<GreekSeq>33</GreekSeq></word><word seq="30">chooses<GreekSeq>31</GreekSeq></word><word seq="31">to reveal<GreekSeq>34</GreekSeq></word><word seq="32">him.”</word></ESV></verse>
<verse number="23"><ESV><word seq="1">Then<GreekSeq>1</GreekSeq></word><word seq="2">turning<GreekSeq>2</GreekSeq></word><word seq="3">to<GreekSeq>3</GreekSeq></word><word seq="4">the<GreekSeq>4</GreekSeq></word><word seq="5">disciples<GreekSeq>5</GreekSeq></word><word seq="6">he said<GreekSeq>8</GreekSeq></word><word seq="7">privately,<GreekSeq>6</GreekSeq><GreekSeq>7</GreekSeq></word><word seq="8">“Blessed<GreekSeq>9</GreekSeq></word><word seq="9">are</word><word seq="10">the<GreekSeq>10</GreekSeq></word><word seq="11">eyes<GreekSeq>11</GreekSeq></word><word seq="12">that see<GreekSeq>13</GreekSeq></word><word seq="13">what<GreekSeq>14</GreekSeq></word><word seq="14">you see!<GreekSeq>15</GreekSeq></word></ESV></verse>
<verse number="24"><ESV><word seq="1">For<GreekSeq>2</GreekSeq></word><word seq="2">I tell<GreekSeq>1</GreekSeq></word><word seq="3">you<GreekSeq>3</GreekSeq></word><word seq="4">that<GreekSeq>4</GreekSeq></word><word seq="5">many<GreekSeq>5</GreekSeq></word><word seq="6">prophets<GreekSeq>6</GreekSeq></word><word seq="7">and<GreekSeq>7</GreekSeq></word><word seq="8">kings<GreekSeq>8</GreekSeq></word><word seq="9">desired<GreekSeq>9</GreekSeq></word><word seq="10">to see<GreekSeq>10</GreekSeq></word><word seq="11">what<GreekSeq>11</GreekSeq></word><word seq="12">you<GreekSeq>12</GreekSeq></word><word seq="13">see,<GreekSeq>13</GreekSeq></word><word seq="14">and<GreekSeq>14</GreekSeq></word><word seq="15">did</word><word seq="16">not<GreekSeq>15</GreekSeq></word><word seq="17">see<GreekSeq>16</GreekSeq></word><word seq="18">it,</word><word seq="19">and<GreekSeq>17</GreekSeq></word><word seq="20">to hear<GreekSeq>18</GreekSeq></word><word seq="21">what<GreekSeq>19</GreekSeq></word><word seq="22">you hear,<GreekSeq>20</GreekSeq></word><word seq="23">and<GreekSeq>21</GreekSeq></word><word seq="24">did</word><word seq="25">not<GreekSeq>22</GreekSeq></word><word seq="26">hear<GreekSeq>23</GreekSeq></word><word seq="27">it.”</word></ESV></verse>
<verse number="25"><ESV><word seq="1">And<GreekSeq>1</GreekSeq></word><word seq="2">behold,<GreekSeq>2</GreekSeq></word><word seq="3">a<GreekSeq>4</GreekSeq></word><word seq="4">lawyer<GreekSeq>3</GreekSeq></word><word seq="5">stood up<GreekSeq>5</GreekSeq></word><word seq="6">to put<GreekSeq>6</GreekSeq></word><word seq="7">him<GreekSeq>7</GreekSeq></word><word seq="8">to the test,<GreekSeq>6</GreekSeq></word><word seq="9">saying,<GreekSeq>8</GreekSeq></word><word seq="10">“Teacher,<GreekSeq>9</GreekSeq></word><word seq="11">what<GreekSeq>10</GreekSeq></word><word seq="12">shall I<GreekSeq>14</GreekSeq></word><word seq="13">do<GreekSeq>11</GreekSeq></word><word seq="14">to inherit<GreekSeq>14</GreekSeq></word><word seq="15">eternal<GreekSeq>13</GreekSeq></word><word seq="16">life?”<GreekSeq>12</GreekSeq></word></ESV></verse>
<verse number="26"><ESV><word seq="1">He<GreekSeq>1</GreekSeq></word><word seq="2">said<GreekSeq>3</GreekSeq></word><word seq="3">to<GreekSeq>4</GreekSeq></word><word seq="4">him,<GreekSeq>5</GreekSeq></word><word seq="5">“What<GreekSeq>9</GreekSeq></word><word seq="6">is written<GreekSeq>10</GreekSeq></word><word seq="7">in<GreekSeq>6</GreekSeq></word><word seq="8">the<GreekSeq>7</GreekSeq></word><word seq="9">Law?<GreekSeq>8</GreekSeq></word><word seq="10">How<GreekSeq>11</GreekSeq></word><word seq="11">do</word><word seq="12">you read<GreekSeq>12</GreekSeq></word><word seq="13">it?”</word></ESV></verse>
<verse number="27"><ESV><word seq="1">And<GreekSeq>2</GreekSeq></word><word seq="2">he<GreekSeq>1</GreekSeq></word><word seq="3">answered,<GreekSeq>3</GreekSeq></word><word seq="4">“You shall love<GreekSeq>5</GreekSeq></word><word seq="5">the Lord<GreekSeq>6</GreekSeq></word><word seq="6">your<GreekSeq>9</GreekSeq></word><word seq="7">God<GreekSeq>8</GreekSeq></word><word seq="8">with<GreekSeq>10</GreekSeq></word><word seq="9">all<GreekSeq>11</GreekSeq></word><word seq="10">your<GreekSeq>14</GreekSeq></word><word seq="11">heart<GreekSeq>13</GreekSeq></word><word seq="12">and<GreekSeq>15</GreekSeq></word><word seq="13">with<GreekSeq>16</GreekSeq></word><word seq="14">all<GreekSeq>17</GreekSeq></word><word seq="15">your<GreekSeq>20</GreekSeq></word><word seq="16">soul<GreekSeq>19</GreekSeq></word><word seq="17">and<GreekSeq>21</GreekSeq></word><word seq="18">with<GreekSeq>22</GreekSeq></word><word seq="19">all<GreekSeq>23</GreekSeq></word><word seq="20">your<GreekSeq>26</GreekSeq></word><word seq="21">strength<GreekSeq>25</GreekSeq></word><word seq="22">and<GreekSeq>27</GreekSeq></word><word seq="23">with<GreekSeq>28</GreekSeq></word><word seq="24">all<GreekSeq>29</GreekSeq></word><word seq="25">your<GreekSeq>32</GreekSeq></word><word seq="26">mind,<GreekSeq>31</GreekSeq></word><word seq="27">and<GreekSeq>33</GreekSeq></word><word seq="28">your<GreekSeq>36</GreekSeq></word><word seq="29">neighbor<GreekSeq>35</GreekSeq></word><word seq="30">as<GreekSeq>37</GreekSeq></word><word seq="31">yourself.”<GreekSeq>38</GreekSeq></word></ESV></verse>
<verse number="28"><ESV><word seq="1">And<GreekSeq>2</GreekSeq></word><word seq="2">he said<GreekSeq>1</GreekSeq></word><word seq="3">to him,<GreekSeq>3</GreekSeq></word><word seq="4">“You have answered<GreekSeq>5</GreekSeq></word><word seq="5">correctly;<GreekSeq>4</GreekSeq></word><word seq="6">do<GreekSeq>7</GreekSeq></word><word seq="7">this,<GreekSeq>6</GreekSeq></word><word seq="8">and<GreekSeq>8</GreekSeq></word><word seq="9">you will live.”<GreekSeq>9</GreekSeq></word></ESV></verse>
<verse number="29"><ESV><word seq="1">But<GreekSeq>2</GreekSeq></word><word seq="2">he,<GreekSeq>1</GreekSeq></word><word seq="3">desiring<GreekSeq>3</GreekSeq></word><word seq="4">to justify<GreekSeq>4</GreekSeq></word><word seq="5">himself,<GreekSeq>5</GreekSeq></word><word seq="6">said<GreekSeq>6</GreekSeq></word><word seq="7">to<GreekSeq>7</GreekSeq></word><word seq="8">Jesus,<GreekSeq>9</GreekSeq></word><word seq="9">“And<GreekSeq>10</GreekSeq></word><word seq="10">who<GreekSeq>11</GreekSeq></word><word seq="11">is<GreekSeq>12</GreekSeq></word><word seq="12">my<GreekSeq>13</GreekSeq></word><word seq="13">neighbor?”<GreekSeq>14</GreekSeq></word></ESV></verse>
<verse number="30"><ESV><word seq="1">Jesus<GreekSeq>3</GreekSeq></word><word seq="2">replied,<GreekSeq>1</GreekSeq></word><word seq="3">“A<GreekSeq>6</GreekSeq></word><word seq="4">man<GreekSeq>5</GreekSeq></word><word seq="5">was going down<GreekSeq>7</GreekSeq></word><word seq="6">from<GreekSeq>8</GreekSeq></word><word seq="7">Jerusalem<GreekSeq>9</GreekSeq></word><word seq="8">to<GreekSeq>10</GreekSeq></word><word seq="9">Jericho,<GreekSeq>11</GreekSeq></word><word seq="10">and<GreekSeq>12</GreekSeq></word><word seq="11">he fell<GreekSeq>14</GreekSeq></word><word seq="12">among robbers,<GreekSeq>13</GreekSeq></word><word seq="13">who stripped<GreekSeq>17</GreekSeq></word><word seq="14">him<GreekSeq>18</GreekSeq></word><word seq="15">and<GreekSeq>19</GreekSeq></word><word seq="16">beat<GreekSeq>20</GreekSeq><GreekSeq>21</GreekSeq></word><word seq="17">him and</word><word seq="18">departed,<GreekSeq>22</GreekSeq></word><word seq="19">leaving<GreekSeq>23</GreekSeq></word><word seq="20">him</word><word seq="21">half dead.<GreekSeq>24</GreekSeq></word></ESV></verse>
<verse number="31"><ESV><word seq="1">Now<GreekSeq>3</GreekSeq></word><word seq="2">by chance<GreekSeq>1</GreekSeq><GreekSeq>2</GreekSeq></word><word seq="3">a<GreekSeq>5</GreekSeq></word><word seq="4">priest<GreekSeq>4</GreekSeq></word><word seq="5">was going down<GreekSeq>6</GreekSeq></word><word seq="6">that<GreekSeq>10</GreekSeq></word><word seq="7">road,<GreekSeq>9</GreekSeq></word><word seq="8">and<GreekSeq>11</GreekSeq></word><word seq="9">when he saw<GreekSeq>12</GreekSeq></word><word seq="10">him<GreekSeq>13</GreekSeq></word><word seq="11">he passed by on the other side.<GreekSeq>14</GreekSeq></word></ESV></verse>
<verse number="32"><ESV><word seq="1">So likewise<GreekSeq>1</GreekSeq></word><word seq="2">a Levite,<GreekSeq>4</GreekSeq></word><word seq="3">when he came<GreekSeq>9</GreekSeq></word><word seq="4">to<GreekSeq>6</GreekSeq></word><word seq="5">the<GreekSeq>7</GreekSeq></word><word seq="6">place<GreekSeq>8</GreekSeq></word><word seq="7">and<GreekSeq>10</GreekSeq></word><word seq="8">saw<GreekSeq>11</GreekSeq></word><word seq="9">him,</word><word seq="10">passed by on the other side.<GreekSeq>12</GreekSeq></word></ESV></verse>
<verse number="33"><ESV><word seq="1">But<GreekSeq>2</GreekSeq></word><word seq="2">a<GreekSeq>3</GreekSeq></word><word seq="3">Samaritan,<GreekSeq>1</GreekSeq></word><word seq="4">as he journeyed,<GreekSeq>4</GreekSeq></word><word seq="5">came<GreekSeq>5</GreekSeq></word><word seq="6">to where he was,<GreekSeq>6</GreekSeq><GreekSeq>7</GreekSeq></word><word seq="7">and<GreekSeq>8</GreekSeq></word><word seq="8">when he saw<GreekSeq>9</GreekSeq></word><word seq="9">him,<GreekSeq>7</GreekSeq></word><word seq="10">he had compassion.<GreekSeq>10</GreekSeq></word></ESV></verse>
<verse number="34"><ESV><word seq="1">He went to [him]<GreekSeq>2</GreekSeq></word><word seq="2">and</word><word seq="3">bound up<GreekSeq>3</GreekSeq></word><word seq="4">his<GreekSeq>6</GreekSeq></word><word seq="5">wounds,<GreekSeq>5</GreekSeq></word><word seq="6">pouring on<GreekSeq>7</GreekSeq></word><word seq="7">oil<GreekSeq>8</GreekSeq></word><word seq="8">and<GreekSeq>9</GreekSeq></word><word seq="9">wine.<GreekSeq>10</GreekSeq></word><word seq="10">Then<GreekSeq>12</GreekSeq></word><word seq="11">he set<GreekSeq>11</GreekSeq></word><word seq="12">him<GreekSeq>13</GreekSeq></word><word seq="13">on<GreekSeq>14</GreekSeq></word><word seq="14">his own<GreekSeq>16</GreekSeq></word><word seq="15">animal<GreekSeq>17</GreekSeq></word><word seq="16">and</word><word seq="17">brought<GreekSeq>18</GreekSeq></word><word seq="18">him<GreekSeq>19</GreekSeq></word><word seq="19">to<GreekSeq>20</GreekSeq></word><word seq="20">an inn<GreekSeq>21</GreekSeq></word><word seq="21">and<GreekSeq>22</GreekSeq></word><word seq="22">took care<GreekSeq>23</GreekSeq></word><word seq="23">of him.<GreekSeq>24</GreekSeq></word></ESV></verse>
<verse number="35"><ESV><word seq="1">And<GreekSeq>1</GreekSeq></word><word seq="2">the<GreekSeq>3</GreekSeq></word><word seq="3">next day<GreekSeq>4</GreekSeq></word><word seq="4">he took out<GreekSeq>5</GreekSeq></word><word seq="5">two<GreekSeq>7</GreekSeq></word><word seq="6">denarii<GreekSeq>8</GreekSeq></word><word seq="7">and</word><word seq="8">gave<GreekSeq>6</GreekSeq></word><word seq="9">them</word><word seq="10">to the<GreekSeq>9</GreekSeq></word><word seq="11">innkeeper,<GreekSeq>10</GreekSeq></word><word seq="12">saying,<GreekSeq>12</GreekSeq></word><word seq="13">‘Take care<GreekSeq>13</GreekSeq></word><word seq="14">of him,<GreekSeq>14</GreekSeq></word><word seq="15">and<GreekSeq>15</GreekSeq></word><word seq="16">whatever<GreekSeq>16</GreekSeq><GreekSeq>17</GreekSeq><GreekSeq>18</GreekSeq></word><word seq="17">more you spend,<GreekSeq>19</GreekSeq></word><word seq="18">I<GreekSeq>20</GreekSeq></word><word seq="19">will repay<GreekSeq>25</GreekSeq></word><word seq="20">you<GreekSeq>26</GreekSeq></word><word seq="21">when<GreekSeq>21</GreekSeq><GreekSeq>22</GreekSeq></word><word seq="22">I<GreekSeq>24</GreekSeq></word><word seq="23">come back.’<GreekSeq>23</GreekSeq></word></ESV></verse>
<verse number="36"><ESV><word seq="1">Which<GreekSeq>1</GreekSeq></word><word seq="2">of these<GreekSeq>2</GreekSeq></word><word seq="3">three,<GreekSeq>4</GreekSeq></word><word seq="4">do</word><word seq="5">you<GreekSeq>7</GreekSeq></word><word seq="6">think,<GreekSeq>6</GreekSeq></word><word seq="7">[proved] to be<GreekSeq>8</GreekSeq></word><word seq="8">a neighbor<GreekSeq>5</GreekSeq></word><word seq="9">to the man<GreekSeq>9</GreekSeq></word><word seq="10">who fell<GreekSeq>10</GreekSeq></word><word seq="11">among<GreekSeq>11</GreekSeq></word><word seq="12">the<GreekSeq>12</GreekSeq></word><word seq="13">robbers?”<GreekSeq>13</GreekSeq></word></ESV></verse>
<verse number="37"><ESV><word seq="1">He<GreekSeq>1</GreekSeq></word><word seq="2">said,<GreekSeq>3</GreekSeq></word><word seq="3">“The one<GreekSeq>4</GreekSeq></word><word seq="4">who showed<GreekSeq>5</GreekSeq></word><word seq="5">him<GreekSeq>9</GreekSeq></word><word seq="6">mercy.”<GreekSeq>7</GreekSeq></word><word seq="7">And<GreekSeq>11</GreekSeq></word><word seq="8">Jesus<GreekSeq>14</GreekSeq></word><word seq="9">said<GreekSeq>10</GreekSeq></word><word seq="10">to him,<GreekSeq>12</GreekSeq></word><word seq="11">“You<GreekSeq>17</GreekSeq></word><word seq="12">go,<GreekSeq>15</GreekSeq></word><word seq="13">and<GreekSeq>16</GreekSeq></word><word seq="14">do<GreekSeq>18</GreekSeq></word><word seq="15">likewise.”<GreekSeq>19</GreekSeq></word></ESV></verse>
<verse number="38"><ESV><word seq="1">Now<GreekSeq>2</GreekSeq></word><word seq="2">as<GreekSeq>1</GreekSeq><GreekSeq>3</GreekSeq></word><word seq="3">they<GreekSeq>5</GreekSeq></word><word seq="4">went on their way,<GreekSeq>4</GreekSeq></word><word seq="5">[Jesus]<GreekSeq>6</GreekSeq></word><word seq="6">entered<GreekSeq>7</GreekSeq></word><word seq="7">a<GreekSeq>10</GreekSeq></word><word seq="8">village.<GreekSeq>9</GreekSeq></word><word seq="9">And<GreekSeq>12</GreekSeq></word><word seq="10">a<GreekSeq>13</GreekSeq></word><word seq="11">woman<GreekSeq>11</GreekSeq></word><word seq="12">named<GreekSeq>14</GreekSeq></word><word seq="13">Martha<GreekSeq>15</GreekSeq></word><word seq="14">welcomed<GreekSeq>16</GreekSeq></word><word seq="15">him<GreekSeq>17</GreekSeq></word><word seq="16" note="see KJV for corresponding Greek words.">into her house.</word></ESV></verse>
<verse number="39"><ESV><word seq="1">And<GreekSeq>1</GreekSeq></word><word seq="2">she<GreekSeq>2</GreekSeq></word><word seq="3">had<GreekSeq>3</GreekSeq></word><word seq="4">a sister<GreekSeq>4</GreekSeq></word><word seq="5">called<GreekSeq>5</GreekSeq></word><word seq="6">Mary,<GreekSeq>6</GreekSeq></word><word seq="7">who<GreekSeq>7</GreekSeq></word><word seq="8">sat<GreekSeq>9</GreekSeq></word><word seq="9">at<GreekSeq>10</GreekSeq></word><word seq="10">the<GreekSeq>13</GreekSeq></word><word seq="11">Lord’s<GreekSeq>14</GreekSeq></word><word seq="12">feet<GreekSeq>12</GreekSeq></word><word seq="13">and</word><word seq="14">listened to<GreekSeq>15</GreekSeq></word><word seq="15">his<GreekSeq>18</GreekSeq></word><word seq="16">[teaching].<GreekSeq>17</GreekSeq></word></ESV></verse>
<verse number="40"><ESV><word seq="1">But<GreekSeq>2</GreekSeq></word><word seq="2">Martha<GreekSeq>3</GreekSeq></word><word seq="3">was distracted<GreekSeq>4</GreekSeq></word><word seq="4">with<GreekSeq>5</GreekSeq></word><word seq="5">much<GreekSeq>6</GreekSeq></word><word seq="6">serving.<GreekSeq>7</GreekSeq></word><word seq="7">And<GreekSeq>9</GreekSeq></word><word seq="8">she went up<GreekSeq>8</GreekSeq></word><word seq="9">to him and</word><word seq="10">said,<GreekSeq>10</GreekSeq></word><word seq="11">“Lord,<GreekSeq>11</GreekSeq></word><word seq="12">do</word><word seq="13">you<GreekSeq>14</GreekSeq></word><word seq="14">not<GreekSeq>12</GreekSeq></word><word seq="15">care<GreekSeq>13</GreekSeq></word><word seq="16">that<GreekSeq>15</GreekSeq></word><word seq="17">my<GreekSeq>18</GreekSeq></word><word seq="18">sister<GreekSeq>17</GreekSeq></word><word seq="19">has left<GreekSeq>21</GreekSeq></word><word seq="20">me<GreekSeq>20</GreekSeq></word><word seq="21">to serve<GreekSeq>22</GreekSeq></word><word seq="22">alone?<GreekSeq>19</GreekSeq></word><word seq="23">Tell<GreekSeq>23</GreekSeq></word><word seq="24">her<GreekSeq>25</GreekSeq></word><word seq="25">then<GreekSeq>24</GreekSeq></word><word seq="26">to help<GreekSeq>26</GreekSeq><GreekSeq>28</GreekSeq></word><word seq="27">me.”<GreekSeq>27</GreekSeq></word></ESV></verse>
<verse number="41"><ESV><word seq="1">But<GreekSeq>2</GreekSeq></word><word seq="2">the<GreekSeq>5</GreekSeq></word><word seq="3">Lord<GreekSeq>6</GreekSeq></word><word seq="4">answered<GreekSeq>1</GreekSeq></word><word seq="5">her,<GreekSeq>4</GreekSeq></word><word seq="6">“Martha,<GreekSeq>7</GreekSeq></word><word seq="7">Martha,<GreekSeq>8</GreekSeq></word><word seq="8">you are anxious<GreekSeq>9</GreekSeq></word><word seq="9">and<GreekSeq>10</GreekSeq></word><word seq="10">troubled<GreekSeq>11</GreekSeq></word><word seq="11">about<GreekSeq>12</GreekSeq></word><word seq="12">many [things],<GreekSeq>13</GreekSeq></word></ESV></verse>
<verse number="42"><ESV><word seq="1">but<GreekSeq>2</GreekSeq></word><word seq="2">one [thing]<GreekSeq>1</GreekSeq></word><word seq="3">is<GreekSeq>3</GreekSeq></word><word seq="4">necessary.<GreekSeq>4</GreekSeq></word><word seq="5">Mary<GreekSeq>5</GreekSeq></word><word seq="6">has chosen<GreekSeq>10</GreekSeq></word><word seq="7">the<GreekSeq>7</GreekSeq></word><word seq="8">good<GreekSeq>8</GreekSeq></word><word seq="9">portion,<GreekSeq>9</GreekSeq></word><word seq="10">which<GreekSeq>11</GreekSeq></word><word seq="11">will<GreekSeq>13</GreekSeq></word><word seq="12">not<GreekSeq>12</GreekSeq></word><word seq="13">be taken away<GreekSeq>13</GreekSeq></word><word seq="14">from her.”<GreekSeq>14</GreekSeq></word></ESV></verse></chapter></book>