<?xml version="1.0" encoding="UTF-8" standalone="no"?><book><chapter number="21">'<verse number="1"><ESV><word seq="1">[Jesus] looked up<GreekSeq>1</GreekSeq></word><word seq="2">and<GreekSeq>2</GreekSeq></word><word seq="3">saw<GreekSeq>3</GreekSeq></word><word seq="4">the<GreekSeq>4</GreekSeq></word><word seq="5">rich<GreekSeq>12</GreekSeq></word><word seq="6">putting<GreekSeq>5</GreekSeq></word><word seq="7">their<GreekSeq>11</GreekSeq></word><word seq="8">gifts<GreekSeq>10</GreekSeq></word><word seq="9">into<GreekSeq>6</GreekSeq></word><word seq="10">the<GreekSeq>7</GreekSeq></word><word seq="11">offering box,<GreekSeq>8</GreekSeq></word></ESV></verse>
<verse number="2"><ESV><word seq="1">and<GreekSeq>2</GreekSeq></word><word seq="2">he saw<GreekSeq>1</GreekSeq></word><word seq="3">a<GreekSeq>3</GreekSeq></word><word seq="4">poor<GreekSeq>5</GreekSeq></word><word seq="5">widow<GreekSeq>4</GreekSeq></word><word seq="6">put in<GreekSeq>6</GreekSeq></word><word seq="7">two<GreekSeq>9</GreekSeq></word><word seq="8">small copper coins.<GreekSeq>8</GreekSeq></word></ESV></verse>
<verse number="3"><ESV><word seq="1">And<GreekSeq>1</GreekSeq></word><word seq="2">he said,<GreekSeq>2</GreekSeq></word><word seq="3">“Truly,<GreekSeq>3</GreekSeq></word><word seq="4">I tell<GreekSeq>4</GreekSeq></word><word seq="5">you,<GreekSeq>5</GreekSeq></word><word seq="6">this<GreekSeq>9</GreekSeq></word><word seq="7">poor<GreekSeq>11</GreekSeq></word><word seq="8">widow<GreekSeq>8</GreekSeq></word><word seq="9">has put in<GreekSeq>14</GreekSeq></word><word seq="10">more than<GreekSeq>12</GreekSeq></word><word seq="11">all<GreekSeq>13</GreekSeq></word><word seq="12">of them.</word></ESV></verse>
<verse number="4"><ESV><word seq="1">For<GreekSeq>2</GreekSeq></word><word seq="2">they<GreekSeq>3</GreekSeq></word><word seq="3">all<GreekSeq>1</GreekSeq></word><word seq="4">contributed<GreekSeq>8</GreekSeq><GreekSeq>11</GreekSeq></word><word seq="5">out of<GreekSeq>4</GreekSeq></word><word seq="6">their<GreekSeq>7</GreekSeq></word><word seq="7">abundance,<GreekSeq>6</GreekSeq></word><word seq="8">but<GreekSeq>13</GreekSeq></word><word seq="9">she<GreekSeq>12</GreekSeq></word><word seq="10">out of<GreekSeq>14</GreekSeq></word><word seq="11">her<GreekSeq>17</GreekSeq></word><word seq="12">poverty<GreekSeq>16</GreekSeq></word><word seq="13">put in<GreekSeq>23</GreekSeq></word><word seq="14">all<GreekSeq>18</GreekSeq></word><word seq="15">she had<GreekSeq>22</GreekSeq></word><word seq="16">to live on.”<GreekSeq>20</GreekSeq></word></ESV></verse>
<verse number="5"><ESV><word seq="1">And<GreekSeq>1</GreekSeq></word><word seq="2">while<GreekSeq>3</GreekSeq></word><word seq="3">some<GreekSeq>2</GreekSeq></word><word seq="4">were speaking<GreekSeq>3</GreekSeq></word><word seq="5">of<GreekSeq>4</GreekSeq></word><word seq="6">the<GreekSeq>5</GreekSeq></word><word seq="7">temple,<GreekSeq>6</GreekSeq></word><word seq="8">how<GreekSeq>7</GreekSeq></word><word seq="9">it was adorned<GreekSeq>12</GreekSeq></word><word seq="10">with noble<GreekSeq>9</GreekSeq></word><word seq="11">stones<GreekSeq>8</GreekSeq></word><word seq="12">and<GreekSeq>10</GreekSeq></word><word seq="13">offerings,<GreekSeq>11</GreekSeq></word><word seq="14">he said,<GreekSeq>13</GreekSeq></word></ESV></verse>
<verse number="6"><ESV><word seq="1">“As</word><word seq="2">for these things<GreekSeq>1</GreekSeq></word><word seq="3">that<GreekSeq>2</GreekSeq></word><word seq="4">you see,<GreekSeq>3</GreekSeq></word><word seq="5">the days<GreekSeq>5</GreekSeq></word><word seq="6">will come<GreekSeq>4</GreekSeq></word><word seq="7">when<GreekSeq>6</GreekSeq><GreekSeq>7</GreekSeq></word><word seq="8">there will<GreekSeq>9</GreekSeq></word><word seq="9">not<GreekSeq>8</GreekSeq></word><word seq="10">be left<GreekSeq>9</GreekSeq></word><word seq="11">here</word><word seq="12">one stone<GreekSeq>10</GreekSeq></word><word seq="13">upon<GreekSeq>11</GreekSeq></word><word seq="14">[another]<GreekSeq>12</GreekSeq></word><word seq="15">that<GreekSeq>13</GreekSeq></word><word seq="16">will<GreekSeq>15</GreekSeq></word><word seq="17">not<GreekSeq>14</GreekSeq></word><word seq="18">be thrown down.”<GreekSeq>15</GreekSeq></word></ESV></verse>
<verse number="7"><ESV><word seq="1">And<GreekSeq>2</GreekSeq></word><word seq="2">they asked<GreekSeq>1</GreekSeq></word><word seq="3">him,<GreekSeq>3</GreekSeq></word><word seq="4">“Teacher,<GreekSeq>5</GreekSeq></word><word seq="5">when<GreekSeq>6</GreekSeq></word><word seq="6">will<GreekSeq>9</GreekSeq></word><word seq="7">these things<GreekSeq>8</GreekSeq></word><word seq="8">be,<GreekSeq>9</GreekSeq></word><word seq="9">and<GreekSeq>10</GreekSeq></word><word seq="10">what<GreekSeq>11</GreekSeq></word><word seq="11">will be</word><word seq="12">the<GreekSeq>12</GreekSeq></word><word seq="13">sign<GreekSeq>13</GreekSeq></word><word seq="14">when<GreekSeq>14</GreekSeq></word><word seq="15">these things<GreekSeq>16</GreekSeq></word><word seq="16">are about<GreekSeq>15</GreekSeq></word><word seq="17">to take place?”<GreekSeq>17</GreekSeq></word></ESV></verse>
<verse number="8"><ESV><word seq="1">And<GreekSeq>2</GreekSeq></word><word seq="2">he<GreekSeq>1</GreekSeq></word><word seq="3">said,<GreekSeq>3</GreekSeq></word><word seq="4">“See<GreekSeq>4</GreekSeq></word><word seq="5">that</word><word seq="6">you are<GreekSeq>6</GreekSeq></word><word seq="7">not<GreekSeq>5</GreekSeq></word><word seq="8">led astray.<GreekSeq>6</GreekSeq></word><word seq="9">For<GreekSeq>8</GreekSeq></word><word seq="10">many<GreekSeq>7</GreekSeq></word><word seq="11">will come<GreekSeq>9</GreekSeq></word><word seq="12">in<GreekSeq>10</GreekSeq></word><word seq="13">my<GreekSeq>13</GreekSeq></word><word seq="14">name,<GreekSeq>12</GreekSeq></word><word seq="15">saying,<GreekSeq>14</GreekSeq></word><word seq="16">‘I<GreekSeq>15</GreekSeq></word><word seq="17">am<GreekSeq>16</GreekSeq></word><word seq="18">he!’</word><word seq="19">and,<GreekSeq>17</GreekSeq></word><word seq="20">‘The<GreekSeq>18</GreekSeq></word><word seq="21">time<GreekSeq>19</GreekSeq></word><word seq="22">is at hand!’<GreekSeq>20</GreekSeq></word><word seq="23">Do</word><word seq="24">not<GreekSeq>21</GreekSeq></word><word seq="25">go<GreekSeq>22</GreekSeq></word><word seq="26">after<GreekSeq>23</GreekSeq></word><word seq="27">them.<GreekSeq>24</GreekSeq></word></ESV></verse>
<verse number="9"><ESV><word seq="1">And<GreekSeq>2</GreekSeq></word><word seq="2">when<GreekSeq>1</GreekSeq></word><word seq="3">you hear of<GreekSeq>3</GreekSeq></word><word seq="4">wars<GreekSeq>4</GreekSeq></word><word seq="5">and<GreekSeq>5</GreekSeq></word><word seq="6">tumults,<GreekSeq>6</GreekSeq></word><word seq="7">do</word><word seq="8">not<GreekSeq>7</GreekSeq></word><word seq="9">be terrified,<GreekSeq>8</GreekSeq></word><word seq="10">for<GreekSeq>10</GreekSeq></word><word seq="11">these things<GreekSeq>11</GreekSeq></word><word seq="12">must<GreekSeq>9</GreekSeq></word><word seq="13">first<GreekSeq>13</GreekSeq></word><word seq="14">take place,<GreekSeq>12</GreekSeq></word><word seq="15">but<GreekSeq>14</GreekSeq></word><word seq="16">the<GreekSeq>17</GreekSeq></word><word seq="17">end<GreekSeq>18</GreekSeq></word><word seq="18">will</word><word seq="19">not<GreekSeq>15</GreekSeq></word><word seq="20">be</word><word seq="21">at once.”<GreekSeq>16</GreekSeq></word></ESV></verse>
<verse number="10"><ESV><word seq="1">Then<GreekSeq>1</GreekSeq></word><word seq="2">he said<GreekSeq>2</GreekSeq></word><word seq="3">to them,<GreekSeq>3</GreekSeq></word><word seq="4">“Nation<GreekSeq>5</GreekSeq></word><word seq="5">will rise<GreekSeq>4</GreekSeq></word><word seq="6">against<GreekSeq>6</GreekSeq></word><word seq="7">nation,<GreekSeq>7</GreekSeq></word><word seq="8">and<GreekSeq>8</GreekSeq></word><word seq="9">kingdom<GreekSeq>9</GreekSeq></word><word seq="10">against<GreekSeq>10</GreekSeq></word><word seq="11">kingdom.<GreekSeq>11</GreekSeq></word></ESV></verse>
<verse number="11"><ESV><word seq="1">There will be<GreekSeq>10</GreekSeq></word><word seq="2">great<GreekSeq>3</GreekSeq></word><word seq="3">earthquakes,<GreekSeq>1</GreekSeq></word><word seq="4">and<GreekSeq>4</GreekSeq></word><word seq="5">in various places<GreekSeq>5</GreekSeq><GreekSeq>6</GreekSeq></word><word seq="6">famines<GreekSeq>7</GreekSeq></word><word seq="7">and<GreekSeq>8</GreekSeq></word><word seq="8">pestilences.<GreekSeq>9</GreekSeq></word><word seq="9">And<GreekSeq>12</GreekSeq></word><word seq="10">there will be<GreekSeq>18</GreekSeq></word><word seq="11">terrors<GreekSeq>11</GreekSeq></word><word seq="12">and<GreekSeq>13</GreekSeq></word><word seq="13">great<GreekSeq>17</GreekSeq></word><word seq="14">signs<GreekSeq>16</GreekSeq></word><word seq="15">from<GreekSeq>14</GreekSeq></word><word seq="16">heaven.<GreekSeq>15</GreekSeq></word></ESV></verse>
<verse number="12"><ESV><word seq="1">But<GreekSeq>2</GreekSeq></word><word seq="2">before<GreekSeq>1</GreekSeq></word><word seq="3">all<GreekSeq>4</GreekSeq></word><word seq="4">this<GreekSeq>3</GreekSeq></word><word seq="5">they will lay<GreekSeq>5</GreekSeq></word><word seq="6">their<GreekSeq>10</GreekSeq></word><word seq="7">hands<GreekSeq>9</GreekSeq></word><word seq="8">on<GreekSeq>6</GreekSeq></word><word seq="9">you<GreekSeq>7</GreekSeq></word><word seq="10">and<GreekSeq>11</GreekSeq></word><word seq="11">persecute<GreekSeq>12</GreekSeq></word><word seq="12">you,</word><word seq="13">delivering [you] up<GreekSeq>13</GreekSeq></word><word seq="14">to<GreekSeq>14</GreekSeq></word><word seq="15">the<GreekSeq>15</GreekSeq></word><word seq="16">synagogues<GreekSeq>16</GreekSeq></word><word seq="17">and<GreekSeq>17</GreekSeq></word><word seq="18">prisons,<GreekSeq>18</GreekSeq></word><word seq="19">and you will</word><word seq="20">be brought<GreekSeq>19</GreekSeq></word><word seq="21">before<GreekSeq>20</GreekSeq></word><word seq="22">kings<GreekSeq>21</GreekSeq></word><word seq="23">and<GreekSeq>22</GreekSeq></word><word seq="24">governors<GreekSeq>23</GreekSeq></word><word seq="25">for<GreekSeq>24</GreekSeq></word><word seq="26">my<GreekSeq>27</GreekSeq></word><word seq="27">name’s<GreekSeq>26</GreekSeq></word><word seq="28">sake.<GreekSeq>24</GreekSeq></word></ESV></verse>
<verse number="13"><ESV><word seq="1">This will be<GreekSeq>1</GreekSeq></word><word seq="2">your<GreekSeq>2</GreekSeq></word><word seq="3">opportunity<GreekSeq>1</GreekSeq></word><word seq="4">to [bear]<GreekSeq>3</GreekSeq></word><word seq="5">witness.<GreekSeq>4</GreekSeq></word></ESV></verse>
<verse number="14"><ESV><word seq="1">Settle<GreekSeq>1</GreekSeq></word><word seq="2">it</word><word seq="3">therefore<GreekSeq>2</GreekSeq></word><word seq="4">in<GreekSeq>3</GreekSeq></word><word seq="5">your<GreekSeq>6</GreekSeq></word><word seq="6">[minds]<GreekSeq>5</GreekSeq></word><word seq="7">not<GreekSeq>7</GreekSeq></word><word seq="8">to meditate beforehand<GreekSeq>8</GreekSeq></word><word seq="9">how</word><word seq="10">to answer,<GreekSeq>9</GreekSeq></word></ESV></verse>
<verse number="15"><ESV><word seq="1">for<GreekSeq>2</GreekSeq></word><word seq="2">I<GreekSeq>1</GreekSeq></word><word seq="3">will give<GreekSeq>3</GreekSeq></word><word seq="4">you<GreekSeq>4</GreekSeq></word><word seq="5">a mouth<GreekSeq>5</GreekSeq></word><word seq="6">and<GreekSeq>6</GreekSeq></word><word seq="7">wisdom,<GreekSeq>7</GreekSeq></word><word seq="8">which<GreekSeq>8</GreekSeq></word><word seq="9">none<GreekSeq>9</GreekSeq></word><word seq="10">of</word><word seq="11">your<GreekSeq>17</GreekSeq></word><word seq="12">adversaries<GreekSeq>16</GreekSeq></word><word seq="13">will be able<GreekSeq>10</GreekSeq></word><word seq="14">to withstand<GreekSeq>11</GreekSeq></word><word seq="15">or<GreekSeq>12</GreekSeq></word><word seq="16">contradict.<GreekSeq>13</GreekSeq></word></ESV></verse>
<verse number="16"><ESV><word seq="1">You will be delivered up<GreekSeq>1</GreekSeq></word><word seq="2">even<GreekSeq>3</GreekSeq></word><word seq="3">by<GreekSeq>4</GreekSeq></word><word seq="4">parents<GreekSeq>5</GreekSeq></word><word seq="5">and<GreekSeq>6</GreekSeq></word><word seq="6">brothers<GreekSeq>7</GreekSeq></word><word seq="7">and<GreekSeq>8</GreekSeq></word><word seq="8">relatives<GreekSeq>9</GreekSeq></word><word seq="9">and<GreekSeq>10</GreekSeq></word><word seq="10">friends,<GreekSeq>11</GreekSeq></word><word seq="11">and<GreekSeq>12</GreekSeq></word><word seq="12">some of you<GreekSeq>14</GreekSeq><GreekSeq>15</GreekSeq></word><word seq="13">they will put to death.<GreekSeq>13</GreekSeq></word></ESV></verse>
<verse number="17"><ESV><word seq="1">You will be<GreekSeq>2</GreekSeq></word><word seq="2">hated<GreekSeq>3</GreekSeq></word><word seq="3">by<GreekSeq>4</GreekSeq></word><word seq="4">all<GreekSeq>5</GreekSeq></word><word seq="5">for<GreekSeq>6</GreekSeq></word><word seq="6">my<GreekSeq>9</GreekSeq></word><word seq="7">name’s<GreekSeq>8</GreekSeq></word><word seq="8">sake.<GreekSeq>6</GreekSeq></word></ESV></verse>
<verse number="18"><ESV><word seq="1">But<GreekSeq>1</GreekSeq></word><word seq="2" note="οὐ μή Strong Code (3364)">not<GreekSeq>7</GreekSeq><GreekSeq>8</GreekSeq></word><word seq="3">a hair<GreekSeq>2</GreekSeq></word><word seq="4">of<GreekSeq>3</GreekSeq></word><word seq="5">your<GreekSeq>6</GreekSeq></word><word seq="6">head<GreekSeq>5</GreekSeq></word><word seq="7">will perish.<GreekSeq>9</GreekSeq></word></ESV></verse>
<verse number="19"><ESV><word seq="1">By<GreekSeq>1</GreekSeq></word><word seq="2">your<GreekSeq>4</GreekSeq></word><word seq="3">endurance<GreekSeq>3</GreekSeq></word><word seq="4">you will gain<GreekSeq>5</GreekSeq></word><word seq="5">your<GreekSeq>8</GreekSeq></word><word seq="6">lives.<GreekSeq>7</GreekSeq></word></ESV></verse>
<verse number="20"><ESV><word seq="1">But<GreekSeq>2</GreekSeq></word><word seq="2">when<GreekSeq>1</GreekSeq></word><word seq="3">you see<GreekSeq>3</GreekSeq></word><word seq="4">Jerusalem<GreekSeq>7</GreekSeq></word><word seq="5">surrounded<GreekSeq>4</GreekSeq></word><word seq="6">by<GreekSeq>5</GreekSeq></word><word seq="7">armies,<GreekSeq>6</GreekSeq></word><word seq="8">then<GreekSeq>8</GreekSeq></word><word seq="9">know<GreekSeq>9</GreekSeq></word><word seq="10">that<GreekSeq>10</GreekSeq></word><word seq="11">its<GreekSeq>14</GreekSeq></word><word seq="12">desolation<GreekSeq>13</GreekSeq></word><word seq="13">has come near.<GreekSeq>11</GreekSeq></word></ESV></verse>
<verse number="21"><ESV><word seq="1">Then<GreekSeq>1</GreekSeq></word><word seq="2">let<GreekSeq>6</GreekSeq></word><word seq="3">those<GreekSeq>2</GreekSeq></word><word seq="4">who are</word><word seq="5">in<GreekSeq>3</GreekSeq></word><word seq="6">Judea<GreekSeq>5</GreekSeq></word><word seq="7">flee<GreekSeq>6</GreekSeq></word><word seq="8">to<GreekSeq>7</GreekSeq></word><word seq="9">the<GreekSeq>8</GreekSeq></word><word seq="10">mountains,<GreekSeq>9</GreekSeq></word><word seq="11">and<GreekSeq>10</GreekSeq></word><word seq="12">let<GreekSeq>15</GreekSeq></word><word seq="13">those<GreekSeq>11</GreekSeq></word><word seq="14">who are</word><word seq="15">inside<GreekSeq>12</GreekSeq><GreekSeq>13</GreekSeq></word><word seq="16">[the city]<GreekSeq>14</GreekSeq></word><word seq="17">depart,<GreekSeq>15</GreekSeq></word><word seq="18">and<GreekSeq>16</GreekSeq></word><word seq="19">let<GreekSeq>22</GreekSeq></word><word seq="20">not<GreekSeq>21</GreekSeq></word><word seq="21">those<GreekSeq>17</GreekSeq></word><word seq="22">who are out</word><word seq="23">in<GreekSeq>18</GreekSeq></word><word seq="24">the<GreekSeq>19</GreekSeq></word><word seq="25">country<GreekSeq>20</GreekSeq></word><word seq="26">enter<GreekSeq>22</GreekSeq></word><word seq="27">it,<GreekSeq>24</GreekSeq></word></ESV></verse>
<verse number="22"><ESV><word seq="1">for<GreekSeq>1</GreekSeq></word><word seq="2">these<GreekSeq>4</GreekSeq></word><word seq="3">are<GreekSeq>5</GreekSeq></word><word seq="4">days<GreekSeq>2</GreekSeq></word><word seq="5">of vengeance,<GreekSeq>3</GreekSeq></word><word seq="6">to fulfill<GreekSeq>7</GreekSeq></word><word seq="7">all<GreekSeq>8</GreekSeq></word><word seq="8">that is written.<GreekSeq>10</GreekSeq></word></ESV></verse>
<verse number="23"><ESV><word seq="1">Alas<GreekSeq>1</GreekSeq></word><word seq="2">for women<GreekSeq>2</GreekSeq></word><word seq="3">who are pregnant<GreekSeq>3</GreekSeq><GreekSeq>4</GreekSeq><GreekSeq>5</GreekSeq></word><word seq="4">and<GreekSeq>6</GreekSeq></word><word seq="5">for those<GreekSeq>7</GreekSeq></word><word seq="6">who are nursing infants<GreekSeq>8</GreekSeq></word><word seq="7">in<GreekSeq>9</GreekSeq></word><word seq="8">those<GreekSeq>10</GreekSeq></word><word seq="9">days!<GreekSeq>12</GreekSeq></word><word seq="10">For<GreekSeq>14</GreekSeq></word><word seq="11">there will be<GreekSeq>13</GreekSeq></word><word seq="12">great<GreekSeq>16</GreekSeq></word><word seq="13">distress<GreekSeq>15</GreekSeq></word><word seq="14">upon<GreekSeq>17</GreekSeq></word><word seq="15">the<GreekSeq>18</GreekSeq></word><word seq="16">earth<GreekSeq>19</GreekSeq></word><word seq="17">and<GreekSeq>20</GreekSeq></word><word seq="18">wrath<GreekSeq>21</GreekSeq></word><word seq="19">against this<GreekSeq>24</GreekSeq></word><word seq="20">people.<GreekSeq>23</GreekSeq></word></ESV></verse>
<verse number="24"><ESV><word seq="1">They will fall<GreekSeq>2</GreekSeq></word><word seq="2">by the edge<GreekSeq>3</GreekSeq></word><word seq="3">of the sword<GreekSeq>4</GreekSeq></word><word seq="4">and<GreekSeq>5</GreekSeq></word><word seq="5">be led captive<GreekSeq>6</GreekSeq></word><word seq="6">among<GreekSeq>7</GreekSeq></word><word seq="7">all<GreekSeq>10</GreekSeq></word><word seq="8">nations,<GreekSeq>9</GreekSeq></word><word seq="9">and<GreekSeq>11</GreekSeq></word><word seq="10">Jerusalem<GreekSeq>12</GreekSeq></word><word seq="11">will be<GreekSeq>13</GreekSeq></word><word seq="12">trampled underfoot<GreekSeq>14</GreekSeq></word><word seq="13">by<GreekSeq>15</GreekSeq></word><word seq="14">the Gentiles,<GreekSeq>16</GreekSeq></word><word seq="15">until<GreekSeq>17</GreekSeq></word><word seq="16">the times<GreekSeq>20</GreekSeq></word><word seq="17">of the Gentiles<GreekSeq>21</GreekSeq></word><word seq="18">are fulfilled.<GreekSeq>19</GreekSeq></word></ESV></verse>
<verse number="25"><ESV><word seq="1">And<GreekSeq>1</GreekSeq></word><word seq="2">there will be<GreekSeq>2</GreekSeq></word><word seq="3">signs<GreekSeq>3</GreekSeq></word><word seq="4">in<GreekSeq>4</GreekSeq></word><word seq="5">sun<GreekSeq>5</GreekSeq></word><word seq="6">and<GreekSeq>6</GreekSeq></word><word seq="7">moon<GreekSeq>7</GreekSeq></word><word seq="8">and<GreekSeq>8</GreekSeq></word><word seq="9">stars,<GreekSeq>9</GreekSeq></word><word seq="10">and<GreekSeq>10</GreekSeq></word><word seq="11">on<GreekSeq>11</GreekSeq></word><word seq="12">the<GreekSeq>12</GreekSeq></word><word seq="13">earth<GreekSeq>13</GreekSeq></word><word seq="14">distress<GreekSeq>14</GreekSeq></word><word seq="15">of nations<GreekSeq>15</GreekSeq></word><word seq="16">in<GreekSeq>16</GreekSeq></word><word seq="17">perplexity<GreekSeq>17</GreekSeq></word><word seq="18">[because] of the roaring<GreekSeq>18</GreekSeq></word><word seq="19">of the sea<GreekSeq>19</GreekSeq></word><word seq="20">and<GreekSeq>20</GreekSeq></word><word seq="21">the waves,<GreekSeq>21</GreekSeq></word></ESV></verse>
<verse number="26"><ESV><word seq="1">people<GreekSeq>2</GreekSeq></word><word seq="2">fainting<GreekSeq>1</GreekSeq></word><word seq="3">with<GreekSeq>3</GreekSeq></word><word seq="4">fear<GreekSeq>4</GreekSeq></word><word seq="5">and<GreekSeq>5</GreekSeq></word><word seq="6">with foreboding<GreekSeq>6</GreekSeq></word><word seq="7">of what is coming<GreekSeq>7</GreekSeq><GreekSeq>8</GreekSeq></word><word seq="8">on the<GreekSeq>9</GreekSeq></word><word seq="9">world.<GreekSeq>10</GreekSeq></word><word seq="10">For<GreekSeq>12</GreekSeq></word><word seq="11">the<GreekSeq>11</GreekSeq></word><word seq="12">powers<GreekSeq>13</GreekSeq></word><word seq="13">of the<GreekSeq>14</GreekSeq></word><word seq="14">heavens<GreekSeq>15</GreekSeq></word><word seq="15">will be shaken.<GreekSeq>16</GreekSeq></word></ESV></verse>
<verse number="27"><ESV><word seq="1">And<GreekSeq>1</GreekSeq></word><word seq="2">then<GreekSeq>2</GreekSeq></word><word seq="3">they will see<GreekSeq>3</GreekSeq></word><word seq="4">the<GreekSeq>4</GreekSeq></word><word seq="5">Son<GreekSeq>5</GreekSeq></word><word seq="6">of Man<GreekSeq>7</GreekSeq></word><word seq="7">coming<GreekSeq>8</GreekSeq></word><word seq="8">in<GreekSeq>9</GreekSeq></word><word seq="9">a cloud<GreekSeq>10</GreekSeq></word><word seq="10">with<GreekSeq>11</GreekSeq></word><word seq="11">power<GreekSeq>12</GreekSeq></word><word seq="12">and<GreekSeq>13</GreekSeq></word><word seq="13">great<GreekSeq>15</GreekSeq></word><word seq="14">glory.<GreekSeq>14</GreekSeq></word></ESV></verse>
<verse number="28"><ESV><word seq="1">Now<GreekSeq>2</GreekSeq></word><word seq="2">when<GreekSeq>1</GreekSeq></word><word seq="3">these things<GreekSeq>3</GreekSeq></word><word seq="4">begin<GreekSeq>1</GreekSeq></word><word seq="5">to take place,<GreekSeq>4</GreekSeq></word><word seq="6">straighten up<GreekSeq>5</GreekSeq></word><word seq="7">and<GreekSeq>6</GreekSeq></word><word seq="8">raise<GreekSeq>7</GreekSeq></word><word seq="9">your<GreekSeq>10</GreekSeq></word><word seq="10">heads,<GreekSeq>9</GreekSeq></word><word seq="11">because<GreekSeq>11</GreekSeq></word><word seq="12">your<GreekSeq>15</GreekSeq></word><word seq="13">redemption<GreekSeq>14</GreekSeq></word><word seq="14">is drawing near.”<GreekSeq>12</GreekSeq></word></ESV></verse>
<verse number="29"><ESV><word seq="1">And<GreekSeq>1</GreekSeq></word><word seq="2">he told<GreekSeq>2</GreekSeq></word><word seq="3">them<GreekSeq>4</GreekSeq></word><word seq="4">a parable:<GreekSeq>3</GreekSeq></word><word seq="5">“Look<GreekSeq>5</GreekSeq></word><word seq="6">at the<GreekSeq>6</GreekSeq></word><word seq="7">fig tree,<GreekSeq>7</GreekSeq></word><word seq="8">and<GreekSeq>8</GreekSeq></word><word seq="9">all<GreekSeq>9</GreekSeq></word><word seq="10">the<GreekSeq>10</GreekSeq></word><word seq="11">trees.<GreekSeq>11</GreekSeq></word></ESV></verse>
<verse number="30"><ESV><word seq="1">As soon as<GreekSeq>1</GreekSeq></word><word seq="2">they come out [in leaf],<GreekSeq>2</GreekSeq></word><word seq="3">you see<GreekSeq>4</GreekSeq></word><word seq="4">for<GreekSeq>5</GreekSeq></word><word seq="5">yourselves<GreekSeq>6</GreekSeq></word><word seq="6">and</word><word seq="7">know<GreekSeq>7</GreekSeq></word><word seq="8">that<GreekSeq>8</GreekSeq></word><word seq="9">the<GreekSeq>11</GreekSeq></word><word seq="10">summer<GreekSeq>12</GreekSeq></word><word seq="11">is<GreekSeq>13</GreekSeq></word><word seq="12">already<GreekSeq>9</GreekSeq></word><word seq="13">near.<GreekSeq>10</GreekSeq></word></ESV></verse>
<verse number="31"><ESV><word seq="1">So<GreekSeq>1</GreekSeq></word><word seq="2">also,<GreekSeq>2</GreekSeq></word><word seq="3">when<GreekSeq>4</GreekSeq></word><word seq="4">you<GreekSeq>3</GreekSeq></word><word seq="5">see<GreekSeq>5</GreekSeq></word><word seq="6">these things<GreekSeq>6</GreekSeq></word><word seq="7">taking place,<GreekSeq>7</GreekSeq></word><word seq="8">you know<GreekSeq>8</GreekSeq></word><word seq="9">that<GreekSeq>9</GreekSeq></word><word seq="10">the<GreekSeq>12</GreekSeq></word><word seq="11">kingdom<GreekSeq>13</GreekSeq></word><word seq="12">of God<GreekSeq>15</GreekSeq></word><word seq="13">is<GreekSeq>11</GreekSeq></word><word seq="14">near.<GreekSeq>10</GreekSeq></word></ESV></verse>
<verse number="32"><ESV><word seq="1">Truly,<GreekSeq>1</GreekSeq></word><word seq="2">I say<GreekSeq>2</GreekSeq></word><word seq="3">to you,<GreekSeq>3</GreekSeq></word><word seq="4">this<GreekSeq>10</GreekSeq></word><word seq="5">generation<GreekSeq>9</GreekSeq></word><word seq="6">will<GreekSeq>7</GreekSeq></word><word seq="7" note="οὐ μή Strong Code (3364)">not<GreekSeq>5</GreekSeq><GreekSeq>6</GreekSeq></word><word seq="8">pass away<GreekSeq>7</GreekSeq></word><word seq="9">until<GreekSeq>11</GreekSeq></word><word seq="10">all<GreekSeq>13</GreekSeq></word><word seq="11">has taken place.<GreekSeq>14</GreekSeq></word></ESV></verse>
<verse number="33"><ESV><word seq="1">Heaven<GreekSeq>2</GreekSeq></word><word seq="2">and<GreekSeq>3</GreekSeq></word><word seq="3">earth<GreekSeq>5</GreekSeq></word><word seq="4">will pass away,<GreekSeq>6</GreekSeq></word><word seq="5">but<GreekSeq>8</GreekSeq></word><word seq="6">my<GreekSeq>10</GreekSeq></word><word seq="7">words<GreekSeq>9</GreekSeq></word><word seq="8">will<GreekSeq>13</GreekSeq></word><word seq="9" note="οὐ μή Strong Code (3364)">not<GreekSeq>11</GreekSeq><GreekSeq>12</GreekSeq></word><word seq="10">pass away.<GreekSeq>13</GreekSeq></word></ESV></verse>
<verse number="34"><ESV><word seq="1">But<GreekSeq>2</GreekSeq></word><word seq="2">watch<GreekSeq>1</GreekSeq></word><word seq="3">yourselves<GreekSeq>3</GreekSeq></word><word seq="4">lest<GreekSeq>4</GreekSeq></word><word seq="5">your<GreekSeq>6</GreekSeq></word><word seq="6">hearts<GreekSeq>8</GreekSeq></word><word seq="7">be weighed down<GreekSeq>5</GreekSeq></word><word seq="8">with<GreekSeq>9</GreekSeq></word><word seq="9">dissipation<GreekSeq>10</GreekSeq></word><word seq="10">and<GreekSeq>11</GreekSeq></word><word seq="11">drunkenness<GreekSeq>12</GreekSeq></word><word seq="12">and<GreekSeq>13</GreekSeq></word><word seq="13">cares<GreekSeq>14</GreekSeq></word><word seq="14">of this life,<GreekSeq>15</GreekSeq></word><word seq="15">and<GreekSeq>16</GreekSeq></word><word seq="16">that<GreekSeq>23</GreekSeq></word><word seq="17">day<GreekSeq>22</GreekSeq></word><word seq="18">come<GreekSeq>17</GreekSeq></word><word seq="19">upon<GreekSeq>18</GreekSeq></word><word seq="20">you<GreekSeq>19</GreekSeq></word><word seq="21">suddenly<GreekSeq>20</GreekSeq></word><word seq="22" note="see next verse">like a trap.</word></ESV></verse>
<verse number="35"><ESV><word seq="1" note="from previous verse">like<GreekSeq>1</GreekSeq></word><word seq="2" note="from previous verse">a trap.<GreekSeq>2</GreekSeq></word><word seq="3">For<GreekSeq>4</GreekSeq></word><word seq="4">it will come<GreekSeq>3</GreekSeq></word><word seq="5">upon<GreekSeq>5</GreekSeq></word><word seq="6">all<GreekSeq>6</GreekSeq></word><word seq="7">who dwell<GreekSeq>8</GreekSeq></word><word seq="8">on<GreekSeq>9</GreekSeq></word><word seq="9">the face<GreekSeq>10</GreekSeq></word><word seq="10">of the<GreekSeq>12</GreekSeq></word><word seq="11">whole<GreekSeq>11</GreekSeq></word><word seq="12">earth.<GreekSeq>13</GreekSeq></word></ESV></verse>
<verse number="36"><ESV><word seq="1">But<GreekSeq>2</GreekSeq></word><word seq="2">stay awake<GreekSeq>1</GreekSeq></word><word seq="3">at<GreekSeq>3</GreekSeq></word><word seq="4">all<GreekSeq>4</GreekSeq></word><word seq="5">times,<GreekSeq>5</GreekSeq></word><word seq="6">praying<GreekSeq>6</GreekSeq></word><word seq="7">that<GreekSeq>7</GreekSeq></word><word seq="8">you may have strength<GreekSeq>8</GreekSeq></word><word seq="9">to escape<GreekSeq>9</GreekSeq></word><word seq="10">all<GreekSeq>11</GreekSeq></word><word seq="11">these<GreekSeq>10</GreekSeq></word><word seq="12">things<GreekSeq>12</GreekSeq></word><word seq="13">that are going<GreekSeq>13</GreekSeq></word><word seq="14">to take place,<GreekSeq>14</GreekSeq></word><word seq="15">and<GreekSeq>15</GreekSeq></word><word seq="16">to stand<GreekSeq>16</GreekSeq></word><word seq="17">before<GreekSeq>17</GreekSeq></word><word seq="18">the<GreekSeq>18</GreekSeq></word><word seq="19">Son<GreekSeq>19</GreekSeq></word><word seq="20">of Man.”<GreekSeq>21</GreekSeq></word></ESV></verse>
<verse number="37"><ESV><word seq="1">And<GreekSeq>2</GreekSeq></word><word seq="2">every</word><word seq="3">day<GreekSeq>4</GreekSeq></word><word seq="4">he was<GreekSeq>1</GreekSeq></word><word seq="5">teaching<GreekSeq>8</GreekSeq></word><word seq="6">in<GreekSeq>5</GreekSeq></word><word seq="7">the<GreekSeq>6</GreekSeq></word><word seq="8">temple,<GreekSeq>7</GreekSeq></word><word seq="9">but<GreekSeq>10</GreekSeq></word><word seq="10">at night<GreekSeq>11</GreekSeq></word><word seq="11">he went out<GreekSeq>12</GreekSeq></word><word seq="12">and</word><word seq="13">lodged<GreekSeq>13</GreekSeq></word><word seq="14">on<GreekSeq>14</GreekSeq></word><word seq="15">the<GreekSeq>15</GreekSeq></word><word seq="16">mount<GreekSeq>16</GreekSeq></word><word seq="17">called<GreekSeq>18</GreekSeq></word><word seq="18">Olivet.<GreekSeq>19</GreekSeq></word></ESV></verse>
<verse number="38"><ESV><word seq="1">And<GreekSeq>1</GreekSeq></word><word seq="2">early in the morning<GreekSeq>5</GreekSeq></word><word seq="3">all<GreekSeq>2</GreekSeq></word><word seq="4">the<GreekSeq>3</GreekSeq></word><word seq="5">people<GreekSeq>4</GreekSeq></word><word seq="6">came<GreekSeq>5</GreekSeq></word><word seq="7">to<GreekSeq>6</GreekSeq></word><word seq="8">him<GreekSeq>7</GreekSeq></word><word seq="9">in<GreekSeq>8</GreekSeq></word><word seq="10">the<GreekSeq>9</GreekSeq></word><word seq="11">temple<GreekSeq>10</GreekSeq></word><word seq="12">to hear<GreekSeq>11</GreekSeq></word><word seq="13">him.<GreekSeq>12</GreekSeq></word></ESV></verse></chapter></book>