<?xml version="1.0" encoding="UTF-8" standalone="no"?><book><chapter number="11">'<verse number="1"><ESV><word seq="1">Now<GreekSeq>3</GreekSeq><GreekSeq>4</GreekSeq></word><word seq="2">[Jesus]<GreekSeq>6</GreekSeq></word><word seq="3">was<GreekSeq>5</GreekSeq></word><word seq="4">praying<GreekSeq>10</GreekSeq></word><word seq="5">in<GreekSeq>7</GreekSeq></word><word seq="6">a certain<GreekSeq>9</GreekSeq></word><word seq="7">place,<GreekSeq>8</GreekSeq></word><word seq="8">and</word><word seq="9">when<GreekSeq>11</GreekSeq></word><word seq="10">he finished,<GreekSeq>12</GreekSeq></word><word seq="11">one<GreekSeq>14</GreekSeq></word><word seq="12">of<GreekSeq>16</GreekSeq></word><word seq="13">his<GreekSeq>17</GreekSeq></word><word seq="14">disciples<GreekSeq>16</GreekSeq></word><word seq="15">said<GreekSeq>13</GreekSeq></word><word seq="16">to<GreekSeq>18</GreekSeq></word><word seq="17">him,<GreekSeq>19</GreekSeq></word><word seq="18">“Lord,<GreekSeq>20</GreekSeq></word><word seq="19">teach<GreekSeq>21</GreekSeq></word><word seq="20">us<GreekSeq>22</GreekSeq></word><word seq="21">to pray,<GreekSeq>23</GreekSeq></word><word seq="22">as<GreekSeq>24</GreekSeq></word><word seq="23">John<GreekSeq>26</GreekSeq></word><word seq="24">taught<GreekSeq>27</GreekSeq></word><word seq="25">his<GreekSeq>30</GreekSeq></word><word seq="26">disciples.”<GreekSeq>29</GreekSeq></word></ESV></verse>
<verse number="2"><ESV><word seq="1">And<GreekSeq>2</GreekSeq></word><word seq="2">he said<GreekSeq>1</GreekSeq></word><word seq="3">to them,<GreekSeq>3</GreekSeq></word><word seq="4">“When<GreekSeq>4</GreekSeq></word><word seq="5">you pray,<GreekSeq>5</GreekSeq></word><word seq="6">say:<GreekSeq>6</GreekSeq></word><word seq="7">Father,<GreekSeq>7</GreekSeq></word><word seq="8">hallowed be<GreekSeq>8</GreekSeq></word><word seq="9">your<GreekSeq>11</GreekSeq></word><word seq="10">name.<GreekSeq>10</GreekSeq></word><word seq="11">Your<GreekSeq>15</GreekSeq></word><word seq="12">kingdom<GreekSeq>14</GreekSeq></word><word seq="13">come.<GreekSeq>12</GreekSeq></word></ESV></verse>
<verse number="3"><ESV><word seq="1">Give<GreekSeq>6</GreekSeq></word><word seq="2">us<GreekSeq>7</GreekSeq></word><word seq="3">each day<GreekSeq>9</GreekSeq><GreekSeq>10</GreekSeq></word><word seq="4">our<GreekSeq>3</GreekSeq></word><word seq="5">daily<GreekSeq>5</GreekSeq></word><word seq="6">bread,<GreekSeq>2</GreekSeq></word></ESV></verse>
<verse number="4"><ESV><word seq="1">and<GreekSeq>1</GreekSeq></word><word seq="2">forgive<GreekSeq>2</GreekSeq></word><word seq="3">us<GreekSeq>3</GreekSeq></word><word seq="4">our<GreekSeq>6</GreekSeq></word><word seq="5">sins,<GreekSeq>5</GreekSeq></word><word seq="6">for<GreekSeq>8</GreekSeq></word><word seq="7">we<GreekSeq>10</GreekSeq></word><word seq="8">ourselves<GreekSeq>9</GreekSeq></word><word seq="9">forgive<GreekSeq>10</GreekSeq></word><word seq="10">everyone<GreekSeq>11</GreekSeq></word><word seq="11">who is indebted<GreekSeq>12</GreekSeq></word><word seq="12">to us.<GreekSeq>13</GreekSeq></word><word seq="13">And<GreekSeq>14</GreekSeq></word><word seq="14">lead<GreekSeq>16</GreekSeq></word><word seq="15">us<GreekSeq>17</GreekSeq></word><word seq="16">not<GreekSeq>15</GreekSeq></word><word seq="17">into<GreekSeq>18</GreekSeq></word><word seq="18">temptation.”<GreekSeq>19</GreekSeq></word></ESV></verse>
<verse number="5"><ESV><word seq="1">And<GreekSeq>1</GreekSeq></word><word seq="2">he said<GreekSeq>2</GreekSeq></word><word seq="3">to<GreekSeq>3</GreekSeq></word><word seq="4">them,<GreekSeq>4</GreekSeq></word><word seq="5">“Which<GreekSeq>5</GreekSeq></word><word seq="6">of<GreekSeq>6</GreekSeq></word><word seq="7">you<GreekSeq>7</GreekSeq></word><word seq="8">who</word><word seq="9">has<GreekSeq>8</GreekSeq></word><word seq="10">a friend<GreekSeq>9</GreekSeq></word><word seq="11">will go<GreekSeq>11</GreekSeq></word><word seq="12">to<GreekSeq>12</GreekSeq></word><word seq="13">him<GreekSeq>13</GreekSeq></word><word seq="14">at midnight<GreekSeq>14</GreekSeq></word><word seq="15">and<GreekSeq>15</GreekSeq></word><word seq="16">say<GreekSeq>16</GreekSeq></word><word seq="17">to him,<GreekSeq>17</GreekSeq></word><word seq="18">‘Friend,<GreekSeq>18</GreekSeq></word><word seq="19">lend<GreekSeq>19</GreekSeq></word><word seq="20">me<GreekSeq>20</GreekSeq></word><word seq="21">three<GreekSeq>21</GreekSeq></word><word seq="22">loaves,<GreekSeq>22</GreekSeq></word></ESV></verse>
<verse number="6"><ESV><word seq="1">for<GreekSeq>1</GreekSeq></word><word seq="2">a friend<GreekSeq>2</GreekSeq></word><word seq="3">of mine<GreekSeq>3</GreekSeq></word><word seq="4">has arrived<GreekSeq>4</GreekSeq></word><word seq="5">on<GreekSeq>5</GreekSeq></word><word seq="6">a journey,<GreekSeq>6</GreekSeq></word><word seq="7">and<GreekSeq>9</GreekSeq></word><word seq="8">I have<GreekSeq>11</GreekSeq></word><word seq="9">nothing<GreekSeq>10</GreekSeq><GreekSeq>12</GreekSeq></word><word seq="10">to set before<GreekSeq>13</GreekSeq></word><word seq="11">him’;<GreekSeq>14</GreekSeq></word></ESV></verse>
<verse number="7"><ESV><word seq="1">and he<GreekSeq>1</GreekSeq></word><word seq="2">will answer<GreekSeq>3</GreekSeq></word><word seq="3">from within,<GreekSeq>2</GreekSeq></word><word seq="4">‘Do</word><word seq="5">not<GreekSeq>5</GreekSeq></word><word seq="6">bother<GreekSeq>7</GreekSeq><GreekSeq>8</GreekSeq></word><word seq="7">me;<GreekSeq>6</GreekSeq></word><word seq="8">the<GreekSeq>10</GreekSeq></word><word seq="9">door<GreekSeq>11</GreekSeq></word><word seq="10">is<GreekSeq>12</GreekSeq></word><word seq="11">now<GreekSeq>9</GreekSeq></word><word seq="12">shut,<GreekSeq>12</GreekSeq></word><word seq="13">and<GreekSeq>13</GreekSeq></word><word seq="14">my<GreekSeq>16</GreekSeq></word><word seq="15">children<GreekSeq>15</GreekSeq></word><word seq="16">are<GreekSeq>22</GreekSeq></word><word seq="17">with<GreekSeq>17</GreekSeq></word><word seq="18">me<GreekSeq>18</GreekSeq></word><word seq="19">in<GreekSeq>19</GreekSeq></word><word seq="20">bed.<GreekSeq>21</GreekSeq></word><word seq="21">I cannot<GreekSeq>23</GreekSeq><GreekSeq>24</GreekSeq></word><word seq="22">get up<GreekSeq>25</GreekSeq></word><word seq="23">and</word><word seq="24">give<GreekSeq>26</GreekSeq></word><word seq="25">you<GreekSeq>27</GreekSeq></word><word seq="26">anything’?</word></ESV></verse>
<verse number="8"><ESV><word seq="1">I tell<GreekSeq>1</GreekSeq></word><word seq="2">you,<GreekSeq>2</GreekSeq></word><word seq="3" note="εἰ καὶ Strong Code (1499)">though<GreekSeq>3</GreekSeq><GreekSeq>4</GreekSeq></word><word seq="4">he will<GreekSeq>6</GreekSeq></word><word seq="5">not<GreekSeq>5</GreekSeq></word><word seq="6">get up<GreekSeq>8</GreekSeq></word><word seq="7">and</word><word seq="8">give<GreekSeq>6</GreekSeq></word><word seq="9">him<GreekSeq>7</GreekSeq></word><word seq="10">anything</word><word seq="11">because<GreekSeq>9</GreekSeq></word><word seq="12">he</word><word seq="13">is<GreekSeq>11</GreekSeq></word><word seq="14">his<GreekSeq>13</GreekSeq></word><word seq="15">friend,<GreekSeq>12</GreekSeq></word><word seq="16">yet<GreekSeq>15</GreekSeq></word><word seq="17">because of<GreekSeq>14</GreekSeq></word><word seq="18">his<GreekSeq>18</GreekSeq></word><word seq="19">impudence<GreekSeq>17</GreekSeq></word><word seq="20">he will<GreekSeq>20</GreekSeq></word><word seq="21">rise<GreekSeq>19</GreekSeq></word><word seq="22">and</word><word seq="23">give<GreekSeq>20</GreekSeq></word><word seq="24">him<GreekSeq>21</GreekSeq></word><word seq="25">whatever<GreekSeq>22</GreekSeq></word><word seq="26">he needs.<GreekSeq>23</GreekSeq></word></ESV></verse>
<verse number="9"><ESV><word seq="1">And<GreekSeq>1</GreekSeq></word><word seq="2">I tell<GreekSeq>3</GreekSeq></word><word seq="3">you,<GreekSeq>2</GreekSeq></word><word seq="4">ask,<GreekSeq>4</GreekSeq></word><word seq="5">and<GreekSeq>5</GreekSeq></word><word seq="6">it will be given<GreekSeq>6</GreekSeq></word><word seq="7">to you;<GreekSeq>7</GreekSeq></word><word seq="8">seek,<GreekSeq>8</GreekSeq></word><word seq="9">and<GreekSeq>9</GreekSeq></word><word seq="10">you will find;<GreekSeq>10</GreekSeq></word><word seq="11">knock,<GreekSeq>11</GreekSeq></word><word seq="12">and<GreekSeq>12</GreekSeq></word><word seq="13">it will be opened<GreekSeq>13</GreekSeq></word><word seq="14">to you.<GreekSeq>14</GreekSeq></word></ESV></verse>
<verse number="10"><ESV><word seq="1">For<GreekSeq>2</GreekSeq></word><word seq="2">everyone<GreekSeq>1</GreekSeq><GreekSeq>3</GreekSeq></word><word seq="3">who asks<GreekSeq>4</GreekSeq></word><word seq="4">receives,<GreekSeq>5</GreekSeq></word><word seq="5">and<GreekSeq>6</GreekSeq></word><word seq="6">the one<GreekSeq>7</GreekSeq></word><word seq="7">who seeks<GreekSeq>8</GreekSeq></word><word seq="8">finds,<GreekSeq>9</GreekSeq></word><word seq="9">and<GreekSeq>10</GreekSeq></word><word seq="10">to the one<GreekSeq>11</GreekSeq></word><word seq="11">who knocks<GreekSeq>12</GreekSeq></word><word seq="12">it will be opened.<GreekSeq>13</GreekSeq></word></ESV></verse>
<verse number="11"><ESV><word seq="1">What<GreekSeq>1</GreekSeq></word><word seq="2">father<GreekSeq>6</GreekSeq></word><word seq="3">among<GreekSeq>3</GreekSeq></word><word seq="4">you,<GreekSeq>4</GreekSeq></word><word seq="5">if his</word><word seq="6">son<GreekSeq>9</GreekSeq></word><word seq="7">asks for<GreekSeq>7</GreekSeq></word><word seq="8">a fish,<GreekSeq>10</GreekSeq></word><word seq="9">will<GreekSeq>16</GreekSeq></word><word seq="10">instead of<GreekSeq>12</GreekSeq></word><word seq="11">a fish<GreekSeq>13</GreekSeq></word><word seq="12">give<GreekSeq>16</GreekSeq></word><word seq="13">him<GreekSeq>15</GreekSeq></word><word seq="14">a serpent;<GreekSeq>14</GreekSeq></word></ESV></verse>
<verse number="12"><ESV><word seq="1">or<GreekSeq>1</GreekSeq></word><word seq="2" note="Base of different Greek: ἐὰν(1437)">if</word><word seq="3">he asks for<GreekSeq>3</GreekSeq></word><word seq="4">an egg,<GreekSeq>4</GreekSeq></word><word seq="5">will give<GreekSeq>5</GreekSeq></word><word seq="6">him<GreekSeq>6</GreekSeq></word><word seq="7">a scorpion?<GreekSeq>7</GreekSeq></word></ESV></verse>
<verse number="13"><ESV><word seq="1">If<GreekSeq>1</GreekSeq></word><word seq="2">you<GreekSeq>3</GreekSeq></word><word seq="3">then,<GreekSeq>2</GreekSeq></word><word seq="4">who are<GreekSeq>5</GreekSeq></word><word seq="5">evil,<GreekSeq>4</GreekSeq></word><word seq="6">know<GreekSeq>6</GreekSeq></word><word seq="7">how</word><word seq="8">to give<GreekSeq>9</GreekSeq></word><word seq="9">good<GreekSeq>8</GreekSeq></word><word seq="10">gifts<GreekSeq>7</GreekSeq></word><word seq="11">to<GreekSeq>11</GreekSeq></word><word seq="12">your<GreekSeq>12</GreekSeq></word><word seq="13">children,<GreekSeq>11</GreekSeq></word><word seq="14">how<GreekSeq>13</GreekSeq></word><word seq="15">much more<GreekSeq>14</GreekSeq></word><word seq="16">will<GreekSeq>20</GreekSeq></word><word seq="17">the<GreekSeq>15</GreekSeq></word><word seq="18">heavenly<GreekSeq>18</GreekSeq><GreekSeq>19</GreekSeq></word><word seq="19">Father<GreekSeq>16</GreekSeq></word><word seq="20">give<GreekSeq>20</GreekSeq></word><word seq="21">the</word><word seq="22">Holy<GreekSeq>22</GreekSeq></word><word seq="23">Spirit<GreekSeq>21</GreekSeq></word><word seq="24">to those<GreekSeq>23</GreekSeq></word><word seq="25">who ask<GreekSeq>24</GreekSeq></word><word seq="26">him!”<GreekSeq>25</GreekSeq></word></ESV></verse>
<verse number="14"><ESV><word seq="1">Now<GreekSeq>1</GreekSeq></word><word seq="2">he was<GreekSeq>2</GreekSeq></word><word seq="3">casting out<GreekSeq>3</GreekSeq></word><word seq="4">a demon<GreekSeq>4</GreekSeq></word><word seq="5">that<GreekSeq>6</GreekSeq></word><word seq="6">was<GreekSeq>7</GreekSeq></word><word seq="7">mute.<GreekSeq>8</GreekSeq></word><word seq="8">When<GreekSeq>13</GreekSeq></word><word seq="9">the<GreekSeq>11</GreekSeq></word><word seq="10">demon<GreekSeq>12</GreekSeq></word><word seq="11">had gone out,<GreekSeq>13</GreekSeq></word><word seq="12">the<GreekSeq>15</GreekSeq></word><word seq="13">mute man<GreekSeq>16</GreekSeq></word><word seq="14">spoke,<GreekSeq>14</GreekSeq></word><word seq="15">and<GreekSeq>17</GreekSeq></word><word seq="16">the<GreekSeq>19</GreekSeq></word><word seq="17">people<GreekSeq>20</GreekSeq></word><word seq="18">marveled.<GreekSeq>18</GreekSeq></word></ESV></verse>
<verse number="15"><ESV><word seq="1">But<GreekSeq>2</GreekSeq></word><word seq="2">some<GreekSeq>1</GreekSeq></word><word seq="3">of<GreekSeq>3</GreekSeq></word><word seq="4">them<GreekSeq>4</GreekSeq></word><word seq="5">said,<GreekSeq>5</GreekSeq></word><word seq="6">“He casts out<GreekSeq>12</GreekSeq></word><word seq="7">demons<GreekSeq>14</GreekSeq></word><word seq="8">by<GreekSeq>6</GreekSeq></word><word seq="9">Beelzebul,<GreekSeq>7</GreekSeq></word><word seq="10">the<GreekSeq>8</GreekSeq></word><word seq="11">prince<GreekSeq>9</GreekSeq></word><word seq="12">of demons,”<GreekSeq>11</GreekSeq></word></ESV></verse>
<verse number="16"><ESV><word seq="1">while<GreekSeq>3</GreekSeq></word><word seq="2">others,<GreekSeq>1</GreekSeq></word><word seq="3">to test<GreekSeq>3</GreekSeq></word><word seq="4">him,</word><word seq="5">kept seeking<GreekSeq>7</GreekSeq></word><word seq="6">from<GreekSeq>8</GreekSeq></word><word seq="7">him<GreekSeq>9</GreekSeq></word><word seq="8">a sign<GreekSeq>4</GreekSeq></word><word seq="9">from<GreekSeq>5</GreekSeq></word><word seq="10">heaven.<GreekSeq>6</GreekSeq></word></ESV></verse>
<verse number="17"><ESV><word seq="1">But<GreekSeq>2</GreekSeq></word><word seq="2">he,<GreekSeq>1</GreekSeq></word><word seq="3">knowing<GreekSeq>3</GreekSeq></word><word seq="4">their<GreekSeq>4</GreekSeq></word><word seq="5">thoughts,<GreekSeq>6</GreekSeq></word><word seq="6">said<GreekSeq>7</GreekSeq></word><word seq="7">to them,<GreekSeq>8</GreekSeq></word><word seq="8">“Every<GreekSeq>9</GreekSeq></word><word seq="9">kingdom<GreekSeq>10</GreekSeq></word><word seq="10">divided<GreekSeq>13</GreekSeq></word><word seq="11">against<GreekSeq>11</GreekSeq></word><word seq="12">itself<GreekSeq>12</GreekSeq></word><word seq="13">is laid waste,<GreekSeq>14</GreekSeq></word><word seq="14">and<GreekSeq>15</GreekSeq></word><word seq="15">a divided household<GreekSeq>16</GreekSeq><GreekSeq>17</GreekSeq><GreekSeq>18</GreekSeq></word><word seq="16">falls.<GreekSeq>19</GreekSeq></word></ESV></verse>
<verse number="18"><ESV><word seq="1">And<GreekSeq>2</GreekSeq></word><word seq="2">if<GreekSeq>1</GreekSeq></word><word seq="3">Satan<GreekSeq>5</GreekSeq></word><word seq="4">also<GreekSeq>3</GreekSeq></word><word seq="5">is divided<GreekSeq>8</GreekSeq></word><word seq="6">against<GreekSeq>6</GreekSeq></word><word seq="7">himself,<GreekSeq>7</GreekSeq></word><word seq="8">how<GreekSeq>9</GreekSeq></word><word seq="9">will<GreekSeq>10</GreekSeq></word><word seq="10">his<GreekSeq>13</GreekSeq></word><word seq="11">kingdom<GreekSeq>12</GreekSeq></word><word seq="12">stand?<GreekSeq>10</GreekSeq></word><word seq="13">For<GreekSeq>14</GreekSeq></word><word seq="14">you say<GreekSeq>15</GreekSeq></word><word seq="15">that</word><word seq="16">I<GreekSeq>19</GreekSeq></word><word seq="17">cast out<GreekSeq>18</GreekSeq></word><word seq="18">demons<GreekSeq>21</GreekSeq></word><word seq="19">by<GreekSeq>16</GreekSeq></word><word seq="20">Beelzebul.<GreekSeq>17</GreekSeq></word></ESV></verse>
<verse number="19"><ESV><word seq="1">And<GreekSeq>2</GreekSeq></word><word seq="2">if<GreekSeq>1</GreekSeq></word><word seq="3">I<GreekSeq>3</GreekSeq></word><word seq="4">cast out<GreekSeq>6</GreekSeq></word><word seq="5">demons<GreekSeq>8</GreekSeq></word><word seq="6">by<GreekSeq>4</GreekSeq></word><word seq="7">Beelzebul,<GreekSeq>5</GreekSeq></word><word seq="8">by<GreekSeq>12</GreekSeq></word><word seq="9">whom<GreekSeq>13</GreekSeq></word><word seq="10">do</word><word seq="11">your<GreekSeq>11</GreekSeq></word><word seq="12">sons<GreekSeq>10</GreekSeq></word><word seq="13">cast them out?<GreekSeq>14</GreekSeq></word><word seq="14">Therefore<GreekSeq>15</GreekSeq><GreekSeq>16</GreekSeq></word><word seq="15">they<GreekSeq>17</GreekSeq></word><word seq="16">will be<GreekSeq>20</GreekSeq></word><word seq="17">your<GreekSeq>18</GreekSeq></word><word seq="18">judges.<GreekSeq>19</GreekSeq></word></ESV></verse>
<verse number="20"><ESV><word seq="1">But<GreekSeq>2</GreekSeq></word><word seq="2">if<GreekSeq>1</GreekSeq></word><word seq="3">it is</word><word seq="4">by<GreekSeq>3</GreekSeq></word><word seq="5">the finger<GreekSeq>4</GreekSeq></word><word seq="6">of God<GreekSeq>5</GreekSeq></word><word seq="7">that</word><word seq="8">I<GreekSeq>6</GreekSeq></word><word seq="9">cast out<GreekSeq>7</GreekSeq></word><word seq="10">demons,<GreekSeq>9</GreekSeq></word><word seq="11">then<GreekSeq>10</GreekSeq></word><word seq="12">the<GreekSeq>14</GreekSeq></word><word seq="13">kingdom<GreekSeq>15</GreekSeq></word><word seq="14">of God<GreekSeq>17</GreekSeq></word><word seq="15">has come<GreekSeq>11</GreekSeq></word><word seq="16">upon<GreekSeq>12</GreekSeq></word><word seq="17">you.<GreekSeq>13</GreekSeq></word></ESV></verse>
<verse number="21"><ESV><word seq="1">When<GreekSeq>1</GreekSeq></word><word seq="2">a<GreekSeq>2</GreekSeq></word><word seq="3">strong [man],<GreekSeq>3</GreekSeq></word><word seq="4">fully armed,<GreekSeq>4</GreekSeq></word><word seq="5">guards<GreekSeq>5</GreekSeq></word><word seq="6">his own<GreekSeq>7</GreekSeq></word><word seq="7">palace,<GreekSeq>8</GreekSeq></word><word seq="8">his<GreekSeq>14</GreekSeq></word><word seq="9">goods<GreekSeq>13</GreekSeq></word><word seq="10">are<GreekSeq>11</GreekSeq></word><word seq="11">safe;<GreekSeq>9</GreekSeq><GreekSeq>10</GreekSeq></word></ESV></verse>
<verse number="22"><ESV><word seq="1">but<GreekSeq>2</GreekSeq></word><word seq="2">when<GreekSeq>1</GreekSeq></word><word seq="3">one stronger than<GreekSeq>3</GreekSeq></word><word seq="4">he<GreekSeq>4</GreekSeq></word><word seq="5">attacks<GreekSeq>5</GreekSeq></word><word seq="6">him and</word><word seq="7">overcomes<GreekSeq>6</GreekSeq></word><word seq="8">him,<GreekSeq>7</GreekSeq></word><word seq="9">he takes away<GreekSeq>11</GreekSeq></word><word seq="10">his<GreekSeq>10</GreekSeq></word><word seq="11">armor<GreekSeq>9</GreekSeq></word><word seq="12">in<GreekSeq>12</GreekSeq></word><word seq="13">which<GreekSeq>13</GreekSeq></word><word seq="14">he trusted<GreekSeq>14</GreekSeq></word><word seq="15">and<GreekSeq>15</GreekSeq></word><word seq="16">divides<GreekSeq>19</GreekSeq></word><word seq="17">his<GreekSeq>18</GreekSeq></word><word seq="18">spoil.<GreekSeq>17</GreekSeq></word></ESV></verse>
<verse number="23"><ESV><word seq="1">Whoever is<GreekSeq>3</GreekSeq></word><word seq="2">not<GreekSeq>2</GreekSeq></word><word seq="3">with<GreekSeq>4</GreekSeq></word><word seq="4">me<GreekSeq>5</GreekSeq></word><word seq="5">is<GreekSeq>8</GreekSeq></word><word seq="6">against<GreekSeq>6</GreekSeq></word><word seq="7">me,<GreekSeq>7</GreekSeq></word><word seq="8">and<GreekSeq>9</GreekSeq></word><word seq="9">whoever<GreekSeq>10</GreekSeq><GreekSeq>12</GreekSeq></word><word seq="10">does</word><word seq="11">not<GreekSeq>11</GreekSeq></word><word seq="12">gather<GreekSeq>12</GreekSeq></word><word seq="13">with<GreekSeq>13</GreekSeq></word><word seq="14">me<GreekSeq>14</GreekSeq></word><word seq="15">scatters.<GreekSeq>15</GreekSeq></word></ESV></verse>
<verse number="24"><ESV><word seq="1">When<GreekSeq>1</GreekSeq></word><word seq="2">the<GreekSeq>2</GreekSeq></word><word seq="3">unclean<GreekSeq>3</GreekSeq></word><word seq="4">spirit<GreekSeq>4</GreekSeq></word><word seq="5">has gone out<GreekSeq>5</GreekSeq></word><word seq="6">of<GreekSeq>6</GreekSeq></word><word seq="7">a<GreekSeq>7</GreekSeq></word><word seq="8">person,<GreekSeq>8</GreekSeq></word><word seq="9">it passes<GreekSeq>9</GreekSeq></word><word seq="10">through<GreekSeq>10</GreekSeq></word><word seq="11">waterless<GreekSeq>11</GreekSeq></word><word seq="12">places<GreekSeq>12</GreekSeq></word><word seq="13">seeking<GreekSeq>13</GreekSeq></word><word seq="14">rest,<GreekSeq>14</GreekSeq></word><word seq="15">and<GreekSeq>15</GreekSeq></word><word seq="16">finding<GreekSeq>17</GreekSeq></word><word seq="17">none<GreekSeq>16</GreekSeq></word><word seq="18">it</word><word seq="19">says,<GreekSeq>19</GreekSeq></word><word seq="20">‘I will return<GreekSeq>20</GreekSeq></word><word seq="21">to<GreekSeq>21</GreekSeq></word><word seq="22">my<GreekSeq>24</GreekSeq></word><word seq="23">house<GreekSeq>23</GreekSeq></word><word seq="24">from which<GreekSeq>25</GreekSeq></word><word seq="25">I came.’<GreekSeq>26</GreekSeq></word></ESV></verse>
<verse number="25"><ESV><word seq="1">And<GreekSeq>1</GreekSeq></word><word seq="2">when it comes,<GreekSeq>2</GreekSeq></word><word seq="3">it finds<GreekSeq>3</GreekSeq></word><word seq="4">the house</word><word seq="5">swept<GreekSeq>4</GreekSeq></word><word seq="6">and<GreekSeq>5</GreekSeq></word><word seq="7">put in order.<GreekSeq>6</GreekSeq></word></ESV></verse>
<verse number="26"><ESV><word seq="1">Then<GreekSeq>1</GreekSeq></word><word seq="2">it goes<GreekSeq>2</GreekSeq></word><word seq="3">and<GreekSeq>3</GreekSeq></word><word seq="4">brings<GreekSeq>4</GreekSeq></word><word seq="5">seven<GreekSeq>9</GreekSeq></word><word seq="6">other<GreekSeq>5</GreekSeq></word><word seq="7">spirits<GreekSeq>6</GreekSeq></word><word seq="8">more evil than<GreekSeq>7</GreekSeq></word><word seq="9">itself,<GreekSeq>8</GreekSeq></word><word seq="10">and<GreekSeq>10</GreekSeq></word><word seq="11">they enter<GreekSeq>11</GreekSeq></word><word seq="12">and</word><word seq="13">dwell<GreekSeq>12</GreekSeq></word><word seq="14">there.<GreekSeq>13</GreekSeq></word><word seq="15">And<GreekSeq>14</GreekSeq></word><word seq="16">the<GreekSeq>16</GreekSeq></word><word seq="17">last [state]<GreekSeq>17</GreekSeq></word><word seq="18">of that<GreekSeq>20</GreekSeq></word><word seq="19">person<GreekSeq>19</GreekSeq></word><word seq="20">is<GreekSeq>15</GreekSeq></word><word seq="21">worse than<GreekSeq>21</GreekSeq></word><word seq="22">the<GreekSeq>22</GreekSeq></word><word seq="23">first.”<GreekSeq>23</GreekSeq></word></ESV></verse>
<verse number="27"><ESV><word seq="1">As<GreekSeq>3</GreekSeq><GreekSeq>4</GreekSeq></word><word seq="2">he<GreekSeq>6</GreekSeq></word><word seq="3">said<GreekSeq>5</GreekSeq></word><word seq="4">these things,<GreekSeq>7</GreekSeq></word><word seq="5">a<GreekSeq>9</GreekSeq></word><word seq="6">woman<GreekSeq>11</GreekSeq></word><word seq="7">in<GreekSeq>12</GreekSeq></word><word seq="8">the<GreekSeq>13</GreekSeq></word><word seq="9">crowd<GreekSeq>14</GreekSeq></word><word seq="10">raised<GreekSeq>8</GreekSeq></word><word seq="11">her</word><word seq="12">voice<GreekSeq>10</GreekSeq></word><word seq="13">and</word><word seq="14">said<GreekSeq>15</GreekSeq></word><word seq="15">to him,<GreekSeq>16</GreekSeq></word><word seq="16">“Blessed<GreekSeq>17</GreekSeq></word><word seq="17">is</word><word seq="18">the<GreekSeq>18</GreekSeq></word><word seq="19">womb<GreekSeq>19</GreekSeq></word><word seq="20">that bore<GreekSeq>21</GreekSeq></word><word seq="21">you,<GreekSeq>22</GreekSeq></word><word seq="22">and<GreekSeq>23</GreekSeq></word><word seq="23">the breasts<GreekSeq>24</GreekSeq></word><word seq="24">at which<GreekSeq>25</GreekSeq></word><word seq="25">you nursed!”<GreekSeq>26</GreekSeq></word></ESV></verse>
<verse number="28"><ESV><word seq="1">But<GreekSeq>2</GreekSeq></word><word seq="2">he<GreekSeq>1</GreekSeq></word><word seq="3">said,<GreekSeq>3</GreekSeq></word><word seq="4">“Blessed<GreekSeq>5</GreekSeq></word><word seq="5">rather<GreekSeq>4</GreekSeq></word><word seq="6">are</word><word seq="7">those<GreekSeq>6</GreekSeq></word><word seq="8">who hear<GreekSeq>7</GreekSeq></word><word seq="9">the<GreekSeq>8</GreekSeq></word><word seq="10">word<GreekSeq>9</GreekSeq></word><word seq="11">of God<GreekSeq>11</GreekSeq></word><word seq="12">and<GreekSeq>12</GreekSeq></word><word seq="13">keep<GreekSeq>13</GreekSeq></word><word seq="14">it!”</word></ESV></verse>
<verse number="29"><ESV><word seq="1">When<GreekSeq>4</GreekSeq></word><word seq="2">the<GreekSeq>1</GreekSeq></word><word seq="3">crowds<GreekSeq>3</GreekSeq></word><word seq="4">were increasing,<GreekSeq>4</GreekSeq></word><word seq="5">he began<GreekSeq>5</GreekSeq></word><word seq="6">to say,<GreekSeq>6</GreekSeq></word><word seq="7">“This<GreekSeq>9</GreekSeq></word><word seq="8">generation<GreekSeq>8</GreekSeq></word><word seq="9">is<GreekSeq>12</GreekSeq></word><word seq="10">an evil<GreekSeq>11</GreekSeq></word><word seq="11">generation.<GreekSeq>10</GreekSeq></word><word seq="12">It seeks<GreekSeq>14</GreekSeq></word><word seq="13">for a sign,<GreekSeq>13</GreekSeq></word><word seq="14">but<GreekSeq>15</GreekSeq></word><word seq="15">no<GreekSeq>17</GreekSeq></word><word seq="16">sign<GreekSeq>16</GreekSeq></word><word seq="17">will be given<GreekSeq>18</GreekSeq></word><word seq="18">to it<GreekSeq>19</GreekSeq></word><word seq="19" note="εἰ μή Strong Code (1508)">except<GreekSeq>20</GreekSeq><GreekSeq>21</GreekSeq></word><word seq="20">the<GreekSeq>22</GreekSeq></word><word seq="21">sign<GreekSeq>23</GreekSeq></word><word seq="22">of Jonah.<GreekSeq>24</GreekSeq></word></ESV></verse>
<verse number="30"><ESV><word seq="1">For<GreekSeq>2</GreekSeq></word><word seq="2">as<GreekSeq>1</GreekSeq></word><word seq="3">Jonah<GreekSeq>4</GreekSeq></word><word seq="4">became<GreekSeq>3</GreekSeq></word><word seq="5">a sign<GreekSeq>7</GreekSeq></word><word seq="6">to the people of Nineveh,<GreekSeq>6</GreekSeq></word><word seq="7">so<GreekSeq>8</GreekSeq></word><word seq="8">will<GreekSeq>9</GreekSeq></word><word seq="9">the<GreekSeq>11</GreekSeq></word><word seq="10">Son<GreekSeq>12</GreekSeq></word><word seq="11">of Man<GreekSeq>14</GreekSeq></word><word seq="12">be<GreekSeq>9</GreekSeq></word><word seq="13">to this<GreekSeq>17</GreekSeq></word><word seq="14">generation.<GreekSeq>16</GreekSeq></word></ESV></verse>
<verse number="31"><ESV><word seq="1">The queen<GreekSeq>1</GreekSeq></word><word seq="2">of the South<GreekSeq>2</GreekSeq></word><word seq="3">will rise up<GreekSeq>3</GreekSeq></word><word seq="4">at<GreekSeq>4</GreekSeq></word><word seq="5">the<GreekSeq>5</GreekSeq></word><word seq="6">judgment<GreekSeq>6</GreekSeq></word><word seq="7">with<GreekSeq>7</GreekSeq></word><word seq="8">the<GreekSeq>8</GreekSeq></word><word seq="9">men<GreekSeq>9</GreekSeq></word><word seq="10">of this<GreekSeq>12</GreekSeq></word><word seq="11">generation<GreekSeq>11</GreekSeq></word><word seq="12">and<GreekSeq>13</GreekSeq></word><word seq="13">condemn<GreekSeq>14</GreekSeq></word><word seq="14">them,<GreekSeq>15</GreekSeq></word><word seq="15">for<GreekSeq>16</GreekSeq></word><word seq="16">she came<GreekSeq>17</GreekSeq></word><word seq="17">from<GreekSeq>18</GreekSeq></word><word seq="18">the<GreekSeq>19</GreekSeq></word><word seq="19">ends<GreekSeq>20</GreekSeq></word><word seq="20">of the<GreekSeq>21</GreekSeq></word><word seq="21">earth<GreekSeq>22</GreekSeq></word><word seq="22">to hear<GreekSeq>23</GreekSeq></word><word seq="23">the<GreekSeq>24</GreekSeq></word><word seq="24">wisdom<GreekSeq>25</GreekSeq></word><word seq="25">of Solomon,<GreekSeq>26</GreekSeq></word><word seq="26">and<GreekSeq>27</GreekSeq></word><word seq="27">behold,<GreekSeq>28</GreekSeq></word><word seq="28">something</word><word seq="29">greater than<GreekSeq>29</GreekSeq></word><word seq="30">Solomon<GreekSeq>30</GreekSeq></word><word seq="31">is</word><word seq="32">here.<GreekSeq>31</GreekSeq></word></ESV></verse>
<verse number="32"><ESV><word seq="1">The men<GreekSeq>1</GreekSeq></word><word seq="2" note="Base of different Greek: Νινευῒ(3535)">of Nineveh<GreekSeq>2</GreekSeq></word><word seq="3">will rise up<GreekSeq>3</GreekSeq></word><word seq="4">at<GreekSeq>4</GreekSeq></word><word seq="5">the<GreekSeq>5</GreekSeq></word><word seq="6">judgment<GreekSeq>6</GreekSeq></word><word seq="7">with<GreekSeq>7</GreekSeq></word><word seq="8">this<GreekSeq>10</GreekSeq></word><word seq="9">generation<GreekSeq>9</GreekSeq></word><word seq="10">and<GreekSeq>11</GreekSeq></word><word seq="11">condemn<GreekSeq>12</GreekSeq></word><word seq="12">it,<GreekSeq>13</GreekSeq></word><word seq="13">for<GreekSeq>14</GreekSeq></word><word seq="14">they repented<GreekSeq>15</GreekSeq></word><word seq="15">at<GreekSeq>16</GreekSeq></word><word seq="16">the<GreekSeq>17</GreekSeq></word><word seq="17">preaching<GreekSeq>18</GreekSeq></word><word seq="18">of Jonah,<GreekSeq>19</GreekSeq></word><word seq="19">and<GreekSeq>20</GreekSeq></word><word seq="20">behold,<GreekSeq>21</GreekSeq></word><word seq="21">something</word><word seq="22">greater than<GreekSeq>22</GreekSeq></word><word seq="23">Jonah<GreekSeq>23</GreekSeq></word><word seq="24">is</word><word seq="25">here.<GreekSeq>24</GreekSeq></word></ESV></verse>
<verse number="33"><ESV><word seq="1">No one<GreekSeq>1</GreekSeq></word><word seq="2">after lighting<GreekSeq>3</GreekSeq></word><word seq="3">a lamp<GreekSeq>2</GreekSeq></word><word seq="4">puts<GreekSeq>6</GreekSeq></word><word seq="5">it</word><word seq="6">in<GreekSeq>4</GreekSeq></word><word seq="7">a cellar<GreekSeq>5</GreekSeq></word><word seq="8">or<GreekSeq>7</GreekSeq></word><word seq="9">under<GreekSeq>8</GreekSeq></word><word seq="10">a<GreekSeq>9</GreekSeq></word><word seq="11">basket,<GreekSeq>10</GreekSeq></word><word seq="12">but<GreekSeq>11</GreekSeq></word><word seq="13">on<GreekSeq>12</GreekSeq></word><word seq="14">a<GreekSeq>13</GreekSeq></word><word seq="15">stand,<GreekSeq>14</GreekSeq></word><word seq="16">so that<GreekSeq>15</GreekSeq></word><word seq="17">those<GreekSeq>16</GreekSeq></word><word seq="18">who enter<GreekSeq>17</GreekSeq></word><word seq="19">may see<GreekSeq>20</GreekSeq></word><word seq="20">the<GreekSeq>18</GreekSeq></word><word seq="21">light.<GreekSeq>19</GreekSeq></word></ESV></verse>
<verse number="34"><ESV><word seq="1">Your<GreekSeq>8</GreekSeq></word><word seq="2">eye<GreekSeq>7</GreekSeq></word><word seq="3">is<GreekSeq>5</GreekSeq></word><word seq="4">the<GreekSeq>1</GreekSeq></word><word seq="5">lamp<GreekSeq>2</GreekSeq></word><word seq="6">of [your] body.<GreekSeq>4</GreekSeq></word><word seq="7">When<GreekSeq>9</GreekSeq></word><word seq="8">your<GreekSeq>12</GreekSeq></word><word seq="9">eye<GreekSeq>11</GreekSeq></word><word seq="10">is<GreekSeq>14</GreekSeq></word><word seq="11">healthy,<GreekSeq>13</GreekSeq></word><word seq="12">your<GreekSeq>19</GreekSeq></word><word seq="13">whole<GreekSeq>16</GreekSeq></word><word seq="14">body<GreekSeq>18</GreekSeq></word><word seq="15">is<GreekSeq>21</GreekSeq></word><word seq="16">full of light,<GreekSeq>20</GreekSeq></word><word seq="17">but<GreekSeq>23</GreekSeq></word><word seq="18">when<GreekSeq>22</GreekSeq></word><word seq="19">it is<GreekSeq>25</GreekSeq></word><word seq="20">bad,<GreekSeq>24</GreekSeq></word><word seq="21">your<GreekSeq>29</GreekSeq></word><word seq="22">body<GreekSeq>28</GreekSeq></word><word seq="23">is</word><word seq="24">full of darkness.<GreekSeq>30</GreekSeq></word></ESV></verse>
<verse number="35"><ESV><word seq="1">Therefore<GreekSeq>2</GreekSeq></word><word seq="2">be careful<GreekSeq>1</GreekSeq></word><word seq="3">lest<GreekSeq>3</GreekSeq></word><word seq="4">the<GreekSeq>4</GreekSeq></word><word seq="5">light<GreekSeq>5</GreekSeq></word><word seq="6">in<GreekSeq>7</GreekSeq></word><word seq="7">you<GreekSeq>8</GreekSeq></word><word seq="8">be<GreekSeq>10</GreekSeq></word><word seq="9">darkness.<GreekSeq>9</GreekSeq></word></ESV></verse>
<verse number="36"><ESV><word seq="1">If<GreekSeq>1</GreekSeq></word><word seq="2">then<GreekSeq>2</GreekSeq></word><word seq="3">your<GreekSeq>5</GreekSeq></word><word seq="4">whole<GreekSeq>6</GreekSeq></word><word seq="5">body<GreekSeq>4</GreekSeq></word><word seq="6">is</word><word seq="7">full of light,<GreekSeq>7</GreekSeq></word><word seq="8">having<GreekSeq>9</GreekSeq></word><word seq="9">no<GreekSeq>8</GreekSeq></word><word seq="10">part<GreekSeq>10</GreekSeq></word><word seq="11">dark,<GreekSeq>12</GreekSeq></word><word seq="12">it will be<GreekSeq>13</GreekSeq></word><word seq="13">wholly<GreekSeq>15</GreekSeq></word><word seq="14">bright,<GreekSeq>14</GreekSeq></word><word seq="15">as<GreekSeq>16</GreekSeq></word><word seq="16">when<GreekSeq>17</GreekSeq></word><word seq="17">a<GreekSeq>18</GreekSeq></word><word seq="18">lamp<GreekSeq>19</GreekSeq></word><word seq="19">with [its] rays<GreekSeq>21</GreekSeq></word><word seq="20">gives<GreekSeq>22</GreekSeq></word><word seq="21">you<GreekSeq>23</GreekSeq></word><word seq="22">light.”<GreekSeq>22</GreekSeq></word></ESV></verse>
<verse number="37"><ESV><word seq="1">While<GreekSeq>1</GreekSeq><GreekSeq>3</GreekSeq></word><word seq="2">[Jesus] was speaking,<GreekSeq>4</GreekSeq></word><word seq="3">a Pharisee<GreekSeq>7</GreekSeq></word><word seq="4">asked<GreekSeq>5</GreekSeq></word><word seq="5">him<GreekSeq>6</GreekSeq></word><word seq="6">to dine<GreekSeq>8</GreekSeq><GreekSeq>9</GreekSeq></word><word seq="7">with<GreekSeq>10</GreekSeq></word><word seq="8">him,<GreekSeq>11</GreekSeq></word><word seq="9">so</word><word seq="10">he went in<GreekSeq>12</GreekSeq></word><word seq="11">and<GreekSeq>13</GreekSeq></word><word seq="12">reclined [at table].<GreekSeq>14</GreekSeq></word></ESV></verse>
<verse number="38"><ESV><word seq="1">The<GreekSeq>1</GreekSeq></word><word seq="2">Pharisee<GreekSeq>3</GreekSeq></word><word seq="3">was astonished<GreekSeq>5</GreekSeq></word><word seq="4">to see<GreekSeq>4</GreekSeq></word><word seq="5">that<GreekSeq>6</GreekSeq></word><word seq="6">he did<GreekSeq>9</GreekSeq></word><word seq="7">not<GreekSeq>7</GreekSeq></word><word seq="8">first<GreekSeq>8</GreekSeq></word><word seq="9">wash<GreekSeq>9</GreekSeq></word><word seq="10">before<GreekSeq>10</GreekSeq></word><word seq="11">dinner.<GreekSeq>12</GreekSeq></word></ESV></verse>
<verse number="39"><ESV><word seq="1">And<GreekSeq>2</GreekSeq></word><word seq="2">the<GreekSeq>3</GreekSeq></word><word seq="3">Lord<GreekSeq>4</GreekSeq></word><word seq="4">said<GreekSeq>1</GreekSeq></word><word seq="5">to<GreekSeq>5</GreekSeq></word><word seq="6">him,<GreekSeq>6</GreekSeq></word><word seq="7">“Now<GreekSeq>7</GreekSeq></word><word seq="8">you<GreekSeq>8</GreekSeq></word><word seq="9">Pharisees<GreekSeq>10</GreekSeq></word><word seq="10">cleanse<GreekSeq>18</GreekSeq></word><word seq="11">the<GreekSeq>11</GreekSeq></word><word seq="12">outside<GreekSeq>12</GreekSeq></word><word seq="13">of the<GreekSeq>13</GreekSeq></word><word seq="14">cup<GreekSeq>14</GreekSeq></word><word seq="15">and<GreekSeq>15</GreekSeq></word><word seq="16">of the<GreekSeq>16</GreekSeq></word><word seq="17">dish,<GreekSeq>17</GreekSeq></word><word seq="18">but<GreekSeq>20</GreekSeq></word><word seq="19">inside<GreekSeq>21</GreekSeq></word><word seq="20">you<GreekSeq>22</GreekSeq></word><word seq="21">are full<GreekSeq>23</GreekSeq></word><word seq="22">of greed<GreekSeq>24</GreekSeq></word><word seq="23">and<GreekSeq>25</GreekSeq></word><word seq="24">wickedness.<GreekSeq>26</GreekSeq></word></ESV></verse>
<verse number="40"><ESV><word seq="1">You</word><word seq="2">fools!<GreekSeq>1</GreekSeq></word><word seq="3">Did</word><word seq="4">not<GreekSeq>2</GreekSeq></word><word seq="5">he<GreekSeq>3</GreekSeq></word><word seq="6">who made<GreekSeq>4</GreekSeq></word><word seq="7">the<GreekSeq>5</GreekSeq></word><word seq="8">outside<GreekSeq>6</GreekSeq></word><word seq="9">make<GreekSeq>10</GreekSeq></word><word seq="10">the<GreekSeq>8</GreekSeq></word><word seq="11">inside<GreekSeq>9</GreekSeq></word><word seq="12">also?<GreekSeq>7</GreekSeq></word></ESV></verse>
<verse number="41"><ESV><word seq="1">But<GreekSeq>1</GreekSeq></word><word seq="2">give<GreekSeq>4</GreekSeq></word><word seq="3">as alms<GreekSeq>5</GreekSeq></word><word seq="4">those things<GreekSeq>2</GreekSeq></word><word seq="5">that are within,<GreekSeq>3</GreekSeq></word><word seq="6">and<GreekSeq>6</GreekSeq></word><word seq="7">behold,<GreekSeq>7</GreekSeq></word><word seq="8">everything<GreekSeq>8</GreekSeq></word><word seq="9">is<GreekSeq>11</GreekSeq></word><word seq="10">clean<GreekSeq>9</GreekSeq></word><word seq="11">for you.<GreekSeq>10</GreekSeq></word></ESV></verse>
<verse number="42"><ESV><word seq="1">But<GreekSeq>1</GreekSeq></word><word seq="2">woe<GreekSeq>2</GreekSeq></word><word seq="3">to you<GreekSeq>3</GreekSeq></word><word seq="4">Pharisees!<GreekSeq>5</GreekSeq></word><word seq="5">For<GreekSeq>6</GreekSeq></word><word seq="6">you tithe<GreekSeq>7</GreekSeq></word><word seq="7">mint<GreekSeq>9</GreekSeq></word><word seq="8">and<GreekSeq>10</GreekSeq></word><word seq="9">rue<GreekSeq>12</GreekSeq></word><word seq="10">and<GreekSeq>13</GreekSeq></word><word seq="11">every<GreekSeq>14</GreekSeq></word><word seq="12">herb,<GreekSeq>15</GreekSeq></word><word seq="13">and<GreekSeq>16</GreekSeq></word><word seq="14">neglect<GreekSeq>17</GreekSeq></word><word seq="15">justice<GreekSeq>19</GreekSeq></word><word seq="16">and<GreekSeq>20</GreekSeq></word><word seq="17">the<GreekSeq>21</GreekSeq></word><word seq="18">love<GreekSeq>22</GreekSeq></word><word seq="19">of God.<GreekSeq>24</GreekSeq></word><word seq="20">These<GreekSeq>25</GreekSeq></word><word seq="21">you ought<GreekSeq>27</GreekSeq></word><word seq="22">to have done,<GreekSeq>28</GreekSeq></word><word seq="23">without<GreekSeq>30</GreekSeq></word><word seq="24">neglecting<GreekSeq>31</GreekSeq></word><word seq="25">the others.<GreekSeq>29</GreekSeq></word></ESV></verse>
<verse number="43"><ESV><word seq="1">Woe<GreekSeq>1</GreekSeq></word><word seq="2">to you<GreekSeq>2</GreekSeq></word><word seq="3">Pharisees!<GreekSeq>4</GreekSeq></word><word seq="4">For<GreekSeq>5</GreekSeq></word><word seq="5">you love<GreekSeq>6</GreekSeq></word><word seq="6">the<GreekSeq>7</GreekSeq></word><word seq="7">best seat<GreekSeq>8</GreekSeq></word><word seq="8">in<GreekSeq>9</GreekSeq></word><word seq="9">the<GreekSeq>10</GreekSeq></word><word seq="10">synagogues<GreekSeq>11</GreekSeq></word><word seq="11">and<GreekSeq>12</GreekSeq></word><word seq="12">greetings<GreekSeq>14</GreekSeq></word><word seq="13">in<GreekSeq>15</GreekSeq></word><word seq="14">the<GreekSeq>16</GreekSeq></word><word seq="15">marketplaces.<GreekSeq>17</GreekSeq></word></ESV></verse>
<verse number="44"><ESV><word seq="1">Woe<GreekSeq>1</GreekSeq></word><word seq="2">to you!<GreekSeq>2</GreekSeq></word><word seq="3">For<GreekSeq>3</GreekSeq></word><word seq="4">you are<GreekSeq>4</GreekSeq></word><word seq="5">like<GreekSeq>5</GreekSeq></word><word seq="6">unmarked<GreekSeq>9</GreekSeq></word><word seq="7">graves,<GreekSeq>7</GreekSeq></word><word seq="8">and<GreekSeq>10</GreekSeq></word><word seq="9">people<GreekSeq>12</GreekSeq></word><word seq="10">walk over<GreekSeq>14</GreekSeq></word><word seq="11">them<GreekSeq>15</GreekSeq></word><word seq="12">without<GreekSeq>16</GreekSeq></word><word seq="13">knowing<GreekSeq>17</GreekSeq></word><word seq="14">it.”</word></ESV></verse>
<verse number="45"><ESV><word seq="1">One<GreekSeq>3</GreekSeq></word><word seq="2">of the<GreekSeq>4</GreekSeq></word><word seq="3">lawyers<GreekSeq>5</GreekSeq></word><word seq="4">answered<GreekSeq>1</GreekSeq></word><word seq="5">him,<GreekSeq>7</GreekSeq></word><word seq="6">“Teacher,<GreekSeq>8</GreekSeq></word><word seq="7">in saying<GreekSeq>10</GreekSeq></word><word seq="8">these things<GreekSeq>9</GreekSeq></word><word seq="9">you insult<GreekSeq>13</GreekSeq></word><word seq="10">us<GreekSeq>12</GreekSeq></word><word seq="11">also.”<GreekSeq>11</GreekSeq></word></ESV></verse>
<verse number="46"><ESV><word seq="1">And<GreekSeq>2</GreekSeq></word><word seq="2">he<GreekSeq>1</GreekSeq></word><word seq="3">said,<GreekSeq>3</GreekSeq></word><word seq="4">“Woe<GreekSeq>8</GreekSeq></word><word seq="5">to you<GreekSeq>5</GreekSeq></word><word seq="6">lawyers<GreekSeq>7</GreekSeq></word><word seq="7">also!<GreekSeq>4</GreekSeq></word><word seq="8">For<GreekSeq>9</GreekSeq></word><word seq="9">you load<GreekSeq>10</GreekSeq></word><word seq="10">people<GreekSeq>12</GreekSeq></word><word seq="11">with burdens<GreekSeq>13</GreekSeq></word><word seq="12">hard to bear,<GreekSeq>14</GreekSeq></word><word seq="13">and<GreekSeq>15</GreekSeq></word><word seq="14">you<GreekSeq>22</GreekSeq></word><word seq="15">yourselves<GreekSeq>16</GreekSeq></word><word seq="16">do</word><word seq="17">not<GreekSeq>21</GreekSeq></word><word seq="18">touch<GreekSeq>22</GreekSeq></word><word seq="19">the<GreekSeq>23</GreekSeq></word><word seq="20">burdens<GreekSeq>24</GreekSeq></word><word seq="21">with one<GreekSeq>17</GreekSeq></word><word seq="22">of<GreekSeq>19</GreekSeq></word><word seq="23">your<GreekSeq>20</GreekSeq></word><word seq="24">fingers.<GreekSeq>19</GreekSeq></word></ESV></verse>
<verse number="47"><ESV><word seq="1">Woe<GreekSeq>1</GreekSeq></word><word seq="2">to you!<GreekSeq>2</GreekSeq></word><word seq="3">For<GreekSeq>3</GreekSeq></word><word seq="4">you build<GreekSeq>4</GreekSeq></word><word seq="5">the<GreekSeq>5</GreekSeq></word><word seq="6">tombs<GreekSeq>6</GreekSeq></word><word seq="7">of the<GreekSeq>7</GreekSeq></word><word seq="8">prophets<GreekSeq>8</GreekSeq></word><word seq="9">whom<GreekSeq>14</GreekSeq></word><word seq="10">your<GreekSeq>12</GreekSeq></word><word seq="11">fathers<GreekSeq>11</GreekSeq></word><word seq="12">killed.<GreekSeq>13</GreekSeq></word></ESV></verse>
<verse number="48"><ESV><word seq="1">So<GreekSeq>1</GreekSeq></word><word seq="2">you are<GreekSeq>3</GreekSeq></word><word seq="3">witnesses<GreekSeq>2</GreekSeq></word><word seq="4">and<GreekSeq>4</GreekSeq></word><word seq="5">you consent<GreekSeq>5</GreekSeq></word><word seq="6">to the<GreekSeq>6</GreekSeq></word><word seq="7">deeds<GreekSeq>7</GreekSeq></word><word seq="8">of<GreekSeq>9</GreekSeq></word><word seq="9">your<GreekSeq>10</GreekSeq></word><word seq="10">fathers,<GreekSeq>9</GreekSeq></word><word seq="11">for<GreekSeq>11</GreekSeq></word><word seq="12">they<GreekSeq>12</GreekSeq></word><word seq="13">killed<GreekSeq>14</GreekSeq></word><word seq="14">them,<GreekSeq>15</GreekSeq></word><word seq="15">and<GreekSeq>17</GreekSeq></word><word seq="16">you<GreekSeq>16</GreekSeq></word><word seq="17">build<GreekSeq>18</GreekSeq></word><word seq="18" note="Base of different Greek: αὐτῶν(846)">their</word><word seq="19" note="Base of different Greek: μνημεῖα(3419)">tombs.</word></ESV></verse>
<verse number="49"><ESV><word seq="1">Therefore<GreekSeq>1</GreekSeq><GreekSeq>2</GreekSeq></word><word seq="2">also<GreekSeq>3</GreekSeq></word><word seq="3">the<GreekSeq>4</GreekSeq></word><word seq="4">Wisdom<GreekSeq>5</GreekSeq></word><word seq="5">of God<GreekSeq>7</GreekSeq></word><word seq="6">said,<GreekSeq>8</GreekSeq></word><word seq="7">‘I will send<GreekSeq>9</GreekSeq></word><word seq="8">them<GreekSeq>11</GreekSeq></word><word seq="9">prophets<GreekSeq>12</GreekSeq></word><word seq="10">and<GreekSeq>13</GreekSeq></word><word seq="11">apostles,<GreekSeq>14</GreekSeq></word><word seq="12">some</word><word seq="13">of<GreekSeq>16</GreekSeq></word><word seq="14">whom<GreekSeq>17</GreekSeq></word><word seq="15">they will kill<GreekSeq>18</GreekSeq></word><word seq="16">and<GreekSeq>19</GreekSeq></word><word seq="17">persecute,’<GreekSeq>20</GreekSeq></word></ESV></verse>
<verse number="50"><ESV><word seq="1">so that<GreekSeq>1</GreekSeq></word><word seq="2">the<GreekSeq>3</GreekSeq></word><word seq="3">blood<GreekSeq>4</GreekSeq></word><word seq="4">of all<GreekSeq>5</GreekSeq></word><word seq="5">the<GreekSeq>6</GreekSeq></word><word seq="6">prophets,<GreekSeq>7</GreekSeq></word><word seq="7">shed<GreekSeq>9</GreekSeq></word><word seq="8">from<GreekSeq>10</GreekSeq></word><word seq="9">the<GreekSeq>6</GreekSeq></word><word seq="10">foundation<GreekSeq>11</GreekSeq></word><word seq="11">of the world,<GreekSeq>12</GreekSeq></word><word seq="12">may be charged<GreekSeq>2</GreekSeq></word><word seq="13">against<GreekSeq>13</GreekSeq></word><word seq="14">this<GreekSeq>16</GreekSeq></word><word seq="15">generation,<GreekSeq>15</GreekSeq></word></ESV></verse>
<verse number="51"><ESV><word seq="1">from<GreekSeq>1</GreekSeq></word><word seq="2">the blood<GreekSeq>2</GreekSeq></word><word seq="3">of Abel<GreekSeq>3</GreekSeq></word><word seq="4">to<GreekSeq>4</GreekSeq></word><word seq="5">the blood<GreekSeq>5</GreekSeq></word><word seq="6">of Zechariah,<GreekSeq>6</GreekSeq></word><word seq="7">who perished<GreekSeq>8</GreekSeq></word><word seq="8">between<GreekSeq>9</GreekSeq></word><word seq="9">the<GreekSeq>10</GreekSeq></word><word seq="10">altar<GreekSeq>11</GreekSeq></word><word seq="11">and<GreekSeq>12</GreekSeq></word><word seq="12">the<GreekSeq>13</GreekSeq></word><word seq="13">sanctuary.<GreekSeq>14</GreekSeq></word><word seq="14">Yes,<GreekSeq>15</GreekSeq></word><word seq="15">I tell<GreekSeq>16</GreekSeq></word><word seq="16">you,<GreekSeq>17</GreekSeq></word><word seq="17">it will be required<GreekSeq>18</GreekSeq></word><word seq="18">of<GreekSeq>19</GreekSeq></word><word seq="19">this<GreekSeq>22</GreekSeq></word><word seq="20">generation.<GreekSeq>21</GreekSeq></word></ESV></verse>
<verse number="52"><ESV><word seq="1">Woe<GreekSeq>1</GreekSeq></word><word seq="2">to you<GreekSeq>2</GreekSeq></word><word seq="3">lawyers!<GreekSeq>4</GreekSeq></word><word seq="4">For<GreekSeq>5</GreekSeq></word><word seq="5">you have taken away<GreekSeq>6</GreekSeq></word><word seq="6">the<GreekSeq>7</GreekSeq></word><word seq="7">key<GreekSeq>8</GreekSeq></word><word seq="8">of knowledge.<GreekSeq>10</GreekSeq></word><word seq="9">You did<GreekSeq>13</GreekSeq></word><word seq="10">not<GreekSeq>12</GreekSeq></word><word seq="11">enter<GreekSeq>13</GreekSeq></word><word seq="12">yourselves,<GreekSeq>11</GreekSeq></word><word seq="13">and<GreekSeq>14</GreekSeq></word><word seq="14">you hindered<GreekSeq>17</GreekSeq></word><word seq="15">those<GreekSeq>15</GreekSeq></word><word seq="16">who were entering.”<GreekSeq>16</GreekSeq></word></ESV></verse>
<verse number="53"><ESV><word seq="1">As</word><word seq="2">he<GreekSeq>3</GreekSeq></word><word seq="3">went away<GreekSeq>2</GreekSeq></word><word seq="4">from there,<GreekSeq>1</GreekSeq></word><word seq="5">the<GreekSeq>5</GreekSeq></word><word seq="6">scribes<GreekSeq>6</GreekSeq></word><word seq="7">and<GreekSeq>7</GreekSeq></word><word seq="8">the<GreekSeq>8</GreekSeq></word><word seq="9">Pharisees<GreekSeq>9</GreekSeq></word><word seq="10">began<GreekSeq>4</GreekSeq></word><word seq="11">to press<GreekSeq>11</GreekSeq></word><word seq="12">him</word><word seq="13">hard<GreekSeq>10</GreekSeq></word><word seq="14">and<GreekSeq>12</GreekSeq></word><word seq="15">to provoke<GreekSeq>13</GreekSeq></word><word seq="16">him<GreekSeq>14</GreekSeq></word><word seq="17">to speak<GreekSeq>13</GreekSeq></word><word seq="18">about<GreekSeq>15</GreekSeq></word><word seq="19">many things,<GreekSeq>16</GreekSeq></word></ESV></verse>
<verse number="54"><ESV><word seq="1">lying in wait for<GreekSeq>1</GreekSeq></word><word seq="2">him,<GreekSeq>2</GreekSeq></word><word seq="3">to catch<GreekSeq>3</GreekSeq></word><word seq="4">him</word><word seq="5">in something<GreekSeq>4</GreekSeq></word><word seq="6">he<GreekSeq>8</GreekSeq></word><word seq="7">[might say].<GreekSeq>5</GreekSeq><GreekSeq>7</GreekSeq></word></ESV></verse></chapter></book>