<?xml version="1.0" encoding="UTF-8" standalone="no"?><book><chapter number="5">'<verse number="1"><ESV><word seq="1">On one occasion,<GreekSeq>1</GreekSeq></word><word seq="2">while<GreekSeq>3</GreekSeq><GreekSeq>4</GreekSeq></word><word seq="3">the<GreekSeq>5</GreekSeq></word><word seq="4">crowd<GreekSeq>6</GreekSeq></word><word seq="5">was pressing in on<GreekSeq>7</GreekSeq></word><word seq="6">him<GreekSeq>8</GreekSeq></word><word seq="7">to hear<GreekSeq>10</GreekSeq></word><word seq="8">the<GreekSeq>11</GreekSeq></word><word seq="9">word<GreekSeq>12</GreekSeq></word><word seq="10">of God,<GreekSeq>14</GreekSeq></word><word seq="11">he<GreekSeq>16</GreekSeq></word><word seq="12">was<GreekSeq>17</GreekSeq></word><word seq="13">standing<GreekSeq>18</GreekSeq></word><word seq="14">by<GreekSeq>19</GreekSeq></word><word seq="15">the<GreekSeq>20</GreekSeq></word><word seq="16">lake<GreekSeq>21</GreekSeq></word><word seq="17">of Gennesaret,<GreekSeq>22</GreekSeq></word></ESV></verse>
<verse number="2"><ESV><word seq="1">and<GreekSeq>1</GreekSeq></word><word seq="2">he saw<GreekSeq>2</GreekSeq></word><word seq="3">two<GreekSeq>3</GreekSeq></word><word seq="4">boats<GreekSeq>4</GreekSeq></word><word seq="5">by<GreekSeq>6</GreekSeq></word><word seq="6">the<GreekSeq>7</GreekSeq></word><word seq="7">lake,<GreekSeq>8</GreekSeq></word><word seq="8">but<GreekSeq>10</GreekSeq></word><word seq="9">the<GreekSeq>9</GreekSeq></word><word seq="10">fishermen<GreekSeq>11</GreekSeq></word><word seq="11">had gone out<GreekSeq>14</GreekSeq></word><word seq="12">of<GreekSeq>12</GreekSeq></word><word seq="13">them<GreekSeq>13</GreekSeq></word><word seq="14">and</word><word seq="15">were washing<GreekSeq>15</GreekSeq></word><word seq="16">their</word><word seq="17">nets.<GreekSeq>17</GreekSeq></word></ESV></verse>
<verse number="3"><ESV><word seq="1">Getting<GreekSeq>1</GreekSeq></word><word seq="2">into<GreekSeq>3</GreekSeq></word><word seq="3">one<GreekSeq>4</GreekSeq></word><word seq="4">of the<GreekSeq>5</GreekSeq></word><word seq="5">boats,<GreekSeq>6</GreekSeq></word><word seq="6">which<GreekSeq>7</GreekSeq></word><word seq="7">was<GreekSeq>8</GreekSeq></word><word seq="8">Simon’s,<GreekSeq>9</GreekSeq></word><word seq="9">he asked<GreekSeq>10</GreekSeq></word><word seq="10">him<GreekSeq>11</GreekSeq></word><word seq="11">to put out<GreekSeq>15</GreekSeq></word><word seq="12">a little<GreekSeq>16</GreekSeq></word><word seq="13">from<GreekSeq>12</GreekSeq></word><word seq="14">the<GreekSeq>13</GreekSeq></word><word seq="15">land.<GreekSeq>14</GreekSeq></word><word seq="16">And<GreekSeq>18</GreekSeq></word><word seq="17">he sat down<GreekSeq>17</GreekSeq></word><word seq="18">and</word><word seq="19">taught<GreekSeq>22</GreekSeq></word><word seq="20">the<GreekSeq>23</GreekSeq></word><word seq="21">people<GreekSeq>24</GreekSeq></word><word seq="22">from<GreekSeq>19</GreekSeq></word><word seq="23">the<GreekSeq>20</GreekSeq></word><word seq="24">boat.<GreekSeq>21</GreekSeq></word></ESV></verse>
<verse number="4"><ESV><word seq="1">And<GreekSeq>2</GreekSeq></word><word seq="2">when<GreekSeq>1</GreekSeq></word><word seq="3">he had finished<GreekSeq>3</GreekSeq></word><word seq="4">speaking,<GreekSeq>4</GreekSeq></word><word seq="5">he said<GreekSeq>5</GreekSeq></word><word seq="6">to<GreekSeq>6</GreekSeq></word><word seq="7">Simon,<GreekSeq>8</GreekSeq></word><word seq="8">“Put out<GreekSeq>9</GreekSeq></word><word seq="9">into<GreekSeq>10</GreekSeq></word><word seq="10">the<GreekSeq>11</GreekSeq></word><word seq="11">deep<GreekSeq>12</GreekSeq></word><word seq="12">and<GreekSeq>13</GreekSeq></word><word seq="13">let down<GreekSeq>14</GreekSeq></word><word seq="14">your<GreekSeq>17</GreekSeq></word><word seq="15">nets<GreekSeq>16</GreekSeq></word><word seq="16">for<GreekSeq>18</GreekSeq></word><word seq="17">a catch.”<GreekSeq>19</GreekSeq></word></ESV></verse>
<verse number="5"><ESV><word seq="1">And<GreekSeq>1</GreekSeq></word><word seq="2">Simon<GreekSeq>3</GreekSeq></word><word seq="3">answered,<GreekSeq>2</GreekSeq></word><word seq="4">“Master,<GreekSeq>5</GreekSeq></word><word seq="5">we<GreekSeq>11</GreekSeq></word><word seq="6">toiled<GreekSeq>9</GreekSeq></word><word seq="7">all<GreekSeq>7</GreekSeq></word><word seq="8">night<GreekSeq>8</GreekSeq></word><word seq="9">and</word><word seq="10">took<GreekSeq>11</GreekSeq></word><word seq="11">nothing!<GreekSeq>10</GreekSeq></word><word seq="12">But<GreekSeq>13</GreekSeq></word><word seq="13">at<GreekSeq>12</GreekSeq></word><word seq="14">your<GreekSeq>16</GreekSeq></word><word seq="15">word<GreekSeq>15</GreekSeq></word><word seq="16">I will let down<GreekSeq>17</GreekSeq></word><word seq="17">the<GreekSeq>18</GreekSeq></word><word seq="18">nets.”<GreekSeq>19</GreekSeq></word></ESV></verse>
<verse number="6"><ESV><word seq="1">And<GreekSeq>1</GreekSeq></word><word seq="2">when they had done<GreekSeq>3</GreekSeq></word><word seq="3">this,<GreekSeq>2</GreekSeq></word><word seq="4">they enclosed<GreekSeq>4</GreekSeq></word><word seq="5">a large<GreekSeq>7</GreekSeq></word><word seq="6">number<GreekSeq>5</GreekSeq></word><word seq="7">of fish,<GreekSeq>6</GreekSeq></word><word seq="8">and<GreekSeq>9</GreekSeq></word><word seq="9">their<GreekSeq>12</GreekSeq></word><word seq="10">nets<GreekSeq>11</GreekSeq></word><word seq="11">were breaking.<GreekSeq>8</GreekSeq></word></ESV></verse>
<verse number="7"><ESV><word seq="1">They signaled<GreekSeq>2</GreekSeq></word><word seq="2">to their</word><word seq="3">partners<GreekSeq>4</GreekSeq></word><word seq="4">in<GreekSeq>5</GreekSeq></word><word seq="5">the<GreekSeq>6</GreekSeq></word><word seq="6">other<GreekSeq>7</GreekSeq></word><word seq="7">boat<GreekSeq>8</GreekSeq></word><word seq="8">to come<GreekSeq>10</GreekSeq></word><word seq="9">and</word><word seq="10">help<GreekSeq>11</GreekSeq></word><word seq="11">them.<GreekSeq>12</GreekSeq></word><word seq="12">And<GreekSeq>13</GreekSeq></word><word seq="13">they came<GreekSeq>14</GreekSeq></word><word seq="14">and<GreekSeq>15</GreekSeq></word><word seq="15">filled<GreekSeq>16</GreekSeq></word><word seq="16">both<GreekSeq>17</GreekSeq></word><word seq="17">the<GreekSeq>18</GreekSeq></word><word seq="18">boats,<GreekSeq>19</GreekSeq></word><word seq="19">so that<GreekSeq>20</GreekSeq></word><word seq="20">they<GreekSeq>22</GreekSeq></word><word seq="21">began to sink.<GreekSeq>21</GreekSeq></word></ESV></verse>
<verse number="8"><ESV><word seq="1">But when<GreekSeq>2</GreekSeq></word><word seq="2">Simon<GreekSeq>3</GreekSeq></word><word seq="3">Peter<GreekSeq>4</GreekSeq></word><word seq="4">saw<GreekSeq>1</GreekSeq></word><word seq="5">it,</word><word seq="6">he fell down at<GreekSeq>5</GreekSeq></word><word seq="7">Jesus’<GreekSeq>8</GreekSeq></word><word seq="8">knees,<GreekSeq>7</GreekSeq></word><word seq="9">saying,<GreekSeq>9</GreekSeq></word><word seq="10">“Depart<GreekSeq>10</GreekSeq></word><word seq="11">from<GreekSeq>11</GreekSeq></word><word seq="12">me,<GreekSeq>12</GreekSeq></word><word seq="13">for<GreekSeq>13</GreekSeq></word><word seq="14">I am<GreekSeq>16</GreekSeq></word><word seq="15">a sinful<GreekSeq>15</GreekSeq></word><word seq="16">man,<GreekSeq>14</GreekSeq></word><word seq="17">O Lord.”<GreekSeq>17</GreekSeq></word></ESV></verse>
<verse number="9"><ESV><word seq="1">For<GreekSeq>2</GreekSeq></word><word seq="2">he<GreekSeq>4</GreekSeq></word><word seq="3">and<GreekSeq>5</GreekSeq></word><word seq="4">all<GreekSeq>6</GreekSeq></word><word seq="5">who<GreekSeq>7</GreekSeq></word><word seq="6">were</word><word seq="7">with<GreekSeq>8</GreekSeq></word><word seq="8">him<GreekSeq>9</GreekSeq></word><word seq="9">were astonished<GreekSeq>1</GreekSeq><GreekSeq>3</GreekSeq></word><word seq="10">at<GreekSeq>10</GreekSeq></word><word seq="11">the<GreekSeq>11</GreekSeq></word><word seq="12">catch<GreekSeq>12</GreekSeq></word><word seq="13">of fish<GreekSeq>14</GreekSeq></word><word seq="14">that<GreekSeq>15</GreekSeq></word><word seq="15">they had taken,<GreekSeq>16</GreekSeq></word></ESV></verse>
<verse number="10"><ESV><word seq="1">and<GreekSeq>2</GreekSeq></word><word seq="2">so<GreekSeq>1</GreekSeq></word><word seq="3">also<GreekSeq>3</GreekSeq></word><word seq="4">were<GreekSeq>10</GreekSeq></word><word seq="5">James<GreekSeq>4</GreekSeq></word><word seq="6">and<GreekSeq>5</GreekSeq></word><word seq="7">John,<GreekSeq>6</GreekSeq></word><word seq="8">sons<GreekSeq>7</GreekSeq></word><word seq="9">of Zebedee,<GreekSeq>8</GreekSeq></word><word seq="10">who<GreekSeq>9</GreekSeq></word><word seq="11">were<GreekSeq>10</GreekSeq></word><word seq="12">partners<GreekSeq>11</GreekSeq></word><word seq="13">with Simon.<GreekSeq>13</GreekSeq></word><word seq="14">And<GreekSeq>14</GreekSeq></word><word seq="15">Jesus<GreekSeq>20</GreekSeq></word><word seq="16">said<GreekSeq>15</GreekSeq></word><word seq="17">to<GreekSeq>16</GreekSeq></word><word seq="18">Simon,<GreekSeq>18</GreekSeq></word><word seq="19">“Do</word><word seq="20">not<GreekSeq>21</GreekSeq></word><word seq="21">be afraid;<GreekSeq>22</GreekSeq></word><word seq="22">from<GreekSeq>23</GreekSeq></word><word seq="23">now on<GreekSeq>25</GreekSeq></word><word seq="24">you will be<GreekSeq>27</GreekSeq></word><word seq="25">catching<GreekSeq>28</GreekSeq></word><word seq="26">men.”<GreekSeq>26</GreekSeq></word></ESV></verse>
<verse number="11"><ESV><word seq="1">And<GreekSeq>1</GreekSeq></word><word seq="2">when they had brought<GreekSeq>2</GreekSeq></word><word seq="3">their</word><word seq="4">boats<GreekSeq>4</GreekSeq></word><word seq="5">to<GreekSeq>5</GreekSeq></word><word seq="6">land,<GreekSeq>7</GreekSeq></word><word seq="7">they left<GreekSeq>8</GreekSeq></word><word seq="8">everything<GreekSeq>9</GreekSeq></word><word seq="9">and</word><word seq="10">followed<GreekSeq>10</GreekSeq></word><word seq="11">him.<GreekSeq>11</GreekSeq></word></ESV></verse>
<verse number="12"><ESV><word seq="1">While<GreekSeq>3</GreekSeq><GreekSeq>4</GreekSeq></word><word seq="2">he<GreekSeq>6</GreekSeq></word><word seq="3">was<GreekSeq>5</GreekSeq></word><word seq="4">in<GreekSeq>7</GreekSeq></word><word seq="5">one<GreekSeq>8</GreekSeq></word><word seq="6">of the<GreekSeq>9</GreekSeq></word><word seq="7">cities,<GreekSeq>10</GreekSeq></word><word seq="8">there came a<GreekSeq>12</GreekSeq></word><word seq="9">man<GreekSeq>13</GreekSeq></word><word seq="10">full<GreekSeq>14</GreekSeq></word><word seq="11">of leprosy.<GreekSeq>15</GreekSeq></word><word seq="12">And<GreekSeq>17</GreekSeq></word><word seq="13">when he saw<GreekSeq>16</GreekSeq></word><word seq="14">Jesus,<GreekSeq>19</GreekSeq></word><word seq="15">he fell<GreekSeq>20</GreekSeq></word><word seq="16">on<GreekSeq>21</GreekSeq></word><word seq="17">his<GreekSeq>24</GreekSeq></word><word seq="18">face<GreekSeq>22</GreekSeq></word><word seq="19">and</word><word seq="20">begged<GreekSeq>23</GreekSeq></word><word seq="21">him,<GreekSeq>25</GreekSeq></word><word seq="22">“Lord,<GreekSeq>26</GreekSeq></word><word seq="23">if<GreekSeq>27</GreekSeq></word><word seq="24">you will,<GreekSeq>28</GreekSeq></word><word seq="25">you can<GreekSeq>29</GreekSeq></word><word seq="26">make<GreekSeq>31</GreekSeq></word><word seq="27">me<GreekSeq>30</GreekSeq></word><word seq="28">clean.”<GreekSeq>31</GreekSeq></word></ESV></verse>
<verse number="13"><ESV><word seq="1">And<GreekSeq>1</GreekSeq></word><word seq="2">[Jesus] stretched out<GreekSeq>2</GreekSeq></word><word seq="3">his</word><word seq="4">hand<GreekSeq>4</GreekSeq></word><word seq="5">and</word><word seq="6">touched<GreekSeq>5</GreekSeq></word><word seq="7">him,<GreekSeq>6</GreekSeq></word><word seq="8">saying,<GreekSeq>7</GreekSeq></word><word seq="9">“I will;<GreekSeq>8</GreekSeq></word><word seq="10">be clean.”<GreekSeq>9</GreekSeq></word><word seq="11">And<GreekSeq>10</GreekSeq></word><word seq="12">immediately<GreekSeq>11</GreekSeq></word><word seq="13">the<GreekSeq>12</GreekSeq></word><word seq="14">leprosy<GreekSeq>13</GreekSeq></word><word seq="15">left<GreekSeq>14</GreekSeq></word><word seq="16">him.<GreekSeq>16</GreekSeq></word></ESV></verse>
<verse number="14"><ESV><word seq="1">And<GreekSeq>1</GreekSeq></word><word seq="2">he<GreekSeq>2</GreekSeq></word><word seq="3">charged<GreekSeq>3</GreekSeq></word><word seq="4">him<GreekSeq>4</GreekSeq></word><word seq="5">to tell<GreekSeq>6</GreekSeq></word><word seq="6">no one,<GreekSeq>5</GreekSeq></word><word seq="7">but<GreekSeq>7</GreekSeq></word><word seq="8">“go<GreekSeq>8</GreekSeq></word><word seq="9">and<GreekSeq>13</GreekSeq></word><word seq="10">show<GreekSeq>9</GreekSeq></word><word seq="11">yourself<GreekSeq>10</GreekSeq></word><word seq="12">to the<GreekSeq>11</GreekSeq></word><word seq="13">priest,<GreekSeq>12</GreekSeq></word><word seq="14">and</word><word seq="15">make an offering<GreekSeq>14</GreekSeq></word><word seq="16">for<GreekSeq>15</GreekSeq></word><word seq="17">your<GreekSeq>18</GreekSeq></word><word seq="18">cleansing,<GreekSeq>17</GreekSeq></word><word seq="19">as<GreekSeq>19</GreekSeq></word><word seq="20">Moses<GreekSeq>21</GreekSeq></word><word seq="21">commanded,<GreekSeq>20</GreekSeq></word><word seq="22">for<GreekSeq>22</GreekSeq></word><word seq="23">a proof<GreekSeq>23</GreekSeq></word><word seq="24">to them.”<GreekSeq>24</GreekSeq></word></ESV></verse>
<verse number="15"><ESV><word seq="1">But<GreekSeq>2</GreekSeq></word><word seq="2">now</word><word seq="3">even more<GreekSeq>3</GreekSeq></word><word seq="4">the<GreekSeq>4</GreekSeq></word><word seq="5">report<GreekSeq>5</GreekSeq></word><word seq="6">about<GreekSeq>6</GreekSeq></word><word seq="7">him<GreekSeq>7</GreekSeq></word><word seq="8">went abroad,<GreekSeq>1</GreekSeq></word><word seq="9">and<GreekSeq>8</GreekSeq></word><word seq="10">great<GreekSeq>11</GreekSeq></word><word seq="11">crowds<GreekSeq>10</GreekSeq></word><word seq="12">gathered<GreekSeq>9</GreekSeq></word><word seq="13">to hear<GreekSeq>12</GreekSeq></word><word seq="14">him</word><word seq="15">and<GreekSeq>13</GreekSeq></word><word seq="16">to be healed<GreekSeq>14</GreekSeq></word><word seq="17">of<GreekSeq>15</GreekSeq></word><word seq="18">their<GreekSeq>18</GreekSeq></word><word seq="19">infirmities.<GreekSeq>17</GreekSeq></word></ESV></verse>
<verse number="16"><ESV><word seq="1">But<GreekSeq>2</GreekSeq></word><word seq="2">he<GreekSeq>1</GreekSeq></word><word seq="3">would withdraw<GreekSeq>4</GreekSeq></word><word seq="4">to<GreekSeq>5</GreekSeq></word><word seq="5">desolate places<GreekSeq>7</GreekSeq></word><word seq="6">and<GreekSeq>8</GreekSeq></word><word seq="7">pray.<GreekSeq>9</GreekSeq></word></ESV></verse>
<verse number="17"><ESV><word seq="1">On<GreekSeq>3</GreekSeq></word><word seq="2">one<GreekSeq>4</GreekSeq></word><word seq="3">of those<GreekSeq>5</GreekSeq></word><word seq="4">days,<GreekSeq>6</GreekSeq></word><word seq="5">as<GreekSeq>9</GreekSeq></word><word seq="6">he<GreekSeq>8</GreekSeq></word><word seq="7">was<GreekSeq>9</GreekSeq></word><word seq="8">teaching,<GreekSeq>10</GreekSeq></word><word seq="9">Pharisees<GreekSeq>14</GreekSeq></word><word seq="10">and<GreekSeq>15</GreekSeq></word><word seq="11">teachers of the law<GreekSeq>16</GreekSeq></word><word seq="12">were<GreekSeq>12</GreekSeq></word><word seq="13">sitting there,<GreekSeq>13</GreekSeq></word><word seq="14">who<GreekSeq>17</GreekSeq></word><word seq="15">had come<GreekSeq>19</GreekSeq></word><word seq="16">from<GreekSeq>20</GreekSeq></word><word seq="17">every<GreekSeq>21</GreekSeq></word><word seq="18">village<GreekSeq>22</GreekSeq></word><word seq="19">of Galilee<GreekSeq>24</GreekSeq></word><word seq="20">and<GreekSeq>25</GreekSeq></word><word seq="21">Judea<GreekSeq>26</GreekSeq></word><word seq="22">and<GreekSeq>27</GreekSeq></word><word seq="23">from</word><word seq="24">Jerusalem.<GreekSeq>28</GreekSeq></word><word seq="25">And<GreekSeq>29</GreekSeq></word><word seq="26">the power<GreekSeq>30</GreekSeq></word><word seq="27">of the Lord<GreekSeq>31</GreekSeq></word><word seq="28">was<GreekSeq>32</GreekSeq></word><word seq="29">with him<GreekSeq>36</GreekSeq></word><word seq="30">to heal.<GreekSeq>35</GreekSeq></word></ESV></verse>
<verse number="18"><ESV><word seq="1">And<GreekSeq>1</GreekSeq></word><word seq="2">behold,<GreekSeq>2</GreekSeq></word><word seq="3">some men<GreekSeq>3</GreekSeq></word><word seq="4">were bringing<GreekSeq>4</GreekSeq></word><word seq="5">on<GreekSeq>5</GreekSeq></word><word seq="6">a bed<GreekSeq>6</GreekSeq></word><word seq="7">a man<GreekSeq>7</GreekSeq></word><word seq="8">who<GreekSeq>8</GreekSeq></word><word seq="9">was<GreekSeq>9</GreekSeq></word><word seq="10">paralyzed,<GreekSeq>10</GreekSeq></word><word seq="11">and<GreekSeq>11</GreekSeq></word><word seq="12">they were seeking<GreekSeq>12</GreekSeq></word><word seq="13">to bring<GreekSeq>14</GreekSeq></word><word seq="14">him<GreekSeq>13</GreekSeq></word><word seq="15">in<GreekSeq>14</GreekSeq></word><word seq="16">and<GreekSeq>15</GreekSeq></word><word seq="17">lay<GreekSeq>16</GreekSeq></word><word seq="18">him<GreekSeq>17</GreekSeq></word><word seq="19">before<GreekSeq>18</GreekSeq></word><word seq="20">[Jesus],<GreekSeq>19</GreekSeq></word></ESV></verse>
<verse number="19"><ESV><word seq="1">but<GreekSeq>1</GreekSeq></word><word seq="2">finding<GreekSeq>3</GreekSeq></word><word seq="3">no<GreekSeq>2</GreekSeq></word><word seq="4">way<GreekSeq>4</GreekSeq></word><word seq="5">to bring<GreekSeq>5</GreekSeq></word><word seq="6">him<GreekSeq>6</GreekSeq></word><word seq="7">in,<GreekSeq>5</GreekSeq></word><word seq="8">because of<GreekSeq>7</GreekSeq></word><word seq="9">the<GreekSeq>8</GreekSeq></word><word seq="10">crowd,<GreekSeq>9</GreekSeq></word><word seq="11">they went up<GreekSeq>10</GreekSeq></word><word seq="12">on<GreekSeq>11</GreekSeq></word><word seq="13">the<GreekSeq>12</GreekSeq></word><word seq="14">roof<GreekSeq>13</GreekSeq></word><word seq="15">and</word><word seq="16">let<GreekSeq>17</GreekSeq></word><word seq="17">him<GreekSeq>18</GreekSeq></word><word seq="18">down<GreekSeq>17</GreekSeq></word><word seq="19">with<GreekSeq>19</GreekSeq></word><word seq="20">his</word><word seq="21">bed<GreekSeq>21</GreekSeq></word><word seq="22">through<GreekSeq>14</GreekSeq></word><word seq="23">the<GreekSeq>15</GreekSeq></word><word seq="24">tiles<GreekSeq>16</GreekSeq></word><word seq="25">into<GreekSeq>22</GreekSeq></word><word seq="26">the<GreekSeq>23</GreekSeq></word><word seq="27">midst<GreekSeq>24</GreekSeq></word><word seq="28">before<GreekSeq>25</GreekSeq></word><word seq="29">Jesus.<GreekSeq>27</GreekSeq></word></ESV></verse>
<verse number="20"><ESV><word seq="1">And<GreekSeq>1</GreekSeq></word><word seq="2">when he saw<GreekSeq>2</GreekSeq></word><word seq="3">their<GreekSeq>5</GreekSeq></word><word seq="4">faith,<GreekSeq>4</GreekSeq></word><word seq="5">he said,<GreekSeq>6</GreekSeq></word><word seq="6">“Man,<GreekSeq>7</GreekSeq></word><word seq="7">your<GreekSeq>12</GreekSeq></word><word seq="8">sins<GreekSeq>11</GreekSeq></word><word seq="9">are forgiven<GreekSeq>8</GreekSeq></word><word seq="10">you.”<GreekSeq>9</GreekSeq></word></ESV></verse>
<verse number="21"><ESV><word seq="1">And<GreekSeq>1</GreekSeq></word><word seq="2">the<GreekSeq>4</GreekSeq></word><word seq="3">scribes<GreekSeq>5</GreekSeq></word><word seq="4">and<GreekSeq>6</GreekSeq></word><word seq="5">the<GreekSeq>7</GreekSeq></word><word seq="6">Pharisees<GreekSeq>8</GreekSeq></word><word seq="7">began<GreekSeq>2</GreekSeq></word><word seq="8">to question,<GreekSeq>3</GreekSeq></word><word seq="9">saying,<GreekSeq>9</GreekSeq></word><word seq="10">“Who<GreekSeq>10</GreekSeq></word><word seq="11">is<GreekSeq>11</GreekSeq></word><word seq="12">this<GreekSeq>12</GreekSeq></word><word seq="13">who<GreekSeq>13</GreekSeq></word><word seq="14">speaks<GreekSeq>14</GreekSeq></word><word seq="15">blasphemies?<GreekSeq>15</GreekSeq></word><word seq="16">Who<GreekSeq>16</GreekSeq></word><word seq="17">can<GreekSeq>17</GreekSeq></word><word seq="18">forgive<GreekSeq>19</GreekSeq></word><word seq="19">sins<GreekSeq>18</GreekSeq></word><word seq="20" note="εἰ μή Strong Code (1508)">but<GreekSeq>20</GreekSeq><GreekSeq>21</GreekSeq></word><word seq="21">God<GreekSeq>24</GreekSeq></word><word seq="22">alone?”<GreekSeq>22</GreekSeq></word></ESV></verse>
<verse number="22"><ESV><word seq="1">When<GreekSeq>2</GreekSeq></word><word seq="2">Jesus<GreekSeq>4</GreekSeq></word><word seq="3">perceived<GreekSeq>1</GreekSeq></word><word seq="4">their<GreekSeq>7</GreekSeq></word><word seq="5">thoughts,<GreekSeq>6</GreekSeq></word><word seq="6">he answered<GreekSeq>8</GreekSeq></word><word seq="7">them,<GreekSeq>11</GreekSeq></word><word seq="8">“Why<GreekSeq>12</GreekSeq></word><word seq="9">do</word><word seq="10">you question<GreekSeq>13</GreekSeq></word><word seq="11">in<GreekSeq>14</GreekSeq></word><word seq="12">your<GreekSeq>17</GreekSeq></word><word seq="13">hearts?<GreekSeq>16</GreekSeq></word></ESV></verse>
<verse number="23"><ESV><word seq="1">Which<GreekSeq>1</GreekSeq></word><word seq="2">is<GreekSeq>2</GreekSeq></word><word seq="3">easier,<GreekSeq>3</GreekSeq></word><word seq="4">to say,<GreekSeq>4</GreekSeq></word><word seq="5">‘Your<GreekSeq>9</GreekSeq></word><word seq="6">sins<GreekSeq>8</GreekSeq></word><word seq="7">are forgiven<GreekSeq>5</GreekSeq></word><word seq="8">you,’<GreekSeq>6</GreekSeq></word><word seq="9">or<GreekSeq>10</GreekSeq></word><word seq="10">to say,<GreekSeq>11</GreekSeq></word><word seq="11">‘Rise<GreekSeq>12</GreekSeq></word><word seq="12">and<GreekSeq>13</GreekSeq></word><word seq="13">walk’?<GreekSeq>14</GreekSeq></word></ESV></verse>
<verse number="24"><ESV><word seq="1">But<GreekSeq>2</GreekSeq></word><word seq="2">that<GreekSeq>1</GreekSeq></word><word seq="3">you may know<GreekSeq>3</GreekSeq></word><word seq="4">that<GreekSeq>4</GreekSeq></word><word seq="5">the<GreekSeq>5</GreekSeq></word><word seq="6">Son<GreekSeq>6</GreekSeq></word><word seq="7">of Man<GreekSeq>8</GreekSeq></word><word seq="8">has<GreekSeq>10</GreekSeq></word><word seq="9">authority<GreekSeq>9</GreekSeq></word><word seq="10">on<GreekSeq>11</GreekSeq></word><word seq="11">earth<GreekSeq>13</GreekSeq></word><word seq="12">to forgive<GreekSeq>14</GreekSeq></word><word seq="13">sins”<GreekSeq>15</GreekSeq></word><word seq="14">—he said<GreekSeq>16</GreekSeq></word><word seq="15">to the man<GreekSeq>17</GreekSeq></word><word seq="16">who was paralyzed —<GreekSeq>18</GreekSeq></word><word seq="17">“I say<GreekSeq>20</GreekSeq></word><word seq="18">to you,<GreekSeq>19</GreekSeq></word><word seq="19">rise,<GreekSeq>21</GreekSeq></word><word seq="20">pick up<GreekSeq>23</GreekSeq></word><word seq="21">your<GreekSeq>26</GreekSeq></word><word seq="22">bed<GreekSeq>25</GreekSeq></word><word seq="23">and</word><word seq="24">go<GreekSeq>27</GreekSeq></word><word seq="25">home.”<GreekSeq>30</GreekSeq></word></ESV></verse>
<verse number="25"><ESV><word seq="1">And<GreekSeq>1</GreekSeq></word><word seq="2">immediately<GreekSeq>2</GreekSeq></word><word seq="3">he rose up<GreekSeq>3</GreekSeq></word><word seq="4">before<GreekSeq>4</GreekSeq></word><word seq="5">them<GreekSeq>5</GreekSeq></word><word seq="6">and</word><word seq="7">picked up<GreekSeq>6</GreekSeq></word><word seq="8">what<GreekSeq>8</GreekSeq></word><word seq="9">he had been lying<GreekSeq>9</GreekSeq></word><word seq="10">on<GreekSeq>7</GreekSeq></word><word seq="11">and</word><word seq="12">went<GreekSeq>10</GreekSeq></word><word seq="13">home,<GreekSeq>13</GreekSeq></word><word seq="14">glorifying<GreekSeq>15</GreekSeq></word><word seq="15">God.<GreekSeq>17</GreekSeq></word></ESV></verse>
<verse number="26"><ESV><word seq="1">And<GreekSeq>1</GreekSeq></word><word seq="2">amazement<GreekSeq>2</GreekSeq></word><word seq="3">seized them<GreekSeq>3</GreekSeq></word><word seq="4">all,<GreekSeq>4</GreekSeq></word><word seq="5">and<GreekSeq>5</GreekSeq></word><word seq="6">they glorified<GreekSeq>6</GreekSeq></word><word seq="7">God<GreekSeq>8</GreekSeq></word><word seq="8">and<GreekSeq>9</GreekSeq></word><word seq="9">were filled with<GreekSeq>10</GreekSeq></word><word seq="10">awe,<GreekSeq>11</GreekSeq></word><word seq="11">saying,<GreekSeq>12</GreekSeq></word><word seq="12">“We have seen<GreekSeq>14</GreekSeq></word><word seq="13">extraordinary things<GreekSeq>15</GreekSeq></word><word seq="14">today.”<GreekSeq>16</GreekSeq></word></ESV></verse>
<verse number="27"><ESV><word seq="1">After<GreekSeq>2</GreekSeq></word><word seq="2">this<GreekSeq>3</GreekSeq></word><word seq="3">he went out<GreekSeq>4</GreekSeq></word><word seq="4">and<GreekSeq>5</GreekSeq></word><word seq="5">saw<GreekSeq>6</GreekSeq></word><word seq="6">a tax collector<GreekSeq>7</GreekSeq></word><word seq="7">named<GreekSeq>8</GreekSeq></word><word seq="8">Levi,<GreekSeq>9</GreekSeq></word><word seq="9">sitting<GreekSeq>10</GreekSeq></word><word seq="10">at<GreekSeq>11</GreekSeq></word><word seq="11">the<GreekSeq>12</GreekSeq></word><word seq="12">tax booth.<GreekSeq>13</GreekSeq></word><word seq="13">And<GreekSeq>14</GreekSeq></word><word seq="14">he said<GreekSeq>15</GreekSeq></word><word seq="15">to him,<GreekSeq>16</GreekSeq></word><word seq="16">“Follow<GreekSeq>17</GreekSeq></word><word seq="17">me.”<GreekSeq>18</GreekSeq></word></ESV></verse>
<verse number="28"><ESV><word seq="1">And<GreekSeq>1</GreekSeq></word><word seq="2">leaving<GreekSeq>2</GreekSeq></word><word seq="3">everything,<GreekSeq>3</GreekSeq></word><word seq="4">he rose<GreekSeq>4</GreekSeq></word><word seq="5">and</word><word seq="6">followed<GreekSeq>5</GreekSeq></word><word seq="7">him.<GreekSeq>6</GreekSeq></word></ESV></verse>
<verse number="29"><ESV><word seq="1">And<GreekSeq>1</GreekSeq></word><word seq="2">Levi<GreekSeq>5</GreekSeq></word><word seq="3">made<GreekSeq>2</GreekSeq></word><word seq="4">him<GreekSeq>6</GreekSeq></word><word seq="5">a great<GreekSeq>4</GreekSeq></word><word seq="6">feast<GreekSeq>3</GreekSeq></word><word seq="7">in<GreekSeq>7</GreekSeq></word><word seq="8">his<GreekSeq>10</GreekSeq></word><word seq="9">house,<GreekSeq>9</GreekSeq></word><word seq="10">and<GreekSeq>11</GreekSeq></word><word seq="11">there was<GreekSeq>12</GreekSeq></word><word seq="12">a large<GreekSeq>14</GreekSeq></word><word seq="13">company<GreekSeq>13</GreekSeq></word><word seq="14">of tax collectors<GreekSeq>15</GreekSeq></word><word seq="15">and<GreekSeq>16</GreekSeq></word><word seq="16">others<GreekSeq>17</GreekSeq></word><word seq="17">reclining at table<GreekSeq>22</GreekSeq></word><word seq="18">with<GreekSeq>20</GreekSeq></word><word seq="19">them.<GreekSeq>21</GreekSeq></word></ESV></verse>
<verse number="30"><ESV><word seq="1">And<GreekSeq>1</GreekSeq></word><word seq="2">the<GreekSeq>3</GreekSeq></word><word seq="3">Pharisees<GreekSeq>4</GreekSeq></word><word seq="4">and<GreekSeq>5</GreekSeq></word><word seq="5">their<GreekSeq>8</GreekSeq></word><word seq="6">scribes<GreekSeq>7</GreekSeq></word><word seq="7">grumbled<GreekSeq>2</GreekSeq></word><word seq="8">at<GreekSeq>9</GreekSeq></word><word seq="9">his<GreekSeq>12</GreekSeq></word><word seq="10">disciples,<GreekSeq>11</GreekSeq></word><word seq="11">saying,<GreekSeq>13</GreekSeq></word><word seq="12">“Why<GreekSeq>14</GreekSeq><GreekSeq>15</GreekSeq></word><word seq="13">do</word><word seq="14">you eat<GreekSeq>21</GreekSeq></word><word seq="15">and<GreekSeq>19</GreekSeq></word><word seq="16">drink<GreekSeq>23</GreekSeq></word><word seq="17">with<GreekSeq>16</GreekSeq></word><word seq="18">tax collectors<GreekSeq>18</GreekSeq></word><word seq="19">and<GreekSeq>22</GreekSeq></word><word seq="20">sinners?”<GreekSeq>20</GreekSeq></word></ESV></verse>
<verse number="31"><ESV><word seq="1">And<GreekSeq>1</GreekSeq></word><word seq="2">Jesus<GreekSeq>4</GreekSeq></word><word seq="3">answered<GreekSeq>2</GreekSeq></word><word seq="4">them,<GreekSeq>7</GreekSeq></word><word seq="5">“Those<GreekSeq>11</GreekSeq></word><word seq="6">who are well<GreekSeq>12</GreekSeq></word><word seq="7">have<GreekSeq>10</GreekSeq></word><word seq="8">no<GreekSeq>8</GreekSeq></word><word seq="9">need<GreekSeq>9</GreekSeq></word><word seq="10">of a physician,<GreekSeq>13</GreekSeq></word><word seq="11">but<GreekSeq>14</GreekSeq></word><word seq="12">those<GreekSeq>15</GreekSeq></word><word seq="13">who are<GreekSeq>17</GreekSeq></word><word seq="14">sick.<GreekSeq>16</GreekSeq></word></ESV></verse>
<verse number="32"><ESV><word seq="1">I have<GreekSeq>2</GreekSeq></word><word seq="2">not<GreekSeq>1</GreekSeq></word><word seq="3">come<GreekSeq>2</GreekSeq></word><word seq="4">to call<GreekSeq>3</GreekSeq></word><word seq="5">the</word><word seq="6">righteous<GreekSeq>4</GreekSeq></word><word seq="7">but<GreekSeq>5</GreekSeq></word><word seq="8">sinners<GreekSeq>6</GreekSeq></word><word seq="9">to<GreekSeq>7</GreekSeq></word><word seq="10">repentance.”<GreekSeq>8</GreekSeq></word></ESV></verse>
<verse number="33"><ESV><word seq="1">And<GreekSeq>2</GreekSeq></word><word seq="2">they<GreekSeq>1</GreekSeq></word><word seq="3">said<GreekSeq>3</GreekSeq></word><word seq="4">to<GreekSeq>4</GreekSeq></word><word seq="5">him,<GreekSeq>5</GreekSeq></word><word seq="6">“The<GreekSeq>6</GreekSeq></word><word seq="7">disciples<GreekSeq>7</GreekSeq></word><word seq="8">of John<GreekSeq>8</GreekSeq></word><word seq="9">fast<GreekSeq>9</GreekSeq></word><word seq="10">often<GreekSeq>10</GreekSeq></word><word seq="11">and<GreekSeq>11</GreekSeq></word><word seq="12">offer<GreekSeq>13</GreekSeq></word><word seq="13">prayers,<GreekSeq>12</GreekSeq></word><word seq="14">and<GreekSeq>15</GreekSeq></word><word seq="15">so<GreekSeq>14</GreekSeq></word><word seq="16">do</word><word seq="17">the [disciples]<GreekSeq>16</GreekSeq></word><word seq="18">of the<GreekSeq>17</GreekSeq></word><word seq="19">Pharisees,<GreekSeq>18</GreekSeq></word><word seq="20">but<GreekSeq>20</GreekSeq></word><word seq="21">yours<GreekSeq>21</GreekSeq></word><word seq="22">eat<GreekSeq>22</GreekSeq></word><word seq="23">and<GreekSeq>23</GreekSeq></word><word seq="24">drink.”<GreekSeq>24</GreekSeq></word></ESV></verse>
<verse number="34"><ESV><word seq="1">And<GreekSeq>2</GreekSeq></word><word seq="2">Jesus<GreekSeq>3</GreekSeq></word><word seq="3">said<GreekSeq>4</GreekSeq></word><word seq="4">to<GreekSeq>5</GreekSeq></word><word seq="5">them,<GreekSeq>6</GreekSeq></word><word seq="6">“Can you<GreekSeq>7</GreekSeq><GreekSeq>8</GreekSeq></word><word seq="7">make<GreekSeq>20</GreekSeq></word><word seq="8">wedding guests<GreekSeq>10</GreekSeq><GreekSeq>12</GreekSeq></word><word seq="9">fast<GreekSeq>21</GreekSeq></word><word seq="10">while<GreekSeq>13</GreekSeq><GreekSeq>14</GreekSeq></word><word seq="11">the<GreekSeq>15</GreekSeq></word><word seq="12">bridegroom<GreekSeq>16</GreekSeq></word><word seq="13">is<GreekSeq>19</GreekSeq></word><word seq="14">with<GreekSeq>17</GreekSeq></word><word seq="15">them?<GreekSeq>18</GreekSeq></word></ESV></verse>
<verse number="35"><ESV><word seq="1">The<GreekSeq>2</GreekSeq></word><word seq="2">days<GreekSeq>3</GreekSeq></word><word seq="3">will come<GreekSeq>1</GreekSeq></word><word seq="4">when<GreekSeq>5</GreekSeq></word><word seq="5">the<GreekSeq>9</GreekSeq></word><word seq="6">bridegroom<GreekSeq>10</GreekSeq></word><word seq="7">is taken away<GreekSeq>6</GreekSeq></word><word seq="8">from<GreekSeq>7</GreekSeq></word><word seq="9">them,<GreekSeq>8</GreekSeq></word><word seq="10">and</word><word seq="11">then<GreekSeq>11</GreekSeq></word><word seq="12">they will fast<GreekSeq>12</GreekSeq></word><word seq="13">in<GreekSeq>13</GreekSeq></word><word seq="14">those<GreekSeq>14</GreekSeq></word><word seq="15">days.”<GreekSeq>16</GreekSeq></word></ESV></verse>
<verse number="36"><ESV><word seq="1">He<GreekSeq>1</GreekSeq></word><word seq="2">also<GreekSeq>3</GreekSeq></word><word seq="3">told<GreekSeq>1</GreekSeq></word><word seq="4">them<GreekSeq>6</GreekSeq></word><word seq="5">a parable:<GreekSeq>4</GreekSeq></word><word seq="6">“No one<GreekSeq>8</GreekSeq></word><word seq="7">tears<GreekSeq>13</GreekSeq></word><word seq="8">a piece<GreekSeq>9</GreekSeq></word><word seq="9">from<GreekSeq>10</GreekSeq></word><word seq="10">a new<GreekSeq>12</GreekSeq></word><word seq="11">garment<GreekSeq>11</GreekSeq></word><word seq="12">and</word><word seq="13">puts<GreekSeq>14</GreekSeq></word><word seq="14">it</word><word seq="15">on<GreekSeq>15</GreekSeq></word><word seq="16">an old<GreekSeq>17</GreekSeq></word><word seq="17">garment.<GreekSeq>16</GreekSeq></word><word seq="18" note="εἰ δὲ μή (γε) Strong Code (1490)">If he does,<GreekSeq>18</GreekSeq><GreekSeq>19</GreekSeq><GreekSeq>20</GreekSeq><GreekSeq>21</GreekSeq></word><word seq="19">he will tear<GreekSeq>25</GreekSeq></word><word seq="20">the<GreekSeq>23</GreekSeq></word><word seq="21">new,<GreekSeq>24</GreekSeq></word><word seq="22">and<GreekSeq>26</GreekSeq></word><word seq="23">the<GreekSeq>31</GreekSeq></word><word seq="24">piece<GreekSeq>32</GreekSeq></word><word seq="25">from<GreekSeq>34</GreekSeq></word><word seq="26">the<GreekSeq>35</GreekSeq></word><word seq="27">new<GreekSeq>36</GreekSeq></word><word seq="28">will<GreekSeq>30</GreekSeq></word><word seq="29">not<GreekSeq>29</GreekSeq></word><word seq="30">match<GreekSeq>30</GreekSeq></word><word seq="31">the<GreekSeq>27</GreekSeq></word><word seq="32">old.<GreekSeq>28</GreekSeq></word></ESV></verse>
<verse number="37"><ESV><word seq="1">And<GreekSeq>1</GreekSeq></word><word seq="2">no one<GreekSeq>2</GreekSeq></word><word seq="3">puts<GreekSeq>3</GreekSeq></word><word seq="4">new<GreekSeq>5</GreekSeq></word><word seq="5">wine<GreekSeq>4</GreekSeq></word><word seq="6">into<GreekSeq>6</GreekSeq></word><word seq="7">old<GreekSeq>8</GreekSeq></word><word seq="8">wineskins.<GreekSeq>7</GreekSeq></word><word seq="9" note="εἰ δὲ μή (γε) Strong Code (1490)">If he does,<GreekSeq>9</GreekSeq><GreekSeq>10</GreekSeq><GreekSeq>11</GreekSeq><GreekSeq>12</GreekSeq></word><word seq="10">the<GreekSeq>14</GreekSeq></word><word seq="11">new<GreekSeq>17</GreekSeq></word><word seq="12">wine<GreekSeq>15</GreekSeq></word><word seq="13">will burst<GreekSeq>13</GreekSeq></word><word seq="14">the<GreekSeq>18</GreekSeq></word><word seq="15">skins<GreekSeq>19</GreekSeq></word><word seq="16">and<GreekSeq>20</GreekSeq></word><word seq="17">it<GreekSeq>21</GreekSeq></word><word seq="18">will be spilled,<GreekSeq>22</GreekSeq></word><word seq="19">and<GreekSeq>23</GreekSeq></word><word seq="20">the<GreekSeq>24</GreekSeq></word><word seq="21">skins<GreekSeq>25</GreekSeq></word><word seq="22">will be destroyed.<GreekSeq>26</GreekSeq></word></ESV></verse>
<verse number="38"><ESV><word seq="1">But<GreekSeq>1</GreekSeq></word><word seq="2">new<GreekSeq>3</GreekSeq></word><word seq="3">wine<GreekSeq>2</GreekSeq></word><word seq="4">must be put<GreekSeq>7</GreekSeq></word><word seq="5">into<GreekSeq>4</GreekSeq></word><word seq="6">fresh<GreekSeq>6</GreekSeq></word><word seq="7">wineskins.<GreekSeq>5</GreekSeq></word></ESV></verse>
<verse number="39"><ESV><word seq="1">And<GreekSeq>1</GreekSeq></word><word seq="2">no one<GreekSeq>2</GreekSeq></word><word seq="3">after</word><word seq="4">drinking<GreekSeq>3</GreekSeq></word><word seq="5">old [wine]<GreekSeq>4</GreekSeq></word><word seq="6">desires<GreekSeq>5</GreekSeq></word><word seq="7">new,<GreekSeq>6</GreekSeq></word><word seq="8">for<GreekSeq>8</GreekSeq></word><word seq="9">he says,<GreekSeq>7</GreekSeq></word><word seq="10">‘The<GreekSeq>9</GreekSeq></word><word seq="11">old<GreekSeq>10</GreekSeq></word><word seq="12">is<GreekSeq>12</GreekSeq></word><word seq="13">good.’”<GreekSeq>11</GreekSeq></word></ESV></verse></chapter></book>