<?xml version="1.0" encoding="UTF-8" standalone="no"?><book><chapter number="14">'<verse number="1"><ESV><word seq="1">It was<GreekSeq>1</GreekSeq></word><word seq="2">now<GreekSeq>2</GreekSeq></word><word seq="3">two<GreekSeq>9</GreekSeq></word><word seq="4">days<GreekSeq>10</GreekSeq></word><word seq="5">before<GreekSeq>8</GreekSeq></word><word seq="6">the<GreekSeq>3</GreekSeq></word><word seq="7">Passover<GreekSeq>4</GreekSeq></word><word seq="8">and<GreekSeq>5</GreekSeq></word><word seq="9">the<GreekSeq>6</GreekSeq></word><word seq="10">[Feast of] Unleavened Bread.<GreekSeq>7</GreekSeq></word><word seq="11">And<GreekSeq>11</GreekSeq></word><word seq="12">the<GreekSeq>13</GreekSeq></word><word seq="13">chief priests<GreekSeq>14</GreekSeq></word><word seq="14">and<GreekSeq>15</GreekSeq></word><word seq="15">the<GreekSeq>16</GreekSeq></word><word seq="16">scribes<GreekSeq>17</GreekSeq></word><word seq="17">were seeking<GreekSeq>12</GreekSeq></word><word seq="18">how<GreekSeq>18</GreekSeq></word><word seq="19">to arrest<GreekSeq>22</GreekSeq></word><word seq="20">him<GreekSeq>19</GreekSeq></word><word seq="21">by<GreekSeq>20</GreekSeq></word><word seq="22">stealth<GreekSeq>21</GreekSeq></word><word seq="23">and</word><word seq="24">kill [him],<GreekSeq>23</GreekSeq></word></ESV></verse>
<verse number="2"><ESV><word seq="1">for<GreekSeq>2</GreekSeq></word><word seq="2">they said,<GreekSeq>1</GreekSeq></word><word seq="3">“Not<GreekSeq>3</GreekSeq></word><word seq="4">during<GreekSeq>4</GreekSeq></word><word seq="5">the<GreekSeq>5</GreekSeq></word><word seq="6">feast,<GreekSeq>6</GreekSeq></word><word seq="7">lest<GreekSeq>7</GreekSeq></word><word seq="8">there be<GreekSeq>8</GreekSeq></word><word seq="9">an uproar<GreekSeq>9</GreekSeq></word><word seq="10">from the<GreekSeq>10</GreekSeq></word><word seq="11">people.”<GreekSeq>11</GreekSeq></word></ESV></verse>
<verse number="3"><ESV><word seq="1">And<GreekSeq>1</GreekSeq></word><word seq="2">while<GreekSeq>2</GreekSeq></word><word seq="3">he<GreekSeq>3</GreekSeq></word><word seq="4">was<GreekSeq>2</GreekSeq></word><word seq="5">at<GreekSeq>4</GreekSeq></word><word seq="6">Bethany<GreekSeq>5</GreekSeq></word><word seq="7">in<GreekSeq>6</GreekSeq></word><word seq="8">the<GreekSeq>7</GreekSeq></word><word seq="9">house<GreekSeq>8</GreekSeq></word><word seq="10">of Simon<GreekSeq>9</GreekSeq></word><word seq="11">the<GreekSeq>10</GreekSeq></word><word seq="12">leper,<GreekSeq>11</GreekSeq></word><word seq="13">as<GreekSeq>12</GreekSeq></word><word seq="14">he<GreekSeq>13</GreekSeq></word><word seq="15">was reclining at table,<GreekSeq>12</GreekSeq></word><word seq="16">a woman<GreekSeq>15</GreekSeq></word><word seq="17">came<GreekSeq>14</GreekSeq></word><word seq="18">with<GreekSeq>16</GreekSeq></word><word seq="19">an alabaster flask<GreekSeq>17</GreekSeq></word><word seq="20">of ointment<GreekSeq>18</GreekSeq></word><word seq="21">of pure<GreekSeq>20</GreekSeq></word><word seq="22">nard,<GreekSeq>19</GreekSeq></word><word seq="23">very costly,<GreekSeq>21</GreekSeq></word><word seq="24">and</word><word seq="25">she broke<GreekSeq>22</GreekSeq></word><word seq="26">the<GreekSeq>23</GreekSeq></word><word seq="27">flask<GreekSeq>24</GreekSeq></word><word seq="28">and</word><word seq="29">poured<GreekSeq>25</GreekSeq></word><word seq="30">it</word><word seq="31" note="Base of different Greek: κατὰ(2596)">over</word><word seq="32">his<GreekSeq>26</GreekSeq></word><word seq="33">head.<GreekSeq>28</GreekSeq></word></ESV></verse>
<verse number="4"><ESV><word seq="1">There were<GreekSeq>1</GreekSeq></word><word seq="2">some<GreekSeq>3</GreekSeq></word><word seq="3" note="Base of different Greek: λέγοντες(3004)">who said</word><word seq="4">to<GreekSeq>5</GreekSeq></word><word seq="5">themselves<GreekSeq>6</GreekSeq></word><word seq="6">indignantly,<GreekSeq>4</GreekSeq></word><word seq="7">“Why<GreekSeq>7</GreekSeq><GreekSeq>8</GreekSeq></word><word seq="8">was<GreekSeq>14</GreekSeq></word><word seq="9">the<GreekSeq>12</GreekSeq></word><word seq="10">ointment<GreekSeq>13</GreekSeq></word><word seq="11">wasted<GreekSeq>10</GreekSeq></word><word seq="12">like</word><word seq="13">that?<GreekSeq>11</GreekSeq></word></ESV></verse>
<verse number="5"><ESV><word seq="1">For<GreekSeq>2</GreekSeq></word><word seq="2">this<GreekSeq>3</GreekSeq></word><word seq="3">ointment<GreekSeq>5</GreekSeq></word><word seq="4">could<GreekSeq>1</GreekSeq></word><word seq="5">have been sold<GreekSeq>6</GreekSeq></word><word seq="6">for more than<GreekSeq>7</GreekSeq></word><word seq="7">three hundred<GreekSeq>9</GreekSeq></word><word seq="8">denarii<GreekSeq>8</GreekSeq></word><word seq="9">and<GreekSeq>10</GreekSeq></word><word seq="10">given<GreekSeq>11</GreekSeq></word><word seq="11">to the<GreekSeq>12</GreekSeq></word><word seq="12">poor.”<GreekSeq>13</GreekSeq></word><word seq="13">And<GreekSeq>14</GreekSeq></word><word seq="14">they scolded<GreekSeq>15</GreekSeq></word><word seq="15">her.<GreekSeq>16</GreekSeq></word></ESV></verse>
<verse number="6"><ESV><word seq="1">But<GreekSeq>2</GreekSeq></word><word seq="2">Jesus<GreekSeq>3</GreekSeq></word><word seq="3">said,<GreekSeq>4</GreekSeq></word><word seq="4">“Leave<GreekSeq>5</GreekSeq></word><word seq="5">her<GreekSeq>6</GreekSeq></word><word seq="6">alone.<GreekSeq>5</GreekSeq></word><word seq="7">Why<GreekSeq>7</GreekSeq></word><word seq="8">do</word><word seq="9">you trouble<GreekSeq>9</GreekSeq><GreekSeq>10</GreekSeq></word><word seq="10">her?<GreekSeq>8</GreekSeq></word><word seq="11">She has done<GreekSeq>13</GreekSeq></word><word seq="12">a beautiful<GreekSeq>11</GreekSeq></word><word seq="13">thing<GreekSeq>12</GreekSeq></word><word seq="14">to<GreekSeq>14</GreekSeq></word><word seq="15">me.<GreekSeq>15</GreekSeq></word></ESV></verse>
<verse number="7"><ESV><word seq="1">For<GreekSeq>2</GreekSeq></word><word seq="2">you<GreekSeq>5</GreekSeq></word><word seq="3">always<GreekSeq>1</GreekSeq></word><word seq="4">have<GreekSeq>5</GreekSeq></word><word seq="5">the<GreekSeq>3</GreekSeq></word><word seq="6">poor<GreekSeq>4</GreekSeq></word><word seq="7">with<GreekSeq>6</GreekSeq></word><word seq="8">you,<GreekSeq>7</GreekSeq></word><word seq="9">and<GreekSeq>8</GreekSeq></word><word seq="10">whenever<GreekSeq>9</GreekSeq></word><word seq="11">you want,<GreekSeq>10</GreekSeq></word><word seq="12">you can<GreekSeq>11</GreekSeq></word><word seq="13">do<GreekSeq>14</GreekSeq></word><word seq="14">good<GreekSeq>13</GreekSeq></word><word seq="15">for them.<GreekSeq>12</GreekSeq></word><word seq="16">But<GreekSeq>16</GreekSeq></word><word seq="17">you will<GreekSeq>19</GreekSeq></word><word seq="18">not<GreekSeq>17</GreekSeq></word><word seq="19">always<GreekSeq>18</GreekSeq></word><word seq="20">have<GreekSeq>19</GreekSeq></word><word seq="21">me.<GreekSeq>15</GreekSeq></word></ESV></verse>
<verse number="8"><ESV><word seq="1">She has done<GreekSeq>3</GreekSeq></word><word seq="2">what<GreekSeq>1</GreekSeq></word><word seq="3">she could;<GreekSeq>2</GreekSeq></word><word seq="4">she has<GreekSeq>4</GreekSeq></word><word seq="5">anointed<GreekSeq>5</GreekSeq></word><word seq="6">my<GreekSeq>8</GreekSeq></word><word seq="7">body<GreekSeq>7</GreekSeq></word><word seq="8">beforehand<GreekSeq>4</GreekSeq></word><word seq="9">for<GreekSeq>9</GreekSeq></word><word seq="10">burial.<GreekSeq>11</GreekSeq></word></ESV></verse>
<verse number="9"><ESV><word seq="1">And<GreekSeq>2</GreekSeq></word><word seq="2">truly,<GreekSeq>1</GreekSeq></word><word seq="3">I say<GreekSeq>3</GreekSeq></word><word seq="4">to you,<GreekSeq>4</GreekSeq></word><word seq="5">wherever<GreekSeq>5</GreekSeq><GreekSeq>6</GreekSeq></word><word seq="6">the<GreekSeq>8</GreekSeq></word><word seq="7">gospel<GreekSeq>9</GreekSeq></word><word seq="8">is proclaimed<GreekSeq>7</GreekSeq></word><word seq="9">in<GreekSeq>10</GreekSeq></word><word seq="10">the<GreekSeq>12</GreekSeq></word><word seq="11">whole<GreekSeq>11</GreekSeq></word><word seq="12">world,<GreekSeq>13</GreekSeq></word><word seq="13">what<GreekSeq>15</GreekSeq></word><word seq="14">she<GreekSeq>17</GreekSeq></word><word seq="15">has done<GreekSeq>16</GreekSeq></word><word seq="16">will be told<GreekSeq>18</GreekSeq></word><word seq="17">in<GreekSeq>19</GreekSeq></word><word seq="18">memory<GreekSeq>20</GreekSeq></word><word seq="19">of her.”<GreekSeq>21</GreekSeq></word></ESV></verse>
<verse number="10"><ESV><word seq="1">Then<GreekSeq>1</GreekSeq></word><word seq="2">Judas<GreekSeq>2</GreekSeq></word><word seq="3">Iscariot,<GreekSeq>3</GreekSeq></word><word seq="4">who<GreekSeq>4</GreekSeq></word><word seq="5">was</word><word seq="6">one<GreekSeq>5</GreekSeq></word><word seq="7">of the<GreekSeq>6</GreekSeq></word><word seq="8">twelve,<GreekSeq>7</GreekSeq></word><word seq="9">went<GreekSeq>8</GreekSeq></word><word seq="10">to<GreekSeq>9</GreekSeq></word><word seq="11">the<GreekSeq>10</GreekSeq></word><word seq="12">chief priests<GreekSeq>11</GreekSeq></word><word seq="13">in order to<GreekSeq>12</GreekSeq></word><word seq="14">betray<GreekSeq>14</GreekSeq></word><word seq="15">him<GreekSeq>13</GreekSeq></word><word seq="16">to them.<GreekSeq>15</GreekSeq></word></ESV></verse>
<verse number="11"><ESV><word seq="1">And<GreekSeq>2</GreekSeq></word><word seq="2">when<GreekSeq>3</GreekSeq></word><word seq="3">they<GreekSeq>1</GreekSeq></word><word seq="4">heard<GreekSeq>3</GreekSeq></word><word seq="5">it,</word><word seq="6">they were glad<GreekSeq>4</GreekSeq></word><word seq="7">and<GreekSeq>5</GreekSeq></word><word seq="8">promised<GreekSeq>6</GreekSeq></word><word seq="9">to give<GreekSeq>9</GreekSeq></word><word seq="10">him<GreekSeq>7</GreekSeq></word><word seq="11">money.<GreekSeq>8</GreekSeq></word><word seq="12">And<GreekSeq>10</GreekSeq></word><word seq="13">he sought<GreekSeq>11</GreekSeq></word><word seq="14">an opportunity to<GreekSeq>14</GreekSeq></word><word seq="15">betray<GreekSeq>15</GreekSeq></word><word seq="16">him.<GreekSeq>13</GreekSeq></word></ESV></verse>
<verse number="12"><ESV><word seq="1">And<GreekSeq>1</GreekSeq></word><word seq="2">on the<GreekSeq>2</GreekSeq></word><word seq="3">first<GreekSeq>3</GreekSeq></word><word seq="4">day<GreekSeq>4</GreekSeq></word><word seq="5">of Unleavened Bread,<GreekSeq>6</GreekSeq></word><word seq="6">when<GreekSeq>7</GreekSeq></word><word seq="7">they sacrificed<GreekSeq>10</GreekSeq></word><word seq="8">the<GreekSeq>8</GreekSeq></word><word seq="9">Passover lamb,<GreekSeq>9</GreekSeq></word><word seq="10">his<GreekSeq>12</GreekSeq></word><word seq="11">disciples<GreekSeq>14</GreekSeq></word><word seq="12">said<GreekSeq>11</GreekSeq></word><word seq="13">to him,<GreekSeq>12</GreekSeq></word><word seq="14">“Where<GreekSeq>16</GreekSeq></word><word seq="15">will you have<GreekSeq>17</GreekSeq></word><word seq="16">us<GreekSeq>19</GreekSeq></word><word seq="17">go<GreekSeq>18</GreekSeq></word><word seq="18">and</word><word seq="19">prepare<GreekSeq>19</GreekSeq></word><word seq="20">for</word><word seq="21">you to eat<GreekSeq>20</GreekSeq><GreekSeq>21</GreekSeq></word><word seq="22">the<GreekSeq>22</GreekSeq></word><word seq="23">Passover?”<GreekSeq>23</GreekSeq></word></ESV></verse>
<verse number="13"><ESV><word seq="1">And<GreekSeq>1</GreekSeq></word><word seq="2">he sent<GreekSeq>2</GreekSeq></word><word seq="3">two<GreekSeq>3</GreekSeq></word><word seq="4">of<GreekSeq>5</GreekSeq></word><word seq="5">his<GreekSeq>6</GreekSeq></word><word seq="6">disciples<GreekSeq>5</GreekSeq></word><word seq="7">and<GreekSeq>7</GreekSeq></word><word seq="8">said<GreekSeq>8</GreekSeq></word><word seq="9">to them,<GreekSeq>9</GreekSeq></word><word seq="10">“Go<GreekSeq>10</GreekSeq></word><word seq="11">into<GreekSeq>11</GreekSeq></word><word seq="12">the<GreekSeq>12</GreekSeq></word><word seq="13">city,<GreekSeq>13</GreekSeq></word><word seq="14">and<GreekSeq>14</GreekSeq></word><word seq="15">a man<GreekSeq>17</GreekSeq></word><word seq="16">carrying<GreekSeq>20</GreekSeq></word><word seq="17">a jar<GreekSeq>18</GreekSeq></word><word seq="18">of water<GreekSeq>19</GreekSeq></word><word seq="19">will meet<GreekSeq>15</GreekSeq></word><word seq="20">you.<GreekSeq>16</GreekSeq></word><word seq="21">Follow<GreekSeq>21</GreekSeq></word><word seq="22">him,<GreekSeq>22</GreekSeq></word></ESV></verse>
<verse number="14"><ESV><word seq="1">and<GreekSeq>1</GreekSeq></word><word seq="2">wherever<GreekSeq>2</GreekSeq><GreekSeq>3</GreekSeq></word><word seq="3">he enters,<GreekSeq>4</GreekSeq></word><word seq="4">say<GreekSeq>5</GreekSeq></word><word seq="5">to the<GreekSeq>6</GreekSeq></word><word seq="6">master of the house,<GreekSeq>7</GreekSeq></word><word seq="7">‘The<GreekSeq>9</GreekSeq></word><word seq="8">Teacher<GreekSeq>10</GreekSeq></word><word seq="9">says,<GreekSeq>11</GreekSeq></word><word seq="10">Where<GreekSeq>12</GreekSeq></word><word seq="11">is<GreekSeq>13</GreekSeq></word><word seq="12">my<GreekSeq>16</GreekSeq></word><word seq="13">guest room,<GreekSeq>15</GreekSeq></word><word seq="14">where<GreekSeq>17</GreekSeq></word><word seq="15">I may eat<GreekSeq>24</GreekSeq></word><word seq="16">the<GreekSeq>18</GreekSeq></word><word seq="17">Passover<GreekSeq>19</GreekSeq></word><word seq="18">with<GreekSeq>20</GreekSeq></word><word seq="19">my<GreekSeq>23</GreekSeq></word><word seq="20">disciples?’<GreekSeq>22</GreekSeq></word></ESV></verse>
<verse number="15"><ESV><word seq="1">And<GreekSeq>1</GreekSeq></word><word seq="2">he<GreekSeq>2</GreekSeq></word><word seq="3">will show<GreekSeq>4</GreekSeq></word><word seq="4">you<GreekSeq>3</GreekSeq></word><word seq="5">a large<GreekSeq>6</GreekSeq></word><word seq="6">upper room<GreekSeq>5</GreekSeq></word><word seq="7">furnished<GreekSeq>7</GreekSeq></word><word seq="8">and</word><word seq="9">ready;<GreekSeq>8</GreekSeq></word><word seq="10">there<GreekSeq>10</GreekSeq></word><word seq="11">prepare<GreekSeq>11</GreekSeq></word><word seq="12">for us.”<GreekSeq>12</GreekSeq></word></ESV></verse>
<verse number="16"><ESV><word seq="1">And<GreekSeq>1</GreekSeq></word><word seq="2">the<GreekSeq>3</GreekSeq></word><word seq="3">disciples<GreekSeq>4</GreekSeq></word><word seq="4">set out<GreekSeq>2</GreekSeq></word><word seq="5">and<GreekSeq>5</GreekSeq></word><word seq="6">went<GreekSeq>6</GreekSeq></word><word seq="7">to<GreekSeq>7</GreekSeq></word><word seq="8">the<GreekSeq>8</GreekSeq></word><word seq="9">city<GreekSeq>9</GreekSeq></word><word seq="10">and<GreekSeq>10</GreekSeq></word><word seq="11">found<GreekSeq>11</GreekSeq></word><word seq="12">it</word><word seq="13">just as<GreekSeq>12</GreekSeq></word><word seq="14">he had told<GreekSeq>13</GreekSeq></word><word seq="15">them,<GreekSeq>14</GreekSeq></word><word seq="16">and<GreekSeq>15</GreekSeq></word><word seq="17">they prepared<GreekSeq>16</GreekSeq></word><word seq="18">the<GreekSeq>17</GreekSeq></word><word seq="19">Passover.<GreekSeq>18</GreekSeq></word></ESV></verse>
<verse number="17"><ESV><word seq="1">And<GreekSeq>1</GreekSeq></word><word seq="2">when it was<GreekSeq>3</GreekSeq></word><word seq="3">evening,<GreekSeq>2</GreekSeq></word><word seq="4">he came<GreekSeq>4</GreekSeq></word><word seq="5">with<GreekSeq>5</GreekSeq></word><word seq="6">the<GreekSeq>6</GreekSeq></word><word seq="7">twelve.<GreekSeq>7</GreekSeq></word></ESV></verse>
<verse number="18"><ESV><word seq="1">And<GreekSeq>1</GreekSeq></word><word seq="2">as<GreekSeq>2</GreekSeq></word><word seq="3">they<GreekSeq>3</GreekSeq></word><word seq="4">were reclining at table<GreekSeq>2</GreekSeq></word><word seq="5">and<GreekSeq>4</GreekSeq></word><word seq="6">eating,<GreekSeq>5</GreekSeq></word><word seq="7">Jesus<GreekSeq>7</GreekSeq></word><word seq="8">said,<GreekSeq>8</GreekSeq></word><word seq="9">“Truly,<GreekSeq>9</GreekSeq></word><word seq="10">I say<GreekSeq>10</GreekSeq></word><word seq="11">to you,<GreekSeq>11</GreekSeq></word><word seq="12">one<GreekSeq>13</GreekSeq></word><word seq="13">of<GreekSeq>14</GreekSeq></word><word seq="14">you<GreekSeq>15</GreekSeq></word><word seq="15">will betray<GreekSeq>16</GreekSeq></word><word seq="16">me,<GreekSeq>17</GreekSeq></word><word seq="17">one<GreekSeq>18</GreekSeq></word><word seq="18">who is eating<GreekSeq>19</GreekSeq></word><word seq="19">with<GreekSeq>20</GreekSeq></word><word seq="20">me.”<GreekSeq>21</GreekSeq></word></ESV></verse>
<verse number="19"><ESV><word seq="1">They began<GreekSeq>1</GreekSeq></word><word seq="2">to be sorrowful<GreekSeq>2</GreekSeq></word><word seq="3">and<GreekSeq>3</GreekSeq></word><word seq="4">to say<GreekSeq>4</GreekSeq></word><word seq="5">to him<GreekSeq>5</GreekSeq></word><word seq="6">one after another,<GreekSeq>6</GreekSeq><GreekSeq>7</GreekSeq><GreekSeq>8</GreekSeq></word><word seq="7">“Is it<GreekSeq>9</GreekSeq></word><word seq="8">I?”<GreekSeq>10</GreekSeq></word></ESV></verse>
<verse number="20"><ESV><word seq="1">He<GreekSeq>1</GreekSeq></word><word seq="2">said<GreekSeq>3</GreekSeq></word><word seq="3">to them,<GreekSeq>4</GreekSeq></word><word seq="4">“It is</word><word seq="5">one<GreekSeq>5</GreekSeq></word><word seq="6">of the<GreekSeq>6</GreekSeq></word><word seq="7">twelve,<GreekSeq>7</GreekSeq></word><word seq="8">one<GreekSeq>8</GreekSeq></word><word seq="9">who is dipping<GreekSeq>9</GreekSeq></word><word seq="10">bread</word><word seq="11">into<GreekSeq>12</GreekSeq></word><word seq="12">the<GreekSeq>13</GreekSeq></word><word seq="13">dish<GreekSeq>14</GreekSeq></word><word seq="14">with<GreekSeq>10</GreekSeq></word><word seq="15">me.<GreekSeq>11</GreekSeq></word></ESV></verse>
<verse number="21"><ESV><word seq="1">For<GreekSeq>1</GreekSeq></word><word seq="2">the<GreekSeq>2</GreekSeq></word><word seq="3">Son<GreekSeq>4</GreekSeq></word><word seq="4">of Man<GreekSeq>6</GreekSeq></word><word seq="5">goes<GreekSeq>7</GreekSeq></word><word seq="6">as<GreekSeq>8</GreekSeq></word><word seq="7">it is written<GreekSeq>9</GreekSeq></word><word seq="8">of<GreekSeq>10</GreekSeq></word><word seq="9">him,<GreekSeq>11</GreekSeq></word><word seq="10">but<GreekSeq>13</GreekSeq></word><word seq="11">woe<GreekSeq>12</GreekSeq></word><word seq="12">to that<GreekSeq>16</GreekSeq></word><word seq="13">man<GreekSeq>15</GreekSeq></word><word seq="14">by<GreekSeq>17</GreekSeq></word><word seq="15">whom<GreekSeq>18</GreekSeq></word><word seq="16">the<GreekSeq>19</GreekSeq></word><word seq="17">Son<GreekSeq>20</GreekSeq></word><word seq="18">of Man<GreekSeq>22</GreekSeq></word><word seq="19">is betrayed!<GreekSeq>23</GreekSeq></word><word seq="20">It<GreekSeq>25</GreekSeq></word><word seq="21" note="Base of different Greek: ἦν(2258)">would have been</word><word seq="22">better<GreekSeq>24</GreekSeq></word><word seq="23">for that<GreekSeq>31</GreekSeq></word><word seq="24">man<GreekSeq>30</GreekSeq></word><word seq="25">if<GreekSeq>26</GreekSeq></word><word seq="26">he had<GreekSeq>28</GreekSeq></word><word seq="27">not<GreekSeq>27</GreekSeq></word><word seq="28">been born.”<GreekSeq>28</GreekSeq></word></ESV></verse>
<verse number="22"><ESV><word seq="1">And<GreekSeq>1</GreekSeq></word><word seq="2">as<GreekSeq>2</GreekSeq></word><word seq="3">they<GreekSeq>3</GreekSeq></word><word seq="4">were eating,<GreekSeq>2</GreekSeq></word><word seq="5">he took<GreekSeq>4</GreekSeq></word><word seq="6">bread,<GreekSeq>5</GreekSeq></word><word seq="7">and after</word><word seq="8">blessing<GreekSeq>6</GreekSeq></word><word seq="9">it</word><word seq="10">broke<GreekSeq>7</GreekSeq></word><word seq="11">it</word><word seq="12">and<GreekSeq>8</GreekSeq></word><word seq="13">gave<GreekSeq>9</GreekSeq></word><word seq="14">it</word><word seq="15">to them,<GreekSeq>10</GreekSeq></word><word seq="16">and<GreekSeq>11</GreekSeq></word><word seq="17">said,<GreekSeq>12</GreekSeq></word><word seq="18">“Take;<GreekSeq>13</GreekSeq></word><word seq="19">this<GreekSeq>14</GreekSeq></word><word seq="20">is<GreekSeq>15</GreekSeq></word><word seq="21">my<GreekSeq>18</GreekSeq></word><word seq="22">body.”<GreekSeq>17</GreekSeq></word></ESV></verse>
<verse number="23"><ESV><word seq="1">And<GreekSeq>1</GreekSeq></word><word seq="2">he took a<GreekSeq>2</GreekSeq></word><word seq="3">cup,<GreekSeq>3</GreekSeq></word><word seq="4">and</word><word seq="5">when he had given thanks<GreekSeq>4</GreekSeq></word><word seq="6">he gave<GreekSeq>5</GreekSeq></word><word seq="7">it</word><word seq="8">to them,<GreekSeq>6</GreekSeq></word><word seq="9">and<GreekSeq>7</GreekSeq></word><word seq="10">they<GreekSeq>8</GreekSeq></word><word seq="11">all<GreekSeq>11</GreekSeq></word><word seq="12">drank<GreekSeq>8</GreekSeq></word><word seq="13">of<GreekSeq>9</GreekSeq></word><word seq="14">it.<GreekSeq>10</GreekSeq></word></ESV></verse>
<verse number="24"><ESV><word seq="1">And<GreekSeq>1</GreekSeq></word><word seq="2">he said<GreekSeq>2</GreekSeq></word><word seq="3">to them,<GreekSeq>3</GreekSeq></word><word seq="4">“This<GreekSeq>4</GreekSeq></word><word seq="5">is<GreekSeq>5</GreekSeq></word><word seq="6">my<GreekSeq>8</GreekSeq></word><word seq="7">blood<GreekSeq>7</GreekSeq></word><word seq="8">of the<GreekSeq>9</GreekSeq></word><word seq="9">covenant,<GreekSeq>10</GreekSeq></word><word seq="10">which is poured out<GreekSeq>12</GreekSeq></word><word seq="11">for<GreekSeq>13</GreekSeq></word><word seq="12">many.<GreekSeq>14</GreekSeq></word></ESV></verse>
<verse number="25"><ESV><word seq="1">Truly,<GreekSeq>1</GreekSeq></word><word seq="2">I say<GreekSeq>2</GreekSeq></word><word seq="3">to you,<GreekSeq>3</GreekSeq></word><word seq="4">I will<GreekSeq>8</GreekSeq></word><word seq="5" note="οὐ μή Strong Code (3364)">not<GreekSeq>6</GreekSeq><GreekSeq>7</GreekSeq></word><word seq="6">drink<GreekSeq>8</GreekSeq></word><word seq="7">again<GreekSeq>5</GreekSeq></word><word seq="8">of<GreekSeq>9</GreekSeq></word><word seq="9">the<GreekSeq>10</GreekSeq></word><word seq="10">fruit<GreekSeq>11</GreekSeq></word><word seq="11">of the<GreekSeq>12</GreekSeq></word><word seq="12">vine<GreekSeq>13</GreekSeq></word><word seq="13">until<GreekSeq>14</GreekSeq></word><word seq="14">that<GreekSeq>17</GreekSeq></word><word seq="15">day<GreekSeq>16</GreekSeq></word><word seq="16">when<GreekSeq>18</GreekSeq></word><word seq="17">I drink<GreekSeq>20</GreekSeq></word><word seq="18">it<GreekSeq>19</GreekSeq></word><word seq="19">new<GreekSeq>21</GreekSeq></word><word seq="20">in<GreekSeq>22</GreekSeq></word><word seq="21">the<GreekSeq>23</GreekSeq></word><word seq="22">kingdom<GreekSeq>24</GreekSeq></word><word seq="23">of God.”<GreekSeq>26</GreekSeq></word></ESV></verse>
<verse number="26"><ESV><word seq="1">And<GreekSeq>1</GreekSeq></word><word seq="2">when they had sung a hymn,<GreekSeq>2</GreekSeq></word><word seq="3">they went out<GreekSeq>3</GreekSeq></word><word seq="4">to<GreekSeq>4</GreekSeq></word><word seq="5">the<GreekSeq>5</GreekSeq></word><word seq="6">Mount<GreekSeq>6</GreekSeq></word><word seq="7">of Olives.<GreekSeq>8</GreekSeq></word></ESV></verse>
<verse number="27"><ESV><word seq="1">And<GreekSeq>1</GreekSeq></word><word seq="2">Jesus<GreekSeq>5</GreekSeq></word><word seq="3">said<GreekSeq>2</GreekSeq></word><word seq="4">to them,<GreekSeq>3</GreekSeq></word><word seq="5">“You will<GreekSeq>8</GreekSeq></word><word seq="6">all<GreekSeq>7</GreekSeq></word><word seq="7">fall away,<GreekSeq>8</GreekSeq></word><word seq="8">for<GreekSeq>9</GreekSeq></word><word seq="9">it is written,<GreekSeq>10</GreekSeq></word><word seq="10">‘I will strike<GreekSeq>11</GreekSeq></word><word seq="11">the<GreekSeq>12</GreekSeq></word><word seq="12">shepherd,<GreekSeq>13</GreekSeq></word><word seq="13">and<GreekSeq>14</GreekSeq></word><word seq="14">the<GreekSeq>15</GreekSeq></word><word seq="15">sheep<GreekSeq>16</GreekSeq></word><word seq="16">will be scattered.’<GreekSeq>17</GreekSeq></word></ESV></verse>
<verse number="28"><ESV><word seq="1">But<GreekSeq>1</GreekSeq></word><word seq="2">after<GreekSeq>2</GreekSeq></word><word seq="3">I<GreekSeq>5</GreekSeq></word><word seq="4">am raised up,<GreekSeq>4</GreekSeq></word><word seq="5">I will go before<GreekSeq>6</GreekSeq></word><word seq="6">you<GreekSeq>7</GreekSeq></word><word seq="7">to<GreekSeq>8</GreekSeq></word><word seq="8">Galilee.”<GreekSeq>10</GreekSeq></word></ESV></verse>
<verse number="29"><ESV><word seq="1">Peter<GreekSeq>3</GreekSeq></word><word seq="2">said<GreekSeq>4</GreekSeq></word><word seq="3">to him,<GreekSeq>5</GreekSeq></word><word seq="4">“Even<GreekSeq>7</GreekSeq></word><word seq="5">though<GreekSeq>6</GreekSeq></word><word seq="6">they<GreekSeq>9</GreekSeq></word><word seq="7">all<GreekSeq>8</GreekSeq></word><word seq="8">fall away,<GreekSeq>9</GreekSeq></word><word seq="9">I<GreekSeq>12</GreekSeq></word><word seq="10">will</word><word seq="11">not.”<GreekSeq>11</GreekSeq></word></ESV></verse>
<verse number="30"><ESV><word seq="1">And<GreekSeq>1</GreekSeq></word><word seq="2">Jesus<GreekSeq>5</GreekSeq></word><word seq="3">said<GreekSeq>2</GreekSeq></word><word seq="4">to him,<GreekSeq>3</GreekSeq></word><word seq="5">“Truly,<GreekSeq>6</GreekSeq></word><word seq="6">I tell<GreekSeq>7</GreekSeq></word><word seq="7">you,<GreekSeq>8</GreekSeq></word><word seq="8">this very<GreekSeq>12</GreekSeq></word><word seq="9">night,<GreekSeq>14</GreekSeq></word><word seq="10">before<GreekSeq>15</GreekSeq></word><word seq="11">the rooster<GreekSeq>18</GreekSeq></word><word seq="12">crows<GreekSeq>19</GreekSeq></word><word seq="13">twice,<GreekSeq>17</GreekSeq></word><word seq="14">you will deny<GreekSeq>22</GreekSeq></word><word seq="15">me<GreekSeq>21</GreekSeq></word><word seq="16">three times.”<GreekSeq>20</GreekSeq></word></ESV></verse>
<verse number="31"><ESV><word seq="1">But<GreekSeq>2</GreekSeq></word><word seq="2">he<GreekSeq>1</GreekSeq></word><word seq="3">said<GreekSeq>4</GreekSeq></word><word seq="4">emphatically,<GreekSeq>3</GreekSeq></word><word seq="5">“If<GreekSeq>5</GreekSeq></word><word seq="6">I<GreekSeq>7</GreekSeq></word><word seq="7">must<GreekSeq>6</GreekSeq></word><word seq="8">die with<GreekSeq>8</GreekSeq></word><word seq="9">you,<GreekSeq>9</GreekSeq></word><word seq="10">I will<GreekSeq>13</GreekSeq></word><word seq="11" note="οὐ μή Strong Code (3364)">not<GreekSeq>10</GreekSeq><GreekSeq>11</GreekSeq></word><word seq="12">deny<GreekSeq>13</GreekSeq></word><word seq="13">you.”<GreekSeq>12</GreekSeq></word><word seq="14">And<GreekSeq>16</GreekSeq></word><word seq="15">they<GreekSeq>18</GreekSeq></word><word seq="16">all<GreekSeq>17</GreekSeq></word><word seq="17">said<GreekSeq>18</GreekSeq></word><word seq="18">the same.<GreekSeq>14</GreekSeq></word></ESV></verse>
<verse number="32"><ESV><word seq="1">And<GreekSeq>1</GreekSeq></word><word seq="2">they went<GreekSeq>2</GreekSeq></word><word seq="3">to<GreekSeq>3</GreekSeq></word><word seq="4">a place<GreekSeq>4</GreekSeq></word><word seq="5">called<GreekSeq>7</GreekSeq></word><word seq="6">Gethsemane.<GreekSeq>8</GreekSeq></word><word seq="7">And<GreekSeq>9</GreekSeq></word><word seq="8">he said to<GreekSeq>10</GreekSeq></word><word seq="9">his<GreekSeq>13</GreekSeq></word><word seq="10">disciples,<GreekSeq>12</GreekSeq></word><word seq="11">“Sit<GreekSeq>14</GreekSeq></word><word seq="12">here<GreekSeq>15</GreekSeq></word><word seq="13">while<GreekSeq>16</GreekSeq></word><word seq="14">I pray.”<GreekSeq>17</GreekSeq></word></ESV></verse>
<verse number="33"><ESV><word seq="1">And<GreekSeq>1</GreekSeq></word><word seq="2">he took<GreekSeq>2</GreekSeq></word><word seq="3">with<GreekSeq>11</GreekSeq></word><word seq="4">him<GreekSeq>12</GreekSeq></word><word seq="5">Peter<GreekSeq>4</GreekSeq></word><word seq="6">and<GreekSeq>5</GreekSeq></word><word seq="7">James<GreekSeq>7</GreekSeq></word><word seq="8">and<GreekSeq>8</GreekSeq></word><word seq="9">John,<GreekSeq>10</GreekSeq></word><word seq="10">and<GreekSeq>13</GreekSeq></word><word seq="11">began<GreekSeq>14</GreekSeq></word><word seq="12">to be greatly distressed<GreekSeq>15</GreekSeq></word><word seq="13">and<GreekSeq>16</GreekSeq></word><word seq="14">troubled.<GreekSeq>17</GreekSeq></word></ESV></verse>
<verse number="34"><ESV><word seq="1">And<GreekSeq>1</GreekSeq></word><word seq="2">he said<GreekSeq>2</GreekSeq></word><word seq="3">to them,<GreekSeq>3</GreekSeq></word><word seq="4">“My<GreekSeq>8</GreekSeq></word><word seq="5">soul<GreekSeq>7</GreekSeq></word><word seq="6">is<GreekSeq>5</GreekSeq></word><word seq="7">very sorrowful,<GreekSeq>4</GreekSeq></word><word seq="8">even to<GreekSeq>9</GreekSeq></word><word seq="9">death.<GreekSeq>10</GreekSeq></word><word seq="10">Remain<GreekSeq>11</GreekSeq></word><word seq="11">here<GreekSeq>12</GreekSeq></word><word seq="12">and<GreekSeq>13</GreekSeq></word><word seq="13">watch.”<GreekSeq>14</GreekSeq></word></ESV></verse>
<verse number="35"><ESV><word seq="1">And<GreekSeq>1</GreekSeq></word><word seq="2">going<GreekSeq>2</GreekSeq></word><word seq="3">a little<GreekSeq>3</GreekSeq></word><word seq="4">farther,<GreekSeq>2</GreekSeq></word><word seq="5">he fell<GreekSeq>4</GreekSeq></word><word seq="6">on<GreekSeq>5</GreekSeq></word><word seq="7">the<GreekSeq>6</GreekSeq></word><word seq="8">ground<GreekSeq>7</GreekSeq></word><word seq="9">and<GreekSeq>8</GreekSeq></word><word seq="10">prayed<GreekSeq>9</GreekSeq></word><word seq="11">that,<GreekSeq>10</GreekSeq></word><word seq="12">if<GreekSeq>11</GreekSeq></word><word seq="13">it were<GreekSeq>13</GreekSeq></word><word seq="14">possible,<GreekSeq>12</GreekSeq></word><word seq="15">the<GreekSeq>17</GreekSeq></word><word seq="16">hour<GreekSeq>18</GreekSeq></word><word seq="17">might pass<GreekSeq>14</GreekSeq></word><word seq="18">from<GreekSeq>15</GreekSeq></word><word seq="19">him.<GreekSeq>16</GreekSeq></word></ESV></verse>
<verse number="36"><ESV><word seq="1">And<GreekSeq>1</GreekSeq></word><word seq="2">he said,<GreekSeq>2</GreekSeq></word><word seq="3">“Abba,<GreekSeq>3</GreekSeq></word><word seq="4">Father,<GreekSeq>5</GreekSeq></word><word seq="5">all things<GreekSeq>6</GreekSeq></word><word seq="6">are</word><word seq="7">possible<GreekSeq>7</GreekSeq></word><word seq="8">for you.<GreekSeq>8</GreekSeq></word><word seq="9">Remove<GreekSeq>9</GreekSeq></word><word seq="10">this<GreekSeq>12</GreekSeq></word><word seq="11">cup<GreekSeq>11</GreekSeq></word><word seq="12">from<GreekSeq>13</GreekSeq></word><word seq="13">me.<GreekSeq>14</GreekSeq></word><word seq="14">Yet<GreekSeq>15</GreekSeq></word><word seq="15">not<GreekSeq>16</GreekSeq></word><word seq="16">what<GreekSeq>17</GreekSeq></word><word seq="17">I<GreekSeq>18</GreekSeq></word><word seq="18">will,<GreekSeq>19</GreekSeq></word><word seq="19">but<GreekSeq>20</GreekSeq></word><word seq="20">what<GreekSeq>21</GreekSeq></word><word seq="21">you<GreekSeq>22</GreekSeq></word><word seq="22">will.”</word></ESV></verse>
<verse number="37"><ESV><word seq="1">And<GreekSeq>1</GreekSeq></word><word seq="2">he came<GreekSeq>2</GreekSeq></word><word seq="3">and<GreekSeq>3</GreekSeq></word><word seq="4">found<GreekSeq>4</GreekSeq></word><word seq="5">them<GreekSeq>5</GreekSeq></word><word seq="6">sleeping,<GreekSeq>6</GreekSeq></word><word seq="7">and<GreekSeq>7</GreekSeq></word><word seq="8">he said<GreekSeq>8</GreekSeq></word><word seq="9">to Peter,<GreekSeq>10</GreekSeq></word><word seq="10">“Simon,<GreekSeq>11</GreekSeq></word><word seq="11">are you asleep?<GreekSeq>12</GreekSeq></word><word seq="12">Could you<GreekSeq>14</GreekSeq></word><word seq="13">not<GreekSeq>13</GreekSeq></word><word seq="14">watch<GreekSeq>17</GreekSeq></word><word seq="15">one<GreekSeq>15</GreekSeq></word><word seq="16">hour?<GreekSeq>16</GreekSeq></word></ESV></verse>
<verse number="38"><ESV><word seq="1">Watch<GreekSeq>1</GreekSeq></word><word seq="2">and<GreekSeq>2</GreekSeq></word><word seq="3">pray<GreekSeq>3</GreekSeq></word><word seq="4">that<GreekSeq>4</GreekSeq></word><word seq="5">you may<GreekSeq>6</GreekSeq></word><word seq="6">not<GreekSeq>5</GreekSeq></word><word seq="7">enter<GreekSeq>6</GreekSeq></word><word seq="8">into<GreekSeq>7</GreekSeq></word><word seq="9">temptation.<GreekSeq>8</GreekSeq></word><word seq="10">The<GreekSeq>9</GreekSeq></word><word seq="11">spirit<GreekSeq>11</GreekSeq></word><word seq="12">indeed<GreekSeq>10</GreekSeq></word><word seq="13">is</word><word seq="14">willing,<GreekSeq>12</GreekSeq></word><word seq="15">but<GreekSeq>14</GreekSeq></word><word seq="16">the<GreekSeq>13</GreekSeq></word><word seq="17">flesh<GreekSeq>15</GreekSeq></word><word seq="18">is</word><word seq="19">weak.”<GreekSeq>16</GreekSeq></word></ESV></verse>
<verse number="39"><ESV><word seq="1">And<GreekSeq>1</GreekSeq></word><word seq="2">again<GreekSeq>2</GreekSeq></word><word seq="3">he went away<GreekSeq>3</GreekSeq></word><word seq="4">and</word><word seq="5">prayed,<GreekSeq>4</GreekSeq></word><word seq="6">saying<GreekSeq>8</GreekSeq></word><word seq="7">the<GreekSeq>5</GreekSeq></word><word seq="8">same<GreekSeq>6</GreekSeq></word><word seq="9">words.<GreekSeq>7</GreekSeq></word></ESV></verse>
<verse number="40"><ESV><word seq="1">And<GreekSeq>1</GreekSeq></word><word seq="2">again<GreekSeq>2</GreekSeq></word><word seq="3">he came<GreekSeq>3</GreekSeq></word><word seq="4">and</word><word seq="5">found<GreekSeq>4</GreekSeq></word><word seq="6">them<GreekSeq>5</GreekSeq></word><word seq="7">sleeping,<GreekSeq>6</GreekSeq></word><word seq="8">for<GreekSeq>8</GreekSeq></word><word seq="9">their<GreekSeq>9</GreekSeq></word><word seq="10">eyes<GreekSeq>11</GreekSeq></word><word seq="11">were<GreekSeq>7</GreekSeq></word><word seq="12">very heavy,<GreekSeq>12</GreekSeq></word><word seq="13">and<GreekSeq>13</GreekSeq></word><word seq="14">they did<GreekSeq>15</GreekSeq></word><word seq="15">not<GreekSeq>14</GreekSeq></word><word seq="16">know<GreekSeq>15</GreekSeq></word><word seq="17">what<GreekSeq>16</GreekSeq></word><word seq="18">to answer<GreekSeq>17</GreekSeq></word><word seq="19">him.<GreekSeq>18</GreekSeq></word></ESV></verse>
<verse number="41"><ESV><word seq="1">And<GreekSeq>1</GreekSeq></word><word seq="2">he came<GreekSeq>2</GreekSeq></word><word seq="3">the<GreekSeq>3</GreekSeq></word><word seq="4">third time<GreekSeq>4</GreekSeq></word><word seq="5">and<GreekSeq>5</GreekSeq></word><word seq="6">said<GreekSeq>6</GreekSeq></word><word seq="7">to them,<GreekSeq>7</GreekSeq></word><word seq="8">“Are you<GreekSeq>8</GreekSeq></word><word seq="9">still<GreekSeq>10</GreekSeq></word><word seq="10">sleeping<GreekSeq>8</GreekSeq></word><word seq="11">and<GreekSeq>11</GreekSeq></word><word seq="12">taking your rest?<GreekSeq>12</GreekSeq></word><word seq="13">It is enough;<GreekSeq>13</GreekSeq></word><word seq="14">the<GreekSeq>15</GreekSeq></word><word seq="15">hour<GreekSeq>16</GreekSeq></word><word seq="16">has come.<GreekSeq>14</GreekSeq></word><word seq="17">The<GreekSeq>19</GreekSeq></word><word seq="18">Son<GreekSeq>20</GreekSeq></word><word seq="19">of Man<GreekSeq>22</GreekSeq></word><word seq="20">is betrayed<GreekSeq>18</GreekSeq></word><word seq="21">into<GreekSeq>23</GreekSeq></word><word seq="22">the<GreekSeq>24</GreekSeq></word><word seq="23">hands<GreekSeq>25</GreekSeq></word><word seq="24">of sinners.<GreekSeq>27</GreekSeq></word></ESV></verse>
<verse number="42"><ESV><word seq="1">Rise,<GreekSeq>1</GreekSeq></word><word seq="2">let us be going;<GreekSeq>2</GreekSeq></word><word seq="3">see,<GreekSeq>3</GreekSeq></word><word seq="4">my betrayer<GreekSeq>5</GreekSeq><GreekSeq>6</GreekSeq></word><word seq="5">is at hand.”<GreekSeq>7</GreekSeq></word></ESV></verse>
<verse number="43"><ESV><word seq="1">And<GreekSeq>1</GreekSeq></word><word seq="2">immediately,<GreekSeq>2</GreekSeq></word><word seq="3">while<GreekSeq>5</GreekSeq></word><word seq="4">he<GreekSeq>4</GreekSeq></word><word seq="5">was<GreekSeq>5</GreekSeq></word><word seq="6">still<GreekSeq>3</GreekSeq></word><word seq="7">speaking,<GreekSeq>5</GreekSeq></word><word seq="8">Judas<GreekSeq>7</GreekSeq></word><word seq="9">came,<GreekSeq>6</GreekSeq></word><word seq="10">one<GreekSeq>8</GreekSeq></word><word seq="11">of the<GreekSeq>9</GreekSeq></word><word seq="12">twelve,<GreekSeq>10</GreekSeq></word><word seq="13">and<GreekSeq>11</GreekSeq></word><word seq="14">with<GreekSeq>12</GreekSeq></word><word seq="15">him<GreekSeq>13</GreekSeq></word><word seq="16">a crowd<GreekSeq>14</GreekSeq></word><word seq="17">with<GreekSeq>15</GreekSeq></word><word seq="18">swords<GreekSeq>16</GreekSeq></word><word seq="19">and<GreekSeq>17</GreekSeq></word><word seq="20">clubs,<GreekSeq>18</GreekSeq></word><word seq="21">from<GreekSeq>19</GreekSeq></word><word seq="22">the<GreekSeq>20</GreekSeq></word><word seq="23">chief priests<GreekSeq>21</GreekSeq></word><word seq="24">and<GreekSeq>22</GreekSeq></word><word seq="25">the<GreekSeq>23</GreekSeq></word><word seq="26">scribes<GreekSeq>24</GreekSeq></word><word seq="27">and<GreekSeq>25</GreekSeq></word><word seq="28">the<GreekSeq>26</GreekSeq></word><word seq="29">elders.<GreekSeq>27</GreekSeq></word></ESV></verse>
<verse number="44"><ESV><word seq="1">Now<GreekSeq>2</GreekSeq></word><word seq="2">the<GreekSeq>3</GreekSeq></word><word seq="3">betrayer<GreekSeq>4</GreekSeq></word><word seq="4">had given<GreekSeq>1</GreekSeq></word><word seq="5">them<GreekSeq>7</GreekSeq></word><word seq="6">a sign,<GreekSeq>6</GreekSeq></word><word seq="7">saying,<GreekSeq>8</GreekSeq></word><word seq="8">“The one<GreekSeq>9</GreekSeq></word><word seq="9">I will kiss<GreekSeq>11</GreekSeq></word><word seq="10">is<GreekSeq>13</GreekSeq></word><word seq="11">the man.<GreekSeq>12</GreekSeq></word><word seq="12">Seize<GreekSeq>14</GreekSeq></word><word seq="13">him<GreekSeq>15</GreekSeq></word><word seq="14">and<GreekSeq>16</GreekSeq></word><word seq="15">lead [him] away<GreekSeq>17</GreekSeq></word><word seq="16">under guard.”<GreekSeq>18</GreekSeq></word></ESV></verse>
<verse number="45"><ESV><word seq="1">And<GreekSeq>1</GreekSeq></word><word seq="2">when he came,<GreekSeq>2</GreekSeq></word><word seq="3">he went up<GreekSeq>4</GreekSeq></word><word seq="4">to him<GreekSeq>5</GreekSeq></word><word seq="5">at once<GreekSeq>3</GreekSeq></word><word seq="6">and</word><word seq="7">said,<GreekSeq>6</GreekSeq></word><word seq="8">“Rabbi!”<GreekSeq>7</GreekSeq></word><word seq="9">And<GreekSeq>8</GreekSeq></word><word seq="10">he kissed<GreekSeq>9</GreekSeq></word><word seq="11">him.<GreekSeq>10</GreekSeq></word></ESV></verse>
<verse number="46"><ESV><word seq="1">And<GreekSeq>2</GreekSeq></word><word seq="2">they<GreekSeq>1</GreekSeq></word><word seq="3">laid<GreekSeq>3</GreekSeq></word><word seq="4">hands<GreekSeq>5</GreekSeq></word><word seq="5">on him<GreekSeq>6</GreekSeq></word><word seq="6">and<GreekSeq>7</GreekSeq></word><word seq="7">seized<GreekSeq>8</GreekSeq></word><word seq="8">him.<GreekSeq>9</GreekSeq></word></ESV></verse>
<verse number="47"><ESV><word seq="1">But<GreekSeq>2</GreekSeq></word><word seq="2">one<GreekSeq>1</GreekSeq></word><word seq="3">of those<GreekSeq>4</GreekSeq></word><word seq="4">who stood by<GreekSeq>5</GreekSeq></word><word seq="5">drew<GreekSeq>6</GreekSeq></word><word seq="6">his</word><word seq="7">sword<GreekSeq>8</GreekSeq></word><word seq="8">and</word><word seq="9">struck<GreekSeq>9</GreekSeq></word><word seq="10">the<GreekSeq>10</GreekSeq></word><word seq="11">servant<GreekSeq>11</GreekSeq></word><word seq="12">of the<GreekSeq>12</GreekSeq></word><word seq="13">high priest<GreekSeq>13</GreekSeq></word><word seq="14">and<GreekSeq>14</GreekSeq></word><word seq="15">cut off<GreekSeq>15</GreekSeq></word><word seq="16">his<GreekSeq>16</GreekSeq></word><word seq="17">ear.<GreekSeq>18</GreekSeq></word></ESV></verse>
<verse number="48"><ESV><word seq="1">And<GreekSeq>1</GreekSeq></word><word seq="2">Jesus<GreekSeq>4</GreekSeq></word><word seq="3">said<GreekSeq>5</GreekSeq></word><word seq="4">to them,<GreekSeq>6</GreekSeq></word><word seq="5">“Have you come out<GreekSeq>10</GreekSeq></word><word seq="6">as<GreekSeq>7</GreekSeq></word><word seq="7">against<GreekSeq>8</GreekSeq></word><word seq="8">a robber,<GreekSeq>9</GreekSeq></word><word seq="9">with<GreekSeq>11</GreekSeq></word><word seq="10">swords<GreekSeq>12</GreekSeq></word><word seq="11">and<GreekSeq>13</GreekSeq></word><word seq="12">clubs<GreekSeq>14</GreekSeq></word><word seq="13">to capture<GreekSeq>15</GreekSeq></word><word seq="14">me?<GreekSeq>16</GreekSeq></word></ESV></verse>
<verse number="49"><ESV><word seq="1">Day after day<GreekSeq>1</GreekSeq><GreekSeq>2</GreekSeq></word><word seq="2">I was<GreekSeq>3</GreekSeq></word><word seq="3">with<GreekSeq>4</GreekSeq></word><word seq="4">you<GreekSeq>5</GreekSeq></word><word seq="5">in<GreekSeq>6</GreekSeq></word><word seq="6">the<GreekSeq>7</GreekSeq></word><word seq="7">temple<GreekSeq>8</GreekSeq></word><word seq="8">teaching,<GreekSeq>9</GreekSeq></word><word seq="9">and<GreekSeq>10</GreekSeq></word><word seq="10">you did<GreekSeq>12</GreekSeq></word><word seq="11">not<GreekSeq>11</GreekSeq></word><word seq="12">seize<GreekSeq>12</GreekSeq></word><word seq="13">me.<GreekSeq>13</GreekSeq></word><word seq="14">But<GreekSeq>14</GreekSeq></word><word seq="15">let<GreekSeq>16</GreekSeq></word><word seq="16">the<GreekSeq>17</GreekSeq></word><word seq="17">Scriptures<GreekSeq>18</GreekSeq></word><word seq="18">be fulfilled.”<GreekSeq>16</GreekSeq></word></ESV></verse>
<verse number="50"><ESV><word seq="1">And<GreekSeq>1</GreekSeq></word><word seq="2">they<GreekSeq>4</GreekSeq></word><word seq="3">all<GreekSeq>5</GreekSeq></word><word seq="4">left<GreekSeq>2</GreekSeq></word><word seq="5">him<GreekSeq>3</GreekSeq></word><word seq="6">and</word><word seq="7">fled.<GreekSeq>4</GreekSeq></word></ESV></verse>
<verse number="51"><ESV><word seq="1">And<GreekSeq>1</GreekSeq></word><word seq="2">a<GreekSeq>3</GreekSeq></word><word seq="3">young man<GreekSeq>2</GreekSeq></word><word seq="4">followed<GreekSeq>4</GreekSeq></word><word seq="5">him,<GreekSeq>5</GreekSeq></word><word seq="6">with nothing<GreekSeq>8</GreekSeq><GreekSeq>9</GreekSeq></word><word seq="7">but</word><word seq="8">a linen cloth<GreekSeq>7</GreekSeq></word><word seq="9">about his body.<GreekSeq>6</GreekSeq></word><word seq="10">And<GreekSeq>10</GreekSeq></word><word seq="11">they seized<GreekSeq>11</GreekSeq></word><word seq="12">him,<GreekSeq>12</GreekSeq></word></ESV></verse>
<verse number="52"><ESV><word seq="1">but<GreekSeq>2</GreekSeq></word><word seq="2">he<GreekSeq>1</GreekSeq></word><word seq="3">left<GreekSeq>3</GreekSeq></word><word seq="4">the<GreekSeq>4</GreekSeq></word><word seq="5">linen cloth<GreekSeq>5</GreekSeq></word><word seq="6">and</word><word seq="7">ran away<GreekSeq>7</GreekSeq></word><word seq="8">naked.<GreekSeq>6</GreekSeq></word></ESV></verse>
<verse number="53"><ESV><word seq="1">And<GreekSeq>1</GreekSeq></word><word seq="2">they led<GreekSeq>2</GreekSeq></word><word seq="3">Jesus<GreekSeq>4</GreekSeq></word><word seq="4">to<GreekSeq>5</GreekSeq></word><word seq="5">the<GreekSeq>6</GreekSeq></word><word seq="6">high priest.<GreekSeq>7</GreekSeq></word><word seq="7">And<GreekSeq>8</GreekSeq></word><word seq="8">all<GreekSeq>10</GreekSeq></word><word seq="9">the<GreekSeq>11</GreekSeq></word><word seq="10">chief priests<GreekSeq>12</GreekSeq></word><word seq="11">and<GreekSeq>13</GreekSeq></word><word seq="12">the<GreekSeq>14</GreekSeq></word><word seq="13">elders<GreekSeq>15</GreekSeq></word><word seq="14">and<GreekSeq>16</GreekSeq></word><word seq="15">the<GreekSeq>17</GreekSeq></word><word seq="16">scribes<GreekSeq>18</GreekSeq></word><word seq="17">came together.<GreekSeq>9</GreekSeq></word></ESV></verse>
<verse number="54"><ESV><word seq="1">And<GreekSeq>1</GreekSeq></word><word seq="2">Peter<GreekSeq>3</GreekSeq></word><word seq="3">had followed<GreekSeq>6</GreekSeq></word><word seq="4">him<GreekSeq>7</GreekSeq></word><word seq="5">at<GreekSeq>4</GreekSeq></word><word seq="6">a distance,<GreekSeq>5</GreekSeq></word><word seq="7">[right]<GreekSeq>8</GreekSeq></word><word seq="8">into<GreekSeq>10</GreekSeq></word><word seq="9">the<GreekSeq>11</GreekSeq></word><word seq="10">courtyard<GreekSeq>12</GreekSeq></word><word seq="11">of the<GreekSeq>13</GreekSeq></word><word seq="12">high priest.<GreekSeq>14</GreekSeq></word><word seq="13">And<GreekSeq>15</GreekSeq></word><word seq="14">he was<GreekSeq>16</GreekSeq></word><word seq="15">sitting<GreekSeq>17</GreekSeq></word><word seq="16">with<GreekSeq>18</GreekSeq></word><word seq="17">the<GreekSeq>19</GreekSeq></word><word seq="18">guards<GreekSeq>20</GreekSeq></word><word seq="19">and<GreekSeq>21</GreekSeq></word><word seq="20">warming himself<GreekSeq>22</GreekSeq></word><word seq="21">at<GreekSeq>23</GreekSeq></word><word seq="22">the<GreekSeq>24</GreekSeq></word><word seq="23">fire.<GreekSeq>25</GreekSeq></word></ESV></verse>
<verse number="55"><ESV><word seq="1">Now<GreekSeq>2</GreekSeq></word><word seq="2">the<GreekSeq>1</GreekSeq></word><word seq="3">chief priests<GreekSeq>3</GreekSeq></word><word seq="4">and<GreekSeq>4</GreekSeq></word><word seq="5">the<GreekSeq>6</GreekSeq></word><word seq="6">whole<GreekSeq>5</GreekSeq></word><word seq="7">council<GreekSeq>7</GreekSeq></word><word seq="8">were seeking<GreekSeq>8</GreekSeq></word><word seq="9">testimony<GreekSeq>12</GreekSeq></word><word seq="10">against<GreekSeq>9</GreekSeq></word><word seq="11">Jesus<GreekSeq>11</GreekSeq></word><word seq="12">to put<GreekSeq>15</GreekSeq></word><word seq="13">him<GreekSeq>16</GreekSeq></word><word seq="14">to death,<GreekSeq>15</GreekSeq></word><word seq="15">but<GreekSeq>17</GreekSeq></word><word seq="16">they found<GreekSeq>19</GreekSeq></word><word seq="17">none.<GreekSeq>18</GreekSeq></word></ESV></verse>
<verse number="56"><ESV><word seq="1">For<GreekSeq>2</GreekSeq></word><word seq="2">many<GreekSeq>1</GreekSeq></word><word seq="3">bore false witness<GreekSeq>3</GreekSeq></word><word seq="4">against<GreekSeq>4</GreekSeq></word><word seq="5">him,<GreekSeq>5</GreekSeq></word><word seq="6">but<GreekSeq>6</GreekSeq></word><word seq="7">their</word><word seq="8">testimony<GreekSeq>9</GreekSeq></word><word seq="9">did</word><word seq="10">not<GreekSeq>10</GreekSeq></word><word seq="11">agree.<GreekSeq>7</GreekSeq><GreekSeq>11</GreekSeq></word></ESV></verse>
<verse number="57"><ESV><word seq="1">And<GreekSeq>1</GreekSeq></word><word seq="2">some<GreekSeq>2</GreekSeq></word><word seq="3">stood up<GreekSeq>3</GreekSeq></word><word seq="4">and</word><word seq="5">bore false witness<GreekSeq>4</GreekSeq></word><word seq="6">against<GreekSeq>5</GreekSeq></word><word seq="7">him,<GreekSeq>6</GreekSeq></word><word seq="8">saying,<GreekSeq>7</GreekSeq></word></ESV></verse>
<verse number="58"><ESV><word seq="1">“We<GreekSeq>2</GreekSeq></word><word seq="2">heard<GreekSeq>3</GreekSeq></word><word seq="3">him<GreekSeq>4</GreekSeq></word><word seq="4">say,<GreekSeq>5</GreekSeq></word><word seq="5">‘I<GreekSeq>7</GreekSeq></word><word seq="6">will destroy<GreekSeq>8</GreekSeq></word><word seq="7">this<GreekSeq>11</GreekSeq></word><word seq="8">temple<GreekSeq>10</GreekSeq></word><word seq="9">that is made with hands,<GreekSeq>13</GreekSeq></word><word seq="10">and<GreekSeq>14</GreekSeq></word><word seq="11">in<GreekSeq>15</GreekSeq></word><word seq="12">three<GreekSeq>16</GreekSeq></word><word seq="13">days<GreekSeq>17</GreekSeq></word><word seq="14">I will build<GreekSeq>20</GreekSeq></word><word seq="15">another,<GreekSeq>18</GreekSeq></word><word seq="16">not made with hands.’”<GreekSeq>19</GreekSeq></word></ESV></verse>
<verse number="59"><ESV><word seq="1">Yet<GreekSeq>1</GreekSeq></word><word seq="2">even about</word><word seq="3">this<GreekSeq>3</GreekSeq></word><word seq="4">their<GreekSeq>8</GreekSeq></word><word seq="5">testimony<GreekSeq>7</GreekSeq></word><word seq="6">did</word><word seq="7">not<GreekSeq>2</GreekSeq></word><word seq="8">agree.<GreekSeq>4</GreekSeq><GreekSeq>5</GreekSeq></word></ESV></verse>
<verse number="60"><ESV><word seq="1">And<GreekSeq>1</GreekSeq></word><word seq="2">the<GreekSeq>3</GreekSeq></word><word seq="3">high priest<GreekSeq>4</GreekSeq></word><word seq="4">stood up<GreekSeq>2</GreekSeq></word><word seq="5">in<GreekSeq>5</GreekSeq></word><word seq="6">the midst<GreekSeq>6</GreekSeq></word><word seq="7">and</word><word seq="8">asked<GreekSeq>7</GreekSeq></word><word seq="9">Jesus,<GreekSeq>9</GreekSeq></word><word seq="10">“Have you<GreekSeq>12</GreekSeq></word><word seq="11">no<GreekSeq>11</GreekSeq><GreekSeq>13</GreekSeq></word><word seq="12">answer to make?<GreekSeq>12</GreekSeq></word><word seq="13">What<GreekSeq>14</GreekSeq></word><word seq="14">is it that</word><word seq="15">these men<GreekSeq>15</GreekSeq></word><word seq="16">testify against<GreekSeq>17</GreekSeq></word><word seq="17">you?”<GreekSeq>16</GreekSeq></word></ESV></verse>
<verse number="61"><ESV><word seq="1">But<GreekSeq>2</GreekSeq></word><word seq="2">he<GreekSeq>1</GreekSeq></word><word seq="3">remained silent<GreekSeq>3</GreekSeq></word><word seq="4">and<GreekSeq>4</GreekSeq></word><word seq="5">made<GreekSeq>6</GreekSeq></word><word seq="6">no<GreekSeq>7</GreekSeq></word><word seq="7">answer.<GreekSeq>6</GreekSeq></word><word seq="8">Again<GreekSeq>8</GreekSeq></word><word seq="9">the<GreekSeq>9</GreekSeq></word><word seq="10">high priest<GreekSeq>10</GreekSeq></word><word seq="11">asked<GreekSeq>11</GreekSeq></word><word seq="12">him,<GreekSeq>12</GreekSeq></word><word seq="13">“Are<GreekSeq>17</GreekSeq></word><word seq="14">you<GreekSeq>16</GreekSeq></word><word seq="15">the<GreekSeq>18</GreekSeq></word><word seq="16">Christ,<GreekSeq>19</GreekSeq></word><word seq="17">the<GreekSeq>20</GreekSeq></word><word seq="18">Son<GreekSeq>21</GreekSeq></word><word seq="19">of the<GreekSeq>22</GreekSeq></word><word seq="20">Blessed?”<GreekSeq>23</GreekSeq></word></ESV></verse>
<verse number="62"><ESV><word seq="1">And<GreekSeq>2</GreekSeq></word><word seq="2">Jesus<GreekSeq>3</GreekSeq></word><word seq="3">said,<GreekSeq>4</GreekSeq></word><word seq="4">“I<GreekSeq>5</GreekSeq></word><word seq="5">am,<GreekSeq>6</GreekSeq></word><word seq="6">and<GreekSeq>7</GreekSeq></word><word seq="7">you will see<GreekSeq>8</GreekSeq></word><word seq="8">the<GreekSeq>9</GreekSeq></word><word seq="9">Son<GreekSeq>10</GreekSeq></word><word seq="10">of Man<GreekSeq>12</GreekSeq></word><word seq="11">seated<GreekSeq>15</GreekSeq></word><word seq="12">at<GreekSeq>13</GreekSeq></word><word seq="13">the</word><word seq="14">right hand<GreekSeq>14</GreekSeq></word><word seq="15">of Power,<GreekSeq>17</GreekSeq></word><word seq="16">and<GreekSeq>18</GreekSeq></word><word seq="17">coming<GreekSeq>19</GreekSeq></word><word seq="18">with<GreekSeq>20</GreekSeq></word><word seq="19">the<GreekSeq>21</GreekSeq></word><word seq="20">clouds<GreekSeq>22</GreekSeq></word><word seq="21">of heaven.”<GreekSeq>24</GreekSeq></word></ESV></verse>
<verse number="63"><ESV><word seq="1">And<GreekSeq>2</GreekSeq></word><word seq="2">the<GreekSeq>1</GreekSeq></word><word seq="3">high priest<GreekSeq>3</GreekSeq></word><word seq="4">tore<GreekSeq>4</GreekSeq></word><word seq="5">his<GreekSeq>7</GreekSeq></word><word seq="6">garments<GreekSeq>6</GreekSeq></word><word seq="7">and</word><word seq="8">said,<GreekSeq>8</GreekSeq></word><word seq="9">“What<GreekSeq>9</GreekSeq></word><word seq="10">further<GreekSeq>10</GreekSeq></word><word seq="11">witnesses<GreekSeq>13</GreekSeq></word><word seq="12">do</word><word seq="13">we need?<GreekSeq>11</GreekSeq><GreekSeq>12</GreekSeq></word></ESV></verse>
<verse number="64"><ESV><word seq="1">You have heard<GreekSeq>1</GreekSeq></word><word seq="2">his</word><word seq="3">blasphemy.<GreekSeq>3</GreekSeq></word><word seq="4">What<GreekSeq>4</GreekSeq></word><word seq="5">is</word><word seq="6">your<GreekSeq>5</GreekSeq></word><word seq="7">decision?”<GreekSeq>6</GreekSeq></word><word seq="8">And<GreekSeq>8</GreekSeq></word><word seq="9">they<GreekSeq>7</GreekSeq></word><word seq="10">all<GreekSeq>9</GreekSeq></word><word seq="11">condemned<GreekSeq>10</GreekSeq></word><word seq="12">him<GreekSeq>11</GreekSeq></word><word seq="13">as</word><word seq="14">deserving<GreekSeq>12</GreekSeq></word><word seq="15">death.<GreekSeq>14</GreekSeq></word></ESV></verse>
<verse number="65"><ESV><word seq="1">And<GreekSeq>1</GreekSeq></word><word seq="2">some<GreekSeq>3</GreekSeq></word><word seq="3">began<GreekSeq>2</GreekSeq></word><word seq="4">to spit<GreekSeq>4</GreekSeq></word><word seq="5">on him<GreekSeq>5</GreekSeq></word><word seq="6">and<GreekSeq>6</GreekSeq></word><word seq="7">to cover<GreekSeq>7</GreekSeq></word><word seq="8">his<GreekSeq>8</GreekSeq></word><word seq="9">face<GreekSeq>10</GreekSeq></word><word seq="10">and<GreekSeq>11</GreekSeq></word><word seq="11">to strike<GreekSeq>12</GreekSeq></word><word seq="12">him,<GreekSeq>13</GreekSeq></word><word seq="13">saying<GreekSeq>15</GreekSeq></word><word seq="14">to him,<GreekSeq>16</GreekSeq></word><word seq="15">“Prophesy!”<GreekSeq>17</GreekSeq></word><word seq="16">And<GreekSeq>18</GreekSeq></word><word seq="17">the<GreekSeq>19</GreekSeq></word><word seq="18">guards<GreekSeq>20</GreekSeq></word><word seq="19">received<GreekSeq>23</GreekSeq></word><word seq="20">him<GreekSeq>22</GreekSeq></word><word seq="21">with blows.<GreekSeq>21</GreekSeq></word></ESV></verse>
<verse number="66"><ESV><word seq="1">And<GreekSeq>1</GreekSeq></word><word seq="2">as<GreekSeq>2</GreekSeq></word><word seq="3">Peter<GreekSeq>4</GreekSeq></word><word seq="4">was<GreekSeq>2</GreekSeq></word><word seq="5">below<GreekSeq>5</GreekSeq></word><word seq="6">in<GreekSeq>6</GreekSeq></word><word seq="7">the<GreekSeq>7</GreekSeq></word><word seq="8">courtyard,<GreekSeq>8</GreekSeq></word><word seq="9">one<GreekSeq>10</GreekSeq></word><word seq="10">of the<GreekSeq>11</GreekSeq></word><word seq="11">servant girls<GreekSeq>12</GreekSeq></word><word seq="12">of the<GreekSeq>13</GreekSeq></word><word seq="13">high priest<GreekSeq>14</GreekSeq></word><word seq="14">came,<GreekSeq>9</GreekSeq></word></ESV></verse>
<verse number="67"><ESV><word seq="1">and<GreekSeq>1</GreekSeq></word><word seq="2">seeing<GreekSeq>2</GreekSeq></word><word seq="3">Peter<GreekSeq>4</GreekSeq></word><word seq="4">warming himself,<GreekSeq>5</GreekSeq></word><word seq="5">she looked at<GreekSeq>6</GreekSeq></word><word seq="6">him<GreekSeq>7</GreekSeq></word><word seq="7">and</word><word seq="8">said,<GreekSeq>8</GreekSeq></word><word seq="9">“You<GreekSeq>10</GreekSeq></word><word seq="10">also<GreekSeq>9</GreekSeq></word><word seq="11">were<GreekSeq>14</GreekSeq></word><word seq="12">with<GreekSeq>11</GreekSeq></word><word seq="13">the<GreekSeq>12</GreekSeq></word><word seq="14">Nazarene,<GreekSeq>13</GreekSeq></word><word seq="15">Jesus.”<GreekSeq>16</GreekSeq></word></ESV></verse>
<verse number="68"><ESV><word seq="1">But<GreekSeq>2</GreekSeq></word><word seq="2">he<GreekSeq>1</GreekSeq></word><word seq="3">denied<GreekSeq>3</GreekSeq></word><word seq="4">it,</word><word seq="5">saying,<GreekSeq>4</GreekSeq></word><word seq="6">“I<GreekSeq>6</GreekSeq></word><word seq="7">neither<GreekSeq>5</GreekSeq></word><word seq="8">know<GreekSeq>6</GreekSeq></word><word seq="9">nor<GreekSeq>7</GreekSeq></word><word seq="10">understand<GreekSeq>8</GreekSeq></word><word seq="11">what<GreekSeq>10</GreekSeq></word><word seq="12">you<GreekSeq>9</GreekSeq></word><word seq="13">[mean].”<GreekSeq>11</GreekSeq></word><word seq="14">And<GreekSeq>12</GreekSeq></word><word seq="15">he went<GreekSeq>13</GreekSeq></word><word seq="16">out<GreekSeq>14</GreekSeq></word><word seq="17">into<GreekSeq>15</GreekSeq></word><word seq="18">the<GreekSeq>16</GreekSeq></word><word seq="19">gateway<GreekSeq>17</GreekSeq></word><word seq="20">and<GreekSeq>18</GreekSeq></word><word seq="21">the rooster<GreekSeq>19</GreekSeq></word><word seq="22">crowed.<GreekSeq>20</GreekSeq></word></ESV></verse>
<verse number="69"><ESV><word seq="1">And<GreekSeq>1</GreekSeq></word><word seq="2">the<GreekSeq>2</GreekSeq></word><word seq="3">servant girl<GreekSeq>3</GreekSeq></word><word seq="4">saw<GreekSeq>4</GreekSeq></word><word seq="5">him<GreekSeq>5</GreekSeq></word><word seq="6">and</word><word seq="7">began<GreekSeq>6</GreekSeq></word><word seq="8">again<GreekSeq>7</GreekSeq></word><word seq="9">to say<GreekSeq>8</GreekSeq></word><word seq="10">to the<GreekSeq>9</GreekSeq></word><word seq="11">bystanders,<GreekSeq>10</GreekSeq></word><word seq="12">“This man<GreekSeq>12</GreekSeq></word><word seq="13">is<GreekSeq>15</GreekSeq></word><word seq="14">one of them.”<GreekSeq>13</GreekSeq><GreekSeq>14</GreekSeq></word></ESV></verse>
<verse number="70"><ESV><word seq="1">But<GreekSeq>2</GreekSeq></word><word seq="2">again<GreekSeq>3</GreekSeq></word><word seq="3">he<GreekSeq>1</GreekSeq></word><word seq="4">denied<GreekSeq>4</GreekSeq></word><word seq="5">it.</word><word seq="6">And<GreekSeq>5</GreekSeq></word><word seq="7">after<GreekSeq>6</GreekSeq></word><word seq="8">a little<GreekSeq>7</GreekSeq></word><word seq="9">while</word><word seq="10">the<GreekSeq>9</GreekSeq></word><word seq="11">bystanders<GreekSeq>10</GreekSeq></word><word seq="12">again<GreekSeq>8</GreekSeq></word><word seq="13">said<GreekSeq>11</GreekSeq></word><word seq="14">to Peter,<GreekSeq>13</GreekSeq></word><word seq="15">“Certainly<GreekSeq>14</GreekSeq></word><word seq="16">you are<GreekSeq>17</GreekSeq></word><word seq="17">one of them,<GreekSeq>15</GreekSeq><GreekSeq>16</GreekSeq></word><word seq="18">for<GreekSeq>19</GreekSeq></word><word seq="19">you are<GreekSeq>21</GreekSeq></word><word seq="20">a Galilean.”<GreekSeq>20</GreekSeq></word></ESV></verse>
<verse number="71"><ESV><word seq="1">But<GreekSeq>2</GreekSeq></word><word seq="2">he<GreekSeq>1</GreekSeq></word><word seq="3">began<GreekSeq>3</GreekSeq></word><word seq="4">to invoke a curse<GreekSeq>4</GreekSeq></word><word seq="5">on himself</word><word seq="6">and<GreekSeq>5</GreekSeq></word><word seq="7">to swear,<GreekSeq>6</GreekSeq></word><word seq="8">“I do<GreekSeq>9</GreekSeq></word><word seq="9">not<GreekSeq>8</GreekSeq></word><word seq="10">know<GreekSeq>9</GreekSeq></word><word seq="11">this<GreekSeq>12</GreekSeq></word><word seq="12">man<GreekSeq>11</GreekSeq></word><word seq="13">of whom<GreekSeq>13</GreekSeq></word><word seq="14">you speak.”<GreekSeq>14</GreekSeq></word></ESV></verse>
<verse number="72"><ESV><word seq="1">And<GreekSeq>1</GreekSeq></word><word seq="2">immediately<GreekSeq>2</GreekSeq></word><word seq="3">the rooster<GreekSeq>5</GreekSeq></word><word seq="4">crowed<GreekSeq>6</GreekSeq></word><word seq="5">a second time.<GreekSeq>4</GreekSeq></word><word seq="6">And<GreekSeq>7</GreekSeq></word><word seq="7">Peter<GreekSeq>10</GreekSeq></word><word seq="8">remembered<GreekSeq>8</GreekSeq></word><word seq="9">how<GreekSeq>13</GreekSeq></word><word seq="10">Jesus<GreekSeq>17</GreekSeq></word><word seq="11">had said<GreekSeq>14</GreekSeq></word><word seq="12">to him,<GreekSeq>15</GreekSeq></word><word seq="13">“Before<GreekSeq>19</GreekSeq></word><word seq="14">the rooster<GreekSeq>20</GreekSeq></word><word seq="15">crows<GreekSeq>21</GreekSeq></word><word seq="16">twice,<GreekSeq>22</GreekSeq></word><word seq="17">you will deny<GreekSeq>25</GreekSeq></word><word seq="18">me<GreekSeq>24</GreekSeq></word><word seq="19">three times.”<GreekSeq>23</GreekSeq></word><word seq="20">And<GreekSeq>26</GreekSeq></word><word seq="21">he broke down<GreekSeq>27</GreekSeq></word><word seq="22">and</word><word seq="23">wept.<GreekSeq>28</GreekSeq></word></ESV></verse></chapter></book>