<?xml version="1.0" encoding="UTF-8" standalone="no"?><book><chapter number="9">'<verse number="1"><ESV><word seq="1">And<GreekSeq>1</GreekSeq></word><word seq="2">he said<GreekSeq>2</GreekSeq></word><word seq="3">to them,<GreekSeq>3</GreekSeq></word><word seq="4">“Truly,<GreekSeq>4</GreekSeq></word><word seq="5">I say<GreekSeq>5</GreekSeq></word><word seq="6">to you,<GreekSeq>6</GreekSeq></word><word seq="7">there are<GreekSeq>8</GreekSeq></word><word seq="8">some<GreekSeq>9</GreekSeq></word><word seq="9">standing<GreekSeq>12</GreekSeq></word><word seq="10">here<GreekSeq>10</GreekSeq></word><word seq="11">who<GreekSeq>13</GreekSeq></word><word seq="12">will<GreekSeq>16</GreekSeq></word><word seq="13" note="οὐ μή Strong Code (3364) ">not<GreekSeq>14</GreekSeq><GreekSeq>15</GreekSeq></word><word seq="14">taste<GreekSeq>16</GreekSeq></word><word seq="15">death<GreekSeq>17</GreekSeq></word><word seq="16">until<GreekSeq>18</GreekSeq></word><word seq="17">they see<GreekSeq>20</GreekSeq></word><word seq="18">the<GreekSeq>21</GreekSeq></word><word seq="19">kingdom<GreekSeq>22</GreekSeq></word><word seq="20">of God<GreekSeq>24</GreekSeq></word><word seq="21">after</word><word seq="22">it has come<GreekSeq>25</GreekSeq></word><word seq="23">with<GreekSeq>26</GreekSeq></word><word seq="24">power.”<GreekSeq>27</GreekSeq></word></ESV></verse>
<verse number="2"><ESV><word seq="1">And<GreekSeq>1</GreekSeq></word><word seq="2">after<GreekSeq>2</GreekSeq></word><word seq="3">six<GreekSeq>4</GreekSeq></word><word seq="4">days<GreekSeq>3</GreekSeq></word><word seq="5">Jesus<GreekSeq>7</GreekSeq></word><word seq="6">took with him<GreekSeq>5</GreekSeq></word><word seq="7">Peter<GreekSeq>9</GreekSeq></word><word seq="8">and<GreekSeq>10</GreekSeq></word><word seq="9">James<GreekSeq>12</GreekSeq></word><word seq="10">and<GreekSeq>13</GreekSeq></word><word seq="11">John,<GreekSeq>15</GreekSeq></word><word seq="12">and<GreekSeq>16</GreekSeq></word><word seq="13">led<GreekSeq>17</GreekSeq></word><word seq="14">them<GreekSeq>18</GreekSeq></word><word seq="15">up<GreekSeq>17</GreekSeq></word><word seq="16">a high<GreekSeq>21</GreekSeq></word><word seq="17">mountain<GreekSeq>20</GreekSeq></word><word seq="18">by themselves.<GreekSeq>22</GreekSeq><GreekSeq>23</GreekSeq></word><word seq="19">And<GreekSeq>25</GreekSeq></word><word seq="20">he was transfigured<GreekSeq>26</GreekSeq></word><word seq="21">before<GreekSeq>27</GreekSeq></word><word seq="22">them,<GreekSeq>28</GreekSeq></word></ESV></verse>
<verse number="3"><ESV><word seq="1">and<GreekSeq>1</GreekSeq></word><word seq="2">his<GreekSeq>4</GreekSeq></word><word seq="3">clothes<GreekSeq>3</GreekSeq></word><word seq="4">became<GreekSeq>5</GreekSeq></word><word seq="5">radiant,<GreekSeq>6</GreekSeq></word><word seq="6">intensely<GreekSeq>8</GreekSeq></word><word seq="7">white,<GreekSeq>7</GreekSeq></word><word seq="8">as<GreekSeq>9</GreekSeq></word><word seq="9">no<GreekSeq>14</GreekSeq></word><word seq="10">[one]<GreekSeq>10</GreekSeq></word><word seq="11">on<GreekSeq>11</GreekSeq></word><word seq="12">earth<GreekSeq>13</GreekSeq></word><word seq="13">could<GreekSeq>15</GreekSeq></word><word seq="14">bleach<GreekSeq>17</GreekSeq></word><word seq="15">them.</word></ESV></verse>
<verse number="4"><ESV><word seq="1">And<GreekSeq>1</GreekSeq></word><word seq="2">there</word><word seq="3">appeared<GreekSeq>2</GreekSeq></word><word seq="4">to them<GreekSeq>3</GreekSeq></word><word seq="5">Elijah<GreekSeq>4</GreekSeq></word><word seq="6">with<GreekSeq>5</GreekSeq></word><word seq="7">Moses,<GreekSeq>6</GreekSeq></word><word seq="8">and<GreekSeq>7</GreekSeq></word><word seq="9">they were<GreekSeq>8</GreekSeq></word><word seq="10">talking with<GreekSeq>9</GreekSeq></word><word seq="11">Jesus.<GreekSeq>11</GreekSeq></word></ESV></verse>
<verse number="5"><ESV><word seq="1">And<GreekSeq>1</GreekSeq></word><word seq="2">Peter<GreekSeq>4</GreekSeq></word><word seq="3">said<GreekSeq>5</GreekSeq></word><word seq="4">to Jesus,<GreekSeq>7</GreekSeq></word><word seq="5">“Rabbi,<GreekSeq>8</GreekSeq></word><word seq="6">it is<GreekSeq>10</GreekSeq></word><word seq="7">good<GreekSeq>9</GreekSeq></word><word seq="8">that</word><word seq="9">we<GreekSeq>11</GreekSeq></word><word seq="10">are<GreekSeq>13</GreekSeq></word><word seq="11">here.<GreekSeq>12</GreekSeq></word><word seq="12">Let us make<GreekSeq>15</GreekSeq></word><word seq="13">three<GreekSeq>16</GreekSeq></word><word seq="14">tents,<GreekSeq>17</GreekSeq></word><word seq="15">one<GreekSeq>19</GreekSeq></word><word seq="16">for you<GreekSeq>18</GreekSeq></word><word seq="17">and<GreekSeq>20</GreekSeq></word><word seq="18">one<GreekSeq>22</GreekSeq></word><word seq="19">for Moses<GreekSeq>21</GreekSeq></word><word seq="20">and<GreekSeq>23</GreekSeq></word><word seq="21">one<GreekSeq>25</GreekSeq></word><word seq="22">for Elijah.”<GreekSeq>24</GreekSeq></word></ESV></verse>
<verse number="6"><ESV><word seq="1">For<GreekSeq>2</GreekSeq></word><word seq="2">he did<GreekSeq>3</GreekSeq></word><word seq="3">not<GreekSeq>1</GreekSeq></word><word seq="4">know<GreekSeq>3</GreekSeq></word><word seq="5">what<GreekSeq>4</GreekSeq></word><word seq="6" note="Base of different Greek: λαλήσῃ(2980)">to say,<GreekSeq>5</GreekSeq></word><word seq="7">for<GreekSeq>7</GreekSeq></word><word seq="8" note="Base of different Greek: ἦσαν(2258)">they were<GreekSeq>8</GreekSeq></word><word seq="9">terrified.<GreekSeq>6</GreekSeq></word></ESV></verse>
<verse number="7"><ESV><word seq="1">And<GreekSeq>1</GreekSeq></word><word seq="2">a cloud<GreekSeq>3</GreekSeq></word><word seq="3">overshadowed<GreekSeq>4</GreekSeq></word><word seq="4">them,<GreekSeq>5</GreekSeq></word><word seq="5">and<GreekSeq>6</GreekSeq></word><word seq="6">a voice<GreekSeq>8</GreekSeq></word><word seq="7" note="Base of different Greek: ἦλθε(2064)">came<GreekSeq>7</GreekSeq></word><word seq="8">out of<GreekSeq>9</GreekSeq></word><word seq="9">the<GreekSeq>10</GreekSeq></word><word seq="10">cloud,<GreekSeq>11</GreekSeq></word><word seq="11">“This<GreekSeq>12</GreekSeq></word><word seq="12">is<GreekSeq>13</GreekSeq></word><word seq="13">my<GreekSeq>16</GreekSeq></word><word seq="14">beloved<GreekSeq>18</GreekSeq></word><word seq="15">Son;<GreekSeq>15</GreekSeq></word><word seq="16">listen<GreekSeq>19</GreekSeq></word><word seq="17">to him.”<GreekSeq>20</GreekSeq></word></ESV></verse>
<verse number="8"><ESV><word seq="1">And<GreekSeq>1</GreekSeq></word><word seq="2">suddenly,<GreekSeq>2</GreekSeq></word><word seq="3">looking around,<GreekSeq>3</GreekSeq></word><word seq="4">they<GreekSeq>6</GreekSeq></word><word seq="5">no longer<GreekSeq>4</GreekSeq></word><word seq="6">saw<GreekSeq>6</GreekSeq></word><word seq="7">anyone<GreekSeq>5</GreekSeq></word><word seq="8">with<GreekSeq>11</GreekSeq></word><word seq="9">them<GreekSeq>12</GreekSeq></word><word seq="10">but<GreekSeq>7</GreekSeq></word><word seq="11">Jesus<GreekSeq>9</GreekSeq></word><word seq="12">only.<GreekSeq>10</GreekSeq></word></ESV></verse>
<verse number="9"><ESV><word seq="1">And<GreekSeq>1</GreekSeq></word><word seq="2">as<GreekSeq>2</GreekSeq></word><word seq="3">they<GreekSeq>3</GreekSeq></word><word seq="4">were coming down<GreekSeq>2</GreekSeq></word><word seq="5">the<GreekSeq>5</GreekSeq></word><word seq="6">mountain,<GreekSeq>6</GreekSeq></word><word seq="7">he charged<GreekSeq>7</GreekSeq></word><word seq="8">them<GreekSeq>8</GreekSeq></word><word seq="9">to tell<GreekSeq>9</GreekSeq><GreekSeq>13</GreekSeq></word><word seq="10">no one<GreekSeq>10</GreekSeq></word><word seq="11">what<GreekSeq>11</GreekSeq></word><word seq="12">they had seen,<GreekSeq>12</GreekSeq></word><word seq="13">until<GreekSeq>14</GreekSeq><GreekSeq>15</GreekSeq><GreekSeq>16</GreekSeq></word><word seq="14">the<GreekSeq>17</GreekSeq></word><word seq="15">Son<GreekSeq>18</GreekSeq></word><word seq="16">of Man<GreekSeq>20</GreekSeq></word><word seq="17">had risen<GreekSeq>23</GreekSeq></word><word seq="18">from<GreekSeq>21</GreekSeq></word><word seq="19">the dead.<GreekSeq>22</GreekSeq></word></ESV></verse>
<verse number="10"><ESV><word seq="1">So<GreekSeq>1</GreekSeq></word><word seq="2">they kept<GreekSeq>4</GreekSeq></word><word seq="3">the<GreekSeq>2</GreekSeq></word><word seq="4">matter<GreekSeq>3</GreekSeq></word><word seq="5">to<GreekSeq>5</GreekSeq></word><word seq="6">themselves,<GreekSeq>6</GreekSeq></word><word seq="7">questioning<GreekSeq>7</GreekSeq></word><word seq="8">what<GreekSeq>8</GreekSeq></word><word seq="9">this<GreekSeq>10</GreekSeq></word><word seq="10">rising<GreekSeq>13</GreekSeq></word><word seq="11">from<GreekSeq>11</GreekSeq></word><word seq="12">the dead<GreekSeq>12</GreekSeq></word><word seq="13">[might mean].<GreekSeq>9</GreekSeq></word></ESV></verse>
<verse number="11"><ESV><word seq="1">And<GreekSeq>1</GreekSeq></word><word seq="2">they asked<GreekSeq>2</GreekSeq></word><word seq="3">him,<GreekSeq>3</GreekSeq></word><word seq="4">“Why<GreekSeq>5</GreekSeq></word><word seq="5">do</word><word seq="6">the<GreekSeq>7</GreekSeq></word><word seq="7">scribes<GreekSeq>8</GreekSeq></word><word seq="8">say<GreekSeq>6</GreekSeq></word><word seq="9">that<GreekSeq>9</GreekSeq></word><word seq="10">first<GreekSeq>13</GreekSeq></word><word seq="11">Elijah<GreekSeq>10</GreekSeq></word><word seq="12">must<GreekSeq>11</GreekSeq></word><word seq="13">come?”<GreekSeq>12</GreekSeq></word></ESV></verse>
<verse number="12"><ESV><word seq="1">And<GreekSeq>2</GreekSeq></word><word seq="2">he<GreekSeq>1</GreekSeq></word><word seq="3">said<GreekSeq>3</GreekSeq></word><word seq="4">to them,<GreekSeq>4</GreekSeq></word><word seq="5">“Elijah<GreekSeq>5</GreekSeq></word><word seq="6">does<GreekSeq>6</GreekSeq></word><word seq="7">come<GreekSeq>7</GreekSeq></word><word seq="8">first<GreekSeq>8</GreekSeq></word><word seq="9">to restore<GreekSeq>9</GreekSeq></word><word seq="10">all things.<GreekSeq>10</GreekSeq></word><word seq="11">And<GreekSeq>11</GreekSeq></word><word seq="12">how<GreekSeq>12</GreekSeq></word><word seq="13">is it written<GreekSeq>13</GreekSeq></word><word seq="14">of<GreekSeq>14</GreekSeq></word><word seq="15">the<GreekSeq>15</GreekSeq></word><word seq="16">Son<GreekSeq>16</GreekSeq></word><word seq="17">of Man<GreekSeq>18</GreekSeq></word><word seq="18">that<GreekSeq>19</GreekSeq></word><word seq="19">he should suffer<GreekSeq>21</GreekSeq></word><word seq="20">many things<GreekSeq>20</GreekSeq></word><word seq="21">and<GreekSeq>22</GreekSeq></word><word seq="22">be treated with contempt?<GreekSeq>23</GreekSeq></word></ESV></verse>
<verse number="13"><ESV><word seq="1">But<GreekSeq>1</GreekSeq></word><word seq="2">I tell<GreekSeq>2</GreekSeq></word><word seq="3">you<GreekSeq>3</GreekSeq></word><word seq="4">that<GreekSeq>4</GreekSeq></word><word seq="5">Elijah<GreekSeq>6</GreekSeq></word><word seq="6">has come,<GreekSeq>7</GreekSeq></word><word seq="7">and<GreekSeq>8</GreekSeq></word><word seq="8">they did<GreekSeq>9</GreekSeq></word><word seq="9">to him<GreekSeq>10</GreekSeq></word><word seq="10">whatever<GreekSeq>11</GreekSeq></word><word seq="11">they pleased,<GreekSeq>12</GreekSeq></word><word seq="12">as<GreekSeq>13</GreekSeq></word><word seq="13">it is written<GreekSeq>14</GreekSeq></word><word seq="14">of<GreekSeq>15</GreekSeq></word><word seq="15">him.”<GreekSeq>16</GreekSeq></word></ESV></verse>
<verse number="14"><ESV><word seq="1">And<GreekSeq>1</GreekSeq></word><word seq="2">when they came<GreekSeq>2</GreekSeq></word><word seq="3">to<GreekSeq>3</GreekSeq></word><word seq="4">the<GreekSeq>4</GreekSeq></word><word seq="5">disciples,<GreekSeq>5</GreekSeq></word><word seq="6">they saw<GreekSeq>6</GreekSeq></word><word seq="7">a great<GreekSeq>8</GreekSeq></word><word seq="8">crowd<GreekSeq>7</GreekSeq></word><word seq="9">around<GreekSeq>9</GreekSeq></word><word seq="10">them,<GreekSeq>10</GreekSeq></word><word seq="11">and<GreekSeq>11</GreekSeq></word><word seq="12">scribes<GreekSeq>12</GreekSeq></word><word seq="13">arguing<GreekSeq>13</GreekSeq></word><word seq="14">with<GreekSeq>14</GreekSeq></word><word seq="15">them.<GreekSeq>15</GreekSeq></word></ESV></verse>
<verse number="15"><ESV><word seq="1">And<GreekSeq>1</GreekSeq></word><word seq="2">immediately<GreekSeq>2</GreekSeq></word><word seq="3">all<GreekSeq>3</GreekSeq></word><word seq="4">the<GreekSeq>4</GreekSeq></word><word seq="5">crowd,<GreekSeq>5</GreekSeq></word><word seq="6">when they saw<GreekSeq>6</GreekSeq></word><word seq="7">him,<GreekSeq>7</GreekSeq></word><word seq="8">were greatly amazed<GreekSeq>8</GreekSeq></word><word seq="9">and<GreekSeq>9</GreekSeq></word><word seq="10">ran up to<GreekSeq>10</GreekSeq></word><word seq="11">him and</word><word seq="12">greeted<GreekSeq>11</GreekSeq></word><word seq="13">him.<GreekSeq>12</GreekSeq></word></ESV></verse>
<verse number="16"><ESV><word seq="1">And<GreekSeq>1</GreekSeq></word><word seq="2">he asked<GreekSeq>2</GreekSeq></word><word seq="3">them,<GreekSeq>3</GreekSeq></word><word seq="4">“What<GreekSeq>4</GreekSeq></word><word seq="5">are you arguing about<GreekSeq>5</GreekSeq></word><word seq="6">with<GreekSeq>6</GreekSeq></word><word seq="7">them?”<GreekSeq>7</GreekSeq></word></ESV></verse>
<verse number="17"><ESV><word seq="1">And<GreekSeq>1</GreekSeq></word><word seq="2">someone<GreekSeq>4</GreekSeq></word><word seq="3">from<GreekSeq>5</GreekSeq></word><word seq="4">the<GreekSeq>6</GreekSeq></word><word seq="5">crowd<GreekSeq>7</GreekSeq></word><word seq="6">answered<GreekSeq>2</GreekSeq></word><word seq="7">him,<GreekSeq>3</GreekSeq></word><word seq="8">“Teacher,<GreekSeq>8</GreekSeq></word><word seq="9">I brought<GreekSeq>9</GreekSeq></word><word seq="10">my<GreekSeq>12</GreekSeq></word><word seq="11">son<GreekSeq>11</GreekSeq></word><word seq="12">to<GreekSeq>13</GreekSeq></word><word seq="13">you,<GreekSeq>14</GreekSeq></word><word seq="14">for</word><word seq="15">he has<GreekSeq>15</GreekSeq></word><word seq="16">a spirit<GreekSeq>16</GreekSeq></word><word seq="17">that makes him</word><word seq="18">mute.<GreekSeq>17</GreekSeq></word></ESV></verse>
<verse number="18"><ESV><word seq="1">And<GreekSeq>1</GreekSeq></word><word seq="2">whenever<GreekSeq>2</GreekSeq><GreekSeq>3</GreekSeq></word><word seq="3">it seizes<GreekSeq>5</GreekSeq></word><word seq="4">him,<GreekSeq>4</GreekSeq></word><word seq="5">it throws<GreekSeq>6</GreekSeq></word><word seq="6">him<GreekSeq>7</GreekSeq></word><word seq="7">down,<GreekSeq>6</GreekSeq></word><word seq="8">and<GreekSeq>8</GreekSeq></word><word seq="9">he foams<GreekSeq>9</GreekSeq></word><word seq="10">and<GreekSeq>10</GreekSeq></word><word seq="11">grinds<GreekSeq>11</GreekSeq></word><word seq="12">his<GreekSeq>22</GreekSeq></word><word seq="13">teeth<GreekSeq>13</GreekSeq></word><word seq="14">and<GreekSeq>14</GreekSeq></word><word seq="15">becomes rigid.<GreekSeq>15</GreekSeq></word><word seq="16">So<GreekSeq>16</GreekSeq></word><word seq="17">I asked<GreekSeq>17</GreekSeq></word><word seq="18">your<GreekSeq>20</GreekSeq></word><word seq="19">disciples<GreekSeq>19</GreekSeq></word><word seq="20">to cast<GreekSeq>21</GreekSeq><GreekSeq>23</GreekSeq></word><word seq="21">it<GreekSeq>22</GreekSeq></word><word seq="22">out,<GreekSeq>23</GreekSeq></word><word seq="23">and<GreekSeq>24</GreekSeq></word><word seq="24">they were<GreekSeq>26</GreekSeq></word><word seq="25">not<GreekSeq>25</GreekSeq></word><word seq="26">able.”<GreekSeq>26</GreekSeq></word></ESV></verse>
<verse number="19"><ESV><word seq="1">And<GreekSeq>2</GreekSeq></word><word seq="2">he<GreekSeq>1</GreekSeq></word><word seq="3">answered<GreekSeq>3</GreekSeq></word><word seq="4">them,<GreekSeq>4</GreekSeq></word><word seq="5">“O<GreekSeq>6</GreekSeq></word><word seq="6">faithless<GreekSeq>8</GreekSeq></word><word seq="7">generation,<GreekSeq>7</GreekSeq></word><word seq="8">how long<GreekSeq>9</GreekSeq><GreekSeq>10</GreekSeq></word><word seq="9">am I to be<GreekSeq>13</GreekSeq></word><word seq="10">with<GreekSeq>11</GreekSeq></word><word seq="11">you?<GreekSeq>12</GreekSeq></word><word seq="12">How long<GreekSeq>14</GreekSeq><GreekSeq>15</GreekSeq></word><word seq="13">am I to bear with<GreekSeq>16</GreekSeq></word><word seq="14">you?<GreekSeq>17</GreekSeq></word><word seq="15">Bring<GreekSeq>18</GreekSeq></word><word seq="16">him<GreekSeq>19</GreekSeq></word><word seq="17">to<GreekSeq>20</GreekSeq></word><word seq="18">me.”<GreekSeq>21</GreekSeq></word></ESV></verse>
<verse number="20"><ESV><word seq="1">And<GreekSeq>1</GreekSeq></word><word seq="2">they brought<GreekSeq>2</GreekSeq></word><word seq="3">[the boy]<GreekSeq>3</GreekSeq></word><word seq="4">to<GreekSeq>4</GreekSeq></word><word seq="5">him.<GreekSeq>5</GreekSeq></word><word seq="6">And<GreekSeq>6</GreekSeq></word><word seq="7">when<GreekSeq>7</GreekSeq></word><word seq="8">the<GreekSeq>9</GreekSeq></word><word seq="9">spirit<GreekSeq>10</GreekSeq></word><word seq="10">saw<GreekSeq>7</GreekSeq></word><word seq="11">him,<GreekSeq>8</GreekSeq></word><word seq="12">immediately<GreekSeq>11</GreekSeq></word><word seq="13">it convulsed<GreekSeq>12</GreekSeq></word><word seq="14">[the boy],<GreekSeq>13</GreekSeq></word><word seq="15">and<GreekSeq>14</GreekSeq></word><word seq="16">he fell<GreekSeq>15</GreekSeq></word><word seq="17">on<GreekSeq>16</GreekSeq></word><word seq="18">the<GreekSeq>17</GreekSeq></word><word seq="19">ground<GreekSeq>18</GreekSeq></word><word seq="20">and</word><word seq="21">rolled about,<GreekSeq>19</GreekSeq></word><word seq="22">foaming at the mouth.<GreekSeq>20</GreekSeq></word></ESV></verse>
<verse number="21"><ESV><word seq="1">And<GreekSeq>1</GreekSeq></word><word seq="2">[Jesus] asked<GreekSeq>2</GreekSeq></word><word seq="3">his<GreekSeq>5</GreekSeq></word><word seq="4">father,<GreekSeq>4</GreekSeq></word><word seq="5">“How<GreekSeq>6</GreekSeq></word><word seq="6">long<GreekSeq>7</GreekSeq></word><word seq="7">has<GreekSeq>8</GreekSeq></word><word seq="8">this<GreekSeq>10</GreekSeq></word><word seq="9">been<GreekSeq>8</GreekSeq></word><word seq="10">happening<GreekSeq>11</GreekSeq></word><word seq="11">to him?”<GreekSeq>12</GreekSeq></word><word seq="12">And<GreekSeq>14</GreekSeq></word><word seq="13">he<GreekSeq>13</GreekSeq></word><word seq="14">said,<GreekSeq>15</GreekSeq></word><word seq="15">“From<GreekSeq>16</GreekSeq></word><word seq="16">childhood.<GreekSeq>17</GreekSeq></word></ESV></verse>
<verse number="22"><ESV><word seq="1">And<GreekSeq>1</GreekSeq></word><word seq="2">it has<GreekSeq>7</GreekSeq></word><word seq="3">often<GreekSeq>2</GreekSeq></word><word seq="4">cast<GreekSeq>7</GreekSeq></word><word seq="5">him<GreekSeq>6</GreekSeq></word><word seq="6">into<GreekSeq>4</GreekSeq></word><word seq="7">fire<GreekSeq>5</GreekSeq></word><word seq="8">and<GreekSeq>8</GreekSeq></word><word seq="9">into<GreekSeq>9</GreekSeq></word><word seq="10">water,<GreekSeq>10</GreekSeq></word><word seq="11">to destroy<GreekSeq>11</GreekSeq><GreekSeq>12</GreekSeq></word><word seq="12">him.<GreekSeq>13</GreekSeq></word><word seq="13">But<GreekSeq>14</GreekSeq></word><word seq="14">if<GreekSeq>15</GreekSeq></word><word seq="15">you can do<GreekSeq>17</GreekSeq></word><word seq="16">anything,<GreekSeq>16</GreekSeq></word><word seq="17">have compassion<GreekSeq>20</GreekSeq></word><word seq="18">on<GreekSeq>21</GreekSeq></word><word seq="19">us<GreekSeq>22</GreekSeq></word><word seq="20">and</word><word seq="21">help<GreekSeq>18</GreekSeq></word><word seq="22">us.”<GreekSeq>19</GreekSeq></word></ESV></verse>
<verse number="23"><ESV><word seq="1">And<GreekSeq>2</GreekSeq></word><word seq="2">Jesus<GreekSeq>3</GreekSeq></word><word seq="3">said<GreekSeq>4</GreekSeq></word><word seq="4">to him,<GreekSeq>5</GreekSeq></word><word seq="5">“‘If<GreekSeq>7</GreekSeq></word><word seq="6">you can’!<GreekSeq>8</GreekSeq></word><word seq="7">All things<GreekSeq>9</GreekSeq></word><word seq="8">are</word><word seq="9">possible<GreekSeq>10</GreekSeq></word><word seq="10">for one<GreekSeq>11</GreekSeq></word><word seq="11">who believes.”<GreekSeq>12</GreekSeq></word></ESV></verse>
<verse number="24"><ESV><word seq="1">Immediately<GreekSeq>1</GreekSeq></word><word seq="2">the<GreekSeq>3</GreekSeq></word><word seq="3">father<GreekSeq>4</GreekSeq></word><word seq="4">of the<GreekSeq>5</GreekSeq></word><word seq="5">child<GreekSeq>6</GreekSeq></word><word seq="6">cried out<GreekSeq>2</GreekSeq></word><word seq="7">and</word><word seq="8">said,<GreekSeq>7</GreekSeq></word><word seq="9">“I believe;<GreekSeq>8</GreekSeq></word><word seq="10">help<GreekSeq>9</GreekSeq></word><word seq="11">my<GreekSeq>10</GreekSeq></word><word seq="12">unbelief!”<GreekSeq>12</GreekSeq></word></ESV></verse>
<verse number="25"><ESV><word seq="1">And<GreekSeq>2</GreekSeq></word><word seq="2">when<GreekSeq>1</GreekSeq></word><word seq="3">Jesus<GreekSeq>4</GreekSeq></word><word seq="4">saw<GreekSeq>1</GreekSeq></word><word seq="5">that<GreekSeq>5</GreekSeq></word><word seq="6">a crowd<GreekSeq>7</GreekSeq></word><word seq="7">came running together,<GreekSeq>6</GreekSeq></word><word seq="8">he rebuked<GreekSeq>8</GreekSeq></word><word seq="9">the<GreekSeq>9</GreekSeq></word><word seq="10">unclean<GreekSeq>12</GreekSeq></word><word seq="11">spirit,<GreekSeq>10</GreekSeq></word><word seq="12">saying<GreekSeq>13</GreekSeq></word><word seq="13">to it,<GreekSeq>14</GreekSeq></word><word seq="14">“You</word><word seq="15">mute<GreekSeq>16</GreekSeq></word><word seq="16">and<GreekSeq>17</GreekSeq></word><word seq="17">deaf<GreekSeq>18</GreekSeq></word><word seq="18">spirit,<GreekSeq>19</GreekSeq></word><word seq="19">I<GreekSeq>20</GreekSeq></word><word seq="20">command<GreekSeq>21</GreekSeq></word><word seq="21">you,<GreekSeq>22</GreekSeq></word><word seq="22">come out<GreekSeq>23</GreekSeq></word><word seq="23">of<GreekSeq>24</GreekSeq></word><word seq="24">him<GreekSeq>25</GreekSeq></word><word seq="25">and<GreekSeq>26</GreekSeq></word><word seq="26">never<GreekSeq>27</GreekSeq></word><word seq="27">enter<GreekSeq>28</GreekSeq></word><word seq="28">him<GreekSeq>30</GreekSeq></word><word seq="29">again.”<GreekSeq>27</GreekSeq></word></ESV></verse>
<verse number="26"><ESV><word seq="1">And<GreekSeq>1</GreekSeq></word><word seq="2">after</word><word seq="3">crying out<GreekSeq>2</GreekSeq></word><word seq="4">and<GreekSeq>3</GreekSeq></word><word seq="5">convulsing<GreekSeq>5</GreekSeq></word><word seq="6" note="Base of different Greek: αὐτόν(846)">him</word><word seq="7">terribly,<GreekSeq>4</GreekSeq></word><word seq="8">it came out,<GreekSeq>6</GreekSeq></word><word seq="9">and<GreekSeq>7</GreekSeq></word><word seq="10">[the boy] was<GreekSeq>8</GreekSeq></word><word seq="11">like<GreekSeq>9</GreekSeq></word><word seq="12">a corpse,<GreekSeq>10</GreekSeq></word><word seq="13">so that<GreekSeq>11</GreekSeq></word><word seq="14">most<GreekSeq>13</GreekSeq></word><word seq="15">of them</word><word seq="16">said,<GreekSeq>14</GreekSeq></word><word seq="17">“He is dead.”<GreekSeq>16</GreekSeq></word></ESV></verse>
<verse number="27"><ESV><word seq="1">But<GreekSeq>2</GreekSeq></word><word seq="2">Jesus<GreekSeq>3</GreekSeq></word><word seq="3">took<GreekSeq>4</GreekSeq></word><word seq="4">him<GreekSeq>7</GreekSeq></word><word seq="5">by</word><word seq="6">the<GreekSeq>5</GreekSeq></word><word seq="7">hand<GreekSeq>6</GreekSeq></word><word seq="8">and</word><word seq="9">lifted<GreekSeq>8</GreekSeq></word><word seq="10">him<GreekSeq>9</GreekSeq></word><word seq="11">up,<GreekSeq>8</GreekSeq></word><word seq="12">and<GreekSeq>10</GreekSeq></word><word seq="13">he arose.<GreekSeq>11</GreekSeq></word></ESV></verse>
<verse number="28"><ESV><word seq="1">And<GreekSeq>1</GreekSeq></word><word seq="2">when<GreekSeq>2</GreekSeq></word><word seq="3">he<GreekSeq>3</GreekSeq></word><word seq="4">had entered<GreekSeq>2</GreekSeq></word><word seq="5">the house,<GreekSeq>5</GreekSeq></word><word seq="6">his<GreekSeq>8</GreekSeq></word><word seq="7">disciples<GreekSeq>7</GreekSeq></word><word seq="8">asked<GreekSeq>11</GreekSeq></word><word seq="9">him<GreekSeq>12</GreekSeq></word><word seq="10">privately,<GreekSeq>9</GreekSeq><GreekSeq>10</GreekSeq></word><word seq="11">“Why<GreekSeq>13</GreekSeq></word><word seq="12">could<GreekSeq>16</GreekSeq></word><word seq="13">we<GreekSeq>14</GreekSeq></word><word seq="14">not<GreekSeq>15</GreekSeq></word><word seq="15">cast<GreekSeq>17</GreekSeq></word><word seq="16">it<GreekSeq>18</GreekSeq></word><word seq="17">out?”<GreekSeq>17</GreekSeq></word></ESV></verse>
<verse number="29"><ESV><word seq="1">And<GreekSeq>1</GreekSeq></word><word seq="2">he said<GreekSeq>2</GreekSeq></word><word seq="3">to them,<GreekSeq>3</GreekSeq></word><word seq="4">“This<GreekSeq>4</GreekSeq></word><word seq="5">kind<GreekSeq>6</GreekSeq></word><word seq="6">cannot<GreekSeq>8</GreekSeq><GreekSeq>9</GreekSeq></word><word seq="7">be driven out<GreekSeq>10</GreekSeq></word><word seq="8">by<GreekSeq>7</GreekSeq></word><word seq="9">anything<GreekSeq>8</GreekSeq></word><word seq="10" note="εἰ μή Strong Code (1508)">but<GreekSeq>11</GreekSeq><GreekSeq>12</GreekSeq></word><word seq="11">prayer.”<GreekSeq>14</GreekSeq></word></ESV></verse>
<verse number="30"><ESV><word seq="1">They went on<GreekSeq>2</GreekSeq></word><word seq="2">from there and<GreekSeq>1</GreekSeq></word><word seq="3">passed<GreekSeq>3</GreekSeq></word><word seq="4">through<GreekSeq>4</GreekSeq></word><word seq="5">Galilee.<GreekSeq>6</GreekSeq></word><word seq="6">And<GreekSeq>7</GreekSeq></word><word seq="7">he did<GreekSeq>9</GreekSeq></word><word seq="8">not<GreekSeq>8</GreekSeq></word><word seq="9">want<GreekSeq>9</GreekSeq></word><word seq="10">anyone<GreekSeq>11</GreekSeq></word><word seq="11">to know,<GreekSeq>10</GreekSeq><GreekSeq>12</GreekSeq></word></ESV></verse>
<verse number="31"><ESV><word seq="1">for<GreekSeq>2</GreekSeq></word><word seq="2">he was teaching<GreekSeq>1</GreekSeq></word><word seq="3">his<GreekSeq>5</GreekSeq></word><word seq="4">disciples,<GreekSeq>4</GreekSeq></word><word seq="5">saying<GreekSeq>7</GreekSeq></word><word seq="6">to them,<GreekSeq>8</GreekSeq></word><word seq="7">“The<GreekSeq>10</GreekSeq></word><word seq="8">Son<GreekSeq>11</GreekSeq></word><word seq="9">of Man<GreekSeq>13</GreekSeq></word><word seq="10">is going to be delivered<GreekSeq>14</GreekSeq></word><word seq="11">into<GreekSeq>15</GreekSeq></word><word seq="12">the hands<GreekSeq>16</GreekSeq></word><word seq="13">of men,<GreekSeq>17</GreekSeq></word><word seq="14">and<GreekSeq>18</GreekSeq></word><word seq="15">they will kill<GreekSeq>19</GreekSeq></word><word seq="16">him.<GreekSeq>20</GreekSeq></word><word seq="17">And<GreekSeq>21</GreekSeq></word><word seq="18">when he is killed,<GreekSeq>22</GreekSeq></word><word seq="19">after<GreekSeq>23</GreekSeq></word><word seq="20">three<GreekSeq>24</GreekSeq></word><word seq="21">days<GreekSeq>25</GreekSeq></word><word seq="22">he will rise.”<GreekSeq>26</GreekSeq></word></ESV></verse>
<verse number="32"><ESV><word seq="1">But<GreekSeq>2</GreekSeq></word><word seq="2">they<GreekSeq>1</GreekSeq></word><word seq="3">did not understand<GreekSeq>3</GreekSeq></word><word seq="4">the<GreekSeq>4</GreekSeq></word><word seq="5">saying,<GreekSeq>5</GreekSeq></word><word seq="6">and<GreekSeq>6</GreekSeq></word><word seq="7">were afraid<GreekSeq>7</GreekSeq></word><word seq="8">to ask<GreekSeq>9</GreekSeq></word><word seq="9">him.<GreekSeq>8</GreekSeq></word></ESV></verse>
<verse number="33"><ESV><word seq="1">And<GreekSeq>1</GreekSeq></word><word seq="2">they came<GreekSeq>2</GreekSeq></word><word seq="3">to<GreekSeq>3</GreekSeq></word><word seq="4">Capernaum.<GreekSeq>4</GreekSeq></word><word seq="5">And<GreekSeq>5</GreekSeq></word><word seq="6">when he was<GreekSeq>9</GreekSeq></word><word seq="7">in<GreekSeq>6</GreekSeq></word><word seq="8">the<GreekSeq>7</GreekSeq></word><word seq="9">house<GreekSeq>8</GreekSeq></word><word seq="10">he asked<GreekSeq>10</GreekSeq></word><word seq="11">them,<GreekSeq>11</GreekSeq></word><word seq="12">“What<GreekSeq>12</GreekSeq></word><word seq="13">were you discussing<GreekSeq>16</GreekSeq></word><word seq="14">on<GreekSeq>13</GreekSeq></word><word seq="15">the<GreekSeq>14</GreekSeq></word><word seq="16">way?”<GreekSeq>15</GreekSeq></word></ESV></verse>
<verse number="34"><ESV><word seq="1">But<GreekSeq>2</GreekSeq></word><word seq="2">they<GreekSeq>1</GreekSeq></word><word seq="3">kept silent,<GreekSeq>3</GreekSeq></word><word seq="4">for<GreekSeq>6</GreekSeq></word><word seq="5">on<GreekSeq>8</GreekSeq></word><word seq="6">the<GreekSeq>9</GreekSeq></word><word seq="7">way<GreekSeq>10</GreekSeq></word><word seq="8">they had argued<GreekSeq>7</GreekSeq></word><word seq="9">with<GreekSeq>4</GreekSeq></word><word seq="10">one another<GreekSeq>5</GreekSeq></word><word seq="11">about</word><word seq="12">who<GreekSeq>11</GreekSeq></word><word seq="13">was the</word><word seq="14">greatest.<GreekSeq>12</GreekSeq></word></ESV></verse>
<verse number="35"><ESV><word seq="1">And<GreekSeq>1</GreekSeq></word><word seq="2">he sat down<GreekSeq>2</GreekSeq></word><word seq="3">and</word><word seq="4">called<GreekSeq>3</GreekSeq></word><word seq="5">the<GreekSeq>4</GreekSeq></word><word seq="6">twelve.<GreekSeq>5</GreekSeq></word><word seq="7">And<GreekSeq>6</GreekSeq></word><word seq="8">he said<GreekSeq>7</GreekSeq></word><word seq="9">to them,<GreekSeq>8</GreekSeq></word><word seq="10">“If<GreekSeq>9</GreekSeq></word><word seq="11">anyone<GreekSeq>10</GreekSeq></word><word seq="12">would<GreekSeq>11</GreekSeq></word><word seq="13">be<GreekSeq>13</GreekSeq></word><word seq="14">first,<GreekSeq>12</GreekSeq></word><word seq="15">he must be<GreekSeq>14</GreekSeq></word><word seq="16">last<GreekSeq>16</GreekSeq></word><word seq="17">of all<GreekSeq>15</GreekSeq></word><word seq="18">and<GreekSeq>17</GreekSeq></word><word seq="19">servant<GreekSeq>19</GreekSeq></word><word seq="20">of all.”<GreekSeq>18</GreekSeq></word></ESV></verse>
<verse number="36"><ESV><word seq="1">And<GreekSeq>1</GreekSeq></word><word seq="2">he took<GreekSeq>2</GreekSeq></word><word seq="3">a child<GreekSeq>3</GreekSeq></word><word seq="4">and</word><word seq="5">put<GreekSeq>4</GreekSeq></word><word seq="6">him<GreekSeq>5</GreekSeq></word><word seq="7">in<GreekSeq>6</GreekSeq></word><word seq="8">the midst<GreekSeq>7</GreekSeq></word><word seq="9">of them,<GreekSeq>8</GreekSeq></word><word seq="10">and<GreekSeq>9</GreekSeq></word><word seq="11">taking<GreekSeq>10</GreekSeq></word><word seq="12">him<GreekSeq>11</GreekSeq></word><word seq="13">in his arms,<GreekSeq>10</GreekSeq></word><word seq="14">he said<GreekSeq>12</GreekSeq></word><word seq="15">to them,<GreekSeq>13</GreekSeq></word></ESV></verse>
<verse number="37"><ESV><word seq="1">“Whoever<GreekSeq>1</GreekSeq><GreekSeq>2</GreekSeq></word><word seq="2">receives<GreekSeq>7</GreekSeq></word><word seq="3">one<GreekSeq>3</GreekSeq></word><word seq="4">such<GreekSeq>5</GreekSeq></word><word seq="5">child<GreekSeq>6</GreekSeq></word><word seq="6">in<GreekSeq>8</GreekSeq></word><word seq="7">my<GreekSeq>11</GreekSeq></word><word seq="8">name<GreekSeq>10</GreekSeq></word><word seq="9">receives<GreekSeq>13</GreekSeq></word><word seq="10">me,<GreekSeq>12</GreekSeq></word><word seq="11">and<GreekSeq>14</GreekSeq></word><word seq="12">whoever<GreekSeq>15</GreekSeq><GreekSeq>16</GreekSeq></word><word seq="13">receives<GreekSeq>18</GreekSeq></word><word seq="14">me,<GreekSeq>17</GreekSeq></word><word seq="15">receives<GreekSeq>21</GreekSeq></word><word seq="16">not<GreekSeq>19</GreekSeq></word><word seq="17">me<GreekSeq>20</GreekSeq></word><word seq="18">but<GreekSeq>22</GreekSeq></word><word seq="19">him<GreekSeq>23</GreekSeq></word><word seq="20">who sent<GreekSeq>24</GreekSeq></word><word seq="21">me.”<GreekSeq>25</GreekSeq></word></ESV></verse>
<verse number="38"><ESV><word seq="1">John<GreekSeq>4</GreekSeq></word><word seq="2">said<GreekSeq>1</GreekSeq></word><word seq="3">to him,<GreekSeq>2</GreekSeq></word><word seq="4">“Teacher,<GreekSeq>5</GreekSeq></word><word seq="5">we saw<GreekSeq>6</GreekSeq></word><word seq="6">someone<GreekSeq>7</GreekSeq></word><word seq="7">casting out<GreekSeq>12</GreekSeq></word><word seq="8">demons<GreekSeq>13</GreekSeq></word><word seq="9">in<GreekSeq>8</GreekSeq></word><word seq="10">your<GreekSeq>11</GreekSeq></word><word seq="11">name,<GreekSeq>10</GreekSeq></word><word seq="12">and<GreekSeq>14</GreekSeq></word><word seq="13">we tried to stop<GreekSeq>15</GreekSeq></word><word seq="14">him,<GreekSeq>16</GreekSeq></word><word seq="15">because<GreekSeq>17</GreekSeq></word><word seq="16">he was<GreekSeq>19</GreekSeq></word><word seq="17">not<GreekSeq>18</GreekSeq></word><word seq="18">following<GreekSeq>19</GreekSeq></word><word seq="19">us.”<GreekSeq>20</GreekSeq></word></ESV></verse>
<verse number="39"><ESV><word seq="1">But<GreekSeq>2</GreekSeq></word><word seq="2">Jesus<GreekSeq>3</GreekSeq></word><word seq="3">said,<GreekSeq>4</GreekSeq></word><word seq="4">“Do</word><word seq="5">not<GreekSeq>5</GreekSeq></word><word seq="6">stop<GreekSeq>6</GreekSeq></word><word seq="7">him,<GreekSeq>7</GreekSeq></word><word seq="8">for<GreekSeq>9</GreekSeq></word><word seq="9">no one<GreekSeq>8</GreekSeq></word><word seq="10">who<GreekSeq>11</GreekSeq></word><word seq="11">does<GreekSeq>12</GreekSeq></word><word seq="12">a mighty work<GreekSeq>13</GreekSeq></word><word seq="13">in<GreekSeq>14</GreekSeq></word><word seq="14">my<GreekSeq>17</GreekSeq></word><word seq="15">name<GreekSeq>16</GreekSeq></word><word seq="16">will be able<GreekSeq>19</GreekSeq></word><word seq="17">soon afterward<GreekSeq>20</GreekSeq></word><word seq="18">to speak evil of<GreekSeq>21</GreekSeq></word><word seq="19">me.<GreekSeq>22</GreekSeq></word></ESV></verse>
<verse number="40"><ESV><word seq="1">For<GreekSeq>2</GreekSeq></word><word seq="2">the one who<GreekSeq>1</GreekSeq></word><word seq="3">is<GreekSeq>4</GreekSeq></word><word seq="4">not<GreekSeq>3</GreekSeq></word><word seq="5">against<GreekSeq>5</GreekSeq></word><word seq="6">us<GreekSeq>6</GreekSeq></word><word seq="7">is<GreekSeq>9</GreekSeq></word><word seq="8">for<GreekSeq>7</GreekSeq></word><word seq="9">us.<GreekSeq>8</GreekSeq></word></ESV></verse>
<verse number="41"><ESV><word seq="1">For<GreekSeq>2</GreekSeq></word><word seq="2">truly,<GreekSeq>13</GreekSeq></word><word seq="3">I say<GreekSeq>14</GreekSeq></word><word seq="4">to you,<GreekSeq>15</GreekSeq></word><word seq="5">whoever<GreekSeq>1</GreekSeq><GreekSeq>3</GreekSeq></word><word seq="6">gives<GreekSeq>4</GreekSeq></word><word seq="7">you<GreekSeq>5</GreekSeq></word><word seq="8">a cup<GreekSeq>6</GreekSeq></word><word seq="9">of water<GreekSeq>7</GreekSeq></word><word seq="10">to drink<GreekSeq>4</GreekSeq></word><word seq="11">because<GreekSeq>10</GreekSeq></word><word seq="12">you belong to Christ<GreekSeq>11</GreekSeq><GreekSeq>12</GreekSeq></word><word seq="13">will<GreekSeq>19</GreekSeq></word><word seq="14" note="οὐ μή Strong Code (3364) ">by no means<GreekSeq>17</GreekSeq><GreekSeq>18</GreekSeq></word><word seq="15">lose<GreekSeq>19</GreekSeq></word><word seq="16">his<GreekSeq>22</GreekSeq></word><word seq="17">reward.<GreekSeq>21</GreekSeq></word></ESV></verse>
<verse number="42"><ESV><word seq="1">Whoever<GreekSeq>2</GreekSeq><GreekSeq>3</GreekSeq></word><word seq="2">causes<GreekSeq>4</GreekSeq></word><word seq="3">one<GreekSeq>5</GreekSeq></word><word seq="4">of these<GreekSeq>8</GreekSeq></word><word seq="5">little<GreekSeq>7</GreekSeq></word><word seq="6">ones<GreekSeq>6</GreekSeq></word><word seq="7">who believe<GreekSeq>10</GreekSeq></word><word seq="8">in<GreekSeq>11</GreekSeq></word><word seq="9">me<GreekSeq>12</GreekSeq></word><word seq="10">[to sin],<GreekSeq>4</GreekSeq></word><word seq="11">it would be<GreekSeq>14</GreekSeq></word><word seq="12">better<GreekSeq>13</GreekSeq></word><word seq="13">for him<GreekSeq>15</GreekSeq></word><word seq="14">if<GreekSeq>17</GreekSeq></word><word seq="15">a great millstone<GreekSeq>19</GreekSeq><GreekSeq>20</GreekSeq></word><word seq="16">were hung<GreekSeq>18</GreekSeq></word><word seq="17">around<GreekSeq>21</GreekSeq></word><word seq="18">his<GreekSeq>24</GreekSeq></word><word seq="19">neck<GreekSeq>23</GreekSeq></word><word seq="20">and<GreekSeq>1</GreekSeq></word><word seq="21">he were thrown<GreekSeq>26</GreekSeq></word><word seq="22">into<GreekSeq>27</GreekSeq></word><word seq="23">the<GreekSeq>28</GreekSeq></word><word seq="24">sea.<GreekSeq>29</GreekSeq></word></ESV></verse>
<verse number="43"><ESV><word seq="1">And<GreekSeq>1</GreekSeq></word><word seq="2">if<GreekSeq>2</GreekSeq></word><word seq="3">your<GreekSeq>7</GreekSeq></word><word seq="4">hand<GreekSeq>6</GreekSeq></word><word seq="5">causes<GreekSeq>3</GreekSeq></word><word seq="6">you<GreekSeq>4</GreekSeq></word><word seq="7">[to sin],<GreekSeq>3</GreekSeq></word><word seq="8">cut<GreekSeq>8</GreekSeq></word><word seq="9">it<GreekSeq>9</GreekSeq></word><word seq="10">off.<GreekSeq>8</GreekSeq></word><word seq="11">It is<GreekSeq>11</GreekSeq></word><word seq="12">better<GreekSeq>10</GreekSeq></word><word seq="13">for you<GreekSeq>12</GreekSeq></word><word seq="14">to enter<GreekSeq>14</GreekSeq></word><word seq="15">life<GreekSeq>17</GreekSeq></word><word seq="16">crippled<GreekSeq>13</GreekSeq></word><word seq="17">than<GreekSeq>18</GreekSeq></word><word seq="18">with<GreekSeq>22</GreekSeq></word><word seq="19">two<GreekSeq>20</GreekSeq></word><word seq="20">hands<GreekSeq>21</GreekSeq></word><word seq="21">to go<GreekSeq>23</GreekSeq></word><word seq="22">to<GreekSeq>24</GreekSeq></word><word seq="23">hell,<GreekSeq>26</GreekSeq></word><word seq="24">to<GreekSeq>27</GreekSeq></word><word seq="25">the<GreekSeq>28</GreekSeq></word><word seq="26">unquenchable<GreekSeq>31</GreekSeq></word><word seq="27">fire.<GreekSeq>29</GreekSeq></word></ESV></verse>
<verse number="44"><ESV><word seq="1">Missing text<GreekSeq>1</GreekSeq></word></ESV></verse>
<verse number="45"><ESV><word seq="1">And<GreekSeq>1</GreekSeq></word><word seq="2">if<GreekSeq>2</GreekSeq></word><word seq="3">your<GreekSeq>5</GreekSeq></word><word seq="4">foot<GreekSeq>4</GreekSeq></word><word seq="5">causes<GreekSeq>6</GreekSeq></word><word seq="6">you<GreekSeq>7</GreekSeq></word><word seq="7">[to sin],<GreekSeq>6</GreekSeq></word><word seq="8">cut<GreekSeq>8</GreekSeq></word><word seq="9">it<GreekSeq>9</GreekSeq></word><word seq="10">off.<GreekSeq>8</GreekSeq></word><word seq="11">It is<GreekSeq>11</GreekSeq></word><word seq="12">better<GreekSeq>10</GreekSeq></word><word seq="13">for you<GreekSeq>12</GreekSeq></word><word seq="14">to enter<GreekSeq>13</GreekSeq></word><word seq="15">life<GreekSeq>16</GreekSeq></word><word seq="16">lame<GreekSeq>17</GreekSeq></word><word seq="17">than<GreekSeq>18</GreekSeq></word><word seq="18">with<GreekSeq>22</GreekSeq></word><word seq="19">two<GreekSeq>20</GreekSeq></word><word seq="20">feet<GreekSeq>21</GreekSeq></word><word seq="21">to be thrown<GreekSeq>23</GreekSeq></word><word seq="22">into<GreekSeq>24</GreekSeq></word><word seq="23">hell.<GreekSeq>26</GreekSeq></word></ESV></verse>
<verse number="46"><ESV><word seq="1">Missing text<GreekSeq>1</GreekSeq></word></ESV></verse>
<verse number="47"><ESV><word seq="1">And<GreekSeq>1</GreekSeq></word><word seq="2">if<GreekSeq>2</GreekSeq></word><word seq="3">your<GreekSeq>5</GreekSeq></word><word seq="4">eye<GreekSeq>4</GreekSeq></word><word seq="5">causes<GreekSeq>6</GreekSeq></word><word seq="6">you<GreekSeq>7</GreekSeq></word><word seq="7">[to sin],<GreekSeq>6</GreekSeq></word><word seq="8">tear<GreekSeq>8</GreekSeq></word><word seq="9">it<GreekSeq>9</GreekSeq></word><word seq="10">out.<GreekSeq>8</GreekSeq></word><word seq="11">It is<GreekSeq>12</GreekSeq></word><word seq="12">better<GreekSeq>10</GreekSeq></word><word seq="13">for you<GreekSeq>11</GreekSeq></word><word seq="14">to enter<GreekSeq>14</GreekSeq></word><word seq="15">the<GreekSeq>16</GreekSeq></word><word seq="16">kingdom<GreekSeq>17</GreekSeq></word><word seq="17">of God<GreekSeq>19</GreekSeq></word><word seq="18">with<GreekSeq>23</GreekSeq></word><word seq="19">one eye<GreekSeq>13</GreekSeq></word><word seq="20">than<GreekSeq>20</GreekSeq></word><word seq="21">with<GreekSeq>23</GreekSeq></word><word seq="22">two<GreekSeq>21</GreekSeq></word><word seq="23">eyes<GreekSeq>22</GreekSeq></word><word seq="24">to be thrown<GreekSeq>24</GreekSeq></word><word seq="25">into<GreekSeq>25</GreekSeq></word><word seq="26">hell,<GreekSeq>27</GreekSeq></word></ESV></verse>
<verse number="48"><ESV><word seq="1">‘where<GreekSeq>1</GreekSeq></word><word seq="2">their<GreekSeq>4</GreekSeq></word><word seq="3">worm<GreekSeq>3</GreekSeq></word><word seq="4">does</word><word seq="5">not<GreekSeq>5</GreekSeq></word><word seq="6">die<GreekSeq>6</GreekSeq></word><word seq="7">and<GreekSeq>7</GreekSeq></word><word seq="8">the<GreekSeq>8</GreekSeq></word><word seq="9">fire<GreekSeq>9</GreekSeq></word><word seq="10">is<GreekSeq>11</GreekSeq></word><word seq="11">not<GreekSeq>10</GreekSeq></word><word seq="12">quenched.’<GreekSeq>11</GreekSeq></word></ESV></verse>
<verse number="49"><ESV><word seq="1">For<GreekSeq>2</GreekSeq></word><word seq="2">everyone<GreekSeq>1</GreekSeq></word><word seq="3">will be salted<GreekSeq>4</GreekSeq></word><word seq="4">with fire.<GreekSeq>3</GreekSeq></word></ESV></verse>
<verse number="50"><ESV><word seq="1">Salt<GreekSeq>3</GreekSeq></word><word seq="2">is</word><word seq="3">good,<GreekSeq>1</GreekSeq></word><word seq="4">but<GreekSeq>5</GreekSeq></word><word seq="5">if<GreekSeq>4</GreekSeq></word><word seq="6">the<GreekSeq>6</GreekSeq></word><word seq="7">salt<GreekSeq>7</GreekSeq></word><word seq="8">has lost<GreekSeq>9</GreekSeq></word><word seq="9">its</word><word seq="10">saltiness,<GreekSeq>8</GreekSeq></word><word seq="11">how<GreekSeq>11</GreekSeq></word><word seq="12">will you make<GreekSeq>13</GreekSeq></word><word seq="13">it<GreekSeq>12</GreekSeq></word><word seq="14">salty<GreekSeq>13</GreekSeq></word><word seq="15">again?</word><word seq="16">Have<GreekSeq>14</GreekSeq></word><word seq="17">salt<GreekSeq>17</GreekSeq></word><word seq="18">in<GreekSeq>15</GreekSeq></word><word seq="19">yourselves,<GreekSeq>16</GreekSeq></word><word seq="20">and<GreekSeq>18</GreekSeq></word><word seq="21">be at peace<GreekSeq>19</GreekSeq></word><word seq="22">with<GreekSeq>20</GreekSeq></word><word seq="23">one another.”<GreekSeq>21</GreekSeq></word></ESV></verse></chapter></book>