<?xml version="1.0" encoding="UTF-8" standalone="no"?><book><chapter number="7">'<verse number="1"><ESV><word seq="1">Judge<GreekSeq>2</GreekSeq></word><word seq="2">not,<GreekSeq>1</GreekSeq></word><word seq="3">that<GreekSeq>3</GreekSeq></word><word seq="4">you be<GreekSeq>5</GreekSeq></word><word seq="5">not<GreekSeq>4</GreekSeq></word><word seq="6">judged.<GreekSeq>5</GreekSeq></word></ESV></verse>
<verse number="2"><ESV><word seq="1">For<GreekSeq>3</GreekSeq></word><word seq="2">with<GreekSeq>1</GreekSeq></word><word seq="3">[the]<GreekSeq>2</GreekSeq></word><word seq="4">judgment<GreekSeq>4</GreekSeq></word><word seq="5">you pronounce<GreekSeq>5</GreekSeq></word><word seq="6">you will be judged,<GreekSeq>6</GreekSeq></word><word seq="7">and<GreekSeq>7</GreekSeq></word><word seq="8">with<GreekSeq>8</GreekSeq></word><word seq="9">[the]<GreekSeq>9</GreekSeq></word><word seq="10">measure<GreekSeq>10</GreekSeq></word><word seq="11">you use<GreekSeq>11</GreekSeq></word><word seq="12">it will be measured<GreekSeq>12</GreekSeq></word><word seq="13">to you.<GreekSeq>13</GreekSeq></word></ESV></verse>
<verse number="3"><ESV><word seq="1">Why<GreekSeq>1</GreekSeq></word><word seq="2">do</word><word seq="3">you see<GreekSeq>3</GreekSeq></word><word seq="4">the<GreekSeq>4</GreekSeq></word><word seq="5">speck<GreekSeq>5</GreekSeq></word><word seq="6">that<GreekSeq>6</GreekSeq></word><word seq="7">is</word><word seq="8">in<GreekSeq>7</GreekSeq></word><word seq="9">your<GreekSeq>12</GreekSeq></word><word seq="10">brother’s<GreekSeq>11</GreekSeq></word><word seq="11">eye,<GreekSeq>9</GreekSeq></word><word seq="12">but<GreekSeq>14</GreekSeq></word><word seq="13">do</word><word seq="14">not<GreekSeq>20</GreekSeq></word><word seq="15">notice<GreekSeq>21</GreekSeq></word><word seq="16">the<GreekSeq>13</GreekSeq></word><word seq="17">log<GreekSeq>19</GreekSeq></word><word seq="18">that is</word><word seq="19">in<GreekSeq>15</GreekSeq></word><word seq="20">your own<GreekSeq>17</GreekSeq></word><word seq="21">eye?<GreekSeq>18</GreekSeq></word></ESV></verse>
<verse number="4"><ESV><word seq="1">Or<GreekSeq>1</GreekSeq></word><word seq="2">how<GreekSeq>2</GreekSeq></word><word seq="3">can you say to<GreekSeq>3</GreekSeq></word><word seq="4">your<GreekSeq>6</GreekSeq></word><word seq="5">brother,<GreekSeq>5</GreekSeq></word><word seq="6">‘Let<GreekSeq>7</GreekSeq></word><word seq="7">me take<GreekSeq>8</GreekSeq></word><word seq="8">the<GreekSeq>9</GreekSeq></word><word seq="9">speck<GreekSeq>10</GreekSeq></word><word seq="10">out of<GreekSeq>11</GreekSeq></word><word seq="11">your<GreekSeq>14</GreekSeq></word><word seq="12">eye,’<GreekSeq>13</GreekSeq></word><word seq="13">when there is</word><word seq="14">the<GreekSeq>17</GreekSeq></word><word seq="15">log<GreekSeq>18</GreekSeq></word><word seq="16">in<GreekSeq>19</GreekSeq></word><word seq="17">your own<GreekSeq>22</GreekSeq></word><word seq="18">eye?<GreekSeq>21</GreekSeq></word></ESV></verse>
<verse number="5"><ESV><word seq="1">You hypocrite,<GreekSeq>1</GreekSeq></word><word seq="2">first<GreekSeq>3</GreekSeq></word><word seq="3">take<GreekSeq>2</GreekSeq></word><word seq="4">the<GreekSeq>8</GreekSeq></word><word seq="5">log<GreekSeq>9</GreekSeq></word><word seq="6">out of<GreekSeq>4</GreekSeq></word><word seq="7">your own<GreekSeq>7</GreekSeq></word><word seq="8">eye,<GreekSeq>6</GreekSeq></word><word seq="9">and<GreekSeq>10</GreekSeq></word><word seq="10">then<GreekSeq>11</GreekSeq></word><word seq="11">you will see clearly<GreekSeq>12</GreekSeq></word><word seq="12">to take<GreekSeq>13</GreekSeq></word><word seq="13">the<GreekSeq>14</GreekSeq></word><word seq="14">speck<GreekSeq>15</GreekSeq></word><word seq="15">out of<GreekSeq>16</GreekSeq></word><word seq="16">your<GreekSeq>21</GreekSeq></word><word seq="17">brother’s<GreekSeq>20</GreekSeq></word><word seq="18">eye.<GreekSeq>18</GreekSeq></word></ESV></verse>
<verse number="6"><ESV><word seq="1">Do</word><word seq="2">not<GreekSeq>1</GreekSeq></word><word seq="3">give<GreekSeq>2</GreekSeq></word><word seq="4">dogs<GreekSeq>6</GreekSeq></word><word seq="5">what<GreekSeq>3</GreekSeq></word><word seq="6">is</word><word seq="7">holy,<GreekSeq>4</GreekSeq></word><word seq="8">and [do] not<GreekSeq>7</GreekSeq></word><word seq="9">throw<GreekSeq>8</GreekSeq></word><word seq="10">your<GreekSeq>11</GreekSeq></word><word seq="11">pearls<GreekSeq>10</GreekSeq></word><word seq="12">before<GreekSeq>12</GreekSeq></word><word seq="13">pigs,<GreekSeq>14</GreekSeq></word><word seq="14">lest<GreekSeq>15</GreekSeq></word><word seq="15">they trample<GreekSeq>16</GreekSeq></word><word seq="16">them<GreekSeq>17</GreekSeq></word><word seq="17">underfoot<GreekSeq>18</GreekSeq><GreekSeq>20</GreekSeq></word><word seq="18">and<GreekSeq>22</GreekSeq></word><word seq="19">turn<GreekSeq>23</GreekSeq></word><word seq="20">to attack<GreekSeq>24</GreekSeq></word><word seq="21">you.<GreekSeq>25</GreekSeq></word></ESV></verse>
<verse number="7"><ESV><word seq="1">Ask,<GreekSeq>1</GreekSeq></word><word seq="2">and<GreekSeq>2</GreekSeq></word><word seq="3">it will be given<GreekSeq>3</GreekSeq></word><word seq="4">to you;<GreekSeq>4</GreekSeq></word><word seq="5">seek,<GreekSeq>5</GreekSeq></word><word seq="6">and<GreekSeq>6</GreekSeq></word><word seq="7">you will find;<GreekSeq>7</GreekSeq></word><word seq="8">knock,<GreekSeq>8</GreekSeq></word><word seq="9">and<GreekSeq>9</GreekSeq></word><word seq="10">it will be opened<GreekSeq>10</GreekSeq></word><word seq="11">to you.<GreekSeq>11</GreekSeq></word></ESV></verse>
<verse number="8"><ESV><word seq="1">For<GreekSeq>2</GreekSeq></word><word seq="2">everyone<GreekSeq>1</GreekSeq><GreekSeq>3</GreekSeq></word><word seq="3">who asks<GreekSeq>4</GreekSeq></word><word seq="4">receives,<GreekSeq>5</GreekSeq></word><word seq="5">and<GreekSeq>6</GreekSeq></word><word seq="6">the one<GreekSeq>7</GreekSeq></word><word seq="7">who seeks<GreekSeq>8</GreekSeq></word><word seq="8">finds,<GreekSeq>9</GreekSeq></word><word seq="9">and<GreekSeq>10</GreekSeq></word><word seq="10">to the one<GreekSeq>11</GreekSeq></word><word seq="11">who knocks<GreekSeq>12</GreekSeq></word><word seq="12">it will be opened.<GreekSeq>13</GreekSeq></word></ESV></verse>
<verse number="9"><ESV><word seq="1">Or<GreekSeq>1</GreekSeq></word><word seq="2">which<GreekSeq>2</GreekSeq></word><word seq="3">[one]<GreekSeq>6</GreekSeq></word><word seq="4">of<GreekSeq>4</GreekSeq></word><word seq="5">you,<GreekSeq>5</GreekSeq></word><word seq="6" note="Base of different Greek: ἐὰν(1437)">if</word><word seq="7">his<GreekSeq>11</GreekSeq></word><word seq="8">son<GreekSeq>10</GreekSeq></word><word seq="9">asks<GreekSeq>8</GreekSeq></word><word seq="10">him<GreekSeq>7</GreekSeq></word><word seq="11">for bread,<GreekSeq>12</GreekSeq></word><word seq="12">will give<GreekSeq>15</GreekSeq></word><word seq="13">him<GreekSeq>16</GreekSeq></word><word seq="14">a stone?<GreekSeq>14</GreekSeq></word></ESV></verse>
<verse number="10"><ESV><word seq="1">Or<GreekSeq>1</GreekSeq></word><word seq="2" note="Base of different Greek: ἐὰν(1437)">if<GreekSeq>2</GreekSeq></word><word seq="3">he asks<GreekSeq>4</GreekSeq></word><word seq="4">for a fish,<GreekSeq>3</GreekSeq></word><word seq="5">will give<GreekSeq>7</GreekSeq></word><word seq="6">him<GreekSeq>8</GreekSeq></word><word seq="7">a serpent?<GreekSeq>6</GreekSeq></word></ESV></verse>
<verse number="11"><ESV><word seq="1">If<GreekSeq>1</GreekSeq></word><word seq="2">you<GreekSeq>3</GreekSeq></word><word seq="3">then,<GreekSeq>2</GreekSeq></word><word seq="4">who are<GreekSeq>5</GreekSeq></word><word seq="5">evil,<GreekSeq>4</GreekSeq></word><word seq="6">know<GreekSeq>6</GreekSeq></word><word seq="7">how</word><word seq="8">to give<GreekSeq>9</GreekSeq></word><word seq="9">good<GreekSeq>8</GreekSeq></word><word seq="10">gifts<GreekSeq>7</GreekSeq></word><word seq="11">to<GreekSeq>11</GreekSeq></word><word seq="12">your<GreekSeq>12</GreekSeq></word><word seq="13">children,<GreekSeq>11</GreekSeq></word><word seq="14">how much<GreekSeq>13</GreekSeq></word><word seq="15">more<GreekSeq>14</GreekSeq></word><word seq="16">will</word><word seq="17">your<GreekSeq>17</GreekSeq></word><word seq="18">Father<GreekSeq>16</GreekSeq></word><word seq="19">who<GreekSeq>18</GreekSeq></word><word seq="20">is</word><word seq="21">in<GreekSeq>19</GreekSeq></word><word seq="22">heaven<GreekSeq>21</GreekSeq></word><word seq="23">give<GreekSeq>22</GreekSeq></word><word seq="24">good things<GreekSeq>23</GreekSeq></word><word seq="25">to those<GreekSeq>24</GreekSeq></word><word seq="26">who ask<GreekSeq>25</GreekSeq></word><word seq="27">him!<GreekSeq>26</GreekSeq></word></ESV></verse>
<verse number="12"><ESV><word seq="1">So<GreekSeq>2</GreekSeq></word><word seq="2">whatever<GreekSeq>3</GreekSeq><GreekSeq>4</GreekSeq></word><word seq="3">you wish<GreekSeq>5</GreekSeq></word><word seq="4">that<GreekSeq>6</GreekSeq></word><word seq="5">[others]<GreekSeq>10</GreekSeq></word><word seq="6">would do<GreekSeq>7</GreekSeq></word><word seq="7">to you,<GreekSeq>8</GreekSeq></word><word seq="8">do<GreekSeq>14</GreekSeq></word><word seq="9">also<GreekSeq>12</GreekSeq></word><word seq="10">to them,<GreekSeq>15</GreekSeq></word><word seq="11">for<GreekSeq>17</GreekSeq></word><word seq="12">this<GreekSeq>16</GreekSeq></word><word seq="13">is<GreekSeq>18</GreekSeq></word><word seq="14">the<GreekSeq>19</GreekSeq></word><word seq="15">Law<GreekSeq>20</GreekSeq></word><word seq="16">and<GreekSeq>21</GreekSeq></word><word seq="17">the<GreekSeq>22</GreekSeq></word><word seq="18">Prophets.<GreekSeq>23</GreekSeq></word></ESV></verse>
<verse number="13"><ESV><word seq="1">Enter<GreekSeq>1</GreekSeq></word><word seq="2">by<GreekSeq>2</GreekSeq></word><word seq="3">the<GreekSeq>3</GreekSeq></word><word seq="4">narrow<GreekSeq>4</GreekSeq></word><word seq="5">gate.<GreekSeq>5</GreekSeq></word><word seq="6">For<GreekSeq>6</GreekSeq></word><word seq="7">the<GreekSeq>8</GreekSeq></word><word seq="8">gate<GreekSeq>9</GreekSeq></word><word seq="9">is</word><word seq="10">wide<GreekSeq>7</GreekSeq></word><word seq="11">and<GreekSeq>10</GreekSeq></word><word seq="12">the<GreekSeq>12</GreekSeq></word><word seq="13">way<GreekSeq>13</GreekSeq></word><word seq="14">is</word><word seq="15">easy<GreekSeq>11</GreekSeq></word><word seq="16">that leads<GreekSeq>15</GreekSeq></word><word seq="17">to<GreekSeq>16</GreekSeq></word><word seq="18">destruction,<GreekSeq>18</GreekSeq></word><word seq="19">and<GreekSeq>19</GreekSeq></word><word seq="20">those<GreekSeq>22</GreekSeq></word><word seq="21">who enter<GreekSeq>23</GreekSeq></word><word seq="22">by<GreekSeq>24</GreekSeq></word><word seq="23">it<GreekSeq>25</GreekSeq></word><word seq="24">are<GreekSeq>21</GreekSeq></word><word seq="25">many.<GreekSeq>20</GreekSeq></word></ESV></verse>
<verse number="14"><ESV><word seq="1">For<GreekSeq>1</GreekSeq></word><word seq="2">the<GreekSeq>3</GreekSeq></word><word seq="3">gate<GreekSeq>4</GreekSeq></word><word seq="4">is</word><word seq="5">narrow<GreekSeq>2</GreekSeq></word><word seq="6">and<GreekSeq>14</GreekSeq></word><word seq="7">the<GreekSeq>7</GreekSeq></word><word seq="8">way<GreekSeq>8</GreekSeq></word><word seq="9">is</word><word seq="10">hard<GreekSeq>6</GreekSeq></word><word seq="11">that leads<GreekSeq>10</GreekSeq></word><word seq="12">to<GreekSeq>11</GreekSeq></word><word seq="13">life,<GreekSeq>13</GreekSeq></word><word seq="14">and<GreekSeq>14</GreekSeq></word><word seq="15">those<GreekSeq>17</GreekSeq></word><word seq="16">who find<GreekSeq>18</GreekSeq></word><word seq="17">it<GreekSeq>19</GreekSeq></word><word seq="18">are<GreekSeq>16</GreekSeq></word><word seq="19">few.<GreekSeq>15</GreekSeq></word></ESV></verse>
<verse number="15"><ESV><word seq="1">Beware<GreekSeq>1</GreekSeq></word><word seq="2">of<GreekSeq>2</GreekSeq></word><word seq="3">false prophets,<GreekSeq>4</GreekSeq></word><word seq="4">who<GreekSeq>5</GreekSeq></word><word seq="5">come<GreekSeq>6</GreekSeq></word><word seq="6">to<GreekSeq>7</GreekSeq></word><word seq="7">you<GreekSeq>8</GreekSeq></word><word seq="8">in<GreekSeq>9</GreekSeq></word><word seq="9">sheep’s<GreekSeq>11</GreekSeq></word><word seq="10">clothing<GreekSeq>10</GreekSeq></word><word seq="11">but<GreekSeq>13</GreekSeq></word><word seq="12">inwardly<GreekSeq>12</GreekSeq></word><word seq="13">are<GreekSeq>14</GreekSeq></word><word seq="14">ravenous<GreekSeq>16</GreekSeq></word><word seq="15">wolves.<GreekSeq>15</GreekSeq></word></ESV></verse>
<verse number="16"><ESV><word seq="1">You will recognize<GreekSeq>5</GreekSeq></word><word seq="2">them<GreekSeq>4</GreekSeq></word><word seq="3">by<GreekSeq>1</GreekSeq></word><word seq="4">their<GreekSeq>6</GreekSeq></word><word seq="5">fruits.<GreekSeq>3</GreekSeq></word><word seq="6">Are<GreekSeq>8</GreekSeq></word><word seq="7">grapes<GreekSeq>11</GreekSeq></word><word seq="8">gathered<GreekSeq>8</GreekSeq></word><word seq="9">from<GreekSeq>9</GreekSeq></word><word seq="10">thornbushes,<GreekSeq>10</GreekSeq></word><word seq="11">or<GreekSeq>12</GreekSeq></word><word seq="12">figs<GreekSeq>15</GreekSeq></word><word seq="13">from<GreekSeq>13</GreekSeq></word><word seq="14">thistles?<GreekSeq>14</GreekSeq></word></ESV></verse>
<verse number="17"><ESV><word seq="1">So,<GreekSeq>1</GreekSeq></word><word seq="2">every<GreekSeq>2</GreekSeq></word><word seq="3">healthy<GreekSeq>4</GreekSeq></word><word seq="4">tree<GreekSeq>3</GreekSeq></word><word seq="5">bears<GreekSeq>7</GreekSeq></word><word seq="6">good<GreekSeq>6</GreekSeq></word><word seq="7">fruit,<GreekSeq>5</GreekSeq></word><word seq="8">but<GreekSeq>9</GreekSeq></word><word seq="9">the<GreekSeq>8</GreekSeq></word><word seq="10">diseased<GreekSeq>10</GreekSeq></word><word seq="11">tree<GreekSeq>11</GreekSeq></word><word seq="12">bears<GreekSeq>14</GreekSeq></word><word seq="13">bad<GreekSeq>13</GreekSeq></word><word seq="14">fruit.<GreekSeq>12</GreekSeq></word></ESV></verse>
<verse number="18"><ESV><word seq="1">A healthy<GreekSeq>4</GreekSeq></word><word seq="2">tree<GreekSeq>3</GreekSeq></word><word seq="3">cannot<GreekSeq>1</GreekSeq><GreekSeq>2</GreekSeq></word><word seq="4">bear<GreekSeq>7</GreekSeq></word><word seq="5">bad<GreekSeq>6</GreekSeq></word><word seq="6">fruit,<GreekSeq>5</GreekSeq></word><word seq="7">nor<GreekSeq>8</GreekSeq></word><word seq="8">can</word><word seq="9">a diseased<GreekSeq>10</GreekSeq></word><word seq="10">tree<GreekSeq>9</GreekSeq></word><word seq="11">bear<GreekSeq>13</GreekSeq></word><word seq="12">good<GreekSeq>12</GreekSeq></word><word seq="13">fruit.<GreekSeq>11</GreekSeq></word></ESV></verse>
<verse number="19"><ESV><word seq="1">Every<GreekSeq>1</GreekSeq></word><word seq="2">tree<GreekSeq>2</GreekSeq></word><word seq="3">that does<GreekSeq>4</GreekSeq></word><word seq="4">not<GreekSeq>3</GreekSeq></word><word seq="5">bear<GreekSeq>4</GreekSeq></word><word seq="6">good<GreekSeq>6</GreekSeq></word><word seq="7">fruit<GreekSeq>5</GreekSeq></word><word seq="8">is cut down<GreekSeq>7</GreekSeq></word><word seq="9">and<GreekSeq>8</GreekSeq></word><word seq="10">thrown<GreekSeq>11</GreekSeq></word><word seq="11">into<GreekSeq>9</GreekSeq></word><word seq="12">the fire.<GreekSeq>10</GreekSeq></word></ESV></verse>
<verse number="20"><ESV><word seq="1">Thus<GreekSeq>1</GreekSeq><GreekSeq>2</GreekSeq></word><word seq="2">you will recognize<GreekSeq>7</GreekSeq></word><word seq="3">them<GreekSeq>6</GreekSeq></word><word seq="4">by<GreekSeq>3</GreekSeq></word><word seq="5">their<GreekSeq>8</GreekSeq></word><word seq="6">fruits.<GreekSeq>5</GreekSeq></word></ESV></verse>
<verse number="21"><ESV><word seq="1">Not<GreekSeq>1</GreekSeq></word><word seq="2">everyone<GreekSeq>2</GreekSeq><GreekSeq>3</GreekSeq></word><word seq="3">who says<GreekSeq>4</GreekSeq></word><word seq="4">to me,<GreekSeq>5</GreekSeq></word><word seq="5">‘Lord,<GreekSeq>6</GreekSeq></word><word seq="6">Lord,’<GreekSeq>7</GreekSeq></word><word seq="7">will enter<GreekSeq>8</GreekSeq></word><word seq="8">the<GreekSeq>10</GreekSeq></word><word seq="9">kingdom<GreekSeq>11</GreekSeq></word><word seq="10">of heaven,<GreekSeq>13</GreekSeq></word><word seq="11">but<GreekSeq>14</GreekSeq></word><word seq="12">the one<GreekSeq>15</GreekSeq></word><word seq="13">who does<GreekSeq>16</GreekSeq></word><word seq="14">the<GreekSeq>17</GreekSeq></word><word seq="15">will<GreekSeq>18</GreekSeq></word><word seq="16">of<GreekSeq>20</GreekSeq></word><word seq="17">my<GreekSeq>21</GreekSeq></word><word seq="18">Father<GreekSeq>20</GreekSeq></word><word seq="19">who<GreekSeq>22</GreekSeq></word><word seq="20">is</word><word seq="21">in<GreekSeq>23</GreekSeq></word><word seq="22">heaven.<GreekSeq>25</GreekSeq></word></ESV></verse>
<verse number="22"><ESV><word seq="1">On<GreekSeq>4</GreekSeq></word><word seq="2">that<GreekSeq>5</GreekSeq></word><word seq="3">day<GreekSeq>7</GreekSeq></word><word seq="4">many<GreekSeq>1</GreekSeq></word><word seq="5">will say<GreekSeq>2</GreekSeq></word><word seq="6">to me,‘<GreekSeq>3</GreekSeq></word><word seq="7">Lord,<GreekSeq>8</GreekSeq></word><word seq="8">Lord,<GreekSeq>9</GreekSeq></word><word seq="9">did we<GreekSeq>14</GreekSeq></word><word seq="10">not<GreekSeq>10</GreekSeq></word><word seq="11">prophesy<GreekSeq>14</GreekSeq></word><word seq="12">in your<GreekSeq>12</GreekSeq></word><word seq="13">name,<GreekSeq>13</GreekSeq></word><word seq="14">and<GreekSeq>15</GreekSeq></word><word seq="15">cast out<GreekSeq>20</GreekSeq></word><word seq="16">demons<GreekSeq>19</GreekSeq></word><word seq="17">in your<GreekSeq>17</GreekSeq></word><word seq="18">name,<GreekSeq>18</GreekSeq></word><word seq="19">and<GreekSeq>21</GreekSeq></word><word seq="20">do<GreekSeq>27</GreekSeq></word><word seq="21">many<GreekSeq>26</GreekSeq></word><word seq="22">mighty works<GreekSeq>25</GreekSeq></word><word seq="23">in your<GreekSeq>23</GreekSeq></word><word seq="24">name?’<GreekSeq>24</GreekSeq></word></ESV></verse>
<verse number="23"><ESV><word seq="1">And<GreekSeq>1</GreekSeq></word><word seq="2">then<GreekSeq>2</GreekSeq></word><word seq="3">will I declare<GreekSeq>3</GreekSeq></word><word seq="4">to them,<GreekSeq>4</GreekSeq></word><word seq="5">‘I<GreekSeq>7</GreekSeq></word><word seq="6">never<GreekSeq>6</GreekSeq></word><word seq="7">knew<GreekSeq>7</GreekSeq></word><word seq="8">you;<GreekSeq>8</GreekSeq></word><word seq="9">depart<GreekSeq>9</GreekSeq></word><word seq="10">from<GreekSeq>10</GreekSeq></word><word seq="11">me,<GreekSeq>11</GreekSeq></word><word seq="12">[you]<GreekSeq>12</GreekSeq></word><word seq="13">workers of<GreekSeq>13</GreekSeq></word><word seq="14">lawlessness.’<GreekSeq>15</GreekSeq></word></ESV></verse>
<verse number="24"><ESV><word seq="1">Everyone<GreekSeq>1</GreekSeq></word><word seq="2">then<GreekSeq>2</GreekSeq></word><word seq="3">who<GreekSeq>3</GreekSeq></word><word seq="4">hears<GreekSeq>4</GreekSeq></word><word seq="5">these<GreekSeq>8</GreekSeq></word><word seq="6">words<GreekSeq>7</GreekSeq></word><word seq="7">of mine<GreekSeq>5</GreekSeq></word><word seq="8">and<GreekSeq>9</GreekSeq></word><word seq="9">does<GreekSeq>10</GreekSeq></word><word seq="10">them<GreekSeq>11</GreekSeq></word><word seq="11">will be like<GreekSeq>12</GreekSeq></word><word seq="12">a wise<GreekSeq>14</GreekSeq></word><word seq="13">man<GreekSeq>13</GreekSeq></word><word seq="14">who<GreekSeq>15</GreekSeq></word><word seq="15">built<GreekSeq>16</GreekSeq></word><word seq="16">his<GreekSeq>17</GreekSeq></word><word seq="17">house<GreekSeq>19</GreekSeq></word><word seq="18">on<GreekSeq>20</GreekSeq></word><word seq="19">the<GreekSeq>21</GreekSeq></word><word seq="20">rock.<GreekSeq>22</GreekSeq></word></ESV></verse>
<verse number="25"><ESV><word seq="1">And<GreekSeq>1</GreekSeq></word><word seq="2">the<GreekSeq>3</GreekSeq></word><word seq="3">rain<GreekSeq>4</GreekSeq></word><word seq="4">fell,<GreekSeq>2</GreekSeq></word><word seq="5">and<GreekSeq>5</GreekSeq></word><word seq="6">the<GreekSeq>7</GreekSeq></word><word seq="7">floods<GreekSeq>8</GreekSeq></word><word seq="8">came,<GreekSeq>6</GreekSeq></word><word seq="9">and<GreekSeq>9</GreekSeq></word><word seq="10">the<GreekSeq>11</GreekSeq></word><word seq="11">winds<GreekSeq>12</GreekSeq></word><word seq="12">blew<GreekSeq>10</GreekSeq></word><word seq="13">and<GreekSeq>13</GreekSeq></word><word seq="14">beat on<GreekSeq>14</GreekSeq></word><word seq="15">that<GreekSeq>17</GreekSeq></word><word seq="16">house,<GreekSeq>16</GreekSeq></word><word seq="17">but<GreekSeq>18</GreekSeq></word><word seq="18">it did<GreekSeq>20</GreekSeq></word><word seq="19">not<GreekSeq>19</GreekSeq></word><word seq="20">fall,<GreekSeq>20</GreekSeq></word><word seq="21">because<GreekSeq>22</GreekSeq></word><word seq="22">it had been founded<GreekSeq>21</GreekSeq></word><word seq="23">on<GreekSeq>23</GreekSeq></word><word seq="24">the<GreekSeq>24</GreekSeq></word><word seq="25">rock.<GreekSeq>25</GreekSeq></word></ESV></verse>
<verse number="26"><ESV><word seq="1">And<GreekSeq>1</GreekSeq></word><word seq="2">everyone<GreekSeq>2</GreekSeq><GreekSeq>3</GreekSeq></word><word seq="3">who hears<GreekSeq>4</GreekSeq></word><word seq="4">these<GreekSeq>8</GreekSeq></word><word seq="5">words<GreekSeq>7</GreekSeq></word><word seq="6">of mine<GreekSeq>5</GreekSeq></word><word seq="7">and<GreekSeq>9</GreekSeq></word><word seq="8">does</word><word seq="9">not<GreekSeq>10</GreekSeq></word><word seq="10">do<GreekSeq>11</GreekSeq></word><word seq="11">them<GreekSeq>12</GreekSeq></word><word seq="12">will be like<GreekSeq>13</GreekSeq></word><word seq="13">a foolish<GreekSeq>15</GreekSeq></word><word seq="14">man<GreekSeq>14</GreekSeq></word><word seq="15">who<GreekSeq>16</GreekSeq></word><word seq="16">built<GreekSeq>17</GreekSeq></word><word seq="17">his<GreekSeq>18</GreekSeq></word><word seq="18">house<GreekSeq>20</GreekSeq></word><word seq="19">on<GreekSeq>21</GreekSeq></word><word seq="20">the<GreekSeq>22</GreekSeq></word><word seq="21">sand.<GreekSeq>23</GreekSeq></word></ESV></verse>
<verse number="27"><ESV><word seq="1">And<GreekSeq>1</GreekSeq></word><word seq="2">the<GreekSeq>3</GreekSeq></word><word seq="3">rain<GreekSeq>4</GreekSeq></word><word seq="4">fell,<GreekSeq>2</GreekSeq></word><word seq="5">and<GreekSeq>5</GreekSeq></word><word seq="6">the<GreekSeq>7</GreekSeq></word><word seq="7">floods<GreekSeq>8</GreekSeq></word><word seq="8">came,<GreekSeq>6</GreekSeq></word><word seq="9">and<GreekSeq>9</GreekSeq></word><word seq="10">the<GreekSeq>11</GreekSeq></word><word seq="11">winds<GreekSeq>12</GreekSeq></word><word seq="12">blew<GreekSeq>10</GreekSeq></word><word seq="13">and<GreekSeq>13</GreekSeq></word><word seq="14">beat against<GreekSeq>14</GreekSeq></word><word seq="15">that<GreekSeq>17</GreekSeq></word><word seq="16">house,<GreekSeq>16</GreekSeq></word><word seq="17">and<GreekSeq>18</GreekSeq></word><word seq="18">it fell,<GreekSeq>19</GreekSeq></word><word seq="19">and<GreekSeq>20</GreekSeq></word><word seq="20">great<GreekSeq>25</GreekSeq></word><word seq="21">was<GreekSeq>21</GreekSeq></word><word seq="22">the<GreekSeq>22</GreekSeq></word><word seq="23">fall<GreekSeq>23</GreekSeq></word><word seq="24">of it.”<GreekSeq>24</GreekSeq></word></ESV></verse>
<verse number="28"><ESV><word seq="1">And<GreekSeq>1</GreekSeq></word><word seq="2">when<GreekSeq>3</GreekSeq></word><word seq="3">Jesus<GreekSeq>6</GreekSeq></word><word seq="4">finished<GreekSeq>4</GreekSeq></word><word seq="5">these<GreekSeq>9</GreekSeq></word><word seq="6">sayings,<GreekSeq>8</GreekSeq></word><word seq="7">the<GreekSeq>7</GreekSeq></word><word seq="8">crowds<GreekSeq>12</GreekSeq></word><word seq="9">were astonished<GreekSeq>10</GreekSeq></word><word seq="10">at<GreekSeq>13</GreekSeq></word><word seq="11">his<GreekSeq>16</GreekSeq></word><word seq="12">teaching,<GreekSeq>15</GreekSeq></word></ESV></verse>
<verse number="29"><ESV><word seq="1">for<GreekSeq>2</GreekSeq></word><word seq="2">he was<GreekSeq>1</GreekSeq></word><word seq="3">teaching<GreekSeq>3</GreekSeq></word><word seq="4">them<GreekSeq>4</GreekSeq></word><word seq="5">as<GreekSeq>5</GreekSeq></word><word seq="6">one</word><word seq="7">who had<GreekSeq>7</GreekSeq></word><word seq="8">authority,<GreekSeq>6</GreekSeq></word><word seq="9">and<GreekSeq>8</GreekSeq></word><word seq="10">not<GreekSeq>9</GreekSeq></word><word seq="11">as<GreekSeq>10</GreekSeq></word><word seq="12">their<GreekSeq>13</GreekSeq></word><word seq="13">scribes.<GreekSeq>12</GreekSeq></word></ESV></verse></chapter></book>