<?xml version="1.0" encoding="UTF-8" standalone="no"?><book><chapter number="20">'<verse number="1"><ESV><word seq="1">For<GreekSeq>2</GreekSeq></word><word seq="2">the<GreekSeq>4</GreekSeq></word><word seq="3">kingdom<GreekSeq>5</GreekSeq></word><word seq="4">of heaven<GreekSeq>7</GreekSeq></word><word seq="5">is<GreekSeq>3</GreekSeq></word><word seq="6">like<GreekSeq>1</GreekSeq></word><word seq="7">a master of a house<GreekSeq>9</GreekSeq></word><word seq="8">who<GreekSeq>10</GreekSeq></word><word seq="9">went out<GreekSeq>11</GreekSeq></word><word seq="10">early in the morning<GreekSeq>13</GreekSeq></word><word seq="11">to hire<GreekSeq>14</GreekSeq></word><word seq="12">laborers<GreekSeq>15</GreekSeq></word><word seq="13">for<GreekSeq>16</GreekSeq></word><word seq="14">his<GreekSeq>19</GreekSeq></word><word seq="15">vineyard.<GreekSeq>18</GreekSeq></word></ESV></verse>
<verse number="2"><ESV><word seq="1">After agreeing<GreekSeq>1</GreekSeq></word><word seq="2">with<GreekSeq>3</GreekSeq></word><word seq="3">the<GreekSeq>4</GreekSeq></word><word seq="4">laborers<GreekSeq>5</GreekSeq></word><word seq="5">for<GreekSeq>6</GreekSeq></word><word seq="6">a denarius<GreekSeq>7</GreekSeq></word><word seq="7">a<GreekSeq>8</GreekSeq></word><word seq="8">day,<GreekSeq>9</GreekSeq></word><word seq="9">he sent<GreekSeq>10</GreekSeq></word><word seq="10">them<GreekSeq>11</GreekSeq></word><word seq="11">into<GreekSeq>12</GreekSeq></word><word seq="12">his<GreekSeq>15</GreekSeq></word><word seq="13">vineyard.<GreekSeq>14</GreekSeq></word></ESV></verse>
<verse number="3"><ESV><word seq="1">And<GreekSeq>1</GreekSeq></word><word seq="2">going out<GreekSeq>2</GreekSeq></word><word seq="3">about<GreekSeq>3</GreekSeq></word><word seq="4">the</word><word seq="5">third<GreekSeq>4</GreekSeq></word><word seq="6">hour<GreekSeq>5</GreekSeq></word><word seq="7">he saw<GreekSeq>6</GreekSeq></word><word seq="8">others<GreekSeq>7</GreekSeq></word><word seq="9">standing<GreekSeq>8</GreekSeq></word><word seq="10">idle<GreekSeq>12</GreekSeq></word><word seq="11">in<GreekSeq>9</GreekSeq></word><word seq="12">the<GreekSeq>10</GreekSeq></word><word seq="13">marketplace,<GreekSeq>11</GreekSeq></word></ESV></verse>
<verse number="4"><ESV><word seq="1">and<GreekSeq>1</GreekSeq></word><word seq="2">to them<GreekSeq>2</GreekSeq></word><word seq="3">he said,<GreekSeq>3</GreekSeq></word><word seq="4">‘You<GreekSeq>6</GreekSeq></word><word seq="5">go<GreekSeq>4</GreekSeq></word><word seq="6">into<GreekSeq>7</GreekSeq></word><word seq="7">the<GreekSeq>8</GreekSeq></word><word seq="8">vineyard<GreekSeq>9</GreekSeq></word><word seq="9">too,<GreekSeq>5</GreekSeq></word><word seq="10">and<GreekSeq>10</GreekSeq></word><word seq="11">whatever<GreekSeq>11</GreekSeq><GreekSeq>12</GreekSeq></word><word seq="12">is<GreekSeq>13</GreekSeq></word><word seq="13">right<GreekSeq>14</GreekSeq></word><word seq="14">I will give<GreekSeq>15</GreekSeq></word><word seq="15">you.’<GreekSeq>16</GreekSeq></word></ESV></verse>
<verse number="5"><ESV><word seq="1">So<GreekSeq>2</GreekSeq></word><word seq="2">they<GreekSeq>1</GreekSeq></word><word seq="3">went.<GreekSeq>3</GreekSeq></word><word seq="4">Going out<GreekSeq>6</GreekSeq></word><word seq="5">again<GreekSeq>4</GreekSeq></word><word seq="6">about<GreekSeq>7</GreekSeq></word><word seq="7">the sixth<GreekSeq>8</GreekSeq></word><word seq="8">hour</word><word seq="9">and<GreekSeq>9</GreekSeq></word><word seq="10">the ninth<GreekSeq>10</GreekSeq></word><word seq="11">hour,<GreekSeq>11</GreekSeq></word><word seq="12">he did<GreekSeq>12</GreekSeq></word><word seq="13">the same.<GreekSeq>13</GreekSeq></word></ESV></verse>
<verse number="6"><ESV><word seq="1">And<GreekSeq>2</GreekSeq></word><word seq="2">about<GreekSeq>1</GreekSeq></word><word seq="3">the<GreekSeq>3</GreekSeq></word><word seq="4">eleventh [hour]<GreekSeq>4</GreekSeq></word><word seq="5">he went out<GreekSeq>5</GreekSeq></word><word seq="6">and</word><word seq="7">found<GreekSeq>6</GreekSeq></word><word seq="8">others<GreekSeq>7</GreekSeq></word><word seq="9">standing.<GreekSeq>8</GreekSeq></word><word seq="10">And<GreekSeq>9</GreekSeq></word><word seq="11">he said<GreekSeq>10</GreekSeq></word><word seq="12">to them,<GreekSeq>11</GreekSeq></word><word seq="13">‘Why<GreekSeq>12</GreekSeq></word><word seq="14">do</word><word seq="15">you stand<GreekSeq>14</GreekSeq></word><word seq="16">here<GreekSeq>13</GreekSeq></word><word seq="17">idle<GreekSeq>18</GreekSeq></word><word seq="18">all<GreekSeq>15</GreekSeq></word><word seq="19">day?’<GreekSeq>17</GreekSeq></word></ESV></verse>
<verse number="7"><ESV><word seq="1">They said<GreekSeq>1</GreekSeq></word><word seq="2">to him,<GreekSeq>2</GreekSeq></word><word seq="3">‘Because<GreekSeq>3</GreekSeq></word><word seq="4">no one<GreekSeq>4</GreekSeq></word><word seq="5">has hired<GreekSeq>6</GreekSeq></word><word seq="6">us.’<GreekSeq>5</GreekSeq></word><word seq="7">He said<GreekSeq>7</GreekSeq></word><word seq="8">to them,<GreekSeq>8</GreekSeq></word><word seq="9">‘You<GreekSeq>11</GreekSeq></word><word seq="10">go<GreekSeq>9</GreekSeq></word><word seq="11">into<GreekSeq>12</GreekSeq></word><word seq="12">the<GreekSeq>13</GreekSeq></word><word seq="13">vineyard<GreekSeq>14</GreekSeq></word><word seq="14">too.’<GreekSeq>10</GreekSeq></word></ESV></verse>
<verse number="8"><ESV><word seq="1">And<GreekSeq>2</GreekSeq></word><word seq="2">when</word><word seq="3">evening<GreekSeq>1</GreekSeq></word><word seq="4">came,<GreekSeq>3</GreekSeq></word><word seq="5">the<GreekSeq>5</GreekSeq></word><word seq="6">owner<GreekSeq>6</GreekSeq></word><word seq="7">of the<GreekSeq>7</GreekSeq></word><word seq="8">vineyard<GreekSeq>8</GreekSeq></word><word seq="9">said to<GreekSeq>4</GreekSeq></word><word seq="10">his<GreekSeq>11</GreekSeq></word><word seq="11">foreman,<GreekSeq>10</GreekSeq></word><word seq="12">‘Call<GreekSeq>12</GreekSeq></word><word seq="13">the<GreekSeq>13</GreekSeq></word><word seq="14">laborers<GreekSeq>14</GreekSeq></word><word seq="15">and<GreekSeq>15</GreekSeq></word><word seq="16">pay<GreekSeq>16</GreekSeq></word><word seq="17">them<GreekSeq>17</GreekSeq></word><word seq="18">their</word><word seq="19">wages,<GreekSeq>19</GreekSeq></word><word seq="20">beginning<GreekSeq>20</GreekSeq></word><word seq="21">with<GreekSeq>21</GreekSeq></word><word seq="22">the<GreekSeq>22</GreekSeq></word><word seq="23">last,<GreekSeq>23</GreekSeq></word><word seq="24">up to<GreekSeq>24</GreekSeq></word><word seq="25">the<GreekSeq>25</GreekSeq></word><word seq="26">first.’<GreekSeq>26</GreekSeq></word></ESV></verse>
<verse number="9"><ESV><word seq="1">And<GreekSeq>1</GreekSeq></word><word seq="2">when<GreekSeq>2</GreekSeq></word><word seq="3">those<GreekSeq>3</GreekSeq></word><word seq="4">hired</word><word seq="5">about<GreekSeq>4</GreekSeq></word><word seq="6">the<GreekSeq>5</GreekSeq></word><word seq="7">eleventh<GreekSeq>6</GreekSeq></word><word seq="8">hour<GreekSeq>7</GreekSeq></word><word seq="9">came,<GreekSeq>2</GreekSeq></word><word seq="10">each<GreekSeq>9</GreekSeq></word><word seq="11">of them</word><word seq="12">received<GreekSeq>8</GreekSeq></word><word seq="13">a denarius.<GreekSeq>10</GreekSeq></word></ESV></verse>
<verse number="10"><ESV><word seq="1">Now<GreekSeq>1</GreekSeq></word><word seq="2">when<GreekSeq>2</GreekSeq></word><word seq="3">those<GreekSeq>3</GreekSeq></word><word seq="4">hired</word><word seq="5">first<GreekSeq>4</GreekSeq></word><word seq="6">came,<GreekSeq>2</GreekSeq></word><word seq="7">they thought<GreekSeq>5</GreekSeq></word><word seq="8">they would receive<GreekSeq>8</GreekSeq></word><word seq="9">more,<GreekSeq>7</GreekSeq></word><word seq="10">but<GreekSeq>9</GreekSeq></word><word seq="11">each of<GreekSeq>12</GreekSeq></word><word seq="12">them<GreekSeq>15</GreekSeq></word><word seq="13">also<GreekSeq>14</GreekSeq></word><word seq="14">received<GreekSeq>10</GreekSeq></word><word seq="15">a denarius.<GreekSeq>13</GreekSeq></word></ESV></verse>
<verse number="11"><ESV><word seq="1">And<GreekSeq>2</GreekSeq></word><word seq="2">on receiving<GreekSeq>1</GreekSeq></word><word seq="3">it</word><word seq="4">they grumbled<GreekSeq>3</GreekSeq></word><word seq="5">at<GreekSeq>4</GreekSeq></word><word seq="6">the<GreekSeq>5</GreekSeq></word><word seq="7">master of the house,<GreekSeq>6</GreekSeq></word></ESV></verse>
<verse number="12"><ESV><word seq="1">saying,<GreekSeq>1</GreekSeq></word><word seq="2">‘These<GreekSeq>2</GreekSeq></word><word seq="3">last<GreekSeq>4</GreekSeq></word><word seq="4">worked<GreekSeq>7</GreekSeq></word><word seq="5">[only] one<GreekSeq>5</GreekSeq></word><word seq="6">hour,<GreekSeq>6</GreekSeq></word><word seq="7">and<GreekSeq>8</GreekSeq></word><word seq="8">you have made<GreekSeq>12</GreekSeq></word><word seq="9">them<GreekSeq>11</GreekSeq></word><word seq="10">equal<GreekSeq>9</GreekSeq></word><word seq="11">to us<GreekSeq>10</GreekSeq></word><word seq="12">who have borne<GreekSeq>14</GreekSeq></word><word seq="13">the<GreekSeq>15</GreekSeq></word><word seq="14">burden<GreekSeq>16</GreekSeq></word><word seq="15">of the<GreekSeq>17</GreekSeq></word><word seq="16">day<GreekSeq>18</GreekSeq></word><word seq="17">and<GreekSeq>19</GreekSeq></word><word seq="18">the<GreekSeq>20</GreekSeq></word><word seq="19">scorching heat.’<GreekSeq>21</GreekSeq></word></ESV></verse>
<verse number="13"><ESV><word seq="1">But<GreekSeq>2</GreekSeq></word><word seq="2">he<GreekSeq>1</GreekSeq></word><word seq="3">replied<GreekSeq>3</GreekSeq></word><word seq="4">to one<GreekSeq>4</GreekSeq></word><word seq="5">of them,<GreekSeq>5</GreekSeq></word><word seq="6">‘Friend,<GreekSeq>7</GreekSeq></word><word seq="7">I am doing<GreekSeq>9</GreekSeq></word><word seq="8">you<GreekSeq>10</GreekSeq></word><word seq="9">no<GreekSeq>8</GreekSeq></word><word seq="10">wrong.<GreekSeq>9</GreekSeq></word><word seq="11">Did</word><word seq="12">you<GreekSeq>13</GreekSeq></word><word seq="13">not<GreekSeq>11</GreekSeq></word><word seq="14">agree with<GreekSeq>13</GreekSeq></word><word seq="15">me<GreekSeq>14</GreekSeq></word><word seq="16">for</word><word seq="17">a denarius?<GreekSeq>12</GreekSeq></word></ESV></verse>
<verse number="14"><ESV><word seq="1">Take<GreekSeq>1</GreekSeq></word><word seq="2">what<GreekSeq>2</GreekSeq></word><word seq="3">[belongs] to you<GreekSeq>3</GreekSeq></word><word seq="4">and<GreekSeq>4</GreekSeq></word><word seq="5">go.<GreekSeq>5</GreekSeq></word><word seq="6">I choose<GreekSeq>6</GreekSeq></word><word seq="7">to give<GreekSeq>11</GreekSeq></word><word seq="8">to this<GreekSeq>8</GreekSeq></word><word seq="9">last [worker]<GreekSeq>10</GreekSeq></word><word seq="10">as<GreekSeq>12</GreekSeq></word><word seq="11">I give</word><word seq="12">to you.<GreekSeq>14</GreekSeq></word></ESV></verse>
<verse number="15"><ESV><word seq="1">Am<GreekSeq>3</GreekSeq></word><word seq="2">I<GreekSeq>4</GreekSeq></word><word seq="3">not<GreekSeq>2</GreekSeq></word><word seq="4">allowed<GreekSeq>3</GreekSeq></word><word seq="5">to do<GreekSeq>7</GreekSeq></word><word seq="6">what<GreekSeq>5</GreekSeq></word><word seq="7">I choose<GreekSeq>6</GreekSeq></word><word seq="8">with<GreekSeq>8</GreekSeq></word><word seq="9">what<GreekSeq>9</GreekSeq></word><word seq="10">[belongs] to me?<GreekSeq>10</GreekSeq></word><word seq="11">Or<GreekSeq>11</GreekSeq></word><word seq="12">do</word><word seq="13">you<GreekSeq>14</GreekSeq></word><word seq="14">begrudge<GreekSeq>13</GreekSeq><GreekSeq>15</GreekSeq></word><word seq="15">my<GreekSeq>18</GreekSeq></word><word seq="16">generosity?’<GreekSeq>19</GreekSeq></word></ESV></verse>
<verse number="16"><ESV><word seq="1">So<GreekSeq>1</GreekSeq></word><word seq="2">the<GreekSeq>3</GreekSeq></word><word seq="3">last<GreekSeq>4</GreekSeq></word><word seq="4">will be<GreekSeq>2</GreekSeq></word><word seq="5">first,<GreekSeq>5</GreekSeq></word><word seq="6">and<GreekSeq>6</GreekSeq></word><word seq="7">the<GreekSeq>7</GreekSeq></word><word seq="8">first<GreekSeq>8</GreekSeq></word><word seq="9">last.”<GreekSeq>9</GreekSeq></word></ESV></verse>
<verse number="17"><ESV><word seq="1">And<GreekSeq>1</GreekSeq></word><word seq="2">as<GreekSeq>2</GreekSeq></word><word seq="3">Jesus<GreekSeq>4</GreekSeq></word><word seq="4">was going up<GreekSeq>2</GreekSeq></word><word seq="5">to<GreekSeq>5</GreekSeq></word><word seq="6">Jerusalem,<GreekSeq>6</GreekSeq></word><word seq="7">he took<GreekSeq>7</GreekSeq></word><word seq="8">the<GreekSeq>8</GreekSeq></word><word seq="9">twelve<GreekSeq>9</GreekSeq></word><word seq="10">disciples<GreekSeq>10</GreekSeq></word><word seq="11">aside,<GreekSeq>7</GreekSeq></word><word seq="12">and<GreekSeq>13</GreekSeq></word><word seq="13">on<GreekSeq>14</GreekSeq></word><word seq="14">the<GreekSeq>15</GreekSeq></word><word seq="15">way<GreekSeq>16</GreekSeq></word><word seq="16">he said<GreekSeq>17</GreekSeq></word><word seq="17">to them,<GreekSeq>18</GreekSeq></word></ESV></verse>
<verse number="18"><ESV><word seq="1">“See,<GreekSeq>1</GreekSeq></word><word seq="2">we are going up<GreekSeq>2</GreekSeq></word><word seq="3">to<GreekSeq>3</GreekSeq></word><word seq="4">Jerusalem.<GreekSeq>4</GreekSeq></word><word seq="5">And<GreekSeq>5</GreekSeq></word><word seq="6">the<GreekSeq>6</GreekSeq></word><word seq="7">Son<GreekSeq>7</GreekSeq></word><word seq="8">of Man<GreekSeq>9</GreekSeq></word><word seq="9">will be delivered over<GreekSeq>10</GreekSeq></word><word seq="10">to the<GreekSeq>11</GreekSeq></word><word seq="11">chief priests<GreekSeq>12</GreekSeq></word><word seq="12">and<GreekSeq>13</GreekSeq></word><word seq="13">scribes,<GreekSeq>14</GreekSeq></word><word seq="14">and<GreekSeq>15</GreekSeq></word><word seq="15">they will condemn<GreekSeq>16</GreekSeq></word><word seq="16">him<GreekSeq>17</GreekSeq></word><word seq="17">to death<GreekSeq>18</GreekSeq></word></ESV></verse>
<verse number="19"><ESV><word seq="1">and<GreekSeq>1</GreekSeq></word><word seq="2">deliver<GreekSeq>2</GreekSeq></word><word seq="3">him<GreekSeq>3</GreekSeq></word><word seq="4">over<GreekSeq>2</GreekSeq></word><word seq="5">to the<GreekSeq>4</GreekSeq></word><word seq="6">Gentiles<GreekSeq>5</GreekSeq></word><word seq="7">to be mocked<GreekSeq>8</GreekSeq></word><word seq="8">and<GreekSeq>9</GreekSeq></word><word seq="9">flogged<GreekSeq>10</GreekSeq></word><word seq="10">and<GreekSeq>11</GreekSeq></word><word seq="11">crucified,<GreekSeq>12</GreekSeq></word><word seq="12">and<GreekSeq>13</GreekSeq></word><word seq="13">he will be raised<GreekSeq>17</GreekSeq></word><word seq="14">on the<GreekSeq>14</GreekSeq></word><word seq="15">third<GreekSeq>15</GreekSeq></word><word seq="16">day.”<GreekSeq>16</GreekSeq></word></ESV></verse>
<verse number="20"><ESV><word seq="1">Then<GreekSeq>1</GreekSeq></word><word seq="2">the<GreekSeq>4</GreekSeq></word><word seq="3">mother<GreekSeq>5</GreekSeq></word><word seq="4">of the<GreekSeq>6</GreekSeq></word><word seq="5">sons<GreekSeq>7</GreekSeq></word><word seq="6">of Zebedee<GreekSeq>8</GreekSeq></word><word seq="7">came up<GreekSeq>2</GreekSeq></word><word seq="8">to him<GreekSeq>3</GreekSeq></word><word seq="9">with<GreekSeq>9</GreekSeq></word><word seq="10">her<GreekSeq>12</GreekSeq></word><word seq="11">sons,<GreekSeq>11</GreekSeq></word><word seq="12">and<GreekSeq>14</GreekSeq></word><word seq="13">kneeling before [him]<GreekSeq>13</GreekSeq></word><word seq="14">she asked<GreekSeq>15</GreekSeq></word><word seq="15">him<GreekSeq>18</GreekSeq></word><word seq="16">for<GreekSeq>17</GreekSeq></word><word seq="17">something.<GreekSeq>16</GreekSeq></word></ESV></verse>
<verse number="21"><ESV><word seq="1">And<GreekSeq>2</GreekSeq></word><word seq="2">he<GreekSeq>1</GreekSeq></word><word seq="3">said<GreekSeq>3</GreekSeq></word><word seq="4">to her,<GreekSeq>4</GreekSeq></word><word seq="5">“What<GreekSeq>5</GreekSeq></word><word seq="6">do you want?”<GreekSeq>6</GreekSeq></word><word seq="7">She said<GreekSeq>7</GreekSeq></word><word seq="8">to him,<GreekSeq>8</GreekSeq></word><word seq="9">“Say<GreekSeq>9</GreekSeq></word><word seq="10">that<GreekSeq>10</GreekSeq></word><word seq="11">these<GreekSeq>12</GreekSeq></word><word seq="12">two<GreekSeq>14</GreekSeq></word><word seq="13">sons<GreekSeq>15</GreekSeq></word><word seq="14">of mine<GreekSeq>16</GreekSeq></word><word seq="15">are to sit,<GreekSeq>11</GreekSeq></word><word seq="16">one<GreekSeq>17</GreekSeq></word><word seq="17">at<GreekSeq>18</GreekSeq></word><word seq="18">your<GreekSeq>20</GreekSeq></word><word seq="19">right<GreekSeq>19</GreekSeq></word><word seq="20">hand</word><word seq="21">and<GreekSeq>21</GreekSeq></word><word seq="22">one<GreekSeq>22</GreekSeq></word><word seq="23">at<GreekSeq>23</GreekSeq></word><word seq="24">your<GreekSeq>25</GreekSeq></word><word seq="25">left,<GreekSeq>24</GreekSeq></word><word seq="26">in<GreekSeq>26</GreekSeq></word><word seq="27">your<GreekSeq>29</GreekSeq></word><word seq="28">kingdom.”<GreekSeq>28</GreekSeq></word></ESV></verse>
<verse number="22"><ESV><word seq="1">Jesus<GreekSeq>4</GreekSeq></word><word seq="2">answered,<GreekSeq>1</GreekSeq></word><word seq="3">“You do<GreekSeq>7</GreekSeq></word><word seq="4">not<GreekSeq>6</GreekSeq></word><word seq="5">know<GreekSeq>7</GreekSeq></word><word seq="6">what<GreekSeq>8</GreekSeq></word><word seq="7">you are asking.<GreekSeq>9</GreekSeq></word><word seq="8">Are you able<GreekSeq>10</GreekSeq></word><word seq="9">to drink<GreekSeq>11</GreekSeq></word><word seq="10">the<GreekSeq>12</GreekSeq></word><word seq="11">cup<GreekSeq>13</GreekSeq></word><word seq="12">that<GreekSeq>14</GreekSeq></word><word seq="13">I<GreekSeq>15</GreekSeq></word><word seq="14">am to drink?”<GreekSeq>16</GreekSeq><GreekSeq>17</GreekSeq></word><word seq="15">They said<GreekSeq>18</GreekSeq></word><word seq="16">to him,<GreekSeq>19</GreekSeq></word><word seq="17">“We are able.”<GreekSeq>20</GreekSeq></word></ESV></verse>
<verse number="23"><ESV><word seq="1">He said<GreekSeq>1</GreekSeq></word><word seq="2">to them,<GreekSeq>2</GreekSeq></word><word seq="3">“You will drink<GreekSeq>7</GreekSeq></word><word seq="4">my<GreekSeq>6</GreekSeq></word><word seq="5">cup,<GreekSeq>5</GreekSeq></word><word seq="6">but<GreekSeq>9</GreekSeq></word><word seq="7">to sit<GreekSeq>10</GreekSeq></word><word seq="8">at<GreekSeq>11</GreekSeq></word><word seq="9">my<GreekSeq>13</GreekSeq></word><word seq="10">right<GreekSeq>12</GreekSeq></word><word seq="11">hand</word><word seq="12">and<GreekSeq>14</GreekSeq></word><word seq="13">at<GreekSeq>15</GreekSeq></word><word seq="14">my</word><word seq="15">left<GreekSeq>16</GreekSeq></word><word seq="16">is<GreekSeq>18</GreekSeq></word><word seq="17">not<GreekSeq>17</GreekSeq></word><word seq="18">mine<GreekSeq>19</GreekSeq></word><word seq="19">to grant,<GreekSeq>21</GreekSeq></word><word seq="20">but<GreekSeq>22</GreekSeq></word><word seq="21">it is for those</word><word seq="22">for whom<GreekSeq>23</GreekSeq></word><word seq="23">it has been prepared<GreekSeq>24</GreekSeq></word><word seq="24">by<GreekSeq>25</GreekSeq></word><word seq="25">my<GreekSeq>28</GreekSeq></word><word seq="26">Father.”<GreekSeq>27</GreekSeq></word></ESV></verse>
<verse number="24"><ESV><word seq="1">And<GreekSeq>1</GreekSeq></word><word seq="2">when<GreekSeq>2</GreekSeq></word><word seq="3">the<GreekSeq>3</GreekSeq></word><word seq="4">ten<GreekSeq>4</GreekSeq></word><word seq="5">heard<GreekSeq>2</GreekSeq></word><word seq="6">it,</word><word seq="7">they were indignant<GreekSeq>5</GreekSeq></word><word seq="8">at<GreekSeq>6</GreekSeq></word><word seq="9">the<GreekSeq>7</GreekSeq></word><word seq="10">two<GreekSeq>8</GreekSeq></word><word seq="11">brothers.<GreekSeq>9</GreekSeq></word></ESV></verse>
<verse number="25"><ESV><word seq="1">But<GreekSeq>2</GreekSeq></word><word seq="2">Jesus<GreekSeq>3</GreekSeq></word><word seq="3">called<GreekSeq>4</GreekSeq></word><word seq="4">them<GreekSeq>5</GreekSeq></word><word seq="5">to him<GreekSeq>4</GreekSeq></word><word seq="6">and</word><word seq="7">said,<GreekSeq>6</GreekSeq></word><word seq="8">“You know<GreekSeq>7</GreekSeq></word><word seq="9">that<GreekSeq>8</GreekSeq></word><word seq="10">the<GreekSeq>9</GreekSeq></word><word seq="11">rulers<GreekSeq>10</GreekSeq></word><word seq="12">of the<GreekSeq>11</GreekSeq></word><word seq="13">Gentiles<GreekSeq>12</GreekSeq></word><word seq="14">lord [it] over<GreekSeq>13</GreekSeq></word><word seq="15">them,<GreekSeq>14</GreekSeq></word><word seq="16">and<GreekSeq>15</GreekSeq></word><word seq="17">their</word><word seq="18">great ones<GreekSeq>17</GreekSeq></word><word seq="19">exercise authority over<GreekSeq>18</GreekSeq></word><word seq="20">them.<GreekSeq>19</GreekSeq></word></ESV></verse>
<verse number="26"><ESV><word seq="1">It shall<GreekSeq>3</GreekSeq></word><word seq="2">not<GreekSeq>1</GreekSeq></word><word seq="3">be<GreekSeq>3</GreekSeq></word><word seq="4">so<GreekSeq>2</GreekSeq></word><word seq="5">among<GreekSeq>4</GreekSeq></word><word seq="6">you.<GreekSeq>5</GreekSeq></word><word seq="7">But<GreekSeq>6</GreekSeq></word><word seq="8">whoever<GreekSeq>7</GreekSeq><GreekSeq>8</GreekSeq></word><word seq="9">would<GreekSeq>9</GreekSeq></word><word seq="10">be<GreekSeq>13</GreekSeq></word><word seq="11">great<GreekSeq>12</GreekSeq></word><word seq="12">among<GreekSeq>10</GreekSeq></word><word seq="13">you<GreekSeq>11</GreekSeq></word><word seq="14">must be<GreekSeq>14</GreekSeq></word><word seq="15">your<GreekSeq>15</GreekSeq></word><word seq="16">servant,<GreekSeq>16</GreekSeq></word></ESV></verse>
<verse number="27"><ESV><word seq="1">and<GreekSeq>1</GreekSeq></word><word seq="2">whoever<GreekSeq>2</GreekSeq><GreekSeq>3</GreekSeq></word><word seq="3">would<GreekSeq>4</GreekSeq></word><word seq="4">be<GreekSeq>7</GreekSeq></word><word seq="5">first<GreekSeq>8</GreekSeq></word><word seq="6">among<GreekSeq>5</GreekSeq></word><word seq="7">you<GreekSeq>6</GreekSeq></word><word seq="8">must be<GreekSeq>9</GreekSeq></word><word seq="9">your<GreekSeq>10</GreekSeq></word><word seq="10">slave,<GreekSeq>11</GreekSeq></word></ESV></verse>
<verse number="28"><ESV><word seq="1">even as<GreekSeq>1</GreekSeq></word><word seq="2">the<GreekSeq>2</GreekSeq></word><word seq="3">Son<GreekSeq>3</GreekSeq></word><word seq="4">of Man<GreekSeq>5</GreekSeq></word><word seq="5">came<GreekSeq>7</GreekSeq></word><word seq="6">not<GreekSeq>6</GreekSeq></word><word seq="7">to be served<GreekSeq>8</GreekSeq></word><word seq="8">but<GreekSeq>9</GreekSeq></word><word seq="9">to serve,<GreekSeq>10</GreekSeq></word><word seq="10">and<GreekSeq>11</GreekSeq></word><word seq="11">to give<GreekSeq>12</GreekSeq></word><word seq="12">his<GreekSeq>15</GreekSeq></word><word seq="13">life<GreekSeq>14</GreekSeq></word><word seq="14">as a ransom<GreekSeq>16</GreekSeq></word><word seq="15">for<GreekSeq>17</GreekSeq></word><word seq="16">many.”<GreekSeq>18</GreekSeq></word></ESV></verse>
<verse number="29"><ESV><word seq="1">And<GreekSeq>1</GreekSeq></word><word seq="2">as<GreekSeq>2</GreekSeq></word><word seq="3">they<GreekSeq>3</GreekSeq></word><word seq="4">went out<GreekSeq>2</GreekSeq></word><word seq="5">of<GreekSeq>4</GreekSeq></word><word seq="6">Jericho,<GreekSeq>5</GreekSeq></word><word seq="7">a great<GreekSeq>9</GreekSeq></word><word seq="8">crowd<GreekSeq>8</GreekSeq></word><word seq="9">followed<GreekSeq>6</GreekSeq></word><word seq="10">him.<GreekSeq>7</GreekSeq></word></ESV></verse>
<verse number="30"><ESV><word seq="1">And<GreekSeq>1</GreekSeq></word><word seq="2">behold,<GreekSeq>2</GreekSeq></word><word seq="3">there were</word><word seq="4">two<GreekSeq>3</GreekSeq></word><word seq="5">blind men<GreekSeq>4</GreekSeq></word><word seq="6">sitting<GreekSeq>5</GreekSeq></word><word seq="7">by<GreekSeq>6</GreekSeq></word><word seq="8">the<GreekSeq>7</GreekSeq></word><word seq="9">roadside,<GreekSeq>8</GreekSeq></word><word seq="10">and</word><word seq="11">when they heard<GreekSeq>9</GreekSeq></word><word seq="12">that<GreekSeq>10</GreekSeq></word><word seq="13">Jesus<GreekSeq>11</GreekSeq></word><word seq="14">was passing by,<GreekSeq>12</GreekSeq></word><word seq="15">they cried out,<GreekSeq>13</GreekSeq></word><word seq="16">“Lord,<GreekSeq>17</GreekSeq></word><word seq="17">have mercy on<GreekSeq>15</GreekSeq></word><word seq="18">us,<GreekSeq>16</GreekSeq></word><word seq="19">Son<GreekSeq>18</GreekSeq></word><word seq="20">of David!”<GreekSeq>19</GreekSeq></word></ESV></verse>
<verse number="31"><ESV><word seq="1">The<GreekSeq>1</GreekSeq></word><word seq="2">crowd<GreekSeq>3</GreekSeq></word><word seq="3">rebuked<GreekSeq>4</GreekSeq></word><word seq="4">them,<GreekSeq>5</GreekSeq></word><word seq="5">telling</word><word seq="6">them to be silent,<GreekSeq>7</GreekSeq></word><word seq="7">but<GreekSeq>9</GreekSeq></word><word seq="8">they<GreekSeq>8</GreekSeq></word><word seq="9">cried out<GreekSeq>11</GreekSeq></word><word seq="10">all the more,<GreekSeq>10</GreekSeq></word><word seq="11">“Lord,<GreekSeq>15</GreekSeq></word><word seq="12">have mercy on<GreekSeq>13</GreekSeq></word><word seq="13">us,<GreekSeq>14</GreekSeq></word><word seq="14">Son<GreekSeq>16</GreekSeq></word><word seq="15">of David!”<GreekSeq>17</GreekSeq></word></ESV></verse>
<verse number="32"><ESV><word seq="1">And<GreekSeq>1</GreekSeq></word><word seq="2">stopping,<GreekSeq>2</GreekSeq></word><word seq="3">Jesus<GreekSeq>4</GreekSeq></word><word seq="4">called<GreekSeq>5</GreekSeq></word><word seq="5">them<GreekSeq>6</GreekSeq></word><word seq="6">and<GreekSeq>7</GreekSeq></word><word seq="7">said,<GreekSeq>8</GreekSeq></word><word seq="8">“What<GreekSeq>9</GreekSeq></word><word seq="9">do</word><word seq="10">you want<GreekSeq>10</GreekSeq></word><word seq="11">me to do<GreekSeq>11</GreekSeq></word><word seq="12">for you?”<GreekSeq>12</GreekSeq></word></ESV></verse>
<verse number="33"><ESV><word seq="1">They said<GreekSeq>1</GreekSeq></word><word seq="2">to him,<GreekSeq>2</GreekSeq></word><word seq="3">“Lord,<GreekSeq>3</GreekSeq></word><word seq="4">let<GreekSeq>5</GreekSeq></word><word seq="5">our<GreekSeq>8</GreekSeq></word><word seq="6">eyes<GreekSeq>7</GreekSeq></word><word seq="7">be opened.”<GreekSeq>5</GreekSeq></word></ESV></verse>
<verse number="34"><ESV><word seq="1">And<GreekSeq>2</GreekSeq></word><word seq="2">Jesus<GreekSeq>4</GreekSeq></word><word seq="3">in pity<GreekSeq>1</GreekSeq></word><word seq="4">touched<GreekSeq>5</GreekSeq></word><word seq="5">their<GreekSeq>8</GreekSeq></word><word seq="6">eyes,<GreekSeq>7</GreekSeq></word><word seq="7">and<GreekSeq>9</GreekSeq></word><word seq="8">immediately<GreekSeq>10</GreekSeq></word><word seq="9">they recovered their sight<GreekSeq>11</GreekSeq></word><word seq="10">and<GreekSeq>12</GreekSeq></word><word seq="11">followed<GreekSeq>13</GreekSeq></word><word seq="12">him.<GreekSeq>14</GreekSeq></word></ESV></verse></chapter></book>