<?xml version="1.0" encoding="UTF-8" standalone="no"?><book><chapter number="25">'<verse number="1"><ESV><word seq="1">Then<GreekSeq>1</GreekSeq></word><word seq="2">the<GreekSeq>3</GreekSeq></word><word seq="3">kingdom<GreekSeq>4</GreekSeq></word><word seq="4">of heaven<GreekSeq>6</GreekSeq></word><word seq="5">will be like<GreekSeq>2</GreekSeq></word><word seq="6">ten<GreekSeq>7</GreekSeq></word><word seq="7">virgins<GreekSeq>8</GreekSeq></word><word seq="8">who took<GreekSeq>10</GreekSeq></word><word seq="9">their<GreekSeq>13</GreekSeq></word><word seq="10">lamps<GreekSeq>12</GreekSeq></word><word seq="11">and</word><word seq="12">went<GreekSeq>14</GreekSeq></word><word seq="13">to<GreekSeq>15</GreekSeq></word><word seq="14">meet<GreekSeq>16</GreekSeq></word><word seq="15">the<GreekSeq>17</GreekSeq></word><word seq="16">bridegroom.<GreekSeq>18</GreekSeq></word></ESV></verse>
<verse number="2"><ESV><word seq="1">Five<GreekSeq>1</GreekSeq></word><word seq="2">of<GreekSeq>3</GreekSeq></word><word seq="3">them<GreekSeq>4</GreekSeq></word><word seq="4">were<GreekSeq>5</GreekSeq></word><word seq="5">foolish,<GreekSeq>6</GreekSeq></word><word seq="6">and<GreekSeq>7</GreekSeq></word><word seq="7">five<GreekSeq>8</GreekSeq></word><word seq="8">were</word><word seq="9">wise.<GreekSeq>9</GreekSeq></word></ESV></verse>
<verse number="3"><ESV><word seq="1">For<GreekSeq>2</GreekSeq></word><word seq="2">when<GreekSeq>4</GreekSeq></word><word seq="3">the<GreekSeq>1</GreekSeq></word><word seq="4">foolish<GreekSeq>3</GreekSeq></word><word seq="5">took<GreekSeq>4</GreekSeq></word><word seq="6">their<GreekSeq>7</GreekSeq></word><word seq="7">lamps,<GreekSeq>6</GreekSeq></word><word seq="8">they took<GreekSeq>9</GreekSeq></word><word seq="9">no<GreekSeq>8</GreekSeq></word><word seq="10">oil<GreekSeq>12</GreekSeq></word><word seq="11">with<GreekSeq>10</GreekSeq></word><word seq="12">them,<GreekSeq>11</GreekSeq></word></ESV></verse>
<verse number="4"><ESV><word seq="1">but<GreekSeq>2</GreekSeq></word><word seq="2">the<GreekSeq>1</GreekSeq></word><word seq="3">wise<GreekSeq>3</GreekSeq></word><word seq="4">took<GreekSeq>4</GreekSeq></word><word seq="5">flasks<GreekSeq>8</GreekSeq></word><word seq="6">of</word><word seq="7">oil<GreekSeq>5</GreekSeq></word><word seq="8">with<GreekSeq>9</GreekSeq></word><word seq="9">their<GreekSeq>12</GreekSeq></word><word seq="10">lamps.<GreekSeq>11</GreekSeq></word></ESV></verse>
<verse number="5"><ESV><word seq="1">As<GreekSeq>1</GreekSeq></word><word seq="2">the<GreekSeq>3</GreekSeq></word><word seq="3">bridegroom<GreekSeq>4</GreekSeq></word><word seq="4">was delayed,<GreekSeq>1</GreekSeq></word><word seq="5">they<GreekSeq>5</GreekSeq></word><word seq="6">all<GreekSeq>6</GreekSeq></word><word seq="7">became drowsy<GreekSeq>5</GreekSeq></word><word seq="8">and<GreekSeq>7</GreekSeq></word><word seq="9">slept.<GreekSeq>8</GreekSeq></word></ESV></verse>
<verse number="6"><ESV><word seq="1">But<GreekSeq>2</GreekSeq></word><word seq="2">at midnight<GreekSeq>1</GreekSeq><GreekSeq>3</GreekSeq></word><word seq="3">there was<GreekSeq>5</GreekSeq></word><word seq="4">a cry,<GreekSeq>4</GreekSeq></word><word seq="5">‘[Here is]<GreekSeq>6</GreekSeq></word><word seq="6">the<GreekSeq>7</GreekSeq></word><word seq="7">bridegroom!<GreekSeq>8</GreekSeq></word><word seq="8">Come out<GreekSeq>9</GreekSeq></word><word seq="9">to<GreekSeq>10</GreekSeq></word><word seq="10">meet<GreekSeq>11</GreekSeq></word><word seq="11">him.’<GreekSeq>12</GreekSeq></word></ESV></verse>
<verse number="7"><ESV><word seq="1">Then<GreekSeq>1</GreekSeq></word><word seq="2">all<GreekSeq>3</GreekSeq></word><word seq="3">those<GreekSeq>6</GreekSeq></word><word seq="4">virgins<GreekSeq>5</GreekSeq></word><word seq="5">rose<GreekSeq>2</GreekSeq></word><word seq="6">and<GreekSeq>7</GreekSeq></word><word seq="7">trimmed<GreekSeq>8</GreekSeq></word><word seq="8">their<GreekSeq>11</GreekSeq></word><word seq="9">lamps.<GreekSeq>10</GreekSeq></word></ESV></verse>
<verse number="8"><ESV><word seq="1">And<GreekSeq>2</GreekSeq></word><word seq="2">the<GreekSeq>1</GreekSeq></word><word seq="3">foolish<GreekSeq>3</GreekSeq></word><word seq="4">said<GreekSeq>6</GreekSeq></word><word seq="5">to the<GreekSeq>4</GreekSeq></word><word seq="6">wise,<GreekSeq>5</GreekSeq></word><word seq="7">‘Give<GreekSeq>7</GreekSeq></word><word seq="8">us<GreekSeq>8</GreekSeq></word><word seq="9">some</word><word seq="10">of<GreekSeq>9</GreekSeq></word><word seq="11">your<GreekSeq>12</GreekSeq></word><word seq="12">oil,<GreekSeq>11</GreekSeq></word><word seq="13">for<GreekSeq>13</GreekSeq></word><word seq="14">our<GreekSeq>16</GreekSeq></word><word seq="15">lamps<GreekSeq>15</GreekSeq></word><word seq="16">are going out.’<GreekSeq>17</GreekSeq></word></ESV></verse>
<verse number="9"><ESV><word seq="1">But<GreekSeq>2</GreekSeq></word><word seq="2">the<GreekSeq>3</GreekSeq></word><word seq="3">wise<GreekSeq>4</GreekSeq></word><word seq="4">answered,<GreekSeq>1</GreekSeq></word><word seq="5">saying,<GreekSeq>5</GreekSeq></word><word seq="6">‘Since<GreekSeq>6</GreekSeq></word><word seq="7">there will<GreekSeq>9</GreekSeq></word><word seq="8" note="οὐ μή Strong Code (3364)">not<GreekSeq>7</GreekSeq><GreekSeq>8</GreekSeq></word><word seq="9">be enough<GreekSeq>9</GreekSeq></word><word seq="10">for us<GreekSeq>10</GreekSeq></word><word seq="11">and<GreekSeq>11</GreekSeq></word><word seq="12">for you,<GreekSeq>12</GreekSeq></word><word seq="13">go<GreekSeq>13</GreekSeq></word><word seq="14">rather<GreekSeq>14</GreekSeq></word><word seq="15">to<GreekSeq>15</GreekSeq></word><word seq="16">the<GreekSeq>16</GreekSeq></word><word seq="17">dealers<GreekSeq>17</GreekSeq></word><word seq="18">and<GreekSeq>18</GreekSeq></word><word seq="19">buy<GreekSeq>19</GreekSeq></word><word seq="20">for yourselves.’<GreekSeq>20</GreekSeq></word></ESV></verse>
<verse number="10"><ESV><word seq="1">And<GreekSeq>2</GreekSeq></word><word seq="2">while<GreekSeq>1</GreekSeq></word><word seq="3">they<GreekSeq>3</GreekSeq></word><word seq="4">were going<GreekSeq>1</GreekSeq></word><word seq="5">to buy,<GreekSeq>4</GreekSeq></word><word seq="6">the<GreekSeq>6</GreekSeq></word><word seq="7">bridegroom<GreekSeq>7</GreekSeq></word><word seq="8">came,<GreekSeq>5</GreekSeq></word><word seq="9">and<GreekSeq>8</GreekSeq></word><word seq="10">those<GreekSeq>9</GreekSeq></word><word seq="11">who were</word><word seq="12">ready<GreekSeq>10</GreekSeq></word><word seq="13">went in<GreekSeq>11</GreekSeq></word><word seq="14">with<GreekSeq>12</GreekSeq></word><word seq="15">him<GreekSeq>13</GreekSeq></word><word seq="16">to<GreekSeq>14</GreekSeq></word><word seq="17">the<GreekSeq>15</GreekSeq></word><word seq="18">marriage feast,<GreekSeq>16</GreekSeq></word><word seq="19">and<GreekSeq>17</GreekSeq></word><word seq="20">the<GreekSeq>19</GreekSeq></word><word seq="21">door<GreekSeq>20</GreekSeq></word><word seq="22">was shut.<GreekSeq>18</GreekSeq></word></ESV></verse>
<verse number="11"><ESV><word seq="1">Afterward<GreekSeq>1</GreekSeq></word><word seq="2">the<GreekSeq>5</GreekSeq></word><word seq="3">other<GreekSeq>6</GreekSeq></word><word seq="4">virgins<GreekSeq>7</GreekSeq></word><word seq="5">came<GreekSeq>3</GreekSeq></word><word seq="6">also,<GreekSeq>4</GreekSeq></word><word seq="7">saying,<GreekSeq>8</GreekSeq></word><word seq="8">‘Lord,<GreekSeq>9</GreekSeq></word><word seq="9">lord,<GreekSeq>10</GreekSeq></word><word seq="10">open<GreekSeq>11</GreekSeq></word><word seq="11">to us.’<GreekSeq>12</GreekSeq></word></ESV></verse>
<verse number="12"><ESV><word seq="1">But<GreekSeq>2</GreekSeq></word><word seq="2">he<GreekSeq>1</GreekSeq></word><word seq="3">answered,<GreekSeq>3</GreekSeq></word><word seq="4">‘Truly,<GreekSeq>5</GreekSeq></word><word seq="5">I say<GreekSeq>6</GreekSeq></word><word seq="6">to you,<GreekSeq>7</GreekSeq></word><word seq="7">I<GreekSeq>9</GreekSeq></word><word seq="8">do</word><word seq="9">not<GreekSeq>8</GreekSeq></word><word seq="10">know<GreekSeq>9</GreekSeq></word><word seq="11">you.’<GreekSeq>10</GreekSeq></word></ESV></verse>
<verse number="13"><ESV><word seq="1">Watch<GreekSeq>1</GreekSeq></word><word seq="2">therefore,<GreekSeq>2</GreekSeq></word><word seq="3">for<GreekSeq>3</GreekSeq></word><word seq="4">you know<GreekSeq>5</GreekSeq></word><word seq="5">neither<GreekSeq>4</GreekSeq></word><word seq="6">the<GreekSeq>6</GreekSeq></word><word seq="7">day<GreekSeq>7</GreekSeq></word><word seq="8">nor<GreekSeq>8</GreekSeq></word><word seq="9">the<GreekSeq>9</GreekSeq></word><word seq="10">hour.<GreekSeq>10</GreekSeq></word></ESV></verse>
<verse number="14"><ESV><word seq="1">For<GreekSeq>2</GreekSeq></word><word seq="2">it will be</word><word seq="3">like<GreekSeq>1</GreekSeq></word><word seq="4">a man<GreekSeq>3</GreekSeq></word><word seq="5">going on a journey,<GreekSeq>4</GreekSeq></word><word seq="6">who called<GreekSeq>5</GreekSeq></word><word seq="7">his<GreekSeq>7</GreekSeq></word><word seq="8">servants<GreekSeq>8</GreekSeq></word><word seq="9">and<GreekSeq>9</GreekSeq></word><word seq="10">entrusted<GreekSeq>10</GreekSeq></word><word seq="11">to them<GreekSeq>11</GreekSeq></word><word seq="12">his<GreekSeq>14</GreekSeq></word><word seq="13">property.<GreekSeq>13</GreekSeq></word></ESV></verse>
<verse number="15"><ESV><word seq="1">To one<GreekSeq>2</GreekSeq></word><word seq="2">he gave<GreekSeq>4</GreekSeq></word><word seq="3">five<GreekSeq>5</GreekSeq></word><word seq="4">talents,<GreekSeq>6</GreekSeq></word><word seq="5">to another<GreekSeq>7</GreekSeq></word><word seq="6">two,<GreekSeq>9</GreekSeq></word><word seq="7">to another<GreekSeq>10</GreekSeq></word><word seq="8">one,<GreekSeq>12</GreekSeq></word><word seq="9">to each<GreekSeq>13</GreekSeq></word><word seq="10">according to<GreekSeq>14</GreekSeq></word><word seq="11">his<GreekSeq>16</GreekSeq></word><word seq="12">ability.<GreekSeq>17</GreekSeq></word><word seq="13">Then<GreekSeq>18</GreekSeq></word><word seq="14">he went away.<GreekSeq>19</GreekSeq></word><word seq="15" note="from next verse">at once<GreekSeq>20</GreekSeq></word></ESV></verse>
<verse number="16"><ESV><word seq="1">He<GreekSeq>2</GreekSeq></word><word seq="2">who had received<GreekSeq>6</GreekSeq></word><word seq="3">the<GreekSeq>3</GreekSeq></word><word seq="4">five<GreekSeq>4</GreekSeq></word><word seq="5">talents<GreekSeq>5</GreekSeq></word><word seq="6">went<GreekSeq>1</GreekSeq></word><word seq="7" note="see previous verse">at once</word><word seq="8">and</word><word seq="9">traded<GreekSeq>7</GreekSeq></word><word seq="10">with<GreekSeq>8</GreekSeq></word><word seq="11">them,<GreekSeq>9</GreekSeq></word><word seq="12">and<GreekSeq>10</GreekSeq></word><word seq="13">he made<GreekSeq>11</GreekSeq></word><word seq="14">five<GreekSeq>13</GreekSeq></word><word seq="15" note="Base of different Greek: τάλαντα(5007)">talents</word><word seq="16">more.<GreekSeq>12</GreekSeq></word></ESV></verse>
<verse number="17"><ESV><word seq="1">So also<GreekSeq>1</GreekSeq></word><word seq="2">he<GreekSeq>2</GreekSeq></word><word seq="3">who had</word><word seq="4">the<GreekSeq>3</GreekSeq></word><word seq="5">two [talents]<GreekSeq>4</GreekSeq></word><word seq="6">made<GreekSeq>5</GreekSeq></word><word seq="7">two [talents]<GreekSeq>7</GreekSeq></word><word seq="8">more.<GreekSeq>6</GreekSeq></word></ESV></verse>
<verse number="18"><ESV><word seq="1">But<GreekSeq>2</GreekSeq></word><word seq="2">he<GreekSeq>1</GreekSeq></word><word seq="3">who had received<GreekSeq>5</GreekSeq></word><word seq="4">the<GreekSeq>3</GreekSeq></word><word seq="5">one [talent]<GreekSeq>4</GreekSeq></word><word seq="6">went<GreekSeq>6</GreekSeq></word><word seq="7">and</word><word seq="8">dug<GreekSeq>7</GreekSeq></word><word seq="9" note="Base of different Greek: εν(1722)">in</word><word seq="10">the ground<GreekSeq>8</GreekSeq></word><word seq="11">and<GreekSeq>9</GreekSeq></word><word seq="12">hid<GreekSeq>10</GreekSeq></word><word seq="13">his<GreekSeq>15</GreekSeq></word><word seq="14">master’s<GreekSeq>14</GreekSeq></word><word seq="15">money.<GreekSeq>12</GreekSeq></word></ESV></verse>
<verse number="19"><ESV><word seq="1">Now<GreekSeq>2</GreekSeq></word><word seq="2">after<GreekSeq>1</GreekSeq></word><word seq="3">a long<GreekSeq>3</GreekSeq></word><word seq="4">time<GreekSeq>4</GreekSeq></word><word seq="5">the<GreekSeq>6</GreekSeq></word><word seq="6">master<GreekSeq>7</GreekSeq></word><word seq="7">of those<GreekSeq>10</GreekSeq></word><word seq="8">servants<GreekSeq>9</GreekSeq></word><word seq="9">came<GreekSeq>5</GreekSeq></word><word seq="10">and<GreekSeq>11</GreekSeq></word><word seq="11">settled<GreekSeq>12</GreekSeq></word><word seq="12">accounts<GreekSeq>13</GreekSeq></word><word seq="13">with<GreekSeq>14</GreekSeq></word><word seq="14">them.<GreekSeq>15</GreekSeq></word></ESV></verse>
<verse number="20"><ESV><word seq="1">And<GreekSeq>1</GreekSeq></word><word seq="2">he<GreekSeq>3</GreekSeq></word><word seq="3">who had received<GreekSeq>7</GreekSeq></word><word seq="4">the<GreekSeq>4</GreekSeq></word><word seq="5">five<GreekSeq>5</GreekSeq></word><word seq="6">talents<GreekSeq>6</GreekSeq></word><word seq="7">came forward,<GreekSeq>2</GreekSeq></word><word seq="8">bringing<GreekSeq>8</GreekSeq></word><word seq="9">five<GreekSeq>10</GreekSeq></word><word seq="10">talents<GreekSeq>11</GreekSeq></word><word seq="11">more,<GreekSeq>9</GreekSeq></word><word seq="12">saying,<GreekSeq>12</GreekSeq></word><word seq="13">‘Master,<GreekSeq>13</GreekSeq></word><word seq="14">you delivered<GreekSeq>17</GreekSeq></word><word seq="15">to me<GreekSeq>16</GreekSeq></word><word seq="16">five<GreekSeq>14</GreekSeq></word><word seq="17">talents;<GreekSeq>15</GreekSeq></word><word seq="18">[here]<GreekSeq>18</GreekSeq></word><word seq="19">I have made<GreekSeq>22</GreekSeq></word><word seq="20">five<GreekSeq>20</GreekSeq></word><word seq="21">talents<GreekSeq>21</GreekSeq></word><word seq="22">more.’<GreekSeq>19</GreekSeq></word></ESV></verse>
<verse number="21"><ESV><word seq="1">His<GreekSeq>2</GreekSeq></word><word seq="2">master<GreekSeq>4</GreekSeq></word><word seq="3">said<GreekSeq>1</GreekSeq></word><word seq="4">to him,<GreekSeq>5</GreekSeq></word><word seq="5">‘Well [done],<GreekSeq>6</GreekSeq></word><word seq="6">good<GreekSeq>8</GreekSeq></word><word seq="7">and<GreekSeq>9</GreekSeq></word><word seq="8">faithful<GreekSeq>10</GreekSeq></word><word seq="9">servant.<GreekSeq>7</GreekSeq></word><word seq="10">You have been<GreekSeq>13</GreekSeq></word><word seq="11">faithful<GreekSeq>14</GreekSeq></word><word seq="12">over<GreekSeq>11</GreekSeq></word><word seq="13">a little;<GreekSeq>12</GreekSeq></word><word seq="14">I will set<GreekSeq>18</GreekSeq></word><word seq="15">you<GreekSeq>17</GreekSeq></word><word seq="16">over<GreekSeq>15</GreekSeq></word><word seq="17">much.<GreekSeq>16</GreekSeq></word><word seq="18">Enter<GreekSeq>19</GreekSeq></word><word seq="19">into<GreekSeq>20</GreekSeq></word><word seq="20">the<GreekSeq>21</GreekSeq></word><word seq="21">joy<GreekSeq>22</GreekSeq></word><word seq="22">of<GreekSeq>24</GreekSeq></word><word seq="23">your<GreekSeq>25</GreekSeq></word><word seq="24">master.’<GreekSeq>24</GreekSeq></word></ESV></verse>
<verse number="22"><ESV><word seq="1">And<GreekSeq>2</GreekSeq></word><word seq="2">he<GreekSeq>4</GreekSeq></word><word seq="3">also<GreekSeq>3</GreekSeq></word><word seq="4" note="Base of different Greek: λαβὼν(2983)">who had</word><word seq="5">the<GreekSeq>5</GreekSeq></word><word seq="6">two<GreekSeq>6</GreekSeq></word><word seq="7">talents<GreekSeq>7</GreekSeq></word><word seq="8">came forward,<GreekSeq>1</GreekSeq></word><word seq="9">saying,<GreekSeq>8</GreekSeq></word><word seq="10">‘Master,<GreekSeq>9</GreekSeq></word><word seq="11">you delivered<GreekSeq>13</GreekSeq></word><word seq="12">to me<GreekSeq>12</GreekSeq></word><word seq="13">two<GreekSeq>10</GreekSeq></word><word seq="14">talents;<GreekSeq>11</GreekSeq></word><word seq="15">here<GreekSeq>14</GreekSeq></word><word seq="16">I have made<GreekSeq>18</GreekSeq></word><word seq="17">two<GreekSeq>16</GreekSeq></word><word seq="18">talents<GreekSeq>17</GreekSeq></word><word seq="19">more.’<GreekSeq>15</GreekSeq></word></ESV></verse>
<verse number="23"><ESV><word seq="1">His<GreekSeq>2</GreekSeq></word><word seq="2">master<GreekSeq>4</GreekSeq></word><word seq="3">said<GreekSeq>1</GreekSeq></word><word seq="4">to him,<GreekSeq>5</GreekSeq></word><word seq="5">‘Well [done],<GreekSeq>6</GreekSeq></word><word seq="6">good<GreekSeq>8</GreekSeq></word><word seq="7">and<GreekSeq>9</GreekSeq></word><word seq="8">faithful<GreekSeq>10</GreekSeq></word><word seq="9">servant.<GreekSeq>7</GreekSeq></word><word seq="10">You have been<GreekSeq>13</GreekSeq></word><word seq="11">faithful<GreekSeq>14</GreekSeq></word><word seq="12">over<GreekSeq>11</GreekSeq></word><word seq="13">a little;<GreekSeq>12</GreekSeq></word><word seq="14">I will set<GreekSeq>18</GreekSeq></word><word seq="15">you<GreekSeq>17</GreekSeq></word><word seq="16">over<GreekSeq>15</GreekSeq></word><word seq="17">much.<GreekSeq>16</GreekSeq></word><word seq="18">Enter<GreekSeq>19</GreekSeq></word><word seq="19">into<GreekSeq>20</GreekSeq></word><word seq="20">the<GreekSeq>21</GreekSeq></word><word seq="21">joy<GreekSeq>22</GreekSeq></word><word seq="22">of<GreekSeq>24</GreekSeq></word><word seq="23">your<GreekSeq>25</GreekSeq></word><word seq="24">master.’<GreekSeq>24</GreekSeq></word></ESV></verse>
<verse number="24"><ESV><word seq="1">He<GreekSeq>4</GreekSeq></word><word seq="2">also<GreekSeq>3</GreekSeq></word><word seq="3">who had received<GreekSeq>8</GreekSeq></word><word seq="4">the<GreekSeq>5</GreekSeq></word><word seq="5">one<GreekSeq>6</GreekSeq></word><word seq="6">talent<GreekSeq>7</GreekSeq></word><word seq="7">came forward,<GreekSeq>1</GreekSeq></word><word seq="8">saying,<GreekSeq>9</GreekSeq></word><word seq="9">‘Master,<GreekSeq>10</GreekSeq></word><word seq="10">I knew<GreekSeq>11</GreekSeq></word><word seq="11">you<GreekSeq>12</GreekSeq></word><word seq="12">to be<GreekSeq>15</GreekSeq></word><word seq="13">a hard<GreekSeq>14</GreekSeq></word><word seq="14">man,<GreekSeq>16</GreekSeq></word><word seq="15">reaping<GreekSeq>17</GreekSeq></word><word seq="16">where<GreekSeq>18</GreekSeq></word><word seq="17">you did<GreekSeq>20</GreekSeq></word><word seq="18">not<GreekSeq>19</GreekSeq></word><word seq="19">sow,<GreekSeq>20</GreekSeq></word><word seq="20">and<GreekSeq>21</GreekSeq></word><word seq="21">gathering<GreekSeq>22</GreekSeq></word><word seq="22">where<GreekSeq>23</GreekSeq></word><word seq="23">you scattered<GreekSeq>25</GreekSeq></word><word seq="24">no<GreekSeq>24</GreekSeq></word><word seq="25">seed,<GreekSeq>25</GreekSeq></word></ESV></verse>
<verse number="25"><ESV><word seq="1">so<GreekSeq>1</GreekSeq></word><word seq="2">I was afraid,<GreekSeq>2</GreekSeq></word><word seq="3">and</word><word seq="4">I went<GreekSeq>3</GreekSeq></word><word seq="5">and</word><word seq="6">hid<GreekSeq>4</GreekSeq></word><word seq="7">your<GreekSeq>7</GreekSeq></word><word seq="8">talent<GreekSeq>6</GreekSeq></word><word seq="9">in<GreekSeq>8</GreekSeq></word><word seq="10">the<GreekSeq>9</GreekSeq></word><word seq="11">ground.<GreekSeq>10</GreekSeq></word><word seq="12">Here<GreekSeq>11</GreekSeq></word><word seq="13">you have<GreekSeq>12</GreekSeq></word><word seq="14">what<GreekSeq>13</GreekSeq></word><word seq="15">is</word><word seq="16">yours.’<GreekSeq>14</GreekSeq></word></ESV></verse>
<verse number="26"><ESV><word seq="1">But<GreekSeq>2</GreekSeq></word><word seq="2">his<GreekSeq>5</GreekSeq></word><word seq="3">master<GreekSeq>4</GreekSeq></word><word seq="4">answered<GreekSeq>1</GreekSeq></word><word seq="5">him,<GreekSeq>7</GreekSeq></word><word seq="6">‘You</word><word seq="7">wicked<GreekSeq>8</GreekSeq></word><word seq="8">and<GreekSeq>10</GreekSeq></word><word seq="9">slothful<GreekSeq>11</GreekSeq></word><word seq="10">servant!<GreekSeq>9</GreekSeq></word><word seq="11">You knew<GreekSeq>12</GreekSeq></word><word seq="12">that<GreekSeq>13</GreekSeq></word><word seq="13">I reap<GreekSeq>14</GreekSeq></word><word seq="14">where<GreekSeq>15</GreekSeq></word><word seq="15">I have<GreekSeq>17</GreekSeq></word><word seq="16">not<GreekSeq>16</GreekSeq></word><word seq="17">sown<GreekSeq>17</GreekSeq></word><word seq="18">and<GreekSeq>18</GreekSeq></word><word seq="19">gather<GreekSeq>19</GreekSeq></word><word seq="20">where<GreekSeq>20</GreekSeq></word><word seq="21">I scattered<GreekSeq>22</GreekSeq></word><word seq="22">no<GreekSeq>21</GreekSeq></word><word seq="23">seed?<GreekSeq>22</GreekSeq></word></ESV></verse>
<verse number="27"><ESV><word seq="1">Then<GreekSeq>3</GreekSeq></word><word seq="2">you<GreekSeq>2</GreekSeq></word><word seq="3">ought<GreekSeq>1</GreekSeq></word><word seq="4">to have invested<GreekSeq>4</GreekSeq></word><word seq="5">my<GreekSeq>7</GreekSeq></word><word seq="6">money<GreekSeq>6</GreekSeq></word><word seq="7">with the<GreekSeq>8</GreekSeq></word><word seq="8">bankers,<GreekSeq>9</GreekSeq></word><word seq="9">and<GreekSeq>10</GreekSeq></word><word seq="10">at my coming<GreekSeq>11</GreekSeq></word><word seq="11">I<GreekSeq>12</GreekSeq></word><word seq="12">should have received<GreekSeq>13</GreekSeq><GreekSeq>14</GreekSeq></word><word seq="13">what<GreekSeq>15</GreekSeq></word><word seq="14">was</word><word seq="15">my own<GreekSeq>16</GreekSeq></word><word seq="16">with<GreekSeq>17</GreekSeq></word><word seq="17">interest.<GreekSeq>18</GreekSeq></word></ESV></verse>
<verse number="28"><ESV><word seq="1">So<GreekSeq>2</GreekSeq></word><word seq="2">take<GreekSeq>1</GreekSeq></word><word seq="3">the<GreekSeq>5</GreekSeq></word><word seq="4">talent<GreekSeq>6</GreekSeq></word><word seq="5">from<GreekSeq>3</GreekSeq></word><word seq="6">him<GreekSeq>4</GreekSeq></word><word seq="7">and<GreekSeq>7</GreekSeq></word><word seq="8">give<GreekSeq>8</GreekSeq></word><word seq="9">it</word><word seq="10">to him<GreekSeq>9</GreekSeq></word><word seq="11">who has<GreekSeq>10</GreekSeq></word><word seq="12">the<GreekSeq>11</GreekSeq></word><word seq="13">ten<GreekSeq>12</GreekSeq></word><word seq="14">talents.<GreekSeq>13</GreekSeq></word></ESV></verse>
<verse number="29"><ESV><word seq="1">For<GreekSeq>2</GreekSeq></word><word seq="2">to everyone<GreekSeq>4</GreekSeq></word><word seq="3">who has<GreekSeq>3</GreekSeq></word><word seq="4">will [more] be given,<GreekSeq>5</GreekSeq></word><word seq="5">and<GreekSeq>6</GreekSeq></word><word seq="6">he will have an abundance.<GreekSeq>7</GreekSeq></word><word seq="7">But<GreekSeq>9</GreekSeq></word><word seq="8">from the one<GreekSeq>8</GreekSeq></word><word seq="9">who has<GreekSeq>11</GreekSeq></word><word seq="10">not,<GreekSeq>10</GreekSeq></word><word seq="11">even<GreekSeq>12</GreekSeq></word><word seq="12">what<GreekSeq>13</GreekSeq></word><word seq="13">he has<GreekSeq>14</GreekSeq></word><word seq="14">will be taken away.<GreekSeq>15</GreekSeq></word></ESV></verse>
<verse number="30"><ESV><word seq="1">And<GreekSeq>1</GreekSeq></word><word seq="2">cast<GreekSeq>5</GreekSeq></word><word seq="3">the<GreekSeq>2</GreekSeq></word><word seq="4">worthless<GreekSeq>3</GreekSeq></word><word seq="5">servant<GreekSeq>4</GreekSeq></word><word seq="6">into<GreekSeq>6</GreekSeq></word><word seq="7">the<GreekSeq>7</GreekSeq></word><word seq="8">outer<GreekSeq>10</GreekSeq></word><word seq="9">darkness.<GreekSeq>8</GreekSeq></word><word seq="10">In that place<GreekSeq>11</GreekSeq></word><word seq="11">there will be<GreekSeq>12</GreekSeq></word><word seq="12">weeping<GreekSeq>14</GreekSeq></word><word seq="13">and<GreekSeq>15</GreekSeq></word><word seq="14">gnashing<GreekSeq>17</GreekSeq></word><word seq="15">of teeth.’<GreekSeq>19</GreekSeq></word></ESV></verse>
<verse number="31"><ESV><word seq="1">When<GreekSeq>1</GreekSeq></word><word seq="2">the<GreekSeq>4</GreekSeq></word><word seq="3">Son<GreekSeq>5</GreekSeq></word><word seq="4">of Man<GreekSeq>7</GreekSeq></word><word seq="5">comes<GreekSeq>3</GreekSeq></word><word seq="6">in<GreekSeq>8</GreekSeq></word><word seq="7">his<GreekSeq>11</GreekSeq></word><word seq="8">glory,<GreekSeq>10</GreekSeq></word><word seq="9">and<GreekSeq>12</GreekSeq></word><word seq="10">all<GreekSeq>13</GreekSeq></word><word seq="11">the<GreekSeq>14</GreekSeq></word><word seq="12">angels<GreekSeq>15</GreekSeq></word><word seq="13">with<GreekSeq>16</GreekSeq></word><word seq="14">him,<GreekSeq>17</GreekSeq></word><word seq="15">then<GreekSeq>18</GreekSeq></word><word seq="16">he will sit<GreekSeq>19</GreekSeq></word><word seq="17">on<GreekSeq>20</GreekSeq></word><word seq="18">his<GreekSeq>23</GreekSeq></word><word seq="19">glorious<GreekSeq>22</GreekSeq></word><word seq="20">throne.<GreekSeq>21</GreekSeq></word></ESV></verse>
<verse number="32"><ESV><word seq="1">Before<GreekSeq>3</GreekSeq></word><word seq="2">him<GreekSeq>4</GreekSeq></word><word seq="3">will be gathered<GreekSeq>2</GreekSeq></word><word seq="4">all<GreekSeq>5</GreekSeq></word><word seq="5">the<GreekSeq>6</GreekSeq></word><word seq="6">nations,<GreekSeq>7</GreekSeq></word><word seq="7">and<GreekSeq>8</GreekSeq></word><word seq="8">he will separate<GreekSeq>9</GreekSeq></word><word seq="9">people<GreekSeq>10</GreekSeq></word><word seq="10">one<GreekSeq>12</GreekSeq></word><word seq="11">from<GreekSeq>11</GreekSeq></word><word seq="12">another<GreekSeq>12</GreekSeq></word><word seq="13">as<GreekSeq>13</GreekSeq></word><word seq="14">a<GreekSeq>14</GreekSeq></word><word seq="15">shepherd<GreekSeq>15</GreekSeq></word><word seq="16">separates<GreekSeq>16</GreekSeq></word><word seq="17">the<GreekSeq>17</GreekSeq></word><word seq="18">sheep<GreekSeq>18</GreekSeq></word><word seq="19">from<GreekSeq>19</GreekSeq></word><word seq="20">the<GreekSeq>20</GreekSeq></word><word seq="21">goats.<GreekSeq>21</GreekSeq></word></ESV></verse>
<verse number="33"><ESV><word seq="1">And<GreekSeq>1</GreekSeq></word><word seq="2">he will place<GreekSeq>2</GreekSeq></word><word seq="3">the<GreekSeq>3</GreekSeq></word><word seq="4">sheep<GreekSeq>5</GreekSeq></word><word seq="5">on<GreekSeq>6</GreekSeq></word><word seq="6">his<GreekSeq>8</GreekSeq></word><word seq="7">right,<GreekSeq>7</GreekSeq></word><word seq="8">but<GreekSeq>10</GreekSeq></word><word seq="9">the<GreekSeq>9</GreekSeq></word><word seq="10">goats<GreekSeq>11</GreekSeq></word><word seq="11">on<GreekSeq>12</GreekSeq></word><word seq="12">the left.<GreekSeq>13</GreekSeq></word></ESV></verse>
<verse number="34"><ESV><word seq="1">Then<GreekSeq>1</GreekSeq></word><word seq="2">the<GreekSeq>3</GreekSeq></word><word seq="3">King<GreekSeq>4</GreekSeq></word><word seq="4">will say<GreekSeq>2</GreekSeq></word><word seq="5">to those<GreekSeq>5</GreekSeq></word><word seq="6">on<GreekSeq>6</GreekSeq></word><word seq="7">his<GreekSeq>8</GreekSeq></word><word seq="8">right,<GreekSeq>7</GreekSeq></word><word seq="9">‘Come,<GreekSeq>9</GreekSeq></word><word seq="10">you<GreekSeq>10</GreekSeq></word><word seq="11">who are blessed<GreekSeq>11</GreekSeq></word><word seq="12">by<GreekSeq>13</GreekSeq></word><word seq="13">my<GreekSeq>14</GreekSeq></word><word seq="14">Father,<GreekSeq>13</GreekSeq></word><word seq="15">inherit<GreekSeq>15</GreekSeq></word><word seq="16">the<GreekSeq>16</GreekSeq></word><word seq="17">kingdom<GreekSeq>19</GreekSeq></word><word seq="18">prepared<GreekSeq>17</GreekSeq></word><word seq="19">for you<GreekSeq>18</GreekSeq></word><word seq="20">from<GreekSeq>20</GreekSeq></word><word seq="21">the foundation<GreekSeq>21</GreekSeq></word><word seq="22">of the world.<GreekSeq>22</GreekSeq></word></ESV></verse>
<verse number="35"><ESV><word seq="1">For<GreekSeq>2</GreekSeq></word><word seq="2">I was hungry<GreekSeq>1</GreekSeq></word><word seq="3">and<GreekSeq>3</GreekSeq></word><word seq="4">you gave<GreekSeq>4</GreekSeq></word><word seq="5">me<GreekSeq>5</GreekSeq></word><word seq="6">food,<GreekSeq>6</GreekSeq></word><word seq="7">I was thirsty<GreekSeq>7</GreekSeq></word><word seq="8">and<GreekSeq>8</GreekSeq></word><word seq="9">you gave<GreekSeq>9</GreekSeq></word><word seq="10">me<GreekSeq>10</GreekSeq></word><word seq="11">drink,<GreekSeq>9</GreekSeq></word><word seq="12">I was<GreekSeq>12</GreekSeq></word><word seq="13">a stranger<GreekSeq>11</GreekSeq></word><word seq="14">and<GreekSeq>13</GreekSeq></word><word seq="15">you welcomed<GreekSeq>14</GreekSeq></word><word seq="16">me,<GreekSeq>15</GreekSeq></word></ESV></verse>
<verse number="36"><ESV><word seq="1">I was naked<GreekSeq>1</GreekSeq></word><word seq="2">and<GreekSeq>2</GreekSeq></word><word seq="3">you clothed<GreekSeq>3</GreekSeq></word><word seq="4">me,<GreekSeq>4</GreekSeq></word><word seq="5">I was sick<GreekSeq>5</GreekSeq></word><word seq="6">and<GreekSeq>6</GreekSeq></word><word seq="7">you visited<GreekSeq>7</GreekSeq></word><word seq="8">me,<GreekSeq>8</GreekSeq></word><word seq="9">I was<GreekSeq>11</GreekSeq></word><word seq="10">in<GreekSeq>9</GreekSeq></word><word seq="11">prison<GreekSeq>10</GreekSeq></word><word seq="12">and<GreekSeq>12</GreekSeq></word><word seq="13">you came<GreekSeq>13</GreekSeq></word><word seq="14">to<GreekSeq>14</GreekSeq></word><word seq="15">me.’<GreekSeq>15</GreekSeq></word></ESV></verse>
<verse number="37"><ESV><word seq="1">Then<GreekSeq>1</GreekSeq></word><word seq="2">the<GreekSeq>4</GreekSeq></word><word seq="3">righteous<GreekSeq>5</GreekSeq></word><word seq="4">will answer<GreekSeq>2</GreekSeq></word><word seq="5">him,<GreekSeq>3</GreekSeq></word><word seq="6">saying,<GreekSeq>6</GreekSeq></word><word seq="7">‘Lord,<GreekSeq>7</GreekSeq></word><word seq="8">when<GreekSeq>8</GreekSeq></word><word seq="9">did we see<GreekSeq>10</GreekSeq></word><word seq="10">you<GreekSeq>9</GreekSeq></word><word seq="11">hungry<GreekSeq>11</GreekSeq></word><word seq="12">and<GreekSeq>12</GreekSeq></word><word seq="13">feed<GreekSeq>13</GreekSeq></word><word seq="14">you,</word><word seq="15">or<GreekSeq>14</GreekSeq></word><word seq="16">thirsty<GreekSeq>15</GreekSeq></word><word seq="17">and<GreekSeq>16</GreekSeq></word><word seq="18">give [you] drink?<GreekSeq>17</GreekSeq></word></ESV></verse>
<verse number="38"><ESV><word seq="1">And<GreekSeq>2</GreekSeq></word><word seq="2">when<GreekSeq>1</GreekSeq></word><word seq="3">did we see<GreekSeq>4</GreekSeq></word><word seq="4">you<GreekSeq>3</GreekSeq></word><word seq="5">a stranger<GreekSeq>5</GreekSeq></word><word seq="6">and<GreekSeq>6</GreekSeq></word><word seq="7">welcome [you],<GreekSeq>7</GreekSeq></word><word seq="8">or<GreekSeq>8</GreekSeq></word><word seq="9">naked<GreekSeq>9</GreekSeq></word><word seq="10">and<GreekSeq>10</GreekSeq></word><word seq="11">clothe<GreekSeq>11</GreekSeq></word><word seq="12">you?</word></ESV></verse>
<verse number="39"><ESV><word seq="1">And<GreekSeq>2</GreekSeq></word><word seq="2">when<GreekSeq>1</GreekSeq></word><word seq="3">did we see<GreekSeq>4</GreekSeq></word><word seq="4">you<GreekSeq>3</GreekSeq></word><word seq="5">sick<GreekSeq>5</GreekSeq></word><word seq="6">or<GreekSeq>6</GreekSeq></word><word seq="7">in<GreekSeq>7</GreekSeq></word><word seq="8">prison<GreekSeq>8</GreekSeq></word><word seq="9">and<GreekSeq>9</GreekSeq></word><word seq="10">visit<GreekSeq>10</GreekSeq></word><word seq="11">you?’<GreekSeq>12</GreekSeq></word></ESV></verse>
<verse number="40"><ESV><word seq="1">And<GreekSeq>1</GreekSeq></word><word seq="2">the<GreekSeq>3</GreekSeq></word><word seq="3">King<GreekSeq>4</GreekSeq></word><word seq="4">will answer<GreekSeq>2</GreekSeq></word><word seq="5">them,<GreekSeq>6</GreekSeq></word><word seq="6">‘Truly,<GreekSeq>7</GreekSeq></word><word seq="7">I say<GreekSeq>8</GreekSeq></word><word seq="8">to you,<GreekSeq>9</GreekSeq></word><word seq="9">as<GreekSeq>10</GreekSeq></word><word seq="10">you did<GreekSeq>12</GreekSeq></word><word seq="11">it<GreekSeq>11</GreekSeq></word><word seq="12">to one<GreekSeq>13</GreekSeq></word><word seq="13">of the<GreekSeq>18</GreekSeq></word><word seq="14">least<GreekSeq>19</GreekSeq></word><word seq="15">of these<GreekSeq>14</GreekSeq></word><word seq="16">my<GreekSeq>17</GreekSeq></word><word seq="17">brothers,<GreekSeq>16</GreekSeq></word><word seq="18">you did<GreekSeq>21</GreekSeq></word><word seq="19">it</word><word seq="20">to me.’<GreekSeq>20</GreekSeq></word></ESV></verse>
<verse number="41"><ESV><word seq="1">Then<GreekSeq>1</GreekSeq></word><word seq="2">he will say<GreekSeq>2</GreekSeq></word><word seq="3">to those<GreekSeq>4</GreekSeq></word><word seq="4">on<GreekSeq>5</GreekSeq></word><word seq="5">his</word><word seq="6">left,<GreekSeq>6</GreekSeq></word><word seq="7">‘Depart<GreekSeq>7</GreekSeq></word><word seq="8">from<GreekSeq>8</GreekSeq></word><word seq="9">me,<GreekSeq>9</GreekSeq></word><word seq="10">[you]<GreekSeq>10</GreekSeq></word><word seq="11">cursed,<GreekSeq>11</GreekSeq></word><word seq="12">into<GreekSeq>12</GreekSeq></word><word seq="13">the<GreekSeq>13</GreekSeq></word><word seq="14">eternal<GreekSeq>16</GreekSeq></word><word seq="15">fire<GreekSeq>14</GreekSeq></word><word seq="16">prepared<GreekSeq>18</GreekSeq></word><word seq="17">for the<GreekSeq>19</GreekSeq></word><word seq="18">devil<GreekSeq>20</GreekSeq></word><word seq="19">and<GreekSeq>21</GreekSeq></word><word seq="20">his<GreekSeq>24</GreekSeq></word><word seq="21">angels.<GreekSeq>23</GreekSeq></word></ESV></verse>
<verse number="42"><ESV><word seq="1">For<GreekSeq>2</GreekSeq></word><word seq="2">I was hungry<GreekSeq>1</GreekSeq></word><word seq="3">and<GreekSeq>3</GreekSeq></word><word seq="4">you gave<GreekSeq>5</GreekSeq></word><word seq="5">me<GreekSeq>6</GreekSeq></word><word seq="6">no<GreekSeq>4</GreekSeq></word><word seq="7">[food],<GreekSeq>7</GreekSeq></word><word seq="8">I was thirsty<GreekSeq>8</GreekSeq></word><word seq="9">and<GreekSeq>9</GreekSeq></word><word seq="10">you gave<GreekSeq>11</GreekSeq></word><word seq="11">me<GreekSeq>12</GreekSeq></word><word seq="12">no<GreekSeq>10</GreekSeq></word><word seq="13">drink,<GreekSeq>11</GreekSeq></word></ESV></verse>
<verse number="43"><ESV><word seq="1">I was<GreekSeq>2</GreekSeq></word><word seq="2">a stranger<GreekSeq>1</GreekSeq></word><word seq="3">and<GreekSeq>3</GreekSeq></word><word seq="4">you did<GreekSeq>5</GreekSeq></word><word seq="5">not<GreekSeq>4</GreekSeq></word><word seq="6">welcome<GreekSeq>5</GreekSeq></word><word seq="7">me,<GreekSeq>6</GreekSeq></word><word seq="8">naked<GreekSeq>7</GreekSeq></word><word seq="9">and<GreekSeq>8</GreekSeq></word><word seq="10">you did<GreekSeq>10</GreekSeq></word><word seq="11">not<GreekSeq>9</GreekSeq></word><word seq="12">clothe<GreekSeq>10</GreekSeq></word><word seq="13">me,<GreekSeq>11</GreekSeq></word><word seq="14">sick<GreekSeq>12</GreekSeq></word><word seq="15">and<GreekSeq>13</GreekSeq></word><word seq="16">in<GreekSeq>14</GreekSeq></word><word seq="17">prison<GreekSeq>15</GreekSeq></word><word seq="18">and<GreekSeq>16</GreekSeq></word><word seq="19">you did<GreekSeq>18</GreekSeq></word><word seq="20">not<GreekSeq>17</GreekSeq></word><word seq="21">visit<GreekSeq>18</GreekSeq></word><word seq="22">me.’<GreekSeq>19</GreekSeq></word></ESV></verse>
<verse number="44"><ESV><word seq="1">Then<GreekSeq>1</GreekSeq></word><word seq="2">they<GreekSeq>4</GreekSeq></word><word seq="3">also<GreekSeq>3</GreekSeq></word><word seq="4">will answer,<GreekSeq>2</GreekSeq></word><word seq="5">saying,<GreekSeq>5</GreekSeq></word><word seq="6">‘Lord,<GreekSeq>6</GreekSeq></word><word seq="7">when<GreekSeq>7</GreekSeq></word><word seq="8">did we see<GreekSeq>9</GreekSeq></word><word seq="9">you<GreekSeq>8</GreekSeq></word><word seq="10">hungry<GreekSeq>10</GreekSeq></word><word seq="11">or<GreekSeq>11</GreekSeq></word><word seq="12">thirsty<GreekSeq>12</GreekSeq></word><word seq="13">or<GreekSeq>13</GreekSeq></word><word seq="14">a stranger<GreekSeq>14</GreekSeq></word><word seq="15">or<GreekSeq>15</GreekSeq></word><word seq="16">naked<GreekSeq>16</GreekSeq></word><word seq="17">or<GreekSeq>17</GreekSeq></word><word seq="18">sick<GreekSeq>18</GreekSeq></word><word seq="19">or<GreekSeq>19</GreekSeq></word><word seq="20">in<GreekSeq>20</GreekSeq></word><word seq="21">prison,<GreekSeq>21</GreekSeq></word><word seq="22">and<GreekSeq>22</GreekSeq></word><word seq="23">did</word><word seq="24">not<GreekSeq>23</GreekSeq></word><word seq="25">minister<GreekSeq>24</GreekSeq></word><word seq="26">to you?’<GreekSeq>25</GreekSeq></word></ESV></verse>
<verse number="45"><ESV><word seq="1">Then<GreekSeq>1</GreekSeq></word><word seq="2">he will answer<GreekSeq>2</GreekSeq></word><word seq="3">them,<GreekSeq>3</GreekSeq></word><word seq="4">saying,<GreekSeq>4</GreekSeq></word><word seq="5">‘Truly,<GreekSeq>5</GreekSeq></word><word seq="6">I say<GreekSeq>6</GreekSeq></word><word seq="7">to you,<GreekSeq>7</GreekSeq></word><word seq="8">as<GreekSeq>8</GreekSeq></word><word seq="9">you did<GreekSeq>11</GreekSeq></word><word seq="10">not<GreekSeq>10</GreekSeq></word><word seq="11">do<GreekSeq>11</GreekSeq></word><word seq="12">it<GreekSeq>9</GreekSeq></word><word seq="13">to one<GreekSeq>12</GreekSeq></word><word seq="14">of the<GreekSeq>14</GreekSeq></word><word seq="15">least<GreekSeq>15</GreekSeq></word><word seq="16">of these,<GreekSeq>13</GreekSeq></word><word seq="17">you did<GreekSeq>18</GreekSeq></word><word seq="18">not<GreekSeq>16</GreekSeq></word><word seq="19">do<GreekSeq>18</GreekSeq></word><word seq="20">it</word><word seq="21">to me.’<GreekSeq>17</GreekSeq></word></ESV></verse>
<verse number="46"><ESV><word seq="1">And<GreekSeq>1</GreekSeq></word><word seq="2">these<GreekSeq>3</GreekSeq></word><word seq="3">will go away<GreekSeq>2</GreekSeq></word><word seq="4">into<GreekSeq>4</GreekSeq></word><word seq="5">eternal<GreekSeq>6</GreekSeq></word><word seq="6">punishment,<GreekSeq>5</GreekSeq></word><word seq="7">but<GreekSeq>8</GreekSeq></word><word seq="8">the<GreekSeq>7</GreekSeq></word><word seq="9">righteous<GreekSeq>9</GreekSeq></word><word seq="10">into<GreekSeq>10</GreekSeq></word><word seq="11">eternal<GreekSeq>12</GreekSeq></word><word seq="12">life.”<GreekSeq>11</GreekSeq></word></ESV></verse></chapter></book>