<?xml version="1.0" encoding="UTF-8" standalone="no"?><book><chapter number="13">'<verse number="1"><ESV><word seq="1">That same<GreekSeq>4</GreekSeq></word><word seq="2">day<GreekSeq>3</GreekSeq></word><word seq="3">Jesus<GreekSeq>7</GreekSeq></word><word seq="4">went out<GreekSeq>5</GreekSeq></word><word seq="5">of the<GreekSeq>8</GreekSeq></word><word seq="6">house<GreekSeq>9</GreekSeq></word><word seq="7">and</word><word seq="8">sat<GreekSeq>10</GreekSeq></word><word seq="9">beside<GreekSeq>11</GreekSeq></word><word seq="10">the<GreekSeq>12</GreekSeq></word><word seq="11">sea.<GreekSeq>13</GreekSeq></word></ESV></verse>
<verse number="2"><ESV><word seq="1">And<GreekSeq>1</GreekSeq></word><word seq="2">great<GreekSeq>6</GreekSeq></word><word seq="3">crowds<GreekSeq>5</GreekSeq></word><word seq="4">gathered<GreekSeq>2</GreekSeq></word><word seq="5">about<GreekSeq>3</GreekSeq></word><word seq="6">him,<GreekSeq>4</GreekSeq></word><word seq="7">so that<GreekSeq>7</GreekSeq></word><word seq="8">he<GreekSeq>8</GreekSeq></word><word seq="9">got<GreekSeq>11</GreekSeq></word><word seq="10">into<GreekSeq>9</GreekSeq></word><word seq="11">a boat<GreekSeq>10</GreekSeq></word><word seq="12">and</word><word seq="13">sat down.<GreekSeq>12</GreekSeq></word><word seq="14">And<GreekSeq>13</GreekSeq></word><word seq="15">the<GreekSeq>15</GreekSeq></word><word seq="16">whole<GreekSeq>14</GreekSeq></word><word seq="17">crowd<GreekSeq>16</GreekSeq></word><word seq="18">stood<GreekSeq>20</GreekSeq></word><word seq="19">on<GreekSeq>17</GreekSeq></word><word seq="20">the<GreekSeq>18</GreekSeq></word><word seq="21">beach.<GreekSeq>19</GreekSeq></word></ESV></verse>
<verse number="3"><ESV><word seq="1">And<GreekSeq>1</GreekSeq></word><word seq="2">he told<GreekSeq>2</GreekSeq></word><word seq="3">them<GreekSeq>3</GreekSeq></word><word seq="4">many things<GreekSeq>4</GreekSeq></word><word seq="5">in<GreekSeq>5</GreekSeq></word><word seq="6">parables,<GreekSeq>6</GreekSeq></word><word seq="7">saying:<GreekSeq>7</GreekSeq></word><word seq="8">“A<GreekSeq>10</GreekSeq></word><word seq="9">sower<GreekSeq>11</GreekSeq></word><word seq="10">went out<GreekSeq>9</GreekSeq></word><word seq="11">to sow.<GreekSeq>13</GreekSeq></word></ESV></verse>
<verse number="4"><ESV><word seq="1">And<GreekSeq>1</GreekSeq></word><word seq="2">as<GreekSeq>2</GreekSeq><GreekSeq>3</GreekSeq></word><word seq="3">he<GreekSeq>5</GreekSeq></word><word seq="4">sowed,<GreekSeq>4</GreekSeq></word><word seq="5">some [seeds]<GreekSeq>6</GreekSeq></word><word seq="6">fell<GreekSeq>8</GreekSeq></word><word seq="7">along<GreekSeq>9</GreekSeq></word><word seq="8">the<GreekSeq>10</GreekSeq></word><word seq="9">path,<GreekSeq>11</GreekSeq></word><word seq="10">and<GreekSeq>12</GreekSeq></word><word seq="11">the<GreekSeq>14</GreekSeq></word><word seq="12">birds<GreekSeq>15</GreekSeq></word><word seq="13">came<GreekSeq>13</GreekSeq></word><word seq="14">and</word><word seq="15">devoured<GreekSeq>16</GreekSeq></word><word seq="16">them.<GreekSeq>17</GreekSeq></word></ESV></verse>
<verse number="5"><ESV><word seq="1">Other [seeds]<GreekSeq>1</GreekSeq></word><word seq="2">fell<GreekSeq>3</GreekSeq></word><word seq="3">on<GreekSeq>4</GreekSeq></word><word seq="4">rocky [ground],<GreekSeq>6</GreekSeq></word><word seq="5">where<GreekSeq>7</GreekSeq></word><word seq="6">they did<GreekSeq>9</GreekSeq></word><word seq="7">not<GreekSeq>8</GreekSeq></word><word seq="8">have<GreekSeq>9</GreekSeq></word><word seq="9">much<GreekSeq>11</GreekSeq></word><word seq="10">soil,<GreekSeq>10</GreekSeq></word><word seq="11">and<GreekSeq>12</GreekSeq></word><word seq="12">immediately<GreekSeq>13</GreekSeq></word><word seq="13">they sprang up,<GreekSeq>14</GreekSeq></word><word seq="14">since<GreekSeq>15</GreekSeq><GreekSeq>16</GreekSeq></word><word seq="15">they had<GreekSeq>18</GreekSeq></word><word seq="16">no<GreekSeq>17</GreekSeq></word><word seq="17">depth<GreekSeq>19</GreekSeq></word><word seq="18">of soil,<GreekSeq>20</GreekSeq></word></ESV></verse>
<verse number="6"><ESV><word seq="1">but<GreekSeq>2</GreekSeq></word><word seq="2">when<GreekSeq>3</GreekSeq></word><word seq="3">the sun<GreekSeq>1</GreekSeq></word><word seq="4">rose<GreekSeq>3</GreekSeq></word><word seq="5">they were scorched.<GreekSeq>4</GreekSeq></word><word seq="6">And<GreekSeq>5</GreekSeq></word><word seq="7">since<GreekSeq>6</GreekSeq><GreekSeq>7</GreekSeq></word><word seq="8">they had<GreekSeq>9</GreekSeq></word><word seq="9">no<GreekSeq>8</GreekSeq></word><word seq="10">root,<GreekSeq>10</GreekSeq></word><word seq="11">they withered away.<GreekSeq>11</GreekSeq></word></ESV></verse>
<verse number="7"><ESV><word seq="1">Other [seeds]<GreekSeq>1</GreekSeq></word><word seq="2">fell<GreekSeq>3</GreekSeq></word><word seq="3">among<GreekSeq>4</GreekSeq></word><word seq="4">thorns,<GreekSeq>6</GreekSeq></word><word seq="5">and<GreekSeq>7</GreekSeq></word><word seq="6">the<GreekSeq>9</GreekSeq></word><word seq="7">thorns<GreekSeq>10</GreekSeq></word><word seq="8">grew up<GreekSeq>8</GreekSeq></word><word seq="9">and<GreekSeq>11</GreekSeq></word><word seq="10">choked<GreekSeq>12</GreekSeq></word><word seq="11">them.<GreekSeq>13</GreekSeq></word></ESV></verse>
<verse number="8"><ESV><word seq="1">Other [seeds]<GreekSeq>1</GreekSeq></word><word seq="2">fell<GreekSeq>3</GreekSeq></word><word seq="3">on<GreekSeq>4</GreekSeq></word><word seq="4">good<GreekSeq>8</GreekSeq></word><word seq="5">soil<GreekSeq>6</GreekSeq></word><word seq="6">and<GreekSeq>9</GreekSeq></word><word seq="7">produced<GreekSeq>10</GreekSeq></word><word seq="8">grain,<GreekSeq>11</GreekSeq></word><word seq="9">some<GreekSeq>12</GreekSeq></word><word seq="10">a hundredfold,<GreekSeq>14</GreekSeq></word><word seq="11">some<GreekSeq>15</GreekSeq></word><word seq="12">sixty,<GreekSeq>17</GreekSeq></word><word seq="13">some<GreekSeq>18</GreekSeq></word><word seq="14">thirty.<GreekSeq>20</GreekSeq></word></ESV></verse>
<verse number="9"><ESV><word seq="1">He<GreekSeq>1</GreekSeq></word><word seq="2">who has<GreekSeq>2</GreekSeq></word><word seq="3">ears,<GreekSeq>3</GreekSeq></word><word seq="4">let him hear.”<GreekSeq>4</GreekSeq></word></ESV></verse>
<verse number="10"><ESV><word seq="1">Then<GreekSeq>1</GreekSeq></word><word seq="2">the<GreekSeq>3</GreekSeq></word><word seq="3">disciples<GreekSeq>4</GreekSeq></word><word seq="4">came<GreekSeq>2</GreekSeq></word><word seq="5">and</word><word seq="6">said<GreekSeq>5</GreekSeq></word><word seq="7">to him,<GreekSeq>6</GreekSeq></word><word seq="8">“Why<GreekSeq>7</GreekSeq><GreekSeq>8</GreekSeq></word><word seq="9">do</word><word seq="10">you speak<GreekSeq>11</GreekSeq></word><word seq="11">to them<GreekSeq>12</GreekSeq></word><word seq="12">in<GreekSeq>9</GreekSeq></word><word seq="13">parables?”<GreekSeq>10</GreekSeq></word></ESV></verse>
<verse number="11"><ESV><word seq="1">And<GreekSeq>2</GreekSeq></word><word seq="2">he<GreekSeq>1</GreekSeq></word><word seq="3">answered<GreekSeq>3</GreekSeq></word><word seq="4">them,<GreekSeq>5</GreekSeq></word><word seq="5">“To you<GreekSeq>7</GreekSeq></word><word seq="6">it has been given<GreekSeq>8</GreekSeq></word><word seq="7">to know<GreekSeq>9</GreekSeq></word><word seq="8">the<GreekSeq>10</GreekSeq></word><word seq="9">secrets<GreekSeq>11</GreekSeq></word><word seq="10">of the<GreekSeq>12</GreekSeq></word><word seq="11">kingdom<GreekSeq>13</GreekSeq></word><word seq="12">of heaven,<GreekSeq>15</GreekSeq></word><word seq="13">but<GreekSeq>17</GreekSeq></word><word seq="14">to them<GreekSeq>16</GreekSeq></word><word seq="15">it has<GreekSeq>19</GreekSeq></word><word seq="16">not<GreekSeq>18</GreekSeq></word><word seq="17">been given.<GreekSeq>19</GreekSeq></word></ESV></verse>
<verse number="12"><ESV><word seq="1">For<GreekSeq>2</GreekSeq></word><word seq="2">to the one<GreekSeq>5</GreekSeq></word><word seq="3">who<GreekSeq>1</GreekSeq></word><word seq="4">has,<GreekSeq>3</GreekSeq></word><word seq="5">more</word><word seq="6">will be given,<GreekSeq>4</GreekSeq></word><word seq="7">and<GreekSeq>6</GreekSeq></word><word seq="8">he will have an abundance,<GreekSeq>7</GreekSeq></word><word seq="9">but<GreekSeq>9</GreekSeq></word><word seq="10">from<GreekSeq>16</GreekSeq></word><word seq="11">the one<GreekSeq>17</GreekSeq></word><word seq="12">who<GreekSeq>8</GreekSeq></word><word seq="13">has<GreekSeq>11</GreekSeq></word><word seq="14">not,<GreekSeq>10</GreekSeq></word><word seq="15">even<GreekSeq>12</GreekSeq></word><word seq="16">what<GreekSeq>13</GreekSeq></word><word seq="17">he has<GreekSeq>14</GreekSeq></word><word seq="18">will be taken away.<GreekSeq>15</GreekSeq></word></ESV></verse>
<verse number="13"><ESV><word seq="1">This is why<GreekSeq>1</GreekSeq><GreekSeq>2</GreekSeq></word><word seq="2">I<GreekSeq>2</GreekSeq></word><word seq="3">speak<GreekSeq>6</GreekSeq></word><word seq="4">to them<GreekSeq>5</GreekSeq></word><word seq="5">in<GreekSeq>3</GreekSeq></word><word seq="6">parables,<GreekSeq>4</GreekSeq></word><word seq="7">because<GreekSeq>7</GreekSeq></word><word seq="8">seeing<GreekSeq>8</GreekSeq></word><word seq="9">they do<GreekSeq>10</GreekSeq></word><word seq="10">not<GreekSeq>9</GreekSeq></word><word seq="11">see,<GreekSeq>10</GreekSeq></word><word seq="12">and<GreekSeq>11</GreekSeq></word><word seq="13">hearing<GreekSeq>12</GreekSeq></word><word seq="14">they do<GreekSeq>14</GreekSeq></word><word seq="15">not<GreekSeq>13</GreekSeq></word><word seq="16">hear,<GreekSeq>14</GreekSeq></word><word seq="17">nor<GreekSeq>15</GreekSeq></word><word seq="18">do</word><word seq="19">they understand.<GreekSeq>16</GreekSeq></word></ESV></verse>
<verse number="14"><ESV><word seq="1">[Indeed],<GreekSeq>1</GreekSeq></word><word seq="2">in [their case]<GreekSeq>3</GreekSeq></word><word seq="3">the<GreekSeq>4</GreekSeq></word><word seq="4">prophecy<GreekSeq>5</GreekSeq></word><word seq="5">of Isaiah<GreekSeq>6</GreekSeq></word><word seq="6">is fulfilled<GreekSeq>2</GreekSeq></word><word seq="7">that says:<GreekSeq>8</GreekSeq></word><word seq="8">‘“You will<GreekSeq>10</GreekSeq></word><word seq="9">[indeed]<GreekSeq>9</GreekSeq></word><word seq="10">hear<GreekSeq>10</GreekSeq></word><word seq="11">but<GreekSeq>11</GreekSeq></word><word seq="12" note="οὐ μή Strong Code (3364)">never<GreekSeq>12</GreekSeq><GreekSeq>13</GreekSeq></word><word seq="13">understand,<GreekSeq>14</GreekSeq></word><word seq="14">and<GreekSeq>15</GreekSeq></word><word seq="15">you will<GreekSeq>17</GreekSeq></word><word seq="16">[indeed]<GreekSeq>16</GreekSeq></word><word seq="17">see<GreekSeq>17</GreekSeq></word><word seq="18">but<GreekSeq>18</GreekSeq></word><word seq="19" note="οὐ μή Strong Code (3364)Base of different Greek: Greek(3364)">never<GreekSeq>19</GreekSeq><GreekSeq>20</GreekSeq></word><word seq="20">perceive.”<GreekSeq>21</GreekSeq></word></ESV></verse>
<verse number="15"><ESV><word seq="1">For<GreekSeq>2</GreekSeq></word><word seq="2">this<GreekSeq>7</GreekSeq></word><word seq="3">people’s<GreekSeq>6</GreekSeq></word><word seq="4">heart<GreekSeq>4</GreekSeq></word><word seq="5">has grown dull,<GreekSeq>1</GreekSeq></word><word seq="6">and<GreekSeq>8</GreekSeq></word><word seq="7">with [their] ears<GreekSeq>10</GreekSeq></word><word seq="8">they can<GreekSeq>12</GreekSeq></word><word seq="9">barely<GreekSeq>11</GreekSeq></word><word seq="10">hear,<GreekSeq>12</GreekSeq></word><word seq="11">and<GreekSeq>13</GreekSeq></word><word seq="12">their<GreekSeq>16</GreekSeq></word><word seq="13">eyes<GreekSeq>15</GreekSeq></word><word seq="14">they have closed,<GreekSeq>17</GreekSeq></word><word seq="15">lest<GreekSeq>18</GreekSeq></word><word seq="16">they should see<GreekSeq>19</GreekSeq></word><word seq="17">with [their] eyes<GreekSeq>21</GreekSeq></word><word seq="18">and<GreekSeq>22</GreekSeq></word><word seq="19">hear<GreekSeq>25</GreekSeq></word><word seq="20">with their ears<GreekSeq>24</GreekSeq></word><word seq="21">and<GreekSeq>26</GreekSeq></word><word seq="22">understand<GreekSeq>29</GreekSeq></word><word seq="23">with [their] heart<GreekSeq>28</GreekSeq></word><word seq="24">and<GreekSeq>30</GreekSeq></word><word seq="25">turn,<GreekSeq>31</GreekSeq></word><word seq="26">and<GreekSeq>32</GreekSeq></word><word seq="27">I would heal<GreekSeq>33</GreekSeq></word><word seq="28">them.’<GreekSeq>34</GreekSeq></word></ESV></verse>
<verse number="16"><ESV><word seq="1">But<GreekSeq>2</GreekSeq></word><word seq="2">blessed<GreekSeq>3</GreekSeq></word><word seq="3">are</word><word seq="4">your<GreekSeq>1</GreekSeq></word><word seq="5">eyes,<GreekSeq>5</GreekSeq></word><word seq="6">for<GreekSeq>6</GreekSeq></word><word seq="7">they see,<GreekSeq>7</GreekSeq></word><word seq="8">and<GreekSeq>8</GreekSeq></word><word seq="9">your<GreekSeq>11</GreekSeq></word><word seq="10">ears,<GreekSeq>10</GreekSeq></word><word seq="11">for<GreekSeq>12</GreekSeq></word><word seq="12">they hear.<GreekSeq>13</GreekSeq></word></ESV></verse>
<verse number="17"><ESV><word seq="1">For<GreekSeq>2</GreekSeq></word><word seq="2">truly,<GreekSeq>1</GreekSeq></word><word seq="3">I say<GreekSeq>3</GreekSeq></word><word seq="4">to you,<GreekSeq>4</GreekSeq></word><word seq="5">many<GreekSeq>6</GreekSeq></word><word seq="6">prophets<GreekSeq>7</GreekSeq></word><word seq="7">and<GreekSeq>8</GreekSeq></word><word seq="8">righteous<GreekSeq>9</GreekSeq></word><word seq="9">people longed<GreekSeq>10</GreekSeq></word><word seq="10">to see<GreekSeq>11</GreekSeq></word><word seq="11">what<GreekSeq>12</GreekSeq></word><word seq="12">you see,<GreekSeq>13</GreekSeq></word><word seq="13">and<GreekSeq>14</GreekSeq></word><word seq="14">did</word><word seq="15">not<GreekSeq>15</GreekSeq></word><word seq="16">see<GreekSeq>16</GreekSeq></word><word seq="17">it,</word><word seq="18">and<GreekSeq>17</GreekSeq></word><word seq="19">to hear<GreekSeq>18</GreekSeq></word><word seq="20">what<GreekSeq>19</GreekSeq></word><word seq="21">you hear,<GreekSeq>20</GreekSeq></word><word seq="22">and<GreekSeq>21</GreekSeq></word><word seq="23">did</word><word seq="24">not<GreekSeq>22</GreekSeq></word><word seq="25">hear<GreekSeq>23</GreekSeq></word><word seq="26">it.</word></ESV></verse>
<verse number="18"><ESV><word seq="1">Hear<GreekSeq>3</GreekSeq></word><word seq="2">then<GreekSeq>2</GreekSeq></word><word seq="3">the<GreekSeq>4</GreekSeq></word><word seq="4">parable<GreekSeq>5</GreekSeq></word><word seq="5">of the<GreekSeq>6</GreekSeq></word><word seq="6">sower:<GreekSeq>7</GreekSeq></word></ESV></verse>
<verse number="19"><ESV><word seq="1">When<GreekSeq>2</GreekSeq></word><word seq="2">anyone<GreekSeq>1</GreekSeq></word><word seq="3">hears<GreekSeq>2</GreekSeq></word><word seq="4">the<GreekSeq>3</GreekSeq></word><word seq="5">word<GreekSeq>4</GreekSeq></word><word seq="6">of the<GreekSeq>5</GreekSeq></word><word seq="7">kingdom<GreekSeq>6</GreekSeq></word><word seq="8">and<GreekSeq>7</GreekSeq></word><word seq="9">does</word><word seq="10">not<GreekSeq>8</GreekSeq></word><word seq="11">understand<GreekSeq>9</GreekSeq></word><word seq="12">it,</word><word seq="13">the<GreekSeq>11</GreekSeq></word><word seq="14">evil [one]<GreekSeq>12</GreekSeq></word><word seq="15">comes<GreekSeq>10</GreekSeq></word><word seq="16">and<GreekSeq>13</GreekSeq></word><word seq="17">snatches away<GreekSeq>14</GreekSeq></word><word seq="18">what has been sown<GreekSeq>15</GreekSeq><GreekSeq>16</GreekSeq></word><word seq="19">in<GreekSeq>17</GreekSeq></word><word seq="20">his<GreekSeq>20</GreekSeq></word><word seq="21">heart.<GreekSeq>19</GreekSeq></word><word seq="22">This<GreekSeq>21</GreekSeq></word><word seq="23">is<GreekSeq>22</GreekSeq></word><word seq="24">what was sown<GreekSeq>23</GreekSeq><GreekSeq>27</GreekSeq></word><word seq="25">along<GreekSeq>24</GreekSeq></word><word seq="26">the<GreekSeq>25</GreekSeq></word><word seq="27">path.<GreekSeq>26</GreekSeq></word></ESV></verse>
<verse number="20"><ESV><word seq="1">As for</word><word seq="2">what was sown<GreekSeq>1</GreekSeq><GreekSeq>6</GreekSeq></word><word seq="3">on<GreekSeq>3</GreekSeq></word><word seq="4">rocky ground,<GreekSeq>4</GreekSeq><GreekSeq>5</GreekSeq></word><word seq="5">this<GreekSeq>7</GreekSeq></word><word seq="6">is<GreekSeq>8</GreekSeq></word><word seq="7">the one<GreekSeq>9</GreekSeq></word><word seq="8">who hears<GreekSeq>12</GreekSeq></word><word seq="9">the<GreekSeq>10</GreekSeq></word><word seq="10">word<GreekSeq>11</GreekSeq></word><word seq="11">and<GreekSeq>13</GreekSeq></word><word seq="12">immediately<GreekSeq>14</GreekSeq></word><word seq="13">receives<GreekSeq>17</GreekSeq></word><word seq="14">it<GreekSeq>18</GreekSeq></word><word seq="15">with<GreekSeq>15</GreekSeq></word><word seq="16">joy,<GreekSeq>16</GreekSeq></word></ESV></verse>
<verse number="21"><ESV><word seq="1">yet<GreekSeq>3</GreekSeq></word><word seq="2">he has<GreekSeq>2</GreekSeq></word><word seq="3">no<GreekSeq>1</GreekSeq></word><word seq="4">root<GreekSeq>4</GreekSeq></word><word seq="5">in<GreekSeq>5</GreekSeq></word><word seq="6">himself,<GreekSeq>6</GreekSeq></word><word seq="7">but<GreekSeq>7</GreekSeq></word><word seq="8">endures<GreekSeq>9</GreekSeq></word><word seq="9">for a while,<GreekSeq>8</GreekSeq></word><word seq="10">and<GreekSeq>11</GreekSeq></word><word seq="11">when<GreekSeq>10</GreekSeq></word><word seq="12">tribulation<GreekSeq>12</GreekSeq></word><word seq="13">or<GreekSeq>13</GreekSeq></word><word seq="14">persecution<GreekSeq>14</GreekSeq></word><word seq="15">arises<GreekSeq>10</GreekSeq></word><word seq="16">on account of<GreekSeq>15</GreekSeq></word><word seq="17">the<GreekSeq>16</GreekSeq></word><word seq="18">word,<GreekSeq>17</GreekSeq></word><word seq="19">immediately<GreekSeq>18</GreekSeq></word><word seq="20">he falls away.<GreekSeq>19</GreekSeq></word></ESV></verse>
<verse number="22"><ESV><word seq="1">As for</word><word seq="2">what was sown<GreekSeq>1</GreekSeq><GreekSeq>6</GreekSeq></word><word seq="3">among<GreekSeq>3</GreekSeq></word><word seq="4">thorns,<GreekSeq>5</GreekSeq></word><word seq="5">this<GreekSeq>7</GreekSeq></word><word seq="6">is<GreekSeq>8</GreekSeq></word><word seq="7">the one<GreekSeq>9</GreekSeq></word><word seq="8">who hears<GreekSeq>12</GreekSeq></word><word seq="9">the<GreekSeq>10</GreekSeq></word><word seq="10">word,<GreekSeq>11</GreekSeq></word><word seq="11">but<GreekSeq>13</GreekSeq></word><word seq="12">the<GreekSeq>14</GreekSeq></word><word seq="13">cares<GreekSeq>15</GreekSeq></word><word seq="14">of the<GreekSeq>16</GreekSeq></word><word seq="15">world<GreekSeq>17</GreekSeq></word><word seq="16">and<GreekSeq>18</GreekSeq></word><word seq="17">the<GreekSeq>19</GreekSeq></word><word seq="18">deceitfulness<GreekSeq>20</GreekSeq></word><word seq="19">of riches<GreekSeq>22</GreekSeq></word><word seq="20">choke<GreekSeq>23</GreekSeq></word><word seq="21">the<GreekSeq>24</GreekSeq></word><word seq="22">word,<GreekSeq>25</GreekSeq></word><word seq="23">and<GreekSeq>26</GreekSeq></word><word seq="24">it proves<GreekSeq>28</GreekSeq></word><word seq="25">unfruitful.<GreekSeq>27</GreekSeq></word></ESV></verse>
<verse number="23"><ESV><word seq="1">As for</word><word seq="2">what was sown<GreekSeq>1</GreekSeq><GreekSeq>7</GreekSeq></word><word seq="3">on<GreekSeq>3</GreekSeq></word><word seq="4">good<GreekSeq>5</GreekSeq></word><word seq="5">soil,<GreekSeq>6</GreekSeq></word><word seq="6">this<GreekSeq>8</GreekSeq></word><word seq="7">is<GreekSeq>9</GreekSeq></word><word seq="8">the one<GreekSeq>10</GreekSeq></word><word seq="9">who hears<GreekSeq>13</GreekSeq></word><word seq="10">the<GreekSeq>11</GreekSeq></word><word seq="11">word<GreekSeq>12</GreekSeq></word><word seq="12">and<GreekSeq>14</GreekSeq></word><word seq="13">understands<GreekSeq>15</GreekSeq></word><word seq="14">it.</word><word seq="15">He<GreekSeq>16</GreekSeq></word><word seq="16">indeed<GreekSeq>17</GreekSeq></word><word seq="17">bears fruit<GreekSeq>18</GreekSeq></word><word seq="18">and<GreekSeq>19</GreekSeq></word><word seq="19">yields,<GreekSeq>20</GreekSeq></word><word seq="20">in</word><word seq="21">one [case]<GreekSeq>21</GreekSeq></word><word seq="22">a hundredfold,<GreekSeq>23</GreekSeq></word><word seq="23">in</word><word seq="24">another<GreekSeq>24</GreekSeq></word><word seq="25">sixty,<GreekSeq>26</GreekSeq></word><word seq="26">and<GreekSeq>28</GreekSeq></word><word seq="27">in</word><word seq="28">another<GreekSeq>27</GreekSeq></word><word seq="29">thirty.”<GreekSeq>29</GreekSeq></word></ESV></verse>
<verse number="24"><ESV><word seq="1">He put<GreekSeq>3</GreekSeq></word><word seq="2">another<GreekSeq>1</GreekSeq></word><word seq="3">parable<GreekSeq>2</GreekSeq></word><word seq="4">before<GreekSeq>3</GreekSeq></word><word seq="5">them,<GreekSeq>4</GreekSeq></word><word seq="6">saying,<GreekSeq>5</GreekSeq></word><word seq="7">“The<GreekSeq>7</GreekSeq></word><word seq="8">kingdom<GreekSeq>8</GreekSeq></word><word seq="9">of heaven<GreekSeq>10</GreekSeq></word><word seq="10">may be compared to<GreekSeq>6</GreekSeq></word><word seq="11">a man<GreekSeq>11</GreekSeq></word><word seq="12">who sowed<GreekSeq>12</GreekSeq></word><word seq="13">good<GreekSeq>13</GreekSeq></word><word seq="14">seed<GreekSeq>14</GreekSeq></word><word seq="15">in<GreekSeq>15</GreekSeq></word><word seq="16">his<GreekSeq>18</GreekSeq></word><word seq="17">field,<GreekSeq>17</GreekSeq></word></ESV></verse>
<verse number="25"><ESV><word seq="1">but<GreekSeq>2</GreekSeq></word><word seq="2">while<GreekSeq>1</GreekSeq><GreekSeq>3</GreekSeq></word><word seq="3">his</word><word seq="4">men<GreekSeq>6</GreekSeq></word><word seq="5">were sleeping,<GreekSeq>4</GreekSeq></word><word seq="6">his<GreekSeq>8</GreekSeq></word><word seq="7">enemy<GreekSeq>10</GreekSeq></word><word seq="8">came<GreekSeq>7</GreekSeq></word><word seq="9">and<GreekSeq>11</GreekSeq></word><word seq="10">sowed<GreekSeq>12</GreekSeq></word><word seq="11">weeds<GreekSeq>13</GreekSeq></word><word seq="12">among<GreekSeq>14</GreekSeq><GreekSeq>15</GreekSeq></word><word seq="13">the<GreekSeq>16</GreekSeq></word><word seq="14">wheat<GreekSeq>17</GreekSeq></word><word seq="15">and<GreekSeq>18</GreekSeq></word><word seq="16">went away.<GreekSeq>19</GreekSeq></word></ESV></verse>
<verse number="26"><ESV><word seq="1">So<GreekSeq>2</GreekSeq></word><word seq="2">when<GreekSeq>1</GreekSeq></word><word seq="3">the<GreekSeq>4</GreekSeq></word><word seq="4">plants<GreekSeq>5</GreekSeq></word><word seq="5">came up<GreekSeq>3</GreekSeq></word><word seq="6">and<GreekSeq>6</GreekSeq></word><word seq="7">bore<GreekSeq>8</GreekSeq></word><word seq="8">grain,<GreekSeq>7</GreekSeq></word><word seq="9">then<GreekSeq>9</GreekSeq></word><word seq="10">the<GreekSeq>12</GreekSeq></word><word seq="11">weeds<GreekSeq>13</GreekSeq></word><word seq="12">appeared<GreekSeq>10</GreekSeq></word><word seq="13">also.<GreekSeq>11</GreekSeq></word></ESV></verse>
<verse number="27"><ESV><word seq="1">And<GreekSeq>2</GreekSeq></word><word seq="2">the<GreekSeq>3</GreekSeq></word><word seq="3">servants<GreekSeq>4</GreekSeq></word><word seq="4">of the<GreekSeq>5</GreekSeq></word><word seq="5">master of the house<GreekSeq>6</GreekSeq></word><word seq="6">came<GreekSeq>1</GreekSeq></word><word seq="7">and</word><word seq="8">said<GreekSeq>7</GreekSeq></word><word seq="9">to him,<GreekSeq>8</GreekSeq></word><word seq="10">‘Master,<GreekSeq>9</GreekSeq></word><word seq="11">did you<GreekSeq>13</GreekSeq></word><word seq="12">not<GreekSeq>10</GreekSeq></word><word seq="13">sow<GreekSeq>13</GreekSeq></word><word seq="14">good<GreekSeq>11</GreekSeq></word><word seq="15">seed<GreekSeq>12</GreekSeq></word><word seq="16">in<GreekSeq>14</GreekSeq></word><word seq="17">your<GreekSeq>16</GreekSeq></word><word seq="18">field?<GreekSeq>17</GreekSeq></word><word seq="19">How<GreekSeq>18</GreekSeq></word><word seq="20">then<GreekSeq>19</GreekSeq></word><word seq="21">does</word><word seq="22">it have<GreekSeq>20</GreekSeq></word><word seq="23">weeds?’<GreekSeq>21</GreekSeq></word></ESV></verse>
<verse number="28"><ESV><word seq="1">He<GreekSeq>1</GreekSeq></word><word seq="2">said<GreekSeq>3</GreekSeq></word><word seq="3">to them,<GreekSeq>4</GreekSeq></word><word seq="4">‘An enemy<GreekSeq>5</GreekSeq><GreekSeq>6</GreekSeq></word><word seq="5">has done<GreekSeq>8</GreekSeq></word><word seq="6">this.<GreekSeq>7</GreekSeq></word><word seq="7">’So<GreekSeq>10</GreekSeq></word><word seq="8">the<GreekSeq>9</GreekSeq></word><word seq="9">servants<GreekSeq>11</GreekSeq></word><word seq="10">said<GreekSeq>12</GreekSeq></word><word seq="11">to him,<GreekSeq>13</GreekSeq></word><word seq="12">‘Then<GreekSeq>15</GreekSeq></word><word seq="13">do</word><word seq="14">you want<GreekSeq>14</GreekSeq></word><word seq="15">us</word><word seq="16">to go<GreekSeq>16</GreekSeq></word><word seq="17">and</word><word seq="18">gather<GreekSeq>17</GreekSeq></word><word seq="19">them?’<GreekSeq>18</GreekSeq></word></ESV></verse>
<verse number="29"><ESV><word seq="1">But<GreekSeq>2</GreekSeq></word><word seq="2">he<GreekSeq>1</GreekSeq></word><word seq="3">said,<GreekSeq>3</GreekSeq></word><word seq="4">‘No,<GreekSeq>4</GreekSeq></word><word seq="5">lest<GreekSeq>5</GreekSeq></word><word seq="6">in gathering<GreekSeq>6</GreekSeq></word><word seq="7">the<GreekSeq>7</GreekSeq></word><word seq="8">weeds<GreekSeq>8</GreekSeq></word><word seq="9">you root up<GreekSeq>9</GreekSeq></word><word seq="10">the<GreekSeq>12</GreekSeq></word><word seq="11">wheat<GreekSeq>13</GreekSeq></word><word seq="12">along with<GreekSeq>10</GreekSeq></word><word seq="13">them.<GreekSeq>11</GreekSeq></word></ESV></verse>
<verse number="30"><ESV><word seq="1">Let<GreekSeq>1</GreekSeq></word><word seq="2">both<GreekSeq>3</GreekSeq></word><word seq="3">grow together<GreekSeq>2</GreekSeq></word><word seq="4">until<GreekSeq>4</GreekSeq></word><word seq="5">the<GreekSeq>5</GreekSeq></word><word seq="6">harvest,<GreekSeq>6</GreekSeq></word><word seq="7">and<GreekSeq>7</GreekSeq></word><word seq="8">at<GreekSeq>8</GreekSeq></word><word seq="9">harvest<GreekSeq>11</GreekSeq></word><word seq="10">time<GreekSeq>9</GreekSeq></word><word seq="11">I will tell<GreekSeq>12</GreekSeq></word><word seq="12">the<GreekSeq>13</GreekSeq></word><word seq="13">reapers,<GreekSeq>14</GreekSeq></word><word seq="14">Gather<GreekSeq>15</GreekSeq></word><word seq="15">the<GreekSeq>17</GreekSeq></word><word seq="16">weeds<GreekSeq>18</GreekSeq></word><word seq="17">first<GreekSeq>16</GreekSeq></word><word seq="18">and<GreekSeq>19</GreekSeq></word><word seq="19">bind<GreekSeq>20</GreekSeq></word><word seq="20">them<GreekSeq>21</GreekSeq></word><word seq="21">in<GreekSeq>22</GreekSeq></word><word seq="22">bundles<GreekSeq>23</GreekSeq></word><word seq="23">to be burned,<GreekSeq>26</GreekSeq></word><word seq="24">but<GreekSeq>29</GreekSeq></word><word seq="25">gather<GreekSeq>31</GreekSeq></word><word seq="26">the<GreekSeq>28</GreekSeq></word><word seq="27">wheat<GreekSeq>30</GreekSeq></word><word seq="28">into<GreekSeq>32</GreekSeq></word><word seq="29">my<GreekSeq>35</GreekSeq></word><word seq="30">barn.’”<GreekSeq>34</GreekSeq></word></ESV></verse>
<verse number="31"><ESV><word seq="1">He put<GreekSeq>3</GreekSeq></word><word seq="2">another<GreekSeq>1</GreekSeq></word><word seq="3">parable<GreekSeq>2</GreekSeq></word><word seq="4">before<GreekSeq>3</GreekSeq></word><word seq="5">them,<GreekSeq>4</GreekSeq></word><word seq="6">saying,<GreekSeq>5</GreekSeq></word><word seq="7">“The<GreekSeq>8</GreekSeq></word><word seq="8">kingdom<GreekSeq>9</GreekSeq></word><word seq="9">of heaven<GreekSeq>11</GreekSeq></word><word seq="10">is<GreekSeq>7</GreekSeq></word><word seq="11">like<GreekSeq>6</GreekSeq></word><word seq="12">a grain<GreekSeq>12</GreekSeq></word><word seq="13">of mustard seed<GreekSeq>13</GreekSeq></word><word seq="14">that<GreekSeq>14</GreekSeq></word><word seq="15">a man<GreekSeq>16</GreekSeq></word><word seq="16">took<GreekSeq>15</GreekSeq></word><word seq="17">and</word><word seq="18">sowed<GreekSeq>17</GreekSeq></word><word seq="19">in<GreekSeq>18</GreekSeq></word><word seq="20">his<GreekSeq>21</GreekSeq></word><word seq="21">field.<GreekSeq>20</GreekSeq></word></ESV></verse>
<verse number="32"><ESV><word seq="1">It<GreekSeq>1</GreekSeq></word><word seq="2">is<GreekSeq>4</GreekSeq></word><word seq="3">the smallest<GreekSeq>2</GreekSeq></word><word seq="4">of all<GreekSeq>5</GreekSeq></word><word seq="5">seeds,<GreekSeq>7</GreekSeq></word><word seq="6">but<GreekSeq>9</GreekSeq></word><word seq="7">when<GreekSeq>8</GreekSeq></word><word seq="8">it has grown<GreekSeq>10</GreekSeq></word><word seq="9">it is<GreekSeq>14</GreekSeq></word><word seq="10">larger than<GreekSeq>11</GreekSeq></word><word seq="11">all</word><word seq="12">the<GreekSeq>12</GreekSeq></word><word seq="13">garden plants<GreekSeq>13</GreekSeq></word><word seq="14">and<GreekSeq>15</GreekSeq></word><word seq="15">becomes<GreekSeq>16</GreekSeq></word><word seq="16">a tree,<GreekSeq>17</GreekSeq></word><word seq="17">so that<GreekSeq>18</GreekSeq></word><word seq="18">the<GreekSeq>20</GreekSeq></word><word seq="19">birds<GreekSeq>21</GreekSeq></word><word seq="20">of the<GreekSeq>22</GreekSeq></word><word seq="21">air<GreekSeq>23</GreekSeq></word><word seq="22">come<GreekSeq>19</GreekSeq></word><word seq="23">and<GreekSeq>24</GreekSeq></word><word seq="24">make nests<GreekSeq>25</GreekSeq></word><word seq="25">in<GreekSeq>26</GreekSeq></word><word seq="26">its<GreekSeq>29</GreekSeq></word><word seq="27">branches.”<GreekSeq>28</GreekSeq></word></ESV></verse>
<verse number="33"><ESV><word seq="1">He told<GreekSeq>3</GreekSeq></word><word seq="2">them<GreekSeq>4</GreekSeq></word><word seq="3">another<GreekSeq>1</GreekSeq></word><word seq="4">parable.<GreekSeq>2</GreekSeq></word><word seq="5">“The<GreekSeq>7</GreekSeq></word><word seq="6">kingdom<GreekSeq>8</GreekSeq></word><word seq="7">of heaven<GreekSeq>10</GreekSeq></word><word seq="8">is<GreekSeq>6</GreekSeq></word><word seq="9">like<GreekSeq>5</GreekSeq></word><word seq="10">leaven<GreekSeq>11</GreekSeq></word><word seq="11">that<GreekSeq>12</GreekSeq></word><word seq="12">a woman<GreekSeq>14</GreekSeq></word><word seq="13">took<GreekSeq>13</GreekSeq></word><word seq="14">and</word><word seq="15">hid<GreekSeq>15</GreekSeq></word><word seq="16">in<GreekSeq>16</GreekSeq></word><word seq="17">three<GreekSeq>19</GreekSeq></word><word seq="18">measures<GreekSeq>18</GreekSeq></word><word seq="19">of flour,<GreekSeq>17</GreekSeq></word><word seq="20">till<GreekSeq>20</GreekSeq></word><word seq="21">it<GreekSeq>21</GreekSeq></word><word seq="22">was<GreekSeq>22</GreekSeq></word><word seq="23">all<GreekSeq>23</GreekSeq></word><word seq="24">leavened.”<GreekSeq>22</GreekSeq></word></ESV></verse>
<verse number="34"><ESV><word seq="1">All<GreekSeq>2</GreekSeq></word><word seq="2">these things<GreekSeq>1</GreekSeq></word><word seq="3">Jesus<GreekSeq>5</GreekSeq></word><word seq="4">said<GreekSeq>3</GreekSeq></word><word seq="5">to the<GreekSeq>8</GreekSeq></word><word seq="6">crowds<GreekSeq>9</GreekSeq></word><word seq="7">in<GreekSeq>6</GreekSeq></word><word seq="8">parables;<GreekSeq>7</GreekSeq></word><word seq="9">indeed,<GreekSeq>10</GreekSeq></word><word seq="10">he said<GreekSeq>14</GreekSeq></word><word seq="11">nothing<GreekSeq>13</GreekSeq></word><word seq="12">to them<GreekSeq>15</GreekSeq></word><word seq="13">without<GreekSeq>11</GreekSeq></word><word seq="14">a parable.<GreekSeq>12</GreekSeq></word></ESV></verse>
<verse number="35"><ESV><word seq="1">This was to fulfill<GreekSeq>1</GreekSeq><GreekSeq>2</GreekSeq></word><word seq="2">what was spoken<GreekSeq>3</GreekSeq><GreekSeq>4</GreekSeq></word><word seq="3">by<GreekSeq>5</GreekSeq></word><word seq="4">the<GreekSeq>6</GreekSeq></word><word seq="5">prophet:<GreekSeq>7</GreekSeq></word><word seq="6">“I will open<GreekSeq>9</GreekSeq></word><word seq="7">my<GreekSeq>14</GreekSeq></word><word seq="8">mouth<GreekSeq>13</GreekSeq></word><word seq="9">in<GreekSeq>10</GreekSeq></word><word seq="10">parables;<GreekSeq>11</GreekSeq></word><word seq="11">I will utter<GreekSeq>15</GreekSeq></word><word seq="12">what has been hidden<GreekSeq>16</GreekSeq></word><word seq="13">since<GreekSeq>17</GreekSeq></word><word seq="14">the foundation<GreekSeq>18</GreekSeq></word><word seq="15">of the world.”<GreekSeq>19</GreekSeq></word></ESV></verse>
<verse number="36"><ESV><word seq="1">Then<GreekSeq>1</GreekSeq></word><word seq="2">he left<GreekSeq>2</GreekSeq></word><word seq="3">the<GreekSeq>3</GreekSeq></word><word seq="4">crowds<GreekSeq>4</GreekSeq></word><word seq="5">and</word><word seq="6">went<GreekSeq>5</GreekSeq></word><word seq="7">into<GreekSeq>6</GreekSeq></word><word seq="8">the<GreekSeq>7</GreekSeq></word><word seq="9">house.<GreekSeq>8</GreekSeq></word><word seq="10">And<GreekSeq>9</GreekSeq></word><word seq="11">his<GreekSeq>14</GreekSeq></word><word seq="12">disciples<GreekSeq>13</GreekSeq></word><word seq="13">came to<GreekSeq>10</GreekSeq></word><word seq="14">him,<GreekSeq>11</GreekSeq></word><word seq="15">saying,<GreekSeq>15</GreekSeq></word><word seq="16">“Explain<GreekSeq>16</GreekSeq></word><word seq="17">to us<GreekSeq>17</GreekSeq></word><word seq="18">the<GreekSeq>18</GreekSeq></word><word seq="19">parable<GreekSeq>19</GreekSeq></word><word seq="20">of the<GreekSeq>20</GreekSeq></word><word seq="21">weeds<GreekSeq>21</GreekSeq></word><word seq="22">of the<GreekSeq>22</GreekSeq></word><word seq="23">field.”<GreekSeq>23</GreekSeq></word></ESV></verse>
<verse number="37"><ESV><word seq="1">He<GreekSeq>1</GreekSeq></word><word seq="2">answered,<GreekSeq>3</GreekSeq></word><word seq="3">“The one<GreekSeq>5</GreekSeq></word><word seq="4">who sows<GreekSeq>6</GreekSeq></word><word seq="5">the<GreekSeq>7</GreekSeq></word><word seq="6">good<GreekSeq>8</GreekSeq></word><word seq="7">seed<GreekSeq>9</GreekSeq></word><word seq="8">is<GreekSeq>10</GreekSeq></word><word seq="9">the<GreekSeq>11</GreekSeq></word><word seq="10">Son<GreekSeq>12</GreekSeq></word><word seq="11">of Man.<GreekSeq>14</GreekSeq></word></ESV></verse>
<verse number="38"><ESV><word seq="1">The<GreekSeq>1</GreekSeq></word><word seq="2">field<GreekSeq>3</GreekSeq></word><word seq="3">is<GreekSeq>4</GreekSeq></word><word seq="4">the<GreekSeq>5</GreekSeq></word><word seq="5">world,<GreekSeq>6</GreekSeq></word><word seq="6">and<GreekSeq>8</GreekSeq></word><word seq="7">the<GreekSeq>7</GreekSeq></word><word seq="8">good<GreekSeq>9</GreekSeq></word><word seq="9">seed<GreekSeq>10</GreekSeq></word><word seq="10">is<GreekSeq>12</GreekSeq></word><word seq="11">the<GreekSeq>13</GreekSeq></word><word seq="12">sons<GreekSeq>14</GreekSeq></word><word seq="13">of the<GreekSeq>15</GreekSeq></word><word seq="14">kingdom.<GreekSeq>16</GreekSeq></word><word seq="15">The<GreekSeq>17</GreekSeq></word><word seq="16">weeds<GreekSeq>19</GreekSeq></word><word seq="17">are<GreekSeq>20</GreekSeq></word><word seq="18">the<GreekSeq>21</GreekSeq></word><word seq="19">sons<GreekSeq>22</GreekSeq></word><word seq="20">of the<GreekSeq>23</GreekSeq></word><word seq="21">evil one,<GreekSeq>24</GreekSeq></word></ESV></verse>
<verse number="39"><ESV><word seq="1">and<GreekSeq>2</GreekSeq></word><word seq="2">the<GreekSeq>1</GreekSeq></word><word seq="3">enemy<GreekSeq>3</GreekSeq></word><word seq="4">who sowed<GreekSeq>5</GreekSeq></word><word seq="5">them<GreekSeq>6</GreekSeq></word><word seq="6">is<GreekSeq>7</GreekSeq></word><word seq="7">the<GreekSeq>8</GreekSeq></word><word seq="8">devil.<GreekSeq>9</GreekSeq></word><word seq="9">The<GreekSeq>10</GreekSeq></word><word seq="10">harvest<GreekSeq>12</GreekSeq></word><word seq="11">is<GreekSeq>15</GreekSeq></word><word seq="12">the end<GreekSeq>13</GreekSeq></word><word seq="13">of the age,<GreekSeq>14</GreekSeq></word><word seq="14">and<GreekSeq>17</GreekSeq></word><word seq="15">the<GreekSeq>16</GreekSeq></word><word seq="16">reapers<GreekSeq>18</GreekSeq></word><word seq="17">are<GreekSeq>20</GreekSeq></word><word seq="18">angels.<GreekSeq>19</GreekSeq></word></ESV></verse>
<verse number="40"><ESV><word seq="1">Just as<GreekSeq>1</GreekSeq></word><word seq="2">the<GreekSeq>4</GreekSeq></word><word seq="3">weeds<GreekSeq>5</GreekSeq></word><word seq="4">are gathered<GreekSeq>3</GreekSeq></word><word seq="5">and<GreekSeq>6</GreekSeq></word><word seq="6">burned<GreekSeq>8</GreekSeq></word><word seq="7">with fire,<GreekSeq>7</GreekSeq></word><word seq="8">so<GreekSeq>9</GreekSeq></word><word seq="9">will it be<GreekSeq>10</GreekSeq></word><word seq="10">at<GreekSeq>11</GreekSeq></word><word seq="11">the<GreekSeq>12</GreekSeq></word><word seq="12">end<GreekSeq>13</GreekSeq></word><word seq="13">of the<GreekSeq>14</GreekSeq></word><word seq="14">age.<GreekSeq>15</GreekSeq></word></ESV></verse>
<verse number="41"><ESV><word seq="1">The<GreekSeq>2</GreekSeq></word><word seq="2">Son<GreekSeq>3</GreekSeq></word><word seq="3">of Man<GreekSeq>5</GreekSeq></word><word seq="4">will send<GreekSeq>1</GreekSeq></word><word seq="5">his<GreekSeq>8</GreekSeq></word><word seq="6">angels,<GreekSeq>7</GreekSeq></word><word seq="7">and<GreekSeq>9</GreekSeq></word><word seq="8">they will gather<GreekSeq>10</GreekSeq></word><word seq="9">out of<GreekSeq>11</GreekSeq></word><word seq="10">his<GreekSeq>14</GreekSeq></word><word seq="11">kingdom<GreekSeq>13</GreekSeq></word><word seq="12">all<GreekSeq>15</GreekSeq></word><word seq="13">causes of sin<GreekSeq>17</GreekSeq></word><word seq="14">and<GreekSeq>18</GreekSeq></word><word seq="15">all</word><word seq="16">law-breakers,<GreekSeq>20</GreekSeq><GreekSeq>22</GreekSeq></word></ESV></verse>
<verse number="42"><ESV><word seq="1">and<GreekSeq>1</GreekSeq></word><word seq="2">throw<GreekSeq>2</GreekSeq></word><word seq="3">them<GreekSeq>3</GreekSeq></word><word seq="4">into<GreekSeq>4</GreekSeq></word><word seq="5">the<GreekSeq>5</GreekSeq></word><word seq="6">fiery<GreekSeq>8</GreekSeq></word><word seq="7">furnace.<GreekSeq>6</GreekSeq></word><word seq="8">In that place<GreekSeq>9</GreekSeq></word><word seq="9">there will be<GreekSeq>10</GreekSeq></word><word seq="10">weeping<GreekSeq>12</GreekSeq></word><word seq="11">and<GreekSeq>13</GreekSeq></word><word seq="12">gnashing<GreekSeq>15</GreekSeq></word><word seq="13">of teeth.<GreekSeq>17</GreekSeq></word></ESV></verse>
<verse number="43"><ESV><word seq="1">Then<GreekSeq>1</GreekSeq></word><word seq="2">the<GreekSeq>2</GreekSeq></word><word seq="3">righteous<GreekSeq>3</GreekSeq></word><word seq="4">will shine<GreekSeq>4</GreekSeq></word><word seq="5">like<GreekSeq>5</GreekSeq></word><word seq="6">the<GreekSeq>6</GreekSeq></word><word seq="7">sun<GreekSeq>7</GreekSeq></word><word seq="8">in<GreekSeq>8</GreekSeq></word><word seq="9">the<GreekSeq>9</GreekSeq></word><word seq="10">kingdom<GreekSeq>10</GreekSeq></word><word seq="11">of<GreekSeq>12</GreekSeq></word><word seq="12">their<GreekSeq>13</GreekSeq></word><word seq="13">Father.<GreekSeq>12</GreekSeq></word><word seq="14">He<GreekSeq>14</GreekSeq></word><word seq="15">who has<GreekSeq>15</GreekSeq></word><word seq="16">ears,<GreekSeq>16</GreekSeq></word><word seq="17">let him hear.<GreekSeq>17</GreekSeq></word></ESV></verse>
<verse number="44"><ESV><word seq="1">The<GreekSeq>3</GreekSeq></word><word seq="2">kingdom<GreekSeq>4</GreekSeq></word><word seq="3">of heaven<GreekSeq>6</GreekSeq></word><word seq="4">is<GreekSeq>2</GreekSeq></word><word seq="5">like<GreekSeq>1</GreekSeq></word><word seq="6">treasure<GreekSeq>7</GreekSeq></word><word seq="7">hidden<GreekSeq>8</GreekSeq></word><word seq="8">in<GreekSeq>9</GreekSeq></word><word seq="9">a<GreekSeq>10</GreekSeq></word><word seq="10">field,<GreekSeq>11</GreekSeq></word><word seq="11">which<GreekSeq>12</GreekSeq></word><word seq="12">a man<GreekSeq>14</GreekSeq></word><word seq="13">found<GreekSeq>13</GreekSeq></word><word seq="14">and</word><word seq="15">covered up.<GreekSeq>15</GreekSeq></word><word seq="16">Then<GreekSeq>16</GreekSeq></word><word seq="17">in<GreekSeq>17</GreekSeq></word><word seq="18">his<GreekSeq>20</GreekSeq></word><word seq="19">joy<GreekSeq>19</GreekSeq></word><word seq="20">he goes<GreekSeq>21</GreekSeq></word><word seq="21">and<GreekSeq>22</GreekSeq></word><word seq="22">sells<GreekSeq>23</GreekSeq></word><word seq="23">all<GreekSeq>24</GreekSeq></word><word seq="24">that<GreekSeq>25</GreekSeq></word><word seq="25">he has<GreekSeq>26</GreekSeq></word><word seq="26">and<GreekSeq>27</GreekSeq></word><word seq="27">buys<GreekSeq>28</GreekSeq></word><word seq="28">that<GreekSeq>31</GreekSeq></word><word seq="29">field.<GreekSeq>30</GreekSeq></word></ESV></verse>
<verse number="45"><ESV><word seq="1">Again,<GreekSeq>1</GreekSeq></word><word seq="2">the<GreekSeq>4</GreekSeq></word><word seq="3">kingdom<GreekSeq>5</GreekSeq></word><word seq="4">of heaven<GreekSeq>7</GreekSeq></word><word seq="5">is<GreekSeq>3</GreekSeq></word><word seq="6">like<GreekSeq>2</GreekSeq></word><word seq="7">a merchant<GreekSeq>9</GreekSeq></word><word seq="8">in search of<GreekSeq>10</GreekSeq></word><word seq="9">fine<GreekSeq>11</GreekSeq></word><word seq="10">pearls,<GreekSeq>12</GreekSeq></word></ESV></verse>
<verse number="46"><ESV><word seq="1" note="Base of different Greek: ὃς(3739)">who,</word><word seq="2">on finding<GreekSeq>1</GreekSeq></word><word seq="3">one<GreekSeq>3</GreekSeq></word><word seq="4">pearl<GreekSeq>5</GreekSeq></word><word seq="5">of great value,<GreekSeq>4</GreekSeq></word><word seq="6">went<GreekSeq>6</GreekSeq></word><word seq="7">and</word><word seq="8">sold<GreekSeq>7</GreekSeq></word><word seq="9">all<GreekSeq>8</GreekSeq></word><word seq="10">that<GreekSeq>9</GreekSeq></word><word seq="11">he had<GreekSeq>10</GreekSeq></word><word seq="12">and<GreekSeq>11</GreekSeq></word><word seq="13">bought<GreekSeq>12</GreekSeq></word><word seq="14">it.<GreekSeq>13</GreekSeq></word></ESV></verse>
<verse number="47"><ESV><word seq="1">Again,<GreekSeq>1</GreekSeq></word><word seq="2">the<GreekSeq>4</GreekSeq></word><word seq="3">kingdom<GreekSeq>5</GreekSeq></word><word seq="4">of heaven<GreekSeq>7</GreekSeq></word><word seq="5">is<GreekSeq>3</GreekSeq></word><word seq="6">like<GreekSeq>2</GreekSeq></word><word seq="7">a net<GreekSeq>8</GreekSeq></word><word seq="8">that was thrown<GreekSeq>9</GreekSeq></word><word seq="9">into<GreekSeq>10</GreekSeq></word><word seq="10">the<GreekSeq>11</GreekSeq></word><word seq="11">sea<GreekSeq>12</GreekSeq></word><word seq="12">and<GreekSeq>13</GreekSeq></word><word seq="13">gathered<GreekSeq>17</GreekSeq></word><word seq="14">fish</word><word seq="15">of<GreekSeq>14</GreekSeq></word><word seq="16">every<GreekSeq>15</GreekSeq></word><word seq="17">kind.<GreekSeq>16</GreekSeq></word></ESV></verse>
<verse number="48"><ESV><word seq="1">When<GreekSeq>2</GreekSeq></word><word seq="2">it was full,<GreekSeq>3</GreekSeq></word><word seq="3">men drew<GreekSeq>4</GreekSeq></word><word seq="4">it<GreekSeq>1</GreekSeq></word><word seq="5">ashore<GreekSeq>5</GreekSeq><GreekSeq>7</GreekSeq></word><word seq="6">and<GreekSeq>8</GreekSeq></word><word seq="7">sat down<GreekSeq>9</GreekSeq></word><word seq="8">and</word><word seq="9">sorted<GreekSeq>10</GreekSeq></word><word seq="10">the<GreekSeq>11</GreekSeq></word><word seq="11">good<GreekSeq>12</GreekSeq></word><word seq="12">into<GreekSeq>13</GreekSeq></word><word seq="13">containers<GreekSeq>14</GreekSeq></word><word seq="14">but<GreekSeq>16</GreekSeq></word><word seq="15">threw<GreekSeq>19</GreekSeq></word><word seq="16">away<GreekSeq>18</GreekSeq></word><word seq="17">the<GreekSeq>15</GreekSeq></word><word seq="18">bad.<GreekSeq>17</GreekSeq></word></ESV></verse>
<verse number="49"><ESV><word seq="1">So<GreekSeq>1</GreekSeq></word><word seq="2">it will be<GreekSeq>2</GreekSeq></word><word seq="3">at<GreekSeq>3</GreekSeq></word><word seq="4">the<GreekSeq>4</GreekSeq></word><word seq="5">end<GreekSeq>5</GreekSeq></word><word seq="6">of the<GreekSeq>6</GreekSeq></word><word seq="7">age.<GreekSeq>7</GreekSeq></word><word seq="8">The<GreekSeq>9</GreekSeq></word><word seq="9">angels<GreekSeq>10</GreekSeq></word><word seq="10">will come out<GreekSeq>8</GreekSeq></word><word seq="11">and<GreekSeq>11</GreekSeq></word><word seq="12">separate<GreekSeq>12</GreekSeq></word><word seq="13">the<GreekSeq>13</GreekSeq></word><word seq="14">evil<GreekSeq>14</GreekSeq></word><word seq="15">from<GreekSeq>15</GreekSeq></word><word seq="16">the<GreekSeq>17</GreekSeq></word><word seq="17">righteous<GreekSeq>18</GreekSeq></word></ESV></verse>
<verse number="50"><ESV><word seq="1">and<GreekSeq>1</GreekSeq></word><word seq="2">throw<GreekSeq>2</GreekSeq></word><word seq="3">them<GreekSeq>3</GreekSeq></word><word seq="4">into<GreekSeq>4</GreekSeq></word><word seq="5">the<GreekSeq>5</GreekSeq></word><word seq="6">fiery<GreekSeq>8</GreekSeq></word><word seq="7">furnace.<GreekSeq>6</GreekSeq></word><word seq="8">In that place there<GreekSeq>9</GreekSeq></word><word seq="9">will be<GreekSeq>10</GreekSeq></word><word seq="10">weeping<GreekSeq>12</GreekSeq></word><word seq="11">and<GreekSeq>13</GreekSeq></word><word seq="12">gnashing<GreekSeq>15</GreekSeq></word><word seq="13">of teeth.<GreekSeq>17</GreekSeq></word></ESV></verse>
<verse number="51"><ESV><word seq="1">Have you understood<GreekSeq>1</GreekSeq></word><word seq="2">all<GreekSeq>3</GreekSeq></word><word seq="3">these things?<GreekSeq>2</GreekSeq></word><word seq="4">”They said<GreekSeq>4</GreekSeq></word><word seq="5">to him,<GreekSeq>5</GreekSeq></word><word seq="6">“Yes.”<GreekSeq>6</GreekSeq></word></ESV></verse>
<verse number="52"><ESV><word seq="1">And<GreekSeq>2</GreekSeq></word><word seq="2">he<GreekSeq>1</GreekSeq></word><word seq="3">said<GreekSeq>3</GreekSeq></word><word seq="4">to them,<GreekSeq>4</GreekSeq></word><word seq="5">“Therefore<GreekSeq>5</GreekSeq><GreekSeq>6</GreekSeq></word><word seq="6">every<GreekSeq>7</GreekSeq></word><word seq="7">scribe<GreekSeq>8</GreekSeq></word><word seq="8">who has been trained<GreekSeq>9</GreekSeq></word><word seq="9">for the<GreekSeq>10</GreekSeq></word><word seq="10">kingdom<GreekSeq>11</GreekSeq></word><word seq="11">of heaven<GreekSeq>13</GreekSeq></word><word seq="12">is<GreekSeq>15</GreekSeq></word><word seq="13">like<GreekSeq>14</GreekSeq></word><word seq="14">a master of a house,<GreekSeq>17</GreekSeq></word><word seq="15">who<GreekSeq>18</GreekSeq></word><word seq="16">brings out<GreekSeq>19</GreekSeq></word><word seq="17">of<GreekSeq>20</GreekSeq></word><word seq="18">his<GreekSeq>23</GreekSeq></word><word seq="19">treasure<GreekSeq>22</GreekSeq></word><word seq="20">what is</word><word seq="21">new<GreekSeq>24</GreekSeq></word><word seq="22">and<GreekSeq>25</GreekSeq></word><word seq="23">what is</word><word seq="24">old.”<GreekSeq>26</GreekSeq></word></ESV></verse>
<verse number="53"><ESV><word seq="1">And<GreekSeq>1</GreekSeq></word><word seq="2">when<GreekSeq>3</GreekSeq></word><word seq="3">Jesus<GreekSeq>6</GreekSeq></word><word seq="4">had finished<GreekSeq>4</GreekSeq></word><word seq="5">these<GreekSeq>9</GreekSeq></word><word seq="6">parables,<GreekSeq>8</GreekSeq></word><word seq="7">he went away<GreekSeq>10</GreekSeq></word><word seq="8">from there,<GreekSeq>11</GreekSeq></word></ESV></verse>
<verse number="54"><ESV><word seq="1">and<GreekSeq>1</GreekSeq></word><word seq="2">coming<GreekSeq>2</GreekSeq></word><word seq="3">to<GreekSeq>3</GreekSeq></word><word seq="4">his<GreekSeq>6</GreekSeq></word><word seq="5">hometown<GreekSeq>5</GreekSeq></word><word seq="6">he taught<GreekSeq>7</GreekSeq></word><word seq="7">them<GreekSeq>8</GreekSeq></word><word seq="8">in<GreekSeq>9</GreekSeq></word><word seq="9">their<GreekSeq>12</GreekSeq></word><word seq="10">synagogue,<GreekSeq>11</GreekSeq></word><word seq="11">so that<GreekSeq>13</GreekSeq></word><word seq="12">they<GreekSeq>15</GreekSeq></word><word seq="13">were astonished,<GreekSeq>14</GreekSeq></word><word seq="14">and<GreekSeq>16</GreekSeq></word><word seq="15">said,<GreekSeq>17</GreekSeq></word><word seq="16">“Where<GreekSeq>18</GreekSeq></word><word seq="17">did</word><word seq="18">this man<GreekSeq>19</GreekSeq></word><word seq="19">get</word><word seq="20">this<GreekSeq>22</GreekSeq></word><word seq="21">wisdom<GreekSeq>21</GreekSeq></word><word seq="22">and<GreekSeq>23</GreekSeq></word><word seq="23">these<GreekSeq>24</GreekSeq></word><word seq="24">mighty works?<GreekSeq>25</GreekSeq></word></ESV></verse>
<verse number="55"><ESV><word seq="1">Is<GreekSeq>3</GreekSeq></word><word seq="2">not<GreekSeq>1</GreekSeq></word><word seq="3">this<GreekSeq>2</GreekSeq></word><word seq="4">the<GreekSeq>4</GreekSeq></word><word seq="5">carpenter’s<GreekSeq>6</GreekSeq></word><word seq="6">son?<GreekSeq>7</GreekSeq></word><word seq="7">Is<GreekSeq>12</GreekSeq></word><word seq="8">not<GreekSeq>8</GreekSeq></word><word seq="9">his<GreekSeq>11</GreekSeq></word><word seq="10">mother<GreekSeq>10</GreekSeq></word><word seq="11">called<GreekSeq>12</GreekSeq></word><word seq="12">Mary?<GreekSeq>13</GreekSeq></word><word seq="13">And<GreekSeq>14</GreekSeq></word><word seq="14">are not</word><word seq="15">his<GreekSeq>17</GreekSeq></word><word seq="16">brothers<GreekSeq>16</GreekSeq></word><word seq="17">James<GreekSeq>18</GreekSeq></word><word seq="18">and<GreekSeq>19</GreekSeq></word><word seq="19">Joseph<GreekSeq>20</GreekSeq></word><word seq="20">and<GreekSeq>21</GreekSeq></word><word seq="21">Simon<GreekSeq>22</GreekSeq></word><word seq="22">and<GreekSeq>23</GreekSeq></word><word seq="23">Judas?<GreekSeq>24</GreekSeq></word></ESV></verse>
<verse number="56"><ESV><word seq="1">And<GreekSeq>1</GreekSeq></word><word seq="2">are<GreekSeq>9</GreekSeq></word><word seq="3">not<GreekSeq>5</GreekSeq></word><word seq="4">all<GreekSeq>6</GreekSeq></word><word seq="5">his<GreekSeq>4</GreekSeq></word><word seq="6">sisters<GreekSeq>3</GreekSeq></word><word seq="7">with<GreekSeq>7</GreekSeq></word><word seq="8">us?<GreekSeq>8</GreekSeq></word><word seq="9">Where<GreekSeq>10</GreekSeq></word><word seq="10">then<GreekSeq>11</GreekSeq></word><word seq="11">did</word><word seq="12">this man<GreekSeq>12</GreekSeq></word><word seq="13">get</word><word seq="14">all<GreekSeq>14</GreekSeq></word><word seq="15">these things?”<GreekSeq>13</GreekSeq></word></ESV></verse>
<verse number="57"><ESV><word seq="1">And<GreekSeq>1</GreekSeq></word><word seq="2">they took offense<GreekSeq>2</GreekSeq></word><word seq="3">at<GreekSeq>3</GreekSeq></word><word seq="4">him.<GreekSeq>4</GreekSeq></word><word seq="5">But<GreekSeq>6</GreekSeq></word><word seq="6">Jesus<GreekSeq>7</GreekSeq></word><word seq="7">said<GreekSeq>8</GreekSeq></word><word seq="8">to them,<GreekSeq>9</GreekSeq></word><word seq="9">“A prophet<GreekSeq>12</GreekSeq></word><word seq="10">is<GreekSeq>11</GreekSeq></word><word seq="11">not<GreekSeq>10</GreekSeq></word><word seq="12">without honor<GreekSeq>13</GreekSeq></word><word seq="13" note="εἰ μή Strong Code (1508)">except<GreekSeq>14</GreekSeq><GreekSeq>15</GreekSeq></word><word seq="14">in<GreekSeq>16</GreekSeq></word><word seq="15">his hometown<GreekSeq>18</GreekSeq></word><word seq="16">and<GreekSeq>19</GreekSeq></word><word seq="17">in<GreekSeq>20</GreekSeq></word><word seq="18">his own<GreekSeq>23</GreekSeq></word><word seq="19">household.”<GreekSeq>22</GreekSeq></word></ESV></verse>
<verse number="58"><ESV><word seq="1">And<GreekSeq>1</GreekSeq></word><word seq="2">he did<GreekSeq>3</GreekSeq></word><word seq="3">not<GreekSeq>2</GreekSeq></word><word seq="4">do<GreekSeq>3</GreekSeq></word><word seq="5">many<GreekSeq>6</GreekSeq></word><word seq="6">mighty works<GreekSeq>5</GreekSeq></word><word seq="7">there,<GreekSeq>4</GreekSeq></word><word seq="8">because of<GreekSeq>7</GreekSeq></word><word seq="9">their<GreekSeq>10</GreekSeq></word><word seq="10">unbelief.<GreekSeq>9</GreekSeq></word></ESV></verse></chapter></book>