<?xml version="1.0" encoding="UTF-8" standalone="no"?><book><chapter number="26">'<verse number="1"><ESV><word seq="1">When<GreekSeq>3</GreekSeq></word><word seq="2">Jesus<GreekSeq>6</GreekSeq></word><word seq="3">had finished<GreekSeq>4</GreekSeq></word><word seq="4">all<GreekSeq>7</GreekSeq></word><word seq="5">these<GreekSeq>10</GreekSeq></word><word seq="6">sayings,<GreekSeq>9</GreekSeq></word><word seq="7">he said to<GreekSeq>11</GreekSeq></word><word seq="8">his<GreekSeq>14</GreekSeq></word><word seq="9">disciples,<GreekSeq>13</GreekSeq></word></ESV></verse>
<verse number="2"><ESV><word seq="1">“You know<GreekSeq>1</GreekSeq></word><word seq="2">that<GreekSeq>2</GreekSeq></word><word seq="3">after<GreekSeq>3</GreekSeq></word><word seq="4">two<GreekSeq>4</GreekSeq></word><word seq="5">days<GreekSeq>5</GreekSeq></word><word seq="6">the<GreekSeq>6</GreekSeq></word><word seq="7">Passover<GreekSeq>7</GreekSeq></word><word seq="8">is coming,<GreekSeq>8</GreekSeq></word><word seq="9">and<GreekSeq>9</GreekSeq></word><word seq="10">the<GreekSeq>10</GreekSeq></word><word seq="11">Son<GreekSeq>11</GreekSeq></word><word seq="12">of Man<GreekSeq>13</GreekSeq></word><word seq="13">[will] be delivered up<GreekSeq>14</GreekSeq></word><word seq="14">to be crucified.”<GreekSeq>17</GreekSeq></word></ESV></verse>
<verse number="3"><ESV><word seq="1">Then<GreekSeq>1</GreekSeq></word><word seq="2">the<GreekSeq>3</GreekSeq></word><word seq="3">chief priests<GreekSeq>4</GreekSeq></word><word seq="4">and<GreekSeq>5</GreekSeq></word><word seq="5">the<GreekSeq>6</GreekSeq></word><word seq="6">elders<GreekSeq>7</GreekSeq></word><word seq="7">of the<GreekSeq>8</GreekSeq></word><word seq="8">people<GreekSeq>9</GreekSeq></word><word seq="9">gathered<GreekSeq>2</GreekSeq></word><word seq="10">in<GreekSeq>10</GreekSeq></word><word seq="11">the<GreekSeq>11</GreekSeq></word><word seq="12">palace<GreekSeq>12</GreekSeq></word><word seq="13">of the<GreekSeq>13</GreekSeq></word><word seq="14">high priest,<GreekSeq>14</GreekSeq></word><word seq="15">whose name was<GreekSeq>16</GreekSeq></word><word seq="16">Caiaphas,<GreekSeq>17</GreekSeq></word></ESV></verse>
<verse number="4"><ESV><word seq="1">and<GreekSeq>1</GreekSeq></word><word seq="2">plotted together<GreekSeq>2</GreekSeq></word><word seq="3">in order to<GreekSeq>3</GreekSeq></word><word seq="4">arrest<GreekSeq>7</GreekSeq></word><word seq="5">Jesus<GreekSeq>5</GreekSeq></word><word seq="6">by stealth<GreekSeq>6</GreekSeq></word><word seq="7">and<GreekSeq>8</GreekSeq></word><word seq="8">kill<GreekSeq>9</GreekSeq></word><word seq="9">him.</word></ESV></verse>
<verse number="5"><ESV><word seq="1">But<GreekSeq>2</GreekSeq></word><word seq="2">they said,<GreekSeq>1</GreekSeq></word><word seq="3">“Not<GreekSeq>3</GreekSeq></word><word seq="4">during<GreekSeq>4</GreekSeq></word><word seq="5">the<GreekSeq>5</GreekSeq></word><word seq="6">feast,<GreekSeq>6</GreekSeq></word><word seq="7" note="ἵνα μή Strong Code (3363)">lest<GreekSeq>7</GreekSeq><GreekSeq>8</GreekSeq></word><word seq="8">there be<GreekSeq>10</GreekSeq></word><word seq="9">an uproar<GreekSeq>9</GreekSeq></word><word seq="10">among<GreekSeq>11</GreekSeq></word><word seq="11">the<GreekSeq>12</GreekSeq></word><word seq="12">people.”<GreekSeq>13</GreekSeq></word></ESV></verse>
<verse number="6"><ESV><word seq="1">Now<GreekSeq>2</GreekSeq></word><word seq="2">when<GreekSeq>4</GreekSeq></word><word seq="3">Jesus<GreekSeq>3</GreekSeq></word><word seq="4">was<GreekSeq>4</GreekSeq></word><word seq="5">at<GreekSeq>5</GreekSeq></word><word seq="6">Bethany<GreekSeq>6</GreekSeq></word><word seq="7">in<GreekSeq>7</GreekSeq></word><word seq="8">the house<GreekSeq>8</GreekSeq></word><word seq="9">of Simon<GreekSeq>9</GreekSeq></word><word seq="10">the<GreekSeq>10</GreekSeq></word><word seq="11">leper,<GreekSeq>11</GreekSeq></word></ESV></verse>
<verse number="7"><ESV><word seq="1">a woman<GreekSeq>3</GreekSeq></word><word seq="2">came up to<GreekSeq>1</GreekSeq></word><word seq="3">him<GreekSeq>2</GreekSeq></word><word seq="4">with<GreekSeq>4</GreekSeq></word><word seq="5">an alabaster flask<GreekSeq>5</GreekSeq></word><word seq="6">of very expensive<GreekSeq>7</GreekSeq></word><word seq="7">ointment,<GreekSeq>6</GreekSeq></word><word seq="8">and<GreekSeq>8</GreekSeq></word><word seq="9">she poured<GreekSeq>9</GreekSeq></word><word seq="10">it</word><word seq="11">on<GreekSeq>10</GreekSeq></word><word seq="12">his<GreekSeq>13</GreekSeq></word><word seq="13">head<GreekSeq>12</GreekSeq></word><word seq="14">as he reclined at table.<GreekSeq>14</GreekSeq></word></ESV></verse>
<verse number="8"><ESV><word seq="1">And<GreekSeq>2</GreekSeq></word><word seq="2">when<GreekSeq>1</GreekSeq></word><word seq="3">the<GreekSeq>3</GreekSeq></word><word seq="4">disciples<GreekSeq>4</GreekSeq></word><word seq="5">saw<GreekSeq>1</GreekSeq></word><word seq="6">it,</word><word seq="7">they were indignant,<GreekSeq>5</GreekSeq></word><word seq="8">saying,<GreekSeq>6</GreekSeq></word><word seq="9">“Why<GreekSeq>7</GreekSeq><GreekSeq>8</GreekSeq></word><word seq="10">this<GreekSeq>11</GreekSeq></word><word seq="11">waste?<GreekSeq>10</GreekSeq></word></ESV></verse>
<verse number="9"><ESV><word seq="1">For<GreekSeq>2</GreekSeq></word><word seq="2">this<GreekSeq>3</GreekSeq></word><word seq="3">could<GreekSeq>1</GreekSeq></word><word seq="4">have been sold for<GreekSeq>4</GreekSeq></word><word seq="5">a large sum<GreekSeq>5</GreekSeq></word><word seq="6">and<GreekSeq>6</GreekSeq></word><word seq="7">given<GreekSeq>7</GreekSeq></word><word seq="8">to the poor.”<GreekSeq>8</GreekSeq></word></ESV></verse>
<verse number="10"><ESV><word seq="1">But<GreekSeq>2</GreekSeq></word><word seq="2">Jesus,<GreekSeq>4</GreekSeq></word><word seq="3">aware<GreekSeq>1</GreekSeq></word><word seq="4">of this,</word><word seq="5">said<GreekSeq>5</GreekSeq></word><word seq="6">to them,<GreekSeq>6</GreekSeq></word><word seq="7">“Why<GreekSeq>7</GreekSeq></word><word seq="8">do</word><word seq="9">you trouble<GreekSeq>8</GreekSeq><GreekSeq>9</GreekSeq></word><word seq="10">the<GreekSeq>10</GreekSeq></word><word seq="11">woman?<GreekSeq>11</GreekSeq></word><word seq="12">For<GreekSeq>13</GreekSeq></word><word seq="13">she has done<GreekSeq>15</GreekSeq></word><word seq="14">a beautiful<GreekSeq>14</GreekSeq></word><word seq="15">thing<GreekSeq>12</GreekSeq></word><word seq="16">to<GreekSeq>16</GreekSeq></word><word seq="17">me.<GreekSeq>17</GreekSeq></word></ESV></verse>
<verse number="11"><ESV><word seq="1">For<GreekSeq>2</GreekSeq></word><word seq="2">you<GreekSeq>5</GreekSeq></word><word seq="3">always<GreekSeq>1</GreekSeq></word><word seq="4">have<GreekSeq>5</GreekSeq></word><word seq="5">the<GreekSeq>3</GreekSeq></word><word seq="6">poor<GreekSeq>4</GreekSeq></word><word seq="7">with<GreekSeq>6</GreekSeq></word><word seq="8">you,<GreekSeq>7</GreekSeq></word><word seq="9">but<GreekSeq>9</GreekSeq></word><word seq="10">you will<GreekSeq>12</GreekSeq></word><word seq="11">not<GreekSeq>10</GreekSeq></word><word seq="12">always<GreekSeq>11</GreekSeq></word><word seq="13">have<GreekSeq>12</GreekSeq></word><word seq="14">me.<GreekSeq>8</GreekSeq></word></ESV></verse>
<verse number="12"><ESV><word seq="1">In pouring<GreekSeq>1</GreekSeq></word><word seq="2">this<GreekSeq>6</GreekSeq></word><word seq="3">ointment<GreekSeq>5</GreekSeq></word><word seq="4">on<GreekSeq>7</GreekSeq></word><word seq="5">my<GreekSeq>10</GreekSeq></word><word seq="6">body,<GreekSeq>9</GreekSeq></word><word seq="7">she<GreekSeq>3</GreekSeq></word><word seq="8">has done<GreekSeq>15</GreekSeq></word><word seq="9">it</word><word seq="10">to prepare<GreekSeq>13</GreekSeq></word><word seq="11">me<GreekSeq>14</GreekSeq></word><word seq="12">for<GreekSeq>11</GreekSeq></word><word seq="13">burial.<GreekSeq>13</GreekSeq></word></ESV></verse>
<verse number="13"><ESV><word seq="1">Truly,<GreekSeq>1</GreekSeq></word><word seq="2">I say<GreekSeq>2</GreekSeq></word><word seq="3">to you,<GreekSeq>3</GreekSeq></word><word seq="4">wherever<GreekSeq>4</GreekSeq><GreekSeq>5</GreekSeq></word><word seq="5">this<GreekSeq>9</GreekSeq></word><word seq="6">gospel<GreekSeq>8</GreekSeq></word><word seq="7">is proclaimed<GreekSeq>6</GreekSeq></word><word seq="8">in<GreekSeq>10</GreekSeq></word><word seq="9">the<GreekSeq>12</GreekSeq></word><word seq="10">whole<GreekSeq>11</GreekSeq></word><word seq="11">world,<GreekSeq>13</GreekSeq></word><word seq="12">what<GreekSeq>16</GreekSeq></word><word seq="13">she<GreekSeq>18</GreekSeq></word><word seq="14">has done<GreekSeq>17</GreekSeq></word><word seq="15">will<GreekSeq>14</GreekSeq></word><word seq="16">also<GreekSeq>15</GreekSeq></word><word seq="17">be told<GreekSeq>14</GreekSeq></word><word seq="18">in<GreekSeq>19</GreekSeq></word><word seq="19">memory<GreekSeq>20</GreekSeq></word><word seq="20">of her.”<GreekSeq>21</GreekSeq></word></ESV></verse>
<verse number="14"><ESV><word seq="1">Then<GreekSeq>1</GreekSeq></word><word seq="2">one<GreekSeq>3</GreekSeq></word><word seq="3">of the<GreekSeq>4</GreekSeq></word><word seq="4">twelve,<GreekSeq>5</GreekSeq></word><word seq="5">whose name was<GreekSeq>7</GreekSeq></word><word seq="6">Judas<GreekSeq>8</GreekSeq></word><word seq="7">Iscariot,<GreekSeq>9</GreekSeq></word><word seq="8">went<GreekSeq>2</GreekSeq></word><word seq="9">to<GreekSeq>10</GreekSeq></word><word seq="10">the<GreekSeq>11</GreekSeq></word><word seq="11">chief priests<GreekSeq>12</GreekSeq></word></ESV></verse>
<verse number="15"><ESV><word seq="1">and</word><word seq="2">said,<GreekSeq>1</GreekSeq></word><word seq="3">“What<GreekSeq>2</GreekSeq></word><word seq="4">will you<GreekSeq>3</GreekSeq></word><word seq="5">give<GreekSeq>5</GreekSeq></word><word seq="6">me<GreekSeq>4</GreekSeq></word><word seq="7">[if] I<GreekSeq>6</GreekSeq></word><word seq="8">deliver<GreekSeq>8</GreekSeq></word><word seq="9">him<GreekSeq>9</GreekSeq></word><word seq="10">over<GreekSeq>8</GreekSeq></word><word seq="11">to you?<GreekSeq>7</GreekSeq></word><word seq="12">”And<GreekSeq>11</GreekSeq></word><word seq="13">they<GreekSeq>10</GreekSeq></word><word seq="14">paid<GreekSeq>12</GreekSeq></word><word seq="15">him<GreekSeq>13</GreekSeq></word><word seq="16">thirty<GreekSeq>14</GreekSeq></word><word seq="17">pieces of silver.<GreekSeq>15</GreekSeq></word></ESV></verse>
<verse number="16"><ESV><word seq="1">And<GreekSeq>1</GreekSeq></word><word seq="2">from<GreekSeq>2</GreekSeq></word><word seq="3">that moment<GreekSeq>3</GreekSeq></word><word seq="4">he sought<GreekSeq>4</GreekSeq></word><word seq="5">an opportunity<GreekSeq>5</GreekSeq></word><word seq="6">to betray<GreekSeq>6</GreekSeq><GreekSeq>8</GreekSeq></word><word seq="7">him.<GreekSeq>7</GreekSeq></word></ESV></verse>
<verse number="17"><ESV><word seq="1">Now<GreekSeq>2</GreekSeq></word><word seq="2">on the<GreekSeq>1</GreekSeq></word><word seq="3">first [day]<GreekSeq>3</GreekSeq></word><word seq="4">of Unleavened Bread<GreekSeq>5</GreekSeq></word><word seq="5">the<GreekSeq>7</GreekSeq></word><word seq="6">disciples<GreekSeq>8</GreekSeq></word><word seq="7">came to<GreekSeq>6</GreekSeq></word><word seq="8">Jesus,<GreekSeq>10</GreekSeq></word><word seq="9">saying,<GreekSeq>11</GreekSeq></word><word seq="10">“Where<GreekSeq>12</GreekSeq></word><word seq="11">will you have<GreekSeq>13</GreekSeq></word><word seq="12">us prepare<GreekSeq>14</GreekSeq></word><word seq="13">for you<GreekSeq>15</GreekSeq></word><word seq="14">to eat<GreekSeq>16</GreekSeq></word><word seq="15">the<GreekSeq>17</GreekSeq></word><word seq="16">Passover?”<GreekSeq>18</GreekSeq></word></ESV></verse>
<verse number="18"><ESV><word seq="1">He<GreekSeq>1</GreekSeq></word><word seq="2">said,<GreekSeq>3</GreekSeq></word><word seq="3">“Go<GreekSeq>4</GreekSeq></word><word seq="4">into<GreekSeq>5</GreekSeq></word><word seq="5">the<GreekSeq>6</GreekSeq></word><word seq="6">city<GreekSeq>7</GreekSeq></word><word seq="7">to<GreekSeq>8</GreekSeq></word><word seq="8">a certain man<GreekSeq>9</GreekSeq><GreekSeq>10</GreekSeq></word><word seq="9">and<GreekSeq>11</GreekSeq></word><word seq="10">say<GreekSeq>12</GreekSeq></word><word seq="11">to him,<GreekSeq>13</GreekSeq></word><word seq="12">‘The<GreekSeq>14</GreekSeq></word><word seq="13">Teacher<GreekSeq>15</GreekSeq></word><word seq="14">says,<GreekSeq>16</GreekSeq></word><word seq="15">My<GreekSeq>19</GreekSeq></word><word seq="16">time<GreekSeq>18</GreekSeq></word><word seq="17">is<GreekSeq>21</GreekSeq></word><word seq="18">at hand.<GreekSeq>20</GreekSeq></word><word seq="19">I will keep<GreekSeq>24</GreekSeq></word><word seq="20">the<GreekSeq>25</GreekSeq></word><word seq="21">Passover<GreekSeq>26</GreekSeq></word><word seq="22">at<GreekSeq>22</GreekSeq></word><word seq="23">your [house]<GreekSeq>23</GreekSeq></word><word seq="24">with<GreekSeq>27</GreekSeq></word><word seq="25">my<GreekSeq>30</GreekSeq></word><word seq="26">disciples.’”<GreekSeq>29</GreekSeq></word></ESV></verse>
<verse number="19"><ESV><word seq="1">And<GreekSeq>1</GreekSeq></word><word seq="2">the<GreekSeq>3</GreekSeq></word><word seq="3">disciples<GreekSeq>4</GreekSeq></word><word seq="4">did<GreekSeq>2</GreekSeq></word><word seq="5">as<GreekSeq>5</GreekSeq></word><word seq="6">Jesus<GreekSeq>9</GreekSeq></word><word seq="7">had directed<GreekSeq>6</GreekSeq></word><word seq="8">them,<GreekSeq>7</GreekSeq></word><word seq="9">and<GreekSeq>10</GreekSeq></word><word seq="10">they prepared<GreekSeq>11</GreekSeq></word><word seq="11">the<GreekSeq>12</GreekSeq></word><word seq="12">Passover.<GreekSeq>13</GreekSeq></word></ESV></verse>
<verse number="20"><ESV><word seq="1">When it was<GreekSeq>3</GreekSeq></word><word seq="2">evening,<GreekSeq>1</GreekSeq></word><word seq="3">he reclined at table<GreekSeq>4</GreekSeq></word><word seq="4">with<GreekSeq>5</GreekSeq></word><word seq="5">the<GreekSeq>6</GreekSeq></word><word seq="6">twelve.<GreekSeq>7</GreekSeq></word></ESV></verse>
<verse number="21"><ESV><word seq="1">And<GreekSeq>1</GreekSeq></word><word seq="2">as<GreekSeq>2</GreekSeq></word><word seq="3">they<GreekSeq>3</GreekSeq></word><word seq="4">were eating,<GreekSeq>2</GreekSeq></word><word seq="5">he said,<GreekSeq>4</GreekSeq></word><word seq="6">“Truly,<GreekSeq>5</GreekSeq></word><word seq="7">I say<GreekSeq>6</GreekSeq></word><word seq="8">to you,<GreekSeq>7</GreekSeq></word><word seq="9">one<GreekSeq>9</GreekSeq></word><word seq="10">of<GreekSeq>10</GreekSeq></word><word seq="11">you<GreekSeq>11</GreekSeq></word><word seq="12">will betray<GreekSeq>12</GreekSeq></word><word seq="13">me.”<GreekSeq>13</GreekSeq></word></ESV></verse>
<verse number="22"><ESV><word seq="1">And<GreekSeq>1</GreekSeq></word><word seq="2">they were<GreekSeq>2</GreekSeq></word><word seq="3">very<GreekSeq>3</GreekSeq></word><word seq="4">sorrowful<GreekSeq>2</GreekSeq></word><word seq="5">and</word><word seq="6">began<GreekSeq>4</GreekSeq></word><word seq="7">to say<GreekSeq>5</GreekSeq></word><word seq="8">to him<GreekSeq>6</GreekSeq></word><word seq="9">one<GreekSeq>7</GreekSeq></word><word seq="10">[after] another,<GreekSeq>8</GreekSeq></word><word seq="11">“Is it<GreekSeq>9</GreekSeq><GreekSeq>11</GreekSeq></word><word seq="12">I,<GreekSeq>10</GreekSeq></word><word seq="13">Lord?”<GreekSeq>12</GreekSeq></word></ESV></verse>
<verse number="23"><ESV><word seq="1">He<GreekSeq>1</GreekSeq></word><word seq="2">answered,<GreekSeq>3</GreekSeq></word><word seq="3">“He<GreekSeq>5</GreekSeq></word><word seq="4">who has dipped<GreekSeq>6</GreekSeq></word><word seq="5">his</word><word seq="6">hand<GreekSeq>10</GreekSeq></word><word seq="7">in<GreekSeq>11</GreekSeq></word><word seq="8">the<GreekSeq>12</GreekSeq></word><word seq="9">dish<GreekSeq>13</GreekSeq></word><word seq="10">with<GreekSeq>7</GreekSeq></word><word seq="11">me<GreekSeq>8</GreekSeq></word><word seq="12">will betray<GreekSeq>16</GreekSeq></word><word seq="13">me.<GreekSeq>15</GreekSeq></word></ESV></verse>
<verse number="24"><ESV><word seq="1">The<GreekSeq>1</GreekSeq></word><word seq="2">Son<GreekSeq>3</GreekSeq></word><word seq="3">of Man<GreekSeq>5</GreekSeq></word><word seq="4">goes<GreekSeq>6</GreekSeq></word><word seq="5">as<GreekSeq>7</GreekSeq></word><word seq="6">it is written<GreekSeq>8</GreekSeq></word><word seq="7">of<GreekSeq>9</GreekSeq></word><word seq="8">him,<GreekSeq>10</GreekSeq></word><word seq="9">but<GreekSeq>12</GreekSeq></word><word seq="10">woe<GreekSeq>11</GreekSeq></word><word seq="11">to that<GreekSeq>15</GreekSeq></word><word seq="12">man<GreekSeq>14</GreekSeq></word><word seq="13">by<GreekSeq>16</GreekSeq></word><word seq="14">whom<GreekSeq>17</GreekSeq></word><word seq="15">the<GreekSeq>18</GreekSeq></word><word seq="16">Son<GreekSeq>19</GreekSeq></word><word seq="17">of Man<GreekSeq>21</GreekSeq></word><word seq="18">is betrayed!<GreekSeq>22</GreekSeq></word><word seq="19">It would have been<GreekSeq>24</GreekSeq></word><word seq="20">better<GreekSeq>23</GreekSeq></word><word seq="21">for</word><word seq="22">that<GreekSeq>31</GreekSeq></word><word seq="23">man<GreekSeq>30</GreekSeq></word><word seq="24">if<GreekSeq>26</GreekSeq></word><word seq="25">he<GreekSeq>25</GreekSeq></word><word seq="26">had<GreekSeq>28</GreekSeq></word><word seq="27">not<GreekSeq>27</GreekSeq></word><word seq="28">been born.”<GreekSeq>28</GreekSeq></word></ESV></verse>
<verse number="25"><ESV><word seq="1">Judas,<GreekSeq>3</GreekSeq></word><word seq="2">who would betray<GreekSeq>5</GreekSeq></word><word seq="3">him,<GreekSeq>6</GreekSeq></word><word seq="4">answered,<GreekSeq>1</GreekSeq></word><word seq="5">“Is it<GreekSeq>8</GreekSeq><GreekSeq>10</GreekSeq></word><word seq="6">I,<GreekSeq>9</GreekSeq></word><word seq="7">Rabbi?”<GreekSeq>11</GreekSeq></word><word seq="8">He said<GreekSeq>12</GreekSeq></word><word seq="9">to him,<GreekSeq>13</GreekSeq></word><word seq="10">“You<GreekSeq>14</GreekSeq></word><word seq="11">have said<GreekSeq>15</GreekSeq></word><word seq="12">so.”</word></ESV></verse>
<verse number="26"><ESV><word seq="1">Now<GreekSeq>2</GreekSeq></word><word seq="2">as<GreekSeq>1</GreekSeq></word><word seq="3">they<GreekSeq>3</GreekSeq></word><word seq="4">were eating,<GreekSeq>1</GreekSeq></word><word seq="5">Jesus<GreekSeq>6</GreekSeq></word><word seq="6">took<GreekSeq>4</GreekSeq></word><word seq="7">bread,<GreekSeq>7</GreekSeq></word><word seq="8">and<GreekSeq>8</GreekSeq></word><word seq="9">after</word><word seq="10">blessing<GreekSeq>9</GreekSeq></word><word seq="11">it</word><word seq="12">broke<GreekSeq>10</GreekSeq></word><word seq="13">it</word><word seq="14">and<GreekSeq>11</GreekSeq></word><word seq="15">gave<GreekSeq>12</GreekSeq></word><word seq="16">it</word><word seq="17">to the<GreekSeq>13</GreekSeq></word><word seq="18">disciples,<GreekSeq>14</GreekSeq></word><word seq="19">and</word><word seq="20">said,<GreekSeq>15</GreekSeq></word><word seq="21">“Take,<GreekSeq>16</GreekSeq></word><word seq="22">eat;<GreekSeq>17</GreekSeq></word><word seq="23">this<GreekSeq>18</GreekSeq></word><word seq="24">is<GreekSeq>19</GreekSeq></word><word seq="25">my<GreekSeq>22</GreekSeq></word><word seq="26">body.”<GreekSeq>21</GreekSeq></word></ESV></verse>
<verse number="27"><ESV><word seq="1">And<GreekSeq>1</GreekSeq></word><word seq="2">he took<GreekSeq>2</GreekSeq></word><word seq="3">a cup,<GreekSeq>3</GreekSeq></word><word seq="4">and<GreekSeq>4</GreekSeq></word><word seq="5">when he had given thanks<GreekSeq>5</GreekSeq></word><word seq="6">he gave<GreekSeq>6</GreekSeq></word><word seq="7">it</word><word seq="8">to them,<GreekSeq>7</GreekSeq></word><word seq="9">saying,<GreekSeq>8</GreekSeq></word><word seq="10">“Drink<GreekSeq>9</GreekSeq></word><word seq="11">of<GreekSeq>10</GreekSeq></word><word seq="12">it,<GreekSeq>11</GreekSeq></word><word seq="13">all<GreekSeq>12</GreekSeq></word><word seq="14">of you,</word></ESV></verse>
<verse number="28"><ESV><word seq="1">for<GreekSeq>2</GreekSeq></word><word seq="2">this<GreekSeq>1</GreekSeq></word><word seq="3">is<GreekSeq>3</GreekSeq></word><word seq="4">my<GreekSeq>6</GreekSeq></word><word seq="5">blood<GreekSeq>5</GreekSeq></word><word seq="6">of the<GreekSeq>7</GreekSeq></word><word seq="7">covenant,<GreekSeq>8</GreekSeq></word><word seq="8">which<GreekSeq>4</GreekSeq></word><word seq="9">is poured out<GreekSeq>12</GreekSeq></word><word seq="10">for<GreekSeq>13</GreekSeq></word><word seq="11">many<GreekSeq>11</GreekSeq></word><word seq="12">for<GreekSeq>10</GreekSeq></word><word seq="13">the forgiveness<GreekSeq>14</GreekSeq></word><word seq="14">of sins.<GreekSeq>15</GreekSeq></word></ESV></verse>
<verse number="29"><ESV><word seq="1">I tell<GreekSeq>1</GreekSeq></word><word seq="2">you<GreekSeq>3</GreekSeq></word><word seq="3">I will<GreekSeq>6</GreekSeq></word><word seq="4" note="οὐ μή Strong Code (3364) ">not<GreekSeq>4</GreekSeq><GreekSeq>5</GreekSeq></word><word seq="5">drink<GreekSeq>21</GreekSeq></word><word seq="6">again</word><word seq="7">of<GreekSeq>9</GreekSeq></word><word seq="8">this<GreekSeq>10</GreekSeq></word><word seq="9">fruit<GreekSeq>12</GreekSeq></word><word seq="10">of the<GreekSeq>13</GreekSeq></word><word seq="11">vine<GreekSeq>14</GreekSeq></word><word seq="12">until<GreekSeq>15</GreekSeq></word><word seq="13">that<GreekSeq>18</GreekSeq></word><word seq="14">day<GreekSeq>17</GreekSeq></word><word seq="15">when<GreekSeq>19</GreekSeq></word><word seq="16">I drink<GreekSeq>21</GreekSeq></word><word seq="17">it<GreekSeq>20</GreekSeq></word><word seq="18">new<GreekSeq>24</GreekSeq></word><word seq="19">with<GreekSeq>22</GreekSeq></word><word seq="20">you<GreekSeq>23</GreekSeq></word><word seq="21">in<GreekSeq>25</GreekSeq></word><word seq="22">my<GreekSeq>30</GreekSeq></word><word seq="23">Father’s<GreekSeq>29</GreekSeq></word><word seq="24">kingdom.”<GreekSeq>27</GreekSeq></word></ESV></verse>
<verse number="30"><ESV><word seq="1">And<GreekSeq>1</GreekSeq></word><word seq="2">when they had sung a hymn,<GreekSeq>2</GreekSeq></word><word seq="3">they went out<GreekSeq>3</GreekSeq></word><word seq="4">to<GreekSeq>4</GreekSeq></word><word seq="5">the<GreekSeq>5</GreekSeq></word><word seq="6">Mount<GreekSeq>6</GreekSeq></word><word seq="7">of Olives.<GreekSeq>8</GreekSeq></word></ESV></verse>
<verse number="31"><ESV><word seq="1">Then<GreekSeq>1</GreekSeq></word><word seq="2">Jesus<GreekSeq>5</GreekSeq></word><word seq="3">said<GreekSeq>2</GreekSeq></word><word seq="4">to them,<GreekSeq>3</GreekSeq></word><word seq="5">“You<GreekSeq>7</GreekSeq></word><word seq="6">will<GreekSeq>8</GreekSeq></word><word seq="7">all<GreekSeq>6</GreekSeq></word><word seq="8">fall away<GreekSeq>8</GreekSeq></word><word seq="9">because of<GreekSeq>9</GreekSeq></word><word seq="10">me<GreekSeq>10</GreekSeq></word><word seq="11">this<GreekSeq>14</GreekSeq></word><word seq="12">night.<GreekSeq>13</GreekSeq></word><word seq="13">For<GreekSeq>16</GreekSeq></word><word seq="14">it is written,<GreekSeq>15</GreekSeq></word><word seq="15">‘I will strike<GreekSeq>17</GreekSeq></word><word seq="16">the<GreekSeq>18</GreekSeq></word><word seq="17">shepherd,<GreekSeq>19</GreekSeq></word><word seq="18">and<GreekSeq>20</GreekSeq></word><word seq="19">the<GreekSeq>22</GreekSeq></word><word seq="20">sheep<GreekSeq>23</GreekSeq></word><word seq="21">of the<GreekSeq>24</GreekSeq></word><word seq="22">flock<GreekSeq>25</GreekSeq></word><word seq="23">will be scattered.’<GreekSeq>21</GreekSeq></word></ESV></verse>
<verse number="32"><ESV><word seq="1">But<GreekSeq>2</GreekSeq></word><word seq="2">after<GreekSeq>1</GreekSeq></word><word seq="3">I<GreekSeq>5</GreekSeq></word><word seq="4">am raised up,<GreekSeq>4</GreekSeq></word><word seq="5">I will go before<GreekSeq>6</GreekSeq></word><word seq="6">you<GreekSeq>7</GreekSeq></word><word seq="7">to<GreekSeq>8</GreekSeq></word><word seq="8">Galilee.”<GreekSeq>10</GreekSeq></word></ESV></verse>
<verse number="33"><ESV><word seq="1">Peter<GreekSeq>4</GreekSeq></word><word seq="2">answered<GreekSeq>1</GreekSeq></word><word seq="3">him,<GreekSeq>6</GreekSeq></word><word seq="4">“Though<GreekSeq>7</GreekSeq></word><word seq="5">they<GreekSeq>9</GreekSeq></word><word seq="6">all<GreekSeq>8</GreekSeq></word><word seq="7">fall away<GreekSeq>9</GreekSeq></word><word seq="8">because of<GreekSeq>10</GreekSeq></word><word seq="9">you,<GreekSeq>11</GreekSeq></word><word seq="10">I<GreekSeq>12</GreekSeq></word><word seq="11">will<GreekSeq>14</GreekSeq></word><word seq="12">never<GreekSeq>13</GreekSeq></word><word seq="13">fall away.”<GreekSeq>14</GreekSeq></word></ESV></verse>
<verse number="34"><ESV><word seq="1">Jesus<GreekSeq>4</GreekSeq></word><word seq="2">said<GreekSeq>1</GreekSeq></word><word seq="3">to him,<GreekSeq>2</GreekSeq></word><word seq="4">“Truly,<GreekSeq>5</GreekSeq></word><word seq="5">I tell<GreekSeq>6</GreekSeq></word><word seq="6">you,<GreekSeq>7</GreekSeq></word><word seq="7">this very<GreekSeq>10</GreekSeq></word><word seq="8">night,<GreekSeq>12</GreekSeq></word><word seq="9">before<GreekSeq>13</GreekSeq></word><word seq="10">the rooster<GreekSeq>14</GreekSeq></word><word seq="11">crows,<GreekSeq>15</GreekSeq></word><word seq="12">you will deny<GreekSeq>17</GreekSeq></word><word seq="13">me<GreekSeq>18</GreekSeq></word><word seq="14">three times.”<GreekSeq>16</GreekSeq></word></ESV></verse>
<verse number="35"><ESV><word seq="1">Peter<GreekSeq>4</GreekSeq></word><word seq="2">said<GreekSeq>1</GreekSeq></word><word seq="3">to him,<GreekSeq>2</GreekSeq></word><word seq="4">“Even if<GreekSeq>5</GreekSeq></word><word seq="5">I<GreekSeq>7</GreekSeq></word><word seq="6">must<GreekSeq>6</GreekSeq></word><word seq="7">die<GreekSeq>10</GreekSeq></word><word seq="8">with<GreekSeq>8</GreekSeq></word><word seq="9">you,<GreekSeq>9</GreekSeq></word><word seq="10">I will<GreekSeq>14</GreekSeq></word><word seq="11" note="οὐ μή Strong Code (3364) ">not<GreekSeq>11</GreekSeq><GreekSeq>12</GreekSeq></word><word seq="12">deny<GreekSeq>14</GreekSeq></word><word seq="13">you!”<GreekSeq>13</GreekSeq></word><word seq="14">And<GreekSeq>16</GreekSeq></word><word seq="15">all<GreekSeq>17</GreekSeq></word><word seq="16">the<GreekSeq>18</GreekSeq></word><word seq="17">disciples<GreekSeq>19</GreekSeq></word><word seq="18">said<GreekSeq>20</GreekSeq></word><word seq="19">the same.<GreekSeq>15</GreekSeq></word></ESV></verse>
<verse number="36"><ESV><word seq="1">Then<GreekSeq>1</GreekSeq></word><word seq="2">Jesus<GreekSeq>6</GreekSeq></word><word seq="3">went<GreekSeq>2</GreekSeq></word><word seq="4">with<GreekSeq>3</GreekSeq></word><word seq="5">them<GreekSeq>4</GreekSeq></word><word seq="6">to<GreekSeq>7</GreekSeq></word><word seq="7">a place<GreekSeq>8</GreekSeq></word><word seq="8">called<GreekSeq>9</GreekSeq></word><word seq="9">Gethsemane,<GreekSeq>10</GreekSeq></word><word seq="10">and<GreekSeq>11</GreekSeq></word><word seq="11">he said<GreekSeq>12</GreekSeq></word><word seq="12">to [his] disciples,<GreekSeq>14</GreekSeq></word><word seq="13">“Sit<GreekSeq>15</GreekSeq></word><word seq="14">here,<GreekSeq>16</GreekSeq></word><word seq="15">while<GreekSeq>17</GreekSeq><GreekSeq>18</GreekSeq></word><word seq="16">I go over<GreekSeq>19</GreekSeq></word><word seq="17">there<GreekSeq>20</GreekSeq></word><word seq="18">and</word><word seq="19">pray.”<GreekSeq>21</GreekSeq></word></ESV></verse>
<verse number="37"><ESV><word seq="1">And<GreekSeq>1</GreekSeq></word><word seq="2">taking with him<GreekSeq>2</GreekSeq></word><word seq="3">Peter<GreekSeq>4</GreekSeq></word><word seq="4">and<GreekSeq>5</GreekSeq></word><word seq="5">the<GreekSeq>6</GreekSeq></word><word seq="6">two<GreekSeq>7</GreekSeq></word><word seq="7">sons<GreekSeq>8</GreekSeq></word><word seq="8">of Zebedee,<GreekSeq>9</GreekSeq></word><word seq="9">he began<GreekSeq>10</GreekSeq></word><word seq="10">to be sorrowful<GreekSeq>11</GreekSeq></word><word seq="11">and<GreekSeq>12</GreekSeq></word><word seq="12">troubled.<GreekSeq>13</GreekSeq></word></ESV></verse>
<verse number="38"><ESV><word seq="1">Then<GreekSeq>1</GreekSeq></word><word seq="2">he said<GreekSeq>2</GreekSeq></word><word seq="3">to them,<GreekSeq>3</GreekSeq></word><word seq="4">“My<GreekSeq>8</GreekSeq></word><word seq="5">soul<GreekSeq>7</GreekSeq></word><word seq="6">is<GreekSeq>5</GreekSeq></word><word seq="7">very sorrowful,<GreekSeq>4</GreekSeq></word><word seq="8">even to<GreekSeq>9</GreekSeq></word><word seq="9">death;<GreekSeq>10</GreekSeq></word><word seq="10">remain<GreekSeq>11</GreekSeq></word><word seq="11">here,<GreekSeq>12</GreekSeq></word><word seq="12">and<GreekSeq>13</GreekSeq></word><word seq="13">watch<GreekSeq>14</GreekSeq></word><word seq="14">with<GreekSeq>15</GreekSeq></word><word seq="15">me.”<GreekSeq>16</GreekSeq></word></ESV></verse>
<verse number="39"><ESV><word seq="1">And<GreekSeq>1</GreekSeq></word><word seq="2">going<GreekSeq>2</GreekSeq></word><word seq="3">a little<GreekSeq>3</GreekSeq></word><word seq="4">farther<GreekSeq>2</GreekSeq></word><word seq="5">he fell<GreekSeq>4</GreekSeq></word><word seq="6">on<GreekSeq>5</GreekSeq></word><word seq="7">his<GreekSeq>7</GreekSeq></word><word seq="8">face<GreekSeq>6</GreekSeq></word><word seq="9">and<GreekSeq>9</GreekSeq></word><word seq="10">prayed,<GreekSeq>8</GreekSeq></word><word seq="11">saying,<GreekSeq>10</GreekSeq></word><word seq="12">“My<GreekSeq>12</GreekSeq></word><word seq="13">Father,<GreekSeq>11</GreekSeq></word><word seq="14">if<GreekSeq>13</GreekSeq></word><word seq="15">it be<GreekSeq>15</GreekSeq></word><word seq="16">possible,<GreekSeq>14</GreekSeq></word><word seq="17">let<GreekSeq>16</GreekSeq></word><word seq="18">this<GreekSeq>21</GreekSeq></word><word seq="19">cup<GreekSeq>20</GreekSeq></word><word seq="20">pass<GreekSeq>16</GreekSeq></word><word seq="21">from<GreekSeq>17</GreekSeq></word><word seq="22">me;<GreekSeq>18</GreekSeq></word><word seq="23">nevertheless,<GreekSeq>22</GreekSeq></word><word seq="24">not<GreekSeq>23</GreekSeq></word><word seq="25">as<GreekSeq>24</GreekSeq></word><word seq="26">I<GreekSeq>25</GreekSeq></word><word seq="27">will,<GreekSeq>26</GreekSeq></word><word seq="28">but<GreekSeq>27</GreekSeq></word><word seq="29">as<GreekSeq>28</GreekSeq></word><word seq="30">you<GreekSeq>29</GreekSeq></word><word seq="31">will.”</word></ESV></verse>
<verse number="40"><ESV><word seq="1">And<GreekSeq>1</GreekSeq></word><word seq="2">he came<GreekSeq>2</GreekSeq></word><word seq="3">to<GreekSeq>3</GreekSeq></word><word seq="4">the<GreekSeq>4</GreekSeq></word><word seq="5">disciples<GreekSeq>5</GreekSeq></word><word seq="6">and<GreekSeq>6</GreekSeq></word><word seq="7">found<GreekSeq>7</GreekSeq></word><word seq="8">them<GreekSeq>8</GreekSeq></word><word seq="9">sleeping.<GreekSeq>9</GreekSeq></word><word seq="10">And<GreekSeq>10</GreekSeq></word><word seq="11">he said<GreekSeq>11</GreekSeq></word><word seq="12">to Peter,<GreekSeq>13</GreekSeq></word><word seq="13">“So,<GreekSeq>14</GreekSeq></word><word seq="14">could you<GreekSeq>16</GreekSeq></word><word seq="15">not<GreekSeq>15</GreekSeq></word><word seq="16">watch<GreekSeq>19</GreekSeq></word><word seq="17">with<GreekSeq>20</GreekSeq></word><word seq="18">me<GreekSeq>21</GreekSeq></word><word seq="19">one<GreekSeq>17</GreekSeq></word><word seq="20">hour?<GreekSeq>18</GreekSeq></word></ESV></verse>
<verse number="41"><ESV><word seq="1">Watch<GreekSeq>1</GreekSeq></word><word seq="2">and<GreekSeq>2</GreekSeq></word><word seq="3">pray<GreekSeq>3</GreekSeq></word><word seq="4">that<GreekSeq>4</GreekSeq></word><word seq="5">you may<GreekSeq>6</GreekSeq></word><word seq="6">not<GreekSeq>5</GreekSeq></word><word seq="7">enter<GreekSeq>6</GreekSeq></word><word seq="8">into<GreekSeq>7</GreekSeq></word><word seq="9">temptation.<GreekSeq>8</GreekSeq></word><word seq="10">The<GreekSeq>9</GreekSeq></word><word seq="11">spirit<GreekSeq>11</GreekSeq></word><word seq="12">indeed<GreekSeq>10</GreekSeq></word><word seq="13">is</word><word seq="14">willing,<GreekSeq>12</GreekSeq></word><word seq="15">but<GreekSeq>14</GreekSeq></word><word seq="16">the<GreekSeq>13</GreekSeq></word><word seq="17">flesh<GreekSeq>15</GreekSeq></word><word seq="18">is</word><word seq="19">weak.”<GreekSeq>16</GreekSeq></word></ESV></verse>
<verse number="42"><ESV><word seq="1">Again,<GreekSeq>1</GreekSeq></word><word seq="2">for<GreekSeq>2</GreekSeq></word><word seq="3">the second time,<GreekSeq>3</GreekSeq></word><word seq="4">he went away<GreekSeq>4</GreekSeq></word><word seq="5">and</word><word seq="6">prayed,<GreekSeq>5</GreekSeq></word><word seq="7">“My<GreekSeq>8</GreekSeq></word><word seq="8">Father,<GreekSeq>7</GreekSeq></word><word seq="9">if<GreekSeq>9</GreekSeq></word><word seq="10">this<GreekSeq>12</GreekSeq></word><word seq="11">cannot<GreekSeq>10</GreekSeq><GreekSeq>11</GreekSeq></word><word seq="12">pass<GreekSeq>13</GreekSeq></word><word seq="13" note="ἵνα μή Strong Code (3363)">unless<GreekSeq>14</GreekSeq><GreekSeq>15</GreekSeq></word><word seq="14">I drink<GreekSeq>17</GreekSeq></word><word seq="15">it,<GreekSeq>16</GreekSeq></word><word seq="16">your<GreekSeq>21</GreekSeq></word><word seq="17">will<GreekSeq>20</GreekSeq></word><word seq="18">be done.”<GreekSeq>18</GreekSeq></word></ESV></verse>
<verse number="43"><ESV><word seq="1">And<GreekSeq>1</GreekSeq></word><word seq="2">again<GreekSeq>3</GreekSeq></word><word seq="3">he came<GreekSeq>2</GreekSeq></word><word seq="4">and</word><word seq="5">found<GreekSeq>4</GreekSeq></word><word seq="6">them<GreekSeq>5</GreekSeq></word><word seq="7">sleeping,<GreekSeq>6</GreekSeq></word><word seq="8">for<GreekSeq>8</GreekSeq></word><word seq="9">their<GreekSeq>9</GreekSeq></word><word seq="10">eyes<GreekSeq>11</GreekSeq></word><word seq="11">were<GreekSeq>7</GreekSeq></word><word seq="12">heavy.<GreekSeq>12</GreekSeq></word></ESV></verse>
<verse number="44"><ESV><word seq="1">So,<GreekSeq>1</GreekSeq></word><word seq="2">leaving<GreekSeq>2</GreekSeq></word><word seq="3">them<GreekSeq>3</GreekSeq></word><word seq="4">again,<GreekSeq>4</GreekSeq></word><word seq="5">he went away<GreekSeq>5</GreekSeq></word><word seq="6">and</word><word seq="7">prayed<GreekSeq>6</GreekSeq></word><word seq="8">for<GreekSeq>7</GreekSeq></word><word seq="9">the third time,<GreekSeq>8</GreekSeq></word><word seq="10">saying<GreekSeq>12</GreekSeq></word><word seq="11">the<GreekSeq>9</GreekSeq></word><word seq="12">same<GreekSeq>10</GreekSeq></word><word seq="13">words<GreekSeq>11</GreekSeq></word><word seq="14">again.<GreekSeq>13</GreekSeq></word></ESV></verse>
<verse number="45"><ESV><word seq="1">Then<GreekSeq>1</GreekSeq></word><word seq="2">he came<GreekSeq>2</GreekSeq></word><word seq="3">to<GreekSeq>3</GreekSeq></word><word seq="4">the<GreekSeq>4</GreekSeq></word><word seq="5">disciples<GreekSeq>5</GreekSeq></word><word seq="6">and<GreekSeq>6</GreekSeq></word><word seq="7">said<GreekSeq>7</GreekSeq></word><word seq="8">to them,<GreekSeq>8</GreekSeq></word><word seq="9">“Sleep<GreekSeq>9</GreekSeq></word><word seq="10">and<GreekSeq>12</GreekSeq></word><word seq="11">take your rest<GreekSeq>13</GreekSeq></word><word seq="12">later on.<GreekSeq>11</GreekSeq></word><word seq="13">See,<GreekSeq>14</GreekSeq></word><word seq="14">the<GreekSeq>16</GreekSeq></word><word seq="15">hour<GreekSeq>17</GreekSeq></word><word seq="16">is at hand,<GreekSeq>15</GreekSeq></word><word seq="17">and<GreekSeq>18</GreekSeq></word><word seq="18">the<GreekSeq>19</GreekSeq></word><word seq="19">Son<GreekSeq>20</GreekSeq></word><word seq="20">of Man<GreekSeq>22</GreekSeq></word><word seq="21">is betrayed<GreekSeq>23</GreekSeq></word><word seq="22">into<GreekSeq>24</GreekSeq></word><word seq="23">the hands<GreekSeq>25</GreekSeq></word><word seq="24">of sinners.<GreekSeq>26</GreekSeq></word></ESV></verse>
<verse number="46"><ESV><word seq="1">Rise,<GreekSeq>1</GreekSeq></word><word seq="2">let us be going;<GreekSeq>2</GreekSeq></word><word seq="3">see,<GreekSeq>3</GreekSeq></word><word seq="4">my<GreekSeq>7</GreekSeq></word><word seq="5">betrayer<GreekSeq>6</GreekSeq></word><word seq="6">is at hand.”<GreekSeq>4</GreekSeq></word></ESV></verse>
<verse number="47"><ESV><word seq="1">While<GreekSeq>4</GreekSeq></word><word seq="2">he<GreekSeq>3</GreekSeq></word><word seq="3">was<GreekSeq>4</GreekSeq></word><word seq="4">still<GreekSeq>2</GreekSeq></word><word seq="5">speaking,<GreekSeq>4</GreekSeq></word><word seq="6">Judas<GreekSeq>6</GreekSeq></word><word seq="7">came,<GreekSeq>10</GreekSeq></word><word seq="8">one<GreekSeq>7</GreekSeq></word><word seq="9">of the<GreekSeq>8</GreekSeq></word><word seq="10">twelve,<GreekSeq>9</GreekSeq></word><word seq="11">and<GreekSeq>11</GreekSeq></word><word seq="12">with<GreekSeq>12</GreekSeq></word><word seq="13">him<GreekSeq>13</GreekSeq></word><word seq="14">a great<GreekSeq>15</GreekSeq></word><word seq="15">crowd<GreekSeq>14</GreekSeq></word><word seq="16">with<GreekSeq>16</GreekSeq></word><word seq="17">swords<GreekSeq>17</GreekSeq></word><word seq="18">and<GreekSeq>18</GreekSeq></word><word seq="19">clubs,<GreekSeq>19</GreekSeq></word><word seq="20">from<GreekSeq>20</GreekSeq></word><word seq="21">the<GreekSeq>21</GreekSeq></word><word seq="22">chief priests<GreekSeq>22</GreekSeq></word><word seq="23">and<GreekSeq>23</GreekSeq></word><word seq="24">the elders<GreekSeq>24</GreekSeq></word><word seq="25">of the<GreekSeq>25</GreekSeq></word><word seq="26">people.<GreekSeq>26</GreekSeq></word></ESV></verse>
<verse number="48"><ESV><word seq="1">Now<GreekSeq>2</GreekSeq></word><word seq="2">the<GreekSeq>1</GreekSeq></word><word seq="3">betrayer<GreekSeq>3</GreekSeq></word><word seq="4">had given<GreekSeq>5</GreekSeq></word><word seq="5">them<GreekSeq>6</GreekSeq></word><word seq="6">a sign,<GreekSeq>7</GreekSeq></word><word seq="7">saying,<GreekSeq>8</GreekSeq></word><word seq="8">“The one<GreekSeq>9</GreekSeq></word><word seq="9">I will kiss<GreekSeq>11</GreekSeq></word><word seq="10">is<GreekSeq>13</GreekSeq></word><word seq="11">the man;<GreekSeq>12</GreekSeq></word><word seq="12">seize<GreekSeq>14</GreekSeq></word><word seq="13">him.”<GreekSeq>15</GreekSeq></word></ESV></verse>
<verse number="49"><ESV><word seq="1">And<GreekSeq>1</GreekSeq></word><word seq="2">he came up<GreekSeq>3</GreekSeq></word><word seq="3">to Jesus<GreekSeq>5</GreekSeq></word><word seq="4">at once<GreekSeq>2</GreekSeq></word><word seq="5">and</word><word seq="6">said,<GreekSeq>6</GreekSeq></word><word seq="7">“Greetings,<GreekSeq>7</GreekSeq></word><word seq="8">Rabbi!”<GreekSeq>8</GreekSeq></word><word seq="9">And<GreekSeq>9</GreekSeq></word><word seq="10">he kissed<GreekSeq>10</GreekSeq></word><word seq="11">him.<GreekSeq>11</GreekSeq></word></ESV></verse>
<verse number="50"><ESV><word seq="1">Jesus<GreekSeq>3</GreekSeq></word><word seq="2">said<GreekSeq>4</GreekSeq></word><word seq="3">to him,<GreekSeq>5</GreekSeq></word><word seq="4">“Friend,<GreekSeq>6</GreekSeq></word><word seq="5">do</word><word seq="6">what<GreekSeq>7</GreekSeq><GreekSeq>8</GreekSeq></word><word seq="7">you came<GreekSeq>9</GreekSeq></word><word seq="8">to do.”</word><word seq="9">Then<GreekSeq>10</GreekSeq></word><word seq="10">they came up<GreekSeq>11</GreekSeq></word><word seq="11">and</word><word seq="12">laid<GreekSeq>12</GreekSeq></word><word seq="13">hands<GreekSeq>14</GreekSeq></word><word seq="14">on<GreekSeq>15</GreekSeq></word><word seq="15">Jesus<GreekSeq>17</GreekSeq></word><word seq="16">and<GreekSeq>18</GreekSeq></word><word seq="17">seized<GreekSeq>19</GreekSeq></word><word seq="18">him.<GreekSeq>20</GreekSeq></word></ESV></verse>
<verse number="51"><ESV><word seq="1">And<GreekSeq>1</GreekSeq></word><word seq="2">behold,<GreekSeq>2</GreekSeq></word><word seq="3">one<GreekSeq>3</GreekSeq></word><word seq="4">of those<GreekSeq>4</GreekSeq></word><word seq="5">who were</word><word seq="6">with<GreekSeq>5</GreekSeq></word><word seq="7">Jesus<GreekSeq>6</GreekSeq></word><word seq="8">stretched out<GreekSeq>7</GreekSeq></word><word seq="9">his</word><word seq="10">hand<GreekSeq>9</GreekSeq></word><word seq="11">and</word><word seq="12">drew<GreekSeq>10</GreekSeq></word><word seq="13">his<GreekSeq>13</GreekSeq></word><word seq="14">sword<GreekSeq>12</GreekSeq></word><word seq="15">and<GreekSeq>14</GreekSeq></word><word seq="16">struck<GreekSeq>15</GreekSeq></word><word seq="17">the<GreekSeq>16</GreekSeq></word><word seq="18">servant<GreekSeq>17</GreekSeq></word><word seq="19">of the<GreekSeq>18</GreekSeq></word><word seq="20">high priest<GreekSeq>19</GreekSeq></word><word seq="21">and</word><word seq="22">cut off<GreekSeq>20</GreekSeq></word><word seq="23">his<GreekSeq>21</GreekSeq></word><word seq="24">ear.<GreekSeq>23</GreekSeq></word></ESV></verse>
<verse number="52"><ESV><word seq="1">Then<GreekSeq>1</GreekSeq></word><word seq="2">Jesus<GreekSeq>5</GreekSeq></word><word seq="3">said<GreekSeq>2</GreekSeq></word><word seq="4">to him,<GreekSeq>3</GreekSeq></word><word seq="5">“Put<GreekSeq>6</GreekSeq></word><word seq="6">your<GreekSeq>9</GreekSeq></word><word seq="7">sword<GreekSeq>8</GreekSeq></word><word seq="8">back<GreekSeq>6</GreekSeq></word><word seq="9">into<GreekSeq>10</GreekSeq></word><word seq="10">its<GreekSeq>13</GreekSeq></word><word seq="11">place.<GreekSeq>12</GreekSeq></word><word seq="12">For<GreekSeq>15</GreekSeq></word><word seq="13">all<GreekSeq>14</GreekSeq></word><word seq="14">who take<GreekSeq>17</GreekSeq></word><word seq="15">the sword<GreekSeq>18</GreekSeq></word><word seq="16">will perish<GreekSeq>21</GreekSeq></word><word seq="17">by<GreekSeq>19</GreekSeq></word><word seq="18">the sword.<GreekSeq>20</GreekSeq></word></ESV></verse>
<verse number="53"><ESV><word seq="1">Do</word><word seq="2">you think<GreekSeq>2</GreekSeq></word><word seq="3">that<GreekSeq>3</GreekSeq></word><word seq="4">I cannot<GreekSeq>4</GreekSeq><GreekSeq>5</GreekSeq></word><word seq="5">appeal to<GreekSeq>6</GreekSeq></word><word seq="6">my<GreekSeq>9</GreekSeq></word><word seq="7">Father,<GreekSeq>8</GreekSeq></word><word seq="8">and<GreekSeq>10</GreekSeq></word><word seq="9">he will<GreekSeq>11</GreekSeq></word><word seq="10">at once<GreekSeq>13</GreekSeq></word><word seq="11">send<GreekSeq>11</GreekSeq></word><word seq="12">me<GreekSeq>12</GreekSeq></word><word seq="13">more than<GreekSeq>14</GreekSeq></word><word seq="14">twelve<GreekSeq>15</GreekSeq></word><word seq="15">legions<GreekSeq>16</GreekSeq></word><word seq="16">of angels?<GreekSeq>17</GreekSeq></word></ESV></verse>
<verse number="54"><ESV><word seq="1">But</word><word seq="2">how<GreekSeq>1</GreekSeq></word><word seq="3">then<GreekSeq>2</GreekSeq></word><word seq="4">should<GreekSeq>3</GreekSeq></word><word seq="5">the<GreekSeq>4</GreekSeq></word><word seq="6">Scriptures<GreekSeq>5</GreekSeq></word><word seq="7">be fulfilled,<GreekSeq>3</GreekSeq></word><word seq="8">that<GreekSeq>6</GreekSeq></word><word seq="9">it must<GreekSeq>8</GreekSeq></word><word seq="10">be<GreekSeq>9</GreekSeq></word><word seq="11">so?”<GreekSeq>7</GreekSeq></word></ESV></verse>
<verse number="55"><ESV><word seq="1">At<GreekSeq>1</GreekSeq></word><word seq="2">that<GreekSeq>2</GreekSeq></word><word seq="3">hour<GreekSeq>4</GreekSeq></word><word seq="4">Jesus<GreekSeq>7</GreekSeq></word><word seq="5">said<GreekSeq>5</GreekSeq></word><word seq="6">to the<GreekSeq>8</GreekSeq></word><word seq="7">crowds,<GreekSeq>9</GreekSeq></word><word seq="8">“Have you come out<GreekSeq>13</GreekSeq></word><word seq="9">as<GreekSeq>10</GreekSeq></word><word seq="10">against<GreekSeq>11</GreekSeq></word><word seq="11">a robber,<GreekSeq>12</GreekSeq></word><word seq="12">with<GreekSeq>14</GreekSeq></word><word seq="13">swords<GreekSeq>15</GreekSeq></word><word seq="14">and<GreekSeq>16</GreekSeq></word><word seq="15">clubs<GreekSeq>17</GreekSeq></word><word seq="16">to capture<GreekSeq>18</GreekSeq></word><word seq="17">me?<GreekSeq>19</GreekSeq></word><word seq="18">Day after day<GreekSeq>20</GreekSeq><GreekSeq>21</GreekSeq></word><word seq="19">I sat<GreekSeq>25</GreekSeq></word><word seq="20">in<GreekSeq>22</GreekSeq></word><word seq="21">the<GreekSeq>23</GreekSeq></word><word seq="22">temple<GreekSeq>24</GreekSeq></word><word seq="23">teaching,<GreekSeq>26</GreekSeq></word><word seq="24">and<GreekSeq>27</GreekSeq></word><word seq="25">you did<GreekSeq>29</GreekSeq></word><word seq="26">not<GreekSeq>28</GreekSeq></word><word seq="27">seize<GreekSeq>29</GreekSeq></word><word seq="28">me.<GreekSeq>30</GreekSeq></word></ESV></verse>
<verse number="56"><ESV><word seq="1">But<GreekSeq>2</GreekSeq></word><word seq="2">all<GreekSeq>3</GreekSeq></word><word seq="3">this<GreekSeq>1</GreekSeq></word><word seq="4">has taken place<GreekSeq>4</GreekSeq></word><word seq="5">that<GreekSeq>5</GreekSeq></word><word seq="6">the<GreekSeq>7</GreekSeq></word><word seq="7">Scriptures<GreekSeq>8</GreekSeq></word><word seq="8">of the<GreekSeq>9</GreekSeq></word><word seq="9">prophets<GreekSeq>10</GreekSeq></word><word seq="10">might be fulfilled.”<GreekSeq>6</GreekSeq></word><word seq="11">Then<GreekSeq>11</GreekSeq></word><word seq="12">all<GreekSeq>14</GreekSeq></word><word seq="13">the<GreekSeq>12</GreekSeq></word><word seq="14">disciples<GreekSeq>13</GreekSeq></word><word seq="15">left<GreekSeq>15</GreekSeq></word><word seq="16">him<GreekSeq>16</GreekSeq></word><word seq="17">and</word><word seq="18">fled.<GreekSeq>17</GreekSeq></word></ESV></verse>
<verse number="57"><ESV><word seq="1">Then<GreekSeq>2</GreekSeq></word><word seq="2">those<GreekSeq>1</GreekSeq></word><word seq="3">who had seized<GreekSeq>3</GreekSeq></word><word seq="4">Jesus<GreekSeq>5</GreekSeq></word><word seq="5">led [him]<GreekSeq>6</GreekSeq></word><word seq="6">to<GreekSeq>7</GreekSeq></word><word seq="7">Caiaphas<GreekSeq>8</GreekSeq></word><word seq="8">the<GreekSeq>9</GreekSeq></word><word seq="9">high priest,<GreekSeq>10</GreekSeq></word><word seq="10">where<GreekSeq>11</GreekSeq></word><word seq="11">the<GreekSeq>12</GreekSeq></word><word seq="12">scribes<GreekSeq>13</GreekSeq></word><word seq="13">and<GreekSeq>14</GreekSeq></word><word seq="14">the<GreekSeq>15</GreekSeq></word><word seq="15">elders<GreekSeq>16</GreekSeq></word><word seq="16">had gathered.<GreekSeq>17</GreekSeq></word></ESV></verse>
<verse number="58"><ESV><word seq="1">And<GreekSeq>2</GreekSeq></word><word seq="2">Peter<GreekSeq>3</GreekSeq></word><word seq="3">was following<GreekSeq>4</GreekSeq></word><word seq="4">him<GreekSeq>5</GreekSeq></word><word seq="5">at<GreekSeq>6</GreekSeq></word><word seq="6">a distance,<GreekSeq>7</GreekSeq></word><word seq="7">as far as<GreekSeq>8</GreekSeq></word><word seq="8">the<GreekSeq>9</GreekSeq></word><word seq="9">courtyard<GreekSeq>10</GreekSeq></word><word seq="10">of the<GreekSeq>11</GreekSeq></word><word seq="11">high priest,<GreekSeq>12</GreekSeq></word><word seq="12">and<GreekSeq>13</GreekSeq></word><word seq="13">going<GreekSeq>14</GreekSeq></word><word seq="14">inside<GreekSeq>15</GreekSeq></word><word seq="15">he sat<GreekSeq>16</GreekSeq></word><word seq="16">with<GreekSeq>17</GreekSeq></word><word seq="17">the<GreekSeq>18</GreekSeq></word><word seq="18">guards<GreekSeq>19</GreekSeq></word><word seq="19">to see<GreekSeq>20</GreekSeq></word><word seq="20">the<GreekSeq>21</GreekSeq></word><word seq="21">end.<GreekSeq>22</GreekSeq></word></ESV></verse>
<verse number="59"><ESV><word seq="1">Now<GreekSeq>2</GreekSeq></word><word seq="2">the<GreekSeq>1</GreekSeq></word><word seq="3">chief priests<GreekSeq>3</GreekSeq></word><word seq="4">and<GreekSeq>4</GreekSeq></word><word seq="5">the<GreekSeq>5</GreekSeq></word><word seq="6">whole<GreekSeq>7</GreekSeq></word><word seq="7">council<GreekSeq>6</GreekSeq></word><word seq="8">were seeking<GreekSeq>8</GreekSeq></word><word seq="9">false testimony<GreekSeq>9</GreekSeq></word><word seq="10">against<GreekSeq>10</GreekSeq></word><word seq="11">Jesus<GreekSeq>12</GreekSeq></word><word seq="12">that<GreekSeq>13</GreekSeq></word><word seq="13">they might put<GreekSeq>15</GreekSeq></word><word seq="14">him<GreekSeq>14</GreekSeq></word><word seq="15">to death,<GreekSeq>15</GreekSeq></word></ESV></verse>
<verse number="60"><ESV><word seq="1">but<GreekSeq>1</GreekSeq></word><word seq="2">they found<GreekSeq>3</GreekSeq></word><word seq="3">none,<GreekSeq>2</GreekSeq></word><word seq="4">though</word><word seq="5">many<GreekSeq>4</GreekSeq></word><word seq="6">false witnesses<GreekSeq>6</GreekSeq></word><word seq="7">came forward.<GreekSeq>5</GreekSeq></word><word seq="8">At last<GreekSeq>7</GreekSeq></word><word seq="9">two<GreekSeq>10</GreekSeq></word><word seq="10">came forward<GreekSeq>9</GreekSeq></word></ESV></verse>
<verse number="61"><ESV><word seq="1">and</word><word seq="2">said,<GreekSeq>1</GreekSeq></word><word seq="3">“This man<GreekSeq>2</GreekSeq></word><word seq="4">said,<GreekSeq>3</GreekSeq></word><word seq="5">‘I am able<GreekSeq>4</GreekSeq></word><word seq="6">to destroy<GreekSeq>5</GreekSeq></word><word seq="7">the<GreekSeq>6</GreekSeq></word><word seq="8">temple<GreekSeq>7</GreekSeq></word><word seq="9">of God,<GreekSeq>9</GreekSeq></word><word seq="10">and<GreekSeq>10</GreekSeq></word><word seq="11">to rebuild<GreekSeq>14</GreekSeq></word><word seq="12">it</word><word seq="13">in<GreekSeq>11</GreekSeq></word><word seq="14">three<GreekSeq>12</GreekSeq></word><word seq="15">days.’”<GreekSeq>13</GreekSeq></word></ESV></verse>
<verse number="62"><ESV><word seq="1">And<GreekSeq>1</GreekSeq></word><word seq="2">the<GreekSeq>3</GreekSeq></word><word seq="3">high priest<GreekSeq>4</GreekSeq></word><word seq="4">stood up<GreekSeq>2</GreekSeq></word><word seq="5">and</word><word seq="6">said,<GreekSeq>5</GreekSeq></word><word seq="7">“Have you<GreekSeq>8</GreekSeq></word><word seq="8">no<GreekSeq>7</GreekSeq></word><word seq="9">answer to make?<GreekSeq>8</GreekSeq></word><word seq="10">What<GreekSeq>9</GreekSeq></word><word seq="11">is it that</word><word seq="12">these men<GreekSeq>10</GreekSeq></word><word seq="13">testify against<GreekSeq>12</GreekSeq></word><word seq="14">you?”<GreekSeq>11</GreekSeq></word></ESV></verse>
<verse number="63"><ESV><word seq="1">But<GreekSeq>2</GreekSeq></word><word seq="2">Jesus<GreekSeq>3</GreekSeq></word><word seq="3">remained silent.<GreekSeq>4</GreekSeq></word><word seq="4">And<GreekSeq>5</GreekSeq></word><word seq="5">the<GreekSeq>6</GreekSeq></word><word seq="6">high priest<GreekSeq>7</GreekSeq></word><word seq="7">said<GreekSeq>8</GreekSeq></word><word seq="8">to him,<GreekSeq>9</GreekSeq></word><word seq="9">“I adjure<GreekSeq>10</GreekSeq></word><word seq="10">you<GreekSeq>11</GreekSeq></word><word seq="11">by<GreekSeq>12</GreekSeq></word><word seq="12">the<GreekSeq>13</GreekSeq></word><word seq="13">living<GreekSeq>16</GreekSeq></word><word seq="14">God,<GreekSeq>14</GreekSeq></word><word seq="15">tell<GreekSeq>19</GreekSeq></word><word seq="16">us<GreekSeq>18</GreekSeq></word><word seq="17">if<GreekSeq>20</GreekSeq></word><word seq="18">you<GreekSeq>21</GreekSeq></word><word seq="19">are<GreekSeq>22</GreekSeq></word><word seq="20">the<GreekSeq>23</GreekSeq></word><word seq="21">Christ,<GreekSeq>24</GreekSeq></word><word seq="22">the<GreekSeq>25</GreekSeq></word><word seq="23">Son<GreekSeq>26</GreekSeq></word><word seq="24">of God.”<GreekSeq>28</GreekSeq></word></ESV></verse>
<verse number="64"><ESV><word seq="1">Jesus<GreekSeq>4</GreekSeq></word><word seq="2">said<GreekSeq>1</GreekSeq></word><word seq="3">to him,<GreekSeq>2</GreekSeq></word><word seq="4">“You<GreekSeq>5</GreekSeq></word><word seq="5">have said<GreekSeq>6</GreekSeq></word><word seq="6">so.</word><word seq="7">But<GreekSeq>7</GreekSeq></word><word seq="8">I tell<GreekSeq>8</GreekSeq></word><word seq="9">you,<GreekSeq>9</GreekSeq></word><word seq="10">from<GreekSeq>10</GreekSeq></word><word seq="11">now on<GreekSeq>11</GreekSeq></word><word seq="12">you will see<GreekSeq>12</GreekSeq></word><word seq="13">the<GreekSeq>13</GreekSeq></word><word seq="14">Son<GreekSeq>14</GreekSeq></word><word seq="15">of Man<GreekSeq>16</GreekSeq></word><word seq="16">seated<GreekSeq>17</GreekSeq></word><word seq="17">at<GreekSeq>18</GreekSeq></word><word seq="18">the<GreekSeq>20</GreekSeq></word><word seq="19">right hand<GreekSeq>19</GreekSeq></word><word seq="20">of Power<GreekSeq>21</GreekSeq></word><word seq="21">and<GreekSeq>22</GreekSeq></word><word seq="22">coming<GreekSeq>23</GreekSeq></word><word seq="23">on<GreekSeq>24</GreekSeq></word><word seq="24">the<GreekSeq>25</GreekSeq></word><word seq="25">clouds<GreekSeq>26</GreekSeq></word><word seq="26">of heaven.”<GreekSeq>28</GreekSeq></word></ESV></verse>
<verse number="65"><ESV><word seq="1">Then<GreekSeq>1</GreekSeq></word><word seq="2">the<GreekSeq>2</GreekSeq></word><word seq="3">high priest<GreekSeq>3</GreekSeq></word><word seq="4">tore<GreekSeq>4</GreekSeq></word><word seq="5">his<GreekSeq>7</GreekSeq></word><word seq="6">robes<GreekSeq>6</GreekSeq></word><word seq="7">and</word><word seq="8">said,<GreekSeq>8</GreekSeq></word><word seq="9">“He has uttered blasphemy.<GreekSeq>9</GreekSeq></word><word seq="10">What<GreekSeq>10</GreekSeq></word><word seq="11">further<GreekSeq>11</GreekSeq></word><word seq="12">witnesses<GreekSeq>14</GreekSeq></word><word seq="13">do</word><word seq="14">we need?<GreekSeq>12</GreekSeq><GreekSeq>13</GreekSeq></word><word seq="15">You have<GreekSeq>17</GreekSeq></word><word seq="16">now<GreekSeq>16</GreekSeq></word><word seq="17">heard<GreekSeq>17</GreekSeq></word><word seq="18" note="Base of different Greek: αὐτοῦ(846)">his</word><word seq="19">blasphemy.<GreekSeq>19</GreekSeq></word></ESV></verse>
<verse number="66"><ESV><word seq="1">What<GreekSeq>1</GreekSeq></word><word seq="2">is<GreekSeq>3</GreekSeq></word><word seq="3">your<GreekSeq>2</GreekSeq></word><word seq="4">judgment?”<GreekSeq>3</GreekSeq></word><word seq="5">They<GreekSeq>4</GreekSeq></word><word seq="6">answered,<GreekSeq>6</GreekSeq></word><word seq="7">“He<GreekSeq>10</GreekSeq></word><word seq="8">deserves<GreekSeq>8</GreekSeq></word><word seq="9">death.”<GreekSeq>9</GreekSeq></word></ESV></verse>
<verse number="67"><ESV><word seq="1">Then<GreekSeq>1</GreekSeq></word><word seq="2">they spit<GreekSeq>2</GreekSeq></word><word seq="3">in<GreekSeq>3</GreekSeq></word><word seq="4">his<GreekSeq>6</GreekSeq></word><word seq="5">face<GreekSeq>5</GreekSeq></word><word seq="6">and<GreekSeq>7</GreekSeq></word><word seq="7">struck<GreekSeq>8</GreekSeq></word><word seq="8">him.<GreekSeq>9</GreekSeq></word><word seq="9">And<GreekSeq>11</GreekSeq></word><word seq="10">some<GreekSeq>10</GreekSeq></word><word seq="11">slapped<GreekSeq>12</GreekSeq></word><word seq="12">him,</word></ESV></verse>
<verse number="68"><ESV><word seq="1">saying,<GreekSeq>1</GreekSeq></word><word seq="2">“Prophesy<GreekSeq>2</GreekSeq></word><word seq="3">to us,<GreekSeq>3</GreekSeq></word><word seq="4">[you] Christ!<GreekSeq>4</GreekSeq></word><word seq="5">Who<GreekSeq>5</GreekSeq></word><word seq="6">is<GreekSeq>6</GreekSeq></word><word seq="7">it<GreekSeq>7</GreekSeq></word><word seq="8">that struck<GreekSeq>8</GreekSeq></word><word seq="9">you?”<GreekSeq>9</GreekSeq></word></ESV></verse>
<verse number="69"><ESV><word seq="1">Now<GreekSeq>2</GreekSeq></word><word seq="2">Peter<GreekSeq>3</GreekSeq></word><word seq="3">was sitting<GreekSeq>4</GreekSeq></word><word seq="4">outside<GreekSeq>5</GreekSeq></word><word seq="5">in<GreekSeq>6</GreekSeq></word><word seq="6">the<GreekSeq>7</GreekSeq></word><word seq="7">courtyard.<GreekSeq>8</GreekSeq></word><word seq="8">And<GreekSeq>9</GreekSeq></word><word seq="9">a<GreekSeq>12</GreekSeq></word><word seq="10">servant girl<GreekSeq>13</GreekSeq></word><word seq="11">came up to<GreekSeq>10</GreekSeq></word><word seq="12">him<GreekSeq>11</GreekSeq></word><word seq="13">and</word><word seq="14">said,<GreekSeq>14</GreekSeq></word><word seq="15">“You<GreekSeq>16</GreekSeq></word><word seq="16">also<GreekSeq>15</GreekSeq></word><word seq="17">were<GreekSeq>17</GreekSeq></word><word seq="18">with<GreekSeq>18</GreekSeq></word><word seq="19">Jesus<GreekSeq>19</GreekSeq></word><word seq="20">the<GreekSeq>20</GreekSeq></word><word seq="21">Galilean.”<GreekSeq>21</GreekSeq></word></ESV></verse>
<verse number="70"><ESV><word seq="1">But<GreekSeq>2</GreekSeq></word><word seq="2">he<GreekSeq>1</GreekSeq></word><word seq="3">denied<GreekSeq>3</GreekSeq></word><word seq="4">it</word><word seq="5">before<GreekSeq>4</GreekSeq></word><word seq="6">[them] all,<GreekSeq>5</GreekSeq></word><word seq="7">saying,<GreekSeq>6</GreekSeq></word><word seq="8">“I do<GreekSeq>8</GreekSeq></word><word seq="9">not<GreekSeq>7</GreekSeq></word><word seq="10">know<GreekSeq>8</GreekSeq></word><word seq="11">what<GreekSeq>9</GreekSeq></word><word seq="12">you mean.”<GreekSeq>10</GreekSeq></word></ESV></verse>
<verse number="71"><ESV><word seq="1">And<GreekSeq>2</GreekSeq></word><word seq="2">when he went out<GreekSeq>1</GreekSeq></word><word seq="3">to<GreekSeq>3</GreekSeq></word><word seq="4">the<GreekSeq>4</GreekSeq></word><word seq="5">entrance,<GreekSeq>5</GreekSeq></word><word seq="6">another [servant girl]<GreekSeq>8</GreekSeq></word><word seq="7">saw<GreekSeq>6</GreekSeq></word><word seq="8">him,<GreekSeq>7</GreekSeq></word><word seq="9">and<GreekSeq>9</GreekSeq></word><word seq="10">she said<GreekSeq>10</GreekSeq></word><word seq="11">to the<GreekSeq>11</GreekSeq></word><word seq="12">[bystanders],<GreekSeq>12</GreekSeq></word><word seq="13">“This man<GreekSeq>13</GreekSeq></word><word seq="14">was<GreekSeq>14</GreekSeq></word><word seq="15">with<GreekSeq>15</GreekSeq></word><word seq="16">Jesus<GreekSeq>16</GreekSeq></word><word seq="17">of Nazareth.”<GreekSeq>18</GreekSeq></word></ESV></verse>
<verse number="72"><ESV><word seq="1">And<GreekSeq>1</GreekSeq></word><word seq="2">again<GreekSeq>2</GreekSeq></word><word seq="3">he denied<GreekSeq>3</GreekSeq></word><word seq="4">it</word><word seq="5">with<GreekSeq>4</GreekSeq></word><word seq="6">an oath:<GreekSeq>5</GreekSeq></word><word seq="7">“I do<GreekSeq>8</GreekSeq></word><word seq="8">not<GreekSeq>7</GreekSeq></word><word seq="9">know<GreekSeq>8</GreekSeq></word><word seq="10">the<GreekSeq>9</GreekSeq></word><word seq="11">man.”<GreekSeq>10</GreekSeq></word></ESV></verse>
<verse number="73"><ESV><word seq="1">After<GreekSeq>1</GreekSeq></word><word seq="2">a little while<GreekSeq>2</GreekSeq></word><word seq="3">the<GreekSeq>5</GreekSeq></word><word seq="4">bystanders<GreekSeq>6</GreekSeq></word><word seq="5">came up<GreekSeq>4</GreekSeq></word><word seq="6">and</word><word seq="7">said<GreekSeq>7</GreekSeq></word><word seq="8">to Peter,<GreekSeq>9</GreekSeq></word><word seq="9">“Certainly<GreekSeq>10</GreekSeq></word><word seq="10">you<GreekSeq>12</GreekSeq></word><word seq="11">too<GreekSeq>11</GreekSeq></word><word seq="12">are<GreekSeq>15</GreekSeq></word><word seq="13">[one] of<GreekSeq>13</GreekSeq></word><word seq="14">them,<GreekSeq>14</GreekSeq></word><word seq="15">for<GreekSeq>17</GreekSeq></word><word seq="16">your<GreekSeq>20</GreekSeq></word><word seq="17">accent<GreekSeq>19</GreekSeq></word><word seq="18">betrays<GreekSeq>21</GreekSeq><GreekSeq>23</GreekSeq></word><word seq="19">you.”<GreekSeq>22</GreekSeq></word></ESV></verse>
<verse number="74"><ESV><word seq="1">Then<GreekSeq>1</GreekSeq></word><word seq="2">he began<GreekSeq>2</GreekSeq></word><word seq="3">to invoke a curse<GreekSeq>3</GreekSeq></word><word seq="4">on himself</word><word seq="5">and<GreekSeq>4</GreekSeq></word><word seq="6">to swear,<GreekSeq>5</GreekSeq></word><word seq="7">“I do<GreekSeq>8</GreekSeq></word><word seq="8">not<GreekSeq>7</GreekSeq></word><word seq="9">know<GreekSeq>8</GreekSeq></word><word seq="10">the<GreekSeq>9</GreekSeq></word><word seq="11">man.<GreekSeq>10</GreekSeq></word><word seq="12">”And<GreekSeq>11</GreekSeq></word><word seq="13">immediately<GreekSeq>12</GreekSeq></word><word seq="14">the rooster<GreekSeq>13</GreekSeq></word><word seq="15">crowed.<GreekSeq>14</GreekSeq></word></ESV></verse>
<verse number="75"><ESV><word seq="1">And<GreekSeq>1</GreekSeq></word><word seq="2">Peter<GreekSeq>4</GreekSeq></word><word seq="3">remembered<GreekSeq>2</GreekSeq></word><word seq="4">the<GreekSeq>5</GreekSeq></word><word seq="5">saying<GreekSeq>6</GreekSeq></word><word seq="6">of Jesus,<GreekSeq>7</GreekSeq></word><word seq="7">“Before<GreekSeq>10</GreekSeq></word><word seq="8">the rooster<GreekSeq>11</GreekSeq></word><word seq="9">crows,<GreekSeq>12</GreekSeq></word><word seq="10">you will deny<GreekSeq>14</GreekSeq></word><word seq="11">me<GreekSeq>15</GreekSeq></word><word seq="12">three times.”<GreekSeq>13</GreekSeq></word><word seq="13">And<GreekSeq>16</GreekSeq></word><word seq="14">he went<GreekSeq>17</GreekSeq></word><word seq="15">out<GreekSeq>18</GreekSeq></word><word seq="16">and</word><word seq="17">wept<GreekSeq>19</GreekSeq></word><word seq="18">bitterly.<GreekSeq>20</GreekSeq></word></ESV></verse></chapter></book>