<?xml version="1.0" encoding="UTF-8" standalone="no"?><book><chapter number="9">'<verse number="1"><ESV><word seq="1">And<GreekSeq>1</GreekSeq></word><word seq="2">getting<GreekSeq>2</GreekSeq></word><word seq="3">into<GreekSeq>3</GreekSeq></word><word seq="4">a boat<GreekSeq>4</GreekSeq></word><word seq="5">he crossed over<GreekSeq>5</GreekSeq></word><word seq="6">and<GreekSeq>6</GreekSeq></word><word seq="7">came<GreekSeq>7</GreekSeq></word><word seq="8">to<GreekSeq>8</GreekSeq></word><word seq="9">his own<GreekSeq>10</GreekSeq></word><word seq="10">city.<GreekSeq>11</GreekSeq></word></ESV></verse>
<verse number="2"><ESV><word seq="1">And<GreekSeq>1</GreekSeq></word><word seq="2">behold,<GreekSeq>2</GreekSeq></word><word seq="3">some people brought<GreekSeq>3</GreekSeq></word><word seq="4">to him<GreekSeq>4</GreekSeq></word><word seq="5">a paralytic,<GreekSeq>5</GreekSeq></word><word seq="6">lying<GreekSeq>8</GreekSeq></word><word seq="7">on<GreekSeq>6</GreekSeq></word><word seq="8">a bed.<GreekSeq>7</GreekSeq></word><word seq="9">And<GreekSeq>9</GreekSeq></word><word seq="10">when<GreekSeq>10</GreekSeq></word><word seq="11">Jesus<GreekSeq>12</GreekSeq></word><word seq="12">saw<GreekSeq>10</GreekSeq></word><word seq="13">their<GreekSeq>15</GreekSeq></word><word seq="14">faith,<GreekSeq>14</GreekSeq></word><word seq="15">he said<GreekSeq>16</GreekSeq></word><word seq="16">to the<GreekSeq>17</GreekSeq></word><word seq="17">paralytic,<GreekSeq>18</GreekSeq></word><word seq="18">“Take heart,<GreekSeq>19</GreekSeq></word><word seq="19">[my] son;<GreekSeq>20</GreekSeq></word><word seq="20">your<GreekSeq>22</GreekSeq></word><word seq="21">sins<GreekSeq>24</GreekSeq></word><word seq="22">are forgiven.”<GreekSeq>21</GreekSeq></word></ESV></verse>
<verse number="3"><ESV><word seq="1">And<GreekSeq>1</GreekSeq></word><word seq="2">behold,<GreekSeq>2</GreekSeq></word><word seq="3">some<GreekSeq>3</GreekSeq></word><word seq="4">of the<GreekSeq>4</GreekSeq></word><word seq="5">scribes<GreekSeq>5</GreekSeq></word><word seq="6">said<GreekSeq>6</GreekSeq></word><word seq="7">to<GreekSeq>7</GreekSeq></word><word seq="8">themselves,<GreekSeq>8</GreekSeq></word><word seq="9">“This man<GreekSeq>9</GreekSeq></word><word seq="10">is blaspheming.”<GreekSeq>10</GreekSeq></word></ESV></verse>
<verse number="4"><ESV><word seq="1">But<GreekSeq>1</GreekSeq></word><word seq="2">Jesus,<GreekSeq>4</GreekSeq></word><word seq="3">knowing<GreekSeq>2</GreekSeq></word><word seq="4">their<GreekSeq>7</GreekSeq></word><word seq="5">thoughts,<GreekSeq>6</GreekSeq></word><word seq="6">said,<GreekSeq>8</GreekSeq></word><word seq="7">“Why<GreekSeq>9</GreekSeq></word><word seq="8">do</word><word seq="9">you think<GreekSeq>10</GreekSeq></word><word seq="10">evil<GreekSeq>11</GreekSeq></word><word seq="11">in<GreekSeq>12</GreekSeq></word><word seq="12">your<GreekSeq>15</GreekSeq></word><word seq="13">hearts?<GreekSeq>14</GreekSeq></word></ESV></verse>
<verse number="5"><ESV><word seq="1">For<GreekSeq>2</GreekSeq></word><word seq="2">which<GreekSeq>1</GreekSeq></word><word seq="3">is<GreekSeq>3</GreekSeq></word><word seq="4">easier,<GreekSeq>4</GreekSeq></word><word seq="5">to say,<GreekSeq>5</GreekSeq></word><word seq="6">‘Your<GreekSeq>7</GreekSeq></word><word seq="7">sins<GreekSeq>9</GreekSeq></word><word seq="8">are forgiven,’<GreekSeq>6</GreekSeq></word><word seq="9">or<GreekSeq>10</GreekSeq></word><word seq="10">to say,<GreekSeq>11</GreekSeq></word><word seq="11">‘Rise<GreekSeq>12</GreekSeq></word><word seq="12">and<GreekSeq>13</GreekSeq></word><word seq="13">walk’?<GreekSeq>14</GreekSeq></word></ESV></verse>
<verse number="6"><ESV><word seq="1">But<GreekSeq>2</GreekSeq></word><word seq="2">that<GreekSeq>1</GreekSeq></word><word seq="3">you may know<GreekSeq>3</GreekSeq></word><word seq="4">that<GreekSeq>4</GreekSeq></word><word seq="5">the<GreekSeq>7</GreekSeq></word><word seq="6">Son<GreekSeq>8</GreekSeq></word><word seq="7">of Man<GreekSeq>10</GreekSeq></word><word seq="8">has<GreekSeq>6</GreekSeq></word><word seq="9">authority<GreekSeq>5</GreekSeq></word><word seq="10">on<GreekSeq>11</GreekSeq></word><word seq="11">earth<GreekSeq>13</GreekSeq></word><word seq="12">to forgive<GreekSeq>14</GreekSeq></word><word seq="13">sins”<GreekSeq>15</GreekSeq></word><word seq="14">—he<GreekSeq>17</GreekSeq></word><word seq="15">then<GreekSeq>16</GreekSeq></word><word seq="16">said<GreekSeq>17</GreekSeq></word><word seq="17">to the<GreekSeq>18</GreekSeq></word><word seq="18">paralytic —<GreekSeq>19</GreekSeq></word><word seq="19">“Rise,<GreekSeq>20</GreekSeq></word><word seq="20">pick up<GreekSeq>21</GreekSeq></word><word seq="21">your<GreekSeq>22</GreekSeq></word><word seq="22">bed<GreekSeq>24</GreekSeq></word><word seq="23">and<GreekSeq>25</GreekSeq></word><word seq="24">go<GreekSeq>26</GreekSeq></word><word seq="25">home.”<GreekSeq>29</GreekSeq></word></ESV></verse>
<verse number="7"><ESV><word seq="1">And<GreekSeq>1</GreekSeq></word><word seq="2">he rose<GreekSeq>2</GreekSeq></word><word seq="3">and</word><word seq="4">went<GreekSeq>3</GreekSeq></word><word seq="5">home.<GreekSeq>6</GreekSeq></word></ESV></verse>
<verse number="8"><ESV><word seq="1">When<GreekSeq>2</GreekSeq></word><word seq="2">the<GreekSeq>3</GreekSeq></word><word seq="3">crowds<GreekSeq>4</GreekSeq></word><word seq="4">saw<GreekSeq>1</GreekSeq></word><word seq="5">it,</word><word seq="6">they were afraid,<GreekSeq>5</GreekSeq></word><word seq="7">and<GreekSeq>6</GreekSeq></word><word seq="8">they glorified<GreekSeq>7</GreekSeq></word><word seq="9">God,<GreekSeq>9</GreekSeq></word><word seq="10">who had given<GreekSeq>11</GreekSeq></word><word seq="11">such<GreekSeq>13</GreekSeq></word><word seq="12">authority<GreekSeq>12</GreekSeq></word><word seq="13">to men.<GreekSeq>15</GreekSeq></word></ESV></verse>
<verse number="9"><ESV><word seq="1">As<GreekSeq>2</GreekSeq></word><word seq="2">Jesus<GreekSeq>4</GreekSeq></word><word seq="3">passed on<GreekSeq>2</GreekSeq></word><word seq="4">from there,<GreekSeq>5</GreekSeq></word><word seq="5">he saw<GreekSeq>6</GreekSeq></word><word seq="6">a man<GreekSeq>7</GreekSeq></word><word seq="7">called<GreekSeq>13</GreekSeq></word><word seq="8">Matthew<GreekSeq>12</GreekSeq></word><word seq="9">sitting<GreekSeq>8</GreekSeq></word><word seq="10">at<GreekSeq>9</GreekSeq></word><word seq="11">the<GreekSeq>10</GreekSeq></word><word seq="12">tax booth,<GreekSeq>11</GreekSeq></word><word seq="13">and<GreekSeq>14</GreekSeq></word><word seq="14">he said<GreekSeq>15</GreekSeq></word><word seq="15">to him,<GreekSeq>16</GreekSeq></word><word seq="16">“Follow<GreekSeq>17</GreekSeq></word><word seq="17">me.”<GreekSeq>18</GreekSeq></word><word seq="18">And<GreekSeq>19</GreekSeq></word><word seq="19">he rose<GreekSeq>20</GreekSeq></word><word seq="20">and</word><word seq="21">followed<GreekSeq>21</GreekSeq></word><word seq="22">him.<GreekSeq>22</GreekSeq></word></ESV></verse>
<verse number="10"><ESV><word seq="1">And<GreekSeq>1</GreekSeq></word><word seq="2">as<GreekSeq>4</GreekSeq></word><word seq="3">[Jesus]<GreekSeq>3</GreekSeq></word><word seq="4">reclined at table<GreekSeq>4</GreekSeq></word><word seq="5">in<GreekSeq>5</GreekSeq></word><word seq="6">the<GreekSeq>6</GreekSeq></word><word seq="7">house,<GreekSeq>7</GreekSeq></word><word seq="8">behold,<GreekSeq>9</GreekSeq></word><word seq="9">many<GreekSeq>10</GreekSeq></word><word seq="10">tax collectors<GreekSeq>11</GreekSeq></word><word seq="11">and<GreekSeq>12</GreekSeq></word><word seq="12">sinners<GreekSeq>13</GreekSeq></word><word seq="13">came<GreekSeq>14</GreekSeq></word><word seq="14">and</word><word seq="15">were reclining with<GreekSeq>15</GreekSeq></word><word seq="16">Jesus<GreekSeq>17</GreekSeq></word><word seq="17">and<GreekSeq>18</GreekSeq></word><word seq="18">his<GreekSeq>21</GreekSeq></word><word seq="19">disciples.<GreekSeq>20</GreekSeq></word></ESV></verse>
<verse number="11"><ESV><word seq="1">And<GreekSeq>1</GreekSeq></word><word seq="2">when<GreekSeq>2</GreekSeq></word><word seq="3">the<GreekSeq>3</GreekSeq></word><word seq="4">Pharisees<GreekSeq>4</GreekSeq></word><word seq="5">saw<GreekSeq>2</GreekSeq></word><word seq="6">this,</word><word seq="7">they said to<GreekSeq>5</GreekSeq></word><word seq="8">his<GreekSeq>8</GreekSeq></word><word seq="9">disciples,<GreekSeq>7</GreekSeq></word><word seq="10">“Why<GreekSeq>9</GreekSeq><GreekSeq>10</GreekSeq></word><word seq="11">does</word><word seq="12">your<GreekSeq>19</GreekSeq></word><word seq="13">teacher<GreekSeq>18</GreekSeq></word><word seq="14">eat<GreekSeq>16</GreekSeq></word><word seq="15">with<GreekSeq>11</GreekSeq></word><word seq="16">tax collectors<GreekSeq>13</GreekSeq></word><word seq="17">and<GreekSeq>14</GreekSeq></word><word seq="18">sinners?”<GreekSeq>15</GreekSeq></word></ESV></verse>
<verse number="12"><ESV><word seq="1">But<GreekSeq>2</GreekSeq></word><word seq="2">when<GreekSeq>3</GreekSeq></word><word seq="3">he<GreekSeq>1</GreekSeq></word><word seq="4">heard<GreekSeq>3</GreekSeq></word><word seq="5">it,</word><word seq="6">he said,<GreekSeq>4</GreekSeq></word><word seq="7">“Those<GreekSeq>8</GreekSeq></word><word seq="8">who are well<GreekSeq>9</GreekSeq></word><word seq="9">have<GreekSeq>7</GreekSeq></word><word seq="10">no<GreekSeq>5</GreekSeq></word><word seq="11">need<GreekSeq>6</GreekSeq></word><word seq="12">of a physician,<GreekSeq>10</GreekSeq></word><word seq="13">but<GreekSeq>11</GreekSeq></word><word seq="14">those<GreekSeq>12</GreekSeq></word><word seq="15">who are<GreekSeq>14</GreekSeq></word><word seq="16">sick.<GreekSeq>13</GreekSeq></word></ESV></verse>
<verse number="13"><ESV><word seq="1">Go<GreekSeq>1</GreekSeq></word><word seq="2">and<GreekSeq>2</GreekSeq></word><word seq="3">learn<GreekSeq>3</GreekSeq></word><word seq="4">what<GreekSeq>4</GreekSeq></word><word seq="5">this means,<GreekSeq>5</GreekSeq></word><word seq="6">‘I desire<GreekSeq>7</GreekSeq></word><word seq="7">mercy,<GreekSeq>6</GreekSeq></word><word seq="8">and<GreekSeq>8</GreekSeq></word><word seq="9">not<GreekSeq>9</GreekSeq></word><word seq="10">sacrifice.’<GreekSeq>10</GreekSeq></word><word seq="11">For<GreekSeq>12</GreekSeq></word><word seq="12">I came<GreekSeq>13</GreekSeq></word><word seq="13">not<GreekSeq>11</GreekSeq></word><word seq="14">to call<GreekSeq>14</GreekSeq></word><word seq="15">the righteous,<GreekSeq>15</GreekSeq></word><word seq="16">but<GreekSeq>16</GreekSeq></word><word seq="17">sinners.”<GreekSeq>17</GreekSeq></word></ESV></verse>
<verse number="14"><ESV><word seq="1">Then<GreekSeq>1</GreekSeq></word><word seq="2">the<GreekSeq>4</GreekSeq></word><word seq="3">disciples<GreekSeq>5</GreekSeq></word><word seq="4">of John<GreekSeq>6</GreekSeq></word><word seq="5">came<GreekSeq>2</GreekSeq></word><word seq="6">to him,<GreekSeq>3</GreekSeq></word><word seq="7">saying,<GreekSeq>7</GreekSeq></word><word seq="8">“Why<GreekSeq>8</GreekSeq><GreekSeq>9</GreekSeq></word><word seq="9">do</word><word seq="10">we<GreekSeq>10</GreekSeq></word><word seq="11">and<GreekSeq>11</GreekSeq></word><word seq="12">the<GreekSeq>12</GreekSeq></word><word seq="13">Pharisees<GreekSeq>13</GreekSeq></word><word seq="14">fast,<GreekSeq>14</GreekSeq></word><word seq="15">but<GreekSeq>17</GreekSeq></word><word seq="16">your<GreekSeq>19</GreekSeq></word><word seq="17">disciples<GreekSeq>18</GreekSeq></word><word seq="18">do</word><word seq="19">not<GreekSeq>20</GreekSeq></word><word seq="20">fast?”<GreekSeq>21</GreekSeq></word></ESV></verse>
<verse number="15"><ESV><word seq="1">And<GreekSeq>1</GreekSeq></word><word seq="2">Jesus<GreekSeq>5</GreekSeq></word><word seq="3">said<GreekSeq>2</GreekSeq></word><word seq="4">to them,<GreekSeq>3</GreekSeq></word><word seq="5">“Can<GreekSeq>7</GreekSeq></word><word seq="6">the<GreekSeq>9</GreekSeq></word><word seq="7">wedding<GreekSeq>11</GreekSeq></word><word seq="8">guests<GreekSeq>9</GreekSeq></word><word seq="9">mourn<GreekSeq>12</GreekSeq></word><word seq="10">as long as<GreekSeq>13</GreekSeq><GreekSeq>14</GreekSeq></word><word seq="11">the<GreekSeq>18</GreekSeq></word><word seq="12">bridegroom<GreekSeq>19</GreekSeq></word><word seq="13">is<GreekSeq>17</GreekSeq></word><word seq="14">with<GreekSeq>15</GreekSeq></word><word seq="15">them?<GreekSeq>16</GreekSeq></word><word seq="16">The<GreekSeq>21</GreekSeq></word><word seq="17">days<GreekSeq>22</GreekSeq></word><word seq="18">will come<GreekSeq>20</GreekSeq></word><word seq="19">when<GreekSeq>23</GreekSeq></word><word seq="20">the<GreekSeq>27</GreekSeq></word><word seq="21">bridegroom<GreekSeq>28</GreekSeq></word><word seq="22">is taken away<GreekSeq>24</GreekSeq></word><word seq="23">from<GreekSeq>25</GreekSeq></word><word seq="24">them,<GreekSeq>26</GreekSeq></word><word seq="25">and<GreekSeq>29</GreekSeq></word><word seq="26">then<GreekSeq>30</GreekSeq></word><word seq="27">they will fast.<GreekSeq>31</GreekSeq></word></ESV></verse>
<verse number="16"><ESV><word seq="1">No one<GreekSeq>1</GreekSeq></word><word seq="2">puts<GreekSeq>3</GreekSeq></word><word seq="3">a piece<GreekSeq>4</GreekSeq></word><word seq="4">of unshrunk<GreekSeq>6</GreekSeq></word><word seq="5">cloth<GreekSeq>5</GreekSeq></word><word seq="6">on<GreekSeq>7</GreekSeq></word><word seq="7">an old<GreekSeq>9</GreekSeq></word><word seq="8">garment,<GreekSeq>8</GreekSeq></word><word seq="9">for<GreekSeq>11</GreekSeq></word><word seq="10">the<GreekSeq>12</GreekSeq></word><word seq="11">patch<GreekSeq>13</GreekSeq></word><word seq="12">tears away<GreekSeq>10</GreekSeq></word><word seq="13">from<GreekSeq>15</GreekSeq></word><word seq="14">the<GreekSeq>16</GreekSeq></word><word seq="15">garment,<GreekSeq>17</GreekSeq></word><word seq="16">and<GreekSeq>18</GreekSeq></word><word seq="17">a worse<GreekSeq>19</GreekSeq></word><word seq="18">tear<GreekSeq>20</GreekSeq></word><word seq="19">is made.<GreekSeq>21</GreekSeq></word></ESV></verse>
<verse number="17"><ESV><word seq="1">Neither<GreekSeq>1</GreekSeq></word><word seq="2">is</word><word seq="3">new<GreekSeq>4</GreekSeq></word><word seq="4">wine<GreekSeq>3</GreekSeq></word><word seq="5">put<GreekSeq>2</GreekSeq></word><word seq="6">into<GreekSeq>5</GreekSeq></word><word seq="7">old<GreekSeq>7</GreekSeq></word><word seq="8">wineskins.<GreekSeq>6</GreekSeq></word><word seq="9" note="εἰ δὲ μή (γε) Strong Code (1490)">If it is,<GreekSeq>8</GreekSeq><GreekSeq>9</GreekSeq><GreekSeq>10</GreekSeq><GreekSeq>11</GreekSeq></word><word seq="10">the<GreekSeq>13</GreekSeq></word><word seq="11">skins<GreekSeq>14</GreekSeq></word><word seq="12">burst<GreekSeq>12</GreekSeq></word><word seq="13">and<GreekSeq>15</GreekSeq></word><word seq="14">the<GreekSeq>16</GreekSeq></word><word seq="15">wine<GreekSeq>17</GreekSeq></word><word seq="16">is spilled<GreekSeq>18</GreekSeq></word><word seq="17">and<GreekSeq>19</GreekSeq></word><word seq="18">the<GreekSeq>20</GreekSeq></word><word seq="19">skins<GreekSeq>21</GreekSeq></word><word seq="20">are destroyed.<GreekSeq>22</GreekSeq></word><word seq="21">But<GreekSeq>23</GreekSeq></word><word seq="22">new<GreekSeq>26</GreekSeq></word><word seq="23">wine<GreekSeq>25</GreekSeq></word><word seq="24">is put<GreekSeq>24</GreekSeq></word><word seq="25">into<GreekSeq>27</GreekSeq></word><word seq="26">fresh<GreekSeq>29</GreekSeq></word><word seq="27">wineskins,<GreekSeq>28</GreekSeq></word><word seq="28">and<GreekSeq>30</GreekSeq></word><word seq="29">so</word><word seq="30">both<GreekSeq>31</GreekSeq></word><word seq="31">are preserved.”<GreekSeq>32</GreekSeq></word></ESV></verse>
<verse number="18"><ESV><word seq="1">While<GreekSeq>3</GreekSeq></word><word seq="2">he<GreekSeq>2</GreekSeq></word><word seq="3">was saying<GreekSeq>3</GreekSeq></word><word seq="4">these things<GreekSeq>1</GreekSeq></word><word seq="5">to them,<GreekSeq>4</GreekSeq></word><word seq="6">behold,<GreekSeq>5</GreekSeq></word><word seq="7">a<GreekSeq>7</GreekSeq></word><word seq="8">ruler<GreekSeq>6</GreekSeq></word><word seq="9">came<GreekSeq>8</GreekSeq></word><word seq="10">in and</word><word seq="11">knelt before<GreekSeq>9</GreekSeq></word><word seq="12">him,<GreekSeq>10</GreekSeq></word><word seq="13">saying,<GreekSeq>11</GreekSeq></word><word seq="14">“My<GreekSeq>15</GreekSeq></word><word seq="15">daughter<GreekSeq>14</GreekSeq></word><word seq="16">has<GreekSeq>17</GreekSeq></word><word seq="17">just<GreekSeq>16</GreekSeq></word><word seq="18">died,<GreekSeq>17</GreekSeq></word><word seq="19">but<GreekSeq>18</GreekSeq></word><word seq="20">come<GreekSeq>19</GreekSeq></word><word seq="21">and</word><word seq="22">lay<GreekSeq>20</GreekSeq></word><word seq="23">your<GreekSeq>23</GreekSeq></word><word seq="24">hand<GreekSeq>22</GreekSeq></word><word seq="25">on<GreekSeq>24</GreekSeq></word><word seq="26">her,<GreekSeq>25</GreekSeq></word><word seq="27">and<GreekSeq>26</GreekSeq></word><word seq="28">she will live.”<GreekSeq>27</GreekSeq></word></ESV></verse>
<verse number="19"><ESV><word seq="1">And<GreekSeq>1</GreekSeq></word><word seq="2">Jesus<GreekSeq>4</GreekSeq></word><word seq="3">rose<GreekSeq>2</GreekSeq></word><word seq="4">and</word><word seq="5">followed<GreekSeq>5</GreekSeq></word><word seq="6">him,<GreekSeq>6</GreekSeq></word><word seq="7">with<GreekSeq>7</GreekSeq></word><word seq="8">his<GreekSeq>10</GreekSeq></word><word seq="9">disciples.<GreekSeq>9</GreekSeq></word></ESV></verse>
<verse number="20"><ESV><word seq="1">And<GreekSeq>1</GreekSeq></word><word seq="2">behold,<GreekSeq>2</GreekSeq></word><word seq="3">a woman<GreekSeq>3</GreekSeq></word><word seq="4">who had suffered from a discharge of blood<GreekSeq>4</GreekSeq></word><word seq="5">for</word><word seq="6">twelve<GreekSeq>5</GreekSeq></word><word seq="7">years<GreekSeq>6</GreekSeq></word><word seq="8">came up<GreekSeq>7</GreekSeq></word><word seq="9">behind<GreekSeq>8</GreekSeq></word><word seq="10">him and</word><word seq="11">touched<GreekSeq>9</GreekSeq></word><word seq="12">the<GreekSeq>10</GreekSeq></word><word seq="13">fringe of<GreekSeq>11</GreekSeq></word><word seq="14">his<GreekSeq>14</GreekSeq></word><word seq="15">garment,<GreekSeq>13</GreekSeq></word></ESV></verse>
<verse number="21"><ESV><word seq="1">for<GreekSeq>2</GreekSeq></word><word seq="2">she said<GreekSeq>1</GreekSeq></word><word seq="3">to<GreekSeq>3</GreekSeq></word><word seq="4">herself,<GreekSeq>4</GreekSeq></word><word seq="5">“If<GreekSeq>5</GreekSeq></word><word seq="6">I<GreekSeq>7</GreekSeq></word><word seq="7">only<GreekSeq>6</GreekSeq></word><word seq="8">touch<GreekSeq>7</GreekSeq></word><word seq="9">his<GreekSeq>10</GreekSeq></word><word seq="10">garment,<GreekSeq>9</GreekSeq></word><word seq="11">I will be made well.”<GreekSeq>11</GreekSeq></word></ESV></verse>
<verse number="22"><ESV><word seq="1">Jesus<GreekSeq>3</GreekSeq></word><word seq="2">turned,<GreekSeq>4</GreekSeq></word><word seq="3">and<GreekSeq>5</GreekSeq></word><word seq="4">seeing<GreekSeq>6</GreekSeq></word><word seq="5">her<GreekSeq>7</GreekSeq></word><word seq="6">he said,<GreekSeq>8</GreekSeq></word><word seq="7">“Take heart,<GreekSeq>9</GreekSeq></word><word seq="8">daughter;<GreekSeq>10</GreekSeq></word><word seq="9">your<GreekSeq>13</GreekSeq></word><word seq="10">faith<GreekSeq>12</GreekSeq></word><word seq="11">has made<GreekSeq>14</GreekSeq></word><word seq="12">you<GreekSeq>15</GreekSeq></word><word seq="13">well.”<GreekSeq>14</GreekSeq></word><word seq="14">And<GreekSeq>16</GreekSeq></word><word seq="15">instantly<GreekSeq>20</GreekSeq><GreekSeq>21</GreekSeq><GreekSeq>22</GreekSeq><GreekSeq>23</GreekSeq></word><word seq="16">the<GreekSeq>18</GreekSeq></word><word seq="17">woman<GreekSeq>19</GreekSeq></word><word seq="18">was made well.<GreekSeq>17</GreekSeq></word></ESV></verse>
<verse number="23"><ESV><word seq="1">And<GreekSeq>1</GreekSeq></word><word seq="2">when<GreekSeq>2</GreekSeq></word><word seq="3">Jesus<GreekSeq>4</GreekSeq></word><word seq="4">came<GreekSeq>2</GreekSeq></word><word seq="5">to<GreekSeq>5</GreekSeq></word><word seq="6">the<GreekSeq>6</GreekSeq></word><word seq="7">ruler’s<GreekSeq>9</GreekSeq></word><word seq="8">house<GreekSeq>7</GreekSeq></word><word seq="9">and<GreekSeq>10</GreekSeq></word><word seq="10">saw<GreekSeq>11</GreekSeq></word><word seq="11">the<GreekSeq>12</GreekSeq></word><word seq="12">flute players<GreekSeq>13</GreekSeq></word><word seq="13">and<GreekSeq>14</GreekSeq></word><word seq="14">the<GreekSeq>15</GreekSeq></word><word seq="15">crowd<GreekSeq>16</GreekSeq></word><word seq="16">making a commotion,<GreekSeq>17</GreekSeq></word></ESV></verse>
<verse number="24"><ESV><word seq="1">he said,<GreekSeq>1</GreekSeq></word><word seq="2">“Go away,<GreekSeq>2</GreekSeq></word><word seq="3">for<GreekSeq>4</GreekSeq></word><word seq="4">the<GreekSeq>6</GreekSeq></word><word seq="5">girl<GreekSeq>7</GreekSeq></word><word seq="6">is<GreekSeq>5</GreekSeq></word><word seq="7">not<GreekSeq>3</GreekSeq></word><word seq="8">dead<GreekSeq>5</GreekSeq></word><word seq="9">but<GreekSeq>8</GreekSeq></word><word seq="10">sleeping.<GreekSeq>9</GreekSeq></word><word seq="11">”And<GreekSeq>10</GreekSeq></word><word seq="12">they laughed<GreekSeq>11</GreekSeq></word><word seq="13">at him.<GreekSeq>12</GreekSeq></word></ESV></verse>
<verse number="25"><ESV><word seq="1">But<GreekSeq>2</GreekSeq></word><word seq="2">when<GreekSeq>1</GreekSeq></word><word seq="3">the<GreekSeq>4</GreekSeq></word><word seq="4">crowd<GreekSeq>5</GreekSeq></word><word seq="5">had been put outside,<GreekSeq>3</GreekSeq></word><word seq="6">he went in<GreekSeq>6</GreekSeq></word><word seq="7">and</word><word seq="8">took<GreekSeq>7</GreekSeq></word><word seq="9">her<GreekSeq>10</GreekSeq></word><word seq="10">by the<GreekSeq>8</GreekSeq></word><word seq="11">hand,<GreekSeq>9</GreekSeq></word><word seq="12">and<GreekSeq>11</GreekSeq></word><word seq="13">the<GreekSeq>13</GreekSeq></word><word seq="14">girl<GreekSeq>14</GreekSeq></word><word seq="15">arose.<GreekSeq>12</GreekSeq></word></ESV></verse>
<verse number="26"><ESV><word seq="1">And<GreekSeq>1</GreekSeq></word><word seq="2">the<GreekSeq>3</GreekSeq></word><word seq="3">report<GreekSeq>4</GreekSeq></word><word seq="4">of</word><word seq="5">this<GreekSeq>5</GreekSeq></word><word seq="6">went<GreekSeq>2</GreekSeq></word><word seq="7">through<GreekSeq>6</GreekSeq></word><word seq="8">all<GreekSeq>7</GreekSeq></word><word seq="9">that<GreekSeq>10</GreekSeq></word><word seq="10">district.<GreekSeq>9</GreekSeq></word></ESV></verse>
<verse number="27"><ESV><word seq="1">And<GreekSeq>1</GreekSeq></word><word seq="2">as<GreekSeq>2</GreekSeq></word><word seq="3">Jesus<GreekSeq>5</GreekSeq></word><word seq="4">passed on<GreekSeq>2</GreekSeq></word><word seq="5">from there,<GreekSeq>3</GreekSeq></word><word seq="6">two<GreekSeq>8</GreekSeq></word><word seq="7">blind men<GreekSeq>9</GreekSeq></word><word seq="8">followed<GreekSeq>6</GreekSeq></word><word seq="9">him,<GreekSeq>7</GreekSeq></word><word seq="10">crying aloud,<GreekSeq>10</GreekSeq></word><word seq="11">“Have mercy on<GreekSeq>13</GreekSeq></word><word seq="12">us,<GreekSeq>14</GreekSeq></word><word seq="13">Son<GreekSeq>15</GreekSeq></word><word seq="14">of David.”<GreekSeq>16</GreekSeq></word></ESV></verse>
<verse number="28"><ESV><word seq="1">When he entered<GreekSeq>1</GreekSeq></word><word seq="2">the<GreekSeq>4</GreekSeq></word><word seq="3">house,<GreekSeq>5</GreekSeq></word><word seq="4">the<GreekSeq>8</GreekSeq></word><word seq="5">blind men<GreekSeq>9</GreekSeq></word><word seq="6">came<GreekSeq>6</GreekSeq></word><word seq="7">to him,<GreekSeq>7</GreekSeq></word><word seq="8">and<GreekSeq>10</GreekSeq></word><word seq="9">Jesus<GreekSeq>14</GreekSeq></word><word seq="10">said<GreekSeq>11</GreekSeq></word><word seq="11">to them,<GreekSeq>12</GreekSeq></word><word seq="12">“Do</word><word seq="13">you believe<GreekSeq>15</GreekSeq></word><word seq="14">that<GreekSeq>16</GreekSeq></word><word seq="15">I am able<GreekSeq>17</GreekSeq></word><word seq="16">to do<GreekSeq>19</GreekSeq></word><word seq="17">this?”<GreekSeq>18</GreekSeq></word><word seq="18">They said<GreekSeq>20</GreekSeq></word><word seq="19">to him,<GreekSeq>21</GreekSeq></word><word seq="20">“Yes,<GreekSeq>22</GreekSeq></word><word seq="21">Lord.”<GreekSeq>23</GreekSeq></word></ESV></verse>
<verse number="29"><ESV><word seq="1">Then<GreekSeq>1</GreekSeq></word><word seq="2">he touched<GreekSeq>2</GreekSeq></word><word seq="3">their<GreekSeq>5</GreekSeq></word><word seq="4">eyes,<GreekSeq>4</GreekSeq></word><word seq="5">saying,<GreekSeq>6</GreekSeq></word><word seq="6">“According to<GreekSeq>7</GreekSeq></word><word seq="7">your<GreekSeq>10</GreekSeq></word><word seq="8">faith<GreekSeq>9</GreekSeq></word><word seq="9">be it done<GreekSeq>11</GreekSeq></word><word seq="10">to you.”<GreekSeq>12</GreekSeq></word></ESV></verse>
<verse number="30"><ESV><word seq="1">And<GreekSeq>1</GreekSeq></word><word seq="2">their<GreekSeq>3</GreekSeq></word><word seq="3">eyes<GreekSeq>5</GreekSeq></word><word seq="4">were opened.<GreekSeq>2</GreekSeq></word><word seq="5">And<GreekSeq>6</GreekSeq></word><word seq="6">Jesus<GreekSeq>10</GreekSeq></word><word seq="7">sternly warned<GreekSeq>7</GreekSeq></word><word seq="8">them,<GreekSeq>8</GreekSeq></word><word seq="9">“See<GreekSeq>12</GreekSeq></word><word seq="10">that</word><word seq="11">no one<GreekSeq>13</GreekSeq></word><word seq="12">knows about<GreekSeq>14</GreekSeq></word><word seq="13">it.”<GreekSeq>14</GreekSeq></word></ESV></verse>
<verse number="31"><ESV><word seq="1">But<GreekSeq>2</GreekSeq></word><word seq="2">they<GreekSeq>1</GreekSeq></word><word seq="3">went away<GreekSeq>3</GreekSeq></word><word seq="4">and</word><word seq="5">spread his fame<GreekSeq>4</GreekSeq><GreekSeq>5</GreekSeq></word><word seq="6">through<GreekSeq>6</GreekSeq></word><word seq="7">all<GreekSeq>7</GreekSeq></word><word seq="8">that<GreekSeq>10</GreekSeq></word><word seq="9">district.<GreekSeq>9</GreekSeq></word></ESV></verse>
<verse number="32"><ESV><word seq="1">As<GreekSeq>3</GreekSeq></word><word seq="2">they<GreekSeq>1</GreekSeq></word><word seq="3">were going away,<GreekSeq>3</GreekSeq></word><word seq="4">behold,<GreekSeq>4</GreekSeq></word><word seq="5">a demon-oppressed<GreekSeq>9</GreekSeq></word><word seq="6">man<GreekSeq>7</GreekSeq></word><word seq="7">who was</word><word seq="8">mute<GreekSeq>8</GreekSeq></word><word seq="9">was brought to<GreekSeq>5</GreekSeq></word><word seq="10">him.<GreekSeq>6</GreekSeq></word></ESV></verse>
<verse number="33"><ESV><word seq="1">And<GreekSeq>1</GreekSeq></word><word seq="2">when<GreekSeq>2</GreekSeq></word><word seq="3">the<GreekSeq>3</GreekSeq></word><word seq="4">demon<GreekSeq>4</GreekSeq></word><word seq="5">had been cast out,<GreekSeq>2</GreekSeq></word><word seq="6">the<GreekSeq>6</GreekSeq></word><word seq="7">mute [man]<GreekSeq>7</GreekSeq></word><word seq="8">spoke.<GreekSeq>5</GreekSeq></word><word seq="9">And<GreekSeq>8</GreekSeq></word><word seq="10">the<GreekSeq>10</GreekSeq></word><word seq="11">crowds<GreekSeq>11</GreekSeq></word><word seq="12">marveled,<GreekSeq>9</GreekSeq></word><word seq="13">saying,<GreekSeq>12</GreekSeq></word><word seq="14">“Never<GreekSeq>13</GreekSeq></word><word seq="15">was anything<GreekSeq>14</GreekSeq></word><word seq="16">like this<GreekSeq>15</GreekSeq></word><word seq="17">seen<GreekSeq>14</GreekSeq></word><word seq="18">in<GreekSeq>16</GreekSeq></word><word seq="19">Israel.”<GreekSeq>18</GreekSeq></word></ESV></verse>
<verse number="34"><ESV><word seq="1">But<GreekSeq>2</GreekSeq></word><word seq="2">the<GreekSeq>1</GreekSeq></word><word seq="3">Pharisees<GreekSeq>3</GreekSeq></word><word seq="4">said,<GreekSeq>4</GreekSeq></word><word seq="5">“He casts out<GreekSeq>10</GreekSeq></word><word seq="6">demons<GreekSeq>12</GreekSeq></word><word seq="7">by<GreekSeq>5</GreekSeq></word><word seq="8">the<GreekSeq>6</GreekSeq></word><word seq="9">prince<GreekSeq>7</GreekSeq></word><word seq="10">of demons.”<GreekSeq>9</GreekSeq></word></ESV></verse>
<verse number="35"><ESV><word seq="1">And<GreekSeq>1</GreekSeq></word><word seq="2">Jesus<GreekSeq>4</GreekSeq></word><word seq="3">went throughout<GreekSeq>2</GreekSeq></word><word seq="4">all<GreekSeq>7</GreekSeq></word><word seq="5">the<GreekSeq>5</GreekSeq></word><word seq="6">cities<GreekSeq>6</GreekSeq></word><word seq="7">and<GreekSeq>8</GreekSeq></word><word seq="8">villages,<GreekSeq>10</GreekSeq></word><word seq="9">teaching<GreekSeq>11</GreekSeq></word><word seq="10">in<GreekSeq>12</GreekSeq></word><word seq="11">their<GreekSeq>15</GreekSeq></word><word seq="12">synagogues<GreekSeq>14</GreekSeq></word><word seq="13">and<GreekSeq>16</GreekSeq></word><word seq="14">proclaiming<GreekSeq>17</GreekSeq></word><word seq="15">the<GreekSeq>18</GreekSeq></word><word seq="16">gospel<GreekSeq>19</GreekSeq></word><word seq="17">of the<GreekSeq>20</GreekSeq></word><word seq="18">kingdom<GreekSeq>21</GreekSeq></word><word seq="19">and<GreekSeq>22</GreekSeq></word><word seq="20">healing<GreekSeq>23</GreekSeq></word><word seq="21">every<GreekSeq>24</GreekSeq></word><word seq="22">disease<GreekSeq>25</GreekSeq></word><word seq="23">and<GreekSeq>26</GreekSeq></word><word seq="24">every<GreekSeq>27</GreekSeq></word><word seq="25">affliction.<GreekSeq>28</GreekSeq></word></ESV></verse>
<verse number="36"><ESV><word seq="1">When he saw<GreekSeq>1</GreekSeq></word><word seq="2">the<GreekSeq>3</GreekSeq></word><word seq="3">crowds,<GreekSeq>4</GreekSeq></word><word seq="4">he had compassion<GreekSeq>5</GreekSeq></word><word seq="5">for<GreekSeq>6</GreekSeq></word><word seq="6">them,<GreekSeq>7</GreekSeq></word><word seq="7">because<GreekSeq>8</GreekSeq></word><word seq="8">they were<GreekSeq>9</GreekSeq></word><word seq="9">harassed<GreekSeq>10</GreekSeq></word><word seq="10">and<GreekSeq>11</GreekSeq></word><word seq="11">helpless,<GreekSeq>12</GreekSeq></word><word seq="12">like<GreekSeq>13</GreekSeq></word><word seq="13">sheep<GreekSeq>14</GreekSeq></word><word seq="14">without<GreekSeq>15</GreekSeq><GreekSeq>16</GreekSeq></word><word seq="15">a shepherd.<GreekSeq>17</GreekSeq></word></ESV></verse>
<verse number="37"><ESV><word seq="1">Then<GreekSeq>1</GreekSeq></word><word seq="2">he said to<GreekSeq>2</GreekSeq></word><word seq="3">his<GreekSeq>5</GreekSeq></word><word seq="4">disciples,<GreekSeq>4</GreekSeq></word><word seq="5">“The<GreekSeq>6</GreekSeq></word><word seq="6">harvest<GreekSeq>8</GreekSeq></word><word seq="7">is</word><word seq="8">plentiful,<GreekSeq>9</GreekSeq></word><word seq="9">but<GreekSeq>11</GreekSeq></word><word seq="10">the<GreekSeq>10</GreekSeq></word><word seq="11">laborers<GreekSeq>12</GreekSeq></word><word seq="12">are</word><word seq="13">few;<GreekSeq>13</GreekSeq></word></ESV></verse>
<verse number="38"><ESV><word seq="1">therefore<GreekSeq>2</GreekSeq></word><word seq="2">pray earnestly to<GreekSeq>1</GreekSeq></word><word seq="3">the<GreekSeq>3</GreekSeq></word><word seq="4">Lord<GreekSeq>4</GreekSeq></word><word seq="5">of the<GreekSeq>5</GreekSeq></word><word seq="6">harvest<GreekSeq>6</GreekSeq></word><word seq="7">to send out<GreekSeq>7</GreekSeq><GreekSeq>8</GreekSeq></word><word seq="8">laborers<GreekSeq>9</GreekSeq></word><word seq="9">into<GreekSeq>10</GreekSeq></word><word seq="10">his<GreekSeq>13</GreekSeq></word><word seq="11">harvest.”<GreekSeq>12</GreekSeq></word></ESV></verse></chapter></book>