<?xml version="1.0" encoding="UTF-8" standalone="no"?><book><chapter number="22">'<verse number="1"><ESV><word seq="1">And<GreekSeq>1</GreekSeq></word><word seq="2">again<GreekSeq>5</GreekSeq></word><word seq="3">Jesus<GreekSeq>4</GreekSeq></word><word seq="4">spoke<GreekSeq>6</GreekSeq></word><word seq="5">to them<GreekSeq>9</GreekSeq></word><word seq="6">in<GreekSeq>7</GreekSeq></word><word seq="7">parables,<GreekSeq>8</GreekSeq></word><word seq="8">saying,<GreekSeq>10</GreekSeq></word></ESV></verse>
<verse number="2"><ESV><word seq="1">“The<GreekSeq>2</GreekSeq></word><word seq="2">kingdom<GreekSeq>3</GreekSeq></word><word seq="3">of heaven<GreekSeq>5</GreekSeq></word><word seq="4">may be compared<GreekSeq>1</GreekSeq></word><word seq="5">to a king<GreekSeq>7</GreekSeq></word><word seq="6">who<GreekSeq>8</GreekSeq></word><word seq="7">gave<GreekSeq>9</GreekSeq></word><word seq="8">a wedding feast<GreekSeq>10</GreekSeq></word><word seq="9">for<GreekSeq>12</GreekSeq></word><word seq="10">his<GreekSeq>13</GreekSeq></word><word seq="11">son,<GreekSeq>12</GreekSeq></word></ESV></verse>
<verse number="3"><ESV><word seq="1">and<GreekSeq>1</GreekSeq></word><word seq="2">sent<GreekSeq>2</GreekSeq></word><word seq="3">his<GreekSeq>5</GreekSeq></word><word seq="4">servants<GreekSeq>4</GreekSeq></word><word seq="5">to call<GreekSeq>6</GreekSeq></word><word seq="6">those<GreekSeq>7</GreekSeq></word><word seq="7">who were invited<GreekSeq>8</GreekSeq></word><word seq="8">to<GreekSeq>9</GreekSeq></word><word seq="9">the<GreekSeq>10</GreekSeq></word><word seq="10">wedding feast,<GreekSeq>11</GreekSeq></word><word seq="11">but<GreekSeq>12</GreekSeq></word><word seq="12">they would<GreekSeq>14</GreekSeq></word><word seq="13">not<GreekSeq>13</GreekSeq></word><word seq="14">come.<GreekSeq>15</GreekSeq></word></ESV></verse>
<verse number="4"><ESV><word seq="1">Again<GreekSeq>1</GreekSeq></word><word seq="2">he sent<GreekSeq>2</GreekSeq></word><word seq="3">other<GreekSeq>3</GreekSeq></word><word seq="4">servants,<GreekSeq>4</GreekSeq></word><word seq="5">saying,<GreekSeq>5</GreekSeq></word><word seq="6">‘Tell<GreekSeq>6</GreekSeq></word><word seq="7">those<GreekSeq>7</GreekSeq></word><word seq="8">who are invited,<GreekSeq>8</GreekSeq></word><word seq="9">“See,<GreekSeq>9</GreekSeq></word><word seq="10">I have prepared<GreekSeq>13</GreekSeq></word><word seq="11">my<GreekSeq>12</GreekSeq></word><word seq="12">dinner,<GreekSeq>11</GreekSeq></word><word seq="13">my<GreekSeq>16</GreekSeq></word><word seq="14">oxen<GreekSeq>15</GreekSeq></word><word seq="15">and<GreekSeq>17</GreekSeq></word><word seq="16">my</word><word seq="17">fat [calves]<GreekSeq>19</GreekSeq></word><word seq="18">have been slaughtered,<GreekSeq>20</GreekSeq></word><word seq="19">and<GreekSeq>21</GreekSeq></word><word seq="20">everything<GreekSeq>22</GreekSeq></word><word seq="21">is</word><word seq="22">ready.<GreekSeq>23</GreekSeq></word><word seq="23">Come<GreekSeq>24</GreekSeq></word><word seq="24">to<GreekSeq>25</GreekSeq></word><word seq="25">the<GreekSeq>26</GreekSeq></word><word seq="26">wedding feast.”’<GreekSeq>27</GreekSeq></word></ESV></verse>
<verse number="5"><ESV><word seq="1">But<GreekSeq>2</GreekSeq></word><word seq="2">they<GreekSeq>1</GreekSeq></word><word seq="3">paid no attention<GreekSeq>3</GreekSeq></word><word seq="4">and</word><word seq="5">went off,<GreekSeq>4</GreekSeq></word><word seq="6">one<GreekSeq>5</GreekSeq></word><word seq="7">to<GreekSeq>7</GreekSeq></word><word seq="8">his<GreekSeq>9</GreekSeq></word><word seq="9">farm,<GreekSeq>10</GreekSeq></word><word seq="10">another<GreekSeq>11</GreekSeq></word><word seq="11">to<GreekSeq>13</GreekSeq></word><word seq="12">his<GreekSeq>16</GreekSeq></word><word seq="13">business,<GreekSeq>15</GreekSeq></word></ESV></verse>
<verse number="6"><ESV><word seq="1">while<GreekSeq>2</GreekSeq></word><word seq="2">the<GreekSeq>1</GreekSeq></word><word seq="3">rest<GreekSeq>3</GreekSeq></word><word seq="4">seized<GreekSeq>4</GreekSeq></word><word seq="5">his<GreekSeq>7</GreekSeq></word><word seq="6">servants,<GreekSeq>6</GreekSeq></word><word seq="7">treated [them] shamefully,<GreekSeq>8</GreekSeq></word><word seq="8">and<GreekSeq>9</GreekSeq></word><word seq="9">killed [them].<GreekSeq>10</GreekSeq></word></ESV></verse>
<verse number="7"><ESV><word seq="1">The<GreekSeq>2</GreekSeq></word><word seq="2">king<GreekSeq>3</GreekSeq></word><word seq="3">was angry,<GreekSeq>4</GreekSeq></word><word seq="4">and<GreekSeq>5</GreekSeq></word><word seq="5">he sent<GreekSeq>6</GreekSeq></word><word seq="6">his<GreekSeq>9</GreekSeq></word><word seq="7">troops<GreekSeq>8</GreekSeq></word><word seq="8">and</word><word seq="9">destroyed<GreekSeq>10</GreekSeq></word><word seq="10">those<GreekSeq>13</GreekSeq></word><word seq="11">murderers<GreekSeq>12</GreekSeq></word><word seq="12">and<GreekSeq>14</GreekSeq></word><word seq="13">burned<GreekSeq>18</GreekSeq></word><word seq="14">their<GreekSeq>17</GreekSeq></word><word seq="15">city.<GreekSeq>16</GreekSeq></word></ESV></verse>
<verse number="8"><ESV><word seq="1">Then<GreekSeq>1</GreekSeq></word><word seq="2">he said<GreekSeq>2</GreekSeq></word><word seq="3">to<GreekSeq>4</GreekSeq></word><word seq="4">his<GreekSeq>5</GreekSeq></word><word seq="5">servants,<GreekSeq>4</GreekSeq></word><word seq="6">‘The<GreekSeq>6</GreekSeq></word><word seq="7">wedding feast<GreekSeq>8</GreekSeq></word><word seq="8">is<GreekSeq>10</GreekSeq></word><word seq="9">ready,<GreekSeq>9</GreekSeq></word><word seq="10">but<GreekSeq>12</GreekSeq></word><word seq="11">those<GreekSeq>11</GreekSeq></word><word seq="12">invited<GreekSeq>13</GreekSeq></word><word seq="13">were<GreekSeq>15</GreekSeq></word><word seq="14">not<GreekSeq>14</GreekSeq></word><word seq="15">worthy.<GreekSeq>16</GreekSeq></word></ESV></verse>
<verse number="9"><ESV><word seq="1">Go<GreekSeq>1</GreekSeq></word><word seq="2">therefore<GreekSeq>2</GreekSeq></word><word seq="3">to<GreekSeq>3</GreekSeq></word><word seq="4">the<GreekSeq>4</GreekSeq></word><word seq="5">main roads<GreekSeq>5</GreekSeq></word><word seq="6">and<GreekSeq>8</GreekSeq></word><word seq="7">invite<GreekSeq>12</GreekSeq></word><word seq="8">to<GreekSeq>13</GreekSeq></word><word seq="9">the<GreekSeq>14</GreekSeq></word><word seq="10">wedding feast<GreekSeq>15</GreekSeq></word><word seq="11">as many as<GreekSeq>9</GreekSeq><GreekSeq>10</GreekSeq></word><word seq="12">you find.’<GreekSeq>11</GreekSeq></word></ESV></verse>
<verse number="10"><ESV><word seq="1">And<GreekSeq>1</GreekSeq></word><word seq="2">those<GreekSeq>5</GreekSeq></word><word seq="3">servants<GreekSeq>4</GreekSeq></word><word seq="4">went out<GreekSeq>2</GreekSeq></word><word seq="5">into<GreekSeq>6</GreekSeq></word><word seq="6">the<GreekSeq>7</GreekSeq></word><word seq="7">roads<GreekSeq>8</GreekSeq></word><word seq="8">and</word><word seq="9">gathered<GreekSeq>9</GreekSeq></word><word seq="10">all<GreekSeq>10</GreekSeq></word><word seq="11">whom<GreekSeq>11</GreekSeq></word><word seq="12">they found,<GreekSeq>12</GreekSeq></word><word seq="13">both<GreekSeq>14</GreekSeq></word><word seq="14">bad<GreekSeq>13</GreekSeq></word><word seq="15">and<GreekSeq>15</GreekSeq></word><word seq="16">good.<GreekSeq>16</GreekSeq></word><word seq="17">So<GreekSeq>17</GreekSeq></word><word seq="18">the<GreekSeq>19</GreekSeq></word><word seq="19">wedding hall<GreekSeq>20</GreekSeq></word><word seq="20">was filled with<GreekSeq>18</GreekSeq></word><word seq="21">guests.<GreekSeq>21</GreekSeq></word></ESV></verse>
<verse number="11"><ESV><word seq="1">But<GreekSeq>2</GreekSeq></word><word seq="2">when<GreekSeq>1</GreekSeq></word><word seq="3">the<GreekSeq>3</GreekSeq></word><word seq="4">king<GreekSeq>4</GreekSeq></word><word seq="5">came in<GreekSeq>1</GreekSeq></word><word seq="6">to look at<GreekSeq>5</GreekSeq></word><word seq="7">the<GreekSeq>6</GreekSeq></word><word seq="8">guests,<GreekSeq>7</GreekSeq></word><word seq="9">he saw<GreekSeq>8</GreekSeq></word><word seq="10">there<GreekSeq>9</GreekSeq></word><word seq="11">a man<GreekSeq>10</GreekSeq></word><word seq="12">who had<GreekSeq>12</GreekSeq></word><word seq="13">no<GreekSeq>11</GreekSeq></word><word seq="14">wedding<GreekSeq>14</GreekSeq></word><word seq="15">garment.<GreekSeq>13</GreekSeq></word></ESV></verse>
<verse number="12"><ESV><word seq="1">And<GreekSeq>1</GreekSeq></word><word seq="2">he said<GreekSeq>2</GreekSeq></word><word seq="3">to him,<GreekSeq>3</GreekSeq></word><word seq="4">‘Friend,<GreekSeq>4</GreekSeq></word><word seq="5">how<GreekSeq>5</GreekSeq></word><word seq="6">did</word><word seq="7">you get in<GreekSeq>6</GreekSeq></word><word seq="8">here<GreekSeq>7</GreekSeq></word><word seq="9">without<GreekSeq>8</GreekSeq><GreekSeq>9</GreekSeq></word><word seq="10">a wedding<GreekSeq>11</GreekSeq></word><word seq="11">garment?’<GreekSeq>10</GreekSeq></word><word seq="12">And<GreekSeq>13</GreekSeq></word><word seq="13">he<GreekSeq>12</GreekSeq></word><word seq="14">was speechless.<GreekSeq>14</GreekSeq></word></ESV></verse>
<verse number="13"><ESV><word seq="1">Then<GreekSeq>1</GreekSeq></word><word seq="2">the<GreekSeq>2</GreekSeq></word><word seq="3">king<GreekSeq>3</GreekSeq></word><word seq="4">said<GreekSeq>4</GreekSeq></word><word seq="5">to the<GreekSeq>5</GreekSeq></word><word seq="6">attendants,<GreekSeq>6</GreekSeq></word><word seq="7">‘Bind<GreekSeq>7</GreekSeq></word><word seq="8">him<GreekSeq>8</GreekSeq></word><word seq="9">hand<GreekSeq>11</GreekSeq></word><word seq="10">and<GreekSeq>10</GreekSeq></word><word seq="11">foot<GreekSeq>9</GreekSeq></word><word seq="12">and</word><word seq="13">cast<GreekSeq>12</GreekSeq></word><word seq="14">him<GreekSeq>13</GreekSeq></word><word seq="15">into<GreekSeq>14</GreekSeq></word><word seq="16">the<GreekSeq>17</GreekSeq></word><word seq="17">outer<GreekSeq>18</GreekSeq></word><word seq="18">darkness.<GreekSeq>16</GreekSeq></word><word seq="19">In that place there<GreekSeq>19</GreekSeq></word><word seq="20">will be<GreekSeq>20</GreekSeq></word><word seq="21">weeping<GreekSeq>22</GreekSeq></word><word seq="22">and<GreekSeq>23</GreekSeq></word><word seq="23">gnashing<GreekSeq>25</GreekSeq></word><word seq="24">of teeth.’<GreekSeq>27</GreekSeq></word></ESV></verse>
<verse number="14"><ESV><word seq="1">For<GreekSeq>2</GreekSeq></word><word seq="2">many<GreekSeq>1</GreekSeq></word><word seq="3">are<GreekSeq>3</GreekSeq></word><word seq="4">called,<GreekSeq>4</GreekSeq></word><word seq="5">but<GreekSeq>6</GreekSeq></word><word seq="6">few<GreekSeq>5</GreekSeq></word><word seq="7">are</word><word seq="8">chosen.”<GreekSeq>7</GreekSeq></word></ESV></verse>
<verse number="15"><ESV><word seq="1">Then<GreekSeq>1</GreekSeq></word><word seq="2">the<GreekSeq>3</GreekSeq></word><word seq="3">Pharisees<GreekSeq>4</GreekSeq></word><word seq="4">went<GreekSeq>2</GreekSeq></word><word seq="5">and</word><word seq="6">plotted<GreekSeq>5</GreekSeq><GreekSeq>6</GreekSeq></word><word seq="7">how<GreekSeq>7</GreekSeq></word><word seq="8">to entangle<GreekSeq>9</GreekSeq></word><word seq="9">him<GreekSeq>8</GreekSeq></word><word seq="10">in<GreekSeq>10</GreekSeq></word><word seq="11">his</word><word seq="12">words.<GreekSeq>11</GreekSeq></word></ESV></verse>
<verse number="16"><ESV><word seq="1">And<GreekSeq>1</GreekSeq></word><word seq="2">they sent<GreekSeq>2</GreekSeq></word><word seq="3">their<GreekSeq>3</GreekSeq></word><word seq="4">disciples<GreekSeq>5</GreekSeq></word><word seq="5">to him,<GreekSeq>6</GreekSeq></word><word seq="6">along with<GreekSeq>7</GreekSeq></word><word seq="7">the<GreekSeq>8</GreekSeq></word><word seq="8">Herodians,<GreekSeq>9</GreekSeq></word><word seq="9">saying,<GreekSeq>10</GreekSeq></word><word seq="10">“Teacher,<GreekSeq>11</GreekSeq></word><word seq="11">we know<GreekSeq>12</GreekSeq></word><word seq="12">that<GreekSeq>13</GreekSeq></word><word seq="13">you are<GreekSeq>15</GreekSeq></word><word seq="14">true<GreekSeq>14</GreekSeq></word><word seq="15">and<GreekSeq>16</GreekSeq></word><word seq="16">teach<GreekSeq>23</GreekSeq></word><word seq="17">the<GreekSeq>17</GreekSeq></word><word seq="18">way<GreekSeq>18</GreekSeq></word><word seq="19">of God<GreekSeq>20</GreekSeq></word><word seq="20">truthfully,<GreekSeq>21</GreekSeq><GreekSeq>22</GreekSeq></word><word seq="21">and<GreekSeq>24</GreekSeq></word><word seq="22">you<GreekSeq>27</GreekSeq></word><word seq="23">do</word><word seq="24">not<GreekSeq>25</GreekSeq></word><word seq="25">care<GreekSeq>26</GreekSeq></word><word seq="26">about<GreekSeq>28</GreekSeq></word><word seq="27">anyone’s<GreekSeq>29</GreekSeq></word><word seq="28">opinion,</word><word seq="29">for<GreekSeq>31</GreekSeq></word><word seq="30">you are<GreekSeq>32</GreekSeq></word><word seq="31">not<GreekSeq>30</GreekSeq></word><word seq="32">swayed<GreekSeq>32</GreekSeq></word><word seq="33">by<GreekSeq>33</GreekSeq></word><word seq="34">appearances.<GreekSeq>35</GreekSeq></word></ESV></verse>
<verse number="17"><ESV><word seq="1">Tell<GreekSeq>1</GreekSeq></word><word seq="2">us,<GreekSeq>3</GreekSeq></word><word seq="3">then,<GreekSeq>2</GreekSeq></word><word seq="4">what<GreekSeq>4</GreekSeq></word><word seq="5">you<GreekSeq>5</GreekSeq></word><word seq="6">think.<GreekSeq>6</GreekSeq></word><word seq="7">Is it lawful<GreekSeq>7</GreekSeq></word><word seq="8">to pay<GreekSeq>8</GreekSeq></word><word seq="9">taxes<GreekSeq>9</GreekSeq></word><word seq="10">to Caesar,<GreekSeq>10</GreekSeq></word><word seq="11">or<GreekSeq>11</GreekSeq></word><word seq="12">not?”<GreekSeq>12</GreekSeq></word></ESV></verse>
<verse number="18"><ESV><word seq="1">But<GreekSeq>2</GreekSeq></word><word seq="2">Jesus,<GreekSeq>4</GreekSeq></word><word seq="3">aware of<GreekSeq>1</GreekSeq></word><word seq="4">their<GreekSeq>7</GreekSeq></word><word seq="5">malice,<GreekSeq>6</GreekSeq></word><word seq="6">said,<GreekSeq>8</GreekSeq></word><word seq="7">“Why<GreekSeq>9</GreekSeq></word><word seq="8">put<GreekSeq>11</GreekSeq></word><word seq="9">me<GreekSeq>10</GreekSeq></word><word seq="10">to the test,<GreekSeq>11</GreekSeq></word><word seq="11">you hypocrites?<GreekSeq>12</GreekSeq></word></ESV></verse>
<verse number="19"><ESV><word seq="1">Show<GreekSeq>1</GreekSeq></word><word seq="2">me<GreekSeq>2</GreekSeq></word><word seq="3">the<GreekSeq>3</GreekSeq></word><word seq="4">coin<GreekSeq>4</GreekSeq></word><word seq="5">for the<GreekSeq>5</GreekSeq></word><word seq="6">tax.”<GreekSeq>6</GreekSeq></word><word seq="7">And<GreekSeq>8</GreekSeq></word><word seq="8">they<GreekSeq>7</GreekSeq></word><word seq="9">brought<GreekSeq>9</GreekSeq></word><word seq="10">him<GreekSeq>10</GreekSeq></word><word seq="11">a denarius.<GreekSeq>11</GreekSeq></word></ESV></verse>
<verse number="20"><ESV><word seq="1">And<GreekSeq>1</GreekSeq></word><word seq="2">[Jesus] said<GreekSeq>2</GreekSeq></word><word seq="3">to them,<GreekSeq>3</GreekSeq></word><word seq="4">“Whose<GreekSeq>4</GreekSeq></word><word seq="5">likeness<GreekSeq>6</GreekSeq></word><word seq="6">and<GreekSeq>8</GreekSeq></word><word seq="7">inscription<GreekSeq>10</GreekSeq></word><word seq="8">is</word><word seq="9">this?”<GreekSeq>7</GreekSeq></word></ESV></verse>
<verse number="21"><ESV><word seq="1">They said,<GreekSeq>1</GreekSeq></word><word seq="2">“Caesar’s.”<GreekSeq>3</GreekSeq></word><word seq="3">Then<GreekSeq>4</GreekSeq></word><word seq="4">he said<GreekSeq>5</GreekSeq></word><word seq="5">to them,<GreekSeq>6</GreekSeq></word><word seq="6">“Therefore<GreekSeq>8</GreekSeq></word><word seq="7">render<GreekSeq>7</GreekSeq></word><word seq="8">to Caesar<GreekSeq>11</GreekSeq></word><word seq="9">the things<GreekSeq>9</GreekSeq></word><word seq="10">that are</word><word seq="11">Caesar’s,<GreekSeq>10</GreekSeq></word><word seq="12">and<GreekSeq>12</GreekSeq></word><word seq="13">to God<GreekSeq>17</GreekSeq></word><word seq="14">the things<GreekSeq>13</GreekSeq></word><word seq="15">that are</word><word seq="16">God’s.”<GreekSeq>15</GreekSeq></word></ESV></verse>
<verse number="22"><ESV><word seq="1">When they heard<GreekSeq>2</GreekSeq></word><word seq="2">it,</word><word seq="3">they marveled.<GreekSeq>3</GreekSeq></word><word seq="4">And<GreekSeq>4</GreekSeq></word><word seq="5">they left<GreekSeq>5</GreekSeq></word><word seq="6">him<GreekSeq>6</GreekSeq></word><word seq="7">and</word><word seq="8">went away.<GreekSeq>7</GreekSeq></word></ESV></verse>
<verse number="23"><ESV><word seq="1">The<GreekSeq>3</GreekSeq></word><word seq="2">same<GreekSeq>2</GreekSeq></word><word seq="3">day<GreekSeq>4</GreekSeq></word><word seq="4">Sadducees<GreekSeq>7</GreekSeq></word><word seq="5">came<GreekSeq>5</GreekSeq></word><word seq="6">to him,<GreekSeq>6</GreekSeq></word><word seq="7">who say<GreekSeq>8</GreekSeq></word><word seq="8">that</word><word seq="9">there is<GreekSeq>10</GreekSeq></word><word seq="10">no<GreekSeq>9</GreekSeq></word><word seq="11">resurrection,<GreekSeq>11</GreekSeq></word><word seq="12">and<GreekSeq>12</GreekSeq></word><word seq="13">they asked<GreekSeq>13</GreekSeq></word><word seq="14">him<GreekSeq>14</GreekSeq></word><word seq="15">a question,</word></ESV></verse>
<verse number="24"><ESV><word seq="1">saying,<GreekSeq>1</GreekSeq></word><word seq="2">“Teacher,<GreekSeq>2</GreekSeq></word><word seq="3">Moses<GreekSeq>3</GreekSeq></word><word seq="4">said,<GreekSeq>4</GreekSeq></word><word seq="5">‘If<GreekSeq>5</GreekSeq></word><word seq="6">a man<GreekSeq>6</GreekSeq></word><word seq="7">dies<GreekSeq>7</GreekSeq></word><word seq="8">having<GreekSeq>9</GreekSeq></word><word seq="9">no<GreekSeq>8</GreekSeq></word><word seq="10">children,<GreekSeq>10</GreekSeq></word><word seq="11">his<GreekSeq>14</GreekSeq></word><word seq="12">brother<GreekSeq>13</GreekSeq></word><word seq="13">must marry<GreekSeq>11</GreekSeq></word><word seq="14">the<GreekSeq>15</GreekSeq></word><word seq="15">[widow]<GreekSeq>16</GreekSeq></word><word seq="16">and<GreekSeq>18</GreekSeq></word><word seq="17">raise up<GreekSeq>19</GreekSeq></word><word seq="18">offspring<GreekSeq>20</GreekSeq></word><word seq="19">for<GreekSeq>22</GreekSeq></word><word seq="20">his<GreekSeq>23</GreekSeq></word><word seq="21">brother.’<GreekSeq>22</GreekSeq></word></ESV></verse>
<verse number="25"><ESV><word seq="1">Now<GreekSeq>2</GreekSeq></word><word seq="2">there were<GreekSeq>1</GreekSeq></word><word seq="3">seven<GreekSeq>5</GreekSeq></word><word seq="4">brothers<GreekSeq>6</GreekSeq></word><word seq="5">among<GreekSeq>3</GreekSeq></word><word seq="6">us.<GreekSeq>4</GreekSeq></word><word seq="7">The<GreekSeq>8</GreekSeq></word><word seq="8">first<GreekSeq>9</GreekSeq></word><word seq="9">married<GreekSeq>10</GreekSeq></word><word seq="10">and</word><word seq="11">died,<GreekSeq>11</GreekSeq></word><word seq="12">and<GreekSeq>12</GreekSeq></word><word seq="13">having<GreekSeq>14</GreekSeq></word><word seq="14">no<GreekSeq>13</GreekSeq></word><word seq="15">offspring<GreekSeq>15</GreekSeq></word><word seq="16">left<GreekSeq>16</GreekSeq></word><word seq="17">his<GreekSeq>19</GreekSeq></word><word seq="18">wife<GreekSeq>18</GreekSeq></word><word seq="19">to<GreekSeq>21</GreekSeq></word><word seq="20">his<GreekSeq>22</GreekSeq></word><word seq="21">brother.<GreekSeq>21</GreekSeq></word></ESV></verse>
<verse number="26"><ESV><word seq="1">So<GreekSeq>1</GreekSeq></word><word seq="2">too<GreekSeq>2</GreekSeq></word><word seq="3">the<GreekSeq>3</GreekSeq></word><word seq="4">second<GreekSeq>4</GreekSeq></word><word seq="5">and<GreekSeq>5</GreekSeq></word><word seq="6">third,<GreekSeq>7</GreekSeq></word><word seq="7">down to<GreekSeq>8</GreekSeq></word><word seq="8">the<GreekSeq>9</GreekSeq></word><word seq="9">seventh.<GreekSeq>10</GreekSeq></word></ESV></verse>
<verse number="27"><ESV><word seq="1">After<GreekSeq>1</GreekSeq></word><word seq="2">them all,<GreekSeq>3</GreekSeq></word><word seq="3">the<GreekSeq>5</GreekSeq></word><word seq="4">woman<GreekSeq>6</GreekSeq></word><word seq="5">died.<GreekSeq>4</GreekSeq></word></ESV></verse>
<verse number="28"><ESV><word seq="1">In<GreekSeq>1</GreekSeq></word><word seq="2">the<GreekSeq>2</GreekSeq></word><word seq="3">resurrection,<GreekSeq>3</GreekSeq></word><word seq="4">therefore,<GreekSeq>4</GreekSeq></word><word seq="5">of the<GreekSeq>6</GreekSeq></word><word seq="6">seven,<GreekSeq>7</GreekSeq></word><word seq="7">whose<GreekSeq>5</GreekSeq></word><word seq="8">wife<GreekSeq>9</GreekSeq></word><word seq="9">will she be?<GreekSeq>8</GreekSeq></word><word seq="10">For<GreekSeq>11</GreekSeq></word><word seq="11">they<GreekSeq>12</GreekSeq></word><word seq="12">all<GreekSeq>10</GreekSeq></word><word seq="13">had<GreekSeq>12</GreekSeq></word><word seq="14">her.”<GreekSeq>13</GreekSeq></word></ESV></verse>
<verse number="29"><ESV><word seq="1">But<GreekSeq>2</GreekSeq></word><word seq="2">Jesus<GreekSeq>4</GreekSeq></word><word seq="3">answered<GreekSeq>1</GreekSeq></word><word seq="4">them,<GreekSeq>6</GreekSeq></word><word seq="5">“You are wrong,<GreekSeq>7</GreekSeq></word><word seq="6">because</word><word seq="7">you know<GreekSeq>9</GreekSeq></word><word seq="8">neither<GreekSeq>8</GreekSeq></word><word seq="9">the<GreekSeq>10</GreekSeq></word><word seq="10">Scriptures<GreekSeq>11</GreekSeq></word><word seq="11">nor<GreekSeq>12</GreekSeq></word><word seq="12">the<GreekSeq>13</GreekSeq></word><word seq="13">power<GreekSeq>14</GreekSeq></word><word seq="14">of God.<GreekSeq>16</GreekSeq></word></ESV></verse>
<verse number="30"><ESV><word seq="1">For<GreekSeq>2</GreekSeq></word><word seq="2">in<GreekSeq>1</GreekSeq></word><word seq="3">the<GreekSeq>3</GreekSeq></word><word seq="4">resurrection<GreekSeq>4</GreekSeq></word><word seq="5">they<GreekSeq>6</GreekSeq></word><word seq="6">neither<GreekSeq>5</GreekSeq></word><word seq="7">marry<GreekSeq>6</GreekSeq></word><word seq="8">nor<GreekSeq>7</GreekSeq></word><word seq="9">are given in marriage,<GreekSeq>8</GreekSeq></word><word seq="10">but<GreekSeq>9</GreekSeq></word><word seq="11">are<GreekSeq>15</GreekSeq></word><word seq="12">like<GreekSeq>10</GreekSeq></word><word seq="13">angels<GreekSeq>11</GreekSeq></word><word seq="14">in<GreekSeq>12</GreekSeq></word><word seq="15">heaven.<GreekSeq>14</GreekSeq></word></ESV></verse>
<verse number="31"><ESV><word seq="1">And<GreekSeq>2</GreekSeq></word><word seq="2">as</word><word seq="3">for<GreekSeq>1</GreekSeq></word><word seq="4">the<GreekSeq>3</GreekSeq></word><word seq="5">resurrection<GreekSeq>4</GreekSeq></word><word seq="6">of the<GreekSeq>5</GreekSeq></word><word seq="7">dead,<GreekSeq>6</GreekSeq></word><word seq="8">have you<GreekSeq>8</GreekSeq></word><word seq="9">not<GreekSeq>7</GreekSeq></word><word seq="10">read<GreekSeq>8</GreekSeq></word><word seq="11">what was said<GreekSeq>9</GreekSeq><GreekSeq>10</GreekSeq></word><word seq="12">to you<GreekSeq>11</GreekSeq></word><word seq="13">by<GreekSeq>12</GreekSeq></word><word seq="14">God:<GreekSeq>14</GreekSeq></word></ESV></verse>
<verse number="32"><ESV><word seq="1">‘I<GreekSeq>1</GreekSeq></word><word seq="2">am<GreekSeq>2</GreekSeq></word><word seq="3">the<GreekSeq>3</GreekSeq></word><word seq="4">God<GreekSeq>4</GreekSeq></word><word seq="5">of Abraham,<GreekSeq>5</GreekSeq></word><word seq="6">and<GreekSeq>6</GreekSeq></word><word seq="7">the<GreekSeq>7</GreekSeq></word><word seq="8">God<GreekSeq>8</GreekSeq></word><word seq="9">of Isaac,<GreekSeq>9</GreekSeq></word><word seq="10">and<GreekSeq>10</GreekSeq></word><word seq="11">the<GreekSeq>11</GreekSeq></word><word seq="12">God<GreekSeq>12</GreekSeq></word><word seq="13">of Jacob’?<GreekSeq>13</GreekSeq></word><word seq="14">He is<GreekSeq>15</GreekSeq></word><word seq="15">not<GreekSeq>14</GreekSeq></word><word seq="16">God<GreekSeq>17</GreekSeq></word><word seq="17">of the dead,<GreekSeq>18</GreekSeq></word><word seq="18">but<GreekSeq>19</GreekSeq></word><word seq="19">of the living.”<GreekSeq>20</GreekSeq></word></ESV></verse>
<verse number="33"><ESV><word seq="1">And<GreekSeq>1</GreekSeq></word><word seq="2">when<GreekSeq>2</GreekSeq></word><word seq="3">the<GreekSeq>3</GreekSeq></word><word seq="4">crowd<GreekSeq>4</GreekSeq></word><word seq="5">heard<GreekSeq>2</GreekSeq></word><word seq="6">it,</word><word seq="7">they were astonished<GreekSeq>5</GreekSeq></word><word seq="8">at<GreekSeq>6</GreekSeq></word><word seq="9">his<GreekSeq>9</GreekSeq></word><word seq="10">teaching.<GreekSeq>8</GreekSeq></word></ESV></verse>
<verse number="34"><ESV><word seq="1">But<GreekSeq>2</GreekSeq></word><word seq="2">when</word><word seq="3">the<GreekSeq>1</GreekSeq></word><word seq="4">Pharisees<GreekSeq>3</GreekSeq></word><word seq="5">heard<GreekSeq>4</GreekSeq></word><word seq="6">that<GreekSeq>5</GreekSeq></word><word seq="7">he had silenced<GreekSeq>6</GreekSeq></word><word seq="8">the<GreekSeq>7</GreekSeq></word><word seq="9">Sadducees,<GreekSeq>8</GreekSeq></word><word seq="10">they gathered<GreekSeq>9</GreekSeq></word><word seq="11">together.<GreekSeq>10</GreekSeq><GreekSeq>11</GreekSeq><GreekSeq>12</GreekSeq></word></ESV></verse>
<verse number="35"><ESV><word seq="1">And<GreekSeq>1</GreekSeq></word><word seq="2">one<GreekSeq>3</GreekSeq></word><word seq="3">of<GreekSeq>4</GreekSeq></word><word seq="4">them,<GreekSeq>5</GreekSeq></word><word seq="5">a lawyer,<GreekSeq>6</GreekSeq></word><word seq="6">asked<GreekSeq>2</GreekSeq></word><word seq="7">him a question</word><word seq="8">to test<GreekSeq>7</GreekSeq></word><word seq="9">him.<GreekSeq>8</GreekSeq></word></ESV></verse>
<verse number="36"><ESV><word seq="1">“Teacher,<GreekSeq>1</GreekSeq></word><word seq="2">which<GreekSeq>2</GreekSeq></word><word seq="3">is the</word><word seq="4">great<GreekSeq>4</GreekSeq></word><word seq="5">commandment<GreekSeq>3</GreekSeq></word><word seq="6">in<GreekSeq>5</GreekSeq></word><word seq="7">the<GreekSeq>6</GreekSeq></word><word seq="8">Law?”<GreekSeq>7</GreekSeq></word></ESV></verse>
<verse number="37"><ESV><word seq="1">And<GreekSeq>2</GreekSeq></word><word seq="2">he<GreekSeq>1</GreekSeq></word><word seq="3">said<GreekSeq>3</GreekSeq></word><word seq="4">to him,<GreekSeq>4</GreekSeq></word><word seq="5">“You shall love<GreekSeq>5</GreekSeq></word><word seq="6">the Lord<GreekSeq>6</GreekSeq></word><word seq="7">your<GreekSeq>9</GreekSeq></word><word seq="8">God<GreekSeq>8</GreekSeq></word><word seq="9">with<GreekSeq>10</GreekSeq></word><word seq="10">all<GreekSeq>11</GreekSeq></word><word seq="11">your<GreekSeq>14</GreekSeq></word><word seq="12">heart<GreekSeq>13</GreekSeq></word><word seq="13">and<GreekSeq>15</GreekSeq></word><word seq="14">with<GreekSeq>16</GreekSeq></word><word seq="15">all<GreekSeq>17</GreekSeq></word><word seq="16">your<GreekSeq>20</GreekSeq></word><word seq="17">soul<GreekSeq>19</GreekSeq></word><word seq="18">and<GreekSeq>21</GreekSeq></word><word seq="19">with<GreekSeq>22</GreekSeq></word><word seq="20">all<GreekSeq>23</GreekSeq></word><word seq="21">your<GreekSeq>26</GreekSeq></word><word seq="22">mind.<GreekSeq>25</GreekSeq></word></ESV></verse>
<verse number="38"><ESV><word seq="1">This<GreekSeq>1</GreekSeq></word><word seq="2">is<GreekSeq>2</GreekSeq></word><word seq="3">the<GreekSeq>3</GreekSeq></word><word seq="4">great<GreekSeq>4</GreekSeq></word><word seq="5">and<GreekSeq>5</GreekSeq></word><word seq="6">first<GreekSeq>6</GreekSeq></word><word seq="7">commandment.<GreekSeq>7</GreekSeq></word></ESV></verse>
<verse number="39"><ESV><word seq="1">And<GreekSeq>2</GreekSeq></word><word seq="2">a second<GreekSeq>1</GreekSeq></word><word seq="3">is</word><word seq="4">like<GreekSeq>3</GreekSeq></word><word seq="5">it:<GreekSeq>4</GreekSeq></word><word seq="6">You shall love<GreekSeq>5</GreekSeq></word><word seq="7">your<GreekSeq>8</GreekSeq></word><word seq="8">neighbor<GreekSeq>7</GreekSeq></word><word seq="9">as<GreekSeq>9</GreekSeq></word><word seq="10">yourself.<GreekSeq>10</GreekSeq></word></ESV></verse>
<verse number="40"><ESV><word seq="1">On<GreekSeq>1</GreekSeq></word><word seq="2">these<GreekSeq>2</GreekSeq></word><word seq="3">two<GreekSeq>4</GreekSeq></word><word seq="4">commandments<GreekSeq>5</GreekSeq></word><word seq="5">depend<GreekSeq>9</GreekSeq></word><word seq="6">all<GreekSeq>6</GreekSeq></word><word seq="7">the<GreekSeq>7</GreekSeq></word><word seq="8">Law<GreekSeq>8</GreekSeq></word><word seq="9">and<GreekSeq>10</GreekSeq></word><word seq="10">the<GreekSeq>11</GreekSeq></word><word seq="11">Prophets.”<GreekSeq>12</GreekSeq></word></ESV></verse>
<verse number="41"><ESV><word seq="1">Now<GreekSeq>2</GreekSeq></word><word seq="2">while<GreekSeq>1</GreekSeq></word><word seq="3">the<GreekSeq>3</GreekSeq></word><word seq="4">Pharisees<GreekSeq>4</GreekSeq></word><word seq="5">were gathered together,<GreekSeq>1</GreekSeq></word><word seq="6">Jesus<GreekSeq>8</GreekSeq></word><word seq="7">asked<GreekSeq>5</GreekSeq></word><word seq="8">them<GreekSeq>6</GreekSeq></word><word seq="9">a question,</word></ESV></verse>
<verse number="42"><ESV><word seq="1">saying,<GreekSeq>1</GreekSeq></word><word seq="2">“What<GreekSeq>2</GreekSeq></word><word seq="3">do</word><word seq="4">you<GreekSeq>3</GreekSeq></word><word seq="5">think<GreekSeq>4</GreekSeq></word><word seq="6">about<GreekSeq>5</GreekSeq></word><word seq="7">the<GreekSeq>6</GreekSeq></word><word seq="8">Christ?<GreekSeq>7</GreekSeq></word><word seq="9">Whose<GreekSeq>8</GreekSeq></word><word seq="10">son<GreekSeq>9</GreekSeq></word><word seq="11">is he?”<GreekSeq>10</GreekSeq></word><word seq="12">They said<GreekSeq>11</GreekSeq></word><word seq="13">to him,<GreekSeq>12</GreekSeq></word><word seq="14">“The [son] of<GreekSeq>13</GreekSeq></word><word seq="15">David.”<GreekSeq>14</GreekSeq></word></ESV></verse>
<verse number="43"><ESV><word seq="1">He said<GreekSeq>1</GreekSeq></word><word seq="2">to them,<GreekSeq>2</GreekSeq></word><word seq="3">“How<GreekSeq>3</GreekSeq></word><word seq="4">is it</word><word seq="5">then<GreekSeq>4</GreekSeq></word><word seq="6">that</word><word seq="7">David,<GreekSeq>5</GreekSeq></word><word seq="8">in<GreekSeq>6</GreekSeq></word><word seq="9">the Spirit,<GreekSeq>7</GreekSeq></word><word seq="10">calls<GreekSeq>8</GreekSeq></word><word seq="11">him<GreekSeq>9</GreekSeq></word><word seq="12">Lord,<GreekSeq>10</GreekSeq></word><word seq="13">saying,<GreekSeq>11</GreekSeq></word></ESV></verse>
<verse number="44"><ESV><word seq="1">‘The Lord<GreekSeq>2</GreekSeq></word><word seq="2">said<GreekSeq>1</GreekSeq></word><word seq="3">to<GreekSeq>4</GreekSeq></word><word seq="4">my<GreekSeq>5</GreekSeq></word><word seq="5">Lord,<GreekSeq>4</GreekSeq></word><word seq="6">“Sit<GreekSeq>6</GreekSeq></word><word seq="7">at<GreekSeq>7</GreekSeq></word><word seq="8">my<GreekSeq>9</GreekSeq></word><word seq="9">right hand,<GreekSeq>8</GreekSeq></word><word seq="10">until<GreekSeq>10</GreekSeq></word><word seq="11">I put<GreekSeq>12</GreekSeq></word><word seq="12">your<GreekSeq>15</GreekSeq></word><word seq="13">enemies<GreekSeq>14</GreekSeq></word><word seq="14">under<GreekSeq>16</GreekSeq></word><word seq="15">your<GreekSeq>19</GreekSeq></word><word seq="16">feet”’?<GreekSeq>18</GreekSeq></word></ESV></verse>
<verse number="45"><ESV><word seq="1">If<GreekSeq>1</GreekSeq></word><word seq="2">then<GreekSeq>2</GreekSeq></word><word seq="3">David<GreekSeq>3</GreekSeq></word><word seq="4">calls<GreekSeq>4</GreekSeq></word><word seq="5">him<GreekSeq>5</GreekSeq></word><word seq="6">Lord,<GreekSeq>6</GreekSeq></word><word seq="7">how<GreekSeq>7</GreekSeq></word><word seq="8">is he<GreekSeq>10</GreekSeq></word><word seq="9">his<GreekSeq>9</GreekSeq></word><word seq="10">son?”<GreekSeq>8</GreekSeq></word></ESV></verse>
<verse number="46"><ESV><word seq="1">And<GreekSeq>1</GreekSeq></word><word seq="2">no one<GreekSeq>2</GreekSeq></word><word seq="3">was able<GreekSeq>3</GreekSeq></word><word seq="4">to answer<GreekSeq>4</GreekSeq></word><word seq="5">him<GreekSeq>5</GreekSeq></word><word seq="6">a word,<GreekSeq>6</GreekSeq></word><word seq="7">nor<GreekSeq>7</GreekSeq></word><word seq="8">from<GreekSeq>10</GreekSeq></word><word seq="9">that<GreekSeq>11</GreekSeq></word><word seq="10">day<GreekSeq>13</GreekSeq></word><word seq="11">did</word><word seq="12">anyone<GreekSeq>9</GreekSeq></word><word seq="13">dare<GreekSeq>8</GreekSeq></word><word seq="14">to ask<GreekSeq>14</GreekSeq></word><word seq="15">him<GreekSeq>15</GreekSeq></word><word seq="16">any more<GreekSeq>16</GreekSeq></word><word seq="17">questions.</word></ESV></verse></chapter></book>