<?xml version="1.0" encoding="UTF-8" standalone="no"?><book><chapter number="23">'<verse number="1"><ESV><word seq="1">Then<GreekSeq>1</GreekSeq></word><word seq="2">Jesus<GreekSeq>3</GreekSeq></word><word seq="3">said<GreekSeq>4</GreekSeq></word><word seq="4">to the<GreekSeq>5</GreekSeq></word><word seq="5">crowds<GreekSeq>6</GreekSeq></word><word seq="6">and<GreekSeq>7</GreekSeq></word><word seq="7">to<GreekSeq>9</GreekSeq></word><word seq="8">his<GreekSeq>10</GreekSeq></word><word seq="9">disciples,<GreekSeq>9</GreekSeq></word></ESV></verse>
<verse number="2"><ESV><word seq="1">“The<GreekSeq>7</GreekSeq></word><word seq="2">scribes<GreekSeq>8</GreekSeq></word><word seq="3">and<GreekSeq>9</GreekSeq></word><word seq="4">the<GreekSeq>10</GreekSeq></word><word seq="5">Pharisees<GreekSeq>11</GreekSeq></word><word seq="6">sit<GreekSeq>6</GreekSeq></word><word seq="7">on<GreekSeq>2</GreekSeq></word><word seq="8">Moses’<GreekSeq>4</GreekSeq></word><word seq="9">seat,<GreekSeq>5</GreekSeq></word></ESV></verse>
<verse number="3"><ESV><word seq="1">so<GreekSeq>2</GreekSeq></word><word seq="2">do<GreekSeq>7</GreekSeq></word><word seq="3">and<GreekSeq>8</GreekSeq></word><word seq="4">observe<GreekSeq>9</GreekSeq></word><word seq="5">whatever<GreekSeq>3</GreekSeq><GreekSeq>4</GreekSeq></word><word seq="6">they tell<GreekSeq>5</GreekSeq></word><word seq="7">you,<GreekSeq>6</GreekSeq></word><word seq="8">but<GreekSeq>11</GreekSeq></word><word seq="9">not<GreekSeq>15</GreekSeq></word><word seq="10">the<GreekSeq>12</GreekSeq></word><word seq="11">works<GreekSeq>13</GreekSeq></word><word seq="12">they [do].<GreekSeq>14</GreekSeq></word><word seq="13">For<GreekSeq>18</GreekSeq></word><word seq="14">they preach,<GreekSeq>17</GreekSeq></word><word seq="15">but<GreekSeq>19</GreekSeq></word><word seq="16">do</word><word seq="17">not<GreekSeq>20</GreekSeq></word><word seq="18">practice.<GreekSeq>21</GreekSeq></word></ESV></verse>
<verse number="4"><ESV><word seq="1">They tie up<GreekSeq>1</GreekSeq></word><word seq="2">heavy<GreekSeq>4</GreekSeq></word><word seq="3">burdens,<GreekSeq>3</GreekSeq></word><word seq="4">hard to bear,<GreekSeq>6</GreekSeq></word><word seq="5">and<GreekSeq>7</GreekSeq></word><word seq="6">lay<GreekSeq>8</GreekSeq></word><word seq="7">them</word><word seq="8">on<GreekSeq>9</GreekSeq></word><word seq="9">people’s<GreekSeq>13</GreekSeq></word><word seq="10">shoulders,<GreekSeq>11</GreekSeq></word><word seq="11">but<GreekSeq>15</GreekSeq></word><word seq="12">they themselves<GreekSeq>14</GreekSeq></word><word seq="13">are<GreekSeq>20</GreekSeq></word><word seq="14">not<GreekSeq>19</GreekSeq></word><word seq="15">willing to<GreekSeq>20</GreekSeq></word><word seq="16">move<GreekSeq>21</GreekSeq></word><word seq="17">them<GreekSeq>22</GreekSeq></word><word seq="18">with<GreekSeq>17</GreekSeq></word><word seq="19">their<GreekSeq>18</GreekSeq></word><word seq="20">finger.<GreekSeq>17</GreekSeq></word></ESV></verse>
<verse number="5"><ESV><word seq="1">They do<GreekSeq>6</GreekSeq></word><word seq="2">all<GreekSeq>1</GreekSeq></word><word seq="3">their<GreekSeq>5</GreekSeq></word><word seq="4">deeds<GreekSeq>4</GreekSeq></word><word seq="5">to be seen<GreekSeq>9</GreekSeq></word><word seq="6">by<GreekSeq>7</GreekSeq></word><word seq="7">[others].<GreekSeq>11</GreekSeq></word><word seq="8">For<GreekSeq>13</GreekSeq></word><word seq="9">they make<GreekSeq>12</GreekSeq></word><word seq="10">their<GreekSeq>16</GreekSeq></word><word seq="11">phylacteries<GreekSeq>15</GreekSeq></word><word seq="12">broad<GreekSeq>12</GreekSeq></word><word seq="13">and<GreekSeq>17</GreekSeq></word><word seq="14">their</word><word seq="15">fringes<GreekSeq>20</GreekSeq></word><word seq="16">long,<GreekSeq>18</GreekSeq></word></ESV></verse>
<verse number="6"><ESV><word seq="1">and<GreekSeq>2</GreekSeq></word><word seq="2">they love<GreekSeq>1</GreekSeq></word><word seq="3">the<GreekSeq>3</GreekSeq></word><word seq="4">place of honor<GreekSeq>4</GreekSeq></word><word seq="5">at<GreekSeq>5</GreekSeq></word><word seq="6">feasts<GreekSeq>7</GreekSeq></word><word seq="7">and<GreekSeq>8</GreekSeq></word><word seq="8">the<GreekSeq>9</GreekSeq></word><word seq="9">best seats<GreekSeq>10</GreekSeq></word><word seq="10">in<GreekSeq>11</GreekSeq></word><word seq="11">the<GreekSeq>12</GreekSeq></word><word seq="12">synagogues<GreekSeq>13</GreekSeq></word></ESV></verse>
<verse number="7"><ESV><word seq="1">and<GreekSeq>1</GreekSeq></word><word seq="2">greetings<GreekSeq>3</GreekSeq></word><word seq="3">in<GreekSeq>4</GreekSeq></word><word seq="4">the<GreekSeq>5</GreekSeq></word><word seq="5">marketplaces<GreekSeq>6</GreekSeq></word><word seq="6">and<GreekSeq>7</GreekSeq></word><word seq="7">being called<GreekSeq>8</GreekSeq></word><word seq="8">rabbi<GreekSeq>12</GreekSeq></word><word seq="9">by<GreekSeq>9</GreekSeq></word><word seq="10">[others].<GreekSeq>11</GreekSeq></word></ESV></verse>
<verse number="8"><ESV><word seq="1">But<GreekSeq>2</GreekSeq></word><word seq="2">you<GreekSeq>1</GreekSeq></word><word seq="3">are<GreekSeq>4</GreekSeq></word><word seq="4">not<GreekSeq>3</GreekSeq></word><word seq="5">to be called<GreekSeq>4</GreekSeq></word><word seq="6">rabbi,<GreekSeq>5</GreekSeq></word><word seq="7">for<GreekSeq>7</GreekSeq></word><word seq="8">you<GreekSeq>9</GreekSeq></word><word seq="9">have<GreekSeq>8</GreekSeq></word><word seq="10">one<GreekSeq>6</GreekSeq></word><word seq="11">teacher,<GreekSeq>11</GreekSeq></word><word seq="12">and<GreekSeq>13</GreekSeq></word><word seq="13">you<GreekSeq>14</GreekSeq></word><word seq="14">are<GreekSeq>16</GreekSeq></word><word seq="15">all<GreekSeq>12</GreekSeq></word><word seq="16">brothers.<GreekSeq>15</GreekSeq></word></ESV></verse>
<verse number="9"><ESV><word seq="1">And<GreekSeq>1</GreekSeq></word><word seq="2">call<GreekSeq>4</GreekSeq></word><word seq="3">no<GreekSeq>3</GreekSeq></word><word seq="4">man</word><word seq="5">your<GreekSeq>5</GreekSeq></word><word seq="6">father<GreekSeq>2</GreekSeq></word><word seq="7">on<GreekSeq>6</GreekSeq></word><word seq="8">earth,<GreekSeq>8</GreekSeq></word><word seq="9">for<GreekSeq>10</GreekSeq></word><word seq="10">you<GreekSeq>12</GreekSeq></word><word seq="11">have<GreekSeq>11</GreekSeq></word><word seq="12">one<GreekSeq>9</GreekSeq></word><word seq="13">Father,<GreekSeq>14</GreekSeq></word><word seq="14">who<GreekSeq>15</GreekSeq></word><word seq="15">is</word><word seq="16" note="Base of different Greek: ἐν(1722)">in</word><word seq="17" note="Base of different Greek: οὐρανός(3772)">heaven.<GreekSeq>16</GreekSeq></word></ESV></verse>
<verse number="10"><ESV><word seq="1">Neither<GreekSeq>1</GreekSeq></word><word seq="2">be called<GreekSeq>2</GreekSeq></word><word seq="3">instructors,<GreekSeq>3</GreekSeq></word><word seq="4">for<GreekSeq>4</GreekSeq></word><word seq="5">you<GreekSeq>6</GreekSeq></word><word seq="6">have<GreekSeq>7</GreekSeq></word><word seq="7">one<GreekSeq>8</GreekSeq></word><word seq="8">instructor,<GreekSeq>5</GreekSeq></word><word seq="9">the<GreekSeq>9</GreekSeq></word><word seq="10">Christ.<GreekSeq>10</GreekSeq></word></ESV></verse>
<verse number="11"><ESV><word seq="1">The<GreekSeq>1</GreekSeq></word><word seq="2">greatest<GreekSeq>3</GreekSeq></word><word seq="3">among you<GreekSeq>4</GreekSeq></word><word seq="4">shall be<GreekSeq>5</GreekSeq></word><word seq="5">your<GreekSeq>6</GreekSeq></word><word seq="6">servant.<GreekSeq>7</GreekSeq></word></ESV></verse>
<verse number="12"><ESV><word seq="1">Whoever<GreekSeq>1</GreekSeq></word><word seq="2">exalts<GreekSeq>3</GreekSeq></word><word seq="3">himself<GreekSeq>4</GreekSeq></word><word seq="4">will be humbled,<GreekSeq>5</GreekSeq></word><word seq="5">and<GreekSeq>6</GreekSeq></word><word seq="6">whoever<GreekSeq>7</GreekSeq></word><word seq="7">humbles<GreekSeq>8</GreekSeq></word><word seq="8">himself<GreekSeq>9</GreekSeq></word><word seq="9">will be exalted.<GreekSeq>10</GreekSeq></word></ESV></verse>
<verse number="13"><ESV><word seq="1">But<GreekSeq>2</GreekSeq></word><word seq="2">woe<GreekSeq>1</GreekSeq></word><word seq="3">to you,<GreekSeq>3</GreekSeq></word><word seq="4">scribes<GreekSeq>4</GreekSeq></word><word seq="5">and<GreekSeq>5</GreekSeq></word><word seq="6">Pharisees,<GreekSeq>6</GreekSeq></word><word seq="7">hypocrites!<GreekSeq>7</GreekSeq></word><word seq="8">For<GreekSeq>8</GreekSeq></word><word seq="9">you shut<GreekSeq>9</GreekSeq></word><word seq="10">the<GreekSeq>10</GreekSeq></word><word seq="11">kingdom<GreekSeq>11</GreekSeq></word><word seq="12">of heaven<GreekSeq>13</GreekSeq></word><word seq="13">in<GreekSeq>14</GreekSeq></word><word seq="14">people’s<GreekSeq>16</GreekSeq></word><word seq="15">faces.<GreekSeq>14</GreekSeq></word><word seq="16">For<GreekSeq>18</GreekSeq></word><word seq="17">you<GreekSeq>17</GreekSeq></word><word seq="18">neither<GreekSeq>21</GreekSeq></word><word seq="19">enter yourselves<GreekSeq>20</GreekSeq></word><word seq="20">nor<GreekSeq>19</GreekSeq></word><word seq="21">allow<GreekSeq>24</GreekSeq></word><word seq="22">those<GreekSeq>22</GreekSeq></word><word seq="23">who would enter<GreekSeq>23</GreekSeq></word><word seq="24">to go in.<GreekSeq>25</GreekSeq></word></ESV></verse>
<verse number="14"><ESV><word seq="1">this version Greek do not  have.<GreekSeq>1</GreekSeq></word></ESV></verse>
<verse number="15"><ESV><word seq="1">Woe<GreekSeq>1</GreekSeq></word><word seq="2">to you,<GreekSeq>2</GreekSeq></word><word seq="3">scribes<GreekSeq>3</GreekSeq></word><word seq="4">and<GreekSeq>4</GreekSeq></word><word seq="5">Pharisees,<GreekSeq>5</GreekSeq></word><word seq="6">hypocrites!<GreekSeq>6</GreekSeq></word><word seq="7">For<GreekSeq>7</GreekSeq></word><word seq="8">you travel across<GreekSeq>8</GreekSeq></word><word seq="9">sea<GreekSeq>10</GreekSeq></word><word seq="10">and<GreekSeq>11</GreekSeq></word><word seq="11">land<GreekSeq>13</GreekSeq></word><word seq="12">to make<GreekSeq>14</GreekSeq></word><word seq="13">a single<GreekSeq>15</GreekSeq></word><word seq="14">proselyte,<GreekSeq>16</GreekSeq></word><word seq="15">and<GreekSeq>17</GreekSeq></word><word seq="16">when<GreekSeq>18</GreekSeq></word><word seq="17">he becomes<GreekSeq>19</GreekSeq></word><word seq="18">a proselyte, you</word><word seq="19">make<GreekSeq>20</GreekSeq></word><word seq="20">him<GreekSeq>21</GreekSeq></word><word seq="21">twice as much<GreekSeq>24</GreekSeq></word><word seq="22">a child<GreekSeq>22</GreekSeq></word><word seq="23">of hell<GreekSeq>23</GreekSeq></word><word seq="24">as</word><word seq="25">yourselves.<GreekSeq>25</GreekSeq></word></ESV></verse>
<verse number="16"><ESV><word seq="1">Woe<GreekSeq>1</GreekSeq></word><word seq="2">to you,<GreekSeq>2</GreekSeq></word><word seq="3">blind<GreekSeq>4</GreekSeq></word><word seq="4">guides,<GreekSeq>3</GreekSeq></word><word seq="5">who say,<GreekSeq>6</GreekSeq></word><word seq="6">‘If<GreekSeq>8</GreekSeq></word><word seq="7">anyone<GreekSeq>7</GreekSeq></word><word seq="8">swears<GreekSeq>9</GreekSeq></word><word seq="9">by<GreekSeq>10</GreekSeq></word><word seq="10">the<GreekSeq>11</GreekSeq></word><word seq="11">temple,<GreekSeq>12</GreekSeq></word><word seq="12">it is<GreekSeq>14</GreekSeq></word><word seq="13">nothing,<GreekSeq>13</GreekSeq></word><word seq="14">but<GreekSeq>16</GreekSeq></word><word seq="15">if<GreekSeq>17</GreekSeq></word><word seq="16">anyone<GreekSeq>15</GreekSeq></word><word seq="17">swears<GreekSeq>18</GreekSeq></word><word seq="18">by<GreekSeq>19</GreekSeq></word><word seq="19">the<GreekSeq>20</GreekSeq></word><word seq="20">gold<GreekSeq>21</GreekSeq></word><word seq="21">of the<GreekSeq>22</GreekSeq></word><word seq="22">temple,<GreekSeq>23</GreekSeq></word><word seq="23">he is bound [by his oath].’<GreekSeq>24</GreekSeq></word></ESV></verse>
<verse number="17"><ESV><word seq="1">You</word><word seq="2">blind<GreekSeq>3</GreekSeq></word><word seq="3">fools!<GreekSeq>1</GreekSeq></word><word seq="4">For<GreekSeq>5</GreekSeq></word><word seq="5">which<GreekSeq>4</GreekSeq></word><word seq="6">is<GreekSeq>7</GreekSeq></word><word seq="7">greater,<GreekSeq>6</GreekSeq></word><word seq="8">the<GreekSeq>8</GreekSeq></word><word seq="9">gold<GreekSeq>9</GreekSeq></word><word seq="10">or<GreekSeq>10</GreekSeq></word><word seq="11">the<GreekSeq>11</GreekSeq></word><word seq="12">temple<GreekSeq>12</GreekSeq></word><word seq="13">that has made<GreekSeq>14</GreekSeq></word><word seq="14">the<GreekSeq>15</GreekSeq></word><word seq="15">gold<GreekSeq>16</GreekSeq></word><word seq="16">sacred?<GreekSeq>14</GreekSeq></word></ESV></verse>
<verse number="18"><ESV><word seq="1">And<GreekSeq>1</GreekSeq></word><word seq="2">you say,</word><word seq="3">‘If<GreekSeq>3</GreekSeq></word><word seq="4">anyone<GreekSeq>2</GreekSeq></word><word seq="5">swears<GreekSeq>4</GreekSeq></word><word seq="6">by<GreekSeq>5</GreekSeq></word><word seq="7">the<GreekSeq>6</GreekSeq></word><word seq="8">altar,<GreekSeq>7</GreekSeq></word><word seq="9">it is<GreekSeq>9</GreekSeq></word><word seq="10">nothing,<GreekSeq>8</GreekSeq></word><word seq="11">but<GreekSeq>11</GreekSeq></word><word seq="12">if<GreekSeq>12</GreekSeq></word><word seq="13">anyone<GreekSeq>10</GreekSeq></word><word seq="14">swears<GreekSeq>13</GreekSeq></word><word seq="15">by<GreekSeq>14</GreekSeq></word><word seq="16">the<GreekSeq>15</GreekSeq></word><word seq="17">gift<GreekSeq>16</GreekSeq></word><word seq="18">that<GreekSeq>17</GreekSeq></word><word seq="19">is</word><word seq="20">on<GreekSeq>18</GreekSeq></word><word seq="21">[the altar],<GreekSeq>19</GreekSeq></word><word seq="22">he is bound [by his oath].’<GreekSeq>20</GreekSeq></word></ESV></verse>
<verse number="19"><ESV><word seq="1">You</word><word seq="2">blind men!<GreekSeq>1</GreekSeq></word><word seq="3">For<GreekSeq>3</GreekSeq></word><word seq="4">which<GreekSeq>2</GreekSeq></word><word seq="5">is</word><word seq="6">greater,<GreekSeq>4</GreekSeq></word><word seq="7">the<GreekSeq>5</GreekSeq></word><word seq="8">gift<GreekSeq>6</GreekSeq></word><word seq="9">or<GreekSeq>7</GreekSeq></word><word seq="10">the<GreekSeq>8</GreekSeq></word><word seq="11">altar<GreekSeq>9</GreekSeq></word><word seq="12">that makes<GreekSeq>11</GreekSeq></word><word seq="13">the<GreekSeq>12</GreekSeq></word><word seq="14">gift<GreekSeq>13</GreekSeq></word><word seq="15">sacred?<GreekSeq>11</GreekSeq></word></ESV></verse>
<verse number="20"><ESV><word seq="1">So<GreekSeq>2</GreekSeq></word><word seq="2">whoever<GreekSeq>1</GreekSeq></word><word seq="3">swears<GreekSeq>3</GreekSeq></word><word seq="4">by<GreekSeq>4</GreekSeq></word><word seq="5">the<GreekSeq>5</GreekSeq></word><word seq="6">altar<GreekSeq>6</GreekSeq></word><word seq="7">swears<GreekSeq>7</GreekSeq></word><word seq="8">by<GreekSeq>8</GreekSeq></word><word seq="9">it<GreekSeq>9</GreekSeq></word><word seq="10">and<GreekSeq>10</GreekSeq></word><word seq="11">by<GreekSeq>11</GreekSeq></word><word seq="12">everything<GreekSeq>12</GreekSeq><GreekSeq>13</GreekSeq></word><word seq="13">on<GreekSeq>14</GreekSeq></word><word seq="14">it.<GreekSeq>15</GreekSeq></word></ESV></verse>
<verse number="21"><ESV><word seq="1">And<GreekSeq>1</GreekSeq></word><word seq="2">whoever<GreekSeq>2</GreekSeq></word><word seq="3">swears<GreekSeq>3</GreekSeq></word><word seq="4">by<GreekSeq>4</GreekSeq></word><word seq="5">the<GreekSeq>5</GreekSeq></word><word seq="6">temple<GreekSeq>6</GreekSeq></word><word seq="7">swears<GreekSeq>7</GreekSeq></word><word seq="8">by<GreekSeq>8</GreekSeq></word><word seq="9">it<GreekSeq>9</GreekSeq></word><word seq="10">and<GreekSeq>10</GreekSeq></word><word seq="11">by<GreekSeq>11</GreekSeq></word><word seq="12">him<GreekSeq>12</GreekSeq></word><word seq="13">who dwells in<GreekSeq>13</GreekSeq></word><word seq="14">it.<GreekSeq>14</GreekSeq></word></ESV></verse>
<verse number="22"><ESV><word seq="1">And<GreekSeq>1</GreekSeq></word><word seq="2">whoever<GreekSeq>2</GreekSeq></word><word seq="3">swears<GreekSeq>3</GreekSeq></word><word seq="4">by<GreekSeq>4</GreekSeq></word><word seq="5">heaven<GreekSeq>6</GreekSeq></word><word seq="6">swears<GreekSeq>7</GreekSeq></word><word seq="7">by<GreekSeq>8</GreekSeq></word><word seq="8">the<GreekSeq>9</GreekSeq></word><word seq="9">throne<GreekSeq>10</GreekSeq></word><word seq="10">of God<GreekSeq>12</GreekSeq></word><word seq="11">and<GreekSeq>13</GreekSeq></word><word seq="12">by<GreekSeq>14</GreekSeq></word><word seq="13">him<GreekSeq>15</GreekSeq></word><word seq="14">who sits<GreekSeq>16</GreekSeq></word><word seq="15">upon<GreekSeq>17</GreekSeq></word><word seq="16">it.<GreekSeq>18</GreekSeq></word></ESV></verse>
<verse number="23"><ESV><word seq="1">Woe<GreekSeq>1</GreekSeq></word><word seq="2">to you,<GreekSeq>2</GreekSeq></word><word seq="3">scribes<GreekSeq>3</GreekSeq></word><word seq="4">and<GreekSeq>4</GreekSeq></word><word seq="5">Pharisees,<GreekSeq>5</GreekSeq></word><word seq="6">hypocrites!<GreekSeq>6</GreekSeq></word><word seq="7">For<GreekSeq>7</GreekSeq></word><word seq="8">you tithe<GreekSeq>8</GreekSeq></word><word seq="9">mint<GreekSeq>10</GreekSeq></word><word seq="10">and<GreekSeq>11</GreekSeq></word><word seq="11">dill<GreekSeq>13</GreekSeq></word><word seq="12">and<GreekSeq>14</GreekSeq></word><word seq="13">cumin,<GreekSeq>16</GreekSeq></word><word seq="14">and<GreekSeq>17</GreekSeq></word><word seq="15">have neglected<GreekSeq>18</GreekSeq></word><word seq="16">the<GreekSeq>19</GreekSeq></word><word seq="17">weightier<GreekSeq>20</GreekSeq></word><word seq="18">matters</word><word seq="19">of the<GreekSeq>21</GreekSeq></word><word seq="20">law:<GreekSeq>22</GreekSeq></word><word seq="21">justice<GreekSeq>24</GreekSeq></word><word seq="22">and<GreekSeq>25</GreekSeq></word><word seq="23">mercy<GreekSeq>27</GreekSeq></word><word seq="24">and<GreekSeq>28</GreekSeq></word><word seq="25">faithfulness.<GreekSeq>30</GreekSeq></word><word seq="26">These<GreekSeq>31</GreekSeq></word><word seq="27">[you] ought<GreekSeq>33</GreekSeq></word><word seq="28">to have done,<GreekSeq>34</GreekSeq></word><word seq="29">without<GreekSeq>36</GreekSeq></word><word seq="30">neglecting<GreekSeq>37</GreekSeq></word><word seq="31">the others.<GreekSeq>35</GreekSeq></word></ESV></verse>
<verse number="24"><ESV><word seq="1">You</word><word seq="2">blind<GreekSeq>2</GreekSeq></word><word seq="3">guides,<GreekSeq>1</GreekSeq></word><word seq="4">straining<GreekSeq>4</GreekSeq></word><word seq="5">out a<GreekSeq>5</GreekSeq></word><word seq="6">gnat<GreekSeq>6</GreekSeq></word><word seq="7">and<GreekSeq>8</GreekSeq></word><word seq="8">swallowing<GreekSeq>10</GreekSeq></word><word seq="9">a<GreekSeq>7</GreekSeq></word><word seq="10">camel!<GreekSeq>9</GreekSeq></word></ESV></verse>
<verse number="25"><ESV><word seq="1">Woe<GreekSeq>1</GreekSeq></word><word seq="2">to you,<GreekSeq>2</GreekSeq></word><word seq="3">scribes<GreekSeq>3</GreekSeq></word><word seq="4">and<GreekSeq>4</GreekSeq></word><word seq="5">Pharisees,<GreekSeq>5</GreekSeq></word><word seq="6">hypocrites!<GreekSeq>6</GreekSeq></word><word seq="7">For<GreekSeq>7</GreekSeq></word><word seq="8">you clean<GreekSeq>8</GreekSeq></word><word seq="9">the<GreekSeq>9</GreekSeq></word><word seq="10">outside<GreekSeq>10</GreekSeq></word><word seq="11">of the<GreekSeq>11</GreekSeq></word><word seq="12">cup<GreekSeq>12</GreekSeq></word><word seq="13">and<GreekSeq>13</GreekSeq></word><word seq="14">the<GreekSeq>14</GreekSeq></word><word seq="15">plate,<GreekSeq>15</GreekSeq></word><word seq="16">but<GreekSeq>17</GreekSeq></word><word seq="17">inside<GreekSeq>16</GreekSeq></word><word seq="18">they are full<GreekSeq>18</GreekSeq></word><word seq="19">of<GreekSeq>19</GreekSeq></word><word seq="20">greed<GreekSeq>20</GreekSeq></word><word seq="21">and<GreekSeq>21</GreekSeq></word><word seq="22">self-indulgence.<GreekSeq>22</GreekSeq></word></ESV></verse>
<verse number="26"><ESV><word seq="1">You</word><word seq="2">blind<GreekSeq>2</GreekSeq></word><word seq="3">Pharisee!<GreekSeq>1</GreekSeq></word><word seq="4">First<GreekSeq>4</GreekSeq></word><word seq="5">clean<GreekSeq>3</GreekSeq></word><word seq="6">the<GreekSeq>5</GreekSeq></word><word seq="7">inside<GreekSeq>6</GreekSeq></word><word seq="8">of the<GreekSeq>7</GreekSeq></word><word seq="9">cup<GreekSeq>8</GreekSeq></word><word seq="10">and<GreekSeq>11</GreekSeq></word><word seq="11">the</word><word seq="12" note="Base of different Greek: παροψίδος(3953)">plate,</word><word seq="13">that<GreekSeq>9</GreekSeq></word><word seq="14">the<GreekSeq>12</GreekSeq></word><word seq="15">outside<GreekSeq>13</GreekSeq></word><word seq="16">also<GreekSeq>11</GreekSeq></word><word seq="17">may be<GreekSeq>10</GreekSeq></word><word seq="18">clean.<GreekSeq>15</GreekSeq></word></ESV></verse>
<verse number="27"><ESV><word seq="1">Woe<GreekSeq>1</GreekSeq></word><word seq="2">to you,<GreekSeq>2</GreekSeq></word><word seq="3">scribes<GreekSeq>3</GreekSeq></word><word seq="4">and<GreekSeq>4</GreekSeq></word><word seq="5">Pharisees,<GreekSeq>5</GreekSeq></word><word seq="6">hypocrites!<GreekSeq>6</GreekSeq></word><word seq="7">For<GreekSeq>7</GreekSeq></word><word seq="8">you are like<GreekSeq>8</GreekSeq></word><word seq="9">whitewashed<GreekSeq>10</GreekSeq></word><word seq="10">tombs,<GreekSeq>9</GreekSeq></word><word seq="11">which<GreekSeq>11</GreekSeq></word><word seq="12">outwardly<GreekSeq>12</GreekSeq></word><word seq="13">appear<GreekSeq>14</GreekSeq></word><word seq="14">beautiful,<GreekSeq>15</GreekSeq></word><word seq="15">but<GreekSeq>17</GreekSeq></word><word seq="16">within<GreekSeq>16</GreekSeq></word><word seq="17">are full of<GreekSeq>18</GreekSeq></word><word seq="18">dead people’s<GreekSeq>20</GreekSeq></word><word seq="19">bones<GreekSeq>19</GreekSeq></word><word seq="20">and<GreekSeq>21</GreekSeq></word><word seq="21">all<GreekSeq>22</GreekSeq></word><word seq="22">uncleanness.<GreekSeq>23</GreekSeq></word></ESV></verse>
<verse number="28"><ESV><word seq="1">So<GreekSeq>1</GreekSeq></word><word seq="2">you<GreekSeq>3</GreekSeq></word><word seq="3">also<GreekSeq>2</GreekSeq></word><word seq="4">outwardly<GreekSeq>4</GreekSeq></word><word seq="5">appear<GreekSeq>6</GreekSeq></word><word seq="6">righteous<GreekSeq>9</GreekSeq></word><word seq="7">to [others],<GreekSeq>8</GreekSeq></word><word seq="8">but<GreekSeq>11</GreekSeq></word><word seq="9">within<GreekSeq>10</GreekSeq></word><word seq="10">you are<GreekSeq>12</GreekSeq></word><word seq="11">full<GreekSeq>13</GreekSeq></word><word seq="12">of hypocrisy<GreekSeq>14</GreekSeq></word><word seq="13">and<GreekSeq>15</GreekSeq></word><word seq="14">lawlessness.<GreekSeq>16</GreekSeq></word></ESV></verse>
<verse number="29"><ESV><word seq="1">Woe<GreekSeq>1</GreekSeq></word><word seq="2">to you,<GreekSeq>2</GreekSeq></word><word seq="3">scribes<GreekSeq>3</GreekSeq></word><word seq="4">and<GreekSeq>4</GreekSeq></word><word seq="5">Pharisees,<GreekSeq>5</GreekSeq></word><word seq="6">hypocrites!<GreekSeq>6</GreekSeq></word><word seq="7">For<GreekSeq>7</GreekSeq></word><word seq="8">you build<GreekSeq>8</GreekSeq></word><word seq="9">the<GreekSeq>9</GreekSeq></word><word seq="10">tombs<GreekSeq>10</GreekSeq></word><word seq="11">of the<GreekSeq>11</GreekSeq></word><word seq="12">prophets<GreekSeq>12</GreekSeq></word><word seq="13">and<GreekSeq>13</GreekSeq></word><word seq="14">decorate<GreekSeq>14</GreekSeq></word><word seq="15">the<GreekSeq>15</GreekSeq></word><word seq="16">monuments<GreekSeq>16</GreekSeq></word><word seq="17">of the<GreekSeq>17</GreekSeq></word><word seq="18">righteous,<GreekSeq>18</GreekSeq></word></ESV></verse>
<verse number="30"><ESV><word seq="1">saying,<GreekSeq>2</GreekSeq></word><word seq="2">‘If<GreekSeq>3</GreekSeq></word><word seq="3">we had lived<GreekSeq>4</GreekSeq></word><word seq="4">in<GreekSeq>5</GreekSeq></word><word seq="5">the<GreekSeq>6</GreekSeq></word><word seq="6">days<GreekSeq>7</GreekSeq></word><word seq="7">of<GreekSeq>9</GreekSeq></word><word seq="8">our<GreekSeq>10</GreekSeq></word><word seq="9">fathers,<GreekSeq>9</GreekSeq></word><word seq="10">we would<GreekSeq>13</GreekSeq></word><word seq="11">not<GreekSeq>11</GreekSeq></word><word seq="12">have<GreekSeq>13</GreekSeq></word><word seq="13">taken part with<GreekSeq>15</GreekSeq></word><word seq="14">them<GreekSeq>14</GreekSeq></word><word seq="15">in<GreekSeq>16</GreekSeq></word><word seq="16">shedding</word><word seq="17">the<GreekSeq>17</GreekSeq></word><word seq="18">blood<GreekSeq>18</GreekSeq></word><word seq="19">of the<GreekSeq>19</GreekSeq></word><word seq="20">prophets.’<GreekSeq>20</GreekSeq></word></ESV></verse>
<verse number="31"><ESV><word seq="1">Thus<GreekSeq>1</GreekSeq></word><word seq="2">you witness<GreekSeq>2</GreekSeq></word><word seq="3">against yourselves<GreekSeq>3</GreekSeq></word><word seq="4">that<GreekSeq>4</GreekSeq></word><word seq="5">you are<GreekSeq>6</GreekSeq></word><word seq="6">sons<GreekSeq>5</GreekSeq></word><word seq="7">of those<GreekSeq>7</GreekSeq></word><word seq="8">who murdered<GreekSeq>8</GreekSeq></word><word seq="9">the<GreekSeq>9</GreekSeq></word><word seq="10">prophets.<GreekSeq>10</GreekSeq></word></ESV></verse>
<verse number="32"><ESV><word seq="1">Fill up,<GreekSeq>3</GreekSeq></word><word seq="2">then,<GreekSeq>1</GreekSeq></word><word seq="3">the<GreekSeq>4</GreekSeq></word><word seq="4">measure<GreekSeq>5</GreekSeq></word><word seq="5">of<GreekSeq>7</GreekSeq></word><word seq="6">your<GreekSeq>8</GreekSeq></word><word seq="7">fathers.<GreekSeq>7</GreekSeq></word></ESV></verse>
<verse number="33"><ESV><word seq="1">You</word><word seq="2">serpents,<GreekSeq>1</GreekSeq></word><word seq="3">you</word><word seq="4">brood<GreekSeq>2</GreekSeq></word><word seq="5">of vipers,<GreekSeq>3</GreekSeq></word><word seq="6">how<GreekSeq>4</GreekSeq></word><word seq="7">are you to escape<GreekSeq>5</GreekSeq></word><word seq="8">being</word><word seq="9">sentenced<GreekSeq>8</GreekSeq></word><word seq="10">to</word><word seq="11">hell?<GreekSeq>10</GreekSeq></word></ESV></verse>
<verse number="34"><ESV><word seq="1">Therefore<GreekSeq>1</GreekSeq><GreekSeq>2</GreekSeq></word><word seq="2">I<GreekSeq>4</GreekSeq></word><word seq="3">send<GreekSeq>5</GreekSeq></word><word seq="4">you<GreekSeq>7</GreekSeq></word><word seq="5">prophets<GreekSeq>8</GreekSeq></word><word seq="6">and<GreekSeq>9</GreekSeq></word><word seq="7">wise men<GreekSeq>10</GreekSeq></word><word seq="8">and<GreekSeq>11</GreekSeq></word><word seq="9">scribes,<GreekSeq>12</GreekSeq></word><word seq="10">some</word><word seq="11">of<GreekSeq>13</GreekSeq></word><word seq="12">whom<GreekSeq>14</GreekSeq></word><word seq="13">you will kill<GreekSeq>15</GreekSeq></word><word seq="14">and<GreekSeq>16</GreekSeq></word><word seq="15">crucify,<GreekSeq>17</GreekSeq></word><word seq="16">and<GreekSeq>18</GreekSeq></word><word seq="17">some</word><word seq="18">you will flog<GreekSeq>21</GreekSeq></word><word seq="19">in<GreekSeq>22</GreekSeq></word><word seq="20">your<GreekSeq>25</GreekSeq></word><word seq="21">synagogues<GreekSeq>24</GreekSeq></word><word seq="22">and<GreekSeq>26</GreekSeq></word><word seq="23">persecute<GreekSeq>27</GreekSeq></word><word seq="24">from<GreekSeq>28</GreekSeq></word><word seq="25">town<GreekSeq>29</GreekSeq></word><word seq="26">to<GreekSeq>30</GreekSeq></word><word seq="27">town,<GreekSeq>31</GreekSeq></word></ESV></verse>
<verse number="35"><ESV><word seq="1">so that<GreekSeq>1</GreekSeq></word><word seq="2">on<GreekSeq>3</GreekSeq></word><word seq="3">you<GreekSeq>4</GreekSeq></word><word seq="4">may come<GreekSeq>2</GreekSeq></word><word seq="5">all<GreekSeq>5</GreekSeq></word><word seq="6">the righteous<GreekSeq>7</GreekSeq></word><word seq="7">blood<GreekSeq>6</GreekSeq></word><word seq="8">shed<GreekSeq>8</GreekSeq></word><word seq="9">on<GreekSeq>9</GreekSeq></word><word seq="10">earth,<GreekSeq>11</GreekSeq></word><word seq="11">from<GreekSeq>12</GreekSeq></word><word seq="12">the<GreekSeq>13</GreekSeq></word><word seq="13">blood<GreekSeq>14</GreekSeq></word><word seq="14">of righteous<GreekSeq>17</GreekSeq></word><word seq="15">Abel<GreekSeq>15</GreekSeq></word><word seq="16">to<GreekSeq>18</GreekSeq></word><word seq="17">the<GreekSeq>19</GreekSeq></word><word seq="18">blood<GreekSeq>20</GreekSeq></word><word seq="19">of Zechariah<GreekSeq>21</GreekSeq></word><word seq="20">the son<GreekSeq>22</GreekSeq></word><word seq="21">of Barachiah,<GreekSeq>23</GreekSeq></word><word seq="22">whom<GreekSeq>24</GreekSeq></word><word seq="23">you murdered<GreekSeq>25</GreekSeq></word><word seq="24">between<GreekSeq>26</GreekSeq></word><word seq="25">the<GreekSeq>27</GreekSeq></word><word seq="26">sanctuary<GreekSeq>28</GreekSeq></word><word seq="27">and<GreekSeq>29</GreekSeq></word><word seq="28">the<GreekSeq>30</GreekSeq></word><word seq="29">altar.<GreekSeq>31</GreekSeq></word></ESV></verse>
<verse number="36"><ESV><word seq="1">Truly,<GreekSeq>1</GreekSeq></word><word seq="2">I say<GreekSeq>2</GreekSeq></word><word seq="3">to you,<GreekSeq>3</GreekSeq></word><word seq="4">all<GreekSeq>6</GreekSeq></word><word seq="5">these things<GreekSeq>5</GreekSeq></word><word seq="6">will come<GreekSeq>4</GreekSeq></word><word seq="7">upon<GreekSeq>7</GreekSeq></word><word seq="8">this<GreekSeq>10</GreekSeq></word><word seq="9">generation.<GreekSeq>9</GreekSeq></word></ESV></verse>
<verse number="37"><ESV><word seq="1">O Jerusalem,<GreekSeq>1</GreekSeq></word><word seq="2">Jerusalem,<GreekSeq>2</GreekSeq></word><word seq="3">the [city]<GreekSeq>3</GreekSeq></word><word seq="4">that kills<GreekSeq>4</GreekSeq></word><word seq="5">the<GreekSeq>5</GreekSeq></word><word seq="6">prophets<GreekSeq>6</GreekSeq></word><word seq="7">and<GreekSeq>7</GreekSeq></word><word seq="8">stones<GreekSeq>8</GreekSeq></word><word seq="9">those<GreekSeq>9</GreekSeq></word><word seq="10">who are sent<GreekSeq>10</GreekSeq></word><word seq="11">to<GreekSeq>11</GreekSeq></word><word seq="12">it!<GreekSeq>12</GreekSeq></word><word seq="13">How often<GreekSeq>13</GreekSeq></word><word seq="14">would I<GreekSeq>14</GreekSeq></word><word seq="15">have gathered<GreekSeq>15</GreekSeq></word><word seq="16">your<GreekSeq>18</GreekSeq></word><word seq="17">children<GreekSeq>17</GreekSeq></word><word seq="18">together<GreekSeq>22</GreekSeq></word><word seq="19">as<GreekSeq>20</GreekSeq></word><word seq="20">a hen<GreekSeq>21</GreekSeq></word><word seq="21">gathers<GreekSeq>22</GreekSeq></word><word seq="22">her<GreekSeq>25</GreekSeq></word><word seq="23">brood<GreekSeq>24</GreekSeq></word><word seq="24">under<GreekSeq>26</GreekSeq></word><word seq="25">her</word><word seq="26">wings,<GreekSeq>28</GreekSeq></word><word seq="27">and<GreekSeq>29</GreekSeq></word><word seq="28">you were<GreekSeq>31</GreekSeq></word><word seq="29">not<GreekSeq>30</GreekSeq></word><word seq="30">willing!<GreekSeq>31</GreekSeq></word></ESV></verse>
<verse number="38"><ESV><word seq="1">See,<GreekSeq>1</GreekSeq></word><word seq="2">your<GreekSeq>6</GreekSeq></word><word seq="3">house<GreekSeq>5</GreekSeq></word><word seq="4">is left<GreekSeq>2</GreekSeq></word><word seq="5">to you<GreekSeq>3</GreekSeq></word><word seq="6">desolate.<GreekSeq>7</GreekSeq></word></ESV></verse>
<verse number="39"><ESV><word seq="1">For<GreekSeq>2</GreekSeq></word><word seq="2">I tell<GreekSeq>1</GreekSeq></word><word seq="3">you,<GreekSeq>3</GreekSeq></word><word seq="4">you will<GreekSeq>7</GreekSeq></word><word seq="5" note="οὐ μή Strong Code (3364)">not<GreekSeq>4</GreekSeq><GreekSeq>5</GreekSeq></word><word seq="6">see<GreekSeq>7</GreekSeq></word><word seq="7">me<GreekSeq>6</GreekSeq></word><word seq="8">again,</word><word seq="9">until<GreekSeq>10</GreekSeq></word><word seq="10">you say,<GreekSeq>12</GreekSeq></word><word seq="11">‘Blessed<GreekSeq>13</GreekSeq></word><word seq="12">is</word><word seq="13">he<GreekSeq>14</GreekSeq></word><word seq="14">who comes<GreekSeq>15</GreekSeq></word><word seq="15">in<GreekSeq>16</GreekSeq></word><word seq="16">the name<GreekSeq>17</GreekSeq></word><word seq="17">of the Lord.’”<GreekSeq>18</GreekSeq></word></ESV></verse></chapter></book>