<?xml version="1.0" encoding="UTF-8" standalone="no"?><book><chapter number="5">'<verse number="1"><ESV><word seq="1">Seeing<GreekSeq>1</GreekSeq></word><word seq="2">the<GreekSeq>3</GreekSeq></word><word seq="3">crowds,<GreekSeq>4</GreekSeq></word><word seq="4">he went up<GreekSeq>5</GreekSeq></word><word seq="5">on<GreekSeq>6</GreekSeq></word><word seq="6">the<GreekSeq>7</GreekSeq></word><word seq="7">mountain,<GreekSeq>8</GreekSeq></word><word seq="8">and<GreekSeq>9</GreekSeq></word><word seq="9">when</word><word seq="10">he<GreekSeq>11</GreekSeq></word><word seq="11">sat down,<GreekSeq>10</GreekSeq></word><word seq="12">his<GreekSeq>16</GreekSeq></word><word seq="13">disciples<GreekSeq>15</GreekSeq></word><word seq="14">came<GreekSeq>12</GreekSeq></word><word seq="15">to him.<GreekSeq>13</GreekSeq></word></ESV></verse>
<verse number="2"><ESV><word seq="1">And<GreekSeq>1</GreekSeq></word><word seq="2">he opened<GreekSeq>2</GreekSeq></word><word seq="3">his<GreekSeq>5</GreekSeq></word><word seq="4">mouth<GreekSeq>4</GreekSeq></word><word seq="5">and</word><word seq="6">taught<GreekSeq>6</GreekSeq></word><word seq="7">them,<GreekSeq>7</GreekSeq></word><word seq="8">saying:<GreekSeq>8</GreekSeq></word></ESV></verse>
<verse number="3"><ESV><word seq="1">“Blessed<GreekSeq>1</GreekSeq></word><word seq="2">are</word><word seq="3">the<GreekSeq>2</GreekSeq></word><word seq="4">poor<GreekSeq>3</GreekSeq></word><word seq="5">in spirit,<GreekSeq>5</GreekSeq></word><word seq="6">for<GreekSeq>6</GreekSeq></word><word seq="7">theirs<GreekSeq>7</GreekSeq></word><word seq="8">is<GreekSeq>8</GreekSeq></word><word seq="9">the<GreekSeq>9</GreekSeq></word><word seq="10">kingdom<GreekSeq>10</GreekSeq></word><word seq="11">of heaven.<GreekSeq>12</GreekSeq></word></ESV></verse>
<verse number="4"><ESV><word seq="1">Blessed<GreekSeq>1</GreekSeq></word><word seq="2">are</word><word seq="3">those<GreekSeq>2</GreekSeq></word><word seq="4">who mourn,<GreekSeq>3</GreekSeq></word><word seq="5">for<GreekSeq>4</GreekSeq></word><word seq="6">they<GreekSeq>5</GreekSeq></word><word seq="7">shall be comforted.<GreekSeq>6</GreekSeq></word></ESV></verse>
<verse number="5"><ESV><word seq="1">Blessed<GreekSeq>1</GreekSeq></word><word seq="2">are</word><word seq="3">the<GreekSeq>2</GreekSeq></word><word seq="4">meek,<GreekSeq>3</GreekSeq></word><word seq="5">for<GreekSeq>4</GreekSeq></word><word seq="6">they<GreekSeq>5</GreekSeq></word><word seq="7">shall inherit<GreekSeq>6</GreekSeq></word><word seq="8">the<GreekSeq>7</GreekSeq></word><word seq="9">earth.<GreekSeq>8</GreekSeq></word></ESV></verse>
<verse number="6"><ESV><word seq="1">Blessed<GreekSeq>1</GreekSeq></word><word seq="2">are</word><word seq="3">those<GreekSeq>2</GreekSeq></word><word seq="4">who hunger<GreekSeq>3</GreekSeq></word><word seq="5">and<GreekSeq>4</GreekSeq></word><word seq="6">thirst for<GreekSeq>5</GreekSeq></word><word seq="7">righteousness,<GreekSeq>7</GreekSeq></word><word seq="8">for<GreekSeq>8</GreekSeq></word><word seq="9">they<GreekSeq>9</GreekSeq></word><word seq="10">shall be satisfied.<GreekSeq>10</GreekSeq></word></ESV></verse>
<verse number="7"><ESV><word seq="1">Blessed<GreekSeq>1</GreekSeq></word><word seq="2">are</word><word seq="3">the<GreekSeq>2</GreekSeq></word><word seq="4">merciful,<GreekSeq>3</GreekSeq></word><word seq="5">for<GreekSeq>4</GreekSeq></word><word seq="6">they<GreekSeq>5</GreekSeq></word><word seq="7">shall receive mercy.<GreekSeq>6</GreekSeq></word></ESV></verse>
<verse number="8"><ESV><word seq="1">Blessed<GreekSeq>1</GreekSeq></word><word seq="2">are</word><word seq="3">the<GreekSeq>2</GreekSeq></word><word seq="4">pure<GreekSeq>3</GreekSeq></word><word seq="5">in heart,<GreekSeq>5</GreekSeq></word><word seq="6">for<GreekSeq>6</GreekSeq></word><word seq="7">they<GreekSeq>7</GreekSeq></word><word seq="8">shall see<GreekSeq>10</GreekSeq></word><word seq="9">God.<GreekSeq>9</GreekSeq></word></ESV></verse>
<verse number="9"><ESV><word seq="1">Blessed<GreekSeq>1</GreekSeq></word><word seq="2">are</word><word seq="3">the<GreekSeq>2</GreekSeq></word><word seq="4">peacemakers,<GreekSeq>3</GreekSeq></word><word seq="5">for<GreekSeq>4</GreekSeq></word><word seq="6">they<GreekSeq>5</GreekSeq></word><word seq="7">shall be called<GreekSeq>8</GreekSeq></word><word seq="8">sons<GreekSeq>6</GreekSeq></word><word seq="9">of God.<GreekSeq>7</GreekSeq></word></ESV></verse>
<verse number="10"><ESV><word seq="1">Blessed<GreekSeq>1</GreekSeq></word><word seq="2">are</word><word seq="3">those<GreekSeq>2</GreekSeq></word><word seq="4">who are persecuted<GreekSeq>3</GreekSeq></word><word seq="5">for<GreekSeq>4</GreekSeq></word><word seq="6">righteousness’<GreekSeq>5</GreekSeq></word><word seq="7">sake,<GreekSeq>4</GreekSeq></word><word seq="8">for<GreekSeq>6</GreekSeq></word><word seq="9">theirs<GreekSeq>7</GreekSeq></word><word seq="10">is<GreekSeq>8</GreekSeq></word><word seq="11">the<GreekSeq>9</GreekSeq></word><word seq="12">kingdom<GreekSeq>10</GreekSeq></word><word seq="13">of heaven.<GreekSeq>12</GreekSeq></word></ESV></verse>
<verse number="11"><ESV><word seq="1">Blessed<GreekSeq>1</GreekSeq></word><word seq="2">are you<GreekSeq>2</GreekSeq></word><word seq="3">when<GreekSeq>3</GreekSeq></word><word seq="4">others revile<GreekSeq>4</GreekSeq></word><word seq="5">you<GreekSeq>5</GreekSeq></word><word seq="6">and<GreekSeq>6</GreekSeq></word><word seq="7">persecute<GreekSeq>7</GreekSeq></word><word seq="8">you</word><word seq="9">and<GreekSeq>8</GreekSeq></word><word seq="10">utter<GreekSeq>9</GreekSeq></word><word seq="11">all<GreekSeq>10</GreekSeq></word><word seq="12">kinds</word><word seq="13">of evil<GreekSeq>11</GreekSeq></word><word seq="14">against<GreekSeq>12</GreekSeq></word><word seq="15">you<GreekSeq>13</GreekSeq></word><word seq="16">falsely<GreekSeq>14</GreekSeq></word><word seq="17">on<GreekSeq>15</GreekSeq></word><word seq="18">my<GreekSeq>16</GreekSeq></word><word seq="19">account.<GreekSeq>15</GreekSeq></word></ESV></verse>
<verse number="12"><ESV><word seq="1">Rejoice<GreekSeq>1</GreekSeq></word><word seq="2">and<GreekSeq>2</GreekSeq></word><word seq="3">be glad,<GreekSeq>3</GreekSeq></word><word seq="4">for<GreekSeq>4</GreekSeq></word><word seq="5">your<GreekSeq>7</GreekSeq></word><word seq="6">reward<GreekSeq>6</GreekSeq></word><word seq="7">is</word><word seq="8">great<GreekSeq>8</GreekSeq></word><word seq="9">in<GreekSeq>9</GreekSeq></word><word seq="10">heaven,<GreekSeq>11</GreekSeq></word><word seq="11">for<GreekSeq>13</GreekSeq></word><word seq="12">so<GreekSeq>12</GreekSeq></word><word seq="13">they persecuted<GreekSeq>14</GreekSeq></word><word seq="14">the<GreekSeq>15</GreekSeq></word><word seq="15">prophets<GreekSeq>16</GreekSeq></word><word seq="16">who<GreekSeq>17</GreekSeq></word><word seq="17">were</word><word seq="18">before<GreekSeq>18</GreekSeq></word><word seq="19">you.<GreekSeq>19</GreekSeq></word></ESV></verse>
<verse number="13"><ESV><word seq="1">You<GreekSeq>1</GreekSeq></word><word seq="2">are<GreekSeq>2</GreekSeq></word><word seq="3">the<GreekSeq>3</GreekSeq></word><word seq="4">salt<GreekSeq>4</GreekSeq></word><word seq="5">of the<GreekSeq>5</GreekSeq></word><word seq="6">earth,<GreekSeq>6</GreekSeq></word><word seq="7">but<GreekSeq>8</GreekSeq></word><word seq="8">if<GreekSeq>7</GreekSeq></word><word seq="9">salt<GreekSeq>10</GreekSeq></word><word seq="10">has lost its taste,<GreekSeq>11</GreekSeq></word><word seq="11">how<GreekSeq>12</GreekSeq><GreekSeq>13</GreekSeq></word><word seq="12">shall its saltiness be restored?<GreekSeq>14</GreekSeq></word><word seq="13">It is<GreekSeq>17</GreekSeq></word><word seq="14">no longer<GreekSeq>18</GreekSeq></word><word seq="15">good<GreekSeq>17</GreekSeq></word><word seq="16">for<GreekSeq>15</GreekSeq></word><word seq="17">anything<GreekSeq>16</GreekSeq></word><word seq="18" note="εἰ μή Strong Code (1508)">except<GreekSeq>19</GreekSeq><GreekSeq>20</GreekSeq></word><word seq="19">to be thrown<GreekSeq>21</GreekSeq></word><word seq="20">out<GreekSeq>22</GreekSeq></word><word seq="21" note="Base of different Greek: καὶ(2532)">and</word><word seq="22">trampled<GreekSeq>23</GreekSeq></word><word seq="23">under<GreekSeq>24</GreekSeq></word><word seq="24">people’s<GreekSeq>26</GreekSeq></word><word seq="25">feet.<GreekSeq>23</GreekSeq></word></ESV></verse>
<verse number="14"><ESV><word seq="1">You<GreekSeq>1</GreekSeq></word><word seq="2">are<GreekSeq>2</GreekSeq></word><word seq="3">the<GreekSeq>3</GreekSeq></word><word seq="4">light<GreekSeq>4</GreekSeq></word><word seq="5">of the<GreekSeq>5</GreekSeq></word><word seq="6">world.<GreekSeq>6</GreekSeq></word><word seq="7">A city<GreekSeq>9</GreekSeq></word><word seq="8">set<GreekSeq>13</GreekSeq></word><word seq="9">on<GreekSeq>11</GreekSeq></word><word seq="10">a hill<GreekSeq>12</GreekSeq></word><word seq="11">cannot<GreekSeq>7</GreekSeq><GreekSeq>8</GreekSeq></word><word seq="12">be hidden.<GreekSeq>10</GreekSeq></word></ESV></verse>
<verse number="15"><ESV><word seq="1">Nor<GreekSeq>1</GreekSeq></word><word seq="2">do</word><word seq="3">people light<GreekSeq>2</GreekSeq></word><word seq="4">a lamp<GreekSeq>3</GreekSeq></word><word seq="5">and<GreekSeq>4</GreekSeq></word><word seq="6">put<GreekSeq>5</GreekSeq></word><word seq="7">it<GreekSeq>6</GreekSeq></word><word seq="8">under<GreekSeq>7</GreekSeq></word><word seq="9">a<GreekSeq>8</GreekSeq></word><word seq="10">basket,<GreekSeq>9</GreekSeq></word><word seq="11">but<GreekSeq>10</GreekSeq></word><word seq="12">on<GreekSeq>11</GreekSeq></word><word seq="13">a<GreekSeq>12</GreekSeq></word><word seq="14">stand,<GreekSeq>13</GreekSeq></word><word seq="15">and<GreekSeq>14</GreekSeq></word><word seq="16">it gives light<GreekSeq>15</GreekSeq></word><word seq="17">to all<GreekSeq>16</GreekSeq></word><word seq="18">in<GreekSeq>18</GreekSeq></word><word seq="19">the<GreekSeq>19</GreekSeq></word><word seq="20">house.<GreekSeq>20</GreekSeq></word></ESV></verse>
<verse number="16"><ESV><word seq="1">In the same way,<GreekSeq>1</GreekSeq></word><word seq="2">let<GreekSeq>2</GreekSeq></word><word seq="3">your<GreekSeq>5</GreekSeq></word><word seq="4">light<GreekSeq>4</GreekSeq></word><word seq="5">shine<GreekSeq>2</GreekSeq></word><word seq="6">before<GreekSeq>6</GreekSeq></word><word seq="7">others,<GreekSeq>8</GreekSeq></word><word seq="8">so that<GreekSeq>9</GreekSeq></word><word seq="9">they may see<GreekSeq>10</GreekSeq></word><word seq="10">your<GreekSeq>11</GreekSeq></word><word seq="11">good<GreekSeq>13</GreekSeq></word><word seq="12">works<GreekSeq>14</GreekSeq></word><word seq="13">and<GreekSeq>15</GreekSeq></word><word seq="14">give glory to<GreekSeq>16</GreekSeq></word><word seq="15">your<GreekSeq>19</GreekSeq></word><word seq="16">Father<GreekSeq>18</GreekSeq></word><word seq="17">who<GreekSeq>20</GreekSeq></word><word seq="18">is</word><word seq="19">in<GreekSeq>21</GreekSeq></word><word seq="20">heaven.<GreekSeq>23</GreekSeq></word></ESV></verse>
<verse number="17"><ESV><word seq="1">Do</word><word seq="2">not<GreekSeq>1</GreekSeq></word><word seq="3">think<GreekSeq>2</GreekSeq></word><word seq="4">that<GreekSeq>3</GreekSeq></word><word seq="5">I have come<GreekSeq>4</GreekSeq></word><word seq="6">to abolish<GreekSeq>5</GreekSeq></word><word seq="7">the<GreekSeq>6</GreekSeq></word><word seq="8">Law<GreekSeq>7</GreekSeq></word><word seq="9">or<GreekSeq>8</GreekSeq></word><word seq="10">the<GreekSeq>9</GreekSeq></word><word seq="11">Prophets;<GreekSeq>10</GreekSeq></word><word seq="12">I have<GreekSeq>12</GreekSeq></word><word seq="13">not<GreekSeq>11</GreekSeq></word><word seq="14">come<GreekSeq>12</GreekSeq></word><word seq="15">to abolish<GreekSeq>13</GreekSeq></word><word seq="16">them</word><word seq="17">but<GreekSeq>14</GreekSeq></word><word seq="18">to fulfill<GreekSeq>15</GreekSeq></word><word seq="19">them.</word></ESV></verse>
<verse number="18"><ESV><word seq="1">For<GreekSeq>2</GreekSeq></word><word seq="2">truly,<GreekSeq>1</GreekSeq></word><word seq="3">I say<GreekSeq>3</GreekSeq></word><word seq="4">to you,<GreekSeq>4</GreekSeq></word><word seq="5">until<GreekSeq>5</GreekSeq></word><word seq="6">heaven<GreekSeq>9</GreekSeq></word><word seq="7">and<GreekSeq>10</GreekSeq></word><word seq="8">earth<GreekSeq>12</GreekSeq></word><word seq="9">pass away,<GreekSeq>7</GreekSeq></word><word seq="10" note="οὐ μή Strong Code (3364)">not<GreekSeq>18</GreekSeq><GreekSeq>19</GreekSeq></word><word seq="11">an<GreekSeq>14</GreekSeq></word><word seq="12">iota,<GreekSeq>13</GreekSeq></word><word seq="13">not</word><word seq="14">a<GreekSeq>16</GreekSeq></word><word seq="15">dot,<GreekSeq>17</GreekSeq></word><word seq="16">will pass<GreekSeq>20</GreekSeq></word><word seq="17">from<GreekSeq>21</GreekSeq></word><word seq="18">the<GreekSeq>22</GreekSeq></word><word seq="19">Law<GreekSeq>23</GreekSeq></word><word seq="20">until<GreekSeq>24</GreekSeq></word><word seq="21">all<GreekSeq>26</GreekSeq></word><word seq="22">is accomplished.<GreekSeq>27</GreekSeq></word></ESV></verse>
<verse number="19"><ESV><word seq="1">Therefore<GreekSeq>3</GreekSeq></word><word seq="2">whoever<GreekSeq>1</GreekSeq><GreekSeq>2</GreekSeq></word><word seq="3">relaxes<GreekSeq>4</GreekSeq></word><word seq="4">one<GreekSeq>5</GreekSeq></word><word seq="5">of the<GreekSeq>6</GreekSeq></word><word seq="6">least<GreekSeq>10</GreekSeq></word><word seq="7">of these<GreekSeq>8</GreekSeq></word><word seq="8">commandments<GreekSeq>7</GreekSeq></word><word seq="9">and<GreekSeq>11</GreekSeq></word><word seq="10">teaches<GreekSeq>12</GreekSeq></word><word seq="11">others<GreekSeq>15</GreekSeq></word><word seq="12">[to do] the same<GreekSeq>13</GreekSeq></word><word seq="13">will be called<GreekSeq>17</GreekSeq></word><word seq="14">least<GreekSeq>16</GreekSeq></word><word seq="15">in<GreekSeq>18</GreekSeq></word><word seq="16">the<GreekSeq>19</GreekSeq></word><word seq="17">kingdom<GreekSeq>20</GreekSeq></word><word seq="18">of heaven,<GreekSeq>22</GreekSeq></word><word seq="19">but<GreekSeq>24</GreekSeq></word><word seq="20">whoever<GreekSeq>23</GreekSeq><GreekSeq>25</GreekSeq></word><word seq="21">does<GreekSeq>26</GreekSeq></word><word seq="22">them</word><word seq="23">and<GreekSeq>27</GreekSeq></word><word seq="24">teaches<GreekSeq>28</GreekSeq></word><word seq="25">them</word><word seq="26">will be called<GreekSeq>31</GreekSeq></word><word seq="27">great<GreekSeq>30</GreekSeq></word><word seq="28">in<GreekSeq>32</GreekSeq></word><word seq="29">the<GreekSeq>33</GreekSeq></word><word seq="30">kingdom<GreekSeq>34</GreekSeq></word><word seq="31">of heaven.<GreekSeq>36</GreekSeq></word></ESV></verse>
<verse number="20"><ESV><word seq="1">For<GreekSeq>2</GreekSeq></word><word seq="2">I tell<GreekSeq>1</GreekSeq></word><word seq="3">you,<GreekSeq>3</GreekSeq></word><word seq="4" note="ἐὰν μή Strong Code (3362)">unless<GreekSeq>5</GreekSeq><GreekSeq>6</GreekSeq></word><word seq="5">your<GreekSeq>8</GreekSeq></word><word seq="6">righteousness<GreekSeq>10</GreekSeq></word><word seq="7">exceeds<GreekSeq>7</GreekSeq></word><word seq="8">that</word><word seq="9">of the<GreekSeq>12</GreekSeq></word><word seq="10">scribes<GreekSeq>13</GreekSeq></word><word seq="11">and<GreekSeq>14</GreekSeq></word><word seq="12">Pharisees,<GreekSeq>15</GreekSeq></word><word seq="13">you will<GreekSeq>18</GreekSeq></word><word seq="14" note="οὐ μή Strong Code (3364)">never<GreekSeq>16</GreekSeq><GreekSeq>17</GreekSeq></word><word seq="15">enter<GreekSeq>18</GreekSeq></word><word seq="16">the<GreekSeq>20</GreekSeq></word><word seq="17">kingdom<GreekSeq>21</GreekSeq></word><word seq="18">of heaven.<GreekSeq>23</GreekSeq></word></ESV></verse>
<verse number="21"><ESV><word seq="1">You have heard<GreekSeq>1</GreekSeq></word><word seq="2">that<GreekSeq>2</GreekSeq></word><word seq="3">it was said<GreekSeq>3</GreekSeq></word><word seq="4">to those of<GreekSeq>4</GreekSeq></word><word seq="5">old,<GreekSeq>5</GreekSeq></word><word seq="6">‘You shall<GreekSeq>7</GreekSeq></word><word seq="7">not<GreekSeq>6</GreekSeq></word><word seq="8">murder;<GreekSeq>11</GreekSeq></word><word seq="9">and<GreekSeq>9</GreekSeq></word><word seq="10">whoever<GreekSeq>8</GreekSeq><GreekSeq>10</GreekSeq></word><word seq="11">murders<GreekSeq>11</GreekSeq></word><word seq="12">will be<GreekSeq>13</GreekSeq></word><word seq="13">liable<GreekSeq>12</GreekSeq></word><word seq="14">to judgment.’<GreekSeq>15</GreekSeq></word></ESV></verse>
<verse number="22"><ESV><word seq="1">But<GreekSeq>2</GreekSeq></word><word seq="2">I<GreekSeq>1</GreekSeq></word><word seq="3">say<GreekSeq>3</GreekSeq></word><word seq="4">to you<GreekSeq>4</GreekSeq></word><word seq="5">that<GreekSeq>5</GreekSeq></word><word seq="6">everyone<GreekSeq>6</GreekSeq><GreekSeq>7</GreekSeq></word><word seq="7">who is angry with<GreekSeq>8</GreekSeq></word><word seq="8">his<GreekSeq>11</GreekSeq></word><word seq="9">brother<GreekSeq>10</GreekSeq></word><word seq="10">will be<GreekSeq>13</GreekSeq></word><word seq="11">liable<GreekSeq>12</GreekSeq></word><word seq="12">to judgment;<GreekSeq>15</GreekSeq></word><word seq="13">whoever<GreekSeq>16</GreekSeq><GreekSeq>18</GreekSeq></word><word seq="14">[insults]<GreekSeq>19</GreekSeq><GreekSeq>23</GreekSeq></word><word seq="15">his<GreekSeq>22</GreekSeq></word><word seq="16">brother<GreekSeq>21</GreekSeq></word><word seq="17">will be<GreekSeq>25</GreekSeq></word><word seq="18">liable<GreekSeq>24</GreekSeq></word><word seq="19">to the<GreekSeq>26</GreekSeq></word><word seq="20">council;<GreekSeq>27</GreekSeq></word><word seq="21">and</word><word seq="22">whoever<GreekSeq>28</GreekSeq><GreekSeq>30</GreekSeq></word><word seq="23">says,<GreekSeq>31</GreekSeq></word><word seq="24">‘You fool!’<GreekSeq>32</GreekSeq></word><word seq="25">will be<GreekSeq>34</GreekSeq></word><word seq="26">liable<GreekSeq>33</GreekSeq></word><word seq="27">to<GreekSeq>35</GreekSeq></word><word seq="28">the<GreekSeq>36</GreekSeq></word><word seq="29">hell<GreekSeq>37</GreekSeq></word><word seq="30">of fire.<GreekSeq>39</GreekSeq></word></ESV></verse>
<verse number="23"><ESV><word seq="1">So<GreekSeq>2</GreekSeq></word><word seq="2">if<GreekSeq>1</GreekSeq></word><word seq="3">you are offering<GreekSeq>3</GreekSeq></word><word seq="4">your<GreekSeq>6</GreekSeq></word><word seq="5">gift<GreekSeq>5</GreekSeq></word><word seq="6">at<GreekSeq>7</GreekSeq></word><word seq="7">the<GreekSeq>8</GreekSeq></word><word seq="8">altar<GreekSeq>9</GreekSeq></word><word seq="9">and there<GreekSeq>10</GreekSeq></word><word seq="10">remember<GreekSeq>11</GreekSeq></word><word seq="11">that<GreekSeq>12</GreekSeq></word><word seq="12">your<GreekSeq>15</GreekSeq></word><word seq="13">brother<GreekSeq>14</GreekSeq></word><word seq="14">has<GreekSeq>16</GreekSeq></word><word seq="15">something<GreekSeq>17</GreekSeq></word><word seq="16">against<GreekSeq>18</GreekSeq></word><word seq="17">you,<GreekSeq>19</GreekSeq></word></ESV></verse>
<verse number="24"><ESV><word seq="1">leave<GreekSeq>1</GreekSeq></word><word seq="2">your<GreekSeq>5</GreekSeq></word><word seq="3">gift<GreekSeq>4</GreekSeq></word><word seq="4">there<GreekSeq>2</GreekSeq></word><word seq="5">before<GreekSeq>6</GreekSeq></word><word seq="6">the<GreekSeq>7</GreekSeq></word><word seq="7">altar<GreekSeq>8</GreekSeq></word><word seq="8">and<GreekSeq>9</GreekSeq></word><word seq="9">go.<GreekSeq>10</GreekSeq></word><word seq="10">First<GreekSeq>11</GreekSeq></word><word seq="11">be reconciled<GreekSeq>12</GreekSeq></word><word seq="12">to<GreekSeq>14</GreekSeq></word><word seq="13">your<GreekSeq>15</GreekSeq></word><word seq="14">brother,<GreekSeq>14</GreekSeq></word><word seq="15">and<GreekSeq>16</GreekSeq></word><word seq="16">then<GreekSeq>17</GreekSeq></word><word seq="17">come<GreekSeq>18</GreekSeq></word><word seq="18">and</word><word seq="19">offer<GreekSeq>19</GreekSeq></word><word seq="20">your<GreekSeq>22</GreekSeq></word><word seq="21">gift.<GreekSeq>21</GreekSeq></word></ESV></verse>
<verse number="25"><ESV><word seq="1">Come to terms<GreekSeq>2</GreekSeq></word><word seq="2">quickly<GreekSeq>6</GreekSeq></word><word seq="3">with<GreekSeq>2</GreekSeq></word><word seq="4">your<GreekSeq>5</GreekSeq></word><word seq="5">accuser<GreekSeq>4</GreekSeq></word><word seq="6">while<GreekSeq>7</GreekSeq><GreekSeq>8</GreekSeq></word><word seq="7">you are<GreekSeq>9</GreekSeq></word><word seq="8">going<GreekSeq>12</GreekSeq><GreekSeq>13</GreekSeq><GreekSeq>14</GreekSeq></word><word seq="9">with<GreekSeq>10</GreekSeq></word><word seq="10">him<GreekSeq>11</GreekSeq></word><word seq="11">to court,</word><word seq="12">lest<GreekSeq>15</GreekSeq></word><word seq="13">your</word><word seq="14">accuser<GreekSeq>19</GreekSeq></word><word seq="15">hand<GreekSeq>17</GreekSeq></word><word seq="16">you<GreekSeq>16</GreekSeq></word><word seq="17">over<GreekSeq>17</GreekSeq></word><word seq="18">to the<GreekSeq>20</GreekSeq></word><word seq="19">judge,<GreekSeq>21</GreekSeq></word><word seq="20">and<GreekSeq>22</GreekSeq></word><word seq="21">the<GreekSeq>23</GreekSeq></word><word seq="22">judge<GreekSeq>24</GreekSeq></word><word seq="23">to the<GreekSeq>25</GreekSeq></word><word seq="24">guard,<GreekSeq>26</GreekSeq></word><word seq="25">and<GreekSeq>27</GreekSeq></word><word seq="26">you<GreekSeq>16</GreekSeq></word><word seq="27">be put<GreekSeq>30</GreekSeq></word><word seq="28">in<GreekSeq>28</GreekSeq></word><word seq="29">prison.<GreekSeq>29</GreekSeq></word></ESV></verse>
<verse number="26"><ESV><word seq="1">Truly,<GreekSeq>1</GreekSeq></word><word seq="2">I say<GreekSeq>2</GreekSeq></word><word seq="3">to you,<GreekSeq>3</GreekSeq></word><word seq="4">you will<GreekSeq>5</GreekSeq></word><word seq="5">never<GreekSeq>4</GreekSeq></word><word seq="6">get out<GreekSeq>5</GreekSeq></word><word seq="7">until<GreekSeq>7</GreekSeq></word><word seq="8">you have paid<GreekSeq>9</GreekSeq></word><word seq="9">the<GreekSeq>10</GreekSeq></word><word seq="10">last<GreekSeq>11</GreekSeq></word><word seq="11">penny.<GreekSeq>12</GreekSeq></word></ESV></verse>
<verse number="27"><ESV><word seq="1">You have heard<GreekSeq>1</GreekSeq></word><word seq="2">that<GreekSeq>2</GreekSeq></word><word seq="3">it was said,<GreekSeq>3</GreekSeq></word><word seq="4">‘You shall<GreekSeq>5</GreekSeq></word><word seq="5">not<GreekSeq>4</GreekSeq></word><word seq="6">commit adultery.’<GreekSeq>5</GreekSeq></word></ESV></verse>
<verse number="28"><ESV><word seq="1">But<GreekSeq>2</GreekSeq></word><word seq="2">I<GreekSeq>1</GreekSeq></word><word seq="3">say<GreekSeq>3</GreekSeq></word><word seq="4">to you<GreekSeq>4</GreekSeq></word><word seq="5">that<GreekSeq>5</GreekSeq></word><word seq="6">everyone<GreekSeq>6</GreekSeq><GreekSeq>7</GreekSeq></word><word seq="7">who looks at<GreekSeq>8</GreekSeq></word><word seq="8">a woman<GreekSeq>9</GreekSeq></word><word seq="9">with<GreekSeq>10</GreekSeq></word><word seq="10">lustful intent<GreekSeq>12</GreekSeq></word><word seq="11">has<GreekSeq>15</GreekSeq></word><word seq="12">already<GreekSeq>14</GreekSeq></word><word seq="13">committed adultery<GreekSeq>15</GreekSeq></word><word seq="14">with her<GreekSeq>16</GreekSeq></word><word seq="15">in<GreekSeq>17</GreekSeq></word><word seq="16">his<GreekSeq>20</GreekSeq></word><word seq="17">heart.<GreekSeq>19</GreekSeq></word></ESV></verse>
<verse number="29"><ESV><word seq="1">If<GreekSeq>1</GreekSeq></word><word seq="2">your<GreekSeq>5</GreekSeq></word><word seq="3">right<GreekSeq>7</GreekSeq></word><word seq="4">eye<GreekSeq>4</GreekSeq></word><word seq="5">causes<GreekSeq>8</GreekSeq></word><word seq="6">you<GreekSeq>9</GreekSeq></word><word seq="7">[to sin],<GreekSeq>8</GreekSeq></word><word seq="8">tear<GreekSeq>10</GreekSeq></word><word seq="9">it<GreekSeq>11</GreekSeq></word><word seq="10">out<GreekSeq>10</GreekSeq></word><word seq="11">and<GreekSeq>12</GreekSeq></word><word seq="12">throw [it] away.<GreekSeq>13</GreekSeq></word><word seq="13">For<GreekSeq>17</GreekSeq></word><word seq="14">it is better<GreekSeq>16</GreekSeq></word><word seq="15">that<GreekSeq>19</GreekSeq></word><word seq="16">you<GreekSeq>18</GreekSeq></word><word seq="17">lose<GreekSeq>20</GreekSeq></word><word seq="18">one<GreekSeq>21</GreekSeq></word><word seq="19">of<GreekSeq>23</GreekSeq></word><word seq="20">your<GreekSeq>24</GreekSeq></word><word seq="21">members<GreekSeq>23</GreekSeq></word><word seq="22">than<GreekSeq>26</GreekSeq></word><word seq="23">that</word><word seq="24">your<GreekSeq>30</GreekSeq></word><word seq="25">whole<GreekSeq>27</GreekSeq></word><word seq="26">body<GreekSeq>29</GreekSeq></word><word seq="27">be thrown<GreekSeq>31</GreekSeq></word><word seq="28">into<GreekSeq>32</GreekSeq></word><word seq="29">hell.<GreekSeq>33</GreekSeq></word></ESV></verse>
<verse number="30"><ESV><word seq="1">And<GreekSeq>1</GreekSeq></word><word seq="2">if<GreekSeq>2</GreekSeq></word><word seq="3">your<GreekSeq>5</GreekSeq></word><word seq="4">right<GreekSeq>4</GreekSeq></word><word seq="5">hand<GreekSeq>6</GreekSeq></word><word seq="6">causes<GreekSeq>7</GreekSeq></word><word seq="7">you<GreekSeq>8</GreekSeq></word><word seq="8">[to sin],<GreekSeq>7</GreekSeq></word><word seq="9">cut<GreekSeq>9</GreekSeq></word><word seq="10">it<GreekSeq>10</GreekSeq></word><word seq="11">off<GreekSeq>9</GreekSeq></word><word seq="12">and<GreekSeq>11</GreekSeq></word><word seq="13">throw [it] away.<GreekSeq>12</GreekSeq></word><word seq="14">For<GreekSeq>16</GreekSeq></word><word seq="15">it is better<GreekSeq>15</GreekSeq></word><word seq="16">that<GreekSeq>18</GreekSeq></word><word seq="17">you</word><word seq="18">lose<GreekSeq>19</GreekSeq></word><word seq="19">one<GreekSeq>20</GreekSeq></word><word seq="20">of<GreekSeq>22</GreekSeq></word><word seq="21">your<GreekSeq>23</GreekSeq></word><word seq="22">members<GreekSeq>22</GreekSeq></word><word seq="23">than<GreekSeq>25</GreekSeq></word><word seq="24">that</word><word seq="25">your<GreekSeq>29</GreekSeq></word><word seq="26">whole<GreekSeq>26</GreekSeq></word><word seq="27">body<GreekSeq>28</GreekSeq></word><word seq="28">go<GreekSeq>32</GreekSeq></word><word seq="29">into<GreekSeq>30</GreekSeq></word><word seq="30">hell.<GreekSeq>31</GreekSeq></word></ESV></verse>
<verse number="31"><ESV><word seq="1">It was<GreekSeq>1</GreekSeq></word><word seq="2">also<GreekSeq>2</GreekSeq></word><word seq="3">said,<GreekSeq>1</GreekSeq></word><word seq="4">‘Whoever<GreekSeq>3</GreekSeq><GreekSeq>4</GreekSeq></word><word seq="5">divorces<GreekSeq>5</GreekSeq></word><word seq="6">his<GreekSeq>8</GreekSeq></word><word seq="7">wife,<GreekSeq>7</GreekSeq></word><word seq="8">let him give<GreekSeq>9</GreekSeq></word><word seq="9">her<GreekSeq>10</GreekSeq></word><word seq="10">a certificate of divorce.’<GreekSeq>11</GreekSeq></word></ESV></verse>
<verse number="32"><ESV><word seq="1">But<GreekSeq>2</GreekSeq></word><word seq="2">I<GreekSeq>1</GreekSeq></word><word seq="3">say<GreekSeq>3</GreekSeq></word><word seq="4">to you<GreekSeq>4</GreekSeq></word><word seq="5">that<GreekSeq>5</GreekSeq></word><word seq="6">everyone<GreekSeq>6</GreekSeq><GreekSeq>7</GreekSeq></word><word seq="7">who divorces<GreekSeq>8</GreekSeq></word><word seq="8">his<GreekSeq>11</GreekSeq></word><word seq="9">wife,<GreekSeq>10</GreekSeq></word><word seq="10">except<GreekSeq>12</GreekSeq></word><word seq="11">on the ground of<GreekSeq>13</GreekSeq></word><word seq="12">sexual immorality,<GreekSeq>14</GreekSeq></word><word seq="13">makes<GreekSeq>15</GreekSeq></word><word seq="14">her<GreekSeq>16</GreekSeq></word><word seq="15">commit adultery,<GreekSeq>17</GreekSeq></word><word seq="16">and<GreekSeq>18</GreekSeq></word><word seq="17">whoever<GreekSeq>19</GreekSeq><GreekSeq>20</GreekSeq></word><word seq="18">marries<GreekSeq>22</GreekSeq></word><word seq="19">a divorced woman<GreekSeq>21</GreekSeq></word><word seq="20">commits adultery.<GreekSeq>23</GreekSeq></word></ESV></verse>
<verse number="33"><ESV><word seq="1">Again<GreekSeq>1</GreekSeq></word><word seq="2">you have heard<GreekSeq>2</GreekSeq></word><word seq="3">that<GreekSeq>3</GreekSeq></word><word seq="4">it was said<GreekSeq>4</GreekSeq></word><word seq="5">to those<GreekSeq>5</GreekSeq></word><word seq="6">of old,<GreekSeq>6</GreekSeq></word><word seq="7">‘You shall<GreekSeq>8</GreekSeq></word><word seq="8">not<GreekSeq>7</GreekSeq></word><word seq="9">swear falsely,<GreekSeq>8</GreekSeq></word><word seq="10">but<GreekSeq>10</GreekSeq></word><word seq="11">shall perform<GreekSeq>9</GreekSeq></word><word seq="12">to the<GreekSeq>11</GreekSeq></word><word seq="13">Lord<GreekSeq>12</GreekSeq></word><word seq="14">what you have sworn.’<GreekSeq>13</GreekSeq><GreekSeq>14</GreekSeq><GreekSeq>15</GreekSeq></word></ESV></verse>
<verse number="34"><ESV><word seq="1">But<GreekSeq>2</GreekSeq></word><word seq="2">I<GreekSeq>1</GreekSeq></word><word seq="3">say<GreekSeq>3</GreekSeq></word><word seq="4">to you,<GreekSeq>4</GreekSeq></word><word seq="5">Do</word><word seq="6">not<GreekSeq>5</GreekSeq></word><word seq="7">take an oath<GreekSeq>6</GreekSeq></word><word seq="8">at all,<GreekSeq>7</GreekSeq></word><word seq="9">either<GreekSeq>8</GreekSeq></word><word seq="10">by<GreekSeq>9</GreekSeq></word><word seq="11">heaven,<GreekSeq>11</GreekSeq></word><word seq="12">for<GreekSeq>12</GreekSeq></word><word seq="13">it is<GreekSeq>14</GreekSeq></word><word seq="14">the throne<GreekSeq>13</GreekSeq></word><word seq="15">of God,<GreekSeq>16</GreekSeq></word></ESV></verse>
<verse number="35"><ESV><word seq="1">or<GreekSeq>1</GreekSeq></word><word seq="2">by<GreekSeq>2</GreekSeq></word><word seq="3">the<GreekSeq>3</GreekSeq></word><word seq="4">earth,<GreekSeq>4</GreekSeq></word><word seq="5">for<GreekSeq>5</GreekSeq></word><word seq="6">it is<GreekSeq>7</GreekSeq></word><word seq="7">his<GreekSeq>10</GreekSeq></word><word seq="8">footstool,<GreekSeq>6</GreekSeq></word><word seq="9">or<GreekSeq>11</GreekSeq></word><word seq="10">by<GreekSeq>12</GreekSeq></word><word seq="11">Jerusalem,<GreekSeq>13</GreekSeq></word><word seq="12">for<GreekSeq>14</GreekSeq></word><word seq="13">it is<GreekSeq>16</GreekSeq></word><word seq="14">the city<GreekSeq>15</GreekSeq></word><word seq="15">of the<GreekSeq>17</GreekSeq></word><word seq="16">great<GreekSeq>18</GreekSeq></word><word seq="17">King.<GreekSeq>19</GreekSeq></word></ESV></verse>
<verse number="36"><ESV><word seq="1">And [do] not<GreekSeq>1</GreekSeq></word><word seq="2">take an oath<GreekSeq>6</GreekSeq></word><word seq="3">by<GreekSeq>2</GreekSeq></word><word seq="4">your<GreekSeq>5</GreekSeq></word><word seq="5">head,<GreekSeq>4</GreekSeq></word><word seq="6">for<GreekSeq>7</GreekSeq></word><word seq="7">you cannot<GreekSeq>8</GreekSeq><GreekSeq>9</GreekSeq></word><word seq="8">make<GreekSeq>13</GreekSeq></word><word seq="9">one<GreekSeq>10</GreekSeq></word><word seq="10">hair<GreekSeq>11</GreekSeq></word><word seq="11">white<GreekSeq>12</GreekSeq></word><word seq="12">or<GreekSeq>14</GreekSeq></word><word seq="13">black.<GreekSeq>15</GreekSeq></word></ESV></verse>
<verse number="37"><ESV><word seq="1">Let<GreekSeq>2</GreekSeq></word><word seq="2">what</word><word seq="3">you<GreekSeq>5</GreekSeq></word><word seq="4">say<GreekSeq>4</GreekSeq></word><word seq="5">be<GreekSeq>1</GreekSeq></word><word seq="6">simply</word><word seq="7">‘Yes’<GreekSeq>6</GreekSeq></word><word seq="8">or</word><word seq="9">‘No’;<GreekSeq>8</GreekSeq></word><word seq="10">anything<GreekSeq>10</GreekSeq></word><word seq="11">more than<GreekSeq>12</GreekSeq></word><word seq="12">this<GreekSeq>13</GreekSeq></word><word seq="13">comes<GreekSeq>17</GreekSeq></word><word seq="14">from<GreekSeq>14</GreekSeq></word><word seq="15">evil.<GreekSeq>16</GreekSeq></word></ESV></verse>
<verse number="38"><ESV><word seq="1">You have heard<GreekSeq>1</GreekSeq></word><word seq="2">that<GreekSeq>2</GreekSeq></word><word seq="3">it was said,<GreekSeq>3</GreekSeq></word><word seq="4">‘An eye<GreekSeq>4</GreekSeq></word><word seq="5">for<GreekSeq>5</GreekSeq></word><word seq="6">an eye<GreekSeq>6</GreekSeq></word><word seq="7">and<GreekSeq>7</GreekSeq></word><word seq="8">a tooth<GreekSeq>8</GreekSeq></word><word seq="9">for<GreekSeq>9</GreekSeq></word><word seq="10">a tooth.’<GreekSeq>10</GreekSeq></word></ESV></verse>
<verse number="39"><ESV><word seq="1">But<GreekSeq>2</GreekSeq></word><word seq="2">I<GreekSeq>1</GreekSeq></word><word seq="3">say<GreekSeq>3</GreekSeq></word><word seq="4">to you,<GreekSeq>4</GreekSeq></word><word seq="5">Do</word><word seq="6">not<GreekSeq>5</GreekSeq></word><word seq="7">resist<GreekSeq>6</GreekSeq></word><word seq="8">the one who<GreekSeq>7</GreekSeq></word><word seq="9">is</word><word seq="10">evil.<GreekSeq>8</GreekSeq></word><word seq="11">But<GreekSeq>9</GreekSeq></word><word seq="12">if</word><word seq="13">anyone<GreekSeq>10</GreekSeq></word><word seq="14">slaps<GreekSeq>12</GreekSeq></word><word seq="15">you<GreekSeq>11</GreekSeq></word><word seq="16" note="Base of different Greek: ἐπὶ(1909)">on<GreekSeq>13</GreekSeq></word><word seq="17">the<GreekSeq>14</GreekSeq></word><word seq="18">right<GreekSeq>15</GreekSeq></word><word seq="19">cheek,<GreekSeq>16</GreekSeq></word><word seq="20">turn<GreekSeq>18</GreekSeq></word><word seq="21">to him<GreekSeq>19</GreekSeq></word><word seq="22">the<GreekSeq>21</GreekSeq></word><word seq="23">other<GreekSeq>22</GreekSeq></word><word seq="24">also.<GreekSeq>20</GreekSeq></word></ESV></verse>
<verse number="40"><ESV><word seq="1">And<GreekSeq>1</GreekSeq></word><word seq="2">if</word><word seq="3">anyone would<GreekSeq>2</GreekSeq><GreekSeq>3</GreekSeq></word><word seq="4">sue<GreekSeq>5</GreekSeq></word><word seq="5">you<GreekSeq>4</GreekSeq></word><word seq="6">and<GreekSeq>6</GreekSeq></word><word seq="7">take<GreekSeq>10</GreekSeq></word><word seq="8">your<GreekSeq>9</GreekSeq></word><word seq="9">tunic,<GreekSeq>8</GreekSeq></word><word seq="10">let<GreekSeq>11</GreekSeq></word><word seq="11">him<GreekSeq>12</GreekSeq></word><word seq="12">have<GreekSeq>11</GreekSeq></word><word seq="13">your<GreekSeq>9</GreekSeq></word><word seq="14">cloak<GreekSeq>15</GreekSeq></word><word seq="15">as well.<GreekSeq>13</GreekSeq></word></ESV></verse>
<verse number="41"><ESV><word seq="1">And<GreekSeq>1</GreekSeq></word><word seq="2">if</word><word seq="3">anyone<GreekSeq>2</GreekSeq></word><word seq="4">forces<GreekSeq>4</GreekSeq></word><word seq="5">you<GreekSeq>3</GreekSeq></word><word seq="6">to go<GreekSeq>4</GreekSeq></word><word seq="7">one<GreekSeq>6</GreekSeq></word><word seq="8">mile,<GreekSeq>5</GreekSeq></word><word seq="9">go<GreekSeq>7</GreekSeq></word><word seq="10">with<GreekSeq>8</GreekSeq></word><word seq="11">him<GreekSeq>9</GreekSeq></word><word seq="12">two<GreekSeq>10</GreekSeq></word><word seq="13">miles.</word></ESV></verse>
<verse number="42"><ESV><word seq="1">Give<GreekSeq>4</GreekSeq></word><word seq="2">to the one<GreekSeq>1</GreekSeq></word><word seq="3">who begs<GreekSeq>2</GreekSeq></word><word seq="4">from you,<GreekSeq>3</GreekSeq></word><word seq="5">and<GreekSeq>5</GreekSeq></word><word seq="6">do</word><word seq="7">not<GreekSeq>11</GreekSeq></word><word seq="8">refuse<GreekSeq>12</GreekSeq></word><word seq="9">the one<GreekSeq>6</GreekSeq></word><word seq="10">who would<GreekSeq>7</GreekSeq></word><word seq="11">borrow<GreekSeq>10</GreekSeq></word><word seq="12">from<GreekSeq>8</GreekSeq></word><word seq="13">you.<GreekSeq>9</GreekSeq></word></ESV></verse>
<verse number="43"><ESV><word seq="1">You have heard<GreekSeq>1</GreekSeq></word><word seq="2">that<GreekSeq>2</GreekSeq></word><word seq="3">it was said,<GreekSeq>3</GreekSeq></word><word seq="4">‘You shall love<GreekSeq>4</GreekSeq></word><word seq="5">your<GreekSeq>7</GreekSeq></word><word seq="6">neighbor<GreekSeq>6</GreekSeq></word><word seq="7">and<GreekSeq>8</GreekSeq></word><word seq="8">hate<GreekSeq>9</GreekSeq></word><word seq="9">your<GreekSeq>12</GreekSeq></word><word seq="10">enemy.’<GreekSeq>11</GreekSeq></word></ESV></verse>
<verse number="44"><ESV><word seq="1">But<GreekSeq>2</GreekSeq></word><word seq="2">I<GreekSeq>1</GreekSeq></word><word seq="3">say<GreekSeq>3</GreekSeq></word><word seq="4">to you,<GreekSeq>4</GreekSeq></word><word seq="5">Love<GreekSeq>5</GreekSeq></word><word seq="6">your<GreekSeq>8</GreekSeq></word><word seq="7">enemies<GreekSeq>7</GreekSeq></word><word seq="8">and<GreekSeq>9</GreekSeq></word><word seq="9">pray<GreekSeq>10</GreekSeq></word><word seq="10">for<GreekSeq>11</GreekSeq></word><word seq="11">those<GreekSeq>12</GreekSeq></word><word seq="12">who persecute<GreekSeq>13</GreekSeq></word><word seq="13">you,<GreekSeq>14</GreekSeq></word></ESV></verse>
<verse number="45"><ESV><word seq="1">so that<GreekSeq>1</GreekSeq></word><word seq="2">you may be<GreekSeq>2</GreekSeq></word><word seq="3">sons<GreekSeq>3</GreekSeq></word><word seq="4">of your<GreekSeq>6</GreekSeq></word><word seq="5">Father<GreekSeq>5</GreekSeq></word><word seq="6">who<GreekSeq>7</GreekSeq></word><word seq="7">is</word><word seq="8">in<GreekSeq>8</GreekSeq></word><word seq="9">heaven.<GreekSeq>9</GreekSeq></word><word seq="10">For<GreekSeq>10</GreekSeq></word><word seq="11">he makes<GreekSeq>14</GreekSeq></word><word seq="12">his<GreekSeq>13</GreekSeq></word><word seq="13">sun<GreekSeq>12</GreekSeq></word><word seq="14">rise<GreekSeq>14</GreekSeq></word><word seq="15">on<GreekSeq>15</GreekSeq></word><word seq="16">the evil<GreekSeq>16</GreekSeq></word><word seq="17">and<GreekSeq>17</GreekSeq></word><word seq="18">on the good,<GreekSeq>18</GreekSeq></word><word seq="19">and<GreekSeq>19</GreekSeq></word><word seq="20">sends rain<GreekSeq>20</GreekSeq></word><word seq="21">on<GreekSeq>21</GreekSeq></word><word seq="22">the just<GreekSeq>22</GreekSeq></word><word seq="23">and<GreekSeq>23</GreekSeq></word><word seq="24">on the unjust.<GreekSeq>24</GreekSeq></word></ESV></verse>
<verse number="46"><ESV><word seq="1">For<GreekSeq>2</GreekSeq></word><word seq="2">if<GreekSeq>1</GreekSeq></word><word seq="3">you love<GreekSeq>3</GreekSeq></word><word seq="4">those<GreekSeq>4</GreekSeq></word><word seq="5">who love<GreekSeq>5</GreekSeq></word><word seq="6">you,<GreekSeq>6</GreekSeq></word><word seq="7">what<GreekSeq>7</GreekSeq></word><word seq="8">reward<GreekSeq>8</GreekSeq></word><word seq="9">do</word><word seq="10">you have?<GreekSeq>9</GreekSeq></word><word seq="11">Do<GreekSeq>16</GreekSeq></word><word seq="12">not<GreekSeq>10</GreekSeq></word><word seq="13">even<GreekSeq>11</GreekSeq></word><word seq="14">the<GreekSeq>12</GreekSeq></word><word seq="15">tax collectors<GreekSeq>13</GreekSeq></word><word seq="16">do<GreekSeq>16</GreekSeq></word><word seq="17">the<GreekSeq>14</GreekSeq></word><word seq="18">same?<GreekSeq>15</GreekSeq></word></ESV></verse>
<verse number="47"><ESV><word seq="1">And<GreekSeq>1</GreekSeq></word><word seq="2">if<GreekSeq>2</GreekSeq></word><word seq="3">you greet<GreekSeq>3</GreekSeq></word><word seq="4">only<GreekSeq>7</GreekSeq></word><word seq="5">your<GreekSeq>6</GreekSeq></word><word seq="6">brothers,<GreekSeq>5</GreekSeq></word><word seq="7">what<GreekSeq>8</GreekSeq></word><word seq="8">more<GreekSeq>9</GreekSeq></word><word seq="9">are you doing<GreekSeq>10</GreekSeq></word><word seq="10">than others?<GreekSeq>9</GreekSeq></word><word seq="11">Do<GreekSeq>17</GreekSeq></word><word seq="12">not<GreekSeq>11</GreekSeq></word><word seq="13">even<GreekSeq>12</GreekSeq></word><word seq="14">the<GreekSeq>13</GreekSeq></word><word seq="15">Gentiles<GreekSeq>14</GreekSeq></word><word seq="16">do<GreekSeq>17</GreekSeq></word><word seq="17">the<GreekSeq>15</GreekSeq></word><word seq="18">same?<GreekSeq>16</GreekSeq></word></ESV></verse>
<verse number="48"><ESV><word seq="1">You<GreekSeq>3</GreekSeq></word><word seq="2">therefore<GreekSeq>2</GreekSeq></word><word seq="3">must be<GreekSeq>1</GreekSeq></word><word seq="4">perfect,<GreekSeq>4</GreekSeq></word><word seq="5">as<GreekSeq>5</GreekSeq></word><word seq="6">your<GreekSeq>8</GreekSeq></word><word seq="7">heavenly<GreekSeq>10</GreekSeq></word><word seq="8">Father<GreekSeq>7</GreekSeq></word><word seq="9">is<GreekSeq>12</GreekSeq></word><word seq="10">perfect.<GreekSeq>11</GreekSeq></word></ESV></verse></chapter></book>