<?xml version="1.0" encoding="UTF-8" standalone="no"?><book><chapter number="8">'<verse number="1"><ESV><word seq="1">When<GreekSeq>1</GreekSeq></word><word seq="2">he<GreekSeq>3</GreekSeq></word><word seq="3">came down<GreekSeq>1</GreekSeq></word><word seq="4">from<GreekSeq>4</GreekSeq></word><word seq="5">the<GreekSeq>5</GreekSeq></word><word seq="6">mountain,<GreekSeq>6</GreekSeq></word><word seq="7">great<GreekSeq>10</GreekSeq></word><word seq="8">crowds<GreekSeq>9</GreekSeq></word><word seq="9">followed<GreekSeq>7</GreekSeq></word><word seq="10">him.<GreekSeq>8</GreekSeq></word></ESV></verse>
<verse number="2"><ESV><word seq="1">And<GreekSeq>1</GreekSeq></word><word seq="2">behold,<GreekSeq>2</GreekSeq></word><word seq="3">a leper<GreekSeq>3</GreekSeq></word><word seq="4" note="Base of different Greek: ἐλθὼν(2064)">came<GreekSeq>4</GreekSeq></word><word seq="5">to him and</word><word seq="6">knelt<GreekSeq>5</GreekSeq></word><word seq="7">before him,<GreekSeq>6</GreekSeq></word><word seq="8">saying,<GreekSeq>7</GreekSeq></word><word seq="9">“Lord,<GreekSeq>8</GreekSeq></word><word seq="10">if<GreekSeq>9</GreekSeq></word><word seq="11">you will,<GreekSeq>10</GreekSeq></word><word seq="12">you can<GreekSeq>11</GreekSeq></word><word seq="13">make<GreekSeq>13</GreekSeq></word><word seq="14">me<GreekSeq>12</GreekSeq></word><word seq="15">clean.”<GreekSeq>13</GreekSeq></word></ESV></verse>
<verse number="3"><ESV><word seq="1">And<GreekSeq>1</GreekSeq></word><word seq="2" note="Base of different Greek: Ἰησοῦς(2424)">Jesus</word><word seq="3">stretched out<GreekSeq>2</GreekSeq></word><word seq="4">his</word><word seq="5">hand<GreekSeq>4</GreekSeq></word><word seq="6">and</word><word seq="7">touched<GreekSeq>5</GreekSeq></word><word seq="8">him,<GreekSeq>6</GreekSeq></word><word seq="9">saying,<GreekSeq>7</GreekSeq></word><word seq="10">“I will;<GreekSeq>8</GreekSeq></word><word seq="11">be clean.”<GreekSeq>9</GreekSeq></word><word seq="12">And<GreekSeq>10</GreekSeq></word><word seq="13">immediately<GreekSeq>11</GreekSeq></word><word seq="14">his<GreekSeq>13</GreekSeq></word><word seq="15">leprosy<GreekSeq>15</GreekSeq></word><word seq="16">was cleansed.<GreekSeq>12</GreekSeq></word></ESV></verse>
<verse number="4"><ESV><word seq="1">And<GreekSeq>1</GreekSeq></word><word seq="2">Jesus<GreekSeq>5</GreekSeq></word><word seq="3">said<GreekSeq>2</GreekSeq></word><word seq="4">to him,<GreekSeq>3</GreekSeq></word><word seq="5">“See<GreekSeq>6</GreekSeq></word><word seq="6">that</word><word seq="7">you say<GreekSeq>8</GreekSeq></word><word seq="8">nothing to anyone,<GreekSeq>7</GreekSeq></word><word seq="9">but<GreekSeq>9</GreekSeq></word><word seq="10">go,<GreekSeq>10</GreekSeq></word><word seq="11">show<GreekSeq>12</GreekSeq></word><word seq="12">yourself<GreekSeq>11</GreekSeq></word><word seq="13">to the<GreekSeq>13</GreekSeq></word><word seq="14">priest<GreekSeq>14</GreekSeq></word><word seq="15">and<GreekSeq>15</GreekSeq></word><word seq="16">offer<GreekSeq>16</GreekSeq></word><word seq="17">the<GreekSeq>17</GreekSeq></word><word seq="18">gift<GreekSeq>18</GreekSeq></word><word seq="19">that<GreekSeq>19</GreekSeq></word><word seq="20">Moses<GreekSeq>21</GreekSeq></word><word seq="21">commanded,<GreekSeq>20</GreekSeq></word><word seq="22">for<GreekSeq>22</GreekSeq></word><word seq="23">a proof<GreekSeq>23</GreekSeq></word><word seq="24">to them.”<GreekSeq>24</GreekSeq></word></ESV></verse>
<verse number="5"><ESV><word seq="1">When<GreekSeq>1</GreekSeq></word><word seq="2">he<GreekSeq>3</GreekSeq></word><word seq="3">had entered<GreekSeq>1</GreekSeq></word><word seq="4">Capernaum,<GreekSeq>5</GreekSeq></word><word seq="5">a centurion<GreekSeq>8</GreekSeq></word><word seq="6">came forward<GreekSeq>6</GreekSeq></word><word seq="7">to him,<GreekSeq>7</GreekSeq></word><word seq="8">appealing<GreekSeq>9</GreekSeq></word><word seq="9">to him,<GreekSeq>10</GreekSeq></word></ESV></verse>
<verse number="6"><ESV><word seq="1">“Lord,<GreekSeq>3</GreekSeq></word><word seq="2">my<GreekSeq>6</GreekSeq></word><word seq="3">servant<GreekSeq>5</GreekSeq></word><word seq="4">is lying<GreekSeq>7</GreekSeq></word><word seq="5">paralyzed<GreekSeq>11</GreekSeq></word><word seq="6">at<GreekSeq>8</GreekSeq></word><word seq="7">home,<GreekSeq>10</GreekSeq></word><word seq="8">suffering<GreekSeq>13</GreekSeq></word><word seq="9">terribly.”<GreekSeq>12</GreekSeq></word></ESV></verse>
<verse number="7"><ESV><word seq="1">And<GreekSeq>1</GreekSeq></word><word seq="2">he said<GreekSeq>2</GreekSeq></word><word seq="3">to him,<GreekSeq>3</GreekSeq></word><word seq="4">“I<GreekSeq>4</GreekSeq></word><word seq="5">will<GreekSeq>6</GreekSeq></word><word seq="6">come<GreekSeq>5</GreekSeq></word><word seq="7">and</word><word seq="8">heal<GreekSeq>6</GreekSeq></word><word seq="9">him.”<GreekSeq>7</GreekSeq></word></ESV></verse>
<verse number="8"><ESV><word seq="1">But<GreekSeq>1</GreekSeq></word><word seq="2">the<GreekSeq>3</GreekSeq></word><word seq="3">centurion<GreekSeq>4</GreekSeq></word><word seq="4">replied,<GreekSeq>2</GreekSeq></word><word seq="5">“Lord,<GreekSeq>6</GreekSeq></word><word seq="6">I am<GreekSeq>8</GreekSeq></word><word seq="7">not<GreekSeq>7</GreekSeq></word><word seq="8">worthy<GreekSeq>9</GreekSeq></word><word seq="9">to have you come<GreekSeq>10</GreekSeq><GreekSeq>15</GreekSeq></word><word seq="10">under<GreekSeq>12</GreekSeq></word><word seq="11">my<GreekSeq>11</GreekSeq></word><word seq="12">roof,<GreekSeq>14</GreekSeq></word><word seq="13">but<GreekSeq>16</GreekSeq></word><word seq="14">only<GreekSeq>17</GreekSeq></word><word seq="15">say<GreekSeq>18</GreekSeq></word><word seq="16">the word,<GreekSeq>19</GreekSeq></word><word seq="17">and<GreekSeq>20</GreekSeq></word><word seq="18">my<GreekSeq>24</GreekSeq></word><word seq="19">servant<GreekSeq>23</GreekSeq></word><word seq="20">will be healed.<GreekSeq>21</GreekSeq></word></ESV></verse>
<verse number="9"><ESV><word seq="1">For<GreekSeq>2</GreekSeq></word><word seq="2">I<GreekSeq>3</GreekSeq></word><word seq="3">too<GreekSeq>1</GreekSeq></word><word seq="4">am<GreekSeq>5</GreekSeq></word><word seq="5">a man<GreekSeq>4</GreekSeq></word><word seq="6">under<GreekSeq>6</GreekSeq></word><word seq="7">authority,<GreekSeq>7</GreekSeq></word><word seq="8">with<GreekSeq>8</GreekSeq></word><word seq="9">soldiers<GreekSeq>11</GreekSeq></word><word seq="10">under<GreekSeq>9</GreekSeq></word><word seq="11">me.<GreekSeq>10</GreekSeq></word><word seq="12">And<GreekSeq>12</GreekSeq></word><word seq="13">I say<GreekSeq>13</GreekSeq></word><word seq="14">to one,<GreekSeq>14</GreekSeq></word><word seq="15">‘Go,’<GreekSeq>15</GreekSeq></word><word seq="16">and<GreekSeq>16</GreekSeq></word><word seq="17">he goes,<GreekSeq>17</GreekSeq></word><word seq="18">and<GreekSeq>18</GreekSeq></word><word seq="19">to another,<GreekSeq>19</GreekSeq></word><word seq="20">‘Come,’<GreekSeq>20</GreekSeq></word><word seq="21">and<GreekSeq>21</GreekSeq></word><word seq="22">he comes,<GreekSeq>22</GreekSeq></word><word seq="23">and<GreekSeq>23</GreekSeq></word><word seq="24">to<GreekSeq>25</GreekSeq></word><word seq="25">my<GreekSeq>26</GreekSeq></word><word seq="26">servant,<GreekSeq>25</GreekSeq></word><word seq="27">‘Do<GreekSeq>27</GreekSeq></word><word seq="28">this,’<GreekSeq>28</GreekSeq></word><word seq="29">and<GreekSeq>29</GreekSeq></word><word seq="30">he does<GreekSeq>30</GreekSeq></word><word seq="31">it.”</word></ESV></verse>
<verse number="10"><ESV><word seq="1">When<GreekSeq>2</GreekSeq></word><word seq="2">Jesus<GreekSeq>4</GreekSeq></word><word seq="3">heard<GreekSeq>1</GreekSeq></word><word seq="4">this,</word><word seq="5">he marveled<GreekSeq>5</GreekSeq></word><word seq="6">and<GreekSeq>6</GreekSeq></word><word seq="7">said<GreekSeq>7</GreekSeq></word><word seq="8">to those<GreekSeq>8</GreekSeq></word><word seq="9">who followed<GreekSeq>9</GreekSeq></word><word seq="10">him,</word><word seq="11">“Truly,<GreekSeq>10</GreekSeq></word><word seq="12">I tell<GreekSeq>11</GreekSeq></word><word seq="13">you,<GreekSeq>12</GreekSeq></word><word seq="14">with<GreekSeq>13</GreekSeq></word><word seq="15">no one<GreekSeq>14</GreekSeq></word><word seq="16">in<GreekSeq>17</GreekSeq></word><word seq="17">Israel<GreekSeq>19</GreekSeq></word><word seq="18">have I found<GreekSeq>20</GreekSeq></word><word seq="19">such<GreekSeq>15</GreekSeq></word><word seq="20">faith.<GreekSeq>16</GreekSeq></word></ESV></verse>
<verse number="11"><ESV><word seq="1">I tell<GreekSeq>1</GreekSeq></word><word seq="2">you,<GreekSeq>3</GreekSeq></word><word seq="3">many<GreekSeq>5</GreekSeq></word><word seq="4">will come<GreekSeq>10</GreekSeq></word><word seq="5">from<GreekSeq>6</GreekSeq></word><word seq="6">east<GreekSeq>7</GreekSeq></word><word seq="7">and<GreekSeq>8</GreekSeq></word><word seq="8">west<GreekSeq>9</GreekSeq></word><word seq="9">and<GreekSeq>11</GreekSeq></word><word seq="10">recline at table<GreekSeq>12</GreekSeq></word><word seq="11">with<GreekSeq>13</GreekSeq></word><word seq="12">Abraham,<GreekSeq>14</GreekSeq></word><word seq="13">Isaac,<GreekSeq>16</GreekSeq></word><word seq="14">and<GreekSeq>17</GreekSeq></word><word seq="15">Jacob<GreekSeq>18</GreekSeq></word><word seq="16">in<GreekSeq>19</GreekSeq></word><word seq="17">the<GreekSeq>20</GreekSeq></word><word seq="18">kingdom<GreekSeq>21</GreekSeq></word><word seq="19">of heaven,<GreekSeq>23</GreekSeq></word></ESV></verse>
<verse number="12"><ESV><word seq="1">while<GreekSeq>2</GreekSeq></word><word seq="2">the<GreekSeq>1</GreekSeq></word><word seq="3">sons<GreekSeq>3</GreekSeq></word><word seq="4">of the<GreekSeq>4</GreekSeq></word><word seq="5">kingdom<GreekSeq>5</GreekSeq></word><word seq="6">will be thrown<GreekSeq>6</GreekSeq></word><word seq="7">into<GreekSeq>7</GreekSeq></word><word seq="8">the<GreekSeq>8</GreekSeq></word><word seq="9">outer<GreekSeq>11</GreekSeq></word><word seq="10">darkness.<GreekSeq>9</GreekSeq></word><word seq="11">In that place there<GreekSeq>12</GreekSeq></word><word seq="12">will be<GreekSeq>13</GreekSeq></word><word seq="13">weeping<GreekSeq>15</GreekSeq></word><word seq="14">and<GreekSeq>16</GreekSeq></word><word seq="15">gnashing<GreekSeq>18</GreekSeq></word><word seq="16">of teeth.”<GreekSeq>20</GreekSeq></word></ESV></verse>
<verse number="13"><ESV><word seq="1">And<GreekSeq>1</GreekSeq></word><word seq="2">to the<GreekSeq>5</GreekSeq></word><word seq="3">centurion<GreekSeq>6</GreekSeq></word><word seq="4">Jesus<GreekSeq>4</GreekSeq></word><word seq="5">said,<GreekSeq>2</GreekSeq></word><word seq="6">“Go;<GreekSeq>7</GreekSeq></word><word seq="7">let it be done<GreekSeq>10</GreekSeq></word><word seq="8">for you<GreekSeq>11</GreekSeq></word><word seq="9">as<GreekSeq>8</GreekSeq></word><word seq="10">you have believed.<GreekSeq>9</GreekSeq></word><word seq="11">”And<GreekSeq>12</GreekSeq></word><word seq="12">the<GreekSeq>14</GreekSeq></word><word seq="13">servant<GreekSeq>15</GreekSeq></word><word seq="14">was healed<GreekSeq>13</GreekSeq></word><word seq="15">at<GreekSeq>17</GreekSeq></word><word seq="16">that very<GreekSeq>20</GreekSeq></word><word seq="17">moment.<GreekSeq>19</GreekSeq></word></ESV></verse>
<verse number="14"><ESV><word seq="1">And<GreekSeq>1</GreekSeq></word><word seq="2">when<GreekSeq>2</GreekSeq></word><word seq="3">Jesus<GreekSeq>4</GreekSeq></word><word seq="4">entered<GreekSeq>2</GreekSeq></word><word seq="5">Peter’s<GreekSeq>8</GreekSeq></word><word seq="6">house,<GreekSeq>7</GreekSeq></word><word seq="7">he saw<GreekSeq>9</GreekSeq></word><word seq="8">his<GreekSeq>12</GreekSeq></word><word seq="9">mother-in-law<GreekSeq>11</GreekSeq></word><word seq="10">lying<GreekSeq>13</GreekSeq></word><word seq="11">sick with a fever.<GreekSeq>15</GreekSeq></word></ESV></verse>
<verse number="15"><ESV><word seq="1">He touched<GreekSeq>2</GreekSeq></word><word seq="2">her<GreekSeq>5</GreekSeq></word><word seq="3">hand,<GreekSeq>4</GreekSeq></word><word seq="4">and<GreekSeq>6</GreekSeq></word><word seq="5">the<GreekSeq>9</GreekSeq></word><word seq="6">fever<GreekSeq>10</GreekSeq></word><word seq="7">left<GreekSeq>7</GreekSeq></word><word seq="8">her,<GreekSeq>8</GreekSeq></word><word seq="9">and<GreekSeq>11</GreekSeq></word><word seq="10">she rose<GreekSeq>12</GreekSeq></word><word seq="11">and<GreekSeq>13</GreekSeq></word><word seq="12">began to serve<GreekSeq>14</GreekSeq></word><word seq="13">him.<GreekSeq>15</GreekSeq></word></ESV></verse>
<verse number="16"><ESV><word seq="1">That<GreekSeq>3</GreekSeq></word><word seq="2">evening<GreekSeq>1</GreekSeq></word><word seq="3">they brought<GreekSeq>4</GreekSeq></word><word seq="4">to him<GreekSeq>5</GreekSeq></word><word seq="5">many<GreekSeq>7</GreekSeq></word><word seq="6">who were oppressed by demons,<GreekSeq>6</GreekSeq></word><word seq="7">and<GreekSeq>8</GreekSeq></word><word seq="8">he cast out<GreekSeq>9</GreekSeq></word><word seq="9">the<GreekSeq>10</GreekSeq></word><word seq="10">spirits<GreekSeq>11</GreekSeq></word><word seq="11">with a word<GreekSeq>12</GreekSeq></word><word seq="12">and<GreekSeq>13</GreekSeq></word><word seq="13">healed<GreekSeq>18</GreekSeq></word><word seq="14">all<GreekSeq>14</GreekSeq></word><word seq="15">who were<GreekSeq>17</GreekSeq></word><word seq="16">sick.<GreekSeq>16</GreekSeq></word></ESV></verse>
<verse number="17"><ESV><word seq="1">This was to fulfill<GreekSeq>2</GreekSeq></word><word seq="2">what was spoken<GreekSeq>3</GreekSeq><GreekSeq>4</GreekSeq></word><word seq="3">by<GreekSeq>5</GreekSeq></word><word seq="4">the<GreekSeq>7</GreekSeq></word><word seq="5">prophet<GreekSeq>8</GreekSeq></word><word seq="6">Isaiah:<GreekSeq>6</GreekSeq></word><word seq="7">“He<GreekSeq>10</GreekSeq></word><word seq="8">took<GreekSeq>14</GreekSeq></word><word seq="9">our<GreekSeq>13</GreekSeq></word><word seq="10">illnesses<GreekSeq>12</GreekSeq></word><word seq="11">and<GreekSeq>15</GreekSeq></word><word seq="12">bore<GreekSeq>18</GreekSeq></word><word seq="13">[our] diseases.”<GreekSeq>17</GreekSeq></word></ESV></verse>
<verse number="18"><ESV><word seq="1">Now<GreekSeq>2</GreekSeq></word><word seq="2">when<GreekSeq>1</GreekSeq></word><word seq="3">Jesus<GreekSeq>4</GreekSeq></word><word seq="4">saw<GreekSeq>1</GreekSeq></word><word seq="5">a crowd<GreekSeq>5</GreekSeq></word><word seq="6">around<GreekSeq>6</GreekSeq></word><word seq="7">him,<GreekSeq>7</GreekSeq></word><word seq="8">he gave orders<GreekSeq>8</GreekSeq></word><word seq="9">to go over<GreekSeq>9</GreekSeq></word><word seq="10">to<GreekSeq>10</GreekSeq></word><word seq="11">the<GreekSeq>11</GreekSeq></word><word seq="12">other side.<GreekSeq>12</GreekSeq></word></ESV></verse>
<verse number="19"><ESV><word seq="1">And<GreekSeq>1</GreekSeq></word><word seq="2">a<GreekSeq>3</GreekSeq></word><word seq="3">scribe<GreekSeq>4</GreekSeq></word><word seq="4">came up<GreekSeq>2</GreekSeq></word><word seq="5">and</word><word seq="6">said<GreekSeq>5</GreekSeq></word><word seq="7">to him,<GreekSeq>6</GreekSeq></word><word seq="8">“Teacher,<GreekSeq>7</GreekSeq></word><word seq="9">I will follow<GreekSeq>8</GreekSeq></word><word seq="10">you<GreekSeq>9</GreekSeq></word><word seq="11">wherever<GreekSeq>10</GreekSeq><GreekSeq>11</GreekSeq></word><word seq="12">you go.”<GreekSeq>12</GreekSeq></word></ESV></verse>
<verse number="20"><ESV><word seq="1">And<GreekSeq>1</GreekSeq></word><word seq="2">Jesus<GreekSeq>5</GreekSeq></word><word seq="3">said<GreekSeq>2</GreekSeq></word><word seq="4">to him,<GreekSeq>3</GreekSeq></word><word seq="5">“Foxes<GreekSeq>7</GreekSeq></word><word seq="6">have<GreekSeq>9</GreekSeq></word><word seq="7">holes,<GreekSeq>8</GreekSeq></word><word seq="8">and<GreekSeq>10</GreekSeq></word><word seq="9">birds<GreekSeq>12</GreekSeq></word><word seq="10">of the<GreekSeq>13</GreekSeq></word><word seq="11">air<GreekSeq>14</GreekSeq></word><word seq="12">have</word><word seq="13">nests,<GreekSeq>15</GreekSeq></word><word seq="14">but<GreekSeq>17</GreekSeq></word><word seq="15">the<GreekSeq>16</GreekSeq></word><word seq="16">Son<GreekSeq>18</GreekSeq></word><word seq="17">of Man<GreekSeq>20</GreekSeq></word><word seq="18">has<GreekSeq>22</GreekSeq></word><word seq="19">nowhere<GreekSeq>21</GreekSeq><GreekSeq>23</GreekSeq></word><word seq="20">to lay<GreekSeq>26</GreekSeq></word><word seq="21">his</word><word seq="22">head.”<GreekSeq>25</GreekSeq></word></ESV></verse>
<verse number="21"><ESV><word seq="1">Another<GreekSeq>1</GreekSeq></word><word seq="2">of the<GreekSeq>3</GreekSeq></word><word seq="3">disciples<GreekSeq>4</GreekSeq></word><word seq="4">said<GreekSeq>6</GreekSeq></word><word seq="5">to him,<GreekSeq>7</GreekSeq></word><word seq="6">“Lord,<GreekSeq>8</GreekSeq></word><word seq="7">let<GreekSeq>9</GreekSeq></word><word seq="8">me<GreekSeq>10</GreekSeq></word><word seq="9">first<GreekSeq>11</GreekSeq></word><word seq="10">go<GreekSeq>12</GreekSeq></word><word seq="11">and<GreekSeq>13</GreekSeq></word><word seq="12">bury<GreekSeq>14</GreekSeq></word><word seq="13">my<GreekSeq>17</GreekSeq></word><word seq="14">father.”<GreekSeq>16</GreekSeq></word></ESV></verse>
<verse number="22"><ESV><word seq="1">And<GreekSeq>2</GreekSeq></word><word seq="2">Jesus<GreekSeq>3</GreekSeq></word><word seq="3">said<GreekSeq>4</GreekSeq></word><word seq="4">to him,<GreekSeq>5</GreekSeq></word><word seq="5">“Follow<GreekSeq>6</GreekSeq></word><word seq="6">me,<GreekSeq>7</GreekSeq></word><word seq="7">and<GreekSeq>8</GreekSeq></word><word seq="8">leave<GreekSeq>9</GreekSeq></word><word seq="9">the<GreekSeq>10</GreekSeq></word><word seq="10">dead<GreekSeq>11</GreekSeq></word><word seq="11">to bury<GreekSeq>12</GreekSeq></word><word seq="12">their own<GreekSeq>14</GreekSeq></word><word seq="13">dead.”<GreekSeq>15</GreekSeq></word></ESV></verse>
<verse number="23"><ESV><word seq="1">And<GreekSeq>1</GreekSeq></word><word seq="2">when<GreekSeq>2</GreekSeq></word><word seq="3">he<GreekSeq>3</GreekSeq></word><word seq="4">got<GreekSeq>2</GreekSeq></word><word seq="5">into<GreekSeq>4</GreekSeq></word><word seq="6">the<GreekSeq>5</GreekSeq></word><word seq="7">boat,<GreekSeq>6</GreekSeq></word><word seq="8">his<GreekSeq>11</GreekSeq></word><word seq="9">disciples<GreekSeq>10</GreekSeq></word><word seq="10">followed<GreekSeq>7</GreekSeq></word><word seq="11">him.<GreekSeq>8</GreekSeq></word></ESV></verse>
<verse number="24"><ESV><word seq="1">And<GreekSeq>1</GreekSeq></word><word seq="2">behold,<GreekSeq>2</GreekSeq></word><word seq="3">there arose<GreekSeq>5</GreekSeq></word><word seq="4">a great<GreekSeq>4</GreekSeq></word><word seq="5">storm<GreekSeq>3</GreekSeq></word><word seq="6">on<GreekSeq>6</GreekSeq></word><word seq="7">the<GreekSeq>7</GreekSeq></word><word seq="8">sea,<GreekSeq>8</GreekSeq></word><word seq="9">so that<GreekSeq>9</GreekSeq></word><word seq="10">the<GreekSeq>10</GreekSeq></word><word seq="11">boat<GreekSeq>11</GreekSeq></word><word seq="12">was being swamped<GreekSeq>12</GreekSeq></word><word seq="13">by<GreekSeq>13</GreekSeq></word><word seq="14">the<GreekSeq>14</GreekSeq></word><word seq="15">waves;<GreekSeq>15</GreekSeq></word><word seq="16">but<GreekSeq>17</GreekSeq></word><word seq="17">he<GreekSeq>16</GreekSeq></word><word seq="18">was asleep.<GreekSeq>18</GreekSeq></word></ESV></verse>
<verse number="25"><ESV><word seq="1">And<GreekSeq>1</GreekSeq></word><word seq="2">they went<GreekSeq>2</GreekSeq></word><word seq="3">and</word><word seq="4">woke<GreekSeq>3</GreekSeq></word><word seq="5">him,<GreekSeq>4</GreekSeq></word><word seq="6">saying,<GreekSeq>5</GreekSeq></word><word seq="7">“Save<GreekSeq>7</GreekSeq></word><word seq="8" note="Base of different Greek: ἡμᾶς(2248)">us,</word><word seq="9">Lord;<GreekSeq>6</GreekSeq></word><word seq="10">we are perishing.”<GreekSeq>8</GreekSeq></word></ESV></verse>
<verse number="26"><ESV><word seq="1">And<GreekSeq>1</GreekSeq></word><word seq="2">he said<GreekSeq>2</GreekSeq></word><word seq="3">to them,<GreekSeq>3</GreekSeq></word><word seq="4">“Why<GreekSeq>4</GreekSeq></word><word seq="5">are you<GreekSeq>6</GreekSeq></word><word seq="6">afraid,<GreekSeq>5</GreekSeq></word><word seq="7">O you of little faith?”<GreekSeq>7</GreekSeq></word><word seq="8">Then<GreekSeq>8</GreekSeq></word><word seq="9">he rose<GreekSeq>9</GreekSeq></word><word seq="10">and</word><word seq="11">rebuked<GreekSeq>10</GreekSeq></word><word seq="12">the<GreekSeq>11</GreekSeq></word><word seq="13">winds<GreekSeq>12</GreekSeq></word><word seq="14">and<GreekSeq>13</GreekSeq></word><word seq="15">the<GreekSeq>14</GreekSeq></word><word seq="16">sea,<GreekSeq>15</GreekSeq></word><word seq="17">and<GreekSeq>16</GreekSeq></word><word seq="18">there was<GreekSeq>17</GreekSeq></word><word seq="19">a great<GreekSeq>19</GreekSeq></word><word seq="20">calm.<GreekSeq>18</GreekSeq></word></ESV></verse>
<verse number="27"><ESV><word seq="1">And<GreekSeq>2</GreekSeq></word><word seq="2">the<GreekSeq>1</GreekSeq></word><word seq="3">men<GreekSeq>3</GreekSeq></word><word seq="4">marveled,<GreekSeq>4</GreekSeq></word><word seq="5">saying,<GreekSeq>5</GreekSeq></word><word seq="6">“What sort of man<GreekSeq>6</GreekSeq></word><word seq="7">is<GreekSeq>7</GreekSeq></word><word seq="8">this,<GreekSeq>8</GreekSeq></word><word seq="9">that<GreekSeq>9</GreekSeq></word><word seq="10">even<GreekSeq>10</GreekSeq></word><word seq="11">winds<GreekSeq>12</GreekSeq></word><word seq="12">and<GreekSeq>13</GreekSeq></word><word seq="13">sea<GreekSeq>15</GreekSeq></word><word seq="14">obey<GreekSeq>17</GreekSeq></word><word seq="15">him?”<GreekSeq>16</GreekSeq></word></ESV></verse>
<verse number="28"><ESV><word seq="1">And<GreekSeq>1</GreekSeq></word><word seq="2">when<GreekSeq>2</GreekSeq></word><word seq="3">he<GreekSeq>3</GreekSeq></word><word seq="4">came<GreekSeq>2</GreekSeq></word><word seq="5">to<GreekSeq>4</GreekSeq></word><word seq="6">the<GreekSeq>5</GreekSeq></word><word seq="7">other side,<GreekSeq>6</GreekSeq></word><word seq="8">to<GreekSeq>7</GreekSeq></word><word seq="9">the<GreekSeq>8</GreekSeq></word><word seq="10">country<GreekSeq>9</GreekSeq></word><word seq="11">of the<GreekSeq>10</GreekSeq></word><word seq="12">Gadarenes,<GreekSeq>11</GreekSeq></word><word seq="13">two<GreekSeq>14</GreekSeq></word><word seq="14">demon-possessed men<GreekSeq>15</GreekSeq></word><word seq="15">met<GreekSeq>12</GreekSeq></word><word seq="16">him,<GreekSeq>13</GreekSeq></word><word seq="17">coming out<GreekSeq>19</GreekSeq></word><word seq="18">of<GreekSeq>16</GreekSeq></word><word seq="19">the<GreekSeq>17</GreekSeq></word><word seq="20">tombs,<GreekSeq>18</GreekSeq></word><word seq="21">so<GreekSeq>21</GreekSeq></word><word seq="22">fierce<GreekSeq>20</GreekSeq></word><word seq="23">that<GreekSeq>22</GreekSeq></word><word seq="24">no<GreekSeq>23</GreekSeq></word><word seq="25">one<GreekSeq>25</GreekSeq></word><word seq="26">could<GreekSeq>24</GreekSeq></word><word seq="27">pass<GreekSeq>26</GreekSeq></word><word seq="28">that<GreekSeq>30</GreekSeq></word><word seq="29">way.<GreekSeq>29</GreekSeq></word></ESV></verse>
<verse number="29"><ESV><word seq="1">And<GreekSeq>1</GreekSeq></word><word seq="2">behold,<GreekSeq>2</GreekSeq></word><word seq="3">they cried out,<GreekSeq>3</GreekSeq></word><word seq="4">“What<GreekSeq>5</GreekSeq></word><word seq="5">have</word><word seq="6">you<GreekSeq>8</GreekSeq></word><word seq="7">to do</word><word seq="8">with<GreekSeq>7</GreekSeq></word><word seq="9">us,<GreekSeq>6</GreekSeq></word><word seq="10">O Son<GreekSeq>9</GreekSeq></word><word seq="11">of God?<GreekSeq>11</GreekSeq></word><word seq="12">Have you come<GreekSeq>12</GreekSeq></word><word seq="13">here<GreekSeq>13</GreekSeq></word><word seq="14">to torment<GreekSeq>16</GreekSeq></word><word seq="15">us<GreekSeq>17</GreekSeq></word><word seq="16">before<GreekSeq>14</GreekSeq></word><word seq="17">the time?”<GreekSeq>15</GreekSeq></word></ESV></verse>
<verse number="30"><ESV><word seq="1">Now<GreekSeq>2</GreekSeq></word><word seq="2">a herd<GreekSeq>6</GreekSeq></word><word seq="3">of many<GreekSeq>8</GreekSeq></word><word seq="4">pigs<GreekSeq>7</GreekSeq></word><word seq="5">was<GreekSeq>1</GreekSeq></word><word seq="6">feeding<GreekSeq>9</GreekSeq></word><word seq="7">at some distance<GreekSeq>3</GreekSeq></word><word seq="8">from<GreekSeq>4</GreekSeq></word><word seq="9">them.<GreekSeq>5</GreekSeq></word></ESV></verse>
<verse number="31"><ESV><word seq="1">And<GreekSeq>2</GreekSeq></word><word seq="2">the<GreekSeq>1</GreekSeq></word><word seq="3">demons<GreekSeq>3</GreekSeq></word><word seq="4">begged<GreekSeq>4</GreekSeq></word><word seq="5">him,<GreekSeq>5</GreekSeq></word><word seq="6">saying,<GreekSeq>6</GreekSeq></word><word seq="7">“If<GreekSeq>7</GreekSeq></word><word seq="8">you cast<GreekSeq>8</GreekSeq></word><word seq="9">us<GreekSeq>9</GreekSeq></word><word seq="10">out,<GreekSeq>8</GreekSeq></word><word seq="11">send<GreekSeq>10</GreekSeq></word><word seq="12">us<GreekSeq>11</GreekSeq></word><word seq="13">away<GreekSeq>10</GreekSeq></word><word seq="14">into<GreekSeq>12</GreekSeq></word><word seq="15">the<GreekSeq>13</GreekSeq></word><word seq="16">herd<GreekSeq>14</GreekSeq></word><word seq="17">of pigs.”<GreekSeq>16</GreekSeq></word></ESV></verse>
<verse number="32"><ESV><word seq="1">And<GreekSeq>1</GreekSeq></word><word seq="2">he said<GreekSeq>2</GreekSeq></word><word seq="3">to them,<GreekSeq>3</GreekSeq></word><word seq="4">“Go.”<GreekSeq>4</GreekSeq></word><word seq="5">So<GreekSeq>6</GreekSeq></word><word seq="6">they<GreekSeq>5</GreekSeq></word><word seq="7">came out<GreekSeq>7</GreekSeq></word><word seq="8">and</word><word seq="9">went<GreekSeq>8</GreekSeq></word><word seq="10">into<GreekSeq>9</GreekSeq></word><word seq="11">the<GreekSeq>10</GreekSeq></word><word seq="12">pigs,<GreekSeq>11</GreekSeq></word><word seq="13">and<GreekSeq>12</GreekSeq></word><word seq="14">behold,<GreekSeq>13</GreekSeq></word><word seq="15">the<GreekSeq>16</GreekSeq></word><word seq="16">whole<GreekSeq>15</GreekSeq></word><word seq="17">herd<GreekSeq>17</GreekSeq></word><word seq="18">rushed<GreekSeq>14</GreekSeq></word><word seq="19">down<GreekSeq>18</GreekSeq></word><word seq="20">the<GreekSeq>19</GreekSeq></word><word seq="21">steep bank<GreekSeq>20</GreekSeq></word><word seq="22">into<GreekSeq>21</GreekSeq></word><word seq="23">the<GreekSeq>22</GreekSeq></word><word seq="24">sea<GreekSeq>23</GreekSeq></word><word seq="25">and<GreekSeq>24</GreekSeq></word><word seq="26">drowned<GreekSeq>25</GreekSeq></word><word seq="27">in<GreekSeq>26</GreekSeq></word><word seq="28">the<GreekSeq>27</GreekSeq></word><word seq="29">waters.<GreekSeq>28</GreekSeq></word></ESV></verse>
<verse number="33"><ESV><word seq="1">The<GreekSeq>1</GreekSeq></word><word seq="2">herdsmen<GreekSeq>3</GreekSeq></word><word seq="3">fled,<GreekSeq>4</GreekSeq></word><word seq="4">and<GreekSeq>5</GreekSeq></word><word seq="5">going<GreekSeq>6</GreekSeq></word><word seq="6">into<GreekSeq>7</GreekSeq></word><word seq="7">the<GreekSeq>8</GreekSeq></word><word seq="8">city<GreekSeq>9</GreekSeq></word><word seq="9">they told<GreekSeq>10</GreekSeq></word><word seq="10">everything,<GreekSeq>11</GreekSeq></word><word seq="11">especially<GreekSeq>12</GreekSeq></word><word seq="12">what<GreekSeq>13</GreekSeq></word><word seq="13">had happened</word><word seq="14">to the<GreekSeq>14</GreekSeq></word><word seq="15">demon-possessed men.<GreekSeq>15</GreekSeq></word></ESV></verse>
<verse number="34"><ESV><word seq="1">And<GreekSeq>1</GreekSeq></word><word seq="2">behold,<GreekSeq>2</GreekSeq></word><word seq="3">all<GreekSeq>3</GreekSeq></word><word seq="4">the<GreekSeq>4</GreekSeq></word><word seq="5">city<GreekSeq>5</GreekSeq></word><word seq="6">came out<GreekSeq>6</GreekSeq></word><word seq="7">to meet<GreekSeq>7</GreekSeq><GreekSeq>8</GreekSeq></word><word seq="8">Jesus,<GreekSeq>10</GreekSeq></word><word seq="9">and<GreekSeq>11</GreekSeq></word><word seq="10">when they saw<GreekSeq>12</GreekSeq></word><word seq="11">him,<GreekSeq>13</GreekSeq></word><word seq="12">they begged<GreekSeq>14</GreekSeq></word><word seq="13">him</word><word seq="14">to leave<GreekSeq>15</GreekSeq><GreekSeq>16</GreekSeq></word><word seq="15">their<GreekSeq>20</GreekSeq></word><word seq="16">region.<GreekSeq>19</GreekSeq></word></ESV></verse></chapter></book>