<?xml version="1.0" encoding="UTF-8" standalone="no"?><book><chapter number="16">'<verse number="1"><ESV><word seq="1">And<GreekSeq>1</GreekSeq></word><word seq="2">the<GreekSeq>3</GreekSeq></word><word seq="3">Pharisees<GreekSeq>4</GreekSeq></word><word seq="4">and<GreekSeq>5</GreekSeq></word><word seq="5">Sadducees<GreekSeq>6</GreekSeq></word><word seq="6">came,<GreekSeq>2</GreekSeq></word><word seq="7">and<GreekSeq>5</GreekSeq></word><word seq="8">to test<GreekSeq>7</GreekSeq></word><word seq="9">him</word><word seq="10">they asked<GreekSeq>8</GreekSeq></word><word seq="11">him<GreekSeq>9</GreekSeq></word><word seq="12">to show<GreekSeq>14</GreekSeq></word><word seq="13">them<GreekSeq>15</GreekSeq></word><word seq="14">a sign<GreekSeq>10</GreekSeq></word><word seq="15">from<GreekSeq>11</GreekSeq></word><word seq="16">heaven.<GreekSeq>13</GreekSeq></word></ESV></verse>
<verse number="2"><ESV><word seq="1">He<GreekSeq>1</GreekSeq></word><word seq="2">answered<GreekSeq>3</GreekSeq></word><word seq="3">them,<GreekSeq>5</GreekSeq></word><word seq="4">“When it is<GreekSeq>7</GreekSeq></word><word seq="5">evening,<GreekSeq>6</GreekSeq></word><word seq="6">you say,<GreekSeq>8</GreekSeq></word><word seq="7">‘It will be</word><word seq="8">fair weather,<GreekSeq>9</GreekSeq></word><word seq="9">for<GreekSeq>11</GreekSeq></word><word seq="10">the<GreekSeq>12</GreekSeq></word><word seq="11">sky<GreekSeq>13</GreekSeq></word><word seq="12">is red.’<GreekSeq>10</GreekSeq></word></ESV></verse>
<verse number="3"><ESV><word seq="1">And<GreekSeq>1</GreekSeq></word><word seq="2">in the morning,<GreekSeq>2</GreekSeq></word><word seq="3">‘It will be</word><word seq="4">stormy<GreekSeq>4</GreekSeq></word><word seq="5">today,<GreekSeq>3</GreekSeq></word><word seq="6">for<GreekSeq>6</GreekSeq></word><word seq="7">the<GreekSeq>8</GreekSeq></word><word seq="8">sky<GreekSeq>9</GreekSeq></word><word seq="9">is red<GreekSeq>5</GreekSeq></word><word seq="10">and</word><word seq="11">threatening.’<GreekSeq>7</GreekSeq></word><word seq="12">You know<GreekSeq>15</GreekSeq></word><word seq="13">how</word><word seq="14">to interpret<GreekSeq>16</GreekSeq></word><word seq="15">the appearance<GreekSeq>12</GreekSeq></word><word seq="16">of the<GreekSeq>13</GreekSeq></word><word seq="17">sky,<GreekSeq>14</GreekSeq></word><word seq="18">but<GreekSeq>18</GreekSeq></word><word seq="19">you cannot<GreekSeq>22</GreekSeq><GreekSeq>23</GreekSeq></word><word seq="20">interpret</word><word seq="21">the<GreekSeq>17</GreekSeq></word><word seq="22">signs<GreekSeq>19</GreekSeq></word><word seq="23">of the<GreekSeq>20</GreekSeq></word><word seq="24">times.<GreekSeq>21</GreekSeq></word></ESV></verse>
<verse number="4"><ESV><word seq="1">An evil<GreekSeq>2</GreekSeq></word><word seq="2">and<GreekSeq>3</GreekSeq></word><word seq="3">adulterous<GreekSeq>4</GreekSeq></word><word seq="4">generation<GreekSeq>1</GreekSeq></word><word seq="5">seeks<GreekSeq>6</GreekSeq></word><word seq="6">for a sign,<GreekSeq>5</GreekSeq></word><word seq="7">but<GreekSeq>7</GreekSeq></word><word seq="8">no<GreekSeq>9</GreekSeq></word><word seq="9">sign<GreekSeq>8</GreekSeq></word><word seq="10">will be given<GreekSeq>10</GreekSeq></word><word seq="11">to it<GreekSeq>11</GreekSeq></word><word seq="12" note="εἰ μή Strong Code (1508)">except<GreekSeq>12</GreekSeq><GreekSeq>13</GreekSeq></word><word seq="13">the<GreekSeq>14</GreekSeq></word><word seq="14">sign<GreekSeq>15</GreekSeq></word><word seq="15">of Jonah.”<GreekSeq>16</GreekSeq></word><word seq="16">So<GreekSeq>17</GreekSeq></word><word seq="17">he left<GreekSeq>18</GreekSeq></word><word seq="18">them<GreekSeq>19</GreekSeq></word><word seq="19">and<GreekSeq>17</GreekSeq></word><word seq="20">departed.<GreekSeq>20</GreekSeq></word></ESV></verse>
<verse number="5"><ESV><word seq="1">When<GreekSeq>2</GreekSeq></word><word seq="2">the<GreekSeq>3</GreekSeq></word><word seq="3">disciples<GreekSeq>4</GreekSeq></word><word seq="4">reached<GreekSeq>2</GreekSeq></word><word seq="5">the<GreekSeq>6</GreekSeq></word><word seq="6">other side,<GreekSeq>7</GreekSeq></word><word seq="7">they had forgotten<GreekSeq>8</GreekSeq></word><word seq="8">to bring<GreekSeq>10</GreekSeq></word><word seq="9">any</word><word seq="10">bread.<GreekSeq>9</GreekSeq></word></ESV></verse>
<verse number="6"><ESV><word seq="1">Jesus<GreekSeq>3</GreekSeq></word><word seq="2">said<GreekSeq>4</GreekSeq></word><word seq="3">to them,<GreekSeq>5</GreekSeq></word><word seq="4">“Watch<GreekSeq>6</GreekSeq></word><word seq="5">and<GreekSeq>7</GreekSeq></word><word seq="6">beware<GreekSeq>8</GreekSeq></word><word seq="7">of<GreekSeq>9</GreekSeq></word><word seq="8">the<GreekSeq>10</GreekSeq></word><word seq="9">leaven<GreekSeq>11</GreekSeq></word><word seq="10">of the<GreekSeq>12</GreekSeq></word><word seq="11">Pharisees<GreekSeq>13</GreekSeq></word><word seq="12">and<GreekSeq>14</GreekSeq></word><word seq="13">Sadducees.”<GreekSeq>15</GreekSeq></word></ESV></verse>
<verse number="7"><ESV><word seq="1">And<GreekSeq>2</GreekSeq></word><word seq="2">they<GreekSeq>1</GreekSeq></word><word seq="3">began discussing<GreekSeq>3</GreekSeq></word><word seq="4">it</word><word seq="5">among<GreekSeq>4</GreekSeq></word><word seq="6">themselves,<GreekSeq>5</GreekSeq></word><word seq="7">saying,<GreekSeq>6</GreekSeq></word><word seq="8">“We brought<GreekSeq>10</GreekSeq></word><word seq="9">no<GreekSeq>9</GreekSeq></word><word seq="10">bread.”<GreekSeq>8</GreekSeq></word></ESV></verse>
<verse number="8"><ESV><word seq="1">But<GreekSeq>2</GreekSeq></word><word seq="2">Jesus,<GreekSeq>4</GreekSeq></word><word seq="3">aware<GreekSeq>1</GreekSeq></word><word seq="4">of this,</word><word seq="5">said,<GreekSeq>5</GreekSeq></word><word seq="6">“O you of little faith,<GreekSeq>10</GreekSeq></word><word seq="7">why<GreekSeq>6</GreekSeq></word><word seq="8">are you discussing<GreekSeq>7</GreekSeq></word><word seq="9">among<GreekSeq>8</GreekSeq></word><word seq="10">yourselves<GreekSeq>9</GreekSeq></word><word seq="11">the fact</word><word seq="12">that<GreekSeq>11</GreekSeq></word><word seq="13">you have<GreekSeq>14</GreekSeq></word><word seq="14">no<GreekSeq>13</GreekSeq></word><word seq="15">bread?<GreekSeq>12</GreekSeq></word></ESV></verse>
<verse number="9"><ESV><word seq="1">Do</word><word seq="2">you<GreekSeq>2</GreekSeq></word><word seq="3">not yet<GreekSeq>1</GreekSeq></word><word seq="4">perceive?<GreekSeq>2</GreekSeq></word><word seq="5">Do</word><word seq="6">you<GreekSeq>4</GreekSeq></word><word seq="7">not<GreekSeq>3</GreekSeq></word><word seq="8">remember<GreekSeq>4</GreekSeq></word><word seq="9">the<GreekSeq>5</GreekSeq></word><word seq="10">five<GreekSeq>6</GreekSeq></word><word seq="11">loaves<GreekSeq>7</GreekSeq></word><word seq="12">for the<GreekSeq>8</GreekSeq></word><word seq="13">five thousand,<GreekSeq>9</GreekSeq></word><word seq="14">and<GreekSeq>10</GreekSeq></word><word seq="15">how many<GreekSeq>11</GreekSeq></word><word seq="16">baskets<GreekSeq>12</GreekSeq></word><word seq="17">you gathered?<GreekSeq>13</GreekSeq></word></ESV></verse>
<verse number="10"><ESV><word seq="1">Or<GreekSeq>1</GreekSeq></word><word seq="2">the<GreekSeq>2</GreekSeq></word><word seq="3">seven<GreekSeq>3</GreekSeq></word><word seq="4">loaves<GreekSeq>4</GreekSeq></word><word seq="5">for the<GreekSeq>5</GreekSeq></word><word seq="6">four thousand,<GreekSeq>6</GreekSeq></word><word seq="7">and<GreekSeq>7</GreekSeq></word><word seq="8">how many<GreekSeq>8</GreekSeq></word><word seq="9">baskets<GreekSeq>9</GreekSeq></word><word seq="10">you gathered?<GreekSeq>10</GreekSeq></word></ESV></verse>
<verse number="11"><ESV><word seq="1">How<GreekSeq>1</GreekSeq></word><word seq="2">is it</word><word seq="3">that<GreekSeq>4</GreekSeq></word><word seq="4">you<GreekSeq>3</GreekSeq></word><word seq="5">fail to<GreekSeq>2</GreekSeq></word><word seq="6">understand<GreekSeq>3</GreekSeq></word><word seq="7">that</word><word seq="8">I did<GreekSeq>8</GreekSeq></word><word seq="9">not<GreekSeq>5</GreekSeq></word><word seq="10">speak<GreekSeq>8</GreekSeq></word><word seq="11">about<GreekSeq>6</GreekSeq></word><word seq="12">bread?<GreekSeq>7</GreekSeq></word><word seq="13">Beware<GreekSeq>10</GreekSeq></word><word seq="14">of<GreekSeq>12</GreekSeq></word><word seq="15">the<GreekSeq>13</GreekSeq></word><word seq="16">leaven<GreekSeq>14</GreekSeq></word><word seq="17">of the<GreekSeq>15</GreekSeq></word><word seq="18">Pharisees<GreekSeq>16</GreekSeq></word><word seq="19">and<GreekSeq>17</GreekSeq></word><word seq="20">Sadducees.”<GreekSeq>18</GreekSeq></word></ESV></verse>
<verse number="12"><ESV><word seq="1">Then<GreekSeq>1</GreekSeq></word><word seq="2">they understood<GreekSeq>2</GreekSeq></word><word seq="3">that<GreekSeq>3</GreekSeq></word><word seq="4">he did<GreekSeq>5</GreekSeq></word><word seq="5">not<GreekSeq>4</GreekSeq></word><word seq="6">tell<GreekSeq>5</GreekSeq></word><word seq="7">them</word><word seq="8">to beware<GreekSeq>6</GreekSeq></word><word seq="9">of<GreekSeq>7</GreekSeq></word><word seq="10">the<GreekSeq>8</GreekSeq></word><word seq="11">leaven<GreekSeq>9</GreekSeq></word><word seq="12">of bread,<GreekSeq>11</GreekSeq></word><word seq="13">but<GreekSeq>12</GreekSeq></word><word seq="14">of<GreekSeq>13</GreekSeq></word><word seq="15">the<GreekSeq>14</GreekSeq></word><word seq="16">teaching<GreekSeq>15</GreekSeq></word><word seq="17">of the<GreekSeq>16</GreekSeq></word><word seq="18">Pharisees<GreekSeq>17</GreekSeq></word><word seq="19">and<GreekSeq>18</GreekSeq></word><word seq="20">Sadducees.<GreekSeq>19</GreekSeq></word></ESV></verse>
<verse number="13"><ESV><word seq="1">Now<GreekSeq>2</GreekSeq></word><word seq="2">when<GreekSeq>1</GreekSeq></word><word seq="3">Jesus<GreekSeq>4</GreekSeq></word><word seq="4">came<GreekSeq>1</GreekSeq></word><word seq="5">into<GreekSeq>5</GreekSeq></word><word seq="6">the<GreekSeq>6</GreekSeq></word><word seq="7">district<GreekSeq>7</GreekSeq></word><word seq="8">of Caesarea<GreekSeq>8</GreekSeq></word><word seq="9">Philippi,<GreekSeq>10</GreekSeq></word><word seq="10">he asked<GreekSeq>11</GreekSeq></word><word seq="11">his<GreekSeq>14</GreekSeq></word><word seq="12">disciples,<GreekSeq>13</GreekSeq></word><word seq="13">“Who<GreekSeq>16</GreekSeq></word><word seq="14">do</word><word seq="15">people<GreekSeq>19</GreekSeq></word><word seq="16">say<GreekSeq>17</GreekSeq></word><word seq="17">that</word><word seq="18">the<GreekSeq>21</GreekSeq></word><word seq="19">Son<GreekSeq>22</GreekSeq></word><word seq="20">of Man<GreekSeq>24</GreekSeq></word><word seq="21">is?”<GreekSeq>20</GreekSeq></word></ESV></verse>
<verse number="14"><ESV><word seq="1">And<GreekSeq>2</GreekSeq></word><word seq="2">they<GreekSeq>1</GreekSeq></word><word seq="3">said,<GreekSeq>3</GreekSeq></word><word seq="4">“Some<GreekSeq>4</GreekSeq></word><word seq="5">say</word><word seq="6">John<GreekSeq>6</GreekSeq></word><word seq="7">the<GreekSeq>7</GreekSeq></word><word seq="8">Baptist,<GreekSeq>8</GreekSeq></word><word seq="9">others<GreekSeq>9</GreekSeq></word><word seq="10">say</word><word seq="11">Elijah,<GreekSeq>11</GreekSeq></word><word seq="12">and<GreekSeq>13</GreekSeq></word><word seq="13">others<GreekSeq>12</GreekSeq></word><word seq="14">Jeremiah<GreekSeq>14</GreekSeq></word><word seq="15">or<GreekSeq>15</GreekSeq></word><word seq="16">one<GreekSeq>16</GreekSeq></word><word seq="17">of the<GreekSeq>17</GreekSeq></word><word seq="18">prophets.”<GreekSeq>18</GreekSeq></word></ESV></verse>
<verse number="15"><ESV><word seq="1">He said<GreekSeq>1</GreekSeq></word><word seq="2">to them,<GreekSeq>2</GreekSeq></word><word seq="3">“But<GreekSeq>4</GreekSeq></word><word seq="4">who<GreekSeq>5</GreekSeq></word><word seq="5">do</word><word seq="6">you<GreekSeq>3</GreekSeq></word><word seq="7">say<GreekSeq>7</GreekSeq></word><word seq="8">that</word><word seq="9">I<GreekSeq>6</GreekSeq></word><word seq="10">am?”<GreekSeq>8</GreekSeq></word></ESV></verse>
<verse number="16"><ESV><word seq="1">Simon<GreekSeq>3</GreekSeq></word><word seq="2">Peter<GreekSeq>4</GreekSeq></word><word seq="3">replied,<GreekSeq>1</GreekSeq></word><word seq="4">“You<GreekSeq>6</GreekSeq></word><word seq="5">are<GreekSeq>7</GreekSeq></word><word seq="6">the<GreekSeq>8</GreekSeq></word><word seq="7">Christ,<GreekSeq>9</GreekSeq></word><word seq="8">the<GreekSeq>10</GreekSeq></word><word seq="9">Son<GreekSeq>11</GreekSeq></word><word seq="10">of the<GreekSeq>12</GreekSeq></word><word seq="11">living<GreekSeq>15</GreekSeq></word><word seq="12">God.”<GreekSeq>13</GreekSeq></word></ESV></verse>
<verse number="17"><ESV><word seq="1">And<GreekSeq>2</GreekSeq></word><word seq="2">Jesus<GreekSeq>4</GreekSeq></word><word seq="3">answered<GreekSeq>1</GreekSeq></word><word seq="4">him,<GreekSeq>6</GreekSeq></word><word seq="5">“Blessed<GreekSeq>7</GreekSeq></word><word seq="6">are you,<GreekSeq>8</GreekSeq></word><word seq="7">Simon<GreekSeq>9</GreekSeq></word><word seq="8">Bar-Jonah!<GreekSeq>10</GreekSeq></word><word seq="9">For<GreekSeq>11</GreekSeq></word><word seq="10">flesh<GreekSeq>12</GreekSeq></word><word seq="11">and<GreekSeq>13</GreekSeq></word><word seq="12">blood<GreekSeq>14</GreekSeq></word><word seq="13">has<GreekSeq>16</GreekSeq></word><word seq="14">not<GreekSeq>15</GreekSeq></word><word seq="15">revealed<GreekSeq>16</GreekSeq></word><word seq="16">this</word><word seq="17">to you,<GreekSeq>17</GreekSeq></word><word seq="18">but<GreekSeq>18</GreekSeq></word><word seq="19">my<GreekSeq>21</GreekSeq></word><word seq="20">Father<GreekSeq>20</GreekSeq></word><word seq="21">who<GreekSeq>22</GreekSeq></word><word seq="22">is</word><word seq="23">in<GreekSeq>23</GreekSeq></word><word seq="24">heaven.<GreekSeq>25</GreekSeq></word></ESV></verse>
<verse number="18"><ESV><word seq="1">And I<GreekSeq>1</GreekSeq></word><word seq="2">tell<GreekSeq>4</GreekSeq></word><word seq="3">you,<GreekSeq>3</GreekSeq></word><word seq="4">you<GreekSeq>6</GreekSeq></word><word seq="5">are<GreekSeq>7</GreekSeq></word><word seq="6">Peter,<GreekSeq>8</GreekSeq></word><word seq="7">and<GreekSeq>9</GreekSeq></word><word seq="8">on<GreekSeq>10</GreekSeq></word><word seq="9">this<GreekSeq>11</GreekSeq></word><word seq="10">rock<GreekSeq>13</GreekSeq></word><word seq="11">I will build<GreekSeq>14</GreekSeq></word><word seq="12">my<GreekSeq>15</GreekSeq></word><word seq="13">church,<GreekSeq>17</GreekSeq></word><word seq="14">and<GreekSeq>18</GreekSeq></word><word seq="15">the gates<GreekSeq>19</GreekSeq></word><word seq="16">of hell<GreekSeq>20</GreekSeq></word><word seq="17">shall<GreekSeq>22</GreekSeq></word><word seq="18">not<GreekSeq>21</GreekSeq></word><word seq="19">prevail against<GreekSeq>22</GreekSeq></word><word seq="20">it.<GreekSeq>23</GreekSeq></word></ESV></verse>
<verse number="19"><ESV><word seq="1">I will give<GreekSeq>1</GreekSeq></word><word seq="2">you<GreekSeq>2</GreekSeq></word><word seq="3">the<GreekSeq>3</GreekSeq></word><word seq="4">keys<GreekSeq>4</GreekSeq></word><word seq="5">of the<GreekSeq>5</GreekSeq></word><word seq="6">kingdom<GreekSeq>6</GreekSeq></word><word seq="7">of heaven,<GreekSeq>8</GreekSeq></word><word seq="8">and<GreekSeq>9</GreekSeq></word><word seq="9">whatever<GreekSeq>10</GreekSeq><GreekSeq>11</GreekSeq></word><word seq="10">you bind<GreekSeq>12</GreekSeq></word><word seq="11">on<GreekSeq>13</GreekSeq></word><word seq="12">earth<GreekSeq>15</GreekSeq></word><word seq="13">shall be<GreekSeq>16</GreekSeq></word><word seq="14">bound<GreekSeq>17</GreekSeq></word><word seq="15">in<GreekSeq>18</GreekSeq></word><word seq="16">heaven,<GreekSeq>20</GreekSeq></word><word seq="17">and<GreekSeq>21</GreekSeq></word><word seq="18">whatever<GreekSeq>22</GreekSeq><GreekSeq>23</GreekSeq></word><word seq="19">you loose<GreekSeq>24</GreekSeq></word><word seq="20">on<GreekSeq>25</GreekSeq></word><word seq="21">earth<GreekSeq>27</GreekSeq></word><word seq="22">shall be<GreekSeq>28</GreekSeq></word><word seq="23">loosed<GreekSeq>29</GreekSeq></word><word seq="24">in<GreekSeq>30</GreekSeq></word><word seq="25">heaven.”<GreekSeq>32</GreekSeq></word></ESV></verse>
<verse number="20"><ESV><word seq="1">Then<GreekSeq>1</GreekSeq></word><word seq="2">he strictly charged<GreekSeq>2</GreekSeq></word><word seq="3">the<GreekSeq>3</GreekSeq></word><word seq="4">disciples<GreekSeq>4</GreekSeq></word><word seq="5">to tell<GreekSeq>5</GreekSeq><GreekSeq>7</GreekSeq></word><word seq="6">no one<GreekSeq>6</GreekSeq></word><word seq="7">that<GreekSeq>8</GreekSeq></word><word seq="8">he<GreekSeq>9</GreekSeq></word><word seq="9">was<GreekSeq>10</GreekSeq></word><word seq="10">the<GreekSeq>11</GreekSeq></word><word seq="11">Christ.<GreekSeq>12</GreekSeq></word></ESV></verse>
<verse number="21"><ESV><word seq="1">From<GreekSeq>1</GreekSeq></word><word seq="2">that time<GreekSeq>2</GreekSeq></word><word seq="3">Jesus<GreekSeq>5</GreekSeq></word><word seq="4">began<GreekSeq>3</GreekSeq></word><word seq="5">to show<GreekSeq>6</GreekSeq></word><word seq="6">his<GreekSeq>9</GreekSeq></word><word seq="7">disciples<GreekSeq>8</GreekSeq></word><word seq="8">that<GreekSeq>10</GreekSeq></word><word seq="9">he<GreekSeq>12</GreekSeq></word><word seq="10">must<GreekSeq>11</GreekSeq></word><word seq="11">go<GreekSeq>15</GreekSeq></word><word seq="12">to<GreekSeq>13</GreekSeq></word><word seq="13">Jerusalem<GreekSeq>14</GreekSeq></word><word seq="14">and<GreekSeq>16</GreekSeq></word><word seq="15">suffer<GreekSeq>18</GreekSeq></word><word seq="16">many things<GreekSeq>17</GreekSeq></word><word seq="17">from<GreekSeq>19</GreekSeq></word><word seq="18">the<GreekSeq>20</GreekSeq></word><word seq="19">elders<GreekSeq>21</GreekSeq></word><word seq="20">and<GreekSeq>22</GreekSeq></word><word seq="21">chief priests<GreekSeq>23</GreekSeq></word><word seq="22">and<GreekSeq>24</GreekSeq></word><word seq="23">scribes,<GreekSeq>25</GreekSeq></word><word seq="24">and<GreekSeq>26</GreekSeq></word><word seq="25">be killed,<GreekSeq>27</GreekSeq></word><word seq="26">and<GreekSeq>28</GreekSeq></word><word seq="27">on the<GreekSeq>29</GreekSeq></word><word seq="28">third<GreekSeq>30</GreekSeq></word><word seq="29">day<GreekSeq>31</GreekSeq></word><word seq="30">be raised.<GreekSeq>32</GreekSeq></word></ESV></verse>
<verse number="22"><ESV><word seq="1">And<GreekSeq>1</GreekSeq></word><word seq="2">Peter<GreekSeq>5</GreekSeq></word><word seq="3">took<GreekSeq>2</GreekSeq></word><word seq="4">him<GreekSeq>3</GreekSeq></word><word seq="5">aside<GreekSeq>2</GreekSeq></word><word seq="6">and</word><word seq="7">began<GreekSeq>6</GreekSeq></word><word seq="8">to rebuke<GreekSeq>7</GreekSeq></word><word seq="9">him,<GreekSeq>8</GreekSeq></word><word seq="10">saying,<GreekSeq>9</GreekSeq></word><word seq="11">“Far be it<GreekSeq>10</GreekSeq></word><word seq="12">from you,<GreekSeq>11</GreekSeq></word><word seq="13">Lord!<GreekSeq>12</GreekSeq></word><word seq="14">This<GreekSeq>17</GreekSeq></word><word seq="15">shall<GreekSeq>15</GreekSeq></word><word seq="16" note="οὐ μή Strong Code (3364) ">never<GreekSeq>13</GreekSeq><GreekSeq>14</GreekSeq></word><word seq="17">happen<GreekSeq>15</GreekSeq></word><word seq="18">to you.”<GreekSeq>16</GreekSeq></word></ESV></verse>
<verse number="23"><ESV><word seq="1">But<GreekSeq>2</GreekSeq></word><word seq="2">he<GreekSeq>1</GreekSeq></word><word seq="3">turned<GreekSeq>3</GreekSeq></word><word seq="4">and</word><word seq="5">said<GreekSeq>4</GreekSeq></word><word seq="6">to Peter,<GreekSeq>6</GreekSeq></word><word seq="7">“Get<GreekSeq>7</GreekSeq></word><word seq="8">behind<GreekSeq>8</GreekSeq></word><word seq="9">me,<GreekSeq>9</GreekSeq></word><word seq="10">Satan!<GreekSeq>10</GreekSeq></word><word seq="11">You are<GreekSeq>12</GreekSeq></word><word seq="12">a hindrance<GreekSeq>11</GreekSeq></word><word seq="13">to me.<GreekSeq>13</GreekSeq></word><word seq="14">For<GreekSeq>14</GreekSeq></word><word seq="15">you are<GreekSeq>16</GreekSeq></word><word seq="16">not<GreekSeq>15</GreekSeq></word><word seq="17">setting your mind<GreekSeq>16</GreekSeq></word><word seq="18">on the things<GreekSeq>17</GreekSeq></word><word seq="19">of God,<GreekSeq>19</GreekSeq></word><word seq="20">but<GreekSeq>20</GreekSeq></word><word seq="21">on the things<GreekSeq>21</GreekSeq></word><word seq="22">of man.”<GreekSeq>23</GreekSeq></word></ESV></verse>
<verse number="24"><ESV><word seq="1">Then<GreekSeq>1</GreekSeq></word><word seq="2">Jesus<GreekSeq>3</GreekSeq></word><word seq="3">told<GreekSeq>4</GreekSeq></word><word seq="4">his<GreekSeq>7</GreekSeq></word><word seq="5">disciples,<GreekSeq>6</GreekSeq></word><word seq="6">“If<GreekSeq>8</GreekSeq></word><word seq="7">anyone<GreekSeq>9</GreekSeq></word><word seq="8">would<GreekSeq>10</GreekSeq></word><word seq="9">come<GreekSeq>13</GreekSeq></word><word seq="10">after<GreekSeq>11</GreekSeq></word><word seq="11">me,<GreekSeq>12</GreekSeq></word><word seq="12">let him deny<GreekSeq>14</GreekSeq></word><word seq="13">himself<GreekSeq>15</GreekSeq></word><word seq="14">and<GreekSeq>16</GreekSeq></word><word seq="15">take up<GreekSeq>17</GreekSeq></word><word seq="16">his<GreekSeq>20</GreekSeq></word><word seq="17">cross<GreekSeq>19</GreekSeq></word><word seq="18">and<GreekSeq>21</GreekSeq></word><word seq="19">follow<GreekSeq>22</GreekSeq></word><word seq="20">me.<GreekSeq>23</GreekSeq></word></ESV></verse>
<verse number="25"><ESV><word seq="1">For<GreekSeq>2</GreekSeq></word><word seq="2">whoever<GreekSeq>1</GreekSeq><GreekSeq>3</GreekSeq></word><word seq="3">would<GreekSeq>4</GreekSeq></word><word seq="4">save<GreekSeq>8</GreekSeq></word><word seq="5">his<GreekSeq>7</GreekSeq></word><word seq="6">life<GreekSeq>6</GreekSeq></word><word seq="7">will lose<GreekSeq>9</GreekSeq></word><word seq="8">it,<GreekSeq>10</GreekSeq></word><word seq="9">but<GreekSeq>12</GreekSeq></word><word seq="10">whoever<GreekSeq>11</GreekSeq><GreekSeq>13</GreekSeq></word><word seq="11">loses<GreekSeq>14</GreekSeq></word><word seq="12">his<GreekSeq>17</GreekSeq></word><word seq="13">life<GreekSeq>16</GreekSeq></word><word seq="14">for<GreekSeq>18</GreekSeq></word><word seq="15">my<GreekSeq>19</GreekSeq></word><word seq="16">sake<GreekSeq>18</GreekSeq></word><word seq="17">will find<GreekSeq>20</GreekSeq></word><word seq="18">it.<GreekSeq>21</GreekSeq></word></ESV></verse>
<verse number="26"><ESV><word seq="1">For<GreekSeq>2</GreekSeq></word><word seq="2">what<GreekSeq>1</GreekSeq></word><word seq="3">will it profit<GreekSeq>3</GreekSeq></word><word seq="4">a man<GreekSeq>4</GreekSeq></word><word seq="5">if<GreekSeq>5</GreekSeq></word><word seq="6">he gains<GreekSeq>9</GreekSeq></word><word seq="7">the<GreekSeq>6</GreekSeq></word><word seq="8">whole<GreekSeq>8</GreekSeq></word><word seq="9">world<GreekSeq>7</GreekSeq></word><word seq="10">and<GreekSeq>11</GreekSeq></word><word seq="11">forfeits<GreekSeq>14</GreekSeq></word><word seq="12">his<GreekSeq>13</GreekSeq></word><word seq="13">soul?<GreekSeq>12</GreekSeq></word><word seq="14">Or<GreekSeq>15</GreekSeq></word><word seq="15">what<GreekSeq>16</GreekSeq></word><word seq="16">shall<GreekSeq>17</GreekSeq></word><word seq="17">a man<GreekSeq>18</GreekSeq></word><word seq="18">give<GreekSeq>17</GreekSeq></word><word seq="19">in return for<GreekSeq>19</GreekSeq></word><word seq="20">his<GreekSeq>22</GreekSeq></word><word seq="21">soul?<GreekSeq>21</GreekSeq></word></ESV></verse>
<verse number="27"><ESV><word seq="1">For<GreekSeq>2</GreekSeq></word><word seq="2">the<GreekSeq>3</GreekSeq></word><word seq="3">Son<GreekSeq>4</GreekSeq></word><word seq="4">of Man<GreekSeq>6</GreekSeq></word><word seq="5">is going<GreekSeq>1</GreekSeq></word><word seq="6">to come<GreekSeq>7</GreekSeq></word><word seq="7">with<GreekSeq>14</GreekSeq></word><word seq="8">his<GreekSeq>13</GreekSeq></word><word seq="9">angels<GreekSeq>16</GreekSeq></word><word seq="10">in<GreekSeq>8</GreekSeq></word><word seq="11">the<GreekSeq>9</GreekSeq></word><word seq="12">glory<GreekSeq>10</GreekSeq></word><word seq="13">of<GreekSeq>12</GreekSeq></word><word seq="14">his<GreekSeq>17</GreekSeq></word><word seq="15">Father,<GreekSeq>12</GreekSeq></word><word seq="16">and<GreekSeq>18</GreekSeq></word><word seq="17">then<GreekSeq>19</GreekSeq></word><word seq="18">he will repay<GreekSeq>20</GreekSeq></word><word seq="19">each person<GreekSeq>21</GreekSeq></word><word seq="20">according to<GreekSeq>22</GreekSeq></word><word seq="21">what he has done.<GreekSeq>24</GreekSeq><GreekSeq>25</GreekSeq></word></ESV></verse>
<verse number="28"><ESV><word seq="1">Truly,<GreekSeq>1</GreekSeq></word><word seq="2">I say<GreekSeq>2</GreekSeq></word><word seq="3">to you,<GreekSeq>3</GreekSeq></word><word seq="4">there are<GreekSeq>5</GreekSeq></word><word seq="5">some<GreekSeq>6</GreekSeq></word><word seq="6">standing<GreekSeq>9</GreekSeq></word><word seq="7">here<GreekSeq>8</GreekSeq></word><word seq="8">who<GreekSeq>10</GreekSeq></word><word seq="9">will<GreekSeq>13</GreekSeq></word><word seq="10" note="οὐ μή Strong Code (3364) ">not<GreekSeq>11</GreekSeq><GreekSeq>12</GreekSeq></word><word seq="11">taste<GreekSeq>13</GreekSeq></word><word seq="12">death<GreekSeq>14</GreekSeq></word><word seq="13">until<GreekSeq>15</GreekSeq></word><word seq="14">they see<GreekSeq>17</GreekSeq></word><word seq="15">the<GreekSeq>18</GreekSeq></word><word seq="16">Son<GreekSeq>19</GreekSeq></word><word seq="17">of Man<GreekSeq>21</GreekSeq></word><word seq="18">coming<GreekSeq>22</GreekSeq></word><word seq="19">in<GreekSeq>23</GreekSeq></word><word seq="20">his<GreekSeq>26</GreekSeq></word><word seq="21">kingdom.”<GreekSeq>25</GreekSeq></word></ESV></verse></chapter></book>