<?xml version="1.0" encoding="UTF-8" standalone="no"?><book><chapter number="4">'<verse number="1"><ESV><word seq="1">Therefore,<GreekSeq>1</GreekSeq></word><word seq="2">my<GreekSeq>3</GreekSeq></word><word seq="3">brothers,<GreekSeq>2</GreekSeq></word><word seq="4">whom I</word><word seq="5">love<GreekSeq>4</GreekSeq></word><word seq="6">and<GreekSeq>5</GreekSeq></word><word seq="7">long for,<GreekSeq>6</GreekSeq></word><word seq="8">my<GreekSeq>10</GreekSeq></word><word seq="9">joy<GreekSeq>7</GreekSeq></word><word seq="10">and<GreekSeq>8</GreekSeq></word><word seq="11">crown,<GreekSeq>9</GreekSeq></word><word seq="12">stand firm<GreekSeq>12</GreekSeq></word><word seq="13">thus<GreekSeq>11</GreekSeq></word><word seq="14">in<GreekSeq>13</GreekSeq></word><word seq="15">the Lord,<GreekSeq>14</GreekSeq></word><word seq="16">my</word><word seq="17">beloved.<GreekSeq>15</GreekSeq></word></ESV></verse>
<verse number="2"><ESV><word seq="1">I entreat<GreekSeq>2</GreekSeq></word><word seq="2">Euodia<GreekSeq>1</GreekSeq></word><word seq="3">and<GreekSeq>3</GreekSeq></word><word seq="4">I entreat<GreekSeq>5</GreekSeq></word><word seq="5">Syntyche<GreekSeq>4</GreekSeq></word><word seq="6">to agree<GreekSeq>7</GreekSeq><GreekSeq>8</GreekSeq></word><word seq="7">in<GreekSeq>9</GreekSeq></word><word seq="8">the Lord.<GreekSeq>10</GreekSeq></word></ESV></verse>
<verse number="3"><ESV><word seq="1">Yes,<GreekSeq>1</GreekSeq></word><word seq="2">I ask<GreekSeq>2</GreekSeq></word><word seq="3">you<GreekSeq>4</GreekSeq></word><word seq="4">also,<GreekSeq>3</GreekSeq></word><word seq="5">true<GreekSeq>5</GreekSeq></word><word seq="6">companion,<GreekSeq>6</GreekSeq></word><word seq="7">help<GreekSeq>7</GreekSeq></word><word seq="8">these women,<GreekSeq>8</GreekSeq></word><word seq="9">who<GreekSeq>9</GreekSeq></word><word seq="10">have labored side by side with<GreekSeq>13</GreekSeq></word><word seq="11">me<GreekSeq>14</GreekSeq></word><word seq="12">in<GreekSeq>10</GreekSeq></word><word seq="13">the<GreekSeq>10</GreekSeq></word><word seq="14">gospel<GreekSeq>12</GreekSeq></word><word seq="15">together<GreekSeq>18</GreekSeq></word><word seq="16">with<GreekSeq>15</GreekSeq></word><word seq="17">Clement<GreekSeq>17</GreekSeq></word><word seq="18">and<GreekSeq>18</GreekSeq></word><word seq="19">the<GreekSeq>19</GreekSeq></word><word seq="20">rest of<GreekSeq>20</GreekSeq></word><word seq="21">my<GreekSeq>22</GreekSeq></word><word seq="22">fellow workers,<GreekSeq>21</GreekSeq></word><word seq="23">whose<GreekSeq>23</GreekSeq></word><word seq="24">names<GreekSeq>25</GreekSeq></word><word seq="25">are</word><word seq="26">in<GreekSeq>26</GreekSeq></word><word seq="27">the book<GreekSeq>27</GreekSeq></word><word seq="28">of life.<GreekSeq>28</GreekSeq></word></ESV></verse>
<verse number="4"><ESV><word seq="1">Rejoice<GreekSeq>1</GreekSeq></word><word seq="2">in<GreekSeq>2</GreekSeq></word><word seq="3">the Lord<GreekSeq>3</GreekSeq></word><word seq="4">always;<GreekSeq>4</GreekSeq></word><word seq="5">again<GreekSeq>5</GreekSeq></word><word seq="6">I will say,<GreekSeq>6</GreekSeq></word><word seq="7">rejoice.<GreekSeq>7</GreekSeq></word></ESV></verse>
<verse number="5"><ESV><word seq="1">Let<GreekSeq>4</GreekSeq></word><word seq="2">your<GreekSeq>3</GreekSeq></word><word seq="3">reasonableness<GreekSeq>2</GreekSeq></word><word seq="4">be known<GreekSeq>4</GreekSeq></word><word seq="5">to everyone.<GreekSeq>5</GreekSeq><GreekSeq>6</GreekSeq></word><word seq="6">The<GreekSeq>7</GreekSeq></word><word seq="7">Lord<GreekSeq>8</GreekSeq></word><word seq="8">is</word><word seq="9">at hand;<GreekSeq>9</GreekSeq></word></ESV></verse>
<verse number="6"><ESV><word seq="1">do</word><word seq="2">not<GreekSeq>1</GreekSeq></word><word seq="3">be anxious about<GreekSeq>2</GreekSeq></word><word seq="4">anything,<GreekSeq>1</GreekSeq></word><word seq="5">but<GreekSeq>3</GreekSeq></word><word seq="6">in<GreekSeq>4</GreekSeq></word><word seq="7">everything<GreekSeq>5</GreekSeq></word><word seq="8">by prayer<GreekSeq>7</GreekSeq></word><word seq="9">and<GreekSeq>8</GreekSeq></word><word seq="10">supplication<GreekSeq>10</GreekSeq></word><word seq="11">with<GreekSeq>11</GreekSeq></word><word seq="12">thanksgiving<GreekSeq>12</GreekSeq></word><word seq="13">let<GreekSeq>16</GreekSeq></word><word seq="14">your<GreekSeq>15</GreekSeq></word><word seq="15">requests<GreekSeq>14</GreekSeq></word><word seq="16">be made known<GreekSeq>16</GreekSeq></word><word seq="17">to<GreekSeq>17</GreekSeq></word><word seq="18">God.<GreekSeq>19</GreekSeq></word></ESV></verse>
<verse number="7"><ESV><word seq="1">And<GreekSeq>1</GreekSeq></word><word seq="2">the<GreekSeq>2</GreekSeq></word><word seq="3">peace<GreekSeq>3</GreekSeq></word><word seq="4">of God,<GreekSeq>5</GreekSeq></word><word seq="5">which surpasses<GreekSeq>7</GreekSeq></word><word seq="6">all<GreekSeq>8</GreekSeq></word><word seq="7">understanding,<GreekSeq>9</GreekSeq></word><word seq="8">will guard<GreekSeq>10</GreekSeq></word><word seq="9">your<GreekSeq>13</GreekSeq></word><word seq="10">hearts<GreekSeq>12</GreekSeq></word><word seq="11">and<GreekSeq>14</GreekSeq></word><word seq="12">your<GreekSeq>17</GreekSeq></word><word seq="13">minds<GreekSeq>16</GreekSeq></word><word seq="14">in<GreekSeq>18</GreekSeq></word><word seq="15">Christ<GreekSeq>19</GreekSeq></word><word seq="16">Jesus.<GreekSeq>20</GreekSeq></word></ESV></verse>
<verse number="8"><ESV><word seq="1">Finally,<GreekSeq>1</GreekSeq><GreekSeq>2</GreekSeq></word><word seq="2">brothers,<GreekSeq>3</GreekSeq></word><word seq="3">whatever<GreekSeq>4</GreekSeq></word><word seq="4">is<GreekSeq>5</GreekSeq></word><word seq="5">true,<GreekSeq>6</GreekSeq></word><word seq="6">whatever<GreekSeq>7</GreekSeq></word><word seq="7">is</word><word seq="8">honorable,<GreekSeq>8</GreekSeq></word><word seq="9">whatever<GreekSeq>9</GreekSeq></word><word seq="10">is</word><word seq="11">just,<GreekSeq>10</GreekSeq></word><word seq="12">whatever<GreekSeq>11</GreekSeq></word><word seq="13">is</word><word seq="14">pure,<GreekSeq>12</GreekSeq></word><word seq="15">whatever<GreekSeq>13</GreekSeq></word><word seq="16">is</word><word seq="17">lovely,<GreekSeq>14</GreekSeq></word><word seq="18">whatever<GreekSeq>15</GreekSeq></word><word seq="19">is</word><word seq="20">commendable,<GreekSeq>16</GreekSeq></word><word seq="21">if<GreekSeq>17</GreekSeq></word><word seq="22">there is</word><word seq="23">any<GreekSeq>18</GreekSeq></word><word seq="24">excellence,<GreekSeq>19</GreekSeq></word><word seq="25">if<GreekSeq>21</GreekSeq></word><word seq="26">there is</word><word seq="27">anything<GreekSeq>22</GreekSeq></word><word seq="28">worthy of</word><word seq="29">praise,<GreekSeq>23</GreekSeq></word><word seq="30">think about<GreekSeq>25</GreekSeq></word><word seq="31">these things.<GreekSeq>24</GreekSeq></word></ESV></verse>
<verse number="9"><ESV><word seq="1">What<GreekSeq>1</GreekSeq></word><word seq="2">you have learned<GreekSeq>3</GreekSeq></word><word seq="3">and<GreekSeq>4</GreekSeq></word><word seq="4">received<GreekSeq>5</GreekSeq></word><word seq="5">and<GreekSeq>6</GreekSeq></word><word seq="6">heard<GreekSeq>7</GreekSeq></word><word seq="7">and<GreekSeq>8</GreekSeq></word><word seq="8">seen<GreekSeq>9</GreekSeq></word><word seq="9">in<GreekSeq>10</GreekSeq></word><word seq="10">me<GreekSeq>11</GreekSeq></word><word seq="11">— practice<GreekSeq>13</GreekSeq></word><word seq="12">these things,<GreekSeq>12</GreekSeq></word><word seq="13">and<GreekSeq>14</GreekSeq></word><word seq="14">the<GreekSeq>15</GreekSeq></word><word seq="15">God<GreekSeq>16</GreekSeq></word><word seq="16">of peace<GreekSeq>18</GreekSeq></word><word seq="17">will be<GreekSeq>19</GreekSeq></word><word seq="18">with<GreekSeq>20</GreekSeq></word><word seq="19">you.<GreekSeq>21</GreekSeq></word></ESV></verse>
<verse number="10"><ESV><word seq="1">I rejoiced<GreekSeq>1</GreekSeq></word><word seq="2">in<GreekSeq>3</GreekSeq></word><word seq="3">the Lord<GreekSeq>4</GreekSeq></word><word seq="4">greatly<GreekSeq>5</GreekSeq></word><word seq="5">that<GreekSeq>6</GreekSeq></word><word seq="6">now<GreekSeq>7</GreekSeq></word><word seq="7">at length<GreekSeq>8</GreekSeq></word><word seq="8">you have revived<GreekSeq>9</GreekSeq></word><word seq="9">[your] concern<GreekSeq>13</GreekSeq></word><word seq="10">for<GreekSeq>11</GreekSeq></word><word seq="11">me.<GreekSeq>12</GreekSeq></word><word seq="12">You were<GreekSeq>17</GreekSeq></word><word seq="13">indeed<GreekSeq>16</GreekSeq></word><word seq="14">concerned for<GreekSeq>17</GreekSeq></word><word seq="15">me,</word><word seq="16">but<GreekSeq>19</GreekSeq></word><word seq="17">you had no opportunity.<GreekSeq>18</GreekSeq></word></ESV></verse>
<verse number="11"><ESV><word seq="1">Not<GreekSeq>1</GreekSeq></word><word seq="2">that<GreekSeq>2</GreekSeq></word><word seq="3">I am speaking<GreekSeq>5</GreekSeq></word><word seq="4">of<GreekSeq>3</GreekSeq></word><word seq="5">being</word><word seq="6">in need,<GreekSeq>4</GreekSeq></word><word seq="7">for<GreekSeq>7</GreekSeq></word><word seq="8">I<GreekSeq>6</GreekSeq></word><word seq="9">have learned<GreekSeq>8</GreekSeq></word><word seq="10">in<GreekSeq>9</GreekSeq></word><word seq="11">whatever [situation]<GreekSeq>10</GreekSeq></word><word seq="12">I am<GreekSeq>11</GreekSeq></word><word seq="13">to be<GreekSeq>13</GreekSeq></word><word seq="14">content.<GreekSeq>12</GreekSeq></word></ESV></verse>
<verse number="12"><ESV><word seq="1">I know<GreekSeq>1</GreekSeq></word><word seq="2">[how] to be brought low,<GreekSeq>3</GreekSeq></word><word seq="3">and<GreekSeq>5</GreekSeq></word><word seq="4">I know<GreekSeq>4</GreekSeq></word><word seq="5">[how] to abound.<GreekSeq>6</GreekSeq></word><word seq="6">In<GreekSeq>7</GreekSeq></word><word seq="7">any<GreekSeq>8</GreekSeq></word><word seq="8">and<GreekSeq>9</GreekSeq></word><word seq="9">every [circumstance],<GreekSeq>11</GreekSeq></word><word seq="10">I have learned the secret<GreekSeq>12</GreekSeq></word><word seq="11">of facing plenty<GreekSeq>14</GreekSeq></word><word seq="12">and<GreekSeq>15</GreekSeq></word><word seq="13">hunger,<GreekSeq>16</GreekSeq></word><word seq="14">abundance<GreekSeq>18</GreekSeq></word><word seq="15">and<GreekSeq>19</GreekSeq></word><word seq="16">need.<GreekSeq>20</GreekSeq></word></ESV></verse>
<verse number="13"><ESV><word seq="1">I can do<GreekSeq>2</GreekSeq></word><word seq="2">all things<GreekSeq>1</GreekSeq></word><word seq="3">through<GreekSeq>3</GreekSeq></word><word seq="4">him<GreekSeq>4</GreekSeq></word><word seq="5">who strengthens<GreekSeq>5</GreekSeq></word><word seq="6">me.<GreekSeq>6</GreekSeq></word></ESV></verse>
<verse number="14"><ESV><word seq="1">Yet<GreekSeq>1</GreekSeq></word><word seq="2">it was</word><word seq="3">kind<GreekSeq>2</GreekSeq></word><word seq="4">of</word><word seq="5">you to share<GreekSeq>3</GreekSeq><GreekSeq>4</GreekSeq></word><word seq="6">my<GreekSeq>5</GreekSeq></word><word seq="7">trouble.<GreekSeq>7</GreekSeq></word></ESV></verse>
<verse number="15"><ESV><word seq="1">And<GreekSeq>2</GreekSeq></word><word seq="2">you</word><word seq="3">Philippians<GreekSeq>5</GreekSeq></word><word seq="4">yourselves<GreekSeq>4</GreekSeq></word><word seq="5">know<GreekSeq>1</GreekSeq></word><word seq="6">that<GreekSeq>6</GreekSeq></word><word seq="7">in<GreekSeq>7</GreekSeq></word><word seq="8">the beginning<GreekSeq>8</GreekSeq></word><word seq="9">of the<GreekSeq>9</GreekSeq></word><word seq="10">gospel,<GreekSeq>10</GreekSeq></word><word seq="11">when<GreekSeq>11</GreekSeq></word><word seq="12">I left<GreekSeq>12</GreekSeq></word><word seq="13">Macedonia,<GreekSeq>14</GreekSeq></word><word seq="14">no<GreekSeq>15</GreekSeq></word><word seq="15">church<GreekSeq>17</GreekSeq></word><word seq="16">entered into partnership with<GreekSeq>18</GreekSeq></word><word seq="17">me<GreekSeq>16</GreekSeq></word><word seq="18">in<GreekSeq>19</GreekSeq></word><word seq="19">giving<GreekSeq>21</GreekSeq></word><word seq="20">and<GreekSeq>22</GreekSeq></word><word seq="21">receiving,<GreekSeq>23</GreekSeq></word><word seq="22" note="εἰ μή Strong Code (1508)">except<GreekSeq>24</GreekSeq><GreekSeq>25</GreekSeq></word><word seq="23">you<GreekSeq>26</GreekSeq></word><word seq="24">only.<GreekSeq>27</GreekSeq></word></ESV></verse>
<verse number="16"><ESV><word seq="1">Even<GreekSeq>2</GreekSeq></word><word seq="2">in<GreekSeq>3</GreekSeq></word><word seq="3">Thessalonica<GreekSeq>4</GreekSeq></word><word seq="4">you sent<GreekSeq>13</GreekSeq></word><word seq="5">me<GreekSeq>12</GreekSeq></word><word seq="6">help</word><word seq="7">for<GreekSeq>9</GreekSeq></word><word seq="8">[my] needs<GreekSeq>11</GreekSeq></word><word seq="9">once<GreekSeq>6</GreekSeq></word><word seq="10">and<GreekSeq>5</GreekSeq></word><word seq="11">again.<GreekSeq>8</GreekSeq></word></ESV></verse>
<verse number="17"><ESV><word seq="1">Not<GreekSeq>1</GreekSeq></word><word seq="2">that<GreekSeq>2</GreekSeq></word><word seq="3">I seek<GreekSeq>3</GreekSeq></word><word seq="4">the<GreekSeq>4</GreekSeq></word><word seq="5">gift,<GreekSeq>5</GreekSeq></word><word seq="6">but<GreekSeq>6</GreekSeq></word><word seq="7">I seek<GreekSeq>7</GreekSeq></word><word seq="8">the<GreekSeq>8</GreekSeq></word><word seq="9">fruit<GreekSeq>9</GreekSeq></word><word seq="10">that increases<GreekSeq>11</GreekSeq></word><word seq="11">to<GreekSeq>12</GreekSeq></word><word seq="12">your<GreekSeq>14</GreekSeq></word><word seq="13">credit.<GreekSeq>13</GreekSeq></word></ESV></verse>
<verse number="18"><ESV><word seq="1">I have received<GreekSeq>1</GreekSeq></word><word seq="2">full [payment],<GreekSeq>3</GreekSeq></word><word seq="3">and<GreekSeq>4</GreekSeq></word><word seq="4">more.<GreekSeq>5</GreekSeq></word><word seq="5">I am well supplied,<GreekSeq>6</GreekSeq></word><word seq="6">having received<GreekSeq>7</GreekSeq></word><word seq="7">from<GreekSeq>8</GreekSeq></word><word seq="8">Epaphroditus<GreekSeq>9</GreekSeq></word><word seq="9">the gifts you sent,<GreekSeq>10</GreekSeq><GreekSeq>11</GreekSeq><GreekSeq>12</GreekSeq></word><word seq="10">a fragrant<GreekSeq>14</GreekSeq></word><word seq="11">[offering],<GreekSeq>13</GreekSeq></word><word seq="12">a sacrifice<GreekSeq>15</GreekSeq></word><word seq="13">acceptable<GreekSeq>16</GreekSeq></word><word seq="14">and</word><word seq="15">pleasing<GreekSeq>17</GreekSeq></word><word seq="16">to God.<GreekSeq>19</GreekSeq></word></ESV></verse>
<verse number="19"><ESV><word seq="1">And<GreekSeq>2</GreekSeq></word><word seq="2">my<GreekSeq>4</GreekSeq></word><word seq="3">God<GreekSeq>3</GreekSeq></word><word seq="4">will supply<GreekSeq>5</GreekSeq></word><word seq="5">every<GreekSeq>6</GreekSeq></word><word seq="6">need<GreekSeq>7</GreekSeq></word><word seq="7">of yours<GreekSeq>8</GreekSeq></word><word seq="8">according to<GreekSeq>9</GreekSeq></word><word seq="9">his<GreekSeq>12</GreekSeq></word><word seq="10">riches<GreekSeq>11</GreekSeq></word><word seq="11">in<GreekSeq>13</GreekSeq></word><word seq="12">glory<GreekSeq>14</GreekSeq></word><word seq="13">in<GreekSeq>15</GreekSeq></word><word seq="14">Christ<GreekSeq>16</GreekSeq></word><word seq="15">Jesus.<GreekSeq>17</GreekSeq></word></ESV></verse>
<verse number="20"><ESV><word seq="1">To<GreekSeq>3</GreekSeq></word><word seq="2">our<GreekSeq>6</GreekSeq></word><word seq="3">God<GreekSeq>3</GreekSeq></word><word seq="4">and<GreekSeq>4</GreekSeq></word><word seq="5">Father<GreekSeq>5</GreekSeq></word><word seq="6">be</word><word seq="7">glory<GreekSeq>8</GreekSeq></word><word seq="8">forever<GreekSeq>9</GreekSeq><GreekSeq>11</GreekSeq></word><word seq="9">and</word><word seq="10">ever.<GreekSeq>13</GreekSeq></word><word seq="11">Amen.<GreekSeq>14</GreekSeq></word></ESV></verse>
<verse number="21"><ESV><word seq="1">Greet<GreekSeq>1</GreekSeq></word><word seq="2">every<GreekSeq>2</GreekSeq></word><word seq="3">saint<GreekSeq>3</GreekSeq></word><word seq="4">in<GreekSeq>4</GreekSeq></word><word seq="5">Christ<GreekSeq>5</GreekSeq></word><word seq="6">Jesus.<GreekSeq>6</GreekSeq></word><word seq="7">The<GreekSeq>9</GreekSeq></word><word seq="8">brothers<GreekSeq>12</GreekSeq></word><word seq="9">who are</word><word seq="10">with<GreekSeq>10</GreekSeq></word><word seq="11">me<GreekSeq>11</GreekSeq></word><word seq="12">greet<GreekSeq>7</GreekSeq></word><word seq="13">you.<GreekSeq>8</GreekSeq></word></ESV></verse>
<verse number="22"><ESV><word seq="1">All<GreekSeq>3</GreekSeq></word><word seq="2">the<GreekSeq>4</GreekSeq></word><word seq="3">saints<GreekSeq>5</GreekSeq></word><word seq="4">greet<GreekSeq>1</GreekSeq></word><word seq="5">you,<GreekSeq>2</GreekSeq></word><word seq="6">especially<GreekSeq>6</GreekSeq></word><word seq="7">those<GreekSeq>8</GreekSeq></word><word seq="8">of<GreekSeq>9</GreekSeq></word><word seq="9">Caesar’s<GreekSeq>11</GreekSeq></word><word seq="10">household.<GreekSeq>12</GreekSeq></word></ESV></verse>
<verse number="23"><ESV><word seq="1">The<GreekSeq>1</GreekSeq></word><word seq="2">grace<GreekSeq>2</GreekSeq></word><word seq="3">of the<GreekSeq>3</GreekSeq></word><word seq="4">Lord<GreekSeq>4</GreekSeq></word><word seq="5">Jesus<GreekSeq>5</GreekSeq></word><word seq="6">Christ<GreekSeq>6</GreekSeq></word><word seq="7">be</word><word seq="8">with<GreekSeq>7</GreekSeq></word><word seq="9">your<GreekSeq>10</GreekSeq></word><word seq="10">spirit.<GreekSeq>9</GreekSeq></word></ESV></verse></chapter></book>