<?xml version="1.0" encoding="UTF-8" standalone="no"?><book><chapter number="2">'<verse number="1"><ESV><word seq="1">So<GreekSeq>3</GreekSeq></word><word seq="2">if<GreekSeq>1</GreekSeq></word><word seq="3">there is</word><word seq="4">any<GreekSeq>2</GreekSeq></word><word seq="5">encouragement<GreekSeq>4</GreekSeq></word><word seq="6">in<GreekSeq>5</GreekSeq></word><word seq="7">Christ,<GreekSeq>6</GreekSeq></word><word seq="8">any<GreekSeq>8</GreekSeq></word><word seq="9">comfort<GreekSeq>9</GreekSeq></word><word seq="10">[from] love,<GreekSeq>10</GreekSeq></word><word seq="11">any<GreekSeq>12</GreekSeq></word><word seq="12">participation<GreekSeq>13</GreekSeq></word><word seq="13">in the Spirit,<GreekSeq>14</GreekSeq></word><word seq="14">any<GreekSeq>16</GreekSeq></word><word seq="15">affection<GreekSeq>17</GreekSeq></word><word seq="16">and<GreekSeq>18</GreekSeq></word><word seq="17">sympathy,<GreekSeq>19</GreekSeq></word></ESV></verse>
<verse number="2"><ESV><word seq="1">complete<GreekSeq>1</GreekSeq></word><word seq="2">my<GreekSeq>2</GreekSeq></word><word seq="3">joy<GreekSeq>4</GreekSeq></word><word seq="4">by being<GreekSeq>5</GreekSeq></word><word seq="5">of the<GreekSeq>6</GreekSeq></word><word seq="6">same<GreekSeq>7</GreekSeq></word><word seq="7">mind,<GreekSeq>8</GreekSeq></word><word seq="8">having<GreekSeq>12</GreekSeq></word><word seq="9">the<GreekSeq>9</GreekSeq></word><word seq="10">same<GreekSeq>10</GreekSeq></word><word seq="11">love,<GreekSeq>11</GreekSeq></word><word seq="12">being</word><word seq="13">in full accord<GreekSeq>13</GreekSeq></word><word seq="14">and</word><word seq="15">of one<GreekSeq>15</GreekSeq></word><word seq="16">mind.<GreekSeq>16</GreekSeq></word></ESV></verse>
<verse number="3"><ESV><word seq="1">Do</word><word seq="2">nothing<GreekSeq>1</GreekSeq></word><word seq="3">from<GreekSeq>2</GreekSeq></word><word seq="4">selfish ambition<GreekSeq>3</GreekSeq></word><word seq="5" note="Base of different Greek: ἢ(2228)">or<GreekSeq>4</GreekSeq></word><word seq="6">conceit,<GreekSeq>6</GreekSeq></word><word seq="7">but<GreekSeq>7</GreekSeq></word><word seq="8">in humility<GreekSeq>9</GreekSeq></word><word seq="9">count<GreekSeq>11</GreekSeq></word><word seq="10">others<GreekSeq>10</GreekSeq></word><word seq="11">more significant than<GreekSeq>12</GreekSeq></word><word seq="12">yourselves.<GreekSeq>13</GreekSeq></word></ESV></verse>
<verse number="4"><ESV><word seq="1">Let</word><word seq="2">each<GreekSeq>4</GreekSeq></word><word seq="3">of you</word><word seq="4">look<GreekSeq>5</GreekSeq></word><word seq="5">not<GreekSeq>1</GreekSeq></word><word seq="6">only to</word><word seq="7">his own<GreekSeq>3</GreekSeq></word><word seq="8">[interests],<GreekSeq>2</GreekSeq></word><word seq="9">but<GreekSeq>6</GreekSeq></word><word seq="10">also<GreekSeq>7</GreekSeq></word><word seq="11">to the [interests]<GreekSeq>8</GreekSeq></word><word seq="12">of others.<GreekSeq>9</GreekSeq></word></ESV></verse>
<verse number="5"><ESV><word seq="1">Have<GreekSeq>2</GreekSeq></word><word seq="2">this<GreekSeq>1</GreekSeq></word><word seq="3">mind<GreekSeq>2</GreekSeq></word><word seq="4">among<GreekSeq>3</GreekSeq></word><word seq="5">yourselves,<GreekSeq>4</GreekSeq></word><word seq="6">which<GreekSeq>5</GreekSeq></word><word seq="7">is yours</word><word seq="8">in<GreekSeq>7</GreekSeq></word><word seq="9">Christ<GreekSeq>8</GreekSeq></word><word seq="10">Jesus,<GreekSeq>9</GreekSeq></word></ESV></verse>
<verse number="6"><ESV><word seq="1">who,<GreekSeq>1</GreekSeq></word><word seq="2">though he</word><word seq="3">was<GreekSeq>5</GreekSeq></word><word seq="4">in<GreekSeq>2</GreekSeq></word><word seq="5">the form<GreekSeq>3</GreekSeq></word><word seq="6">of God,<GreekSeq>4</GreekSeq></word><word seq="7">did</word><word seq="8">not<GreekSeq>6</GreekSeq></word><word seq="9">count<GreekSeq>8</GreekSeq></word><word seq="10">equality<GreekSeq>11</GreekSeq></word><word seq="11">with God<GreekSeq>12</GreekSeq></word><word seq="12">a thing<GreekSeq>9</GreekSeq></word><word seq="13">to be<GreekSeq>10</GreekSeq></word><word seq="14">grasped,<GreekSeq>7</GreekSeq></word></ESV></verse>
<verse number="7"><ESV><word seq="1">but<GreekSeq>1</GreekSeq></word><word seq="2">emptied<GreekSeq>3</GreekSeq></word><word seq="3">himself,<GreekSeq>2</GreekSeq></word><word seq="4">by taking<GreekSeq>6</GreekSeq></word><word seq="5">the form<GreekSeq>4</GreekSeq></word><word seq="6">of a servant,<GreekSeq>5</GreekSeq></word><word seq="7">being born<GreekSeq>10</GreekSeq></word><word seq="8">in<GreekSeq>7</GreekSeq></word><word seq="9">the likeness<GreekSeq>8</GreekSeq></word><word seq="10">of men.<GreekSeq>9</GreekSeq></word><word seq="11" note="from next verse">And<GreekSeq>11</GreekSeq></word><word seq="12" note="from next verse">being found<GreekSeq>13</GreekSeq></word><word seq="13" note="from next verse">in<GreekSeq>12</GreekSeq></word><word seq="14" note="from next verse">human<GreekSeq>15</GreekSeq></word><word seq="15" note="from next verse">form,<GreekSeq>12</GreekSeq></word></ESV></verse>
<verse number="8"><ESV><word seq="1" note="see previous verse">And being found in human form,</word><word seq="2">he humbled<GreekSeq>1</GreekSeq></word><word seq="3">himself<GreekSeq>2</GreekSeq></word><word seq="4">by becoming<GreekSeq>3</GreekSeq></word><word seq="5">obedient<GreekSeq>4</GreekSeq></word><word seq="6">to the point of<GreekSeq>5</GreekSeq></word><word seq="7">death,<GreekSeq>6</GreekSeq></word><word seq="8">even<GreekSeq>8</GreekSeq></word><word seq="9">death<GreekSeq>7</GreekSeq></word><word seq="10">[on] a cross.<GreekSeq>9</GreekSeq></word></ESV></verse>
<verse number="9"><ESV><word seq="1">Therefore<GreekSeq>1</GreekSeq></word><word seq="2">God<GreekSeq>4</GreekSeq></word><word seq="3">has highly exalted<GreekSeq>6</GreekSeq></word><word seq="4">him<GreekSeq>5</GreekSeq></word><word seq="5">and<GreekSeq>7</GreekSeq></word><word seq="6">bestowed on<GreekSeq>8</GreekSeq></word><word seq="7">him<GreekSeq>9</GreekSeq></word><word seq="8">the<GreekSeq>10</GreekSeq></word><word seq="9">name<GreekSeq>11</GreekSeq></word><word seq="10">that<GreekSeq>12</GreekSeq></word><word seq="11">is</word><word seq="12">above<GreekSeq>13</GreekSeq></word><word seq="13">every<GreekSeq>14</GreekSeq></word><word seq="14">name,<GreekSeq>15</GreekSeq></word></ESV></verse>
<verse number="10"><ESV><word seq="1">so that<GreekSeq>1</GreekSeq></word><word seq="2">at<GreekSeq>2</GreekSeq></word><word seq="3">the<GreekSeq>3</GreekSeq></word><word seq="4">name<GreekSeq>4</GreekSeq></word><word seq="5">of Jesus<GreekSeq>5</GreekSeq></word><word seq="6">every<GreekSeq>6</GreekSeq></word><word seq="7">knee<GreekSeq>7</GreekSeq></word><word seq="8">should bow,<GreekSeq>8</GreekSeq></word><word seq="9">in heaven<GreekSeq>9</GreekSeq></word><word seq="10">and<GreekSeq>10</GreekSeq></word><word seq="11">on earth<GreekSeq>11</GreekSeq></word><word seq="12">and<GreekSeq>12</GreekSeq></word><word seq="13">under the earth,<GreekSeq>13</GreekSeq></word></ESV></verse>
<verse number="11"><ESV><word seq="1">and<GreekSeq>1</GreekSeq></word><word seq="2">every<GreekSeq>2</GreekSeq></word><word seq="3">tongue<GreekSeq>3</GreekSeq></word><word seq="4">confess<GreekSeq>4</GreekSeq></word><word seq="5">that<GreekSeq>5</GreekSeq></word><word seq="6">Jesus<GreekSeq>7</GreekSeq></word><word seq="7">Christ<GreekSeq>8</GreekSeq></word><word seq="8">is</word><word seq="9">Lord,<GreekSeq>6</GreekSeq></word><word seq="10">to<GreekSeq>9</GreekSeq></word><word seq="11">the glory<GreekSeq>10</GreekSeq></word><word seq="12">of God<GreekSeq>11</GreekSeq></word><word seq="13">the Father.<GreekSeq>12</GreekSeq></word></ESV></verse>
<verse number="12"><ESV><word seq="1">Therefore,<GreekSeq>1</GreekSeq></word><word seq="2">my<GreekSeq>3</GreekSeq></word><word seq="3">beloved,<GreekSeq>2</GreekSeq></word><word seq="4">as<GreekSeq>4</GreekSeq></word><word seq="5">you have<GreekSeq>6</GreekSeq></word><word seq="6">always<GreekSeq>5</GreekSeq></word><word seq="7">obeyed,<GreekSeq>6</GreekSeq></word><word seq="8">so</word><word seq="9">now,<GreekSeq>15</GreekSeq></word><word seq="10">not<GreekSeq>7</GreekSeq></word><word seq="11">only<GreekSeq>13</GreekSeq></word><word seq="12">as<GreekSeq>8</GreekSeq></word><word seq="13">in<GreekSeq>9</GreekSeq></word><word seq="14">my<GreekSeq>12</GreekSeq></word><word seq="15">presence<GreekSeq>11</GreekSeq></word><word seq="16">but<GreekSeq>14</GreekSeq></word><word seq="17">much<GreekSeq>16</GreekSeq></word><word seq="18">more<GreekSeq>17</GreekSeq></word><word seq="19">in<GreekSeq>18</GreekSeq></word><word seq="20">my<GreekSeq>21</GreekSeq></word><word seq="21">absence,<GreekSeq>20</GreekSeq></word><word seq="22">work out<GreekSeq>29</GreekSeq></word><word seq="23">your own<GreekSeq>27</GreekSeq></word><word seq="24">salvation<GreekSeq>28</GreekSeq></word><word seq="25">with<GreekSeq>22</GreekSeq></word><word seq="26">fear<GreekSeq>23</GreekSeq></word><word seq="27">and<GreekSeq>24</GreekSeq></word><word seq="28">trembling,<GreekSeq>25</GreekSeq></word></ESV></verse>
<verse number="13"><ESV><word seq="1">for<GreekSeq>2</GreekSeq></word><word seq="2">it is<GreekSeq>3</GreekSeq></word><word seq="3">God<GreekSeq>1</GreekSeq></word><word seq="4">who works<GreekSeq>5</GreekSeq></word><word seq="5">in<GreekSeq>6</GreekSeq></word><word seq="6">you,<GreekSeq>7</GreekSeq></word><word seq="7">both<GreekSeq>8</GreekSeq></word><word seq="8">to will<GreekSeq>10</GreekSeq></word><word seq="9">and<GreekSeq>11</GreekSeq></word><word seq="10">to work<GreekSeq>13</GreekSeq></word><word seq="11">for<GreekSeq>14</GreekSeq></word><word seq="12">his</word><word seq="13">good pleasure.<GreekSeq>16</GreekSeq></word></ESV></verse>
<verse number="14"><ESV><word seq="1">Do<GreekSeq>2</GreekSeq></word><word seq="2">all things<GreekSeq>1</GreekSeq></word><word seq="3">without<GreekSeq>3</GreekSeq></word><word seq="4">grumbling<GreekSeq>4</GreekSeq></word><word seq="5">or<GreekSeq>5</GreekSeq></word><word seq="6">disputing,<GreekSeq>6</GreekSeq></word></ESV></verse>
<verse number="15"><ESV><word seq="1">that<GreekSeq>1</GreekSeq></word><word seq="2">you may be<GreekSeq>2</GreekSeq></word><word seq="3">blameless<GreekSeq>3</GreekSeq></word><word seq="4">and<GreekSeq>4</GreekSeq></word><word seq="5">innocent,<GreekSeq>5</GreekSeq></word><word seq="6">children<GreekSeq>6</GreekSeq></word><word seq="7">of God<GreekSeq>7</GreekSeq></word><word seq="8">without blemish<GreekSeq>8</GreekSeq></word><word seq="9">in the midst of<GreekSeq>9</GreekSeq></word><word seq="10">a crooked<GreekSeq>11</GreekSeq></word><word seq="11">and<GreekSeq>12</GreekSeq></word><word seq="12">twisted<GreekSeq>13</GreekSeq></word><word seq="13">generation,<GreekSeq>10</GreekSeq></word><word seq="14">among<GreekSeq>14</GreekSeq></word><word seq="15">whom<GreekSeq>15</GreekSeq></word><word seq="16">you shine<GreekSeq>16</GreekSeq></word><word seq="17">as<GreekSeq>17</GreekSeq></word><word seq="18">lights<GreekSeq>18</GreekSeq></word><word seq="19">in<GreekSeq>19</GreekSeq></word><word seq="20">the world,<GreekSeq>20</GreekSeq></word></ESV></verse>
<verse number="16"><ESV><word seq="1">holding fast<GreekSeq>3</GreekSeq></word><word seq="2">to the word<GreekSeq>1</GreekSeq></word><word seq="3">of life,<GreekSeq>2</GreekSeq></word><word seq="4">so that</word><word seq="5">in<GreekSeq>7</GreekSeq></word><word seq="6">the day<GreekSeq>8</GreekSeq></word><word seq="7">of Christ<GreekSeq>9</GreekSeq></word><word seq="8">I<GreekSeq>6</GreekSeq></word><word seq="9">may be proud<GreekSeq>4</GreekSeq><GreekSeq>5</GreekSeq></word><word seq="10">that<GreekSeq>10</GreekSeq></word><word seq="11">I did<GreekSeq>14</GreekSeq></word><word seq="12">not<GreekSeq>11</GreekSeq></word><word seq="13">run<GreekSeq>14</GreekSeq></word><word seq="14">in<GreekSeq>12</GreekSeq></word><word seq="15">vain<GreekSeq>13</GreekSeq></word><word seq="16">or<GreekSeq>15</GreekSeq></word><word seq="17">labor<GreekSeq>18</GreekSeq></word><word seq="18">in<GreekSeq>16</GreekSeq></word><word seq="19">vain.<GreekSeq>17</GreekSeq></word></ESV></verse>
<verse number="17"><ESV><word seq="1">Even<GreekSeq>3</GreekSeq></word><word seq="2">if<GreekSeq>2</GreekSeq></word><word seq="3">I am to be poured out<GreekSeq>4</GreekSeq></word><word seq="4">as a drink offering</word><word seq="5">upon<GreekSeq>5</GreekSeq></word><word seq="6">the<GreekSeq>6</GreekSeq></word><word seq="7">[sacrificial]<GreekSeq>7</GreekSeq></word><word seq="8">offering<GreekSeq>9</GreekSeq></word><word seq="9">of your<GreekSeq>12</GreekSeq></word><word seq="10">faith,<GreekSeq>11</GreekSeq></word><word seq="11">I am glad<GreekSeq>13</GreekSeq></word><word seq="12">and<GreekSeq>14</GreekSeq></word><word seq="13">rejoice with<GreekSeq>15</GreekSeq></word><word seq="14">you<GreekSeq>17</GreekSeq></word><word seq="15">all.<GreekSeq>16</GreekSeq></word></ESV></verse>
<verse number="18"><ESV><word seq="1">Likewise<GreekSeq>3</GreekSeq></word><word seq="2">you<GreekSeq>5</GreekSeq></word><word seq="3">also<GreekSeq>4</GreekSeq></word><word seq="4">should be glad<GreekSeq>6</GreekSeq></word><word seq="5">and<GreekSeq>7</GreekSeq></word><word seq="6">rejoice with<GreekSeq>8</GreekSeq></word><word seq="7">me.<GreekSeq>9</GreekSeq></word></ESV></verse>
<verse number="19"><ESV><word seq="1">I hope<GreekSeq>1</GreekSeq></word><word seq="2">in<GreekSeq>3</GreekSeq></word><word seq="3">the Lord<GreekSeq>4</GreekSeq></word><word seq="4">Jesus<GreekSeq>5</GreekSeq></word><word seq="5">to send<GreekSeq>8</GreekSeq></word><word seq="6">Timothy<GreekSeq>6</GreekSeq></word><word seq="7">to you<GreekSeq>9</GreekSeq></word><word seq="8">soon,<GreekSeq>7</GreekSeq></word><word seq="9">so that<GreekSeq>10</GreekSeq></word><word seq="10">I too<GreekSeq>11</GreekSeq></word><word seq="11">may be cheered by<GreekSeq>12</GreekSeq></word><word seq="12">[news]<GreekSeq>13</GreekSeq></word><word seq="13">of<GreekSeq>15</GreekSeq></word><word seq="14">you.<GreekSeq>16</GreekSeq></word></ESV></verse>
<verse number="20"><ESV><word seq="1">For<GreekSeq>2</GreekSeq></word><word seq="2">I have<GreekSeq>3</GreekSeq></word><word seq="3">no one<GreekSeq>1</GreekSeq></word><word seq="4">[like him],<GreekSeq>4</GreekSeq></word><word seq="5">who<GreekSeq>5</GreekSeq></word><word seq="6">will be<GreekSeq>10</GreekSeq></word><word seq="7">genuinely<GreekSeq>6</GreekSeq></word><word seq="8">concerned<GreekSeq>10</GreekSeq></word><word seq="9">for your welfare.<GreekSeq>7</GreekSeq><GreekSeq>8</GreekSeq><GreekSeq>9</GreekSeq></word></ESV></verse>
<verse number="21"><ESV><word seq="1">For<GreekSeq>3</GreekSeq></word><word seq="2">they<GreekSeq>1</GreekSeq></word><word seq="3">all<GreekSeq>2</GreekSeq></word><word seq="4">seek<GreekSeq>6</GreekSeq></word><word seq="5">their own<GreekSeq>5</GreekSeq></word><word seq="6">[interests],<GreekSeq>4</GreekSeq></word><word seq="7">not<GreekSeq>7</GreekSeq></word><word seq="8">those<GreekSeq>8</GreekSeq></word><word seq="9">of Jesus<GreekSeq>9</GreekSeq></word><word seq="10">Christ.<GreekSeq>10</GreekSeq></word></ESV></verse>
<verse number="22"><ESV><word seq="1">But<GreekSeq>2</GreekSeq></word><word seq="2">you know<GreekSeq>5</GreekSeq></word><word seq="3">Timothy’s<GreekSeq>4</GreekSeq></word><word seq="4">proven worth,<GreekSeq>3</GreekSeq></word><word seq="5">how<GreekSeq>6</GreekSeq></word><word seq="6">as<GreekSeq>7</GreekSeq></word><word seq="7">a son<GreekSeq>9</GreekSeq></word><word seq="8">with a father<GreekSeq>8</GreekSeq></word><word seq="9">he has served<GreekSeq>12</GreekSeq></word><word seq="10">with<GreekSeq>10</GreekSeq></word><word seq="11">me<GreekSeq>11</GreekSeq></word><word seq="12">in<GreekSeq>13</GreekSeq></word><word seq="13">the<GreekSeq>14</GreekSeq></word><word seq="14">gospel.<GreekSeq>15</GreekSeq></word></ESV></verse>
<verse number="23"><ESV><word seq="1">I hope<GreekSeq>4</GreekSeq></word><word seq="2">therefore<GreekSeq>3</GreekSeq></word><word seq="3">to send<GreekSeq>5</GreekSeq></word><word seq="4">him<GreekSeq>1</GreekSeq></word><word seq="5">just as<GreekSeq>6</GreekSeq></word><word seq="6">soon<GreekSeq>12</GreekSeq></word><word seq="7">as<GreekSeq>6</GreekSeq></word><word seq="8">I see<GreekSeq>8</GreekSeq></word><word seq="9">how<GreekSeq>7</GreekSeq></word><word seq="10">it will go with me,<GreekSeq>9</GreekSeq><GreekSeq>10</GreekSeq><GreekSeq>11</GreekSeq></word></ESV></verse>
<verse number="24"><ESV><word seq="1">and<GreekSeq>2</GreekSeq></word><word seq="2">I trust<GreekSeq>1</GreekSeq></word><word seq="3">in<GreekSeq>3</GreekSeq></word><word seq="4">the Lord<GreekSeq>4</GreekSeq></word><word seq="5">that<GreekSeq>5</GreekSeq></word><word seq="6">shortly<GreekSeq>8</GreekSeq></word><word seq="7">I<GreekSeq>9</GreekSeq></word><word seq="8">myself<GreekSeq>7</GreekSeq></word><word seq="9">will come<GreekSeq>9</GreekSeq></word><word seq="10">also.<GreekSeq>6</GreekSeq></word></ESV></verse>
<verse number="25"><ESV><word seq="1">I have thought<GreekSeq>3</GreekSeq></word><word seq="2">it</word><word seq="3">necessary<GreekSeq>1</GreekSeq></word><word seq="4">to send<GreekSeq>20</GreekSeq></word><word seq="5">to<GreekSeq>21</GreekSeq></word><word seq="6">you<GreekSeq>22</GreekSeq></word><word seq="7">Epaphroditus<GreekSeq>4</GreekSeq></word><word seq="8">my<GreekSeq>11</GreekSeq></word><word seq="9">brother<GreekSeq>6</GreekSeq></word><word seq="10">and<GreekSeq>7</GreekSeq></word><word seq="11">fellow worker<GreekSeq>8</GreekSeq></word><word seq="12">and<GreekSeq>9</GreekSeq></word><word seq="13">fellow soldier,<GreekSeq>10</GreekSeq></word><word seq="14">and<GreekSeq>13</GreekSeq></word><word seq="15">your<GreekSeq>12</GreekSeq></word><word seq="16">messenger<GreekSeq>14</GreekSeq></word><word seq="17">and<GreekSeq>15</GreekSeq></word><word seq="18">minister<GreekSeq>16</GreekSeq></word><word seq="19">to<GreekSeq>18</GreekSeq></word><word seq="20">my<GreekSeq>19</GreekSeq></word><word seq="21">need,<GreekSeq>18</GreekSeq></word></ESV></verse>
<verse number="26"><ESV><word seq="1">for<GreekSeq>1</GreekSeq></word><word seq="2">he has been<GreekSeq>3</GreekSeq></word><word seq="3">longing for<GreekSeq>2</GreekSeq></word><word seq="4">you<GreekSeq>5</GreekSeq></word><word seq="5">all<GreekSeq>4</GreekSeq></word><word seq="6">and<GreekSeq>6</GreekSeq></word><word seq="7">has been distressed<GreekSeq>7</GreekSeq></word><word seq="8">because<GreekSeq>8</GreekSeq></word><word seq="9">you heard<GreekSeq>9</GreekSeq></word><word seq="10">that<GreekSeq>10</GreekSeq></word><word seq="11">he was ill.<GreekSeq>11</GreekSeq></word></ESV></verse>
<verse number="27"><ESV><word seq="1">Indeed<GreekSeq>1</GreekSeq></word><word seq="2">he was ill,<GreekSeq>3</GreekSeq></word><word seq="3">near<GreekSeq>4</GreekSeq></word><word seq="4">to death.<GreekSeq>5</GreekSeq></word><word seq="5">But<GreekSeq>6</GreekSeq></word><word seq="6">God<GreekSeq>8</GreekSeq></word><word seq="7">had mercy<GreekSeq>9</GreekSeq></word><word seq="8">on him,<GreekSeq>10</GreekSeq></word><word seq="9">and<GreekSeq>13</GreekSeq></word><word seq="10">not<GreekSeq>11</GreekSeq></word><word seq="11">only<GreekSeq>14</GreekSeq></word><word seq="12">on him<GreekSeq>12</GreekSeq></word><word seq="13">but<GreekSeq>15</GreekSeq></word><word seq="14">on me<GreekSeq>17</GreekSeq></word><word seq="15">also,<GreekSeq>16</GreekSeq></word><word seq="16" note="ἵνα μή Strong Code (3363)">lest<GreekSeq>18</GreekSeq><GreekSeq>19</GreekSeq></word><word seq="17">I should have<GreekSeq>23</GreekSeq></word><word seq="18">sorrow<GreekSeq>20</GreekSeq></word><word seq="19">upon<GreekSeq>21</GreekSeq></word><word seq="20">sorrow.<GreekSeq>22</GreekSeq></word></ESV></verse>
<verse number="28"><ESV><word seq="1">I am<GreekSeq>3</GreekSeq></word><word seq="2">the more eager<GreekSeq>1</GreekSeq></word><word seq="3">to send<GreekSeq>3</GreekSeq></word><word seq="4">him,<GreekSeq>4</GreekSeq></word><word seq="5">therefore,<GreekSeq>2</GreekSeq></word><word seq="6">that<GreekSeq>5</GreekSeq></word><word seq="7">you may rejoice<GreekSeq>9</GreekSeq></word><word seq="8">at seeing<GreekSeq>6</GreekSeq></word><word seq="9">him<GreekSeq>7</GreekSeq></word><word seq="10">again,<GreekSeq>8</GreekSeq></word><word seq="11">and [that] I<GreekSeq>10</GreekSeq></word><word seq="12">may be<GreekSeq>12</GreekSeq></word><word seq="13">less anxious.<GreekSeq>11</GreekSeq></word></ESV></verse>
<verse number="29"><ESV><word seq="1">So<GreekSeq>2</GreekSeq></word><word seq="2">receive<GreekSeq>1</GreekSeq></word><word seq="3">him<GreekSeq>3</GreekSeq></word><word seq="4">in<GreekSeq>4</GreekSeq></word><word seq="5">the Lord<GreekSeq>5</GreekSeq></word><word seq="6">with<GreekSeq>6</GreekSeq></word><word seq="7">all<GreekSeq>7</GreekSeq></word><word seq="8">joy,<GreekSeq>8</GreekSeq></word><word seq="9">and<GreekSeq>9</GreekSeq></word><word seq="10">honor<GreekSeq>12</GreekSeq><GreekSeq>13</GreekSeq></word><word seq="11">such men,<GreekSeq>11</GreekSeq></word></ESV></verse>
<verse number="30"><ESV><word seq="1">for<GreekSeq>1</GreekSeq></word><word seq="2">he nearly<GreekSeq>8</GreekSeq></word><word seq="3">died<GreekSeq>7</GreekSeq></word><word seq="4">for<GreekSeq>2</GreekSeq></word><word seq="5">the<GreekSeq>3</GreekSeq></word><word seq="6">work<GreekSeq>4</GreekSeq></word><word seq="7">of Christ,<GreekSeq>5</GreekSeq></word><word seq="8">risking<GreekSeq>9</GreekSeq></word><word seq="9">his</word><word seq="10">life<GreekSeq>11</GreekSeq></word><word seq="11">to complete<GreekSeq>12</GreekSeq><GreekSeq>13</GreekSeq></word><word seq="12">what<GreekSeq>14</GreekSeq></word><word seq="13">was</word><word seq="14">lacking in<GreekSeq>16</GreekSeq></word><word seq="15">your<GreekSeq>15</GreekSeq></word><word seq="16">service<GreekSeq>20</GreekSeq></word><word seq="17">to<GreekSeq>18</GreekSeq></word><word seq="18">me.<GreekSeq>19</GreekSeq></word></ESV></verse></chapter></book>