<?xml version="1.0" encoding="UTF-8" standalone="no"?><book><chapter number="1">'<verse number="1"><ESV><word seq="1">Paul,<GreekSeq>1</GreekSeq></word><word seq="2">a prisoner<GreekSeq>2</GreekSeq></word><word seq="3">for</word><word seq="4">Christ<GreekSeq>3</GreekSeq></word><word seq="5">Jesus,<GreekSeq>4</GreekSeq></word><word seq="6">and<GreekSeq>5</GreekSeq></word><word seq="7">Timothy<GreekSeq>6</GreekSeq></word><word seq="8">our</word><word seq="9">brother,<GreekSeq>8</GreekSeq></word><word seq="10">To Philemon<GreekSeq>9</GreekSeq></word><word seq="11">our<GreekSeq>14</GreekSeq></word><word seq="12">beloved<GreekSeq>11</GreekSeq></word><word seq="13">fellow worker<GreekSeq>13</GreekSeq></word></ESV></verse>
<verse number="2"><ESV><word seq="1">and<GreekSeq>1</GreekSeq></word><word seq="2">Apphia<GreekSeq>2</GreekSeq></word><word seq="3">our</word><word seq="4">sister<GreekSeq>4</GreekSeq></word><word seq="5">and<GreekSeq>5</GreekSeq></word><word seq="6">Archippus<GreekSeq>6</GreekSeq></word><word seq="7">our<GreekSeq>9</GreekSeq></word><word seq="8">fellow soldier,<GreekSeq>8</GreekSeq></word><word seq="9">and<GreekSeq>10</GreekSeq></word><word seq="10">the<GreekSeq>11</GreekSeq></word><word seq="11">church<GreekSeq>15</GreekSeq></word><word seq="12">in<GreekSeq>12</GreekSeq></word><word seq="13">your<GreekSeq>14</GreekSeq></word><word seq="14">house:<GreekSeq>13</GreekSeq></word></ESV></verse>
<verse number="3"><ESV><word seq="1">Grace<GreekSeq>1</GreekSeq></word><word seq="2">to you<GreekSeq>2</GreekSeq></word><word seq="3">and<GreekSeq>3</GreekSeq></word><word seq="4">peace<GreekSeq>4</GreekSeq></word><word seq="5">from<GreekSeq>5</GreekSeq></word><word seq="6">God<GreekSeq>6</GreekSeq></word><word seq="7">our<GreekSeq>8</GreekSeq></word><word seq="8">Father<GreekSeq>7</GreekSeq></word><word seq="9">and<GreekSeq>9</GreekSeq></word><word seq="10">the Lord<GreekSeq>10</GreekSeq></word><word seq="11">Jesus<GreekSeq>11</GreekSeq></word><word seq="12">Christ.<GreekSeq>12</GreekSeq></word></ESV></verse>
<verse number="4"><ESV><word seq="1">I thank<GreekSeq>1</GreekSeq></word><word seq="2">my<GreekSeq>4</GreekSeq></word><word seq="3">God<GreekSeq>3</GreekSeq></word><word seq="4">always<GreekSeq>5</GreekSeq></word><word seq="5">when I remember<GreekSeq>6</GreekSeq><GreekSeq>8</GreekSeq></word><word seq="6">you<GreekSeq>7</GreekSeq></word><word seq="7">in<GreekSeq>9</GreekSeq></word><word seq="8">my<GreekSeq>12</GreekSeq></word><word seq="9">prayers,<GreekSeq>11</GreekSeq></word></ESV></verse>
<verse number="5"><ESV><word seq="1">because I</word><word seq="2">hear of<GreekSeq>1</GreekSeq></word><word seq="3">your<GreekSeq>2</GreekSeq></word><word seq="4">love<GreekSeq>4</GreekSeq></word><word seq="5">and<GreekSeq>5</GreekSeq></word><word seq="6">of the<GreekSeq>6</GreekSeq></word><word seq="7">faith<GreekSeq>7</GreekSeq></word><word seq="8">that<GreekSeq>8</GreekSeq></word><word seq="9">you have<GreekSeq>9</GreekSeq></word><word seq="10">toward<GreekSeq>10</GreekSeq></word><word seq="11">the<GreekSeq>11</GreekSeq></word><word seq="12">Lord<GreekSeq>12</GreekSeq></word><word seq="13">Jesus<GreekSeq>13</GreekSeq></word><word seq="14">and<GreekSeq>14</GreekSeq></word><word seq="15">for<GreekSeq>15</GreekSeq></word><word seq="16">all<GreekSeq>16</GreekSeq></word><word seq="17">the<GreekSeq>17</GreekSeq></word><word seq="18">saints,<GreekSeq>18</GreekSeq></word></ESV></verse>
<verse number="6"><ESV><word seq="1">and I pray</word><word seq="2">that<GreekSeq>1</GreekSeq></word><word seq="3">the<GreekSeq>2</GreekSeq></word><word seq="4">sharing<GreekSeq>3</GreekSeq></word><word seq="5">of<GreekSeq>5</GreekSeq></word><word seq="6">your<GreekSeq>6</GreekSeq></word><word seq="7">faith<GreekSeq>5</GreekSeq></word><word seq="8">may become<GreekSeq>8</GreekSeq></word><word seq="9">effective<GreekSeq>7</GreekSeq></word><word seq="10">for<GreekSeq>9</GreekSeq></word><word seq="11">the full knowledge<GreekSeq>10</GreekSeq></word><word seq="12">of every<GreekSeq>11</GreekSeq></word><word seq="13">good thing<GreekSeq>12</GreekSeq></word><word seq="14">that<GreekSeq>13</GreekSeq></word><word seq="15">is</word><word seq="16">in<GreekSeq>14</GreekSeq></word><word seq="17">us<GreekSeq>15</GreekSeq></word><word seq="18">for<GreekSeq>16</GreekSeq></word><word seq="19">the sake of</word><word seq="20">Christ.<GreekSeq>17</GreekSeq></word></ESV></verse>
<verse number="7"><ESV><word seq="1">For<GreekSeq>2</GreekSeq></word><word seq="2">I have derived<GreekSeq>4</GreekSeq></word><word seq="3">much<GreekSeq>3</GreekSeq></word><word seq="4">joy<GreekSeq>1</GreekSeq></word><word seq="5">and<GreekSeq>5</GreekSeq></word><word seq="6">comfort<GreekSeq>6</GreekSeq></word><word seq="7">from<GreekSeq>7</GreekSeq></word><word seq="8">your<GreekSeq>10</GreekSeq></word><word seq="9">love,<GreekSeq>9</GreekSeq></word><word seq="10">my</word><word seq="11">brother,<GreekSeq>19</GreekSeq></word><word seq="12">because<GreekSeq>11</GreekSeq></word><word seq="13">the<GreekSeq>12</GreekSeq></word><word seq="14">hearts<GreekSeq>13</GreekSeq></word><word seq="15">of the<GreekSeq>14</GreekSeq></word><word seq="16">saints<GreekSeq>15</GreekSeq></word><word seq="17">have been refreshed<GreekSeq>16</GreekSeq></word><word seq="18">through<GreekSeq>17</GreekSeq></word><word seq="19">you.<GreekSeq>18</GreekSeq></word></ESV></verse>
<verse number="8"><ESV><word seq="1">Accordingly,<GreekSeq>1</GreekSeq></word><word seq="2">though I</word><word seq="3">am<GreekSeq>6</GreekSeq></word><word seq="4">bold<GreekSeq>5</GreekSeq></word><word seq="5">enough<GreekSeq>2</GreekSeq></word><word seq="6">in<GreekSeq>3</GreekSeq></word><word seq="7">Christ<GreekSeq>4</GreekSeq></word><word seq="8">to command<GreekSeq>7</GreekSeq></word><word seq="9">you<GreekSeq>8</GreekSeq></word><word seq="10">to do what is required,<GreekSeq>9</GreekSeq><GreekSeq>10</GreekSeq></word></ESV></verse>
<verse number="9"><ESV><word seq="1">yet</word><word seq="2">for<GreekSeq>1</GreekSeq></word><word seq="3">love’s<GreekSeq>3</GreekSeq></word><word seq="4">sake<GreekSeq>1</GreekSeq></word><word seq="5">I<GreekSeq>5</GreekSeq></word><word seq="6">prefer to<GreekSeq>4</GreekSeq></word><word seq="7">appeal<GreekSeq>5</GreekSeq></word><word seq="8">to you — I,</word><word seq="9">Paul,<GreekSeq>9</GreekSeq></word><word seq="10">an old man<GreekSeq>10</GreekSeq></word><word seq="11">and<GreekSeq>12</GreekSeq></word><word seq="12">now<GreekSeq>11</GreekSeq></word><word seq="13">a prisoner<GreekSeq>14</GreekSeq></word><word seq="14">also<GreekSeq>13</GreekSeq></word><word seq="15">for</word><word seq="16">Christ<GreekSeq>15</GreekSeq></word><word seq="17">Jesus —<GreekSeq>16</GreekSeq></word></ESV></verse>
<verse number="10"><ESV><word seq="1">I appeal<GreekSeq>1</GreekSeq></word><word seq="2">to you<GreekSeq>2</GreekSeq></word><word seq="3">for<GreekSeq>3</GreekSeq></word><word seq="4">my<GreekSeq>5</GreekSeq></word><word seq="5">child,<GreekSeq>6</GreekSeq></word><word seq="6">Onesimus,<GreekSeq>12</GreekSeq></word><word seq="7">whose<GreekSeq>7</GreekSeq></word><word seq="8">father I became<GreekSeq>8</GreekSeq></word><word seq="9">in<GreekSeq>9</GreekSeq></word><word seq="10">my</word><word seq="11">imprisonment.<GreekSeq>11</GreekSeq></word></ESV></verse>
<verse number="11"><ESV><word seq="1">(Formerly<GreekSeq>2</GreekSeq></word><word seq="2">he<GreekSeq>1</GreekSeq></word><word seq="3">was</word><word seq="4">useless<GreekSeq>4</GreekSeq></word><word seq="5">to you,<GreekSeq>3</GreekSeq></word><word seq="6">but<GreekSeq>6</GreekSeq></word><word seq="7">now<GreekSeq>5</GreekSeq></word><word seq="8">he is indeed</word><word seq="9">useful<GreekSeq>11</GreekSeq></word><word seq="10">to you<GreekSeq>8</GreekSeq></word><word seq="11">and<GreekSeq>9</GreekSeq></word><word seq="12">to me.)<GreekSeq>10</GreekSeq></word></ESV></verse>
<verse number="12"><ESV><word seq="1">I am sending<GreekSeq>2</GreekSeq></word><word seq="2">him<GreekSeq>4</GreekSeq></word><word seq="3">back<GreekSeq>2</GreekSeq></word><word seq="4">to you,<GreekSeq>3</GreekSeq></word><word seq="5">sending</word><word seq="6">my<GreekSeq>8</GreekSeq></word><word seq="7">very heart.<GreekSeq>9</GreekSeq></word></ESV></verse>
<verse number="13"><ESV><word seq="1">I<GreekSeq>2</GreekSeq></word><word seq="2">would have been glad<GreekSeq>3</GreekSeq></word><word seq="3">to keep<GreekSeq>6</GreekSeq></word><word seq="4">him<GreekSeq>1</GreekSeq></word><word seq="5">with<GreekSeq>4</GreekSeq></word><word seq="6">me,<GreekSeq>5</GreekSeq></word><word seq="7">in order that<GreekSeq>7</GreekSeq></word><word seq="8">he might serve<GreekSeq>11</GreekSeq></word><word seq="9">me<GreekSeq>10</GreekSeq></word><word seq="10">on<GreekSeq>8</GreekSeq></word><word seq="11">your<GreekSeq>9</GreekSeq></word><word seq="12">behalf<GreekSeq>8</GreekSeq></word><word seq="13">during<GreekSeq>12</GreekSeq></word><word seq="14">my</word><word seq="15">imprisonment<GreekSeq>14</GreekSeq></word><word seq="16">for the<GreekSeq>15</GreekSeq></word><word seq="17">gospel,<GreekSeq>16</GreekSeq></word></ESV></verse>
<verse number="14"><ESV><word seq="1">but<GreekSeq>2</GreekSeq></word><word seq="2">I preferred<GreekSeq>7</GreekSeq></word><word seq="3">to do<GreekSeq>8</GreekSeq></word><word seq="4">nothing<GreekSeq>6</GreekSeq></word><word seq="5">without<GreekSeq>1</GreekSeq></word><word seq="6">your<GreekSeq>4</GreekSeq></word><word seq="7">consent<GreekSeq>5</GreekSeq></word><word seq="8">in order that<GreekSeq>9</GreekSeq></word><word seq="9">your<GreekSeq>16</GreekSeq></word><word seq="10">goodness<GreekSeq>14</GreekSeq><GreekSeq>15</GreekSeq></word><word seq="11">might<GreekSeq>17</GreekSeq></word><word seq="12">not<GreekSeq>10</GreekSeq></word><word seq="13">be<GreekSeq>17</GreekSeq></word><word seq="14">by<GreekSeq>12</GreekSeq></word><word seq="15">compulsion<GreekSeq>13</GreekSeq></word><word seq="16">but<GreekSeq>18</GreekSeq></word><word seq="17">of<GreekSeq>19</GreekSeq></word><word seq="18">your</word><word seq="19">own accord.<GreekSeq>20</GreekSeq></word></ESV></verse>
<verse number="15"><ESV><word seq="1">For<GreekSeq>2</GreekSeq></word><word seq="2">this</word><word seq="3">perhaps<GreekSeq>1</GreekSeq></word><word seq="4">is</word><word seq="5">why<GreekSeq>3</GreekSeq><GreekSeq>4</GreekSeq></word><word seq="6">he was parted<GreekSeq>5</GreekSeq></word><word seq="7">from you</word><word seq="8">for<GreekSeq>6</GreekSeq></word><word seq="9">a while,<GreekSeq>7</GreekSeq></word><word seq="10">that<GreekSeq>8</GreekSeq></word><word seq="11">you might have<GreekSeq>11</GreekSeq></word><word seq="12">him<GreekSeq>10</GreekSeq></word><word seq="13">back<GreekSeq>11</GreekSeq></word><word seq="14">forever,<GreekSeq>9</GreekSeq></word></ESV></verse>
<verse number="16"><ESV><word seq="1">no longer<GreekSeq>1</GreekSeq></word><word seq="2">as<GreekSeq>2</GreekSeq></word><word seq="3">a bondservant<GreekSeq>3</GreekSeq></word><word seq="4">but<GreekSeq>4</GreekSeq></word><word seq="5">more than<GreekSeq>5</GreekSeq></word><word seq="6">a bondservant,<GreekSeq>6</GreekSeq></word><word seq="7">as a beloved<GreekSeq>8</GreekSeq></word><word seq="8">brother<GreekSeq>7</GreekSeq></word><word seq="9">— especially<GreekSeq>9</GreekSeq></word><word seq="10">to me,<GreekSeq>10</GreekSeq></word><word seq="11">but<GreekSeq>12</GreekSeq></word><word seq="12">how much<GreekSeq>11</GreekSeq></word><word seq="13">more<GreekSeq>13</GreekSeq></word><word seq="14">to you,<GreekSeq>14</GreekSeq></word><word seq="15">both<GreekSeq>15</GreekSeq></word><word seq="16">in<GreekSeq>16</GreekSeq></word><word seq="17">the flesh<GreekSeq>17</GreekSeq></word><word seq="18">and<GreekSeq>18</GreekSeq></word><word seq="19">in<GreekSeq>19</GreekSeq></word><word seq="20">the Lord.<GreekSeq>20</GreekSeq></word></ESV></verse>
<verse number="17"><ESV><word seq="1">So<GreekSeq>2</GreekSeq></word><word seq="2">if<GreekSeq>1</GreekSeq></word><word seq="3">you consider<GreekSeq>4</GreekSeq></word><word seq="4">me<GreekSeq>3</GreekSeq></word><word seq="5">your</word><word seq="6">partner,<GreekSeq>5</GreekSeq></word><word seq="7">receive<GreekSeq>6</GreekSeq></word><word seq="8">him<GreekSeq>7</GreekSeq></word><word seq="9">as<GreekSeq>8</GreekSeq></word><word seq="10">you would receive</word><word seq="11">me.<GreekSeq>9</GreekSeq></word></ESV></verse>
<verse number="18"><ESV><word seq="1">If<GreekSeq>1</GreekSeq></word><word seq="2">he has wronged<GreekSeq>4</GreekSeq></word><word seq="3">you<GreekSeq>5</GreekSeq></word><word seq="4">at all,</word><word seq="5">or<GreekSeq>6</GreekSeq></word><word seq="6">owes<GreekSeq>7</GreekSeq></word><word seq="7">you</word><word seq="8">anything,<GreekSeq>3</GreekSeq></word><word seq="9">charge<GreekSeq>10</GreekSeq></word><word seq="10">that<GreekSeq>8</GreekSeq></word><word seq="11">to my<GreekSeq>9</GreekSeq></word><word seq="12">account.<GreekSeq>10</GreekSeq></word></ESV></verse>
<verse number="19"><ESV><word seq="1">I,<GreekSeq>1</GreekSeq></word><word seq="2">Paul,<GreekSeq>2</GreekSeq></word><word seq="3">write<GreekSeq>3</GreekSeq></word><word seq="4">this</word><word seq="5">with my own<GreekSeq>5</GreekSeq></word><word seq="6">hand:<GreekSeq>6</GreekSeq></word><word seq="7">I<GreekSeq>7</GreekSeq></word><word seq="8">will repay<GreekSeq>8</GreekSeq></word><word seq="9">it</word><word seq="10">—to say<GreekSeq>11</GreekSeq></word><word seq="11">nothing<GreekSeq>10</GreekSeq></word><word seq="12">of your<GreekSeq>12</GreekSeq></word><word seq="13">owing<GreekSeq>17</GreekSeq></word><word seq="14">me<GreekSeq>16</GreekSeq></word><word seq="15">even<GreekSeq>14</GreekSeq></word><word seq="16">your own self.<GreekSeq>15</GreekSeq></word></ESV></verse>
<verse number="20"><ESV><word seq="1">Yes,<GreekSeq>1</GreekSeq></word><word seq="2">brother,<GreekSeq>2</GreekSeq></word><word seq="3">I<GreekSeq>3</GreekSeq></word><word seq="4">want some benefit<GreekSeq>5</GreekSeq></word><word seq="5">from you<GreekSeq>4</GreekSeq></word><word seq="6">in<GreekSeq>6</GreekSeq></word><word seq="7">the Lord.<GreekSeq>7</GreekSeq></word><word seq="8">Refresh<GreekSeq>8</GreekSeq></word><word seq="9">my<GreekSeq>9</GreekSeq></word><word seq="10">heart<GreekSeq>11</GreekSeq></word><word seq="11">in<GreekSeq>12</GreekSeq></word><word seq="12">Christ.<GreekSeq>13</GreekSeq></word></ESV></verse>
<verse number="21"><ESV><word seq="1">Confident of<GreekSeq>1</GreekSeq></word><word seq="2">your<GreekSeq>4</GreekSeq></word><word seq="3">obedience,<GreekSeq>3</GreekSeq></word><word seq="4">I write<GreekSeq>5</GreekSeq></word><word seq="5">to you,<GreekSeq>6</GreekSeq></word><word seq="6">knowing<GreekSeq>7</GreekSeq></word><word seq="7">that<GreekSeq>8</GreekSeq></word><word seq="8">you will do<GreekSeq>13</GreekSeq></word><word seq="9">even<GreekSeq>9</GreekSeq></word><word seq="10">more than<GreekSeq>10</GreekSeq><GreekSeq>11</GreekSeq></word><word seq="11">I say.<GreekSeq>12</GreekSeq></word></ESV></verse>
<verse number="22"><ESV><word seq="1">At the same time,<GreekSeq>1</GreekSeq></word><word seq="2">prepare<GreekSeq>4</GreekSeq></word><word seq="3">a guest room<GreekSeq>6</GreekSeq></word><word seq="4">for me,<GreekSeq>5</GreekSeq></word><word seq="5">for<GreekSeq>8</GreekSeq></word><word seq="6">I am hoping<GreekSeq>7</GreekSeq></word><word seq="7">that<GreekSeq>9</GreekSeq></word><word seq="8">through<GreekSeq>10</GreekSeq></word><word seq="9">your<GreekSeq>13</GreekSeq></word><word seq="10">prayers<GreekSeq>12</GreekSeq></word><word seq="11">I will be graciously given<GreekSeq>14</GreekSeq></word><word seq="12">to you.<GreekSeq>15</GreekSeq></word></ESV></verse>
<verse number="23"><ESV><word seq="1">Epaphras,<GreekSeq>3</GreekSeq></word><word seq="2">my<GreekSeq>6</GreekSeq></word><word seq="3">fellow prisoner<GreekSeq>5</GreekSeq></word><word seq="4">in<GreekSeq>7</GreekSeq></word><word seq="5">Christ<GreekSeq>8</GreekSeq></word><word seq="6">Jesus,<GreekSeq>9</GreekSeq></word><word seq="7">sends greetings<GreekSeq>1</GreekSeq></word><word seq="8">to you,<GreekSeq>2</GreekSeq></word></ESV></verse>
<verse number="24"><ESV><word seq="1">and so do</word><word seq="2">Mark,<GreekSeq>1</GreekSeq></word><word seq="3">Aristarchus,<GreekSeq>2</GreekSeq></word><word seq="4">Demas,<GreekSeq>3</GreekSeq></word><word seq="5">and</word><word seq="6">Luke,<GreekSeq>4</GreekSeq></word><word seq="7">my<GreekSeq>7</GreekSeq></word><word seq="8">fellow workers.<GreekSeq>6</GreekSeq></word></ESV></verse>
<verse number="25"><ESV><word seq="1">The<GreekSeq>1</GreekSeq></word><word seq="2">grace<GreekSeq>2</GreekSeq></word><word seq="3">of the<GreekSeq>3</GreekSeq></word><word seq="4">Lord<GreekSeq>4</GreekSeq></word><word seq="5">Jesus<GreekSeq>5</GreekSeq></word><word seq="6">Christ<GreekSeq>6</GreekSeq></word><word seq="7">be</word><word seq="8">with<GreekSeq>7</GreekSeq></word><word seq="9">your<GreekSeq>10</GreekSeq></word><word seq="10">spirit.<GreekSeq>9</GreekSeq></word></ESV></verse></chapter></book>