<?xml version="1.0" encoding="UTF-8" standalone="no"?><book><chapter number="22">'<verse number="1"><ESV><word seq="1">Then<GreekSeq>1</GreekSeq></word><word seq="2">[the angel] showed<GreekSeq>2</GreekSeq></word><word seq="3">me<GreekSeq>3</GreekSeq></word><word seq="4">the river<GreekSeq>4</GreekSeq></word><word seq="5">of the<GreekSeq>6</GreekSeq></word><word seq="6">water<GreekSeq>5</GreekSeq></word><word seq="7">of life,<GreekSeq>6</GreekSeq></word><word seq="8">bright<GreekSeq>7</GreekSeq></word><word seq="9">as<GreekSeq>8</GreekSeq></word><word seq="10">crystal,<GreekSeq>9</GreekSeq></word><word seq="11">flowing<GreekSeq>10</GreekSeq></word><word seq="12">from<GreekSeq>11</GreekSeq></word><word seq="13">the<GreekSeq>12</GreekSeq></word><word seq="14">throne<GreekSeq>13</GreekSeq></word><word seq="15">of God<GreekSeq>15</GreekSeq></word><word seq="16">and<GreekSeq>16</GreekSeq></word><word seq="17">of the<GreekSeq>17</GreekSeq></word><word seq="18">Lamb<GreekSeq>18</GreekSeq></word></ESV></verse>
<verse number="2"><ESV><word seq="1">through<GreekSeq>1</GreekSeq></word><word seq="2">the middle of<GreekSeq>2</GreekSeq></word><word seq="3">the<GreekSeq>3</GreekSeq></word><word seq="4">street<GreekSeq>4</GreekSeq></word><word seq="5">of [the city];<GreekSeq>5</GreekSeq></word><word seq="6">also,<GreekSeq>6</GreekSeq></word><word seq="7">on either side<GreekSeq>9</GreekSeq><GreekSeq>11</GreekSeq></word><word seq="8">of the<GreekSeq>7</GreekSeq></word><word seq="9">river,<GreekSeq>8</GreekSeq></word><word seq="10">the tree<GreekSeq>12</GreekSeq></word><word seq="11">of life<GreekSeq>13</GreekSeq></word><word seq="12">with<GreekSeq>14</GreekSeq></word><word seq="13">its</word><word seq="14">twelve [kinds of]<GreekSeq>16</GreekSeq></word><word seq="15">fruit,<GreekSeq>15</GreekSeq></word><word seq="16">yielding<GreekSeq>20</GreekSeq></word><word seq="17">its<GreekSeq>23</GreekSeq></word><word seq="18">fruit<GreekSeq>22</GreekSeq></word><word seq="19">each month.<GreekSeq>17</GreekSeq><GreekSeq>18</GreekSeq><GreekSeq>19</GreekSeq></word><word seq="20">The<GreekSeq>25</GreekSeq></word><word seq="21">leaves<GreekSeq>26</GreekSeq></word><word seq="22">of the<GreekSeq>27</GreekSeq></word><word seq="23">tree<GreekSeq>28</GreekSeq></word><word seq="24">were</word><word seq="25">for<GreekSeq>29</GreekSeq></word><word seq="26">the<GreekSeq>31</GreekSeq></word><word seq="27">healing<GreekSeq>30</GreekSeq></word><word seq="28">of the<GreekSeq>31</GreekSeq></word><word seq="29">nations.<GreekSeq>32</GreekSeq></word></ESV></verse>
<verse number="3"><ESV><word seq="1">No<GreekSeq>4</GreekSeq></word><word seq="2">longer<GreekSeq>6</GreekSeq></word><word seq="3">will there be<GreekSeq>5</GreekSeq></word><word seq="4">anything<GreekSeq>2</GreekSeq></word><word seq="5">accursed,<GreekSeq>3</GreekSeq></word><word seq="6">but<GreekSeq>7</GreekSeq></word><word seq="7">the<GreekSeq>8</GreekSeq></word><word seq="8">throne<GreekSeq>9</GreekSeq></word><word seq="9">of God<GreekSeq>11</GreekSeq></word><word seq="10">and<GreekSeq>12</GreekSeq></word><word seq="11">of the<GreekSeq>13</GreekSeq></word><word seq="12">Lamb<GreekSeq>14</GreekSeq></word><word seq="13">will be<GreekSeq>17</GreekSeq></word><word seq="14">in<GreekSeq>15</GreekSeq></word><word seq="15">it,<GreekSeq>16</GreekSeq></word><word seq="16">and<GreekSeq>18</GreekSeq></word><word seq="17">his<GreekSeq>21</GreekSeq></word><word seq="18">servants<GreekSeq>20</GreekSeq></word><word seq="19">will worship<GreekSeq>22</GreekSeq></word><word seq="20">him.<GreekSeq>23</GreekSeq></word></ESV></verse>
<verse number="4"><ESV><word seq="1">They will see<GreekSeq>2</GreekSeq></word><word seq="2">his<GreekSeq>5</GreekSeq></word><word seq="3">face,<GreekSeq>4</GreekSeq></word><word seq="4">and<GreekSeq>6</GreekSeq></word><word seq="5">his<GreekSeq>9</GreekSeq></word><word seq="6">name<GreekSeq>8</GreekSeq></word><word seq="7">will be</word><word seq="8">on<GreekSeq>10</GreekSeq></word><word seq="9">their<GreekSeq>13</GreekSeq></word><word seq="10">foreheads.<GreekSeq>12</GreekSeq></word></ESV></verse>
<verse number="5"><ESV><word seq="1">And<GreekSeq>1</GreekSeq></word><word seq="2">night<GreekSeq>2</GreekSeq></word><word seq="3">will be<GreekSeq>4</GreekSeq></word><word seq="4">no<GreekSeq>3</GreekSeq></word><word seq="5">more.<GreekSeq>5</GreekSeq></word><word seq="6">They will need<GreekSeq>8</GreekSeq><GreekSeq>9</GreekSeq></word><word seq="7">no<GreekSeq>7</GreekSeq></word><word seq="8">light<GreekSeq>10</GreekSeq></word><word seq="9">of lamp<GreekSeq>11</GreekSeq></word><word seq="10">or<GreekSeq>12</GreekSeq></word><word seq="11">sun,<GreekSeq>14</GreekSeq></word><word seq="12">for<GreekSeq>15</GreekSeq></word><word seq="13">the Lord<GreekSeq>16</GreekSeq></word><word seq="14">God<GreekSeq>18</GreekSeq></word><word seq="15">will be<GreekSeq>19</GreekSeq></word><word seq="16">their<GreekSeq>21</GreekSeq></word><word seq="17">light,<GreekSeq>19</GreekSeq></word><word seq="18">and<GreekSeq>22</GreekSeq></word><word seq="19">they will reign<GreekSeq>23</GreekSeq></word><word seq="20">forever<GreekSeq>24</GreekSeq><GreekSeq>26</GreekSeq></word><word seq="21">and</word><word seq="22">ever.<GreekSeq>28</GreekSeq></word></ESV></verse>
<verse number="6"><ESV><word seq="1">And<GreekSeq>1</GreekSeq></word><word seq="2">he said<GreekSeq>2</GreekSeq></word><word seq="3">to me,<GreekSeq>3</GreekSeq></word><word seq="4">“These<GreekSeq>4</GreekSeq></word><word seq="5">words<GreekSeq>6</GreekSeq></word><word seq="6">are</word><word seq="7">trustworthy<GreekSeq>7</GreekSeq></word><word seq="8">and<GreekSeq>8</GreekSeq></word><word seq="9">true.<GreekSeq>9</GreekSeq></word><word seq="10">And<GreekSeq>10</GreekSeq></word><word seq="11">the<GreekSeq>11</GreekSeq></word><word seq="12">Lord,<GreekSeq>12</GreekSeq></word><word seq="13">the<GreekSeq>13</GreekSeq></word><word seq="14">God<GreekSeq>14</GreekSeq></word><word seq="15">of the<GreekSeq>15</GreekSeq></word><word seq="16">spirits<GreekSeq>16</GreekSeq></word><word seq="17">of the<GreekSeq>17</GreekSeq></word><word seq="18">prophets,<GreekSeq>18</GreekSeq></word><word seq="19">has sent<GreekSeq>19</GreekSeq></word><word seq="20">his<GreekSeq>22</GreekSeq></word><word seq="21">angel<GreekSeq>21</GreekSeq></word><word seq="22">to show<GreekSeq>23</GreekSeq></word><word seq="23">his<GreekSeq>26</GreekSeq></word><word seq="24">servants<GreekSeq>25</GreekSeq></word><word seq="25">what<GreekSeq>27</GreekSeq></word><word seq="26">must<GreekSeq>28</GreekSeq></word><word seq="27">soon<GreekSeq>30</GreekSeq><GreekSeq>31</GreekSeq></word><word seq="28">take place.”<GreekSeq>29</GreekSeq></word></ESV></verse>
<verse number="7"><ESV><word seq="1">“And<GreekSeq>1</GreekSeq></word><word seq="2">behold,<GreekSeq>2</GreekSeq></word><word seq="3">I am coming<GreekSeq>3</GreekSeq></word><word seq="4">soon.<GreekSeq>4</GreekSeq></word><word seq="5">Blessed<GreekSeq>5</GreekSeq></word><word seq="6">is</word><word seq="7">the one<GreekSeq>6</GreekSeq></word><word seq="8">who keeps<GreekSeq>7</GreekSeq></word><word seq="9">the<GreekSeq>8</GreekSeq></word><word seq="10">words<GreekSeq>9</GreekSeq></word><word seq="11">of the<GreekSeq>10</GreekSeq></word><word seq="12">prophecy<GreekSeq>11</GreekSeq></word><word seq="13">of this<GreekSeq>14</GreekSeq></word><word seq="14">book.”<GreekSeq>13</GreekSeq></word></ESV></verse>
<verse number="8"><ESV><word seq="1">I,<GreekSeq>1</GreekSeq></word><word seq="2">John,<GreekSeq>2</GreekSeq></word><word seq="3">am</word><word seq="4">the one<GreekSeq>3</GreekSeq></word><word seq="5">who heard<GreekSeq>4</GreekSeq></word><word seq="6">and<GreekSeq>5</GreekSeq></word><word seq="7">saw<GreekSeq>6</GreekSeq></word><word seq="8">these things.<GreekSeq>7</GreekSeq></word><word seq="9">And<GreekSeq>8</GreekSeq></word><word seq="10">when<GreekSeq>9</GreekSeq></word><word seq="11">I heard<GreekSeq>10</GreekSeq></word><word seq="12">and<GreekSeq>11</GreekSeq></word><word seq="13">saw<GreekSeq>12</GreekSeq></word><word seq="14">them,</word><word seq="15">I fell down<GreekSeq>13</GreekSeq></word><word seq="16">to worship<GreekSeq>14</GreekSeq></word><word seq="17">at<GreekSeq>15</GreekSeq></word><word seq="18">the<GreekSeq>16</GreekSeq></word><word seq="19">feet<GreekSeq>17</GreekSeq></word><word seq="20">of the<GreekSeq>18</GreekSeq></word><word seq="21">angel<GreekSeq>19</GreekSeq></word><word seq="22">who showed<GreekSeq>21</GreekSeq></word><word seq="23">them<GreekSeq>23</GreekSeq></word><word seq="24">to me,<GreekSeq>22</GreekSeq></word></ESV></verse>
<verse number="9"><ESV><word seq="1">but<GreekSeq>1</GreekSeq></word><word seq="2">he said<GreekSeq>2</GreekSeq></word><word seq="3">to me,<GreekSeq>3</GreekSeq></word><word seq="4">“You must not do that!<GreekSeq>4</GreekSeq><GreekSeq>5</GreekSeq></word><word seq="5">I am<GreekSeq>8</GreekSeq></word><word seq="6">a fellow servant<GreekSeq>6</GreekSeq></word><word seq="7">with you<GreekSeq>7</GreekSeq></word><word seq="8">and<GreekSeq>9</GreekSeq></word><word seq="9">your<GreekSeq>12</GreekSeq></word><word seq="10">brothers<GreekSeq>11</GreekSeq></word><word seq="11">the<GreekSeq>13</GreekSeq></word><word seq="12">prophets,<GreekSeq>14</GreekSeq></word><word seq="13">and<GreekSeq>15</GreekSeq></word><word seq="14">with those<GreekSeq>16</GreekSeq></word><word seq="15">who keep<GreekSeq>17</GreekSeq></word><word seq="16">the<GreekSeq>18</GreekSeq></word><word seq="17">words<GreekSeq>19</GreekSeq></word><word seq="18">of<GreekSeq>21</GreekSeq></word><word seq="19">this<GreekSeq>22</GreekSeq></word><word seq="20">book.<GreekSeq>21</GreekSeq></word><word seq="21">Worship<GreekSeq>25</GreekSeq></word><word seq="22">God.”<GreekSeq>24</GreekSeq></word></ESV></verse>
<verse number="10"><ESV><word seq="1">And<GreekSeq>1</GreekSeq></word><word seq="2">he said<GreekSeq>2</GreekSeq></word><word seq="3">to me,<GreekSeq>3</GreekSeq></word><word seq="4">“Do</word><word seq="5">not<GreekSeq>4</GreekSeq></word><word seq="6">seal up<GreekSeq>5</GreekSeq></word><word seq="7">the<GreekSeq>6</GreekSeq></word><word seq="8">words<GreekSeq>7</GreekSeq></word><word seq="9">of the<GreekSeq>8</GreekSeq></word><word seq="10">prophecy<GreekSeq>9</GreekSeq></word><word seq="11">of<GreekSeq>11</GreekSeq></word><word seq="12">this<GreekSeq>12</GreekSeq></word><word seq="13">book,<GreekSeq>11</GreekSeq></word><word seq="14">for<GreekSeq>15</GreekSeq></word><word seq="15">the<GreekSeq>13</GreekSeq></word><word seq="16">time<GreekSeq>14</GreekSeq></word><word seq="17">is<GreekSeq>17</GreekSeq></word><word seq="18">near.<GreekSeq>16</GreekSeq></word></ESV></verse>
<verse number="11"><ESV><word seq="1">Let<GreekSeq>3</GreekSeq></word><word seq="2">the<GreekSeq>1</GreekSeq></word><word seq="3">evildoer<GreekSeq>2</GreekSeq></word><word seq="4">still<GreekSeq>4</GreekSeq></word><word seq="5">do evil,<GreekSeq>3</GreekSeq></word><word seq="6">and<GreekSeq>5</GreekSeq></word><word seq="7">the<GreekSeq>6</GreekSeq></word><word seq="8">filthy<GreekSeq>7</GreekSeq></word><word seq="9">still<GreekSeq>9</GreekSeq></word><word seq="10">be filthy,<GreekSeq>8</GreekSeq></word><word seq="11">and<GreekSeq>10</GreekSeq></word><word seq="12">the<GreekSeq>11</GreekSeq></word><word seq="13">righteous<GreekSeq>12</GreekSeq></word><word seq="14">still<GreekSeq>15</GreekSeq></word><word seq="15">do<GreekSeq>14</GreekSeq></word><word seq="16">right,<GreekSeq>13</GreekSeq></word><word seq="17">and<GreekSeq>16</GreekSeq></word><word seq="18">the<GreekSeq>17</GreekSeq></word><word seq="19">holy<GreekSeq>18</GreekSeq></word><word seq="20">still<GreekSeq>20</GreekSeq></word><word seq="21">be holy.”<GreekSeq>19</GreekSeq></word></ESV></verse>
<verse number="12"><ESV><word seq="1">“Behold,<GreekSeq>1</GreekSeq></word><word seq="2">I am coming<GreekSeq>2</GreekSeq></word><word seq="3">soon,<GreekSeq>3</GreekSeq></word><word seq="4">bringing</word><word seq="5">my<GreekSeq>7</GreekSeq></word><word seq="6">recompense<GreekSeq>6</GreekSeq></word><word seq="7">with<GreekSeq>8</GreekSeq></word><word seq="8">me,<GreekSeq>9</GreekSeq></word><word seq="9">to repay<GreekSeq>10</GreekSeq></word><word seq="10">each<GreekSeq>11</GreekSeq></word><word seq="11">one</word><word seq="12">for<GreekSeq>12</GreekSeq></word><word seq="13">what</word><word seq="14">he<GreekSeq>16</GreekSeq></word><word seq="15">has done.<GreekSeq>14</GreekSeq><GreekSeq>15</GreekSeq></word></ESV></verse>
<verse number="13"><ESV><word seq="1">I<GreekSeq>1</GreekSeq></word><word seq="2" note="Base of different Greek: εἰμι(1510)">am</word><word seq="3">the<GreekSeq>2</GreekSeq></word><word seq="4">Alpha<GreekSeq>3</GreekSeq></word><word seq="5">and<GreekSeq>4</GreekSeq></word><word seq="6">the<GreekSeq>5</GreekSeq></word><word seq="7">Omega,<GreekSeq>6</GreekSeq></word><word seq="8">the<GreekSeq>7</GreekSeq></word><word seq="9">first<GreekSeq>8</GreekSeq></word><word seq="10">and<GreekSeq>9</GreekSeq></word><word seq="11">the<GreekSeq>10</GreekSeq></word><word seq="12">last,<GreekSeq>11</GreekSeq></word><word seq="13">the<GreekSeq>12</GreekSeq></word><word seq="14">beginning<GreekSeq>13</GreekSeq></word><word seq="15">and<GreekSeq>14</GreekSeq></word><word seq="16">the<GreekSeq>15</GreekSeq></word><word seq="17">end.”<GreekSeq>16</GreekSeq></word></ESV></verse>
<verse number="14"><ESV><word seq="1">Blessed<GreekSeq>1</GreekSeq></word><word seq="2">are</word><word seq="3">those<GreekSeq>2</GreekSeq></word><word seq="4">who wash<GreekSeq>3</GreekSeq></word><word seq="5">their<GreekSeq>6</GreekSeq></word><word seq="6">robes,<GreekSeq>5</GreekSeq></word><word seq="7">so that<GreekSeq>7</GreekSeq></word><word seq="8">they may have<GreekSeq>8</GreekSeq><GreekSeq>11</GreekSeq></word><word seq="9">the<GreekSeq>9</GreekSeq></word><word seq="10">right<GreekSeq>10</GreekSeq></word><word seq="11">to<GreekSeq>12</GreekSeq></word><word seq="12">the<GreekSeq>13</GreekSeq></word><word seq="13">tree<GreekSeq>14</GreekSeq></word><word seq="14">of life<GreekSeq>16</GreekSeq></word><word seq="15">and<GreekSeq>17</GreekSeq></word><word seq="16">that</word><word seq="17">they may enter<GreekSeq>20</GreekSeq></word><word seq="18">the<GreekSeq>22</GreekSeq></word><word seq="19">city<GreekSeq>23</GreekSeq></word><word seq="20">by the<GreekSeq>18</GreekSeq></word><word seq="21">gates.<GreekSeq>19</GreekSeq></word></ESV></verse>
<verse number="15"><ESV><word seq="1">Outside<GreekSeq>1</GreekSeq></word><word seq="2">are</word><word seq="3">the<GreekSeq>2</GreekSeq></word><word seq="4">dogs<GreekSeq>3</GreekSeq></word><word seq="5">and<GreekSeq>4</GreekSeq></word><word seq="6">sorcerers<GreekSeq>6</GreekSeq></word><word seq="7">and<GreekSeq>7</GreekSeq></word><word seq="8">the<GreekSeq>8</GreekSeq></word><word seq="9">sexually immoral<GreekSeq>9</GreekSeq></word><word seq="10">and<GreekSeq>10</GreekSeq></word><word seq="11">murderers<GreekSeq>12</GreekSeq></word><word seq="12">and<GreekSeq>13</GreekSeq></word><word seq="13">idolaters,<GreekSeq>15</GreekSeq></word><word seq="14">and<GreekSeq>16</GreekSeq></word><word seq="15">everyone<GreekSeq>17</GreekSeq></word><word seq="16">who loves<GreekSeq>18</GreekSeq></word><word seq="17">and<GreekSeq>19</GreekSeq></word><word seq="18">practices<GreekSeq>20</GreekSeq></word><word seq="19">falsehood.<GreekSeq>21</GreekSeq></word></ESV></verse>
<verse number="16"><ESV><word seq="1">“I,<GreekSeq>1</GreekSeq></word><word seq="2">Jesus,<GreekSeq>2</GreekSeq></word><word seq="3">have sent<GreekSeq>3</GreekSeq></word><word seq="4">my<GreekSeq>6</GreekSeq></word><word seq="5">angel<GreekSeq>5</GreekSeq></word><word seq="6">to testify<GreekSeq>7</GreekSeq></word><word seq="7">to you<GreekSeq>8</GreekSeq></word><word seq="8">about these things<GreekSeq>9</GreekSeq></word><word seq="9">for<GreekSeq>10</GreekSeq></word><word seq="10">the<GreekSeq>11</GreekSeq></word><word seq="11">churches.<GreekSeq>12</GreekSeq></word><word seq="12">I<GreekSeq>13</GreekSeq></word><word seq="13">am<GreekSeq>14</GreekSeq></word><word seq="14">the<GreekSeq>15</GreekSeq></word><word seq="15">root<GreekSeq>16</GreekSeq></word><word seq="16">and<GreekSeq>17</GreekSeq></word><word seq="17">the<GreekSeq>18</GreekSeq></word><word seq="18">descendant<GreekSeq>19</GreekSeq></word><word seq="19">of David,<GreekSeq>20</GreekSeq></word><word seq="20">the<GreekSeq>21</GreekSeq></word><word seq="21">bright<GreekSeq>24</GreekSeq></word><word seq="22">morning<GreekSeq>26</GreekSeq></word><word seq="23">star.”<GreekSeq>22</GreekSeq></word></ESV></verse>
<verse number="17"><ESV><word seq="1">The<GreekSeq>2</GreekSeq></word><word seq="2">Spirit<GreekSeq>3</GreekSeq></word><word seq="3">and<GreekSeq>4</GreekSeq></word><word seq="4">the<GreekSeq>5</GreekSeq></word><word seq="5">Bride<GreekSeq>6</GreekSeq></word><word seq="6">say,<GreekSeq>7</GreekSeq></word><word seq="7">“Come.”<GreekSeq>8</GreekSeq></word><word seq="8">And<GreekSeq>9</GreekSeq></word><word seq="9">let the one<GreekSeq>12</GreekSeq></word><word seq="10">who hears<GreekSeq>11</GreekSeq></word><word seq="11">say,<GreekSeq>12</GreekSeq></word><word seq="12">“Come.”<GreekSeq>13</GreekSeq></word><word seq="13">And<GreekSeq>14</GreekSeq></word><word seq="14">let the one<GreekSeq>17</GreekSeq></word><word seq="15">who is thirsty<GreekSeq>16</GreekSeq></word><word seq="16">come;<GreekSeq>17</GreekSeq></word><word seq="17">let the one<GreekSeq>20</GreekSeq></word><word seq="18">who desires<GreekSeq>19</GreekSeq></word><word seq="19">take<GreekSeq>20</GreekSeq></word><word seq="20">the water<GreekSeq>21</GreekSeq></word><word seq="21">of life<GreekSeq>22</GreekSeq></word><word seq="22">without price.<GreekSeq>23</GreekSeq></word></ESV></verse>
<verse number="18"><ESV><word seq="1">I<GreekSeq>2</GreekSeq></word><word seq="2">[warn]<GreekSeq>1</GreekSeq></word><word seq="3">everyone<GreekSeq>3</GreekSeq></word><word seq="4">who hears<GreekSeq>5</GreekSeq></word><word seq="5">the<GreekSeq>6</GreekSeq></word><word seq="6">words<GreekSeq>7</GreekSeq></word><word seq="7">of the<GreekSeq>8</GreekSeq></word><word seq="8">prophecy<GreekSeq>9</GreekSeq></word><word seq="9">of this<GreekSeq>12</GreekSeq></word><word seq="10">book:<GreekSeq>11</GreekSeq></word><word seq="11">if<GreekSeq>13</GreekSeq></word><word seq="12">anyone<GreekSeq>14</GreekSeq></word><word seq="13">adds<GreekSeq>15</GreekSeq></word><word seq="14">to<GreekSeq>16</GreekSeq></word><word seq="15">them,<GreekSeq>17</GreekSeq></word><word seq="16">God<GreekSeq>20</GreekSeq></word><word seq="17">will add<GreekSeq>18</GreekSeq></word><word seq="18">to<GreekSeq>21</GreekSeq></word><word seq="19">him<GreekSeq>22</GreekSeq></word><word seq="20">the<GreekSeq>23</GreekSeq></word><word seq="21">plagues<GreekSeq>24</GreekSeq></word><word seq="22">described<GreekSeq>26</GreekSeq></word><word seq="23">in<GreekSeq>27</GreekSeq></word><word seq="24">this<GreekSeq>30</GreekSeq></word><word seq="25">book,<GreekSeq>29</GreekSeq></word></ESV></verse>
<verse number="19"><ESV><word seq="1">and<GreekSeq>1</GreekSeq></word><word seq="2">if<GreekSeq>2</GreekSeq></word><word seq="3">anyone<GreekSeq>3</GreekSeq></word><word seq="4">takes away<GreekSeq>4</GreekSeq></word><word seq="5">from<GreekSeq>5</GreekSeq></word><word seq="6">the<GreekSeq>6</GreekSeq></word><word seq="7">words<GreekSeq>7</GreekSeq></word><word seq="8">of the<GreekSeq>8</GreekSeq></word><word seq="9">book<GreekSeq>9</GreekSeq></word><word seq="10">of this<GreekSeq>12</GreekSeq></word><word seq="11">prophecy,<GreekSeq>11</GreekSeq></word><word seq="12">God<GreekSeq>15</GreekSeq></word><word seq="13">will take away<GreekSeq>13</GreekSeq></word><word seq="14">his<GreekSeq>18</GreekSeq></word><word seq="15">share<GreekSeq>17</GreekSeq></word><word seq="16">in<GreekSeq>19</GreekSeq></word><word seq="17">the<GreekSeq>20</GreekSeq></word><word seq="18">tree<GreekSeq>21</GreekSeq></word><word seq="19">of life<GreekSeq>23</GreekSeq></word><word seq="20">and<GreekSeq>24</GreekSeq></word><word seq="21">in<GreekSeq>25</GreekSeq></word><word seq="22">the<GreekSeq>26</GreekSeq></word><word seq="23">holy<GreekSeq>29</GreekSeq></word><word seq="24">city,<GreekSeq>27</GreekSeq></word><word seq="25">which are described<GreekSeq>31</GreekSeq></word><word seq="26">in<GreekSeq>32</GreekSeq></word><word seq="27">this<GreekSeq>35</GreekSeq></word><word seq="28">book.<GreekSeq>34</GreekSeq></word></ESV></verse>
<verse number="20"><ESV><word seq="1">He<GreekSeq>2</GreekSeq></word><word seq="2">who testifies<GreekSeq>3</GreekSeq></word><word seq="3">to these things<GreekSeq>4</GreekSeq></word><word seq="4">says,<GreekSeq>1</GreekSeq></word><word seq="5">“Surely<GreekSeq>5</GreekSeq></word><word seq="6">I am coming<GreekSeq>6</GreekSeq></word><word seq="7">soon.”<GreekSeq>7</GreekSeq></word><word seq="8">Amen.<GreekSeq>8</GreekSeq></word><word seq="9">Come,<GreekSeq>9</GreekSeq></word><word seq="10">Lord<GreekSeq>10</GreekSeq></word><word seq="11">Jesus!<GreekSeq>11</GreekSeq></word></ESV></verse>
<verse number="21"><ESV><word seq="1">The<GreekSeq>1</GreekSeq></word><word seq="2">grace<GreekSeq>2</GreekSeq></word><word seq="3">of the<GreekSeq>3</GreekSeq></word><word seq="4">Lord<GreekSeq>4</GreekSeq></word><word seq="5">Jesus<GreekSeq>5</GreekSeq></word><word seq="6">be</word><word seq="7">with<GreekSeq>6</GreekSeq></word><word seq="8">all.<GreekSeq>7</GreekSeq></word><word seq="9" note="Base of different Greek: ἀμήν(281)">Amen.</word></ESV></verse></chapter></book>