<?xml version="1.0" encoding="UTF-8" standalone="no"?><book><chapter number="5">'<verse number="1"><ESV><word seq="1">Then<GreekSeq>1</GreekSeq></word><word seq="2">I saw<GreekSeq>2</GreekSeq></word><word seq="3">in<GreekSeq>3</GreekSeq></word><word seq="4">the<GreekSeq>4</GreekSeq></word><word seq="5">right [hand]<GreekSeq>5</GreekSeq></word><word seq="6">of him<GreekSeq>6</GreekSeq></word><word seq="7">who was seated<GreekSeq>7</GreekSeq></word><word seq="8">on<GreekSeq>8</GreekSeq></word><word seq="9">the<GreekSeq>9</GreekSeq></word><word seq="10">throne<GreekSeq>10</GreekSeq></word><word seq="11">a scroll<GreekSeq>11</GreekSeq></word><word seq="12">written<GreekSeq>12</GreekSeq></word><word seq="13">within<GreekSeq>13</GreekSeq></word><word seq="14">and<GreekSeq>14</GreekSeq></word><word seq="15">on the back,<GreekSeq>15</GreekSeq></word><word seq="16">sealed<GreekSeq>16</GreekSeq></word><word seq="17">with<GreekSeq>17</GreekSeq></word><word seq="18">seven<GreekSeq>18</GreekSeq></word><word seq="19">seals.<GreekSeq>17</GreekSeq></word></ESV></verse>
<verse number="2"><ESV><word seq="1">And<GreekSeq>1</GreekSeq></word><word seq="2">I saw<GreekSeq>2</GreekSeq></word><word seq="3">a mighty<GreekSeq>4</GreekSeq></word><word seq="4">angel<GreekSeq>3</GreekSeq></word><word seq="5">proclaiming<GreekSeq>5</GreekSeq></word><word seq="6">with<GreekSeq>6</GreekSeq></word><word seq="7">a loud<GreekSeq>8</GreekSeq></word><word seq="8">voice,<GreekSeq>7</GreekSeq></word><word seq="9">“Who<GreekSeq>9</GreekSeq></word><word seq="10" note="Base of different Greek: ἐστιν(2076)">is</word><word seq="11">worthy<GreekSeq>10</GreekSeq></word><word seq="12">to open<GreekSeq>11</GreekSeq></word><word seq="13">the<GreekSeq>12</GreekSeq></word><word seq="14">scroll<GreekSeq>13</GreekSeq></word><word seq="15">and<GreekSeq>14</GreekSeq></word><word seq="16">break<GreekSeq>15</GreekSeq></word><word seq="17">its<GreekSeq>18</GreekSeq></word><word seq="18">seals?”<GreekSeq>17</GreekSeq></word></ESV></verse>
<verse number="3"><ESV><word seq="1">And<GreekSeq>1</GreekSeq></word><word seq="2">no one<GreekSeq>2</GreekSeq></word><word seq="3">in<GreekSeq>4</GreekSeq></word><word seq="4">heaven<GreekSeq>6</GreekSeq></word><word seq="5">or<GreekSeq>7</GreekSeq></word><word seq="6">on<GreekSeq>8</GreekSeq></word><word seq="7">earth<GreekSeq>10</GreekSeq></word><word seq="8">or<GreekSeq>11</GreekSeq></word><word seq="9">under<GreekSeq>12</GreekSeq></word><word seq="10">the<GreekSeq>13</GreekSeq></word><word seq="11">earth<GreekSeq>14</GreekSeq></word><word seq="12">was able<GreekSeq>3</GreekSeq></word><word seq="13">to open<GreekSeq>15</GreekSeq></word><word seq="14">the<GreekSeq>16</GreekSeq></word><word seq="15">scroll<GreekSeq>17</GreekSeq></word><word seq="16">or<GreekSeq>18</GreekSeq></word><word seq="17">to look into<GreekSeq>19</GreekSeq></word><word seq="18">it,<GreekSeq>20</GreekSeq></word></ESV></verse>
<verse number="4"><ESV><word seq="1">and<GreekSeq>1</GreekSeq></word><word seq="2">I [began to] weep<GreekSeq>2</GreekSeq></word><word seq="3">loudly<GreekSeq>3</GreekSeq></word><word seq="4">because<GreekSeq>4</GreekSeq></word><word seq="5">no one<GreekSeq>5</GreekSeq></word><word seq="6">was found<GreekSeq>7</GreekSeq></word><word seq="7">worthy<GreekSeq>6</GreekSeq></word><word seq="8">to open<GreekSeq>8</GreekSeq></word><word seq="9">the<GreekSeq>9</GreekSeq></word><word seq="10">scroll<GreekSeq>10</GreekSeq></word><word seq="11">or<GreekSeq>11</GreekSeq></word><word seq="12">to look into<GreekSeq>12</GreekSeq></word><word seq="13">it.<GreekSeq>13</GreekSeq></word></ESV></verse>
<verse number="5"><ESV><word seq="1">And<GreekSeq>1</GreekSeq></word><word seq="2">one<GreekSeq>2</GreekSeq></word><word seq="3">of<GreekSeq>3</GreekSeq></word><word seq="4">the<GreekSeq>4</GreekSeq></word><word seq="5">elders<GreekSeq>5</GreekSeq></word><word seq="6">said<GreekSeq>6</GreekSeq></word><word seq="7">to me,<GreekSeq>7</GreekSeq></word><word seq="8">“Weep<GreekSeq>9</GreekSeq></word><word seq="9">no more;<GreekSeq>8</GreekSeq></word><word seq="10">behold,<GreekSeq>10</GreekSeq></word><word seq="11">the<GreekSeq>12</GreekSeq></word><word seq="12">Lion<GreekSeq>13</GreekSeq></word><word seq="13">of<GreekSeq>15</GreekSeq></word><word seq="14">the<GreekSeq>16</GreekSeq></word><word seq="15">tribe<GreekSeq>17</GreekSeq></word><word seq="16">of Judah,<GreekSeq>18</GreekSeq></word><word seq="17">the<GreekSeq>19</GreekSeq></word><word seq="18">Root<GreekSeq>20</GreekSeq></word><word seq="19">of David,<GreekSeq>21</GreekSeq></word><word seq="20">has conquered,<GreekSeq>11</GreekSeq></word><word seq="21">[so that he] can open<GreekSeq>22</GreekSeq></word><word seq="22">the<GreekSeq>23</GreekSeq></word><word seq="23">scroll<GreekSeq>24</GreekSeq></word><word seq="24">and<GreekSeq>25</GreekSeq></word><word seq="25">its<GreekSeq>29</GreekSeq></word><word seq="26">seven<GreekSeq>27</GreekSeq></word><word seq="27">seals.”<GreekSeq>28</GreekSeq></word></ESV></verse>
<verse number="6"><ESV><word seq="1">And<GreekSeq>1</GreekSeq></word><word seq="2">between<GreekSeq>3</GreekSeq><GreekSeq>4</GreekSeq></word><word seq="3">the<GreekSeq>5</GreekSeq></word><word seq="4">throne<GreekSeq>6</GreekSeq></word><word seq="5">and<GreekSeq>7</GreekSeq></word><word seq="6">the<GreekSeq>8</GreekSeq></word><word seq="7">four<GreekSeq>9</GreekSeq></word><word seq="8">living creatures<GreekSeq>10</GreekSeq></word><word seq="9">and<GreekSeq>11</GreekSeq></word><word seq="10">among<GreekSeq>12</GreekSeq><GreekSeq>13</GreekSeq></word><word seq="11">the<GreekSeq>14</GreekSeq></word><word seq="12">elders<GreekSeq>15</GreekSeq></word><word seq="13">I saw<GreekSeq>2</GreekSeq></word><word seq="14">a Lamb<GreekSeq>16</GreekSeq></word><word seq="15">standing,<GreekSeq>17</GreekSeq></word><word seq="16">as though<GreekSeq>18</GreekSeq></word><word seq="17">it had been slain,<GreekSeq>19</GreekSeq></word><word seq="18">with<GreekSeq>20</GreekSeq></word><word seq="19">seven<GreekSeq>22</GreekSeq></word><word seq="20">horns<GreekSeq>21</GreekSeq></word><word seq="21">and with<GreekSeq>23</GreekSeq></word><word seq="22">seven<GreekSeq>25</GreekSeq></word><word seq="23">eyes,<GreekSeq>24</GreekSeq></word><word seq="24">which<GreekSeq>26</GreekSeq></word><word seq="25">are<GreekSeq>27</GreekSeq></word><word seq="26">the<GreekSeq>28</GreekSeq></word><word seq="27">seven<GreekSeq>29</GreekSeq></word><word seq="28">spirits<GreekSeq>30</GreekSeq></word><word seq="29">of God<GreekSeq>32</GreekSeq></word><word seq="30">sent out<GreekSeq>33</GreekSeq></word><word seq="31">into<GreekSeq>34</GreekSeq></word><word seq="32">all<GreekSeq>35</GreekSeq></word><word seq="33">the<GreekSeq>36</GreekSeq></word><word seq="34">earth.<GreekSeq>37</GreekSeq></word></ESV></verse>
<verse number="7"><ESV><word seq="1">And<GreekSeq>1</GreekSeq></word><word seq="2">he went<GreekSeq>2</GreekSeq></word><word seq="3">and<GreekSeq>3</GreekSeq></word><word seq="4">took<GreekSeq>4</GreekSeq></word><word seq="5" note="Base of different Greek: βιβλίον(975)">the scroll</word><word seq="6">from<GreekSeq>5</GreekSeq></word><word seq="7">the<GreekSeq>6</GreekSeq></word><word seq="8">right [hand]<GreekSeq>7</GreekSeq></word><word seq="9">of him<GreekSeq>8</GreekSeq></word><word seq="10">who was seated<GreekSeq>9</GreekSeq></word><word seq="11">on<GreekSeq>10</GreekSeq></word><word seq="12">the<GreekSeq>11</GreekSeq></word><word seq="13">throne.<GreekSeq>12</GreekSeq></word></ESV></verse>
<verse number="8"><ESV><word seq="1">And<GreekSeq>1</GreekSeq></word><word seq="2">when<GreekSeq>2</GreekSeq></word><word seq="3">he had taken<GreekSeq>3</GreekSeq></word><word seq="4">the<GreekSeq>4</GreekSeq></word><word seq="5">scroll,<GreekSeq>5</GreekSeq></word><word seq="6">the<GreekSeq>6</GreekSeq></word><word seq="7">four<GreekSeq>7</GreekSeq></word><word seq="8">living creatures<GreekSeq>8</GreekSeq></word><word seq="9">and<GreekSeq>9</GreekSeq></word><word seq="10">the<GreekSeq>10</GreekSeq></word><word seq="11">twenty<GreekSeq>11</GreekSeq></word><word seq="12">-four<GreekSeq>12</GreekSeq></word><word seq="13">elders<GreekSeq>13</GreekSeq></word><word seq="14">fell down<GreekSeq>14</GreekSeq></word><word seq="15">before<GreekSeq>15</GreekSeq></word><word seq="16">the<GreekSeq>16</GreekSeq></word><word seq="17">Lamb,<GreekSeq>17</GreekSeq></word><word seq="18">each<GreekSeq>19</GreekSeq></word><word seq="19">holding<GreekSeq>18</GreekSeq></word><word seq="20">a harp,<GreekSeq>20</GreekSeq></word><word seq="21">and<GreekSeq>21</GreekSeq></word><word seq="22">golden<GreekSeq>23</GreekSeq></word><word seq="23">bowls<GreekSeq>22</GreekSeq></word><word seq="24">full<GreekSeq>24</GreekSeq></word><word seq="25">of incense,<GreekSeq>25</GreekSeq></word><word seq="26">which<GreekSeq>26</GreekSeq></word><word seq="27">are<GreekSeq>27</GreekSeq></word><word seq="28">the<GreekSeq>28</GreekSeq></word><word seq="29">prayers<GreekSeq>29</GreekSeq></word><word seq="30">of the<GreekSeq>30</GreekSeq></word><word seq="31">saints.<GreekSeq>31</GreekSeq></word></ESV></verse>
<verse number="9"><ESV><word seq="1">And<GreekSeq>1</GreekSeq></word><word seq="2">they sang<GreekSeq>2</GreekSeq></word><word seq="3">a new<GreekSeq>4</GreekSeq></word><word seq="4">song,<GreekSeq>3</GreekSeq></word><word seq="5">saying,<GreekSeq>5</GreekSeq></word><word seq="6">“Worthy<GreekSeq>6</GreekSeq></word><word seq="7">are you<GreekSeq>7</GreekSeq></word><word seq="8">to take<GreekSeq>8</GreekSeq></word><word seq="9">the<GreekSeq>9</GreekSeq></word><word seq="10">scroll<GreekSeq>10</GreekSeq></word><word seq="11">and<GreekSeq>11</GreekSeq></word><word seq="12">to open<GreekSeq>12</GreekSeq></word><word seq="13">its<GreekSeq>15</GreekSeq></word><word seq="14">seals,<GreekSeq>14</GreekSeq></word><word seq="15">for<GreekSeq>16</GreekSeq></word><word seq="16">you were slain,<GreekSeq>17</GreekSeq></word><word seq="17">and<GreekSeq>18</GreekSeq></word><word seq="18">by<GreekSeq>22</GreekSeq></word><word seq="19">your<GreekSeq>25</GreekSeq></word><word seq="20">blood<GreekSeq>24</GreekSeq></word><word seq="21">you ransomed<GreekSeq>19</GreekSeq></word><word seq="22">people</word><word seq="23">for God<GreekSeq>21</GreekSeq></word><word seq="24">from<GreekSeq>26</GreekSeq></word><word seq="25">every<GreekSeq>27</GreekSeq></word><word seq="26">tribe<GreekSeq>28</GreekSeq></word><word seq="27">and<GreekSeq>29</GreekSeq></word><word seq="28">language<GreekSeq>30</GreekSeq></word><word seq="29">and<GreekSeq>31</GreekSeq></word><word seq="30">people<GreekSeq>32</GreekSeq></word><word seq="31">and<GreekSeq>33</GreekSeq></word><word seq="32">nation,<GreekSeq>34</GreekSeq></word></ESV></verse>
<verse number="10"><ESV><word seq="1">and<GreekSeq>1</GreekSeq></word><word seq="2">you have made<GreekSeq>2</GreekSeq></word><word seq="3">them<GreekSeq>3</GreekSeq></word><word seq="4">a kingdom<GreekSeq>7</GreekSeq></word><word seq="5">and<GreekSeq>8</GreekSeq></word><word seq="6">priests<GreekSeq>9</GreekSeq></word><word seq="7">to<GreekSeq>5</GreekSeq></word><word seq="8">our<GreekSeq>6</GreekSeq></word><word seq="9">God,<GreekSeq>5</GreekSeq></word><word seq="10">and<GreekSeq>10</GreekSeq></word><word seq="11">they shall reign<GreekSeq>11</GreekSeq></word><word seq="12">on<GreekSeq>12</GreekSeq></word><word seq="13">the<GreekSeq>13</GreekSeq></word><word seq="14">earth.”<GreekSeq>14</GreekSeq></word></ESV></verse>
<verse number="11"><ESV><word seq="1">Then<GreekSeq>1</GreekSeq></word><word seq="2">I looked,<GreekSeq>2</GreekSeq></word><word seq="3">and<GreekSeq>3</GreekSeq></word><word seq="4">I heard<GreekSeq>4</GreekSeq></word><word seq="5">around<GreekSeq>8</GreekSeq></word><word seq="6">the<GreekSeq>9</GreekSeq></word><word seq="7">throne<GreekSeq>10</GreekSeq></word><word seq="8">and<GreekSeq>11</GreekSeq></word><word seq="9">the<GreekSeq>12</GreekSeq></word><word seq="10">living creatures<GreekSeq>13</GreekSeq></word><word seq="11">and<GreekSeq>14</GreekSeq></word><word seq="12">the<GreekSeq>15</GreekSeq></word><word seq="13">elders<GreekSeq>16</GreekSeq></word><word seq="14">the voice<GreekSeq>5</GreekSeq></word><word seq="15">of many<GreekSeq>7</GreekSeq></word><word seq="16">angels,<GreekSeq>6</GreekSeq></word><word seq="17">numbering<GreekSeq>18</GreekSeq><GreekSeq>19</GreekSeq><GreekSeq>20</GreekSeq></word><word seq="18">myriads<GreekSeq>22</GreekSeq></word><word seq="19">of myriads<GreekSeq>23</GreekSeq></word><word seq="20">and<GreekSeq>24</GreekSeq></word><word seq="21">thousands<GreekSeq>25</GreekSeq></word><word seq="22">of thousands,<GreekSeq>26</GreekSeq></word></ESV></verse>
<verse number="12"><ESV><word seq="1">saying<GreekSeq>1</GreekSeq></word><word seq="2">with a loud<GreekSeq>3</GreekSeq></word><word seq="3">voice,<GreekSeq>2</GreekSeq></word><word seq="4">“Worthy<GreekSeq>4</GreekSeq></word><word seq="5">is<GreekSeq>5</GreekSeq></word><word seq="6">the<GreekSeq>6</GreekSeq></word><word seq="7">Lamb<GreekSeq>7</GreekSeq></word><word seq="8">who was slain,<GreekSeq>9</GreekSeq></word><word seq="9">to receive<GreekSeq>10</GreekSeq></word><word seq="10">power<GreekSeq>12</GreekSeq></word><word seq="11">and<GreekSeq>13</GreekSeq></word><word seq="12">wealth<GreekSeq>14</GreekSeq></word><word seq="13">and<GreekSeq>15</GreekSeq></word><word seq="14">wisdom<GreekSeq>16</GreekSeq></word><word seq="15">and<GreekSeq>17</GreekSeq></word><word seq="16">might<GreekSeq>18</GreekSeq></word><word seq="17">and<GreekSeq>19</GreekSeq></word><word seq="18">honor<GreekSeq>20</GreekSeq></word><word seq="19">and<GreekSeq>21</GreekSeq></word><word seq="20">glory<GreekSeq>22</GreekSeq></word><word seq="21">and<GreekSeq>23</GreekSeq></word><word seq="22">blessing!”<GreekSeq>24</GreekSeq></word></ESV></verse>
<verse number="13"><ESV><word seq="1">And<GreekSeq>1</GreekSeq></word><word seq="2">I heard<GreekSeq>25</GreekSeq></word><word seq="3">every<GreekSeq>2</GreekSeq></word><word seq="4">creature<GreekSeq>3</GreekSeq></word><word seq="5">in<GreekSeq>5</GreekSeq></word><word seq="6">heaven<GreekSeq>7</GreekSeq></word><word seq="7">and<GreekSeq>8</GreekSeq></word><word seq="8">on<GreekSeq>9</GreekSeq></word><word seq="9">earth<GreekSeq>11</GreekSeq></word><word seq="10">and<GreekSeq>12</GreekSeq></word><word seq="11">under<GreekSeq>13</GreekSeq></word><word seq="12">the<GreekSeq>14</GreekSeq></word><word seq="13">earth<GreekSeq>15</GreekSeq></word><word seq="14">and<GreekSeq>16</GreekSeq></word><word seq="15">in<GreekSeq>17</GreekSeq></word><word seq="16">the<GreekSeq>18</GreekSeq></word><word seq="17">sea,<GreekSeq>19</GreekSeq></word><word seq="18">and<GreekSeq>20</GreekSeq></word><word seq="19">all<GreekSeq>24</GreekSeq></word><word seq="20">that<GreekSeq>21</GreekSeq></word><word seq="21">is</word><word seq="22">in<GreekSeq>22</GreekSeq></word><word seq="23">them,<GreekSeq>23</GreekSeq></word><word seq="24">saying,<GreekSeq>26</GreekSeq></word><word seq="25">“To him<GreekSeq>27</GreekSeq></word><word seq="26">who sits<GreekSeq>28</GreekSeq></word><word seq="27">on<GreekSeq>29</GreekSeq></word><word seq="28">the<GreekSeq>30</GreekSeq></word><word seq="29">throne<GreekSeq>31</GreekSeq></word><word seq="30">and<GreekSeq>32</GreekSeq></word><word seq="31">to the<GreekSeq>33</GreekSeq></word><word seq="32">Lamb<GreekSeq>34</GreekSeq></word><word seq="33">be</word><word seq="34">blessing<GreekSeq>36</GreekSeq></word><word seq="35">and<GreekSeq>37</GreekSeq></word><word seq="36">honor<GreekSeq>39</GreekSeq></word><word seq="37">and<GreekSeq>40</GreekSeq></word><word seq="38">glory<GreekSeq>42</GreekSeq></word><word seq="39">and<GreekSeq>43</GreekSeq></word><word seq="40">might<GreekSeq>45</GreekSeq></word><word seq="41">forever<GreekSeq>46</GreekSeq><GreekSeq>48</GreekSeq></word><word seq="42">and</word><word seq="43">ever!”<GreekSeq>50</GreekSeq></word></ESV></verse>
<verse number="14"><ESV><word seq="1">And<GreekSeq>1</GreekSeq></word><word seq="2">the<GreekSeq>2</GreekSeq></word><word seq="3">four<GreekSeq>3</GreekSeq></word><word seq="4">living creatures<GreekSeq>4</GreekSeq></word><word seq="5">said,<GreekSeq>5</GreekSeq></word><word seq="6">“Amen!”<GreekSeq>6</GreekSeq></word><word seq="7">and<GreekSeq>7</GreekSeq></word><word seq="8">the<GreekSeq>8</GreekSeq></word><word seq="9">elders<GreekSeq>9</GreekSeq></word><word seq="10">fell down<GreekSeq>10</GreekSeq></word><word seq="11">and<GreekSeq>11</GreekSeq></word><word seq="12">worshiped.<GreekSeq>12</GreekSeq></word></ESV></verse></chapter></book>