<?xml version="1.0" encoding="UTF-8" standalone="no"?><book><chapter number="20">'<verse number="1"><ESV><word seq="1">Then<GreekSeq>1</GreekSeq></word><word seq="2">I saw<GreekSeq>2</GreekSeq></word><word seq="3">an angel<GreekSeq>3</GreekSeq></word><word seq="4">coming down<GreekSeq>4</GreekSeq></word><word seq="5">from<GreekSeq>5</GreekSeq></word><word seq="6">heaven,<GreekSeq>7</GreekSeq></word><word seq="7">holding<GreekSeq>8</GreekSeq></word><word seq="8">in<GreekSeq>16</GreekSeq></word><word seq="9">his<GreekSeq>19</GreekSeq></word><word seq="10">hand<GreekSeq>18</GreekSeq></word><word seq="11">the<GreekSeq>9</GreekSeq></word><word seq="12">key<GreekSeq>10</GreekSeq></word><word seq="13">to the<GreekSeq>11</GreekSeq></word><word seq="14">bottomless pit<GreekSeq>12</GreekSeq></word><word seq="15">and<GreekSeq>13</GreekSeq></word><word seq="16">a great<GreekSeq>15</GreekSeq></word><word seq="17">chain.<GreekSeq>14</GreekSeq></word></ESV></verse>
<verse number="2"><ESV><word seq="1">And<GreekSeq>1</GreekSeq></word><word seq="2">he seized<GreekSeq>2</GreekSeq></word><word seq="3">the<GreekSeq>3</GreekSeq></word><word seq="4">dragon,<GreekSeq>4</GreekSeq></word><word seq="5">that<GreekSeq>5</GreekSeq></word><word seq="6">ancient<GreekSeq>8</GreekSeq></word><word seq="7">serpent,<GreekSeq>6</GreekSeq></word><word seq="8">who<GreekSeq>9</GreekSeq></word><word seq="9">is<GreekSeq>10</GreekSeq></word><word seq="10">the devil<GreekSeq>11</GreekSeq></word><word seq="11">and<GreekSeq>12</GreekSeq></word><word seq="12">Satan,<GreekSeq>14</GreekSeq></word><word seq="13">and<GreekSeq>15</GreekSeq></word><word seq="14">bound<GreekSeq>16</GreekSeq></word><word seq="15">him<GreekSeq>17</GreekSeq></word><word seq="16">for a thousand<GreekSeq>18</GreekSeq></word><word seq="17">years,<GreekSeq>19</GreekSeq></word></ESV></verse>
<verse number="3"><ESV><word seq="1">and<GreekSeq>1</GreekSeq></word><word seq="2">threw<GreekSeq>2</GreekSeq></word><word seq="3">him<GreekSeq>3</GreekSeq></word><word seq="4">into<GreekSeq>4</GreekSeq></word><word seq="5">the<GreekSeq>5</GreekSeq></word><word seq="6">pit,<GreekSeq>6</GreekSeq></word><word seq="7">and<GreekSeq>7</GreekSeq></word><word seq="8">shut [it]<GreekSeq>8</GreekSeq></word><word seq="9">and<GreekSeq>9</GreekSeq></word><word seq="10">sealed [it]<GreekSeq>10</GreekSeq></word><word seq="11">over<GreekSeq>11</GreekSeq></word><word seq="12">him,<GreekSeq>12</GreekSeq></word><word seq="13">so that<GreekSeq>13</GreekSeq></word><word seq="14">he might<GreekSeq>15</GreekSeq></word><word seq="15">not<GreekSeq>14</GreekSeq></word><word seq="16">deceive<GreekSeq>15</GreekSeq></word><word seq="17">the<GreekSeq>17</GreekSeq></word><word seq="18">nations<GreekSeq>18</GreekSeq></word><word seq="19">any longer,<GreekSeq>16</GreekSeq></word><word seq="20">until<GreekSeq>19</GreekSeq></word><word seq="21">the<GreekSeq>21</GreekSeq></word><word seq="22">thousand<GreekSeq>22</GreekSeq></word><word seq="23">years<GreekSeq>23</GreekSeq></word><word seq="24">were ended.<GreekSeq>20</GreekSeq></word><word seq="25">After<GreekSeq>24</GreekSeq></word><word seq="26">that<GreekSeq>25</GreekSeq></word><word seq="27">he<GreekSeq>28</GreekSeq></word><word seq="28">must<GreekSeq>26</GreekSeq></word><word seq="29">be released<GreekSeq>27</GreekSeq></word><word seq="30">for a little<GreekSeq>29</GreekSeq></word><word seq="31">while.<GreekSeq>30</GreekSeq></word></ESV></verse>
<verse number="4"><ESV><word seq="1">Then<GreekSeq>1</GreekSeq></word><word seq="2">I saw<GreekSeq>2</GreekSeq></word><word seq="3">thrones,<GreekSeq>3</GreekSeq></word><word seq="4">and<GreekSeq>4</GreekSeq></word><word seq="5">seated<GreekSeq>5</GreekSeq></word><word seq="6">on<GreekSeq>6</GreekSeq></word><word seq="7">them<GreekSeq>7</GreekSeq></word><word seq="8">were those</word><word seq="9">to whom<GreekSeq>11</GreekSeq></word><word seq="10">the authority to judge<GreekSeq>9</GreekSeq></word><word seq="11">was committed.<GreekSeq>10</GreekSeq></word><word seq="12">Also<GreekSeq>8</GreekSeq></word><word seq="13">I saw</word><word seq="14">the<GreekSeq>13</GreekSeq></word><word seq="15">souls<GreekSeq>14</GreekSeq></word><word seq="16">of those<GreekSeq>15</GreekSeq></word><word seq="17">who had been beheaded<GreekSeq>16</GreekSeq></word><word seq="18">for<GreekSeq>17</GreekSeq></word><word seq="19">the<GreekSeq>18</GreekSeq></word><word seq="20">testimony<GreekSeq>19</GreekSeq></word><word seq="21">of Jesus<GreekSeq>20</GreekSeq></word><word seq="22">and<GreekSeq>21</GreekSeq></word><word seq="23">for<GreekSeq>22</GreekSeq></word><word seq="24">the<GreekSeq>23</GreekSeq></word><word seq="25">word<GreekSeq>24</GreekSeq></word><word seq="26">of God,<GreekSeq>26</GreekSeq></word><word seq="27">and<GreekSeq>27</GreekSeq></word><word seq="28">those who<GreekSeq>28</GreekSeq></word><word seq="29">had<GreekSeq>30</GreekSeq></word><word seq="30">not<GreekSeq>29</GreekSeq></word><word seq="31">worshiped<GreekSeq>30</GreekSeq></word><word seq="32">the<GreekSeq>31</GreekSeq></word><word seq="33">beast<GreekSeq>32</GreekSeq></word><word seq="34">or<GreekSeq>33</GreekSeq></word><word seq="35">its<GreekSeq>36</GreekSeq></word><word seq="36">image<GreekSeq>35</GreekSeq></word><word seq="37">and<GreekSeq>37</GreekSeq></word><word seq="38">had<GreekSeq>39</GreekSeq></word><word seq="39">not<GreekSeq>38</GreekSeq></word><word seq="40">received<GreekSeq>39</GreekSeq></word><word seq="41">its</word><word seq="42">mark<GreekSeq>41</GreekSeq></word><word seq="43">on<GreekSeq>42</GreekSeq></word><word seq="44" note="Base of different Greek: αὐτῶν(846)">their</word><word seq="45">foreheads<GreekSeq>44</GreekSeq></word><word seq="46">or<GreekSeq>45</GreekSeq></word><word seq="47">their<GreekSeq>49</GreekSeq></word><word seq="48">hands.<GreekSeq>48</GreekSeq></word><word seq="49">They came to life<GreekSeq>51</GreekSeq></word><word seq="50">and<GreekSeq>52</GreekSeq></word><word seq="51">reigned<GreekSeq>53</GreekSeq></word><word seq="52">with<GreekSeq>54</GreekSeq></word><word seq="53">Christ<GreekSeq>56</GreekSeq></word><word seq="54">for a thousand<GreekSeq>57</GreekSeq></word><word seq="55">years.<GreekSeq>58</GreekSeq></word></ESV></verse>
<verse number="5"><ESV><word seq="1">The<GreekSeq>1</GreekSeq></word><word seq="2">rest<GreekSeq>2</GreekSeq></word><word seq="3">of the<GreekSeq>3</GreekSeq></word><word seq="4">dead<GreekSeq>4</GreekSeq></word><word seq="5">did<GreekSeq>6</GreekSeq></word><word seq="6">not<GreekSeq>5</GreekSeq></word><word seq="7" note="Base of different Greek: ἀνἔζησαν(326)">come to life<GreekSeq>6</GreekSeq></word><word seq="8">until<GreekSeq>7</GreekSeq></word><word seq="9">the<GreekSeq>9</GreekSeq></word><word seq="10">thousand<GreekSeq>10</GreekSeq></word><word seq="11">years<GreekSeq>11</GreekSeq></word><word seq="12">were ended.<GreekSeq>8</GreekSeq></word><word seq="13">This<GreekSeq>12</GreekSeq></word><word seq="14">is</word><word seq="15">the<GreekSeq>13</GreekSeq></word><word seq="16">first<GreekSeq>16</GreekSeq></word><word seq="17">resurrection.<GreekSeq>14</GreekSeq></word></ESV></verse>
<verse number="6"><ESV><word seq="1">Blessed<GreekSeq>1</GreekSeq></word><word seq="2">and<GreekSeq>2</GreekSeq></word><word seq="3">holy<GreekSeq>3</GreekSeq></word><word seq="4">is</word><word seq="5">the one<GreekSeq>4</GreekSeq></word><word seq="6">who shares<GreekSeq>5</GreekSeq><GreekSeq>6</GreekSeq></word><word seq="7">in<GreekSeq>7</GreekSeq></word><word seq="8">the<GreekSeq>8</GreekSeq></word><word seq="9">first<GreekSeq>11</GreekSeq></word><word seq="10">resurrection!<GreekSeq>9</GreekSeq></word><word seq="11">Over<GreekSeq>12</GreekSeq></word><word seq="12">such<GreekSeq>13</GreekSeq></word><word seq="13">the<GreekSeq>14</GreekSeq></word><word seq="14">second<GreekSeq>15</GreekSeq></word><word seq="15">death<GreekSeq>16</GreekSeq></word><word seq="16">has<GreekSeq>18</GreekSeq></word><word seq="17">no<GreekSeq>17</GreekSeq></word><word seq="18">power,<GreekSeq>19</GreekSeq></word><word seq="19">but<GreekSeq>20</GreekSeq></word><word seq="20">they will be<GreekSeq>21</GreekSeq></word><word seq="21">priests<GreekSeq>22</GreekSeq></word><word seq="22">of God<GreekSeq>24</GreekSeq></word><word seq="23">and<GreekSeq>25</GreekSeq></word><word seq="24">of Christ,<GreekSeq>27</GreekSeq></word><word seq="25">and<GreekSeq>28</GreekSeq></word><word seq="26">they will reign<GreekSeq>29</GreekSeq></word><word seq="27">with<GreekSeq>30</GreekSeq></word><word seq="28">him<GreekSeq>31</GreekSeq></word><word seq="29">for a thousand<GreekSeq>33</GreekSeq></word><word seq="30">years.<GreekSeq>34</GreekSeq></word></ESV></verse>
<verse number="7"><ESV><word seq="1">And<GreekSeq>1</GreekSeq></word><word seq="2">when<GreekSeq>2</GreekSeq></word><word seq="3">the<GreekSeq>4</GreekSeq></word><word seq="4">thousand<GreekSeq>5</GreekSeq></word><word seq="5">years<GreekSeq>6</GreekSeq></word><word seq="6">are ended,<GreekSeq>3</GreekSeq></word><word seq="7">Satan<GreekSeq>9</GreekSeq></word><word seq="8">will be released<GreekSeq>7</GreekSeq></word><word seq="9">from<GreekSeq>10</GreekSeq></word><word seq="10">his<GreekSeq>13</GreekSeq></word><word seq="11">prison<GreekSeq>12</GreekSeq></word></ESV></verse>
<verse number="8"><ESV><word seq="1">and<GreekSeq>1</GreekSeq></word><word seq="2">will come out<GreekSeq>2</GreekSeq></word><word seq="3">to deceive<GreekSeq>3</GreekSeq></word><word seq="4">the<GreekSeq>4</GreekSeq></word><word seq="5">nations<GreekSeq>5</GreekSeq></word><word seq="6">that<GreekSeq>4</GreekSeq></word><word seq="7">are</word><word seq="8">at<GreekSeq>7</GreekSeq></word><word seq="9">the<GreekSeq>8</GreekSeq></word><word seq="10">four<GreekSeq>9</GreekSeq></word><word seq="11">corners<GreekSeq>10</GreekSeq></word><word seq="12">of the<GreekSeq>11</GreekSeq></word><word seq="13">earth,<GreekSeq>12</GreekSeq></word><word seq="14">Gog<GreekSeq>14</GreekSeq></word><word seq="15">and<GreekSeq>15</GreekSeq></word><word seq="16">Magog,<GreekSeq>16</GreekSeq></word><word seq="17">to gather<GreekSeq>17</GreekSeq></word><word seq="18">them<GreekSeq>18</GreekSeq></word><word seq="19">for<GreekSeq>19</GreekSeq></word><word seq="20">battle;<GreekSeq>21</GreekSeq></word><word seq="21">their<GreekSeq>25</GreekSeq></word><word seq="22">number<GreekSeq>24</GreekSeq></word><word seq="23">is</word><word seq="24">like<GreekSeq>26</GreekSeq></word><word seq="25">the<GreekSeq>27</GreekSeq></word><word seq="26">sand<GreekSeq>28</GreekSeq></word><word seq="27">of the<GreekSeq>29</GreekSeq></word><word seq="28">sea.<GreekSeq>30</GreekSeq></word></ESV></verse>
<verse number="9"><ESV><word seq="1">And<GreekSeq>1</GreekSeq></word><word seq="2">they marched up<GreekSeq>2</GreekSeq></word><word seq="3">over<GreekSeq>3</GreekSeq></word><word seq="4">the<GreekSeq>4</GreekSeq></word><word seq="5">broad plain<GreekSeq>5</GreekSeq></word><word seq="6">of the<GreekSeq>6</GreekSeq></word><word seq="7">earth<GreekSeq>7</GreekSeq></word><word seq="8">and<GreekSeq>8</GreekSeq></word><word seq="9">surrounded<GreekSeq>9</GreekSeq></word><word seq="10">the<GreekSeq>10</GreekSeq></word><word seq="11">camp<GreekSeq>11</GreekSeq></word><word seq="12">of the<GreekSeq>12</GreekSeq></word><word seq="13">saints<GreekSeq>13</GreekSeq></word><word seq="14">and<GreekSeq>14</GreekSeq></word><word seq="15">the<GreekSeq>15</GreekSeq></word><word seq="16">beloved<GreekSeq>18</GreekSeq></word><word seq="17">city,<GreekSeq>16</GreekSeq></word><word seq="18">but<GreekSeq>19</GreekSeq></word><word seq="19">fire<GreekSeq>21</GreekSeq></word><word seq="20">came down<GreekSeq>20</GreekSeq></word><word seq="21">from<GreekSeq>22</GreekSeq></word><word seq="22">heaven<GreekSeq>24</GreekSeq></word><word seq="23">and<GreekSeq>25</GreekSeq></word><word seq="24">consumed<GreekSeq>26</GreekSeq></word><word seq="25">them,<GreekSeq>27</GreekSeq></word></ESV></verse>
<verse number="10"><ESV><word seq="1">and<GreekSeq>1</GreekSeq></word><word seq="2">the<GreekSeq>2</GreekSeq></word><word seq="3">devil<GreekSeq>3</GreekSeq></word><word seq="4">who had deceived<GreekSeq>5</GreekSeq></word><word seq="5">them<GreekSeq>6</GreekSeq></word><word seq="6">was thrown<GreekSeq>7</GreekSeq></word><word seq="7">into<GreekSeq>8</GreekSeq></word><word seq="8">the<GreekSeq>9</GreekSeq></word><word seq="9">lake<GreekSeq>10</GreekSeq></word><word seq="10">of fire<GreekSeq>12</GreekSeq></word><word seq="11">and<GreekSeq>13</GreekSeq></word><word seq="12">sulfur<GreekSeq>14</GreekSeq></word><word seq="13">where<GreekSeq>15</GreekSeq></word><word seq="14">the<GreekSeq>17</GreekSeq></word><word seq="15">beast<GreekSeq>18</GreekSeq></word><word seq="16">and<GreekSeq>19</GreekSeq></word><word seq="17">the<GreekSeq>20</GreekSeq></word><word seq="18">false prophet<GreekSeq>21</GreekSeq></word><word seq="19">were,</word><word seq="20">and<GreekSeq>22</GreekSeq></word><word seq="21">they will be tormented<GreekSeq>23</GreekSeq></word><word seq="22">day<GreekSeq>24</GreekSeq></word><word seq="23">and<GreekSeq>25</GreekSeq></word><word seq="24">night<GreekSeq>26</GreekSeq></word><word seq="25">forever<GreekSeq>27</GreekSeq><GreekSeq>29</GreekSeq></word><word seq="26">and</word><word seq="27">ever.<GreekSeq>31</GreekSeq></word></ESV></verse>
<verse number="11"><ESV><word seq="1">Then<GreekSeq>1</GreekSeq></word><word seq="2">I saw<GreekSeq>2</GreekSeq></word><word seq="3">a great<GreekSeq>4</GreekSeq></word><word seq="4">white<GreekSeq>5</GreekSeq></word><word seq="5">throne<GreekSeq>3</GreekSeq></word><word seq="6">and<GreekSeq>6</GreekSeq></word><word seq="7">him<GreekSeq>7</GreekSeq></word><word seq="8">who was seated<GreekSeq>8</GreekSeq></word><word seq="9">on<GreekSeq>9</GreekSeq></word><word seq="10">it.<GreekSeq>10</GreekSeq></word><word seq="11">From<GreekSeq>12</GreekSeq></word><word seq="12">his<GreekSeq>11</GreekSeq></word><word seq="13">presence<GreekSeq>14</GreekSeq></word><word seq="14">earth<GreekSeq>17</GreekSeq></word><word seq="15">and<GreekSeq>18</GreekSeq></word><word seq="16">sky<GreekSeq>20</GreekSeq></word><word seq="17">fled away,<GreekSeq>15</GreekSeq></word><word seq="18">and<GreekSeq>21</GreekSeq></word><word seq="19">no<GreekSeq>23</GreekSeq></word><word seq="20">place<GreekSeq>22</GreekSeq></word><word seq="21">was found<GreekSeq>24</GreekSeq></word><word seq="22">for them.<GreekSeq>25</GreekSeq></word></ESV></verse>
<verse number="12"><ESV><word seq="1">And<GreekSeq>1</GreekSeq></word><word seq="2">I saw<GreekSeq>2</GreekSeq></word><word seq="3">the<GreekSeq>3</GreekSeq></word><word seq="4">dead,<GreekSeq>4</GreekSeq></word><word seq="5">great<GreekSeq>6</GreekSeq></word><word seq="6">and<GreekSeq>7</GreekSeq></word><word seq="7">small,<GreekSeq>9</GreekSeq></word><word seq="8">standing<GreekSeq>10</GreekSeq></word><word seq="9">before<GreekSeq>11</GreekSeq></word><word seq="10">the<GreekSeq>12</GreekSeq></word><word seq="11">throne,<GreekSeq>13</GreekSeq></word><word seq="12">and<GreekSeq>14</GreekSeq></word><word seq="13">books<GreekSeq>15</GreekSeq></word><word seq="14">were opened.<GreekSeq>16</GreekSeq></word><word seq="15">Then<GreekSeq>17</GreekSeq></word><word seq="16">another<GreekSeq>18</GreekSeq></word><word seq="17">book<GreekSeq>19</GreekSeq></word><word seq="18">was opened,<GreekSeq>20</GreekSeq></word><word seq="19">which<GreekSeq>21</GreekSeq></word><word seq="20">is<GreekSeq>22</GreekSeq></word><word seq="21">the [book]<GreekSeq>23</GreekSeq></word><word seq="22">of life.<GreekSeq>24</GreekSeq></word><word seq="23">And<GreekSeq>25</GreekSeq></word><word seq="24">the<GreekSeq>27</GreekSeq></word><word seq="25">dead<GreekSeq>28</GreekSeq></word><word seq="26">were judged<GreekSeq>26</GreekSeq></word><word seq="27">by<GreekSeq>29</GreekSeq></word><word seq="28">what was written<GreekSeq>30</GreekSeq><GreekSeq>31</GreekSeq></word><word seq="29">in<GreekSeq>32</GreekSeq></word><word seq="30">the<GreekSeq>33</GreekSeq></word><word seq="31">books,<GreekSeq>34</GreekSeq></word><word seq="32">according to<GreekSeq>35</GreekSeq></word><word seq="33">what<GreekSeq>37</GreekSeq></word><word seq="34">they<GreekSeq>38</GreekSeq></word><word seq="35">had done.<GreekSeq>37</GreekSeq></word></ESV></verse>
<verse number="13"><ESV><word seq="1">And<GreekSeq>1</GreekSeq></word><word seq="2">the<GreekSeq>3</GreekSeq></word><word seq="3">sea<GreekSeq>4</GreekSeq></word><word seq="4">gave up<GreekSeq>2</GreekSeq></word><word seq="5">the<GreekSeq>5</GreekSeq></word><word seq="6">dead<GreekSeq>6</GreekSeq></word><word seq="7">who<GreekSeq>7</GreekSeq></word><word seq="8">were</word><word seq="9">in<GreekSeq>8</GreekSeq></word><word seq="10">it,<GreekSeq>9</GreekSeq></word><word seq="11">Death<GreekSeq>12</GreekSeq></word><word seq="12">and<GreekSeq>13</GreekSeq></word><word seq="13">Hades<GreekSeq>15</GreekSeq></word><word seq="14">gave up<GreekSeq>16</GreekSeq></word><word seq="15">the<GreekSeq>17</GreekSeq></word><word seq="16">dead<GreekSeq>18</GreekSeq></word><word seq="17">who<GreekSeq>19</GreekSeq></word><word seq="18">were</word><word seq="19">in<GreekSeq>20</GreekSeq></word><word seq="20">them,<GreekSeq>21</GreekSeq></word><word seq="21">and<GreekSeq>22</GreekSeq></word><word seq="22">they were judged,<GreekSeq>23</GreekSeq></word><word seq="23">each one<GreekSeq>24</GreekSeq></word><word seq="24">of them,</word><word seq="25">according to<GreekSeq>25</GreekSeq></word><word seq="26">what<GreekSeq>27</GreekSeq></word><word seq="27">they<GreekSeq>28</GreekSeq></word><word seq="28">had done.<GreekSeq>27</GreekSeq></word></ESV></verse>
<verse number="14"><ESV><word seq="1">Then<GreekSeq>1</GreekSeq></word><word seq="2">Death<GreekSeq>3</GreekSeq></word><word seq="3">and<GreekSeq>4</GreekSeq></word><word seq="4">Hades<GreekSeq>6</GreekSeq></word><word seq="5">were thrown<GreekSeq>7</GreekSeq></word><word seq="6">into<GreekSeq>8</GreekSeq></word><word seq="7">the<GreekSeq>9</GreekSeq></word><word seq="8">lake<GreekSeq>10</GreekSeq></word><word seq="9">of fire.<GreekSeq>12</GreekSeq></word><word seq="10">This<GreekSeq>13</GreekSeq></word><word seq="11">is<GreekSeq>18</GreekSeq></word><word seq="12">the<GreekSeq>14</GreekSeq></word><word seq="13">second<GreekSeq>17</GreekSeq></word><word seq="14">death,<GreekSeq>15</GreekSeq></word><word seq="15">the<GreekSeq>19</GreekSeq></word><word seq="16">lake<GreekSeq>20</GreekSeq></word><word seq="17">of fire.<GreekSeq>22</GreekSeq></word></ESV></verse>
<verse number="15"><ESV><word seq="1">And<GreekSeq>1</GreekSeq></word><word seq="2">if<GreekSeq>2</GreekSeq></word><word seq="3">anyone’s [name]<GreekSeq>3</GreekSeq></word><word seq="4">was<GreekSeq>5</GreekSeq></word><word seq="5">not<GreekSeq>4</GreekSeq></word><word seq="6">found<GreekSeq>5</GreekSeq></word><word seq="7">written<GreekSeq>11</GreekSeq></word><word seq="8">in<GreekSeq>6</GreekSeq></word><word seq="9">the<GreekSeq>7</GreekSeq></word><word seq="10">book<GreekSeq>8</GreekSeq></word><word seq="11">of life,<GreekSeq>10</GreekSeq></word><word seq="12">he was thrown<GreekSeq>12</GreekSeq></word><word seq="13">into<GreekSeq>13</GreekSeq></word><word seq="14">the<GreekSeq>14</GreekSeq></word><word seq="15">lake<GreekSeq>15</GreekSeq></word><word seq="16">of fire.<GreekSeq>17</GreekSeq></word></ESV></verse></chapter></book>