<?xml version="1.0" encoding="UTF-8" standalone="no"?><book><chapter number="13">'<verse number="1"><ESV><word seq="1">And<GreekSeq>1</GreekSeq></word><word seq="2">I saw<GreekSeq>2</GreekSeq></word><word seq="3">a beast<GreekSeq>6</GreekSeq></word><word seq="4">rising<GreekSeq>7</GreekSeq></word><word seq="5">out of<GreekSeq>3</GreekSeq></word><word seq="6">the<GreekSeq>4</GreekSeq></word><word seq="7">sea,<GreekSeq>5</GreekSeq></word><word seq="8">with<GreekSeq>8</GreekSeq></word><word seq="9">ten<GreekSeq>10</GreekSeq></word><word seq="10">horns<GreekSeq>9</GreekSeq></word><word seq="11">and<GreekSeq>11</GreekSeq></word><word seq="12">seven<GreekSeq>13</GreekSeq></word><word seq="13">heads,<GreekSeq>12</GreekSeq></word><word seq="14">with<GreekSeq>14</GreekSeq></word><word seq="15">ten<GreekSeq>19</GreekSeq></word><word seq="16">diadems<GreekSeq>20</GreekSeq></word><word seq="17">on<GreekSeq>15</GreekSeq></word><word seq="18">its<GreekSeq>18</GreekSeq></word><word seq="19">horns<GreekSeq>17</GreekSeq></word><word seq="20">and<GreekSeq>21</GreekSeq></word><word seq="21">blasphemous<GreekSeq>27</GreekSeq></word><word seq="22">names<GreekSeq>26</GreekSeq></word><word seq="23">on<GreekSeq>22</GreekSeq></word><word seq="24">its<GreekSeq>25</GreekSeq></word><word seq="25">heads.<GreekSeq>24</GreekSeq></word></ESV></verse>
<verse number="2"><ESV><word seq="1">And<GreekSeq>1</GreekSeq></word><word seq="2">the<GreekSeq>2</GreekSeq></word><word seq="3">beast<GreekSeq>3</GreekSeq></word><word seq="4">that<GreekSeq>4</GreekSeq></word><word seq="5">I saw<GreekSeq>5</GreekSeq></word><word seq="6">was<GreekSeq>6</GreekSeq></word><word seq="7">like<GreekSeq>7</GreekSeq></word><word seq="8">a leopard;<GreekSeq>8</GreekSeq></word><word seq="9">its<GreekSeq>12</GreekSeq></word><word seq="10">feet<GreekSeq>11</GreekSeq></word><word seq="11">were</word><word seq="12">like<GreekSeq>13</GreekSeq></word><word seq="13">a bear’s,<GreekSeq>14</GreekSeq></word><word seq="14">and<GreekSeq>15</GreekSeq></word><word seq="15">its<GreekSeq>18</GreekSeq></word><word seq="16">mouth<GreekSeq>17</GreekSeq></word><word seq="17">was</word><word seq="18">like<GreekSeq>19</GreekSeq></word><word seq="19">a lion’s<GreekSeq>21</GreekSeq></word><word seq="20">mouth.<GreekSeq>20</GreekSeq></word><word seq="21">And<GreekSeq>22</GreekSeq></word><word seq="22">to it<GreekSeq>24</GreekSeq></word><word seq="23">the<GreekSeq>25</GreekSeq></word><word seq="24">dragon<GreekSeq>26</GreekSeq></word><word seq="25">gave<GreekSeq>23</GreekSeq></word><word seq="26">his<GreekSeq>29</GreekSeq></word><word seq="27">power<GreekSeq>28</GreekSeq></word><word seq="28">and<GreekSeq>30</GreekSeq></word><word seq="29">his<GreekSeq>33</GreekSeq></word><word seq="30">throne<GreekSeq>32</GreekSeq></word><word seq="31">and<GreekSeq>34</GreekSeq></word><word seq="32">great<GreekSeq>36</GreekSeq></word><word seq="33">authority.<GreekSeq>35</GreekSeq></word></ESV></verse>
<verse number="3"><ESV><word seq="1">One<GreekSeq>2</GreekSeq></word><word seq="2">of<GreekSeq>3</GreekSeq></word><word seq="3">its<GreekSeq>6</GreekSeq></word><word seq="4">heads<GreekSeq>5</GreekSeq></word><word seq="5">seemed<GreekSeq>7</GreekSeq></word><word seq="6">to have<GreekSeq>8</GreekSeq></word><word seq="7">a mortal<GreekSeq>10</GreekSeq></word><word seq="8">wound,<GreekSeq>8</GreekSeq></word><word seq="9">but<GreekSeq>11</GreekSeq></word><word seq="10">its<GreekSeq>16</GreekSeq></word><word seq="11">mortal<GreekSeq>15</GreekSeq></word><word seq="12">wound<GreekSeq>13</GreekSeq></word><word seq="13">was healed,<GreekSeq>17</GreekSeq></word><word seq="14">and<GreekSeq>18</GreekSeq></word><word seq="15">the<GreekSeq>21</GreekSeq></word><word seq="16">whole<GreekSeq>20</GreekSeq></word><word seq="17">earth<GreekSeq>22</GreekSeq></word><word seq="18">marveled<GreekSeq>19</GreekSeq></word><word seq="19">as they</word><word seq="20">followed<GreekSeq>23</GreekSeq></word><word seq="21">the<GreekSeq>24</GreekSeq></word><word seq="22">beast.<GreekSeq>25</GreekSeq></word></ESV></verse>
<verse number="4"><ESV><word seq="1">And<GreekSeq>1</GreekSeq></word><word seq="2">they worshiped<GreekSeq>2</GreekSeq></word><word seq="3">the<GreekSeq>3</GreekSeq></word><word seq="4">dragon,<GreekSeq>4</GreekSeq></word><word seq="5">for<GreekSeq>5</GreekSeq></word><word seq="6">he had given<GreekSeq>6</GreekSeq></word><word seq="7">his</word><word seq="8">authority<GreekSeq>8</GreekSeq></word><word seq="9">to the<GreekSeq>9</GreekSeq></word><word seq="10">beast,<GreekSeq>10</GreekSeq></word><word seq="11">and<GreekSeq>11</GreekSeq></word><word seq="12">they worshiped<GreekSeq>12</GreekSeq></word><word seq="13">the<GreekSeq>13</GreekSeq></word><word seq="14">beast,<GreekSeq>14</GreekSeq></word><word seq="15">saying,<GreekSeq>15</GreekSeq></word><word seq="16">“Who<GreekSeq>16</GreekSeq></word><word seq="17">is</word><word seq="18">like<GreekSeq>17</GreekSeq></word><word seq="19">the<GreekSeq>18</GreekSeq></word><word seq="20">beast,<GreekSeq>19</GreekSeq></word><word seq="21">and<GreekSeq>20</GreekSeq></word><word seq="22">who<GreekSeq>21</GreekSeq></word><word seq="23">can<GreekSeq>22</GreekSeq></word><word seq="24">fight<GreekSeq>23</GreekSeq></word><word seq="25">against<GreekSeq>24</GreekSeq></word><word seq="26">it?”<GreekSeq>25</GreekSeq></word></ESV></verse>
<verse number="5"><ESV><word seq="1">And<GreekSeq>1</GreekSeq></word><word seq="2">[the beast]<GreekSeq>3</GreekSeq></word><word seq="3">was given<GreekSeq>2</GreekSeq></word><word seq="4">a mouth<GreekSeq>4</GreekSeq></word><word seq="5">uttering<GreekSeq>5</GreekSeq></word><word seq="6">haughty<GreekSeq>6</GreekSeq></word><word seq="7">and<GreekSeq>7</GreekSeq></word><word seq="8">blasphemous words,<GreekSeq>8</GreekSeq></word><word seq="9">and<GreekSeq>9</GreekSeq></word><word seq="10">it<GreekSeq>11</GreekSeq></word><word seq="11">was allowed<GreekSeq>10</GreekSeq></word><word seq="12">to exercise<GreekSeq>13</GreekSeq></word><word seq="13">authority<GreekSeq>12</GreekSeq></word><word seq="14">for</word><word seq="15">forty<GreekSeq>15</GreekSeq></word><word seq="16">-two<GreekSeq>17</GreekSeq></word><word seq="17">months.<GreekSeq>14</GreekSeq></word></ESV></verse>
<verse number="6"><ESV><word seq="1">It opened<GreekSeq>2</GreekSeq></word><word seq="2">its<GreekSeq>5</GreekSeq></word><word seq="3">mouth<GreekSeq>4</GreekSeq></word><word seq="4">[to utter]<GreekSeq>6</GreekSeq></word><word seq="5">blasphemies<GreekSeq>7</GreekSeq></word><word seq="6">against<GreekSeq>8</GreekSeq></word><word seq="7">God,<GreekSeq>10</GreekSeq></word><word seq="8">blaspheming<GreekSeq>11</GreekSeq></word><word seq="9">his<GreekSeq>14</GreekSeq></word><word seq="10">name<GreekSeq>13</GreekSeq></word><word seq="11">and<GreekSeq>15</GreekSeq></word><word seq="12">his<GreekSeq>18</GreekSeq></word><word seq="13">dwelling,<GreekSeq>17</GreekSeq></word><word seq="14">that is,</word><word seq="15">those<GreekSeq>19</GreekSeq></word><word seq="16">who dwell<GreekSeq>23</GreekSeq></word><word seq="17">in<GreekSeq>20</GreekSeq></word><word seq="18">heaven.<GreekSeq>22</GreekSeq></word></ESV></verse>
<verse number="7"><ESV><word seq="1">Also<GreekSeq>1</GreekSeq></word><word seq="2">it<GreekSeq>3</GreekSeq></word><word seq="3">was [allowed]<GreekSeq>2</GreekSeq></word><word seq="4">to make<GreekSeq>4</GreekSeq></word><word seq="5">war<GreekSeq>5</GreekSeq></word><word seq="6">on<GreekSeq>6</GreekSeq></word><word seq="7">the<GreekSeq>7</GreekSeq></word><word seq="8">saints<GreekSeq>8</GreekSeq></word><word seq="9">and<GreekSeq>9</GreekSeq></word><word seq="10">to conquer<GreekSeq>10</GreekSeq></word><word seq="11">them.<GreekSeq>11</GreekSeq></word><word seq="12">And<GreekSeq>12</GreekSeq></word><word seq="13">authority<GreekSeq>15</GreekSeq></word><word seq="14">was given<GreekSeq>13</GreekSeq></word><word seq="15">it<GreekSeq>14</GreekSeq></word><word seq="16">over<GreekSeq>16</GreekSeq></word><word seq="17">every<GreekSeq>17</GreekSeq></word><word seq="18">tribe<GreekSeq>18</GreekSeq></word><word seq="19">and<GreekSeq>19</GreekSeq></word><word seq="20">people<GreekSeq>20</GreekSeq></word><word seq="21">and<GreekSeq>21</GreekSeq></word><word seq="22">language<GreekSeq>22</GreekSeq></word><word seq="23">and<GreekSeq>23</GreekSeq></word><word seq="24">nation,<GreekSeq>24</GreekSeq></word></ESV></verse>
<verse number="8"><ESV><word seq="1">and<GreekSeq>1</GreekSeq></word><word seq="2">all<GreekSeq>4</GreekSeq></word><word seq="3">who dwell<GreekSeq>6</GreekSeq></word><word seq="4">on<GreekSeq>7</GreekSeq></word><word seq="5">earth<GreekSeq>9</GreekSeq></word><word seq="6">will worship<GreekSeq>2</GreekSeq></word><word seq="7">it,<GreekSeq>3</GreekSeq></word><word seq="8">everyone<GreekSeq>10</GreekSeq></word><word seq="9">whose<GreekSeq>15</GreekSeq></word><word seq="10">name<GreekSeq>14</GreekSeq></word><word seq="11">has<GreekSeq>12</GreekSeq></word><word seq="12">not<GreekSeq>11</GreekSeq></word><word seq="13">been written<GreekSeq>12</GreekSeq></word><word seq="14">before<GreekSeq>25</GreekSeq></word><word seq="15">the foundation<GreekSeq>26</GreekSeq></word><word seq="16">of the world<GreekSeq>27</GreekSeq></word><word seq="17">in<GreekSeq>16</GreekSeq></word><word seq="18">the<GreekSeq>17</GreekSeq></word><word seq="19">book<GreekSeq>18</GreekSeq></word><word seq="20">of life<GreekSeq>20</GreekSeq></word><word seq="21">of the<GreekSeq>21</GreekSeq></word><word seq="22">Lamb<GreekSeq>22</GreekSeq></word><word seq="23">who was slain.<GreekSeq>24</GreekSeq></word></ESV></verse>
<verse number="9"><ESV><word seq="1">If<GreekSeq>1</GreekSeq></word><word seq="2">anyone<GreekSeq>2</GreekSeq></word><word seq="3">has<GreekSeq>3</GreekSeq></word><word seq="4">an ear,<GreekSeq>4</GreekSeq></word><word seq="5">let him hear:<GreekSeq>5</GreekSeq></word></ESV></verse>
<verse number="10"><ESV><word seq="1">If<GreekSeq>1</GreekSeq></word><word seq="2">anyone<GreekSeq>2</GreekSeq></word><word seq="3">is</word><word seq="4">to be taken captive,<GreekSeq>3</GreekSeq><GreekSeq>4</GreekSeq></word><word seq="5">to<GreekSeq>5</GreekSeq></word><word seq="6">captivity<GreekSeq>6</GreekSeq></word><word seq="7">he goes;<GreekSeq>7</GreekSeq></word><word seq="8">if<GreekSeq>8</GreekSeq></word><word seq="9">anyone<GreekSeq>9</GreekSeq></word><word seq="10">is to be slain<GreekSeq>12</GreekSeq></word><word seq="11">with<GreekSeq>10</GreekSeq></word><word seq="12">the sword,<GreekSeq>11</GreekSeq></word><word seq="13">with<GreekSeq>14</GreekSeq></word><word seq="14">the sword<GreekSeq>15</GreekSeq></word><word seq="15" note="Base of different Greek: δεῖ(1163)">must</word><word seq="16">he<GreekSeq>13</GreekSeq></word><word seq="17">be slain.<GreekSeq>16</GreekSeq></word><word seq="18">Here<GreekSeq>17</GreekSeq></word><word seq="19">is<GreekSeq>18</GreekSeq></word><word seq="20">a call for</word><word seq="21">the<GreekSeq>19</GreekSeq></word><word seq="22">endurance<GreekSeq>20</GreekSeq></word><word seq="23">and<GreekSeq>21</GreekSeq></word><word seq="24">faith<GreekSeq>23</GreekSeq></word><word seq="25">of the<GreekSeq>24</GreekSeq></word><word seq="26">saints.<GreekSeq>25</GreekSeq></word></ESV></verse>
<verse number="11"><ESV><word seq="1">Then<GreekSeq>1</GreekSeq></word><word seq="2">I saw<GreekSeq>2</GreekSeq></word><word seq="3">another<GreekSeq>3</GreekSeq></word><word seq="4">beast<GreekSeq>4</GreekSeq></word><word seq="5">rising<GreekSeq>5</GreekSeq></word><word seq="6">out of<GreekSeq>6</GreekSeq></word><word seq="7">the<GreekSeq>7</GreekSeq></word><word seq="8">earth.<GreekSeq>8</GreekSeq></word><word seq="9">It had<GreekSeq>10</GreekSeq></word><word seq="10">two<GreekSeq>12</GreekSeq></word><word seq="11">horns<GreekSeq>11</GreekSeq></word><word seq="12">like<GreekSeq>13</GreekSeq></word><word seq="13">a lamb<GreekSeq>14</GreekSeq></word><word seq="14">and<GreekSeq>15</GreekSeq></word><word seq="15">it spoke<GreekSeq>16</GreekSeq></word><word seq="16">like<GreekSeq>17</GreekSeq></word><word seq="17">a dragon.<GreekSeq>18</GreekSeq></word></ESV></verse>
<verse number="12"><ESV><word seq="1">It exercises<GreekSeq>8</GreekSeq></word><word seq="2">all<GreekSeq>7</GreekSeq></word><word seq="3">the<GreekSeq>2</GreekSeq></word><word seq="4">authority<GreekSeq>3</GreekSeq></word><word seq="5">of the<GreekSeq>4</GreekSeq></word><word seq="6">first<GreekSeq>5</GreekSeq></word><word seq="7">beast<GreekSeq>6</GreekSeq></word><word seq="8">in<GreekSeq>9</GreekSeq></word><word seq="9">its<GreekSeq>10</GreekSeq></word><word seq="10">presence,<GreekSeq>9</GreekSeq></word><word seq="11">and<GreekSeq>11</GreekSeq></word><word seq="12">makes<GreekSeq>12</GreekSeq></word><word seq="13">the<GreekSeq>13</GreekSeq></word><word seq="14">earth<GreekSeq>14</GreekSeq></word><word seq="15">and<GreekSeq>15</GreekSeq></word><word seq="16">its inhabitants<GreekSeq>17</GreekSeq><GreekSeq>18</GreekSeq><GreekSeq>19</GreekSeq></word><word seq="17">worship<GreekSeq>21</GreekSeq></word><word seq="18">the<GreekSeq>22</GreekSeq></word><word seq="19">first<GreekSeq>25</GreekSeq></word><word seq="20">beast,<GreekSeq>23</GreekSeq></word><word seq="21">whose<GreekSeq>32</GreekSeq></word><word seq="22">mortal<GreekSeq>31</GreekSeq></word><word seq="23">wound<GreekSeq>29</GreekSeq></word><word seq="24">was healed.<GreekSeq>27</GreekSeq></word></ESV></verse>
<verse number="13"><ESV><word seq="1">It performs<GreekSeq>2</GreekSeq></word><word seq="2">great<GreekSeq>4</GreekSeq></word><word seq="3">signs,<GreekSeq>3</GreekSeq></word><word seq="4">even<GreekSeq>6</GreekSeq></word><word seq="5">making<GreekSeq>8</GreekSeq></word><word seq="6">fire<GreekSeq>7</GreekSeq></word><word seq="7">come down<GreekSeq>12</GreekSeq></word><word seq="8">from<GreekSeq>9</GreekSeq></word><word seq="9">heaven<GreekSeq>11</GreekSeq></word><word seq="10">to<GreekSeq>13</GreekSeq></word><word seq="11">earth<GreekSeq>15</GreekSeq></word><word seq="12">in front of<GreekSeq>16</GreekSeq></word><word seq="13">people,<GreekSeq>18</GreekSeq></word></ESV></verse>
<verse number="14"><ESV><word seq="1">and<GreekSeq>1</GreekSeq></word><word seq="2">by<GreekSeq>8</GreekSeq></word><word seq="3">the<GreekSeq>9</GreekSeq></word><word seq="4">signs<GreekSeq>10</GreekSeq></word><word seq="5">that<GreekSeq>11</GreekSeq></word><word seq="6">it<GreekSeq>13</GreekSeq></word><word seq="7">is allowed<GreekSeq>12</GreekSeq></word><word seq="8">to work<GreekSeq>14</GreekSeq></word><word seq="9">in the presence<GreekSeq>15</GreekSeq></word><word seq="10">of the<GreekSeq>16</GreekSeq></word><word seq="11">beast<GreekSeq>17</GreekSeq></word><word seq="12">it deceives<GreekSeq>2</GreekSeq></word><word seq="13">those<GreekSeq>3</GreekSeq></word><word seq="14">who dwell<GreekSeq>4</GreekSeq></word><word seq="15">on<GreekSeq>5</GreekSeq></word><word seq="16">earth,<GreekSeq>7</GreekSeq></word><word seq="17">telling<GreekSeq>18</GreekSeq></word><word seq="18">them<GreekSeq>19</GreekSeq></word><word seq="19">to make<GreekSeq>24</GreekSeq></word><word seq="20">an image<GreekSeq>25</GreekSeq></word><word seq="21">for the<GreekSeq>26</GreekSeq></word><word seq="22">beast<GreekSeq>27</GreekSeq></word><word seq="23">that<GreekSeq>28</GreekSeq></word><word seq="24">was<GreekSeq>29</GreekSeq></word><word seq="25">wounded<GreekSeq>31</GreekSeq></word><word seq="26">by the<GreekSeq>32</GreekSeq></word><word seq="27">sword<GreekSeq>33</GreekSeq></word><word seq="28">and<GreekSeq>34</GreekSeq></word><word seq="29">yet lived.<GreekSeq>35</GreekSeq></word></ESV></verse>
<verse number="15"><ESV><word seq="1">And<GreekSeq>1</GreekSeq></word><word seq="2">it<GreekSeq>3</GreekSeq></word><word seq="3">was allowed<GreekSeq>2</GreekSeq></word><word seq="4">to give<GreekSeq>4</GreekSeq></word><word seq="5">breath<GreekSeq>5</GreekSeq></word><word seq="6">to the<GreekSeq>6</GreekSeq></word><word seq="7">image<GreekSeq>7</GreekSeq></word><word seq="8">of the<GreekSeq>8</GreekSeq></word><word seq="9">beast,<GreekSeq>9</GreekSeq></word><word seq="10">so that<GreekSeq>10</GreekSeq></word><word seq="11">the<GreekSeq>13</GreekSeq></word><word seq="12">image<GreekSeq>14</GreekSeq></word><word seq="13">of the<GreekSeq>15</GreekSeq></word><word seq="14">beast<GreekSeq>16</GreekSeq></word><word seq="15">might<GreekSeq>12</GreekSeq></word><word seq="16">even<GreekSeq>11</GreekSeq></word><word seq="17">speak<GreekSeq>12</GreekSeq></word><word seq="18">and<GreekSeq>17</GreekSeq></word><word seq="19">might cause<GreekSeq>18</GreekSeq></word><word seq="20">those who<GreekSeq>20</GreekSeq></word><word seq="21">would<GreekSeq>23</GreekSeq></word><word seq="22">not<GreekSeq>22</GreekSeq></word><word seq="23">worship<GreekSeq>23</GreekSeq></word><word seq="24">the<GreekSeq>24</GreekSeq></word><word seq="25">image<GreekSeq>25</GreekSeq></word><word seq="26">of the<GreekSeq>26</GreekSeq></word><word seq="27">beast<GreekSeq>27</GreekSeq></word><word seq="28">to be slain.<GreekSeq>28</GreekSeq></word></ESV></verse>
<verse number="16"><ESV><word seq="1">Also<GreekSeq>1</GreekSeq></word><word seq="2">it causes<GreekSeq>2</GreekSeq></word><word seq="3">all,<GreekSeq>3</GreekSeq></word><word seq="4">both</word><word seq="5">small<GreekSeq>5</GreekSeq></word><word seq="6">and<GreekSeq>6</GreekSeq></word><word seq="7">great,<GreekSeq>8</GreekSeq></word><word seq="8">both<GreekSeq>9</GreekSeq></word><word seq="9">rich<GreekSeq>11</GreekSeq></word><word seq="10">and<GreekSeq>12</GreekSeq></word><word seq="11">poor,<GreekSeq>14</GreekSeq></word><word seq="12">both<GreekSeq>15</GreekSeq></word><word seq="13">free<GreekSeq>17</GreekSeq></word><word seq="14">and<GreekSeq>18</GreekSeq></word><word seq="15">slave,<GreekSeq>20</GreekSeq></word><word seq="16">to be marked<GreekSeq>21</GreekSeq><GreekSeq>22</GreekSeq><GreekSeq>24</GreekSeq></word><word seq="17">on<GreekSeq>25</GreekSeq></word><word seq="18">the<GreekSeq>26</GreekSeq></word><word seq="19">right<GreekSeq>30</GreekSeq></word><word seq="20">hand<GreekSeq>27</GreekSeq></word><word seq="21">or<GreekSeq>31</GreekSeq></word><word seq="22">the<GreekSeq>33</GreekSeq></word><word seq="23">forehead,<GreekSeq>34</GreekSeq></word></ESV></verse>
<verse number="17"><ESV><word seq="1">so that<GreekSeq>2</GreekSeq></word><word seq="2">no<GreekSeq>3</GreekSeq></word><word seq="3">one<GreekSeq>4</GreekSeq></word><word seq="4">can<GreekSeq>5</GreekSeq></word><word seq="5">buy<GreekSeq>6</GreekSeq></word><word seq="6">or<GreekSeq>7</GreekSeq></word><word seq="7">sell<GreekSeq>8</GreekSeq></word><word seq="8" note="εἰ μή Strong Code (1508)">unless<GreekSeq>9</GreekSeq><GreekSeq>10</GreekSeq></word><word seq="9">he has<GreekSeq>12</GreekSeq></word><word seq="10">the<GreekSeq>13</GreekSeq></word><word seq="11">mark,<GreekSeq>14</GreekSeq></word><word seq="12">that is,</word><word seq="13">the<GreekSeq>15</GreekSeq></word><word seq="14">name<GreekSeq>16</GreekSeq></word><word seq="15">of the<GreekSeq>17</GreekSeq></word><word seq="16">beast<GreekSeq>18</GreekSeq></word><word seq="17">or<GreekSeq>19</GreekSeq></word><word seq="18">the<GreekSeq>20</GreekSeq></word><word seq="19">number<GreekSeq>21</GreekSeq></word><word seq="20">of<GreekSeq>23</GreekSeq></word><word seq="21">its<GreekSeq>24</GreekSeq></word><word seq="22">name.<GreekSeq>23</GreekSeq></word></ESV></verse>
<verse number="18"><ESV><word seq="1">[This calls for]<GreekSeq>1</GreekSeq><GreekSeq>4</GreekSeq></word><word seq="2">wisdom:<GreekSeq>3</GreekSeq></word><word seq="3">let<GreekSeq>8</GreekSeq></word><word seq="4">the one<GreekSeq>5</GreekSeq></word><word seq="5">who has<GreekSeq>6</GreekSeq></word><word seq="6">understanding<GreekSeq>7</GreekSeq></word><word seq="7">calculate<GreekSeq>8</GreekSeq></word><word seq="8">the<GreekSeq>9</GreekSeq></word><word seq="9">number<GreekSeq>10</GreekSeq></word><word seq="10">of the<GreekSeq>11</GreekSeq></word><word seq="11">beast,<GreekSeq>12</GreekSeq></word><word seq="12">for<GreekSeq>14</GreekSeq></word><word seq="13">it is<GreekSeq>16</GreekSeq></word><word seq="14">the number<GreekSeq>13</GreekSeq></word><word seq="15">of a man,<GreekSeq>15</GreekSeq></word><word seq="16">and<GreekSeq>17</GreekSeq></word><word seq="17">his<GreekSeq>20</GreekSeq></word><word seq="18">number<GreekSeq>19</GreekSeq></word><word seq="19">is</word><word seq="20">666.<GreekSeq>21</GreekSeq><GreekSeq>22</GreekSeq><GreekSeq>23</GreekSeq></word></ESV></verse></chapter></book>