<?xml version="1.0" encoding="UTF-8" standalone="no"?><book><chapter number="3">'<verse number="1"><ESV><word seq="1">And<GreekSeq>1</GreekSeq></word><word seq="2">to the<GreekSeq>2</GreekSeq></word><word seq="3">angel<GreekSeq>3</GreekSeq></word><word seq="4">of the<GreekSeq>4</GreekSeq></word><word seq="5">church<GreekSeq>7</GreekSeq></word><word seq="6">in<GreekSeq>5</GreekSeq></word><word seq="7">Sardis<GreekSeq>6</GreekSeq></word><word seq="8">write:<GreekSeq>8</GreekSeq></word><word seq="9">‘The words of<GreekSeq>9</GreekSeq><GreekSeq>10</GreekSeq></word><word seq="10">him<GreekSeq>11</GreekSeq></word><word seq="11">who has<GreekSeq>12</GreekSeq></word><word seq="12">the<GreekSeq>13</GreekSeq></word><word seq="13">seven<GreekSeq>14</GreekSeq></word><word seq="14">spirits<GreekSeq>15</GreekSeq></word><word seq="15">of God<GreekSeq>17</GreekSeq></word><word seq="16">and<GreekSeq>18</GreekSeq></word><word seq="17">the<GreekSeq>19</GreekSeq></word><word seq="18">seven<GreekSeq>20</GreekSeq></word><word seq="19">stars.<GreekSeq>21</GreekSeq></word><word seq="20">I know<GreekSeq>22</GreekSeq></word><word seq="21">your<GreekSeq>23</GreekSeq></word><word seq="22">works.<GreekSeq>25</GreekSeq></word><word seq="23">You have<GreekSeq>28</GreekSeq></word><word seq="24">the reputation<GreekSeq>27</GreekSeq></word><word seq="25">of being alive,<GreekSeq>29</GreekSeq><GreekSeq>30</GreekSeq></word><word seq="26">but<GreekSeq>31</GreekSeq></word><word seq="27">you are<GreekSeq>33</GreekSeq></word><word seq="28">dead.<GreekSeq>32</GreekSeq></word></ESV></verse>
<verse number="2"><ESV><word seq="1">Wake up,<GreekSeq>1</GreekSeq><GreekSeq>2</GreekSeq></word><word seq="2">and<GreekSeq>3</GreekSeq></word><word seq="3">strengthen<GreekSeq>4</GreekSeq></word><word seq="4">what remains<GreekSeq>5</GreekSeq><GreekSeq>6</GreekSeq></word><word seq="5">and</word><word seq="6">is about<GreekSeq>8</GreekSeq></word><word seq="7">to die,<GreekSeq>9</GreekSeq></word><word seq="8">for<GreekSeq>11</GreekSeq></word><word seq="9">I have<GreekSeq>12</GreekSeq></word><word seq="10">not<GreekSeq>10</GreekSeq></word><word seq="11">found<GreekSeq>12</GreekSeq></word><word seq="12">your<GreekSeq>13</GreekSeq></word><word seq="13">works<GreekSeq>15</GreekSeq></word><word seq="14">complete<GreekSeq>16</GreekSeq></word><word seq="15">in the sight of<GreekSeq>17</GreekSeq></word><word seq="16">my<GreekSeq>20</GreekSeq></word><word seq="17">God.<GreekSeq>19</GreekSeq></word></ESV></verse>
<verse number="3"><ESV><word seq="1">Remember,<GreekSeq>1</GreekSeq></word><word seq="2">then,<GreekSeq>2</GreekSeq></word><word seq="3">what<GreekSeq>3</GreekSeq></word><word seq="4">you received<GreekSeq>4</GreekSeq></word><word seq="5">and<GreekSeq>5</GreekSeq></word><word seq="6">heard.<GreekSeq>6</GreekSeq></word><word seq="7">Keep [it],<GreekSeq>8</GreekSeq></word><word seq="8">and<GreekSeq>9</GreekSeq></word><word seq="9">repent.<GreekSeq>10</GreekSeq></word><word seq="10">If<GreekSeq>11</GreekSeq></word><word seq="11">you will<GreekSeq>14</GreekSeq></word><word seq="12">not<GreekSeq>13</GreekSeq></word><word seq="13">wake up,<GreekSeq>14</GreekSeq></word><word seq="14">I will come<GreekSeq>15</GreekSeq></word><word seq="15">like<GreekSeq>16</GreekSeq></word><word seq="16">a thief,<GreekSeq>17</GreekSeq></word><word seq="17">and<GreekSeq>18</GreekSeq></word><word seq="18">you will<GreekSeq>21</GreekSeq></word><word seq="19" note="οὐ μή Strong Code (3364)">not<GreekSeq>19</GreekSeq><GreekSeq>20</GreekSeq></word><word seq="20">know<GreekSeq>21</GreekSeq></word><word seq="21">at what<GreekSeq>22</GreekSeq></word><word seq="22">hour<GreekSeq>23</GreekSeq></word><word seq="23">I will come<GreekSeq>24</GreekSeq></word><word seq="24">against<GreekSeq>25</GreekSeq></word><word seq="25">you.<GreekSeq>26</GreekSeq></word></ESV></verse>
<verse number="4"><ESV><word seq="1">Yet you have<GreekSeq>2</GreekSeq></word><word seq="2">still<GreekSeq>1</GreekSeq></word><word seq="3">a few<GreekSeq>3</GreekSeq></word><word seq="4">names<GreekSeq>4</GreekSeq></word><word seq="5">in<GreekSeq>5</GreekSeq></word><word seq="6">Sardis,<GreekSeq>6</GreekSeq></word><word seq="7">[people] who<GreekSeq>7</GreekSeq></word><word seq="8">have<GreekSeq>9</GreekSeq></word><word seq="9">not<GreekSeq>8</GreekSeq></word><word seq="10">soiled<GreekSeq>9</GreekSeq></word><word seq="11">their<GreekSeq>12</GreekSeq></word><word seq="12">garments,<GreekSeq>11</GreekSeq></word><word seq="13">and<GreekSeq>13</GreekSeq></word><word seq="14">they will walk<GreekSeq>14</GreekSeq></word><word seq="15">with<GreekSeq>15</GreekSeq></word><word seq="16">me<GreekSeq>16</GreekSeq></word><word seq="17">in<GreekSeq>17</GreekSeq></word><word seq="18">white,<GreekSeq>18</GreekSeq></word><word seq="19">for<GreekSeq>19</GreekSeq></word><word seq="20">they are<GreekSeq>21</GreekSeq></word><word seq="21">worthy.<GreekSeq>20</GreekSeq></word></ESV></verse>
<verse number="5"><ESV><word seq="1">The one<GreekSeq>1</GreekSeq></word><word seq="2">who conquers<GreekSeq>2</GreekSeq></word><word seq="3">will be clothed<GreekSeq>4</GreekSeq></word><word seq="4">thus<GreekSeq>3</GreekSeq></word><word seq="5">in<GreekSeq>5</GreekSeq></word><word seq="6">white<GreekSeq>7</GreekSeq></word><word seq="7">garments,<GreekSeq>6</GreekSeq></word><word seq="8">and<GreekSeq>8</GreekSeq></word><word seq="9">I will<GreekSeq>11</GreekSeq></word><word seq="10" note="οὐ μή Strong Code (3364)">never<GreekSeq>9</GreekSeq><GreekSeq>10</GreekSeq></word><word seq="11">blot<GreekSeq>11</GreekSeq></word><word seq="12">his<GreekSeq>14</GreekSeq></word><word seq="13">name<GreekSeq>13</GreekSeq></word><word seq="14">out of<GreekSeq>15</GreekSeq></word><word seq="15">the<GreekSeq>16</GreekSeq></word><word seq="16">book<GreekSeq>17</GreekSeq></word><word seq="17">of life.<GreekSeq>19</GreekSeq></word><word seq="18">I will confess<GreekSeq>21</GreekSeq></word><word seq="19">his<GreekSeq>24</GreekSeq></word><word seq="20">name<GreekSeq>23</GreekSeq></word><word seq="21">before<GreekSeq>25</GreekSeq></word><word seq="22">my<GreekSeq>28</GreekSeq></word><word seq="23">Father<GreekSeq>27</GreekSeq></word><word seq="24">and<GreekSeq>29</GreekSeq></word><word seq="25">before<GreekSeq>30</GreekSeq></word><word seq="26">his<GreekSeq>33</GreekSeq></word><word seq="27">angels.<GreekSeq>32</GreekSeq></word></ESV></verse>
<verse number="6"><ESV><word seq="1">He<GreekSeq>1</GreekSeq></word><word seq="2">who has<GreekSeq>2</GreekSeq></word><word seq="3">an ear,<GreekSeq>3</GreekSeq></word><word seq="4">let him hear<GreekSeq>4</GreekSeq></word><word seq="5">what<GreekSeq>5</GreekSeq></word><word seq="6">the<GreekSeq>6</GreekSeq></word><word seq="7">Spirit<GreekSeq>7</GreekSeq></word><word seq="8">says<GreekSeq>8</GreekSeq></word><word seq="9">to the<GreekSeq>9</GreekSeq></word><word seq="10">churches.’<GreekSeq>10</GreekSeq></word></ESV></verse>
<verse number="7"><ESV><word seq="1">And<GreekSeq>1</GreekSeq></word><word seq="2">to the<GreekSeq>2</GreekSeq></word><word seq="3">angel<GreekSeq>3</GreekSeq></word><word seq="4">of the<GreekSeq>4</GreekSeq></word><word seq="5">church<GreekSeq>7</GreekSeq></word><word seq="6">in<GreekSeq>5</GreekSeq></word><word seq="7">Philadelphia<GreekSeq>6</GreekSeq></word><word seq="8">write:<GreekSeq>8</GreekSeq></word><word seq="9">‘The words of<GreekSeq>9</GreekSeq><GreekSeq>10</GreekSeq></word><word seq="10">the<GreekSeq>11</GreekSeq></word><word seq="11">holy [one],<GreekSeq>12</GreekSeq></word><word seq="12">the<GreekSeq>13</GreekSeq></word><word seq="13">true [one],<GreekSeq>14</GreekSeq></word><word seq="14">who has<GreekSeq>16</GreekSeq></word><word seq="15">the<GreekSeq>17</GreekSeq></word><word seq="16">key<GreekSeq>18</GreekSeq></word><word seq="17">of David,<GreekSeq>19</GreekSeq></word><word seq="18">who opens<GreekSeq>21</GreekSeq></word><word seq="19">and<GreekSeq>22</GreekSeq></word><word seq="20">no one<GreekSeq>23</GreekSeq></word><word seq="21">will shut,<GreekSeq>24</GreekSeq></word><word seq="22">who shuts<GreekSeq>26</GreekSeq></word><word seq="23">and<GreekSeq>27</GreekSeq></word><word seq="24">no one<GreekSeq>28</GreekSeq></word><word seq="25">opens.<GreekSeq>29</GreekSeq></word></ESV></verse>
<verse number="8"><ESV><word seq="1">I know<GreekSeq>1</GreekSeq></word><word seq="2">your<GreekSeq>2</GreekSeq></word><word seq="3">works.<GreekSeq>4</GreekSeq></word><word seq="4">Behold,<GreekSeq>5</GreekSeq></word><word seq="5">I have set<GreekSeq>6</GreekSeq></word><word seq="6">before<GreekSeq>7</GreekSeq></word><word seq="7">you<GreekSeq>8</GreekSeq></word><word seq="8">an open<GreekSeq>10</GreekSeq></word><word seq="9">door,<GreekSeq>9</GreekSeq></word><word seq="10">which<GreekSeq>11</GreekSeq></word><word seq="11">no one<GreekSeq>12</GreekSeq></word><word seq="12">is able<GreekSeq>13</GreekSeq></word><word seq="13">to shut.<GreekSeq>14</GreekSeq></word><word seq="14">I know</word><word seq="15">that<GreekSeq>16</GreekSeq></word><word seq="16">you have<GreekSeq>18</GreekSeq></word><word seq="17">but</word><word seq="18">little<GreekSeq>17</GreekSeq></word><word seq="19">power,<GreekSeq>19</GreekSeq></word><word seq="20">and yet<GreekSeq>20</GreekSeq></word><word seq="21">you have kept<GreekSeq>21</GreekSeq></word><word seq="22">my<GreekSeq>22</GreekSeq></word><word seq="23">word<GreekSeq>24</GreekSeq></word><word seq="24">and<GreekSeq>25</GreekSeq></word><word seq="25">have<GreekSeq>27</GreekSeq></word><word seq="26">not<GreekSeq>26</GreekSeq></word><word seq="27">denied<GreekSeq>27</GreekSeq></word><word seq="28">my<GreekSeq>30</GreekSeq></word><word seq="29">name.<GreekSeq>29</GreekSeq></word></ESV></verse>
<verse number="9"><ESV><word seq="1">Behold,<GreekSeq>1</GreekSeq></word><word seq="2">I will make<GreekSeq>2</GreekSeq></word><word seq="3">those</word><word seq="4">of<GreekSeq>3</GreekSeq></word><word seq="5">the<GreekSeq>4</GreekSeq></word><word seq="6">synagogue<GreekSeq>5</GreekSeq></word><word seq="7">of Satan<GreekSeq>7</GreekSeq></word><word seq="8">who say<GreekSeq>9</GreekSeq></word><word seq="9">that</word><word seq="10">they<GreekSeq>10</GreekSeq></word><word seq="11">are<GreekSeq>12</GreekSeq></word><word seq="12">Jews<GreekSeq>11</GreekSeq></word><word seq="13">and<GreekSeq>13</GreekSeq></word><word seq="14">are<GreekSeq>15</GreekSeq></word><word seq="15">not,<GreekSeq>14</GreekSeq></word><word seq="16">but<GreekSeq>16</GreekSeq></word><word seq="17">lie<GreekSeq>17</GreekSeq></word><word seq="18">— behold,<GreekSeq>18</GreekSeq></word><word seq="19">I will make<GreekSeq>19</GreekSeq></word><word seq="20">them<GreekSeq>20</GreekSeq></word><word seq="21">come<GreekSeq>22</GreekSeq></word><word seq="22">and<GreekSeq>23</GreekSeq></word><word seq="23">bow down<GreekSeq>24</GreekSeq></word><word seq="24">before<GreekSeq>25</GreekSeq></word><word seq="25">your<GreekSeq>28</GreekSeq></word><word seq="26">feet,<GreekSeq>27</GreekSeq></word><word seq="27">and<GreekSeq>29</GreekSeq></word><word seq="28">they will learn<GreekSeq>30</GreekSeq></word><word seq="29">that<GreekSeq>31</GreekSeq></word><word seq="30">I<GreekSeq>32</GreekSeq></word><word seq="31">have loved<GreekSeq>33</GreekSeq></word><word seq="32">you.<GreekSeq>34</GreekSeq></word></ESV></verse>
<verse number="10"><ESV><word seq="1">Because<GreekSeq>1</GreekSeq></word><word seq="2">you have kept<GreekSeq>2</GreekSeq></word><word seq="3">my<GreekSeq>7</GreekSeq></word><word seq="4">word<GreekSeq>4</GreekSeq></word><word seq="5">about patient endurance,<GreekSeq>6</GreekSeq></word><word seq="6">I<GreekSeq>8</GreekSeq></word><word seq="7">will keep<GreekSeq>10</GreekSeq></word><word seq="8">you<GreekSeq>9</GreekSeq></word><word seq="9">from<GreekSeq>11</GreekSeq></word><word seq="10">the<GreekSeq>12</GreekSeq></word><word seq="11">hour<GreekSeq>13</GreekSeq></word><word seq="12">of trial<GreekSeq>15</GreekSeq></word><word seq="13">that is coming<GreekSeq>17</GreekSeq><GreekSeq>18</GreekSeq></word><word seq="14">on<GreekSeq>19</GreekSeq></word><word seq="15">the<GreekSeq>20</GreekSeq></word><word seq="16">whole<GreekSeq>22</GreekSeq></word><word seq="17">world,<GreekSeq>21</GreekSeq></word><word seq="18">to try<GreekSeq>23</GreekSeq></word><word seq="19">those<GreekSeq>24</GreekSeq></word><word seq="20">who dwell<GreekSeq>25</GreekSeq></word><word seq="21">on<GreekSeq>26</GreekSeq></word><word seq="22">the<GreekSeq>27</GreekSeq></word><word seq="23">earth.<GreekSeq>28</GreekSeq></word></ESV></verse>
<verse number="11"><ESV><word seq="1">I am coming<GreekSeq>1</GreekSeq></word><word seq="2">soon.<GreekSeq>2</GreekSeq></word><word seq="3">Hold fast<GreekSeq>3</GreekSeq></word><word seq="4">what<GreekSeq>4</GreekSeq></word><word seq="5">you have,<GreekSeq>5</GreekSeq></word><word seq="6">so that<GreekSeq>6</GreekSeq></word><word seq="7">no one<GreekSeq>7</GreekSeq></word><word seq="8">may seize<GreekSeq>8</GreekSeq></word><word seq="9">your<GreekSeq>11</GreekSeq></word><word seq="10">crown.<GreekSeq>10</GreekSeq></word></ESV></verse>
<verse number="12"><ESV><word seq="1">The one<GreekSeq>1</GreekSeq></word><word seq="2">who conquers,<GreekSeq>2</GreekSeq></word><word seq="3">I will make<GreekSeq>3</GreekSeq></word><word seq="4">him<GreekSeq>4</GreekSeq></word><word seq="5">a pillar<GreekSeq>5</GreekSeq></word><word seq="6">in<GreekSeq>6</GreekSeq></word><word seq="7">the<GreekSeq>7</GreekSeq></word><word seq="8">temple<GreekSeq>8</GreekSeq></word><word seq="9">of<GreekSeq>10</GreekSeq></word><word seq="10">my<GreekSeq>11</GreekSeq></word><word seq="11">God.<GreekSeq>10</GreekSeq></word><word seq="12" note="οὐ μή Strong Code (3364)">Never<GreekSeq>14</GreekSeq><GreekSeq>15</GreekSeq></word><word seq="13">shall he go<GreekSeq>16</GreekSeq></word><word seq="14">out of<GreekSeq>13</GreekSeq></word><word seq="15">it,</word><word seq="16">and<GreekSeq>18</GreekSeq></word><word seq="17">I will write<GreekSeq>19</GreekSeq></word><word seq="18">on<GreekSeq>20</GreekSeq></word><word seq="19">him<GreekSeq>21</GreekSeq></word><word seq="20">the<GreekSeq>22</GreekSeq></word><word seq="21">name<GreekSeq>23</GreekSeq></word><word seq="22">of<GreekSeq>25</GreekSeq></word><word seq="23">my<GreekSeq>26</GreekSeq></word><word seq="24">God,<GreekSeq>25</GreekSeq></word><word seq="25">and<GreekSeq>27</GreekSeq></word><word seq="26">the<GreekSeq>28</GreekSeq></word><word seq="27">name<GreekSeq>29</GreekSeq></word><word seq="28">of the<GreekSeq>30</GreekSeq></word><word seq="29">city<GreekSeq>31</GreekSeq></word><word seq="30">of<GreekSeq>33</GreekSeq></word><word seq="31">my<GreekSeq>34</GreekSeq></word><word seq="32">God,<GreekSeq>33</GreekSeq></word><word seq="33">the<GreekSeq>35</GreekSeq></word><word seq="34">new<GreekSeq>36</GreekSeq></word><word seq="35">Jerusalem,<GreekSeq>37</GreekSeq></word><word seq="36">which comes down<GreekSeq>39</GreekSeq></word><word seq="37">from<GreekSeq>43</GreekSeq></word><word seq="38">my<GreekSeq>46</GreekSeq></word><word seq="39">God<GreekSeq>45</GreekSeq></word><word seq="40">out of<GreekSeq>40</GreekSeq></word><word seq="41">heaven,<GreekSeq>42</GreekSeq></word><word seq="42">and<GreekSeq>47</GreekSeq></word><word seq="43">my own<GreekSeq>50</GreekSeq></word><word seq="44">new<GreekSeq>52</GreekSeq></word><word seq="45">name.<GreekSeq>49</GreekSeq></word></ESV></verse>
<verse number="13"><ESV><word seq="1">He<GreekSeq>1</GreekSeq></word><word seq="2">who has<GreekSeq>2</GreekSeq></word><word seq="3">an ear,<GreekSeq>3</GreekSeq></word><word seq="4">let him hear<GreekSeq>4</GreekSeq></word><word seq="5">what<GreekSeq>5</GreekSeq></word><word seq="6">the<GreekSeq>6</GreekSeq></word><word seq="7">Spirit<GreekSeq>7</GreekSeq></word><word seq="8">says<GreekSeq>8</GreekSeq></word><word seq="9">to the<GreekSeq>9</GreekSeq></word><word seq="10">churches.’<GreekSeq>10</GreekSeq></word></ESV></verse>
<verse number="14"><ESV><word seq="1">And<GreekSeq>1</GreekSeq></word><word seq="2">to the<GreekSeq>2</GreekSeq></word><word seq="3">angel<GreekSeq>3</GreekSeq></word><word seq="4">of the<GreekSeq>4</GreekSeq></word><word seq="5">church<GreekSeq>7</GreekSeq></word><word seq="6">in<GreekSeq>5</GreekSeq></word><word seq="7">Laodicea<GreekSeq>6</GreekSeq></word><word seq="8">write:<GreekSeq>8</GreekSeq></word><word seq="9">‘The words of<GreekSeq>9</GreekSeq><GreekSeq>10</GreekSeq></word><word seq="10">the<GreekSeq>11</GreekSeq></word><word seq="11">Amen,<GreekSeq>12</GreekSeq></word><word seq="12">the<GreekSeq>15</GreekSeq></word><word seq="13">faithful<GreekSeq>16</GreekSeq></word><word seq="14">and<GreekSeq>17</GreekSeq></word><word seq="15">true<GreekSeq>18</GreekSeq></word><word seq="16">witness,<GreekSeq>14</GreekSeq></word><word seq="17">the<GreekSeq>19</GreekSeq></word><word seq="18">beginning<GreekSeq>20</GreekSeq></word><word seq="19">of God’s<GreekSeq>24</GreekSeq></word><word seq="20">creation.<GreekSeq>22</GreekSeq></word></ESV></verse>
<verse number="15"><ESV><word seq="1">I know<GreekSeq>1</GreekSeq></word><word seq="2">your<GreekSeq>2</GreekSeq></word><word seq="3">works:<GreekSeq>4</GreekSeq></word><word seq="4">you are<GreekSeq>8</GreekSeq></word><word seq="5">neither<GreekSeq>6</GreekSeq></word><word seq="6">cold<GreekSeq>7</GreekSeq></word><word seq="7">nor<GreekSeq>9</GreekSeq></word><word seq="8">hot.<GreekSeq>10</GreekSeq></word><word seq="9">Would<GreekSeq>11</GreekSeq></word><word seq="10">that</word><word seq="11">you were<GreekSeq>13</GreekSeq></word><word seq="12">either</word><word seq="13">cold<GreekSeq>12</GreekSeq></word><word seq="14">or<GreekSeq>14</GreekSeq></word><word seq="15">hot!<GreekSeq>15</GreekSeq></word></ESV></verse>
<verse number="16"><ESV><word seq="1">So,<GreekSeq>1</GreekSeq></word><word seq="2">because<GreekSeq>2</GreekSeq></word><word seq="3">you are<GreekSeq>4</GreekSeq></word><word seq="4">lukewarm,<GreekSeq>3</GreekSeq></word><word seq="5">and<GreekSeq>5</GreekSeq></word><word seq="6">neither<GreekSeq>6</GreekSeq></word><word seq="7">hot<GreekSeq>7</GreekSeq></word><word seq="8">nor<GreekSeq>8</GreekSeq></word><word seq="9">cold,<GreekSeq>9</GreekSeq></word><word seq="10">I will<GreekSeq>10</GreekSeq></word><word seq="11">spit<GreekSeq>12</GreekSeq></word><word seq="12">you<GreekSeq>11</GreekSeq></word><word seq="13">out of<GreekSeq>13</GreekSeq></word><word seq="14">my<GreekSeq>16</GreekSeq></word><word seq="15">mouth.<GreekSeq>15</GreekSeq></word></ESV></verse>
<verse number="17"><ESV><word seq="1">For<GreekSeq>1</GreekSeq></word><word seq="2">you say,<GreekSeq>2</GreekSeq></word><word seq="3">I am<GreekSeq>5</GreekSeq></word><word seq="4">rich,<GreekSeq>4</GreekSeq></word><word seq="5">I have prospered,<GreekSeq>7</GreekSeq></word><word seq="6">and<GreekSeq>8</GreekSeq></word><word seq="7">I need<GreekSeq>10</GreekSeq><GreekSeq>11</GreekSeq></word><word seq="8">nothing,<GreekSeq>9</GreekSeq></word><word seq="9">not<GreekSeq>13</GreekSeq></word><word seq="10">realizing<GreekSeq>14</GreekSeq></word><word seq="11">that<GreekSeq>15</GreekSeq></word><word seq="12">you<GreekSeq>16</GreekSeq></word><word seq="13">are<GreekSeq>17</GreekSeq></word><word seq="14">wretched,<GreekSeq>19</GreekSeq></word><word seq="15">pitiable,<GreekSeq>21</GreekSeq></word><word seq="16">poor,<GreekSeq>23</GreekSeq></word><word seq="17">blind,<GreekSeq>25</GreekSeq></word><word seq="18">and<GreekSeq>26</GreekSeq></word><word seq="19">naked.<GreekSeq>27</GreekSeq></word></ESV></verse>
<verse number="18"><ESV><word seq="1">I counsel<GreekSeq>1</GreekSeq></word><word seq="2">you<GreekSeq>2</GreekSeq></word><word seq="3">to buy<GreekSeq>3</GreekSeq></word><word seq="4">from<GreekSeq>4</GreekSeq></word><word seq="5">me<GreekSeq>5</GreekSeq></word><word seq="6">gold<GreekSeq>6</GreekSeq></word><word seq="7">refined<GreekSeq>7</GreekSeq></word><word seq="8">by<GreekSeq>8</GreekSeq></word><word seq="9">fire,<GreekSeq>9</GreekSeq></word><word seq="10">so that<GreekSeq>10</GreekSeq></word><word seq="11">you may be rich,<GreekSeq>11</GreekSeq></word><word seq="12">and<GreekSeq>12</GreekSeq></word><word seq="13">white<GreekSeq>14</GreekSeq></word><word seq="14">garments<GreekSeq>13</GreekSeq></word><word seq="15">so that<GreekSeq>15</GreekSeq></word><word seq="16">you may clothe yourself<GreekSeq>16</GreekSeq></word><word seq="17">and<GreekSeq>17</GreekSeq></word><word seq="18">the<GreekSeq>20</GreekSeq></word><word seq="19">shame<GreekSeq>21</GreekSeq></word><word seq="20">of<GreekSeq>23</GreekSeq></word><word seq="21">your<GreekSeq>24</GreekSeq></word><word seq="22">nakedness<GreekSeq>23</GreekSeq></word><word seq="23">may<GreekSeq>19</GreekSeq></word><word seq="24">not<GreekSeq>18</GreekSeq></word><word seq="25">be seen,<GreekSeq>19</GreekSeq></word><word seq="26">and<GreekSeq>25</GreekSeq></word><word seq="27">salve<GreekSeq>26</GreekSeq></word><word seq="28">to anoint<GreekSeq>27</GreekSeq></word><word seq="29">your<GreekSeq>30</GreekSeq></word><word seq="30">eyes,<GreekSeq>29</GreekSeq></word><word seq="31">so that<GreekSeq>31</GreekSeq></word><word seq="32">you may see.<GreekSeq>32</GreekSeq></word></ESV></verse>
<verse number="19"><ESV><word seq="1">Those whom<GreekSeq>2</GreekSeq></word><word seq="2">I love,<GreekSeq>4</GreekSeq></word><word seq="3">I<GreekSeq>1</GreekSeq></word><word seq="4">reprove<GreekSeq>5</GreekSeq></word><word seq="5">and<GreekSeq>6</GreekSeq></word><word seq="6">discipline,<GreekSeq>7</GreekSeq></word><word seq="7">so<GreekSeq>9</GreekSeq></word><word seq="8">be zealous<GreekSeq>8</GreekSeq></word><word seq="9">and<GreekSeq>10</GreekSeq></word><word seq="10">repent.<GreekSeq>11</GreekSeq></word></ESV></verse>
<verse number="20"><ESV><word seq="1">Behold,<GreekSeq>1</GreekSeq></word><word seq="2">I stand<GreekSeq>2</GreekSeq></word><word seq="3">at<GreekSeq>3</GreekSeq></word><word seq="4">the<GreekSeq>4</GreekSeq></word><word seq="5">door<GreekSeq>5</GreekSeq></word><word seq="6">and<GreekSeq>6</GreekSeq></word><word seq="7">knock.<GreekSeq>7</GreekSeq></word><word seq="8">If<GreekSeq>8</GreekSeq></word><word seq="9">anyone<GreekSeq>9</GreekSeq></word><word seq="10">hears<GreekSeq>10</GreekSeq></word><word seq="11">my<GreekSeq>13</GreekSeq></word><word seq="12">voice<GreekSeq>12</GreekSeq></word><word seq="13">and<GreekSeq>14</GreekSeq></word><word seq="14">opens<GreekSeq>15</GreekSeq></word><word seq="15">the<GreekSeq>16</GreekSeq></word><word seq="16">door,<GreekSeq>17</GreekSeq></word><word seq="17">I will come in<GreekSeq>19</GreekSeq></word><word seq="18">to<GreekSeq>20</GreekSeq></word><word seq="19">him<GreekSeq>21</GreekSeq></word><word seq="20">and<GreekSeq>22</GreekSeq></word><word seq="21">eat<GreekSeq>23</GreekSeq></word><word seq="22">with<GreekSeq>24</GreekSeq></word><word seq="23">him,<GreekSeq>25</GreekSeq></word><word seq="24">and<GreekSeq>26</GreekSeq></word><word seq="25">he<GreekSeq>27</GreekSeq></word><word seq="26">with<GreekSeq>28</GreekSeq></word><word seq="27">me.<GreekSeq>29</GreekSeq></word></ESV></verse>
<verse number="21"><ESV><word seq="1">The one<GreekSeq>1</GreekSeq></word><word seq="2">who conquers,<GreekSeq>2</GreekSeq></word><word seq="3">I will grant<GreekSeq>3</GreekSeq></word><word seq="4">him<GreekSeq>4</GreekSeq></word><word seq="5">to sit<GreekSeq>5</GreekSeq></word><word seq="6">with<GreekSeq>6</GreekSeq></word><word seq="7">me<GreekSeq>7</GreekSeq></word><word seq="8">on<GreekSeq>8</GreekSeq></word><word seq="9">my<GreekSeq>11</GreekSeq></word><word seq="10">throne,<GreekSeq>10</GreekSeq></word><word seq="11">as<GreekSeq>12</GreekSeq></word><word seq="12">I also<GreekSeq>13</GreekSeq></word><word seq="13">conquered<GreekSeq>14</GreekSeq></word><word seq="14">and<GreekSeq>15</GreekSeq></word><word seq="15">sat down<GreekSeq>16</GreekSeq></word><word seq="16">with<GreekSeq>17</GreekSeq></word><word seq="17">my<GreekSeq>20</GreekSeq></word><word seq="18">Father<GreekSeq>19</GreekSeq></word><word seq="19">on<GreekSeq>21</GreekSeq></word><word seq="20">his<GreekSeq>24</GreekSeq></word><word seq="21">throne.<GreekSeq>23</GreekSeq></word></ESV></verse>
<verse number="22"><ESV><word seq="1">He<GreekSeq>1</GreekSeq></word><word seq="2">who has<GreekSeq>2</GreekSeq></word><word seq="3">an ear,<GreekSeq>3</GreekSeq></word><word seq="4">let him hear<GreekSeq>4</GreekSeq></word><word seq="5">what<GreekSeq>5</GreekSeq></word><word seq="6">the<GreekSeq>6</GreekSeq></word><word seq="7">Spirit<GreekSeq>7</GreekSeq></word><word seq="8">says<GreekSeq>8</GreekSeq></word><word seq="9">to the<GreekSeq>9</GreekSeq></word><word seq="10">churches.’”<GreekSeq>10</GreekSeq></word></ESV></verse></chapter></book>