<?xml version="1.0" encoding="UTF-8" standalone="no"?><book><chapter number="4">'<verse number="1"><ESV><word seq="1">What<GreekSeq>1</GreekSeq></word><word seq="2">then<GreekSeq>2</GreekSeq></word><word seq="3">shall we say<GreekSeq>3</GreekSeq></word><word seq="4">was gained by<GreekSeq>4</GreekSeq></word><word seq="5">Abraham,<GreekSeq>5</GreekSeq></word><word seq="6">our<GreekSeq>8</GreekSeq></word><word seq="7">forefather<GreekSeq>7</GreekSeq></word><word seq="8">according to<GreekSeq>9</GreekSeq></word><word seq="9">the flesh?<GreekSeq>10</GreekSeq></word></ESV></verse>
<verse number="2"><ESV><word seq="1">For<GreekSeq>2</GreekSeq></word><word seq="2">if<GreekSeq>1</GreekSeq></word><word seq="3">Abraham<GreekSeq>3</GreekSeq></word><word seq="4">was justified<GreekSeq>6</GreekSeq></word><word seq="5">by<GreekSeq>4</GreekSeq></word><word seq="6">works,<GreekSeq>5</GreekSeq></word><word seq="7">he has<GreekSeq>7</GreekSeq></word><word seq="8">[something] to boast about,<GreekSeq>8</GreekSeq></word><word seq="9">but<GreekSeq>9</GreekSeq></word><word seq="10">not<GreekSeq>10</GreekSeq></word><word seq="11">before<GreekSeq>11</GreekSeq></word><word seq="12">God.<GreekSeq>12</GreekSeq></word></ESV></verse>
<verse number="3"><ESV><word seq="1">For<GreekSeq>2</GreekSeq></word><word seq="2">what<GreekSeq>1</GreekSeq></word><word seq="3">does</word><word seq="4">the<GreekSeq>3</GreekSeq></word><word seq="5">Scripture<GreekSeq>4</GreekSeq></word><word seq="6">say?<GreekSeq>5</GreekSeq></word><word seq="7">“Abraham<GreekSeq>8</GreekSeq></word><word seq="8">believed<GreekSeq>6</GreekSeq></word><word seq="9">God,<GreekSeq>10</GreekSeq></word><word seq="10">and<GreekSeq>11</GreekSeq></word><word seq="11">it was counted<GreekSeq>12</GreekSeq></word><word seq="12">to him<GreekSeq>13</GreekSeq></word><word seq="13">as<GreekSeq>14</GreekSeq></word><word seq="14">righteousness.”<GreekSeq>15</GreekSeq></word></ESV></verse>
<verse number="4"><ESV><word seq="1">Now<GreekSeq>2</GreekSeq></word><word seq="2">to the one<GreekSeq>1</GreekSeq></word><word seq="3">who works,<GreekSeq>3</GreekSeq></word><word seq="4">his</word><word seq="5">wages<GreekSeq>5</GreekSeq></word><word seq="6">are<GreekSeq>7</GreekSeq></word><word seq="7">not<GreekSeq>6</GreekSeq></word><word seq="8">counted<GreekSeq>7</GreekSeq></word><word seq="9">as<GreekSeq>8</GreekSeq></word><word seq="10">a gift<GreekSeq>9</GreekSeq></word><word seq="11">but<GreekSeq>10</GreekSeq></word><word seq="12">as<GreekSeq>11</GreekSeq></word><word seq="13">his</word><word seq="14">due.<GreekSeq>12</GreekSeq></word></ESV></verse>
<verse number="5"><ESV><word seq="1">And<GreekSeq>2</GreekSeq></word><word seq="2">to the one<GreekSeq>1</GreekSeq></word><word seq="3">who does<GreekSeq>4</GreekSeq></word><word seq="4">not<GreekSeq>3</GreekSeq></word><word seq="5">work<GreekSeq>4</GreekSeq></word><word seq="6">but<GreekSeq>6</GreekSeq></word><word seq="7">believes<GreekSeq>5</GreekSeq></word><word seq="8">in<GreekSeq>7</GreekSeq></word><word seq="9">him<GreekSeq>8</GreekSeq></word><word seq="10">who justifies<GreekSeq>9</GreekSeq></word><word seq="11">the<GreekSeq>10</GreekSeq></word><word seq="12">ungodly,<GreekSeq>11</GreekSeq></word><word seq="13">his<GreekSeq>15</GreekSeq></word><word seq="14">faith<GreekSeq>14</GreekSeq></word><word seq="15">is counted<GreekSeq>12</GreekSeq></word><word seq="16">as<GreekSeq>16</GreekSeq></word><word seq="17">righteousness,<GreekSeq>17</GreekSeq></word></ESV></verse>
<verse number="6"><ESV><word seq="1">just as<GreekSeq>1</GreekSeq></word><word seq="2">David<GreekSeq>3</GreekSeq></word><word seq="3">also<GreekSeq>2</GreekSeq></word><word seq="4">speaks<GreekSeq>4</GreekSeq></word><word seq="5">of the<GreekSeq>5</GreekSeq></word><word seq="6">blessing<GreekSeq>6</GreekSeq></word><word seq="7">of the [one]<GreekSeq>8</GreekSeq></word><word seq="8">to whom<GreekSeq>9</GreekSeq></word><word seq="9">God<GreekSeq>11</GreekSeq></word><word seq="10">counts<GreekSeq>12</GreekSeq></word><word seq="11">righteousness<GreekSeq>13</GreekSeq></word><word seq="12">apart from<GreekSeq>14</GreekSeq></word><word seq="13">works:<GreekSeq>15</GreekSeq></word></ESV></verse>
<verse number="7"><ESV><word seq="1">“Blessed<GreekSeq>1</GreekSeq></word><word seq="2">are those</word><word seq="3">whose<GreekSeq>2</GreekSeq></word><word seq="4">lawless deeds<GreekSeq>5</GreekSeq></word><word seq="5">are forgiven,<GreekSeq>3</GreekSeq></word><word seq="6">and<GreekSeq>6</GreekSeq></word><word seq="7">whose<GreekSeq>7</GreekSeq></word><word seq="8">sins<GreekSeq>10</GreekSeq></word><word seq="9">are covered;<GreekSeq>8</GreekSeq></word></ESV></verse>
<verse number="8"><ESV><word seq="1">blessed<GreekSeq>1</GreekSeq></word><word seq="2">is</word><word seq="3">the man<GreekSeq>2</GreekSeq></word><word seq="4">against whom<GreekSeq>3</GreekSeq></word><word seq="5">the Lord<GreekSeq>7</GreekSeq></word><word seq="6">will<GreekSeq>6</GreekSeq></word><word seq="7" note="οὐ μή Strong Code (3364) ">not<GreekSeq>4</GreekSeq><GreekSeq>5</GreekSeq></word><word seq="8">count<GreekSeq>6</GreekSeq></word><word seq="9">his</word><word seq="10">sin.”<GreekSeq>8</GreekSeq></word></ESV></verse>
<verse number="9"><ESV><word seq="1">Is</word><word seq="2">this<GreekSeq>4</GreekSeq></word><word seq="3">blessing<GreekSeq>2</GreekSeq></word><word seq="4">then<GreekSeq>3</GreekSeq></word><word seq="5">only</word><word seq="6">for<GreekSeq>5</GreekSeq></word><word seq="7">the<GreekSeq>6</GreekSeq></word><word seq="8">circumcised,<GreekSeq>7</GreekSeq></word><word seq="9">or<GreekSeq>8</GreekSeq></word><word seq="10">also<GreekSeq>9</GreekSeq></word><word seq="11">for<GreekSeq>10</GreekSeq></word><word seq="12">the<GreekSeq>11</GreekSeq></word><word seq="13">uncircumcised?<GreekSeq>12</GreekSeq></word><word seq="14">For<GreekSeq>14</GreekSeq></word><word seq="15">we say<GreekSeq>13</GreekSeq></word><word seq="16" note="Base of different Greek: ὅτι(3754)">that</word><word seq="17">faith<GreekSeq>19</GreekSeq></word><word seq="18">was counted<GreekSeq>15</GreekSeq></word><word seq="19">to Abraham<GreekSeq>17</GreekSeq></word><word seq="20">as<GreekSeq>20</GreekSeq></word><word seq="21">righteousness.<GreekSeq>21</GreekSeq></word></ESV></verse>
<verse number="10"><ESV><word seq="1">How<GreekSeq>1</GreekSeq></word><word seq="2">then<GreekSeq>2</GreekSeq></word><word seq="3">was it counted<GreekSeq>3</GreekSeq></word><word seq="4">to him? Was it</word><word seq="5">[before]<GreekSeq>9</GreekSeq></word><word seq="6">or<GreekSeq>7</GreekSeq></word><word seq="7">after</word><word seq="8">he had been<GreekSeq>6</GreekSeq></word><word seq="9">circumcised?<GreekSeq>5</GreekSeq></word><word seq="10">It was</word><word seq="11">not<GreekSeq>10</GreekSeq></word><word seq="12">[after],<GreekSeq>12</GreekSeq></word><word seq="13">but<GreekSeq>13</GreekSeq></word><word seq="14">before he was circumcised.<GreekSeq>14</GreekSeq><GreekSeq>15</GreekSeq></word></ESV></verse>
<verse number="11"><ESV><word seq="1">He<GreekSeq>17</GreekSeq></word><word seq="2">received<GreekSeq>3</GreekSeq></word><word seq="3">the sign<GreekSeq>2</GreekSeq></word><word seq="4">of circumcision<GreekSeq>4</GreekSeq></word><word seq="5">as a seal<GreekSeq>5</GreekSeq></word><word seq="6">of the<GreekSeq>6</GreekSeq></word><word seq="7">righteousness<GreekSeq>7</GreekSeq></word><word seq="8">that he had by</word><word seq="9">faith<GreekSeq>9</GreekSeq></word><word seq="10">while he was still uncircumcised.<GreekSeq>11</GreekSeq><GreekSeq>13</GreekSeq></word><word seq="11">The purpose was<GreekSeq>14</GreekSeq><GreekSeq>15</GreekSeq></word><word seq="12">to make<GreekSeq>16</GreekSeq></word><word seq="13">him<GreekSeq>17</GreekSeq></word><word seq="14">the father<GreekSeq>18</GreekSeq></word><word seq="15">of all<GreekSeq>19</GreekSeq></word><word seq="16">who believe<GreekSeq>21</GreekSeq></word><word seq="17">without being circumcised,<GreekSeq>23</GreekSeq></word><word seq="18">so that<GreekSeq>24</GreekSeq><GreekSeq>25</GreekSeq></word><word seq="19">righteousness<GreekSeq>30</GreekSeq></word><word seq="20">would be counted<GreekSeq>26</GreekSeq></word><word seq="21">to them<GreekSeq>28</GreekSeq></word><word seq="22">as well,<GreekSeq>27</GreekSeq></word></ESV></verse>
<verse number="12"><ESV><word seq="1">and<GreekSeq>1</GreekSeq></word><word seq="2">to make him</word><word seq="3">the father<GreekSeq>2</GreekSeq></word><word seq="4">of the circumcised<GreekSeq>3</GreekSeq></word><word seq="5">who<GreekSeq>4</GreekSeq></word><word seq="6">are</word><word seq="7">not<GreekSeq>5</GreekSeq></word><word seq="8">merely<GreekSeq>8</GreekSeq></word><word seq="9">circumcised<GreekSeq>7</GreekSeq></word><word seq="10">but<GreekSeq>9</GreekSeq></word><word seq="11">who<GreekSeq>12</GreekSeq></word><word seq="12">also<GreekSeq>10</GreekSeq></word><word seq="13">walk<GreekSeq>12</GreekSeq></word><word seq="14">in the<GreekSeq>13</GreekSeq></word><word seq="15">footsteps<GreekSeq>14</GreekSeq></word><word seq="16">of the<GreekSeq>15</GreekSeq></word><word seq="17">faith<GreekSeq>18</GreekSeq></word><word seq="18">that</word><word seq="19">our<GreekSeq>21</GreekSeq></word><word seq="20">father<GreekSeq>20</GreekSeq></word><word seq="21">Abraham<GreekSeq>22</GreekSeq></word><word seq="22">had before he was circumcised.<GreekSeq>16</GreekSeq><GreekSeq>17</GreekSeq></word></ESV></verse>
<verse number="13"><ESV><word seq="1">For<GreekSeq>2</GreekSeq></word><word seq="2">the<GreekSeq>5</GreekSeq></word><word seq="3">promise<GreekSeq>6</GreekSeq></word><word seq="4">to Abraham<GreekSeq>7</GreekSeq><GreekSeq>8</GreekSeq></word><word seq="5">and<GreekSeq>9</GreekSeq></word><word seq="6">his<GreekSeq>12</GreekSeq></word><word seq="7">offspring<GreekSeq>11</GreekSeq></word><word seq="8">that<GreekSeq>13</GreekSeq></word><word seq="9">he<GreekSeq>15</GreekSeq></word><word seq="10">would be<GreekSeq>16</GreekSeq></word><word seq="11">heir<GreekSeq>14</GreekSeq></word><word seq="12">of the world<GreekSeq>17</GreekSeq></word><word seq="13">did</word><word seq="14">not<GreekSeq>1</GreekSeq></word><word seq="15">come</word><word seq="16">through<GreekSeq>3</GreekSeq></word><word seq="17">the law<GreekSeq>4</GreekSeq></word><word seq="18">but<GreekSeq>18</GreekSeq></word><word seq="19">through<GreekSeq>19</GreekSeq></word><word seq="20">the righteousness<GreekSeq>20</GreekSeq></word><word seq="21">of faith.<GreekSeq>21</GreekSeq></word></ESV></verse>
<verse number="14"><ESV><word seq="1">For<GreekSeq>2</GreekSeq></word><word seq="2">if<GreekSeq>1</GreekSeq></word><word seq="3">it is the adherents</word><word seq="4">of<GreekSeq>4</GreekSeq></word><word seq="5">the law<GreekSeq>5</GreekSeq></word><word seq="6">who<GreekSeq>3</GreekSeq></word><word seq="7">are to be the</word><word seq="8">heirs,<GreekSeq>6</GreekSeq></word><word seq="9">faith<GreekSeq>9</GreekSeq></word><word seq="10">is null<GreekSeq>7</GreekSeq></word><word seq="11">and<GreekSeq>10</GreekSeq></word><word seq="12">the<GreekSeq>12</GreekSeq></word><word seq="13">promise<GreekSeq>13</GreekSeq></word><word seq="14">is void.<GreekSeq>11</GreekSeq></word></ESV></verse>
<verse number="15"><ESV><word seq="1">For<GreekSeq>2</GreekSeq></word><word seq="2">the<GreekSeq>1</GreekSeq></word><word seq="3">law<GreekSeq>3</GreekSeq></word><word seq="4">brings<GreekSeq>5</GreekSeq></word><word seq="5">wrath,<GreekSeq>4</GreekSeq></word><word seq="6">but<GreekSeq>7</GreekSeq></word><word seq="7">where<GreekSeq>6</GreekSeq></word><word seq="8">there is<GreekSeq>9</GreekSeq></word><word seq="9">no<GreekSeq>8</GreekSeq></word><word seq="10">law<GreekSeq>10</GreekSeq></word><word seq="11">there is</word><word seq="12">no<GreekSeq>11</GreekSeq></word><word seq="13">transgression.<GreekSeq>12</GreekSeq></word></ESV></verse>
<verse number="16"><ESV><word seq="1">That is why<GreekSeq>1</GreekSeq><GreekSeq>2</GreekSeq></word><word seq="2">it depends</word><word seq="3">on<GreekSeq>3</GreekSeq></word><word seq="4">faith,<GreekSeq>4</GreekSeq></word><word seq="5">in order that<GreekSeq>5</GreekSeq></word><word seq="6">the<GreekSeq>12</GreekSeq></word><word seq="7">promise<GreekSeq>13</GreekSeq></word><word seq="8">[may rest] on<GreekSeq>6</GreekSeq></word><word seq="9">grace<GreekSeq>7</GreekSeq></word><word seq="10">and</word><word seq="11">be<GreekSeq>10</GreekSeq></word><word seq="12">guaranteed<GreekSeq>11</GreekSeq></word><word seq="13">to all<GreekSeq>14</GreekSeq></word><word seq="14">his</word><word seq="15">offspring<GreekSeq>16</GreekSeq></word><word seq="16">— not<GreekSeq>17</GreekSeq></word><word seq="17">only<GreekSeq>22</GreekSeq></word><word seq="18">to the<GreekSeq>18</GreekSeq></word><word seq="19">[adherent] of<GreekSeq>19</GreekSeq></word><word seq="20">the<GreekSeq>20</GreekSeq></word><word seq="21">law<GreekSeq>21</GreekSeq></word><word seq="22">but<GreekSeq>23</GreekSeq></word><word seq="23">also<GreekSeq>24</GreekSeq></word><word seq="24">to the one<GreekSeq>25</GreekSeq></word><word seq="25">[who shares]<GreekSeq>26</GreekSeq></word><word seq="26">the faith of<GreekSeq>27</GreekSeq></word><word seq="27">Abraham,<GreekSeq>28</GreekSeq></word><word seq="28">who<GreekSeq>29</GreekSeq></word><word seq="29">is<GreekSeq>30</GreekSeq></word><word seq="30">the father<GreekSeq>31</GreekSeq></word><word seq="31">of us<GreekSeq>33</GreekSeq></word><word seq="32">all,<GreekSeq>32</GreekSeq></word></ESV></verse>
<verse number="17"><ESV><word seq="1">as<GreekSeq>1</GreekSeq></word><word seq="2">it is written,<GreekSeq>2</GreekSeq></word><word seq="3">“I have made<GreekSeq>7</GreekSeq></word><word seq="4">you<GreekSeq>8</GreekSeq></word><word seq="5">the father<GreekSeq>4</GreekSeq></word><word seq="6">of many<GreekSeq>5</GreekSeq></word><word seq="7">nations”<GreekSeq>6</GreekSeq></word><word seq="8">—in the presence of<GreekSeq>9</GreekSeq></word><word seq="9">the God<GreekSeq>12</GreekSeq></word><word seq="10">in whom<GreekSeq>10</GreekSeq></word><word seq="11">he believed,<GreekSeq>11</GreekSeq></word><word seq="12">who gives life to<GreekSeq>14</GreekSeq></word><word seq="13">the<GreekSeq>15</GreekSeq></word><word seq="14">dead<GreekSeq>16</GreekSeq></word><word seq="15">and<GreekSeq>17</GreekSeq></word><word seq="16">calls<GreekSeq>18</GreekSeq></word><word seq="17">into existence<GreekSeq>22</GreekSeq><GreekSeq>23</GreekSeq></word><word seq="18">the things<GreekSeq>19</GreekSeq></word><word seq="19">that<GreekSeq>21</GreekSeq></word><word seq="20">do</word><word seq="21">not<GreekSeq>20</GreekSeq></word><word seq="22">exist.<GreekSeq>21</GreekSeq></word></ESV></verse>
<verse number="18"><ESV><word seq="1">In<GreekSeq>4</GreekSeq></word><word seq="2">hope<GreekSeq>3</GreekSeq></word><word seq="3">he<GreekSeq>1</GreekSeq></word><word seq="4">believed<GreekSeq>6</GreekSeq></word><word seq="5">against<GreekSeq>2</GreekSeq></word><word seq="6">hope,<GreekSeq>5</GreekSeq></word><word seq="7">that<GreekSeq>7</GreekSeq><GreekSeq>8</GreekSeq></word><word seq="8">he<GreekSeq>10</GreekSeq></word><word seq="9">should become<GreekSeq>9</GreekSeq></word><word seq="10">the father<GreekSeq>11</GreekSeq></word><word seq="11">of many<GreekSeq>12</GreekSeq></word><word seq="12">nations,<GreekSeq>13</GreekSeq></word><word seq="13">as<GreekSeq>14</GreekSeq></word><word seq="14">he had been told,<GreekSeq>16</GreekSeq></word><word seq="15">“So<GreekSeq>17</GreekSeq></word><word seq="16">shall<GreekSeq>18</GreekSeq></word><word seq="17">your<GreekSeq>21</GreekSeq></word><word seq="18">offspring<GreekSeq>20</GreekSeq></word><word seq="19">be.”<GreekSeq>18</GreekSeq></word></ESV></verse>
<verse number="19"><ESV><word seq="1">He did<GreekSeq>3</GreekSeq></word><word seq="2">not<GreekSeq>2</GreekSeq></word><word seq="3">weaken<GreekSeq>3</GreekSeq></word><word seq="4">in faith<GreekSeq>5</GreekSeq></word><word seq="5">when</word><word seq="6">he considered<GreekSeq>6</GreekSeq></word><word seq="7">his own<GreekSeq>8</GreekSeq></word><word seq="8">body,<GreekSeq>9</GreekSeq></word><word seq="9">which was</word><word seq="10">as good as<GreekSeq>10</GreekSeq></word><word seq="11">dead<GreekSeq>11</GreekSeq></word><word seq="12">(since he was<GreekSeq>14</GreekSeq></word><word seq="13">about<GreekSeq>13</GreekSeq></word><word seq="14">a hundred years old),<GreekSeq>12</GreekSeq></word><word seq="15">or<GreekSeq>15</GreekSeq></word><word seq="16">when he considered</word><word seq="17">the<GreekSeq>16</GreekSeq></word><word seq="18">barrenness<GreekSeq>17</GreekSeq></word><word seq="19">of Sarah’s<GreekSeq>20</GreekSeq></word><word seq="20">womb.<GreekSeq>19</GreekSeq></word></ESV></verse>
<verse number="20"><ESV><word seq="1">No<GreekSeq>7</GreekSeq></word><word seq="2">unbelief<GreekSeq>10</GreekSeq></word><word seq="3">made him waver<GreekSeq>8</GreekSeq></word><word seq="4">concerning<GreekSeq>1</GreekSeq></word><word seq="5">the<GreekSeq>3</GreekSeq></word><word seq="6">promise<GreekSeq>4</GreekSeq></word><word seq="7">of God,<GreekSeq>6</GreekSeq></word><word seq="8">but<GreekSeq>11</GreekSeq></word><word seq="9">he grew strong<GreekSeq>12</GreekSeq></word><word seq="10">in [his] faith<GreekSeq>14</GreekSeq></word><word seq="11">as he gave<GreekSeq>15</GreekSeq></word><word seq="12">glory<GreekSeq>16</GreekSeq></word><word seq="13">to God,<GreekSeq>18</GreekSeq></word></ESV></verse>
<verse number="21"><ESV><word seq="1">fully convinced<GreekSeq>2</GreekSeq></word><word seq="2">that<GreekSeq>3</GreekSeq></word><word seq="3">[God] was<GreekSeq>7</GreekSeq></word><word seq="4">able<GreekSeq>6</GreekSeq></word><word seq="5">to do<GreekSeq>9</GreekSeq></word><word seq="6">what<GreekSeq>4</GreekSeq></word><word seq="7">he had promised.<GreekSeq>5</GreekSeq></word></ESV></verse>
<verse number="22"><ESV><word seq="1">That is why<GreekSeq>1</GreekSeq></word><word seq="2">[his faith] was“counted<GreekSeq>3</GreekSeq></word><word seq="3">to him<GreekSeq>4</GreekSeq></word><word seq="4">as<GreekSeq>5</GreekSeq></word><word seq="5">righteousness.”<GreekSeq>6</GreekSeq></word></ESV></verse>
<verse number="23"><ESV><word seq="1">But<GreekSeq>3</GreekSeq></word><word seq="2">the words</word><word seq="3">“it was counted<GreekSeq>8</GreekSeq></word><word seq="4">to him”<GreekSeq>9</GreekSeq></word><word seq="5">were<GreekSeq>2</GreekSeq></word><word seq="6">not<GreekSeq>1</GreekSeq></word><word seq="7">written<GreekSeq>2</GreekSeq></word><word seq="8">for<GreekSeq>4</GreekSeq></word><word seq="9">his<GreekSeq>5</GreekSeq></word><word seq="10">sake<GreekSeq>4</GreekSeq></word><word seq="11">alone,<GreekSeq>6</GreekSeq></word></ESV></verse>
<verse number="24"><ESV><word seq="1">but<GreekSeq>1</GreekSeq></word><word seq="2">for<GreekSeq>3</GreekSeq></word><word seq="3">ours<GreekSeq>4</GreekSeq></word><word seq="4">also.<GreekSeq>2</GreekSeq></word><word seq="5">It will be<GreekSeq>6</GreekSeq></word><word seq="6">counted<GreekSeq>7</GreekSeq></word><word seq="7">to [us]<GreekSeq>8</GreekSeq></word><word seq="8">who believe<GreekSeq>9</GreekSeq></word><word seq="9">in<GreekSeq>10</GreekSeq></word><word seq="10">him<GreekSeq>11</GreekSeq></word><word seq="11">who raised<GreekSeq>12</GreekSeq></word><word seq="12">from<GreekSeq>17</GreekSeq></word><word seq="13">the dead<GreekSeq>18</GreekSeq></word><word seq="14">Jesus<GreekSeq>13</GreekSeq></word><word seq="15">our<GreekSeq>16</GreekSeq></word><word seq="16">Lord,<GreekSeq>15</GreekSeq></word></ESV></verse>
<verse number="25"><ESV><word seq="1">who<GreekSeq>1</GreekSeq></word><word seq="2">was delivered up<GreekSeq>2</GreekSeq></word><word seq="3">for<GreekSeq>3</GreekSeq></word><word seq="4">our<GreekSeq>6</GreekSeq></word><word seq="5">trespasses<GreekSeq>5</GreekSeq></word><word seq="6">and<GreekSeq>7</GreekSeq></word><word seq="7">raised<GreekSeq>8</GreekSeq></word><word seq="8">for<GreekSeq>9</GreekSeq></word><word seq="9">our<GreekSeq>12</GreekSeq></word><word seq="10">justification.<GreekSeq>11</GreekSeq></word></ESV></verse></chapter></book>