<?xml version="1.0" encoding="UTF-8" standalone="no"?><book><chapter number="2">'<verse number="1"><ESV><word seq="1">Therefore<GreekSeq>1</GreekSeq></word><word seq="2">you have<GreekSeq>3</GreekSeq></word><word seq="3">no excuse,<GreekSeq>2</GreekSeq></word><word seq="4">O<GreekSeq>4</GreekSeq></word><word seq="5">man,<GreekSeq>5</GreekSeq></word><word seq="6">every one<GreekSeq>6</GreekSeq><GreekSeq>7</GreekSeq></word><word seq="7">of you</word><word seq="8">who judges.<GreekSeq>8</GreekSeq></word><word seq="9">For<GreekSeq>11</GreekSeq></word><word seq="10">in passing judgment<GreekSeq>12</GreekSeq></word><word seq="11">on another<GreekSeq>13</GreekSeq><GreekSeq>14</GreekSeq></word><word seq="12">you condemn<GreekSeq>16</GreekSeq></word><word seq="13">yourself,<GreekSeq>15</GreekSeq></word><word seq="14">because<GreekSeq>18</GreekSeq></word><word seq="15">you,<GreekSeq>20</GreekSeq></word><word seq="16">the<GreekSeq>21</GreekSeq></word><word seq="17">judge,<GreekSeq>22</GreekSeq></word><word seq="18">practice<GreekSeq>20</GreekSeq></word><word seq="19">the<GreekSeq>17</GreekSeq></word><word seq="20">very same things.<GreekSeq>19</GreekSeq></word></ESV></verse>
<verse number="2"><ESV><word seq="1">We know<GreekSeq>1</GreekSeq></word><word seq="2">that<GreekSeq>3</GreekSeq></word><word seq="3">the<GreekSeq>4</GreekSeq></word><word seq="4">judgment<GreekSeq>5</GreekSeq></word><word seq="5">of God<GreekSeq>7</GreekSeq></word><word seq="6">rightly<GreekSeq>9</GreekSeq><GreekSeq>10</GreekSeq></word><word seq="7">[falls] on<GreekSeq>11</GreekSeq></word><word seq="8">those<GreekSeq>12</GreekSeq></word><word seq="9">who practice<GreekSeq>15</GreekSeq></word><word seq="10">such things.<GreekSeq>14</GreekSeq></word></ESV></verse>
<verse number="3"><ESV><word seq="1">Do</word><word seq="2">you suppose,<GreekSeq>1</GreekSeq></word><word seq="3">O<GreekSeq>4</GreekSeq></word><word seq="4">man<GreekSeq>5</GreekSeq></word><word seq="5">—you<GreekSeq>6</GreekSeq></word><word seq="6">who judge<GreekSeq>7</GreekSeq></word><word seq="7">those<GreekSeq>8</GreekSeq></word><word seq="8">who practice<GreekSeq>11</GreekSeq></word><word seq="9">such things<GreekSeq>10</GreekSeq></word><word seq="10">and yet<GreekSeq>12</GreekSeq></word><word seq="11">do<GreekSeq>13</GreekSeq></word><word seq="12">them<GreekSeq>14</GreekSeq></word><word seq="13">yourself —</word><word seq="14">that<GreekSeq>15</GreekSeq></word><word seq="15">you<GreekSeq>16</GreekSeq></word><word seq="16">will escape<GreekSeq>17</GreekSeq></word><word seq="17">the<GreekSeq>18</GreekSeq></word><word seq="18">judgment<GreekSeq>19</GreekSeq></word><word seq="19">of God?<GreekSeq>21</GreekSeq></word></ESV></verse>
<verse number="4"><ESV><word seq="1">Or<GreekSeq>1</GreekSeq></word><word seq="2">do</word><word seq="3">you presume<GreekSeq>13</GreekSeq></word><word seq="4">on the<GreekSeq>2</GreekSeq></word><word seq="5">riches<GreekSeq>3</GreekSeq></word><word seq="6">of<GreekSeq>5</GreekSeq></word><word seq="7">his<GreekSeq>6</GreekSeq></word><word seq="8">kindness<GreekSeq>5</GreekSeq></word><word seq="9">and<GreekSeq>7</GreekSeq></word><word seq="10">forbearance<GreekSeq>9</GreekSeq></word><word seq="11">and<GreekSeq>10</GreekSeq></word><word seq="12">patience,<GreekSeq>12</GreekSeq></word><word seq="13">not knowing<GreekSeq>14</GreekSeq></word><word seq="14">that<GreekSeq>15</GreekSeq></word><word seq="15">God’s<GreekSeq>19</GreekSeq></word><word seq="16">kindness<GreekSeq>17</GreekSeq></word><word seq="17">[is meant to] lead<GreekSeq>23</GreekSeq></word><word seq="18">you<GreekSeq>22</GreekSeq></word><word seq="19">to<GreekSeq>20</GreekSeq></word><word seq="20">repentance?<GreekSeq>21</GreekSeq></word></ESV></verse>
<verse number="5"><ESV><word seq="1">But<GreekSeq>2</GreekSeq></word><word seq="2">because of<GreekSeq>1</GreekSeq></word><word seq="3">your<GreekSeq>5</GreekSeq></word><word seq="4">hard<GreekSeq>4</GreekSeq></word><word seq="5">and<GreekSeq>6</GreekSeq></word><word seq="6">impenitent<GreekSeq>7</GreekSeq></word><word seq="7">heart<GreekSeq>8</GreekSeq></word><word seq="8">you are storing up<GreekSeq>9</GreekSeq></word><word seq="9">wrath<GreekSeq>11</GreekSeq></word><word seq="10">for yourself<GreekSeq>10</GreekSeq></word><word seq="11">on<GreekSeq>12</GreekSeq></word><word seq="12">the day<GreekSeq>13</GreekSeq></word><word seq="13">of wrath<GreekSeq>14</GreekSeq></word><word seq="14">when</word><word seq="15">God’s<GreekSeq>19</GreekSeq></word><word seq="16">righteous judgment<GreekSeq>17</GreekSeq></word><word seq="17">will be</word><word seq="18">revealed.<GreekSeq>16</GreekSeq></word></ESV></verse>
<verse number="6"><ESV><word seq="1">He<GreekSeq>1</GreekSeq></word><word seq="2">will render<GreekSeq>2</GreekSeq></word><word seq="3">to each one<GreekSeq>3</GreekSeq></word><word seq="4">according to<GreekSeq>4</GreekSeq></word><word seq="5">his<GreekSeq>7</GreekSeq></word><word seq="6">works:<GreekSeq>6</GreekSeq></word></ESV></verse>
<verse number="7"><ESV><word seq="1">to those<GreekSeq>1</GreekSeq></word><word seq="2">who<GreekSeq>12</GreekSeq></word><word seq="3">by<GreekSeq>3</GreekSeq></word><word seq="4">patience<GreekSeq>4</GreekSeq></word><word seq="5">in well-doing<GreekSeq>5</GreekSeq><GreekSeq>6</GreekSeq></word><word seq="6">seek for<GreekSeq>12</GreekSeq></word><word seq="7">glory<GreekSeq>7</GreekSeq></word><word seq="8">and<GreekSeq>8</GreekSeq></word><word seq="9">honor<GreekSeq>9</GreekSeq></word><word seq="10">and<GreekSeq>10</GreekSeq></word><word seq="11">immortality,<GreekSeq>11</GreekSeq></word><word seq="12">he will give</word><word seq="13">eternal<GreekSeq>14</GreekSeq></word><word seq="14">life;<GreekSeq>13</GreekSeq></word></ESV></verse>
<verse number="8"><ESV><word seq="1">but<GreekSeq>2</GreekSeq></word><word seq="2">for those<GreekSeq>1</GreekSeq></word><word seq="3">who are</word><word seq="4">self-seeking<GreekSeq>3</GreekSeq><GreekSeq>4</GreekSeq></word><word seq="5">and<GreekSeq>5</GreekSeq></word><word seq="6">do not obey<GreekSeq>6</GreekSeq></word><word seq="7">the<GreekSeq>7</GreekSeq></word><word seq="8">truth,<GreekSeq>8</GreekSeq></word><word seq="9">but<GreekSeq>10</GreekSeq></word><word seq="10">obey<GreekSeq>9</GreekSeq></word><word seq="11">unrighteousness,<GreekSeq>12</GreekSeq></word><word seq="12">there will be</word><word seq="13">wrath<GreekSeq>13</GreekSeq></word><word seq="14">and<GreekSeq>14</GreekSeq></word><word seq="15">fury.<GreekSeq>15</GreekSeq></word></ESV></verse>
<verse number="9"><ESV><word seq="1">There will be</word><word seq="2">tribulation<GreekSeq>1</GreekSeq></word><word seq="3">and<GreekSeq>2</GreekSeq></word><word seq="4">distress<GreekSeq>3</GreekSeq></word><word seq="5">for<GreekSeq>4</GreekSeq></word><word seq="6">every<GreekSeq>5</GreekSeq></word><word seq="7">human being<GreekSeq>7</GreekSeq></word><word seq="8">who does<GreekSeq>9</GreekSeq></word><word seq="9">evil,<GreekSeq>11</GreekSeq></word><word seq="10">the Jew<GreekSeq>12</GreekSeq></word><word seq="11">first<GreekSeq>14</GreekSeq></word><word seq="12">and<GreekSeq>13</GreekSeq></word><word seq="13">also<GreekSeq>15</GreekSeq></word><word seq="14">the Greek,<GreekSeq>16</GreekSeq></word></ESV></verse>
<verse number="10"><ESV><word seq="1">but<GreekSeq>2</GreekSeq></word><word seq="2">glory<GreekSeq>1</GreekSeq></word><word seq="3">and<GreekSeq>3</GreekSeq></word><word seq="4">honor<GreekSeq>4</GreekSeq></word><word seq="5">and<GreekSeq>5</GreekSeq></word><word seq="6">peace<GreekSeq>6</GreekSeq></word><word seq="7">for everyone<GreekSeq>7</GreekSeq><GreekSeq>8</GreekSeq></word><word seq="8">who does<GreekSeq>9</GreekSeq></word><word seq="9">good,<GreekSeq>11</GreekSeq></word><word seq="10">the Jew<GreekSeq>12</GreekSeq></word><word seq="11">first<GreekSeq>14</GreekSeq></word><word seq="12">and<GreekSeq>13</GreekSeq></word><word seq="13">also<GreekSeq>15</GreekSeq></word><word seq="14">the Greek.<GreekSeq>16</GreekSeq></word></ESV></verse>
<verse number="11"><ESV><word seq="1">For<GreekSeq>2</GreekSeq></word><word seq="2">God<GreekSeq>7</GreekSeq></word><word seq="3">shows<GreekSeq>3</GreekSeq></word><word seq="4">no<GreekSeq>1</GreekSeq></word><word seq="5">partiality.<GreekSeq>4</GreekSeq></word></ESV></verse>
<verse number="12"><ESV><word seq="1">For<GreekSeq>2</GreekSeq></word><word seq="2">all who<GreekSeq>1</GreekSeq></word><word seq="3">have sinned<GreekSeq>4</GreekSeq></word><word seq="4">without the law<GreekSeq>3</GreekSeq></word><word seq="5">will<GreekSeq>7</GreekSeq></word><word seq="6">also<GreekSeq>6</GreekSeq></word><word seq="7">perish<GreekSeq>7</GreekSeq></word><word seq="8">without the law,<GreekSeq>5</GreekSeq></word><word seq="9">and<GreekSeq>8</GreekSeq></word><word seq="10">all who<GreekSeq>9</GreekSeq></word><word seq="11">have sinned<GreekSeq>12</GreekSeq></word><word seq="12">under<GreekSeq>10</GreekSeq></word><word seq="13">the law<GreekSeq>11</GreekSeq></word><word seq="14">will be judged<GreekSeq>15</GreekSeq></word><word seq="15">by<GreekSeq>13</GreekSeq></word><word seq="16">the law.<GreekSeq>14</GreekSeq></word></ESV></verse>
<verse number="13"><ESV><word seq="1">For<GreekSeq>2</GreekSeq></word><word seq="2">it is</word><word seq="3">not<GreekSeq>1</GreekSeq></word><word seq="4">the<GreekSeq>3</GreekSeq></word><word seq="5">hearers<GreekSeq>4</GreekSeq></word><word seq="6">of the law<GreekSeq>5</GreekSeq></word><word seq="7">who are</word><word seq="8">righteous<GreekSeq>6</GreekSeq></word><word seq="9">before<GreekSeq>7</GreekSeq></word><word seq="10">God,<GreekSeq>9</GreekSeq></word><word seq="11">but<GreekSeq>10</GreekSeq></word><word seq="12">the<GreekSeq>11</GreekSeq></word><word seq="13">doers<GreekSeq>12</GreekSeq></word><word seq="14">of the law<GreekSeq>13</GreekSeq></word><word seq="15">who</word><word seq="16">will be justified.<GreekSeq>14</GreekSeq></word></ESV></verse>
<verse number="14"><ESV><word seq="1">For<GreekSeq>2</GreekSeq></word><word seq="2">when<GreekSeq>1</GreekSeq></word><word seq="3">Gentiles,<GreekSeq>3</GreekSeq></word><word seq="4">who do<GreekSeq>7</GreekSeq></word><word seq="5">not<GreekSeq>5</GreekSeq></word><word seq="6">have<GreekSeq>7</GreekSeq></word><word seq="7">the law,<GreekSeq>6</GreekSeq></word><word seq="8">by nature<GreekSeq>8</GreekSeq></word><word seq="9">do<GreekSeq>12</GreekSeq></word><word seq="10">what<GreekSeq>9</GreekSeq></word><word seq="11">the<GreekSeq>10</GreekSeq></word><word seq="12">law [requires],<GreekSeq>11</GreekSeq></word><word seq="13">they are<GreekSeq>18</GreekSeq></word><word seq="14">a law<GreekSeq>19</GreekSeq></word><word seq="15">to themselves,<GreekSeq>17</GreekSeq></word><word seq="16">even though</word><word seq="17">they<GreekSeq>13</GreekSeq></word><word seq="18">do</word><word seq="19">not<GreekSeq>15</GreekSeq></word><word seq="20">have<GreekSeq>16</GreekSeq></word><word seq="21">the law.<GreekSeq>14</GreekSeq></word></ESV></verse>
<verse number="15"><ESV><word seq="1">They<GreekSeq>1</GreekSeq></word><word seq="2">show<GreekSeq>2</GreekSeq></word><word seq="3">that</word><word seq="4">the<GreekSeq>3</GreekSeq></word><word seq="5">work<GreekSeq>4</GreekSeq></word><word seq="6">of the<GreekSeq>5</GreekSeq></word><word seq="7">law<GreekSeq>6</GreekSeq></word><word seq="8">is</word><word seq="9">written<GreekSeq>7</GreekSeq></word><word seq="10">on<GreekSeq>8</GreekSeq></word><word seq="11">their<GreekSeq>11</GreekSeq></word><word seq="12">hearts,<GreekSeq>10</GreekSeq></word><word seq="13">while</word><word seq="14">their<GreekSeq>13</GreekSeq></word><word seq="15">conscience<GreekSeq>15</GreekSeq></word><word seq="16">also</word><word seq="17">bears witness,<GreekSeq>12</GreekSeq></word><word seq="18">and<GreekSeq>16</GreekSeq></word><word seq="19">[their conflicting]<GreekSeq>17</GreekSeq><GreekSeq>18</GreekSeq></word><word seq="20">thoughts<GreekSeq>20</GreekSeq></word><word seq="21">accuse<GreekSeq>21</GreekSeq></word><word seq="22">or<GreekSeq>22</GreekSeq></word><word seq="23">even<GreekSeq>23</GreekSeq></word><word seq="24">excuse [them]<GreekSeq>24</GreekSeq></word></ESV></verse>
<verse number="16"><ESV><word seq="1">on<GreekSeq>1</GreekSeq></word><word seq="2">that day<GreekSeq>2</GreekSeq></word><word seq="3">when,<GreekSeq>3</GreekSeq></word><word seq="4">according to<GreekSeq>11</GreekSeq></word><word seq="5">my<GreekSeq>14</GreekSeq></word><word seq="6">gospel,<GreekSeq>13</GreekSeq></word><word seq="7">God<GreekSeq>6</GreekSeq></word><word seq="8">judges<GreekSeq>4</GreekSeq></word><word seq="9">the<GreekSeq>7</GreekSeq></word><word seq="10">secrets<GreekSeq>8</GreekSeq></word><word seq="11">of men<GreekSeq>10</GreekSeq></word><word seq="12">by<GreekSeq>15</GreekSeq></word><word seq="13">Christ<GreekSeq>16</GreekSeq></word><word seq="14">Jesus.<GreekSeq>17</GreekSeq></word></ESV></verse>
<verse number="17"><ESV><word seq="1">But<GreekSeq>2</GreekSeq></word><word seq="2">if<GreekSeq>1</GreekSeq></word><word seq="3">you<GreekSeq>3</GreekSeq></word><word seq="4">call yourself<GreekSeq>5</GreekSeq></word><word seq="5">a Jew<GreekSeq>4</GreekSeq></word><word seq="6">and<GreekSeq>6</GreekSeq></word><word seq="7">rely<GreekSeq>7</GreekSeq></word><word seq="8">on the law<GreekSeq>8</GreekSeq></word><word seq="9">and<GreekSeq>9</GreekSeq></word><word seq="10">boast<GreekSeq>10</GreekSeq></word><word seq="11">in<GreekSeq>11</GreekSeq></word><word seq="12">God<GreekSeq>12</GreekSeq></word></ESV></verse>
<verse number="18"><ESV><word seq="1">and<GreekSeq>1</GreekSeq></word><word seq="2">know<GreekSeq>2</GreekSeq></word><word seq="3">his<GreekSeq>3</GreekSeq></word><word seq="4">will<GreekSeq>4</GreekSeq></word><word seq="5">and<GreekSeq>5</GreekSeq></word><word seq="6">approve<GreekSeq>6</GreekSeq></word><word seq="7">what is excellent,<GreekSeq>7</GreekSeq><GreekSeq>8</GreekSeq></word><word seq="8">because you</word><word seq="9">are instructed<GreekSeq>9</GreekSeq></word><word seq="10">from<GreekSeq>10</GreekSeq></word><word seq="11">the<GreekSeq>11</GreekSeq></word><word seq="12">law;<GreekSeq>12</GreekSeq></word></ESV></verse>
<verse number="19"><ESV><word seq="1">and<GreekSeq>2</GreekSeq></word><word seq="2">if</word><word seq="3">you are sure<GreekSeq>1</GreekSeq></word><word seq="4">that</word><word seq="5">you yourself<GreekSeq>3</GreekSeq></word><word seq="6">are<GreekSeq>5</GreekSeq></word><word seq="7">a guide<GreekSeq>4</GreekSeq></word><word seq="8">to the blind,<GreekSeq>6</GreekSeq></word><word seq="9">a light<GreekSeq>7</GreekSeq></word><word seq="10">to those<GreekSeq>8</GreekSeq></word><word seq="11">who are</word><word seq="12">in<GreekSeq>9</GreekSeq></word><word seq="13">darkness,<GreekSeq>10</GreekSeq></word></ESV></verse>
<verse number="20"><ESV><word seq="1">an instructor<GreekSeq>1</GreekSeq></word><word seq="2">of the foolish,<GreekSeq>2</GreekSeq></word><word seq="3">a teacher<GreekSeq>3</GreekSeq></word><word seq="4">of children,<GreekSeq>4</GreekSeq></word><word seq="5">having<GreekSeq>5</GreekSeq></word><word seq="6">in<GreekSeq>13</GreekSeq></word><word seq="7">the<GreekSeq>14</GreekSeq></word><word seq="8">law<GreekSeq>15</GreekSeq></word><word seq="9">the<GreekSeq>6</GreekSeq></word><word seq="10">embodiment<GreekSeq>7</GreekSeq></word><word seq="11">of knowledge<GreekSeq>9</GreekSeq></word><word seq="12">and<GreekSeq>10</GreekSeq></word><word seq="13">truth —<GreekSeq>12</GreekSeq></word></ESV></verse>
<verse number="21"><ESV><word seq="1">you<GreekSeq>1</GreekSeq></word><word seq="2">then<GreekSeq>2</GreekSeq></word><word seq="3">who teach<GreekSeq>3</GreekSeq></word><word seq="4">others,<GreekSeq>4</GreekSeq></word><word seq="5">do</word><word seq="6">you<GreekSeq>7</GreekSeq></word><word seq="7">not<GreekSeq>6</GreekSeq></word><word seq="8">teach<GreekSeq>7</GreekSeq></word><word seq="9">yourself?<GreekSeq>5</GreekSeq></word><word seq="10">While<GreekSeq>9</GreekSeq></word><word seq="11">you<GreekSeq>8</GreekSeq></word><word seq="12">preach<GreekSeq>9</GreekSeq></word><word seq="13">against<GreekSeq>10</GreekSeq></word><word seq="14">stealing,<GreekSeq>11</GreekSeq></word><word seq="15">do</word><word seq="16">you steal?<GreekSeq>12</GreekSeq></word></ESV></verse>
<verse number="22"><ESV><word seq="1">You<GreekSeq>1</GreekSeq></word><word seq="2">who say<GreekSeq>2</GreekSeq></word><word seq="3">that one must</word><word seq="4">not<GreekSeq>3</GreekSeq></word><word seq="5">commit adultery,<GreekSeq>4</GreekSeq></word><word seq="6">do</word><word seq="7">you commit adultery?<GreekSeq>5</GreekSeq></word><word seq="8">You<GreekSeq>6</GreekSeq></word><word seq="9">who abhor<GreekSeq>7</GreekSeq></word><word seq="10">idols,<GreekSeq>9</GreekSeq></word><word seq="11">do</word><word seq="12">you rob temples?<GreekSeq>10</GreekSeq></word></ESV></verse>
<verse number="23"><ESV><word seq="1">You<GreekSeq>4</GreekSeq></word><word seq="2">who<GreekSeq>1</GreekSeq></word><word seq="3">boast<GreekSeq>4</GreekSeq></word><word seq="4">in<GreekSeq>2</GreekSeq></word><word seq="5">the law<GreekSeq>3</GreekSeq></word><word seq="6">dishonor<GreekSeq>12</GreekSeq></word><word seq="7">God<GreekSeq>11</GreekSeq></word><word seq="8">by<GreekSeq>5</GreekSeq></word><word seq="9">breaking<GreekSeq>7</GreekSeq></word><word seq="10">the<GreekSeq>8</GreekSeq></word><word seq="11">law.<GreekSeq>9</GreekSeq></word></ESV></verse>
<verse number="24"><ESV><word seq="1">For,<GreekSeq>2</GreekSeq></word><word seq="2">as<GreekSeq>12</GreekSeq></word><word seq="3">it is written,<GreekSeq>13</GreekSeq></word><word seq="4">“The<GreekSeq>1</GreekSeq></word><word seq="5">name<GreekSeq>3</GreekSeq></word><word seq="6">of God<GreekSeq>5</GreekSeq></word><word seq="7">is blasphemed<GreekSeq>8</GreekSeq></word><word seq="8">among<GreekSeq>9</GreekSeq></word><word seq="9">the<GreekSeq>10</GreekSeq></word><word seq="10">Gentiles<GreekSeq>11</GreekSeq></word><word seq="11">because of<GreekSeq>6</GreekSeq></word><word seq="12">you.”<GreekSeq>7</GreekSeq></word></ESV></verse>
<verse number="25"><ESV><word seq="1">For<GreekSeq>3</GreekSeq></word><word seq="2">circumcision<GreekSeq>1</GreekSeq></word><word seq="3">indeed<GreekSeq>2</GreekSeq></word><word seq="4">is of value<GreekSeq>4</GreekSeq></word><word seq="5">if<GreekSeq>5</GreekSeq></word><word seq="6">you obey<GreekSeq>7</GreekSeq></word><word seq="7">the law,<GreekSeq>6</GreekSeq></word><word seq="8">but<GreekSeq>9</GreekSeq></word><word seq="9">if<GreekSeq>8</GreekSeq></word><word seq="10">you<GreekSeq>12</GreekSeq></word><word seq="11">break<GreekSeq>10</GreekSeq></word><word seq="12">the law,<GreekSeq>11</GreekSeq></word><word seq="13">your<GreekSeq>15</GreekSeq></word><word seq="14">circumcision<GreekSeq>14</GreekSeq></word><word seq="15">becomes<GreekSeq>17</GreekSeq></word><word seq="16">uncircumcision.<GreekSeq>16</GreekSeq></word></ESV></verse>
<verse number="26"><ESV><word seq="1">So,<GreekSeq>2</GreekSeq></word><word seq="2">if<GreekSeq>1</GreekSeq></word><word seq="3">a man<GreekSeq>3</GreekSeq></word><word seq="4">who is</word><word seq="5">uncircumcised<GreekSeq>4</GreekSeq></word><word seq="6">keeps<GreekSeq>9</GreekSeq></word><word seq="7">the<GreekSeq>5</GreekSeq></word><word seq="8">precepts<GreekSeq>6</GreekSeq></word><word seq="9">of the<GreekSeq>7</GreekSeq></word><word seq="10">law,<GreekSeq>8</GreekSeq></word><word seq="11">will<GreekSeq>16</GreekSeq></word><word seq="12">not<GreekSeq>10</GreekSeq></word><word seq="13">his<GreekSeq>13</GreekSeq></word><word seq="14">uncircumcision<GreekSeq>12</GreekSeq></word><word seq="15">be regarded<GreekSeq>16</GreekSeq></word><word seq="16">as<GreekSeq>14</GreekSeq></word><word seq="17">circumcision?<GreekSeq>15</GreekSeq></word></ESV></verse>
<verse number="27"><ESV><word seq="1">Then<GreekSeq>1</GreekSeq></word><word seq="2">he<GreekSeq>3</GreekSeq></word><word seq="3">who is</word><word seq="4">physically<GreekSeq>4</GreekSeq><GreekSeq>5</GreekSeq></word><word seq="5">uncircumcised<GreekSeq>6</GreekSeq></word><word seq="6">but</word><word seq="7">keeps<GreekSeq>9</GreekSeq></word><word seq="8">the<GreekSeq>7</GreekSeq></word><word seq="9">law<GreekSeq>8</GreekSeq></word><word seq="10">will condemn<GreekSeq>2</GreekSeq></word><word seq="11">you<GreekSeq>10</GreekSeq></word><word seq="12">who<GreekSeq>11</GreekSeq></word><word seq="13">have<GreekSeq>12</GreekSeq></word><word seq="14">the written code<GreekSeq>13</GreekSeq></word><word seq="15">and<GreekSeq>14</GreekSeq></word><word seq="16">circumcision<GreekSeq>15</GreekSeq></word><word seq="17">but</word><word seq="18">break<GreekSeq>16</GreekSeq></word><word seq="19">the law.<GreekSeq>17</GreekSeq></word></ESV></verse>
<verse number="28"><ESV><word seq="1">For<GreekSeq>2</GreekSeq></word><word seq="2">no<GreekSeq>1</GreekSeq></word><word seq="3">one is<GreekSeq>8</GreekSeq></word><word seq="4">a Jew<GreekSeq>7</GreekSeq></word><word seq="5">who is merely</word><word seq="6">one<GreekSeq>3</GreekSeq></word><word seq="7">outwardly,<GreekSeq>4</GreekSeq><GreekSeq>5</GreekSeq><GreekSeq>6</GreekSeq></word><word seq="8">nor<GreekSeq>9</GreekSeq></word><word seq="9">is</word><word seq="10">circumcision<GreekSeq>16</GreekSeq></word><word seq="11">outward<GreekSeq>11</GreekSeq><GreekSeq>12</GreekSeq><GreekSeq>13</GreekSeq></word><word seq="12">and</word><word seq="13">physical.<GreekSeq>14</GreekSeq><GreekSeq>15</GreekSeq></word></ESV></verse>
<verse number="29"><ESV><word seq="1">But<GreekSeq>1</GreekSeq></word><word seq="2">a Jew<GreekSeq>6</GreekSeq></word><word seq="3">is</word><word seq="4">one<GreekSeq>2</GreekSeq></word><word seq="5">inwardly,<GreekSeq>3</GreekSeq><GreekSeq>4</GreekSeq><GreekSeq>5</GreekSeq></word><word seq="6">and<GreekSeq>7</GreekSeq></word><word seq="7">circumcision<GreekSeq>8</GreekSeq></word><word seq="8">is a matter</word><word seq="9">of the heart,<GreekSeq>9</GreekSeq></word><word seq="10">by<GreekSeq>10</GreekSeq></word><word seq="11">the Spirit,<GreekSeq>11</GreekSeq></word><word seq="12">not<GreekSeq>12</GreekSeq></word><word seq="13">by the letter.<GreekSeq>13</GreekSeq></word><word seq="14">His<GreekSeq>14</GreekSeq></word><word seq="15">praise<GreekSeq>16</GreekSeq></word><word seq="16">is</word><word seq="17">not<GreekSeq>17</GreekSeq></word><word seq="18">from<GreekSeq>18</GreekSeq></word><word seq="19">man<GreekSeq>19</GreekSeq></word><word seq="20">but<GreekSeq>20</GreekSeq></word><word seq="21">from<GreekSeq>21</GreekSeq></word><word seq="22">God.<GreekSeq>23</GreekSeq></word></ESV></verse></chapter></book>