<?xml version="1.0" encoding="UTF-8" standalone="no"?><book><chapter number="3">'<verse number="1"><ESV><word seq="1">Then<GreekSeq>2</GreekSeq></word><word seq="2">what<GreekSeq>1</GreekSeq></word><word seq="3">advantage<GreekSeq>4</GreekSeq></word><word seq="4">has</word><word seq="5">the<GreekSeq>5</GreekSeq></word><word seq="6">Jew?<GreekSeq>6</GreekSeq></word><word seq="7">Or<GreekSeq>7</GreekSeq></word><word seq="8">what<GreekSeq>8</GreekSeq></word><word seq="9">is</word><word seq="10">the<GreekSeq>9</GreekSeq></word><word seq="11">value<GreekSeq>10</GreekSeq></word><word seq="12">of circumcision?<GreekSeq>12</GreekSeq></word></ESV></verse>
<verse number="2"><ESV><word seq="1">Much<GreekSeq>1</GreekSeq></word><word seq="2">in<GreekSeq>2</GreekSeq></word><word seq="3">every<GreekSeq>3</GreekSeq></word><word seq="4">way.<GreekSeq>4</GreekSeq></word><word seq="5">To begin with,<GreekSeq>5</GreekSeq></word><word seq="6">[the Jews] were entrusted<GreekSeq>9</GreekSeq></word><word seq="7">with the<GreekSeq>10</GreekSeq></word><word seq="8">oracles<GreekSeq>11</GreekSeq></word><word seq="9">of God.<GreekSeq>13</GreekSeq></word></ESV></verse>
<verse number="3"><ESV><word seq="1">What<GreekSeq>1</GreekSeq></word><word seq="2">if<GreekSeq>3</GreekSeq></word><word seq="3">some<GreekSeq>5</GreekSeq></word><word seq="4">were unfaithful?<GreekSeq>4</GreekSeq></word><word seq="5">Does</word><word seq="6">their<GreekSeq>9</GreekSeq></word><word seq="7">faithlessness<GreekSeq>8</GreekSeq></word><word seq="8">nullify<GreekSeq>14</GreekSeq></word><word seq="9">the<GreekSeq>10</GreekSeq></word><word seq="10">faithfulness<GreekSeq>11</GreekSeq></word><word seq="11">of God?<GreekSeq>13</GreekSeq></word></ESV></verse>
<verse number="4"><ESV><word seq="1">By no means!<GreekSeq>1</GreekSeq><GreekSeq>2</GreekSeq></word><word seq="2">Let<GreekSeq>3</GreekSeq></word><word seq="3">God<GreekSeq>6</GreekSeq></word><word seq="4">be<GreekSeq>3</GreekSeq></word><word seq="5">true<GreekSeq>7</GreekSeq></word><word seq="6">though<GreekSeq>4</GreekSeq></word><word seq="7">every<GreekSeq>8</GreekSeq></word><word seq="8">one<GreekSeq>10</GreekSeq></word><word seq="9">were</word><word seq="10">a liar,<GreekSeq>11</GreekSeq></word><word seq="11">as<GreekSeq>12</GreekSeq></word><word seq="12">it is written,<GreekSeq>13</GreekSeq></word><word seq="13">“That<GreekSeq>14</GreekSeq></word><word seq="14">you may be justified<GreekSeq>16</GreekSeq></word><word seq="15">in<GreekSeq>17</GreekSeq></word><word seq="16">your<GreekSeq>20</GreekSeq></word><word seq="17">words,<GreekSeq>19</GreekSeq></word><word seq="18">and<GreekSeq>21</GreekSeq></word><word seq="19">prevail<GreekSeq>22</GreekSeq></word><word seq="20">when<GreekSeq>23</GreekSeq><GreekSeq>24</GreekSeq></word><word seq="21">you<GreekSeq>26</GreekSeq></word><word seq="22">are judged.”<GreekSeq>25</GreekSeq></word></ESV></verse>
<verse number="5"><ESV><word seq="1">But<GreekSeq>2</GreekSeq></word><word seq="2">if<GreekSeq>1</GreekSeq></word><word seq="3">our<GreekSeq>5</GreekSeq></word><word seq="4">unrighteousness<GreekSeq>4</GreekSeq></word><word seq="5">serves to show<GreekSeq>8</GreekSeq></word><word seq="6">the righteousness<GreekSeq>7</GreekSeq></word><word seq="7">of God,<GreekSeq>6</GreekSeq></word><word seq="8">what<GreekSeq>9</GreekSeq></word><word seq="9">shall we say?<GreekSeq>10</GreekSeq></word><word seq="10">That</word><word seq="11">God<GreekSeq>14</GreekSeq></word><word seq="12">is</word><word seq="13">unrighteous<GreekSeq>12</GreekSeq></word><word seq="14">to inflict<GreekSeq>16</GreekSeq></word><word seq="15">wrath<GreekSeq>18</GreekSeq></word><word seq="16">on us?</word><word seq="17">(I speak<GreekSeq>21</GreekSeq></word><word seq="18">in<GreekSeq>19</GreekSeq></word><word seq="19">a human<GreekSeq>20</GreekSeq></word><word seq="20">way.)<GreekSeq>19</GreekSeq></word></ESV></verse>
<verse number="6"><ESV><word seq="1">By no means!<GreekSeq>1</GreekSeq><GreekSeq>2</GreekSeq></word><word seq="2">For then<GreekSeq>3</GreekSeq></word><word seq="3">how<GreekSeq>4</GreekSeq></word><word seq="4">could<GreekSeq>5</GreekSeq></word><word seq="5">God<GreekSeq>7</GreekSeq></word><word seq="6">judge<GreekSeq>5</GreekSeq></word><word seq="7">the<GreekSeq>8</GreekSeq></word><word seq="8">world?<GreekSeq>9</GreekSeq></word></ESV></verse>
<verse number="7"><ESV><word seq="1">But<GreekSeq>2</GreekSeq></word><word seq="2">if<GreekSeq>1</GreekSeq></word><word seq="3">through<GreekSeq>7</GreekSeq></word><word seq="4">my<GreekSeq>9</GreekSeq></word><word seq="5">lie<GreekSeq>10</GreekSeq></word><word seq="6">God’s<GreekSeq>6</GreekSeq></word><word seq="7">truth<GreekSeq>4</GreekSeq></word><word seq="8">abounds<GreekSeq>11</GreekSeq></word><word seq="9">to<GreekSeq>12</GreekSeq></word><word seq="10">his<GreekSeq>15</GreekSeq></word><word seq="11">glory,<GreekSeq>14</GreekSeq></word><word seq="12">why<GreekSeq>16</GreekSeq></word><word seq="13">am<GreekSeq>21</GreekSeq></word><word seq="14">I<GreekSeq>18</GreekSeq></word><word seq="15">still<GreekSeq>17</GreekSeq></word><word seq="16">being condemned<GreekSeq>21</GreekSeq></word><word seq="17">as<GreekSeq>19</GreekSeq></word><word seq="18">a sinner?<GreekSeq>20</GreekSeq></word></ESV></verse>
<verse number="8"><ESV><word seq="1">And<GreekSeq>1</GreekSeq></word><word seq="2">why</word><word seq="3">not<GreekSeq>2</GreekSeq></word><word seq="4">do<GreekSeq>12</GreekSeq></word><word seq="5">evil<GreekSeq>14</GreekSeq></word><word seq="6">that<GreekSeq>15</GreekSeq></word><word seq="7">good<GreekSeq>18</GreekSeq></word><word seq="8">may come?<GreekSeq>16</GreekSeq></word><word seq="9">— as<GreekSeq>3</GreekSeq></word><word seq="10">some<GreekSeq>8</GreekSeq></word><word seq="11">people slanderously<GreekSeq>4</GreekSeq></word><word seq="12">charge<GreekSeq>7</GreekSeq></word><word seq="13">us<GreekSeq>9</GreekSeq></word><word seq="14">with saying.<GreekSeq>10</GreekSeq></word><word seq="15">Their<GreekSeq>19</GreekSeq></word><word seq="16">condemnation<GreekSeq>21</GreekSeq></word><word seq="17">is<GreekSeq>23</GreekSeq></word><word seq="18">just.<GreekSeq>22</GreekSeq></word></ESV></verse>
<verse number="9"><ESV><word seq="1">What<GreekSeq>1</GreekSeq></word><word seq="2">then?<GreekSeq>2</GreekSeq></word><word seq="3">Are we [Jews any] better off?<GreekSeq>3</GreekSeq></word><word seq="4">No,<GreekSeq>4</GreekSeq></word><word seq="5">not</word><word seq="6">at all.<GreekSeq>5</GreekSeq></word><word seq="7">For<GreekSeq>7</GreekSeq></word><word seq="8">we have already charged<GreekSeq>6</GreekSeq></word><word seq="9">that</word><word seq="10">all,<GreekSeq>12</GreekSeq></word><word seq="11">both<GreekSeq>9</GreekSeq></word><word seq="12">Jews<GreekSeq>8</GreekSeq></word><word seq="13">and<GreekSeq>10</GreekSeq></word><word seq="14">Greeks,<GreekSeq>11</GreekSeq></word><word seq="15">are<GreekSeq>15</GreekSeq></word><word seq="16">under<GreekSeq>13</GreekSeq></word><word seq="17">sin,<GreekSeq>14</GreekSeq></word></ESV></verse>
<verse number="10"><ESV><word seq="1">as<GreekSeq>1</GreekSeq></word><word seq="2">it is written:<GreekSeq>2</GreekSeq></word><word seq="3">“None<GreekSeq>4</GreekSeq></word><word seq="4">is<GreekSeq>5</GreekSeq></word><word seq="5">righteous,<GreekSeq>6</GreekSeq></word><word seq="6">no,<GreekSeq>7</GreekSeq></word><word seq="7">not</word><word seq="8">one;<GreekSeq>8</GreekSeq></word></ESV></verse>
<verse number="11"><ESV><word seq="1">no<GreekSeq>1</GreekSeq></word><word seq="2">one<GreekSeq>3</GreekSeq></word><word seq="3">understands;<GreekSeq>4</GreekSeq></word><word seq="4">no<GreekSeq>5</GreekSeq></word><word seq="5">one<GreekSeq>7</GreekSeq></word><word seq="6">seeks for<GreekSeq>8</GreekSeq></word><word seq="7">God.<GreekSeq>10</GreekSeq></word></ESV></verse>
<verse number="12"><ESV><word seq="1">All<GreekSeq>1</GreekSeq></word><word seq="2">have turned aside;<GreekSeq>2</GreekSeq></word><word seq="3">together<GreekSeq>3</GreekSeq></word><word seq="4">they have become worthless;<GreekSeq>4</GreekSeq></word><word seq="5">no<GreekSeq>5</GreekSeq></word><word seq="6">one<GreekSeq>7</GreekSeq></word><word seq="7">does<GreekSeq>8</GreekSeq></word><word seq="8">good,<GreekSeq>9</GreekSeq></word><word seq="9">not<GreekSeq>10</GreekSeq></word><word seq="10">even<GreekSeq>12</GreekSeq></word><word seq="11">one.”<GreekSeq>13</GreekSeq></word></ESV></verse>
<verse number="13"><ESV><word seq="1">“Their<GreekSeq>5</GreekSeq></word><word seq="2">throat<GreekSeq>4</GreekSeq></word><word seq="3">is</word><word seq="4">an open<GreekSeq>2</GreekSeq></word><word seq="5">grave;<GreekSeq>1</GreekSeq></word><word seq="6">they use<GreekSeq>9</GreekSeq></word><word seq="7">their<GreekSeq>8</GreekSeq></word><word seq="8">tongues<GreekSeq>7</GreekSeq></word><word seq="9">to deceive.”<GreekSeq>9</GreekSeq></word><word seq="10">“The venom<GreekSeq>10</GreekSeq></word><word seq="11">of asps<GreekSeq>11</GreekSeq></word><word seq="12">is</word><word seq="13">under<GreekSeq>12</GreekSeq></word><word seq="14">their<GreekSeq>15</GreekSeq></word><word seq="15">lips.”<GreekSeq>14</GreekSeq></word></ESV></verse>
<verse number="14"><ESV><word seq="1">“Their<GreekSeq>1</GreekSeq></word><word seq="2">mouth<GreekSeq>3</GreekSeq></word><word seq="3">is full of<GreekSeq>7</GreekSeq></word><word seq="4">curses<GreekSeq>4</GreekSeq></word><word seq="5">and<GreekSeq>5</GreekSeq></word><word seq="6">bitterness.”<GreekSeq>6</GreekSeq></word></ESV></verse>
<verse number="15"><ESV><word seq="1">“Their<GreekSeq>4</GreekSeq></word><word seq="2">feet<GreekSeq>3</GreekSeq></word><word seq="3">are</word><word seq="4">swift<GreekSeq>1</GreekSeq></word><word seq="5">to shed<GreekSeq>5</GreekSeq></word><word seq="6">blood;<GreekSeq>6</GreekSeq></word></ESV></verse>
<verse number="16"><ESV><word seq="1">in<GreekSeq>4</GreekSeq></word><word seq="2">their<GreekSeq>7</GreekSeq></word><word seq="3">paths<GreekSeq>6</GreekSeq></word><word seq="4">are</word><word seq="5">ruin<GreekSeq>1</GreekSeq></word><word seq="6">and<GreekSeq>2</GreekSeq></word><word seq="7">misery,<GreekSeq>3</GreekSeq></word></ESV></verse>
<verse number="17"><ESV><word seq="1">and<GreekSeq>1</GreekSeq></word><word seq="2">the way<GreekSeq>2</GreekSeq></word><word seq="3">of peace<GreekSeq>3</GreekSeq></word><word seq="4">they have<GreekSeq>5</GreekSeq></word><word seq="5">not<GreekSeq>4</GreekSeq></word><word seq="6">known.”<GreekSeq>5</GreekSeq></word></ESV></verse>
<verse number="18"><ESV><word seq="1">“There is<GreekSeq>2</GreekSeq></word><word seq="2">no<GreekSeq>1</GreekSeq></word><word seq="3">fear<GreekSeq>3</GreekSeq></word><word seq="4">of God<GreekSeq>4</GreekSeq></word><word seq="5">before<GreekSeq>5</GreekSeq></word><word seq="6">their<GreekSeq>8</GreekSeq></word><word seq="7">eyes.”<GreekSeq>7</GreekSeq></word></ESV></verse>
<verse number="19"><ESV><word seq="1">Now<GreekSeq>2</GreekSeq></word><word seq="2">we know<GreekSeq>1</GreekSeq></word><word seq="3">that<GreekSeq>3</GreekSeq></word><word seq="4">whatever<GreekSeq>4</GreekSeq></word><word seq="5">the<GreekSeq>5</GreekSeq></word><word seq="6">law<GreekSeq>6</GreekSeq></word><word seq="7">says<GreekSeq>7</GreekSeq></word><word seq="8">it speaks<GreekSeq>12</GreekSeq></word><word seq="9">to those<GreekSeq>8</GreekSeq></word><word seq="10">who are</word><word seq="11">under<GreekSeq>9</GreekSeq></word><word seq="12">the<GreekSeq>10</GreekSeq></word><word seq="13">law,<GreekSeq>11</GreekSeq></word><word seq="14">so that<GreekSeq>13</GreekSeq></word><word seq="15">every<GreekSeq>14</GreekSeq></word><word seq="16">mouth<GreekSeq>15</GreekSeq></word><word seq="17">may be stopped,<GreekSeq>16</GreekSeq></word><word seq="18">and<GreekSeq>17</GreekSeq></word><word seq="19">the<GreekSeq>21</GreekSeq></word><word seq="20">whole<GreekSeq>20</GreekSeq></word><word seq="21">world<GreekSeq>22</GreekSeq></word><word seq="22">may be held<GreekSeq>19</GreekSeq></word><word seq="23">accountable<GreekSeq>18</GreekSeq></word><word seq="24">to God.<GreekSeq>24</GreekSeq></word></ESV></verse>
<verse number="20"><ESV><word seq="1">For<GreekSeq>1</GreekSeq></word><word seq="2">by<GreekSeq>2</GreekSeq></word><word seq="3">works<GreekSeq>3</GreekSeq></word><word seq="4">of the law<GreekSeq>4</GreekSeq></word><word seq="5">no<GreekSeq>5</GreekSeq><GreekSeq>7</GreekSeq></word><word seq="6">human being<GreekSeq>8</GreekSeq></word><word seq="7">will be justified<GreekSeq>6</GreekSeq></word><word seq="8">in<GreekSeq>9</GreekSeq></word><word seq="9">his<GreekSeq>10</GreekSeq></word><word seq="10">sight,<GreekSeq>9</GreekSeq></word><word seq="11">since<GreekSeq>12</GreekSeq></word><word seq="12">through<GreekSeq>11</GreekSeq></word><word seq="13">the law<GreekSeq>13</GreekSeq></word><word seq="14">comes</word><word seq="15">knowledge<GreekSeq>14</GreekSeq></word><word seq="16">of sin.<GreekSeq>15</GreekSeq></word></ESV></verse>
<verse number="21"><ESV><word seq="1">But<GreekSeq>2</GreekSeq></word><word seq="2">now<GreekSeq>1</GreekSeq></word><word seq="3">the righteousness<GreekSeq>5</GreekSeq></word><word seq="4">of God<GreekSeq>6</GreekSeq></word><word seq="5">has been manifested<GreekSeq>7</GreekSeq></word><word seq="6">apart from<GreekSeq>3</GreekSeq></word><word seq="7">the law,<GreekSeq>4</GreekSeq></word><word seq="8">although</word><word seq="9">the<GreekSeq>10</GreekSeq></word><word seq="10">Law<GreekSeq>11</GreekSeq></word><word seq="11">and<GreekSeq>12</GreekSeq></word><word seq="12">the<GreekSeq>13</GreekSeq></word><word seq="13">Prophets<GreekSeq>14</GreekSeq></word><word seq="14">bear witness<GreekSeq>8</GreekSeq></word><word seq="15">to<GreekSeq>9</GreekSeq></word><word seq="16">it—</word></ESV></verse>
<verse number="22"><ESV><word seq="1">the righteousness<GreekSeq>1</GreekSeq></word><word seq="2">of God<GreekSeq>3</GreekSeq></word><word seq="3">through<GreekSeq>4</GreekSeq></word><word seq="4">faith<GreekSeq>5</GreekSeq></word><word seq="5">in Jesus<GreekSeq>6</GreekSeq></word><word seq="6">Christ<GreekSeq>7</GreekSeq></word><word seq="7">for<GreekSeq>8</GreekSeq></word><word seq="8">all<GreekSeq>9</GreekSeq></word><word seq="9">who believe.<GreekSeq>11</GreekSeq></word><word seq="10">For<GreekSeq>13</GreekSeq></word><word seq="11">there is<GreekSeq>14</GreekSeq></word><word seq="12">no<GreekSeq>12</GreekSeq></word><word seq="13">distinction:<GreekSeq>15</GreekSeq></word></ESV></verse>
<verse number="23"><ESV><word seq="1">for<GreekSeq>2</GreekSeq></word><word seq="2">all<GreekSeq>1</GreekSeq></word><word seq="3">have sinned<GreekSeq>3</GreekSeq></word><word seq="4">and<GreekSeq>4</GreekSeq></word><word seq="5">fall short<GreekSeq>5</GreekSeq></word><word seq="6">of the<GreekSeq>6</GreekSeq></word><word seq="7">glory<GreekSeq>7</GreekSeq></word><word seq="8">of God,<GreekSeq>9</GreekSeq></word></ESV></verse>
<verse number="24"><ESV><word seq="1">and</word><word seq="2">are justified<GreekSeq>1</GreekSeq></word><word seq="3">by<GreekSeq>5</GreekSeq></word><word seq="4">his<GreekSeq>4</GreekSeq></word><word seq="5">grace<GreekSeq>5</GreekSeq></word><word seq="6">as a gift,<GreekSeq>2</GreekSeq></word><word seq="7">through<GreekSeq>6</GreekSeq></word><word seq="8">the<GreekSeq>7</GreekSeq></word><word seq="9">redemption<GreekSeq>8</GreekSeq></word><word seq="10">that<GreekSeq>9</GreekSeq></word><word seq="11">is</word><word seq="12">in<GreekSeq>10</GreekSeq></word><word seq="13">Christ<GreekSeq>11</GreekSeq></word><word seq="14">Jesus,<GreekSeq>12</GreekSeq></word></ESV></verse>
<verse number="25"><ESV><word seq="1">whom<GreekSeq>1</GreekSeq></word><word seq="2">God<GreekSeq>4</GreekSeq></word><word seq="3">put forward as<GreekSeq>2</GreekSeq></word><word seq="4">a propitiation<GreekSeq>5</GreekSeq></word><word seq="5">by<GreekSeq>9</GreekSeq></word><word seq="6">his<GreekSeq>11</GreekSeq></word><word seq="7">blood,<GreekSeq>12</GreekSeq></word><word seq="8">[to be received] by<GreekSeq>6</GreekSeq></word><word seq="9">faith.<GreekSeq>8</GreekSeq></word><word seq="10">This was</word><word seq="11">to show<GreekSeq>13</GreekSeq><GreekSeq>14</GreekSeq></word><word seq="12">God’s<GreekSeq>4</GreekSeq></word><word seq="13">righteousness,<GreekSeq>16</GreekSeq></word><word seq="14">because<GreekSeq>18</GreekSeq></word><word seq="15">in<GreekSeq>18</GreekSeq></word><word seq="16">his<GreekSeq>17</GreekSeq></word><word seq="17" note="see next verse">divine forbearance</word><word seq="18">he had</word><word seq="19">passed over<GreekSeq>20</GreekSeq></word><word seq="20">former<GreekSeq>22</GreekSeq></word><word seq="21">sins.<GreekSeq>23</GreekSeq></word></ESV></verse>
<verse number="26"><ESV><word seq="1" note="From previous verse.">divine<GreekSeq>5</GreekSeq></word><word seq="2" note="From previous verse.">forbearance<GreekSeq>3</GreekSeq></word><word seq="3">It was</word><word seq="4">to<GreekSeq>6</GreekSeq></word><word seq="5">show<GreekSeq>8</GreekSeq></word><word seq="6">his<GreekSeq>11</GreekSeq></word><word seq="7">righteousness<GreekSeq>10</GreekSeq></word><word seq="8">at<GreekSeq>12</GreekSeq></word><word seq="9">the<GreekSeq>13</GreekSeq></word><word seq="10">present<GreekSeq>14</GreekSeq></word><word seq="11">time,<GreekSeq>15</GreekSeq></word><word seq="12">so that<GreekSeq>16</GreekSeq><GreekSeq>17</GreekSeq></word><word seq="13">he<GreekSeq>19</GreekSeq></word><word seq="14">might be<GreekSeq>18</GreekSeq></word><word seq="15">just<GreekSeq>20</GreekSeq></word><word seq="16">and<GreekSeq>21</GreekSeq></word><word seq="17">the justifier<GreekSeq>22</GreekSeq></word><word seq="18">of<GreekSeq>24</GreekSeq></word><word seq="19">the one<GreekSeq>23</GreekSeq></word><word seq="20">who has faith in<GreekSeq>25</GreekSeq></word><word seq="21">Jesus.<GreekSeq>26</GreekSeq></word></ESV></verse>
<verse number="27"><ESV><word seq="1">Then<GreekSeq>2</GreekSeq></word><word seq="2">what<GreekSeq>1</GreekSeq></word><word seq="3">becomes of our</word><word seq="4">boasting?<GreekSeq>4</GreekSeq></word><word seq="5">It is excluded.<GreekSeq>5</GreekSeq></word><word seq="6">By<GreekSeq>6</GreekSeq></word><word seq="7">what kind of<GreekSeq>7</GreekSeq></word><word seq="8">law?<GreekSeq>8</GreekSeq></word><word seq="9">By</word><word seq="10">a [law ]<GreekSeq>9</GreekSeq></word><word seq="11">of works?<GreekSeq>10</GreekSeq></word><word seq="12">No,<GreekSeq>11</GreekSeq></word><word seq="13">but<GreekSeq>12</GreekSeq></word><word seq="14">by<GreekSeq>13</GreekSeq></word><word seq="15">the law<GreekSeq>14</GreekSeq></word><word seq="16">of faith.<GreekSeq>15</GreekSeq></word></ESV></verse>
<verse number="28"><ESV><word seq="1">For<GreekSeq>2</GreekSeq></word><word seq="2">we hold<GreekSeq>1</GreekSeq></word><word seq="3">that</word><word seq="4">[one]<GreekSeq>5</GreekSeq></word><word seq="5">is justified<GreekSeq>3</GreekSeq></word><word seq="6">by faith<GreekSeq>4</GreekSeq></word><word seq="7">apart from<GreekSeq>6</GreekSeq></word><word seq="8">works<GreekSeq>7</GreekSeq></word><word seq="9">of the law.<GreekSeq>8</GreekSeq></word></ESV></verse>
<verse number="29"><ESV><word seq="1">Or<GreekSeq>1</GreekSeq></word><word seq="2">is God</word><word seq="3">the<GreekSeq>3</GreekSeq></word><word seq="4">God<GreekSeq>4</GreekSeq></word><word seq="5">of Jews<GreekSeq>2</GreekSeq></word><word seq="6">only?<GreekSeq>5</GreekSeq></word><word seq="7">Is he</word><word seq="8">not<GreekSeq>6</GreekSeq></word><word seq="9">the God</word><word seq="10">of Gentiles<GreekSeq>8</GreekSeq></word><word seq="11">also?<GreekSeq>7</GreekSeq></word><word seq="12">Yes,<GreekSeq>9</GreekSeq></word><word seq="13">of Gentiles<GreekSeq>11</GreekSeq></word><word seq="14">also,<GreekSeq>10</GreekSeq></word></ESV></verse>
<verse number="30"><ESV><word seq="1">since<GreekSeq>1</GreekSeq></word><word seq="2">God<GreekSeq>4</GreekSeq></word><word seq="3">is</word><word seq="4">one<GreekSeq>2</GreekSeq></word><word seq="5">— who<GreekSeq>5</GreekSeq></word><word seq="6">will justify<GreekSeq>6</GreekSeq></word><word seq="7">the circumcised<GreekSeq>7</GreekSeq></word><word seq="8">by<GreekSeq>8</GreekSeq></word><word seq="9">faith<GreekSeq>9</GreekSeq></word><word seq="10">and<GreekSeq>10</GreekSeq></word><word seq="11">the uncircumcised<GreekSeq>11</GreekSeq></word><word seq="12">through<GreekSeq>12</GreekSeq></word><word seq="13">faith.<GreekSeq>14</GreekSeq></word></ESV></verse>
<verse number="31"><ESV><word seq="1">Do</word><word seq="2">we<GreekSeq>3</GreekSeq></word><word seq="3">then<GreekSeq>2</GreekSeq></word><word seq="4">overthrow<GreekSeq>3</GreekSeq></word><word seq="5">the law<GreekSeq>1</GreekSeq></word><word seq="6">by<GreekSeq>4</GreekSeq></word><word seq="7">this<GreekSeq>5</GreekSeq></word><word seq="8">faith?<GreekSeq>6</GreekSeq></word><word seq="9">By no means!<GreekSeq>7</GreekSeq><GreekSeq>8</GreekSeq></word><word seq="10">On the contrary,<GreekSeq>9</GreekSeq></word><word seq="11">we uphold<GreekSeq>11</GreekSeq></word><word seq="12">the law.<GreekSeq>10</GreekSeq></word></ESV></verse></chapter></book>