<?xml version="1.0" encoding="UTF-8" standalone="no"?><book><chapter number="16">'<verse number="1"><ESV><word seq="1">I commend<GreekSeq>1</GreekSeq></word><word seq="2">to you<GreekSeq>3</GreekSeq></word><word seq="3">our<GreekSeq>7</GreekSeq></word><word seq="4">sister<GreekSeq>6</GreekSeq></word><word seq="5">Phoebe,<GreekSeq>4</GreekSeq></word><word seq="6">a servant<GreekSeq>10</GreekSeq></word><word seq="7">of the<GreekSeq>11</GreekSeq></word><word seq="8">church<GreekSeq>12</GreekSeq></word><word seq="9">at<GreekSeq>14</GreekSeq></word><word seq="10">Cenchreae,<GreekSeq>15</GreekSeq></word></ESV></verse>
<verse number="2"><ESV><word seq="1">that<GreekSeq>1</GreekSeq></word><word seq="2">you may welcome<GreekSeq>3</GreekSeq></word><word seq="3">her<GreekSeq>2</GreekSeq></word><word seq="4">in<GreekSeq>4</GreekSeq></word><word seq="5">the Lord<GreekSeq>5</GreekSeq></word><word seq="6">in a way worthy<GreekSeq>6</GreekSeq></word><word seq="7">of the<GreekSeq>7</GreekSeq></word><word seq="8">saints,<GreekSeq>8</GreekSeq></word><word seq="9">and<GreekSeq>9</GreekSeq></word><word seq="10">help<GreekSeq>10</GreekSeq></word><word seq="11">her<GreekSeq>11</GreekSeq></word><word seq="12">in<GreekSeq>12</GreekSeq></word><word seq="13">whatever<GreekSeq>13</GreekSeq><GreekSeq>14</GreekSeq></word><word seq="14">she may need<GreekSeq>16</GreekSeq></word><word seq="15">from you,<GreekSeq>15</GreekSeq></word><word seq="16">for<GreekSeq>19</GreekSeq></word><word seq="17">she<GreekSeq>20</GreekSeq></word><word seq="18">has been<GreekSeq>23</GreekSeq></word><word seq="19">a patron<GreekSeq>21</GreekSeq></word><word seq="20">of many<GreekSeq>22</GreekSeq></word><word seq="21">and<GreekSeq>24</GreekSeq></word><word seq="22">of myself<GreekSeq>25</GreekSeq><GreekSeq>26</GreekSeq></word><word seq="23">as well.<GreekSeq>24</GreekSeq></word></ESV></verse>
<verse number="3"><ESV><word seq="1">Greet<GreekSeq>1</GreekSeq></word><word seq="2">Prisca<GreekSeq>2</GreekSeq></word><word seq="3">and<GreekSeq>3</GreekSeq></word><word seq="4">Aquila,<GreekSeq>4</GreekSeq></word><word seq="5">my<GreekSeq>7</GreekSeq></word><word seq="6">fellow workers<GreekSeq>5</GreekSeq><GreekSeq>6</GreekSeq></word><word seq="7">in<GreekSeq>8</GreekSeq></word><word seq="8">Christ<GreekSeq>9</GreekSeq></word><word seq="9">Jesus,<GreekSeq>10</GreekSeq></word></ESV></verse>
<verse number="4"><ESV><word seq="1">who<GreekSeq>1</GreekSeq></word><word seq="2">risked<GreekSeq>9</GreekSeq></word><word seq="3">their<GreekSeq>7</GreekSeq></word><word seq="4">necks<GreekSeq>8</GreekSeq></word><word seq="5">for<GreekSeq>2</GreekSeq></word><word seq="6">my<GreekSeq>5</GreekSeq></word><word seq="7">life,<GreekSeq>4</GreekSeq></word><word seq="8">to whom<GreekSeq>10</GreekSeq></word><word seq="9">not<GreekSeq>11</GreekSeq></word><word seq="10">only<GreekSeq>13</GreekSeq></word><word seq="11">I<GreekSeq>12</GreekSeq></word><word seq="12">give thanks<GreekSeq>14</GreekSeq></word><word seq="13">but<GreekSeq>15</GreekSeq></word><word seq="14">all<GreekSeq>17</GreekSeq></word><word seq="15">the<GreekSeq>18</GreekSeq></word><word seq="16">churches<GreekSeq>19</GreekSeq></word><word seq="17">of the<GreekSeq>20</GreekSeq></word><word seq="18">Gentiles<GreekSeq>21</GreekSeq></word><word seq="19">give thanks</word><word seq="20">as well.<GreekSeq>16</GreekSeq></word></ESV></verse>
<verse number="5"><ESV><word seq="1">Greet</word><word seq="2">also<GreekSeq>1</GreekSeq></word><word seq="3">the<GreekSeq>2</GreekSeq></word><word seq="4">church<GreekSeq>6</GreekSeq></word><word seq="5">in<GreekSeq>3</GreekSeq></word><word seq="6">their<GreekSeq>5</GreekSeq></word><word seq="7">house.<GreekSeq>4</GreekSeq></word><word seq="8">Greet<GreekSeq>7</GreekSeq></word><word seq="9">my<GreekSeq>11</GreekSeq></word><word seq="10">beloved<GreekSeq>10</GreekSeq></word><word seq="11">Epaenetus,<GreekSeq>8</GreekSeq></word><word seq="12">who<GreekSeq>12</GreekSeq></word><word seq="13">was<GreekSeq>13</GreekSeq></word><word seq="14">the first [convert]<GreekSeq>14</GreekSeq></word><word seq="15">to<GreekSeq>17</GreekSeq></word><word seq="16">Christ<GreekSeq>18</GreekSeq></word><word seq="17">in Asia.<GreekSeq>16</GreekSeq></word></ESV></verse>
<verse number="6"><ESV><word seq="1">Greet<GreekSeq>1</GreekSeq></word><word seq="2">Mary,<GreekSeq>2</GreekSeq></word><word seq="3">who<GreekSeq>3</GreekSeq></word><word seq="4">has worked<GreekSeq>5</GreekSeq></word><word seq="5">hard<GreekSeq>4</GreekSeq></word><word seq="6">for<GreekSeq>6</GreekSeq></word><word seq="7">you.<GreekSeq>7</GreekSeq></word></ESV></verse>
<verse number="7"><ESV><word seq="1">Greet<GreekSeq>1</GreekSeq></word><word seq="2">Andronicus<GreekSeq>2</GreekSeq></word><word seq="3">and<GreekSeq>3</GreekSeq></word><word seq="4">Junia,<GreekSeq>4</GreekSeq></word><word seq="5">my<GreekSeq>7</GreekSeq></word><word seq="6">kinsmen<GreekSeq>6</GreekSeq></word><word seq="7">and<GreekSeq>8</GreekSeq></word><word seq="8">my<GreekSeq>10</GreekSeq></word><word seq="9">fellow prisoners.<GreekSeq>9</GreekSeq></word><word seq="10">They<GreekSeq>11</GreekSeq></word><word seq="11">are<GreekSeq>12</GreekSeq></word><word seq="12">well known<GreekSeq>13</GreekSeq></word><word seq="13">to<GreekSeq>14</GreekSeq></word><word seq="14">the<GreekSeq>15</GreekSeq></word><word seq="15">apostles,<GreekSeq>16</GreekSeq></word><word seq="16">and<GreekSeq>18</GreekSeq></word><word seq="17">they<GreekSeq>17</GreekSeq></word><word seq="18">were<GreekSeq>21</GreekSeq></word><word seq="19">in<GreekSeq>22</GreekSeq></word><word seq="20">Christ<GreekSeq>23</GreekSeq></word><word seq="21">before<GreekSeq>19</GreekSeq></word><word seq="22">me.<GreekSeq>20</GreekSeq></word></ESV></verse>
<verse number="8"><ESV><word seq="1">Greet<GreekSeq>1</GreekSeq></word><word seq="2">Ampliatus,<GreekSeq>2</GreekSeq></word><word seq="3">my<GreekSeq>5</GreekSeq></word><word seq="4">beloved<GreekSeq>4</GreekSeq></word><word seq="5">in<GreekSeq>6</GreekSeq></word><word seq="6">the Lord.<GreekSeq>7</GreekSeq></word></ESV></verse>
<verse number="9"><ESV><word seq="1">Greet<GreekSeq>1</GreekSeq></word><word seq="2">Urbanus,<GreekSeq>2</GreekSeq></word><word seq="3">our<GreekSeq>5</GreekSeq></word><word seq="4">fellow worker<GreekSeq>4</GreekSeq></word><word seq="5">in<GreekSeq>6</GreekSeq></word><word seq="6">Christ,<GreekSeq>7</GreekSeq></word><word seq="7">and<GreekSeq>8</GreekSeq></word><word seq="8">my<GreekSeq>12</GreekSeq></word><word seq="9">beloved<GreekSeq>11</GreekSeq></word><word seq="10">Stachys.<GreekSeq>9</GreekSeq></word></ESV></verse>
<verse number="10"><ESV><word seq="1">Greet<GreekSeq>1</GreekSeq></word><word seq="2">Apelles,<GreekSeq>2</GreekSeq></word><word seq="3">who<GreekSeq>3</GreekSeq></word><word seq="4">is</word><word seq="5">approved<GreekSeq>4</GreekSeq></word><word seq="6">in<GreekSeq>5</GreekSeq></word><word seq="7">Christ.<GreekSeq>6</GreekSeq></word><word seq="8">Greet<GreekSeq>7</GreekSeq></word><word seq="9">those<GreekSeq>8</GreekSeq></word><word seq="10">who</word><word seq="11">belong to<GreekSeq>9</GreekSeq></word><word seq="12">the [family]<GreekSeq>10</GreekSeq></word><word seq="13">of Aristobulus.<GreekSeq>11</GreekSeq></word></ESV></verse>
<verse number="11"><ESV><word seq="1">Greet<GreekSeq>1</GreekSeq></word><word seq="2">my<GreekSeq>5</GreekSeq></word><word seq="3">kinsman<GreekSeq>4</GreekSeq></word><word seq="4">Herodion.<GreekSeq>2</GreekSeq></word><word seq="5">Greet<GreekSeq>6</GreekSeq></word><word seq="6">those<GreekSeq>11</GreekSeq></word><word seq="7">in<GreekSeq>13</GreekSeq></word><word seq="8">the Lord<GreekSeq>14</GreekSeq></word><word seq="9">who<GreekSeq>7</GreekSeq></word><word seq="10">belong to<GreekSeq>8</GreekSeq></word><word seq="11">the [family]<GreekSeq>9</GreekSeq></word><word seq="12">of Narcissus.<GreekSeq>10</GreekSeq></word></ESV></verse>
<verse number="12"><ESV><word seq="1">Greet<GreekSeq>1</GreekSeq></word><word seq="2">those<GreekSeq>5</GreekSeq></word><word seq="3">workers<GreekSeq>6</GreekSeq></word><word seq="4">in<GreekSeq>7</GreekSeq></word><word seq="5">the Lord,<GreekSeq>8</GreekSeq></word><word seq="6">Tryphaena<GreekSeq>2</GreekSeq></word><word seq="7">and<GreekSeq>3</GreekSeq></word><word seq="8">Tryphosa.<GreekSeq>4</GreekSeq></word><word seq="9">Greet<GreekSeq>9</GreekSeq></word><word seq="10">the<GreekSeq>11</GreekSeq></word><word seq="11">beloved<GreekSeq>12</GreekSeq></word><word seq="12">Persis,<GreekSeq>10</GreekSeq></word><word seq="13">who<GreekSeq>13</GreekSeq></word><word seq="14">has worked<GreekSeq>15</GreekSeq></word><word seq="15">hard<GreekSeq>14</GreekSeq></word><word seq="16">in<GreekSeq>16</GreekSeq></word><word seq="17">the Lord.<GreekSeq>17</GreekSeq></word></ESV></verse>
<verse number="13"><ESV><word seq="1">Greet<GreekSeq>1</GreekSeq></word><word seq="2">Rufus,<GreekSeq>2</GreekSeq></word><word seq="3">chosen<GreekSeq>4</GreekSeq></word><word seq="4">in<GreekSeq>5</GreekSeq></word><word seq="5">the Lord;<GreekSeq>6</GreekSeq></word><word seq="6">also<GreekSeq>7</GreekSeq></word><word seq="7">his<GreekSeq>10</GreekSeq></word><word seq="8">mother,<GreekSeq>9</GreekSeq></word><word seq="9">who has been a mother</word><word seq="10">to me<GreekSeq>12</GreekSeq></word><word seq="11">as well.<GreekSeq>11</GreekSeq></word></ESV></verse>
<verse number="14"><ESV><word seq="1">Greet<GreekSeq>1</GreekSeq></word><word seq="2">Asyncritus,<GreekSeq>2</GreekSeq></word><word seq="3">Phlegon,<GreekSeq>3</GreekSeq></word><word seq="4">Hermes,<GreekSeq>4</GreekSeq></word><word seq="5">Patrobas,<GreekSeq>5</GreekSeq></word><word seq="6">Hermas,<GreekSeq>6</GreekSeq></word><word seq="7">and<GreekSeq>7</GreekSeq></word><word seq="8">the<GreekSeq>8</GreekSeq></word><word seq="9">brothers<GreekSeq>11</GreekSeq></word><word seq="10">who are</word><word seq="11">with<GreekSeq>9</GreekSeq></word><word seq="12">them.<GreekSeq>10</GreekSeq></word></ESV></verse>
<verse number="15"><ESV><word seq="1">Greet<GreekSeq>1</GreekSeq></word><word seq="2">Philologus,<GreekSeq>2</GreekSeq></word><word seq="3">Julia,<GreekSeq>4</GreekSeq></word><word seq="4">Nereus<GreekSeq>5</GreekSeq></word><word seq="5">and<GreekSeq>6</GreekSeq></word><word seq="6">his<GreekSeq>9</GreekSeq></word><word seq="7">sister,<GreekSeq>8</GreekSeq></word><word seq="8">and<GreekSeq>10</GreekSeq></word><word seq="9">Olympas,<GreekSeq>11</GreekSeq></word><word seq="10">and<GreekSeq>12</GreekSeq></word><word seq="11">all<GreekSeq>16</GreekSeq></word><word seq="12">the<GreekSeq>13</GreekSeq></word><word seq="13">saints<GreekSeq>17</GreekSeq></word><word seq="14">who are</word><word seq="15">with<GreekSeq>14</GreekSeq></word><word seq="16">them.<GreekSeq>15</GreekSeq></word></ESV></verse>
<verse number="16"><ESV><word seq="1">Greet<GreekSeq>1</GreekSeq></word><word seq="2">one another<GreekSeq>2</GreekSeq></word><word seq="3">with<GreekSeq>3</GreekSeq></word><word seq="4">a holy<GreekSeq>5</GreekSeq></word><word seq="5">kiss.<GreekSeq>4</GreekSeq></word><word seq="6">All<GreekSeq>10</GreekSeq></word><word seq="7">the<GreekSeq>8</GreekSeq></word><word seq="8">churches<GreekSeq>9</GreekSeq></word><word seq="9">of Christ<GreekSeq>12</GreekSeq></word><word seq="10">greet<GreekSeq>6</GreekSeq></word><word seq="11">you.<GreekSeq>7</GreekSeq></word></ESV></verse>
<verse number="17"><ESV><word seq="1">I appeal<GreekSeq>1</GreekSeq></word><word seq="2">to you,<GreekSeq>3</GreekSeq></word><word seq="3">brothers,<GreekSeq>4</GreekSeq></word><word seq="4">to watch out<GreekSeq>5</GreekSeq></word><word seq="5">for those<GreekSeq>6</GreekSeq></word><word seq="6">who cause<GreekSeq>18</GreekSeq></word><word seq="7">divisions<GreekSeq>8</GreekSeq></word><word seq="8">and<GreekSeq>9</GreekSeq></word><word seq="9">create obstacles<GreekSeq>11</GreekSeq></word><word seq="10">contrary<GreekSeq>12</GreekSeq></word><word seq="11">to the<GreekSeq>13</GreekSeq></word><word seq="12">doctrine<GreekSeq>14</GreekSeq></word><word seq="13">that<GreekSeq>15</GreekSeq></word><word seq="14">you<GreekSeq>16</GreekSeq></word><word seq="15">have been taught;<GreekSeq>17</GreekSeq></word><word seq="16">avoid<GreekSeq>20</GreekSeq></word><word seq="17">them.<GreekSeq>22</GreekSeq></word></ESV></verse>
<verse number="18"><ESV><word seq="1">For<GreekSeq>2</GreekSeq></word><word seq="2">such persons<GreekSeq>3</GreekSeq></word><word seq="3">do</word><word seq="4">not<GreekSeq>8</GreekSeq></word><word seq="5">serve<GreekSeq>9</GreekSeq></word><word seq="6">our<GreekSeq>6</GreekSeq></word><word seq="7">Lord<GreekSeq>5</GreekSeq></word><word seq="8">Christ,<GreekSeq>7</GreekSeq></word><word seq="9">but<GreekSeq>10</GreekSeq></word><word seq="10">their own<GreekSeq>12</GreekSeq></word><word seq="11">appetites,<GreekSeq>13</GreekSeq></word><word seq="12">and<GreekSeq>14</GreekSeq></word><word seq="13">by<GreekSeq>15</GreekSeq></word><word seq="14">smooth talk<GreekSeq>17</GreekSeq></word><word seq="15">and<GreekSeq>18</GreekSeq></word><word seq="16">flattery<GreekSeq>19</GreekSeq></word><word seq="17">they deceive<GreekSeq>20</GreekSeq></word><word seq="18">the<GreekSeq>21</GreekSeq></word><word seq="19">hearts<GreekSeq>22</GreekSeq></word><word seq="20">of the<GreekSeq>23</GreekSeq></word><word seq="21">naive.<GreekSeq>24</GreekSeq></word></ESV></verse>
<verse number="19"><ESV><word seq="1">For<GreekSeq>2</GreekSeq></word><word seq="2">your<GreekSeq>3</GreekSeq></word><word seq="3">obedience<GreekSeq>4</GreekSeq></word><word seq="4">is known<GreekSeq>7</GreekSeq></word><word seq="5">to<GreekSeq>5</GreekSeq></word><word seq="6">all,<GreekSeq>6</GreekSeq></word><word seq="7">so that<GreekSeq>10</GreekSeq></word><word seq="8">I rejoice<GreekSeq>11</GreekSeq></word><word seq="9">over<GreekSeq>8</GreekSeq></word><word seq="10">you,<GreekSeq>9</GreekSeq></word><word seq="11">but<GreekSeq>13</GreekSeq></word><word seq="12">I want<GreekSeq>12</GreekSeq></word><word seq="13">you<GreekSeq>14</GreekSeq></word><word seq="14">to be<GreekSeq>16</GreekSeq></word><word seq="15">wise<GreekSeq>15</GreekSeq></word><word seq="16">as to<GreekSeq>17</GreekSeq></word><word seq="17">what<GreekSeq>18</GreekSeq></word><word seq="18">is</word><word seq="19">good<GreekSeq>19</GreekSeq></word><word seq="20">and<GreekSeq>21</GreekSeq></word><word seq="21">innocent<GreekSeq>20</GreekSeq></word><word seq="22">as to<GreekSeq>22</GreekSeq></word><word seq="23">what<GreekSeq>23</GreekSeq></word><word seq="24">is</word><word seq="25">evil.<GreekSeq>24</GreekSeq></word></ESV></verse>
<verse number="20"><ESV><word seq="1">The<GreekSeq>1</GreekSeq></word><word seq="2">God<GreekSeq>3</GreekSeq></word><word seq="3">of peace<GreekSeq>5</GreekSeq></word><word seq="4">will<GreekSeq>6</GreekSeq></word><word seq="5">soon<GreekSeq>13</GreekSeq><GreekSeq>14</GreekSeq></word><word seq="6">crush<GreekSeq>6</GreekSeq></word><word seq="7">Satan<GreekSeq>8</GreekSeq></word><word seq="8">under<GreekSeq>9</GreekSeq></word><word seq="9">your<GreekSeq>12</GreekSeq></word><word seq="10">feet.<GreekSeq>11</GreekSeq></word><word seq="11">The<GreekSeq>15</GreekSeq></word><word seq="12">grace<GreekSeq>16</GreekSeq></word><word seq="13">of<GreekSeq>18</GreekSeq></word><word seq="14">our<GreekSeq>19</GreekSeq></word><word seq="15">Lord<GreekSeq>18</GreekSeq></word><word seq="16">Jesus<GreekSeq>20</GreekSeq></word><word seq="17" note="Base of different Greek: Χριστοῦ(5547)">Christ</word><word seq="18">be</word><word seq="19">with<GreekSeq>21</GreekSeq></word><word seq="20">you.<GreekSeq>22</GreekSeq></word></ESV></verse>
<verse number="21"><ESV><word seq="1">Timothy,<GreekSeq>3</GreekSeq></word><word seq="2">my<GreekSeq>6</GreekSeq></word><word seq="3">fellow worker,<GreekSeq>4</GreekSeq><GreekSeq>5</GreekSeq></word><word seq="4">greets<GreekSeq>1</GreekSeq></word><word seq="5">you;<GreekSeq>2</GreekSeq></word><word seq="6">so<GreekSeq>7</GreekSeq></word><word seq="7">do</word><word seq="8">Lucius<GreekSeq>8</GreekSeq></word><word seq="9">and<GreekSeq>9</GreekSeq></word><word seq="10">Jason<GreekSeq>10</GreekSeq></word><word seq="11">and<GreekSeq>11</GreekSeq></word><word seq="12">Sosipater,<GreekSeq>12</GreekSeq></word><word seq="13">my<GreekSeq>15</GreekSeq></word><word seq="14">kinsmen.<GreekSeq>13</GreekSeq><GreekSeq>14</GreekSeq></word></ESV></verse>
<verse number="22"><ESV><word seq="1">I<GreekSeq>3</GreekSeq></word><word seq="2">Tertius,<GreekSeq>4</GreekSeq></word><word seq="3">who wrote<GreekSeq>6</GreekSeq></word><word seq="4">this<GreekSeq>7</GreekSeq></word><word seq="5">letter,<GreekSeq>8</GreekSeq></word><word seq="6">greet<GreekSeq>1</GreekSeq></word><word seq="7">you<GreekSeq>2</GreekSeq></word><word seq="8">in<GreekSeq>9</GreekSeq></word><word seq="9">the Lord.<GreekSeq>10</GreekSeq></word></ESV></verse>
<verse number="23"><ESV><word seq="1">Gaius,<GreekSeq>3</GreekSeq></word><word seq="2">who<GreekSeq>4</GreekSeq></word><word seq="3">is</word><word seq="4">host<GreekSeq>5</GreekSeq></word><word seq="5">[to] me<GreekSeq>6</GreekSeq></word><word seq="6">and<GreekSeq>7</GreekSeq></word><word seq="7">[to the] whole<GreekSeq>8</GreekSeq></word><word seq="8">church,<GreekSeq>10</GreekSeq></word><word seq="9">greets<GreekSeq>1</GreekSeq></word><word seq="10">you.<GreekSeq>2</GreekSeq></word><word seq="11">Erastus,<GreekSeq>13</GreekSeq></word><word seq="12">the<GreekSeq>16</GreekSeq></word><word seq="13">city<GreekSeq>17</GreekSeq></word><word seq="14">treasurer,<GreekSeq>15</GreekSeq></word><word seq="15">and<GreekSeq>18</GreekSeq></word><word seq="16">our</word><word seq="17">brother<GreekSeq>21</GreekSeq></word><word seq="18">Quartus,<GreekSeq>19</GreekSeq></word><word seq="19">greet<GreekSeq>11</GreekSeq></word><word seq="20">you.<GreekSeq>12</GreekSeq></word></ESV></verse>
<verse number="24"><ESV><word seq="1">Missing text<GreekSeq>1</GreekSeq></word></ESV></verse>
<verse number="25"><ESV><word seq="1">Now<GreekSeq>2</GreekSeq></word><word seq="2">to him<GreekSeq>1</GreekSeq></word><word seq="3">who is able<GreekSeq>3</GreekSeq></word><word seq="4">to strengthen<GreekSeq>5</GreekSeq></word><word seq="5">you<GreekSeq>4</GreekSeq></word><word seq="6">according to<GreekSeq>6</GreekSeq></word><word seq="7">my<GreekSeq>9</GreekSeq></word><word seq="8">gospel<GreekSeq>8</GreekSeq></word><word seq="9">and<GreekSeq>10</GreekSeq></word><word seq="10">the<GreekSeq>11</GreekSeq></word><word seq="11">preaching<GreekSeq>12</GreekSeq></word><word seq="12">of Jesus<GreekSeq>13</GreekSeq></word><word seq="13">Christ,<GreekSeq>14</GreekSeq></word><word seq="14">according to<GreekSeq>15</GreekSeq></word><word seq="15">the revelation<GreekSeq>16</GreekSeq></word><word seq="16">of the mystery<GreekSeq>17</GreekSeq></word><word seq="17">that was kept secret<GreekSeq>20</GreekSeq></word><word seq="18">for long ages<GreekSeq>18</GreekSeq><GreekSeq>19</GreekSeq></word></ESV></verse>
<verse number="26"><ESV><word seq="1">but<GreekSeq>2</GreekSeq></word><word seq="2">has<GreekSeq>1</GreekSeq></word><word seq="3">now<GreekSeq>3</GreekSeq></word><word seq="4">been disclosed<GreekSeq>1</GreekSeq></word><word seq="5">and<GreekSeq>5</GreekSeq></word><word seq="6">through<GreekSeq>4</GreekSeq></word><word seq="7">the prophetic<GreekSeq>7</GreekSeq></word><word seq="8">writings<GreekSeq>6</GreekSeq></word><word seq="9">has been made known<GreekSeq>20</GreekSeq></word><word seq="10">to<GreekSeq>16</GreekSeq></word><word seq="11">all<GreekSeq>17</GreekSeq></word><word seq="12">nations,<GreekSeq>19</GreekSeq></word><word seq="13">according to<GreekSeq>8</GreekSeq></word><word seq="14">the command<GreekSeq>9</GreekSeq></word><word seq="15">of the<GreekSeq>10</GreekSeq></word><word seq="16">eternal<GreekSeq>11</GreekSeq></word><word seq="17">God,<GreekSeq>12</GreekSeq></word><word seq="18">to [bring about]<GreekSeq>13</GreekSeq></word><word seq="19">the obedience<GreekSeq>14</GreekSeq></word><word seq="20">of faith —<GreekSeq>15</GreekSeq></word></ESV></verse>
<verse number="27"><ESV><word seq="1">to the only<GreekSeq>1</GreekSeq></word><word seq="2">wise<GreekSeq>2</GreekSeq></word><word seq="3">God<GreekSeq>3</GreekSeq></word><word seq="4">be</word><word seq="5">glory<GreekSeq>9</GreekSeq></word><word seq="6">forevermore<GreekSeq>10</GreekSeq><GreekSeq>12</GreekSeq></word><word seq="7">through<GreekSeq>4</GreekSeq></word><word seq="8">Jesus<GreekSeq>5</GreekSeq></word><word seq="9">Christ!<GreekSeq>6</GreekSeq></word><word seq="10">Amen.<GreekSeq>13</GreekSeq></word></ESV></verse></chapter></book>