<?xml version="1.0" encoding="UTF-8" standalone="no"?><book><chapter number="14">'<verse number="1"><ESV><word seq="1">As<GreekSeq>2</GreekSeq></word><word seq="2">for the one<GreekSeq>1</GreekSeq></word><word seq="3">who is weak<GreekSeq>3</GreekSeq></word><word seq="4">in faith,<GreekSeq>5</GreekSeq></word><word seq="5">welcome [him],<GreekSeq>6</GreekSeq></word><word seq="6">but<GreekSeq>2</GreekSeq></word><word seq="7">not<GreekSeq>7</GreekSeq></word><word seq="8">to<GreekSeq>8</GreekSeq></word><word seq="9">quarrel<GreekSeq>9</GreekSeq></word><word seq="10">over opinions.<GreekSeq>10</GreekSeq></word></ESV></verse>
<verse number="2"><ESV><word seq="1">One person<GreekSeq>1</GreekSeq></word><word seq="2">believes<GreekSeq>3</GreekSeq></word><word seq="3">he</word><word seq="4">may eat<GreekSeq>4</GreekSeq></word><word seq="5">anything,<GreekSeq>5</GreekSeq></word><word seq="6">while<GreekSeq>7</GreekSeq></word><word seq="7">the<GreekSeq>6</GreekSeq></word><word seq="8">weak person<GreekSeq>8</GreekSeq></word><word seq="9">eats<GreekSeq>10</GreekSeq></word><word seq="10">only</word><word seq="11">vegetables.<GreekSeq>9</GreekSeq></word></ESV></verse>
<verse number="3"><ESV><word seq="1">Let<GreekSeq>7</GreekSeq></word><word seq="2">not<GreekSeq>6</GreekSeq></word><word seq="3">the one<GreekSeq>1</GreekSeq></word><word seq="4">who eats<GreekSeq>2</GreekSeq></word><word seq="5">despise<GreekSeq>7</GreekSeq></word><word seq="6">the one<GreekSeq>3</GreekSeq></word><word seq="7">who abstains,<GreekSeq>4</GreekSeq><GreekSeq>5</GreekSeq></word><word seq="8">and<GreekSeq>9</GreekSeq></word><word seq="9">let<GreekSeq>15</GreekSeq></word><word seq="10">not<GreekSeq>14</GreekSeq></word><word seq="11">the one<GreekSeq>8</GreekSeq></word><word seq="12">who abstains<GreekSeq>10</GreekSeq><GreekSeq>11</GreekSeq></word><word seq="13">pass judgment<GreekSeq>15</GreekSeq></word><word seq="14">on the one<GreekSeq>12</GreekSeq></word><word seq="15">who eats,<GreekSeq>13</GreekSeq></word><word seq="16">for<GreekSeq>18</GreekSeq></word><word seq="17">God<GreekSeq>17</GreekSeq></word><word seq="18">has welcomed<GreekSeq>20</GreekSeq></word><word seq="19">him.<GreekSeq>19</GreekSeq></word></ESV></verse>
<verse number="4"><ESV><word seq="1">Who<GreekSeq>2</GreekSeq></word><word seq="2">are<GreekSeq>3</GreekSeq></word><word seq="3">you<GreekSeq>1</GreekSeq></word><word seq="4">to pass judgment<GreekSeq>5</GreekSeq></word><word seq="5">on the servant<GreekSeq>7</GreekSeq></word><word seq="6">of</word><word seq="7">another?<GreekSeq>6</GreekSeq></word><word seq="8">It is</word><word seq="9">before his own<GreekSeq>9</GreekSeq></word><word seq="10">master<GreekSeq>10</GreekSeq></word><word seq="11">that</word><word seq="12">he stands<GreekSeq>11</GreekSeq></word><word seq="13">or<GreekSeq>12</GreekSeq></word><word seq="14">falls.<GreekSeq>13</GreekSeq></word><word seq="15">And<GreekSeq>15</GreekSeq></word><word seq="16">he will be upheld,<GreekSeq>14</GreekSeq></word><word seq="17">for<GreekSeq>17</GreekSeq></word><word seq="18">the<GreekSeq>18</GreekSeq></word><word seq="19">Lord<GreekSeq>19</GreekSeq></word><word seq="20">is able<GreekSeq>16</GreekSeq></word><word seq="21">to make<GreekSeq>20</GreekSeq></word><word seq="22">him<GreekSeq>21</GreekSeq></word><word seq="23">stand.<GreekSeq>20</GreekSeq></word></ESV></verse>
<verse number="5"><ESV><word seq="1">One person<GreekSeq>1</GreekSeq></word><word seq="2">esteems<GreekSeq>4</GreekSeq></word><word seq="3">one day<GreekSeq>5</GreekSeq></word><word seq="4">as better than<GreekSeq>6</GreekSeq></word><word seq="5">[another],<GreekSeq>7</GreekSeq></word><word seq="6">while<GreekSeq>9</GreekSeq></word><word seq="7">another<GreekSeq>8</GreekSeq></word><word seq="8">esteems<GreekSeq>10</GreekSeq></word><word seq="9">all<GreekSeq>11</GreekSeq></word><word seq="10">days<GreekSeq>12</GreekSeq></word><word seq="11">alike.</word><word seq="12">Each one<GreekSeq>13</GreekSeq></word><word seq="13">should be fully convinced<GreekSeq>18</GreekSeq></word><word seq="14">in<GreekSeq>14</GreekSeq></word><word seq="15">his own<GreekSeq>16</GreekSeq></word><word seq="16">mind.<GreekSeq>17</GreekSeq></word></ESV></verse>
<verse number="6"><ESV><word seq="1">The one<GreekSeq>1</GreekSeq></word><word seq="2">who observes<GreekSeq>2</GreekSeq></word><word seq="3">the<GreekSeq>3</GreekSeq></word><word seq="4">day,<GreekSeq>4</GreekSeq></word><word seq="5">observes<GreekSeq>6</GreekSeq></word><word seq="6">it</word><word seq="7">[in honor of] the Lord.<GreekSeq>5</GreekSeq></word><word seq="8">The one<GreekSeq>8</GreekSeq></word><word seq="9">who eats,<GreekSeq>9</GreekSeq></word><word seq="10">eats<GreekSeq>11</GreekSeq></word><word seq="11">[in honor of] the Lord,<GreekSeq>10</GreekSeq></word><word seq="12">since<GreekSeq>13</GreekSeq></word><word seq="13">he gives thanks<GreekSeq>12</GreekSeq></word><word seq="14">to God,<GreekSeq>15</GreekSeq></word><word seq="15">while<GreekSeq>16</GreekSeq></word><word seq="16">the one<GreekSeq>17</GreekSeq></word><word seq="17">who abstains,<GreekSeq>18</GreekSeq><GreekSeq>19</GreekSeq></word><word seq="18">abstains<GreekSeq>21</GreekSeq><GreekSeq>22</GreekSeq></word><word seq="19">[in honor of] the Lord<GreekSeq>20</GreekSeq></word><word seq="20">and<GreekSeq>23</GreekSeq></word><word seq="21">gives thanks<GreekSeq>24</GreekSeq></word><word seq="22">to God.<GreekSeq>26</GreekSeq></word></ESV></verse>
<verse number="7"><ESV><word seq="1">For<GreekSeq>2</GreekSeq></word><word seq="2">none<GreekSeq>1</GreekSeq></word><word seq="3">of us<GreekSeq>3</GreekSeq></word><word seq="4">lives<GreekSeq>5</GreekSeq></word><word seq="5">to himself,<GreekSeq>4</GreekSeq></word><word seq="6">and<GreekSeq>6</GreekSeq></word><word seq="7">none<GreekSeq>7</GreekSeq></word><word seq="8">of us</word><word seq="9">dies<GreekSeq>9</GreekSeq></word><word seq="10">to himself.<GreekSeq>8</GreekSeq></word></ESV></verse>
<verse number="8"><ESV><word seq="1">For<GreekSeq>3</GreekSeq></word><word seq="2">if<GreekSeq>1</GreekSeq></word><word seq="3">we live,<GreekSeq>4</GreekSeq></word><word seq="4">we live<GreekSeq>7</GreekSeq></word><word seq="5">to the<GreekSeq>5</GreekSeq></word><word seq="6">Lord,<GreekSeq>6</GreekSeq></word><word seq="7">and<GreekSeq>9</GreekSeq></word><word seq="8">if<GreekSeq>8</GreekSeq></word><word seq="9">we die,<GreekSeq>10</GreekSeq></word><word seq="10">we die<GreekSeq>13</GreekSeq></word><word seq="11">to the<GreekSeq>11</GreekSeq></word><word seq="12">Lord.<GreekSeq>12</GreekSeq></word><word seq="13">So then,<GreekSeq>16</GreekSeq></word><word seq="14">whether<GreekSeq>14</GreekSeq></word><word seq="15">we live<GreekSeq>17</GreekSeq></word><word seq="16">or<GreekSeq>18</GreekSeq></word><word seq="17">whether<GreekSeq>18</GreekSeq></word><word seq="18">we die,<GreekSeq>20</GreekSeq></word><word seq="19">we are<GreekSeq>23</GreekSeq></word><word seq="20">the<GreekSeq>21</GreekSeq></word><word seq="21">Lord’s.<GreekSeq>22</GreekSeq></word></ESV></verse>
<verse number="9"><ESV><word seq="1">For<GreekSeq>3</GreekSeq></word><word seq="2">to<GreekSeq>1</GreekSeq></word><word seq="3">this [end]<GreekSeq>2</GreekSeq></word><word seq="4">Christ<GreekSeq>4</GreekSeq></word><word seq="5">died<GreekSeq>5</GreekSeq></word><word seq="6">and<GreekSeq>6</GreekSeq></word><word seq="7">lived<GreekSeq>7</GreekSeq></word><word seq="8">again,</word><word seq="9">that<GreekSeq>8</GreekSeq></word><word seq="10">he might be Lord<GreekSeq>13</GreekSeq></word><word seq="11">both<GreekSeq>9</GreekSeq></word><word seq="12">of the dead<GreekSeq>10</GreekSeq></word><word seq="13">and<GreekSeq>11</GreekSeq></word><word seq="14">of the living.<GreekSeq>12</GreekSeq></word></ESV></verse>
<verse number="10"><ESV><word seq="1">Why<GreekSeq>3</GreekSeq></word><word seq="2">do</word><word seq="3">you<GreekSeq>1</GreekSeq></word><word seq="4">pass judgment on<GreekSeq>4</GreekSeq></word><word seq="5">your<GreekSeq>7</GreekSeq></word><word seq="6">brother?<GreekSeq>6</GreekSeq></word><word seq="7">Or<GreekSeq>8</GreekSeq></word><word seq="8">you,<GreekSeq>10</GreekSeq></word><word seq="9">why<GreekSeq>11</GreekSeq></word><word seq="10">do</word><word seq="11">you despise<GreekSeq>12</GreekSeq></word><word seq="12">your<GreekSeq>15</GreekSeq></word><word seq="13">brother?<GreekSeq>14</GreekSeq></word><word seq="14">For<GreekSeq>17</GreekSeq></word><word seq="15">we will<GreekSeq>18</GreekSeq></word><word seq="16">all<GreekSeq>16</GreekSeq></word><word seq="17">stand before<GreekSeq>18</GreekSeq></word><word seq="18">the<GreekSeq>19</GreekSeq></word><word seq="19">judgment seat<GreekSeq>20</GreekSeq></word><word seq="20">of God;<GreekSeq>22</GreekSeq></word></ESV></verse>
<verse number="11"><ESV><word seq="1">for<GreekSeq>2</GreekSeq></word><word seq="2">it is written,<GreekSeq>1</GreekSeq></word><word seq="3">“As</word><word seq="4">I<GreekSeq>4</GreekSeq></word><word seq="5">live,<GreekSeq>3</GreekSeq></word><word seq="6">says<GreekSeq>5</GreekSeq></word><word seq="7">the Lord,<GreekSeq>6</GreekSeq></word><word seq="8">every<GreekSeq>10</GreekSeq></word><word seq="9">knee<GreekSeq>11</GreekSeq></word><word seq="10">shall bow<GreekSeq>9</GreekSeq></word><word seq="11">to me,<GreekSeq>8</GreekSeq></word><word seq="12">and<GreekSeq>12</GreekSeq></word><word seq="13">every<GreekSeq>13</GreekSeq></word><word seq="14">tongue<GreekSeq>14</GreekSeq></word><word seq="15">shall confess<GreekSeq>15</GreekSeq></word><word seq="16">to God.”<GreekSeq>17</GreekSeq></word></ESV></verse>
<verse number="12"><ESV><word seq="1">So<GreekSeq>1</GreekSeq></word><word seq="2">then<GreekSeq>2</GreekSeq></word><word seq="3">each<GreekSeq>3</GreekSeq></word><word seq="4">of us<GreekSeq>4</GreekSeq></word><word seq="5">will give<GreekSeq>8</GreekSeq></word><word seq="6">an account<GreekSeq>7</GreekSeq></word><word seq="7">of<GreekSeq>5</GreekSeq></word><word seq="8">himself<GreekSeq>6</GreekSeq></word><word seq="9">to God.<GreekSeq>10</GreekSeq></word></ESV></verse>
<verse number="13"><ESV><word seq="1">Therefore<GreekSeq>2</GreekSeq></word><word seq="2">let us<GreekSeq>4</GreekSeq></word><word seq="3">not<GreekSeq>1</GreekSeq></word><word seq="4">pass judgment<GreekSeq>4</GreekSeq></word><word seq="5">on one another<GreekSeq>3</GreekSeq></word><word seq="6">any longer,<GreekSeq>1</GreekSeq></word><word seq="7">but<GreekSeq>5</GreekSeq></word><word seq="8">rather<GreekSeq>8</GreekSeq></word><word seq="9">decide<GreekSeq>7</GreekSeq></word><word seq="10">never<GreekSeq>10</GreekSeq></word><word seq="11">to put<GreekSeq>11</GreekSeq></word><word seq="12">a stumbling block<GreekSeq>12</GreekSeq></word><word seq="13">or<GreekSeq>15</GreekSeq></word><word seq="14">hindrance<GreekSeq>16</GreekSeq></word><word seq="15">in [the way of] a brother.<GreekSeq>14</GreekSeq></word></ESV></verse>
<verse number="14"><ESV><word seq="1">I know<GreekSeq>1</GreekSeq></word><word seq="2">and<GreekSeq>2</GreekSeq></word><word seq="3">am persuaded<GreekSeq>3</GreekSeq></word><word seq="4">in<GreekSeq>4</GreekSeq></word><word seq="5">the Lord<GreekSeq>5</GreekSeq></word><word seq="6">Jesus<GreekSeq>6</GreekSeq></word><word seq="7">that<GreekSeq>7</GreekSeq></word><word seq="8">nothing<GreekSeq>8</GreekSeq></word><word seq="9">is</word><word seq="10">unclean<GreekSeq>9</GreekSeq></word><word seq="11">in<GreekSeq>10</GreekSeq></word><word seq="12">itself,<GreekSeq>11</GreekSeq></word><word seq="13" note="εἰ μή Strong Code (1508)">but<GreekSeq>12</GreekSeq><GreekSeq>13</GreekSeq></word><word seq="14">it is<GreekSeq>18</GreekSeq></word><word seq="15">unclean<GreekSeq>17</GreekSeq></word><word seq="16">for anyone<GreekSeq>19</GreekSeq></word><word seq="17">who thinks<GreekSeq>15</GreekSeq></word><word seq="18">it<GreekSeq>16</GreekSeq></word><word seq="19">unclean.<GreekSeq>20</GreekSeq></word></ESV></verse>
<verse number="15"><ESV><word seq="1">For<GreekSeq>2</GreekSeq></word><word seq="2">if<GreekSeq>1</GreekSeq></word><word seq="3">your<GreekSeq>7</GreekSeq></word><word seq="4">brother<GreekSeq>6</GreekSeq></word><word seq="5">is grieved<GreekSeq>8</GreekSeq></word><word seq="6">by<GreekSeq>3</GreekSeq></word><word seq="7">what you eat,<GreekSeq>4</GreekSeq></word><word seq="8">you are<GreekSeq>12</GreekSeq></word><word seq="9">no longer<GreekSeq>9</GreekSeq></word><word seq="10">walking<GreekSeq>12</GreekSeq></word><word seq="11">in<GreekSeq>10</GreekSeq></word><word seq="12">love.<GreekSeq>11</GreekSeq></word><word seq="13">By what you eat,<GreekSeq>15</GreekSeq><GreekSeq>16</GreekSeq></word><word seq="14">do</word><word seq="15">not<GreekSeq>13</GreekSeq></word><word seq="16">destroy<GreekSeq>18</GreekSeq></word><word seq="17">the one<GreekSeq>17</GreekSeq></word><word seq="18">for<GreekSeq>19</GreekSeq></word><word seq="19">whom<GreekSeq>20</GreekSeq></word><word seq="20">Christ<GreekSeq>21</GreekSeq></word><word seq="21">died.<GreekSeq>22</GreekSeq></word></ESV></verse>
<verse number="16"><ESV><word seq="1">So<GreekSeq>3</GreekSeq></word><word seq="2">do</word><word seq="3">not<GreekSeq>1</GreekSeq></word><word seq="4">let<GreekSeq>2</GreekSeq></word><word seq="5">what</word><word seq="6">you [regard as]<GreekSeq>4</GreekSeq></word><word seq="7">good<GreekSeq>6</GreekSeq></word><word seq="8">be spoken of as evil.<GreekSeq>2</GreekSeq></word></ESV></verse>
<verse number="17"><ESV><word seq="1">For<GreekSeq>2</GreekSeq></word><word seq="2">the<GreekSeq>4</GreekSeq></word><word seq="3">kingdom<GreekSeq>5</GreekSeq></word><word seq="4">of God<GreekSeq>7</GreekSeq></word><word seq="5">is<GreekSeq>3</GreekSeq></word><word seq="6">not<GreekSeq>1</GreekSeq></word><word seq="7">a matter of</word><word seq="8">eating<GreekSeq>8</GreekSeq></word><word seq="9">and<GreekSeq>9</GreekSeq></word><word seq="10">drinking<GreekSeq>10</GreekSeq></word><word seq="11">but<GreekSeq>11</GreekSeq></word><word seq="12">of</word><word seq="13">righteousness<GreekSeq>12</GreekSeq></word><word seq="14">and<GreekSeq>13</GreekSeq></word><word seq="15">peace<GreekSeq>14</GreekSeq></word><word seq="16">and<GreekSeq>15</GreekSeq></word><word seq="17">joy<GreekSeq>16</GreekSeq></word><word seq="18">in<GreekSeq>17</GreekSeq></word><word seq="19">the</word><word seq="20">Holy<GreekSeq>19</GreekSeq></word><word seq="21">Spirit.<GreekSeq>18</GreekSeq></word></ESV></verse>
<verse number="18"><ESV><word seq="1">Whoever<GreekSeq>1</GreekSeq></word><word seq="2">thus<GreekSeq>3</GreekSeq><GreekSeq>4</GreekSeq></word><word seq="3">serves<GreekSeq>5</GreekSeq></word><word seq="4">Christ<GreekSeq>7</GreekSeq></word><word seq="5">is</word><word seq="6">acceptable<GreekSeq>8</GreekSeq></word><word seq="7">to God<GreekSeq>10</GreekSeq></word><word seq="8">and<GreekSeq>11</GreekSeq></word><word seq="9">approved<GreekSeq>12</GreekSeq></word><word seq="10">by men.<GreekSeq>14</GreekSeq></word></ESV></verse>
<verse number="19"><ESV><word seq="1">So<GreekSeq>1</GreekSeq></word><word seq="2">then<GreekSeq>2</GreekSeq></word><word seq="3">let us pursue<GreekSeq>6</GreekSeq></word><word seq="4">what<GreekSeq>3</GreekSeq></word><word seq="5">makes</word><word seq="6">for peace<GreekSeq>5</GreekSeq></word><word seq="7">and<GreekSeq>7</GreekSeq></word><word seq="8">for mutual<GreekSeq>12</GreekSeq><GreekSeq>13</GreekSeq></word><word seq="9">upbuilding.<GreekSeq>10</GreekSeq></word></ESV></verse>
<verse number="20"><ESV><word seq="1">Do</word><word seq="2">not,<GreekSeq>1</GreekSeq></word><word seq="3">for the sake<GreekSeq>2</GreekSeq></word><word seq="4">of food,<GreekSeq>3</GreekSeq></word><word seq="5">destroy<GreekSeq>4</GreekSeq></word><word seq="6">the<GreekSeq>5</GreekSeq></word><word seq="7">work<GreekSeq>6</GreekSeq></word><word seq="8">of God.<GreekSeq>8</GreekSeq></word><word seq="9">Everything<GreekSeq>9</GreekSeq></word><word seq="10">is</word><word seq="11">indeed<GreekSeq>10</GreekSeq></word><word seq="12">clean,<GreekSeq>11</GreekSeq></word><word seq="13">but<GreekSeq>12</GreekSeq></word><word seq="14">it is</word><word seq="15">wrong<GreekSeq>13</GreekSeq></word><word seq="16">for anyone<GreekSeq>15</GreekSeq></word><word seq="17">to make another stumble<GreekSeq>17</GreekSeq><GreekSeq>18</GreekSeq></word><word seq="18">by what he eats.<GreekSeq>19</GreekSeq></word></ESV></verse>
<verse number="21"><ESV><word seq="1">It is</word><word seq="2">good<GreekSeq>1</GreekSeq></word><word seq="3">not<GreekSeq>3</GreekSeq></word><word seq="4">to eat<GreekSeq>4</GreekSeq></word><word seq="5">meat<GreekSeq>5</GreekSeq></word><word seq="6">or<GreekSeq>6</GreekSeq></word><word seq="7">drink<GreekSeq>7</GreekSeq></word><word seq="8">wine<GreekSeq>8</GreekSeq></word><word seq="9">or<GreekSeq>9</GreekSeq></word><word seq="10">do</word><word seq="11">anything<GreekSeq>11</GreekSeq></word><word seq="12">that</word><word seq="13">causes<GreekSeq>15</GreekSeq></word><word seq="14">your<GreekSeq>14</GreekSeq></word><word seq="15">brother<GreekSeq>13</GreekSeq></word><word seq="16">to stumble.<GreekSeq>15</GreekSeq></word></ESV></verse>
<verse number="22"><ESV><word seq="1">The faith<GreekSeq>2</GreekSeq></word><word seq="2">that<GreekSeq>3</GreekSeq></word><word seq="3">you<GreekSeq>1</GreekSeq></word><word seq="4">have,<GreekSeq>4</GreekSeq></word><word seq="5">keep<GreekSeq>7</GreekSeq></word><word seq="6">between</word><word seq="7">yourself<GreekSeq>6</GreekSeq></word><word seq="8">and</word><word seq="9">God.<GreekSeq>10</GreekSeq></word><word seq="10">Blessed<GreekSeq>11</GreekSeq></word><word seq="11">is</word><word seq="12">the one<GreekSeq>12</GreekSeq></word><word seq="13">who has<GreekSeq>14</GreekSeq></word><word seq="14">no [reason]<GreekSeq>13</GreekSeq></word><word seq="15">to pass judgment<GreekSeq>14</GreekSeq></word><word seq="16">on himself<GreekSeq>15</GreekSeq></word><word seq="17">for<GreekSeq>16</GreekSeq></word><word seq="18">what<GreekSeq>17</GreekSeq></word><word seq="19">he approves.<GreekSeq>18</GreekSeq></word></ESV></verse>
<verse number="23"><ESV><word seq="1">But<GreekSeq>2</GreekSeq></word><word seq="2">whoever has doubts<GreekSeq>1</GreekSeq><GreekSeq>3</GreekSeq></word><word seq="3">is condemned<GreekSeq>6</GreekSeq></word><word seq="4">if<GreekSeq>4</GreekSeq></word><word seq="5">he eats,<GreekSeq>5</GreekSeq></word><word seq="6">because<GreekSeq>7</GreekSeq></word><word seq="7">the eating is</word><word seq="8">not<GreekSeq>8</GreekSeq></word><word seq="9">from<GreekSeq>9</GreekSeq></word><word seq="10">faith.<GreekSeq>10</GreekSeq></word><word seq="11">For<GreekSeq>12</GreekSeq></word><word seq="12">whatever<GreekSeq>11</GreekSeq><GreekSeq>13</GreekSeq></word><word seq="13">does</word><word seq="14">not<GreekSeq>14</GreekSeq></word><word seq="15">proceed</word><word seq="16">from<GreekSeq>15</GreekSeq></word><word seq="17">faith<GreekSeq>16</GreekSeq></word><word seq="18">is<GreekSeq>18</GreekSeq></word><word seq="19">sin.<GreekSeq>17</GreekSeq></word></ESV></verse></chapter></book>