<?xml version="1.0" encoding="UTF-8" standalone="no"?><book><chapter number="2">'<verse number="1"><ESV><word seq="1">But<GreekSeq>2</GreekSeq></word><word seq="2">as for</word><word seq="3">you,<GreekSeq>1</GreekSeq></word><word seq="4">teach<GreekSeq>3</GreekSeq></word><word seq="5">what<GreekSeq>4</GreekSeq></word><word seq="6">accords with<GreekSeq>5</GreekSeq></word><word seq="7">sound<GreekSeq>7</GreekSeq></word><word seq="8">doctrine.<GreekSeq>8</GreekSeq></word></ESV></verse>
<verse number="2"><ESV><word seq="1">Older men<GreekSeq>1</GreekSeq></word><word seq="2">are</word><word seq="3">to be<GreekSeq>3</GreekSeq></word><word seq="4">sober-minded,<GreekSeq>2</GreekSeq></word><word seq="5">dignified,<GreekSeq>4</GreekSeq></word><word seq="6">self-controlled,<GreekSeq>5</GreekSeq></word><word seq="7">sound<GreekSeq>6</GreekSeq></word><word seq="8">in faith,<GreekSeq>8</GreekSeq></word><word seq="9">in love,<GreekSeq>10</GreekSeq></word><word seq="10">and</word><word seq="11">in steadfastness.<GreekSeq>12</GreekSeq></word></ESV></verse>
<verse number="3"><ESV><word seq="1">Older women<GreekSeq>1</GreekSeq></word><word seq="2">likewise<GreekSeq>2</GreekSeq></word><word seq="3">are to be</word><word seq="4">reverent<GreekSeq>5</GreekSeq></word><word seq="5">in<GreekSeq>3</GreekSeq></word><word seq="6">behavior,<GreekSeq>4</GreekSeq></word><word seq="7">not<GreekSeq>6</GreekSeq></word><word seq="8">slanderers<GreekSeq>7</GreekSeq></word><word seq="9">or</word><word seq="10">slaves<GreekSeq>11</GreekSeq></word><word seq="11">to much<GreekSeq>10</GreekSeq></word><word seq="12">wine.<GreekSeq>9</GreekSeq></word><word seq="13">They are</word><word seq="14">to teach what is good,<GreekSeq>12</GreekSeq></word></ESV></verse>
<verse number="4"><ESV><word seq="1">and</word><word seq="2">so<GreekSeq>1</GreekSeq></word><word seq="3">train<GreekSeq>2</GreekSeq></word><word seq="4">the<GreekSeq>3</GreekSeq></word><word seq="5">young women<GreekSeq>4</GreekSeq></word><word seq="6">to love their husbands<GreekSeq>5</GreekSeq></word><word seq="7">and</word><word seq="8">children,<GreekSeq>7</GreekSeq></word></ESV></verse>
<verse number="5"><ESV><word seq="1">to be</word><word seq="2">self-controlled,<GreekSeq>1</GreekSeq></word><word seq="3">pure,<GreekSeq>2</GreekSeq></word><word seq="4">working at home,<GreekSeq>3</GreekSeq></word><word seq="5">kind,<GreekSeq>4</GreekSeq></word><word seq="6">and</word><word seq="7">submissive<GreekSeq>5</GreekSeq></word><word seq="8">to their own<GreekSeq>7</GreekSeq></word><word seq="9">husbands,<GreekSeq>8</GreekSeq></word><word seq="10">that<GreekSeq>9</GreekSeq></word><word seq="11">the<GreekSeq>11</GreekSeq></word><word seq="12">word<GreekSeq>12</GreekSeq></word><word seq="13">of God<GreekSeq>14</GreekSeq></word><word seq="14">may<GreekSeq>15</GreekSeq></word><word seq="15">not<GreekSeq>10</GreekSeq></word><word seq="16">be reviled.<GreekSeq>15</GreekSeq></word></ESV></verse>
<verse number="6"><ESV><word seq="1">Likewise,<GreekSeq>3</GreekSeq></word><word seq="2">urge<GreekSeq>4</GreekSeq></word><word seq="3">the<GreekSeq>1</GreekSeq></word><word seq="4">younger men<GreekSeq>2</GreekSeq></word><word seq="5">to be self-controlled.<GreekSeq>5</GreekSeq></word></ESV></verse>
<verse number="7"><ESV><word seq="1">Show<GreekSeq>4</GreekSeq></word><word seq="2">yourself<GreekSeq>3</GreekSeq></word><word seq="3">in<GreekSeq>1</GreekSeq></word><word seq="4">all<GreekSeq>2</GreekSeq></word><word seq="5">respects<GreekSeq>1</GreekSeq></word><word seq="6">to be</word><word seq="7">a model<GreekSeq>5</GreekSeq></word><word seq="8">of good<GreekSeq>6</GreekSeq></word><word seq="9">works,<GreekSeq>7</GreekSeq></word><word seq="10">and</word><word seq="11">in<GreekSeq>8</GreekSeq></word><word seq="12">your</word><word seq="13">teaching<GreekSeq>10</GreekSeq></word><word seq="14">show</word><word seq="15">integrity,<GreekSeq>11</GreekSeq></word><word seq="16">dignity,<GreekSeq>12</GreekSeq></word></ESV></verse>
<verse number="8"><ESV><word seq="1">and</word><word seq="2">sound<GreekSeq>2</GreekSeq></word><word seq="3">speech<GreekSeq>1</GreekSeq></word><word seq="4">that cannot be condemned,<GreekSeq>3</GreekSeq></word><word seq="5">so that<GreekSeq>4</GreekSeq></word><word seq="6">an opponent<GreekSeq>5</GreekSeq><GreekSeq>6</GreekSeq><GreekSeq>7</GreekSeq></word><word seq="7">may be put to shame,<GreekSeq>8</GreekSeq></word><word seq="8">having<GreekSeq>10</GreekSeq></word><word seq="9">nothing<GreekSeq>9</GreekSeq></word><word seq="10">evil<GreekSeq>14</GreekSeq></word><word seq="11">to say<GreekSeq>11</GreekSeq></word><word seq="12">about<GreekSeq>12</GreekSeq></word><word seq="13">us.<GreekSeq>13</GreekSeq></word></ESV></verse>
<verse number="9"><ESV><word seq="1">Bondservants<GreekSeq>1</GreekSeq></word><word seq="2">are</word><word seq="3">to be submissive<GreekSeq>4</GreekSeq></word><word seq="4">to their own<GreekSeq>2</GreekSeq></word><word seq="5">masters<GreekSeq>3</GreekSeq></word><word seq="6">in<GreekSeq>5</GreekSeq></word><word seq="7">everything;<GreekSeq>6</GreekSeq></word><word seq="8">they are</word><word seq="9">to be<GreekSeq>8</GreekSeq></word><word seq="10">well-pleasing,<GreekSeq>7</GreekSeq></word><word seq="11">not<GreekSeq>9</GreekSeq></word><word seq="12">argumentative,<GreekSeq>10</GreekSeq></word></ESV></verse>
<verse number="10"><ESV><word seq="1">not<GreekSeq>1</GreekSeq></word><word seq="2">pilfering,<GreekSeq>2</GreekSeq></word><word seq="3">but<GreekSeq>3</GreekSeq></word><word seq="4">showing<GreekSeq>6</GreekSeq></word><word seq="5">all<GreekSeq>4</GreekSeq></word><word seq="6">good<GreekSeq>7</GreekSeq></word><word seq="7">faith,<GreekSeq>5</GreekSeq></word><word seq="8">so that<GreekSeq>8</GreekSeq></word><word seq="9">in<GreekSeq>17</GreekSeq></word><word seq="10">everything<GreekSeq>18</GreekSeq></word><word seq="11">they may adorn<GreekSeq>16</GreekSeq></word><word seq="12">the<GreekSeq>9</GreekSeq></word><word seq="13">doctrine<GreekSeq>10</GreekSeq></word><word seq="14">of God<GreekSeq>15</GreekSeq></word><word seq="15">our<GreekSeq>14</GreekSeq></word><word seq="16">Savior.<GreekSeq>13</GreekSeq></word></ESV></verse>
<verse number="11"><ESV><word seq="1">For<GreekSeq>2</GreekSeq></word><word seq="2">the<GreekSeq>3</GreekSeq></word><word seq="3">grace<GreekSeq>4</GreekSeq></word><word seq="4">of God<GreekSeq>6</GreekSeq></word><word seq="5">has appeared,<GreekSeq>1</GreekSeq></word><word seq="6">bringing</word><word seq="7">salvation<GreekSeq>7</GreekSeq></word><word seq="8">for all<GreekSeq>8</GreekSeq></word><word seq="9">people,<GreekSeq>9</GreekSeq></word></ESV></verse>
<verse number="12"><ESV><word seq="1">training<GreekSeq>1</GreekSeq></word><word seq="2">us<GreekSeq>2</GreekSeq></word><word seq="3">to renounce<GreekSeq>3</GreekSeq><GreekSeq>4</GreekSeq></word><word seq="4">ungodliness<GreekSeq>6</GreekSeq></word><word seq="5">and<GreekSeq>7</GreekSeq></word><word seq="6">worldly<GreekSeq>9</GreekSeq></word><word seq="7">passions,<GreekSeq>10</GreekSeq></word><word seq="8">and</word><word seq="9">to live<GreekSeq>16</GreekSeq></word><word seq="10">self-controlled,<GreekSeq>11</GreekSeq></word><word seq="11">upright,<GreekSeq>13</GreekSeq></word><word seq="12">and<GreekSeq>14</GreekSeq></word><word seq="13">godly lives<GreekSeq>15</GreekSeq></word><word seq="14">in<GreekSeq>17</GreekSeq></word><word seq="15">the<GreekSeq>18</GreekSeq></word><word seq="16">present<GreekSeq>19</GreekSeq></word><word seq="17">age,<GreekSeq>20</GreekSeq></word></ESV></verse>
<verse number="13"><ESV><word seq="1">waiting for<GreekSeq>1</GreekSeq></word><word seq="2">our</word><word seq="3">blessed<GreekSeq>3</GreekSeq></word><word seq="4">hope,<GreekSeq>4</GreekSeq></word><word seq="5">the appearing<GreekSeq>6</GreekSeq></word><word seq="6">of the<GreekSeq>7</GreekSeq></word><word seq="7">glory of<GreekSeq>8</GreekSeq></word><word seq="8">our<GreekSeq>14</GreekSeq></word><word seq="9">great<GreekSeq>10</GreekSeq></word><word seq="10">God<GreekSeq>11</GreekSeq></word><word seq="11">and<GreekSeq>12</GreekSeq></word><word seq="12">Savior<GreekSeq>13</GreekSeq></word><word seq="13">Jesus<GreekSeq>15</GreekSeq></word><word seq="14">Christ,<GreekSeq>16</GreekSeq></word></ESV></verse>
<verse number="14"><ESV><word seq="1">who<GreekSeq>1</GreekSeq></word><word seq="2">gave<GreekSeq>2</GreekSeq></word><word seq="3">himself<GreekSeq>3</GreekSeq></word><word seq="4">for<GreekSeq>4</GreekSeq></word><word seq="5">us<GreekSeq>5</GreekSeq></word><word seq="6">to redeem<GreekSeq>6</GreekSeq><GreekSeq>7</GreekSeq></word><word seq="7">us<GreekSeq>8</GreekSeq></word><word seq="8">from<GreekSeq>9</GreekSeq></word><word seq="9">all<GreekSeq>10</GreekSeq></word><word seq="10">lawlessness<GreekSeq>11</GreekSeq></word><word seq="11">and<GreekSeq>12</GreekSeq></word><word seq="12">to</word><word seq="13">purify<GreekSeq>13</GreekSeq></word><word seq="14">for himself<GreekSeq>14</GreekSeq></word><word seq="15">a people<GreekSeq>15</GreekSeq></word><word seq="16">for [his] own possession<GreekSeq>16</GreekSeq></word><word seq="17">who are</word><word seq="18">zealous<GreekSeq>17</GreekSeq></word><word seq="19">for good<GreekSeq>18</GreekSeq></word><word seq="20">works.<GreekSeq>19</GreekSeq></word></ESV></verse>
<verse number="15"><ESV><word seq="1">Declare<GreekSeq>2</GreekSeq></word><word seq="2">these things;<GreekSeq>1</GreekSeq></word><word seq="3">exhort<GreekSeq>4</GreekSeq></word><word seq="4">and<GreekSeq>5</GreekSeq></word><word seq="5">rebuke<GreekSeq>6</GreekSeq></word><word seq="6">with<GreekSeq>7</GreekSeq></word><word seq="7">all<GreekSeq>8</GreekSeq></word><word seq="8">authority.<GreekSeq>9</GreekSeq></word><word seq="9">Let<GreekSeq>12</GreekSeq></word><word seq="10">no one<GreekSeq>10</GreekSeq></word><word seq="11">disregard<GreekSeq>12</GreekSeq></word><word seq="12">you.<GreekSeq>11</GreekSeq></word></ESV></verse></chapter></book>