<?xml version="1.0" encoding="UTF-8" standalone="no"?>
<book>
 <chapter book="null" number="2">
  <verse number="1">
   <column>
    <Greek>
     <word seq="1">Ἔκρινα</word>
    </Greek>
    <Lema>
     <word seq="1">κρίνω</word>
    </Lema>
    <Morph>
     <word seq="1">viaa1s</word>
    </Morph>
    <Strong>
     <word seq="1">2919</word>
    </Strong>
    <LMcode>
     <word seq="1">30.75</word>
    </LMcode>
   </column>
   <column>
    <Greek>
     <word seq="2">γὰρ</word>
    </Greek>
    <Lema>
     <word seq="2">γάρ</word>
    </Lema>
    <Morph>
     <word seq="2">c</word>
    </Morph>
    <Strong>
     <word seq="2">1063</word>
    </Strong>
    <LMcode>
     <word seq="2">89.23</word>
    </LMcode>
   </column>
   <column>
    <Greek>
     <word seq="3">ἐμαυτῷ</word>
    </Greek>
    <Lema>
     <word seq="3">ἐμαυτοῦ</word>
    </Lema>
    <Morph>
     <word seq="3">rx1dms</word>
    </Morph>
    <Strong>
     <word seq="3">1683</word>
    </Strong>
    <LMcode>
     <word seq="3">92.3</word>
    </LMcode>
   </column>
   <column>
    <Greek>
     <word seq="4">τοῦτο</word>
    </Greek>
    <Lema>
     <word seq="4">οὗτος</word>
    </Lema>
    <Morph>
     <word seq="4">rd-ans</word>
    </Morph>
    <Strong>
     <word seq="4">5124</word>
    </Strong>
    <LMcode>
     <word seq="4">92.29</word>
    </LMcode>
   </column>
   <column>
    <Greek>
     <word seq="5">τὸ</word>
    </Greek>
    <Lema>
     <word seq="5">ὁ</word>
    </Lema>
    <Morph>
     <word seq="5">dans</word>
    </Morph>
    <Strong>
     <word seq="5">3588</word>
    </Strong>
    <LMcode>
     <word seq="5">92.24</word>
    </LMcode>
   </column>
   <column>
    <Greek>
     <word seq="6">μὴ</word>
    </Greek>
    <Lema>
     <word seq="6">μή</word>
    </Lema>
    <Morph>
     <word seq="6">b</word>
    </Morph>
    <Strong>
     <word seq="6">3361</word>
    </Strong>
    <LMcode>
     <word seq="6">69.3</word>
    </LMcode>
   </column>
   <column>
    <Greek>
     <word seq="7">πάλιν</word>
    </Greek>
    <Lema>
     <word seq="7">πάλιν</word>
    </Lema>
    <Morph>
     <word seq="7">b</word>
    </Morph>
    <Strong>
     <word seq="7">3825</word>
    </Strong>
    <LMcode>
     <word seq="7">67.55</word>
    </LMcode>
   </column>
   <column>
    <Greek>
     <word seq="8">ἐν</word>
    </Greek>
    <Lema>
     <word seq="8">ἐν</word>
    </Lema>
    <Morph>
     <word seq="8">p</word>
    </Morph>
    <Strong>
     <word seq="8">1722</word>
    </Strong>
    <LMcode>
     <word seq="8">89.84</word>
    </LMcode>
   </column>
   <column>
    <Greek>
     <word seq="9">λύπῃ</word>
    </Greek>
    <Lema>
     <word seq="9">λύπη</word>
    </Lema>
    <Morph>
     <word seq="9">ndfs</word>
    </Morph>
    <Strong>
     <word seq="9">3077</word>
    </Strong>
    <LMcode>
     <word seq="9">25.273</word>
    </LMcode>
   </column>
   <column>
    <Greek>
     <word seq="10">πρὸς</word>
    </Greek>
    <Lema>
     <word seq="10">πρός</word>
    </Lema>
    <Morph>
     <word seq="10">p</word>
    </Morph>
    <Strong>
     <word seq="10">4314</word>
    </Strong>
    <LMcode>
     <word seq="10">84.18</word>
    </LMcode>
   </column>
   <column>
    <Greek>
     <word seq="11">ὑμᾶς</word>
    </Greek>
    <Lema>
     <word seq="11">σύ</word>
    </Lema>
    <Morph>
     <word seq="11">rp2a_p</word>
    </Morph>
    <Strong>
     <word seq="11">5209</word>
    </Strong>
    <LMcode>
     <word seq="11">92.7</word>
    </LMcode>
   </column>
   <column>
    <Greek>
     <word seq="12">ἐλθεῖν.</word>
    </Greek>
    <Lema>
     <word seq="12">ἔρχομαι</word>
    </Lema>
    <Morph>
     <word seq="12">vnaa</word>
    </Morph>
    <Strong>
     <word seq="12">2064</word>
    </Strong>
    <LMcode>
     <word seq="12">15.81</word>
    </LMcode>
   </column>
  </verse>
  <verse number="2">
   <column>
    <Greek>
     <word seq="1">εἰ</word>
    </Greek>
    <Lema>
     <word seq="1">εἰ</word>
    </Lema>
    <Morph>
     <word seq="1">c</word>
    </Morph>
    <Strong>
     <word seq="1">1487</word>
    </Strong>
    <LMcode>
     <word seq="1">89.65</word>
    </LMcode>
   </column>
   <column>
    <Greek>
     <word seq="2">γὰρ</word>
    </Greek>
    <Lema>
     <word seq="2">γάρ</word>
    </Lema>
    <Morph>
     <word seq="2">c</word>
    </Morph>
    <Strong>
     <word seq="2">1063</word>
    </Strong>
    <LMcode>
     <word seq="2">89.23</word>
    </LMcode>
   </column>
   <column>
    <Greek>
     <word seq="3">ἐγὼ</word>
    </Greek>
    <Lema>
     <word seq="3">ἐγώ</word>
    </Lema>
    <Morph>
     <word seq="3">rp1n_s</word>
    </Morph>
    <Strong>
     <word seq="3">1473</word>
    </Strong>
    <LMcode>
     <word seq="3">92.1</word>
    </LMcode>
   </column>
   <column>
    <Greek>
     <word seq="4">λυπῶ</word>
    </Greek>
    <Lema>
     <word seq="4">λυπέω</word>
    </Lema>
    <Morph>
     <word seq="4">vipa1s</word>
    </Morph>
    <Strong>
     <word seq="4">3076</word>
    </Strong>
    <LMcode>
     <word seq="4">25.275</word>
    </LMcode>
   </column>
   <column>
    <Greek>
     <word seq="5">ὑμᾶς,</word>
    </Greek>
    <Lema>
     <word seq="5">σύ</word>
    </Lema>
    <Morph>
     <word seq="5">rp2a_p</word>
    </Morph>
    <Strong>
     <word seq="5">5209</word>
    </Strong>
    <LMcode>
     <word seq="5">92.7</word>
    </LMcode>
   </column>
   <column>
    <Greek>
     <word seq="6">καὶ</word>
    </Greek>
    <Lema>
     <word seq="6">καί</word>
    </Lema>
    <Morph>
     <word seq="6">c</word>
    </Morph>
    <Strong>
     <word seq="6">2532</word>
    </Strong>
    <LMcode>
     <word seq="6">89.93</word>
    </LMcode>
   </column>
   <column>
    <Greek>
     <word seq="7">τίς</word>
    </Greek>
    <Lema>
     <word seq="7">τίς</word>
    </Lema>
    <Morph>
     <word seq="7">ri-nms</word>
    </Morph>
    <Strong>
     <word seq="7">5101</word>
    </Strong>
    <LMcode>
     <word seq="7">92.14</word>
    </LMcode>
   </column>
   <column>
    <Greek>
     <word seq="8">ὁ</word>
    </Greek>
    <Lema>
     <word seq="8">ὁ</word>
    </Lema>
    <Morph>
     <word seq="8">dnms</word>
    </Morph>
    <Strong>
     <word seq="8">3588</word>
    </Strong>
    <LMcode>
     <word seq="8">92.24</word>
    </LMcode>
   </column>
   <column>
    <Greek>
     <word seq="9">εὐφραίνων</word>
    </Greek>
    <Lema>
     <word seq="9">εὐφραίνω</word>
    </Lema>
    <Morph>
     <word seq="9">vppa-nms</word>
    </Morph>
    <Strong>
     <word seq="9">2165</word>
    </Strong>
    <LMcode>
     <word seq="9">25.131</word>
    </LMcode>
   </column>
   <column>
    <Greek>
     <word seq="10">με</word>
    </Greek>
    <Lema>
     <word seq="10">ἐγώ</word>
    </Lema>
    <Morph>
     <word seq="10">rp1a_s</word>
    </Morph>
    <Strong>
     <word seq="10">3165</word>
    </Strong>
    <LMcode>
     <word seq="10">92.1</word>
    </LMcode>
   </column>
   <column>
    <Greek>
     <word seq="11">εἰ</word>
    </Greek>
    <Lema>
     <word seq="11">εἰ</word>
    </Lema>
    <Morph>
     <word seq="11">c</word>
    </Morph>
    <Strong>
     <word seq="11">1487</word>
    </Strong>
    <LMcode>
     <word seq="11">89.131</word>
    </LMcode>
   </column>
   <column>
    <Greek>
     <word seq="12">μὴ</word>
    </Greek>
    <Lema>
     <word seq="12">μή</word>
    </Lema>
    <Morph>
     <word seq="12">b</word>
    </Morph>
    <Strong>
     <word seq="12">3361</word>
    </Strong>
    <LMcode>
     <word seq="12">89.131</word>
    </LMcode>
   </column>
   <column>
    <Greek>
     <word seq="13">ὁ</word>
    </Greek>
    <Lema>
     <word seq="13">ὁ</word>
    </Lema>
    <Morph>
     <word seq="13">dnms</word>
    </Morph>
    <Strong>
     <word seq="13">3588</word>
    </Strong>
    <LMcode>
     <word seq="13">92.24</word>
    </LMcode>
   </column>
   <column>
    <Greek>
     <word seq="14">λυπούμενος</word>
    </Greek>
    <Lema>
     <word seq="14">λυπέω</word>
    </Lema>
    <Morph>
     <word seq="14">vppp-nms</word>
    </Morph>
    <Strong>
     <word seq="14">3076</word>
    </Strong>
    <LMcode>
     <word seq="14">25.275</word>
    </LMcode>
   </column>
   <column>
    <Greek>
     <word seq="15">ἐξ</word>
    </Greek>
    <Lema>
     <word seq="15">ἐκ</word>
    </Lema>
    <Morph>
     <word seq="15">p</word>
    </Morph>
    <Strong>
     <word seq="15">1537</word>
    </Strong>
    <LMcode>
     <word seq="15">89.25</word>
    </LMcode>
   </column>
   <column>
    <Greek>
     <word seq="16">ἐμοῦ;</word>
    </Greek>
    <Lema>
     <word seq="16">ἐγώ</word>
    </Lema>
    <Morph>
     <word seq="16">rp1g_s</word>
    </Morph>
    <Strong>
     <word seq="16">1700</word>
    </Strong>
    <LMcode>
     <word seq="16">92.1</word>
    </LMcode>
   </column>
  </verse>
  <verse number="3">
   <column>
    <Greek>
     <word seq="1">καὶ</word>
    </Greek>
    <Lema>
     <word seq="1">καί</word>
    </Lema>
    <Morph>
     <word seq="1">c</word>
    </Morph>
    <Strong>
     <word seq="1">2532</word>
    </Strong>
    <LMcode>
     <word seq="1">91.1</word>
    </LMcode>
   </column>
   <column>
    <Greek>
     <word seq="2">ἔγραψα</word>
    </Greek>
    <Lema>
     <word seq="2">γράφω</word>
    </Lema>
    <Morph>
     <word seq="2">viaa1s</word>
    </Morph>
    <Strong>
     <word seq="2">1125</word>
    </Strong>
    <LMcode>
     <word seq="2">33.61</word>
    </LMcode>
   </column>
   <column>
    <Greek>
     <word seq="3">τοῦτο</word>
    </Greek>
    <Lema>
     <word seq="3">οὗτος</word>
    </Lema>
    <Morph>
     <word seq="3">rd-ans</word>
    </Morph>
    <Strong>
     <word seq="3">5124</word>
    </Strong>
    <LMcode>
     <word seq="3">92.29</word>
    </LMcode>
   </column>
   <column>
    <Greek>
     <word seq="4">αὐτό,</word>
    </Greek>
    <Lema>
     <word seq="4">αὐτός</word>
    </Lema>
    <Morph>
     <word seq="4">rp3ans, aans</word>
    </Morph>
    <Strong>
     <word seq="4">846</word>
    </Strong>
    <LMcode>
     <word seq="4">92.37</word>
    </LMcode>
   </column>
   <column>
    <Greek>
     <word seq="5">ἵνα</word>
    </Greek>
    <Lema>
     <word seq="5">ἵνα</word>
    </Lema>
    <Morph>
     <word seq="5">c</word>
    </Morph>
    <Strong>
     <word seq="5">2443</word>
    </Strong>
    <LMcode>
     <word seq="5">89.59</word>
    </LMcode>
   </column>
   <column>
    <Greek>
     <word seq="6">μὴ</word>
    </Greek>
    <Lema>
     <word seq="6">μή</word>
    </Lema>
    <Morph>
     <word seq="6">b</word>
    </Morph>
    <Strong>
     <word seq="6">3361</word>
    </Strong>
    <LMcode>
     <word seq="6">89.62</word>
    </LMcode>
   </column>
   <column>
    <Greek>
     <word seq="7">ἐλθὼν</word>
    </Greek>
    <Lema>
     <word seq="7">ἔρχομαι</word>
    </Lema>
    <Morph>
     <word seq="7">vpaa-nms</word>
    </Morph>
    <Strong>
     <word seq="7">2064</word>
    </Strong>
    <LMcode>
     <word seq="7">15.81</word>
    </LMcode>
   </column>
   <column>
    <Greek>
     <word seq="8">λύπην</word>
    </Greek>
    <Lema>
     <word seq="8">λύπη</word>
    </Lema>
    <Morph>
     <word seq="8">nafs</word>
    </Morph>
    <Strong>
     <word seq="8">3077</word>
    </Strong>
    <LMcode>
     <word seq="8">25.273</word>
    </LMcode>
   </column>
   <column>
    <Greek>
     <word seq="9">σχῶ</word>
    </Greek>
    <Lema>
     <word seq="9">ἔχω</word>
    </Lema>
    <Morph>
     <word seq="9">vsaa1s</word>
    </Morph>
    <Strong>
     <word seq="9">2192</word>
    </Strong>
    <LMcode>
     <word seq="9">90.65</word>
    </LMcode>
   </column>
   <column>
    <Greek>
     <word seq="10">ἀφʼ</word>
    </Greek>
    <Lema>
     <word seq="10">ἀπό</word>
    </Lema>
    <Morph>
     <word seq="10">p</word>
    </Morph>
    <Strong>
     <word seq="10">575</word>
    </Strong>
    <LMcode>
     <word seq="10">90.15</word>
    </LMcode>
   </column>
   <column>
    <Greek>
     <word seq="11">ὧν</word>
    </Greek>
    <Lema>
     <word seq="11">ὅς</word>
    </Lema>
    <Morph>
     <word seq="11">rr-gmp</word>
    </Morph>
    <Strong>
     <word seq="11">3739</word>
    </Strong>
    <LMcode>
     <word seq="11">92.27</word>
    </LMcode>
   </column>
   <column>
    <Greek>
     <word seq="12">ἔδει</word>
    </Greek>
    <Lema>
     <word seq="12">δεῖ</word>
    </Lema>
    <Morph>
     <word seq="12">viia3s</word>
    </Morph>
    <Strong>
     <word seq="12">1163</word>
    </Strong>
    <LMcode>
     <word seq="12">71.21</word>
    </LMcode>
   </column>
   <column>
    <Greek>
     <word seq="13">με</word>
    </Greek>
    <Lema>
     <word seq="13">ἐγώ</word>
    </Lema>
    <Morph>
     <word seq="13">rp1a_s</word>
    </Morph>
    <Strong>
     <word seq="13">3165</word>
    </Strong>
    <LMcode>
     <word seq="13">92.1</word>
    </LMcode>
   </column>
   <column>
    <Greek>
     <word seq="14">χαίρειν,</word>
    </Greek>
    <Lema>
     <word seq="14">χαίρω</word>
    </Lema>
    <Morph>
     <word seq="14">vnpa</word>
    </Morph>
    <Strong>
     <word seq="14">5463</word>
    </Strong>
    <LMcode>
     <word seq="14">25.125</word>
    </LMcode>
   </column>
   <column>
    <Greek>
     <word seq="15">πεποιθὼς</word>
    </Greek>
    <Lema>
     <word seq="15">πείθω</word>
    </Lema>
    <Morph>
     <word seq="15">vpxa-nms</word>
    </Morph>
    <Strong>
     <word seq="15">3982</word>
    </Strong>
    <LMcode>
     <word seq="15">31.82</word>
    </LMcode>
   </column>
   <column>
    <Greek>
     <word seq="16">ἐπὶ</word>
    </Greek>
    <Lema>
     <word seq="16">ἐπί</word>
    </Lema>
    <Morph>
     <word seq="16">p</word>
    </Morph>
    <Strong>
     <word seq="16">1909</word>
    </Strong>
    <LMcode>
     <word seq="16">83.35</word>
    </LMcode>
   </column>
   <column>
    <Greek>
     <word seq="17">πάντας</word>
    </Greek>
    <Lema>
     <word seq="17">πᾶς</word>
    </Lema>
    <Morph>
     <word seq="17">aamp</word>
    </Morph>
    <Strong>
     <word seq="17">3956</word>
    </Strong>
    <LMcode>
     <word seq="17">59.23</word>
    </LMcode>
   </column>
   <column>
    <Greek>
     <word seq="18">ὑμᾶς</word>
    </Greek>
    <Lema>
     <word seq="18">σύ</word>
    </Lema>
    <Morph>
     <word seq="18">rp2a_p</word>
    </Morph>
    <Strong>
     <word seq="18">5209</word>
    </Strong>
    <LMcode>
     <word seq="18">92.7</word>
    </LMcode>
   </column>
   <column>
    <Greek>
     <word seq="19">ὅτι</word>
    </Greek>
    <Lema>
     <word seq="19">ὅτι</word>
    </Lema>
    <Morph>
     <word seq="19">c</word>
    </Morph>
    <Strong>
     <word seq="19">3754</word>
    </Strong>
    <LMcode>
     <word seq="19">90.21</word>
    </LMcode>
   </column>
   <column>
    <Greek>
     <word seq="20">ἡ</word>
    </Greek>
    <Lema>
     <word seq="20">ὁ</word>
    </Lema>
    <Morph>
     <word seq="20">dnfs</word>
    </Morph>
    <Strong>
     <word seq="20">3588</word>
    </Strong>
    <LMcode>
     <word seq="20">92.24</word>
    </LMcode>
   </column>
   <column>
    <Greek>
     <word seq="21">ἐμὴ</word>
    </Greek>
    <Lema>
     <word seq="21">ἐμός</word>
    </Lema>
    <Morph>
     <word seq="21">anfs, rs1nfs</word>
    </Morph>
    <Strong>
     <word seq="21">1699</word>
    </Strong>
    <LMcode>
     <word seq="21">92.2</word>
    </LMcode>
   </column>
   <column>
    <Greek>
     <word seq="22">χαρὰ</word>
    </Greek>
    <Lema>
     <word seq="22">χαρά</word>
    </Lema>
    <Morph>
     <word seq="22">nnfs</word>
    </Morph>
    <Strong>
     <word seq="22">5479</word>
    </Strong>
    <LMcode>
     <word seq="22">25.123</word>
    </LMcode>
   </column>
   <column>
    <Greek>
     <word seq="23">πάντων</word>
    </Greek>
    <Lema>
     <word seq="23">πᾶς</word>
    </Lema>
    <Morph>
     <word seq="23">agmp</word>
    </Morph>
    <Strong>
     <word seq="23">3956</word>
    </Strong>
    <LMcode>
     <word seq="23">59.23</word>
    </LMcode>
   </column>
   <column>
    <Greek>
     <word seq="24">ὑμῶν</word>
    </Greek>
    <Lema>
     <word seq="24">σύ</word>
    </Lema>
    <Morph>
     <word seq="24">rp2g_p</word>
    </Morph>
    <Strong>
     <word seq="24">5216</word>
    </Strong>
    <LMcode>
     <word seq="24">92.7</word>
    </LMcode>
   </column>
   <column>
    <Greek>
     <word seq="25">ἐστιν.</word>
    </Greek>
    <Lema>
     <word seq="25">εἰμί</word>
    </Lema>
    <Morph>
     <word seq="25">vipa3s</word>
    </Morph>
    <Strong>
     <word seq="25">2076</word>
    </Strong>
    <LMcode>
     <word seq="25">13.1</word>
    </LMcode>
   </column>
  </verse>
  <verse number="4">
   <column>
    <Greek>
     <word seq="1">ἐκ</word>
    </Greek>
    <Lema>
     <word seq="1">ἐκ</word>
    </Lema>
    <Morph>
     <word seq="1">p</word>
    </Morph>
    <Strong>
     <word seq="1">1537</word>
    </Strong>
    <LMcode>
     <word seq="1">90.16</word>
    </LMcode>
   </column>
   <column>
    <Greek>
     <word seq="2">γὰρ</word>
    </Greek>
    <Lema>
     <word seq="2">γάρ</word>
    </Lema>
    <Morph>
     <word seq="2">c</word>
    </Morph>
    <Strong>
     <word seq="2">1063</word>
    </Strong>
    <LMcode>
     <word seq="2">89.23</word>
    </LMcode>
   </column>
   <column>
    <Greek>
     <word seq="3">πολλῆς</word>
    </Greek>
    <Lema>
     <word seq="3">πολύς</word>
    </Lema>
    <Morph>
     <word seq="3">agfs</word>
    </Morph>
    <Strong>
     <word seq="3">4183</word>
    </Strong>
    <LMcode>
     <word seq="3">59.1</word>
    </LMcode>
   </column>
   <column>
    <Greek>
     <word seq="4">θλίψεως</word>
    </Greek>
    <Lema>
     <word seq="4">θλῖψις</word>
    </Lema>
    <Morph>
     <word seq="4">ngfs</word>
    </Morph>
    <Strong>
     <word seq="4">2347</word>
    </Strong>
    <LMcode>
     <word seq="4">22.2</word>
    </LMcode>
   </column>
   <column>
    <Greek>
     <word seq="5">καὶ</word>
    </Greek>
    <Lema>
     <word seq="5">καί</word>
    </Lema>
    <Morph>
     <word seq="5">c</word>
    </Morph>
    <Strong>
     <word seq="5">2532</word>
    </Strong>
    <LMcode>
     <word seq="5">89.92</word>
    </LMcode>
   </column>
   <column>
    <Greek>
     <word seq="6">συνοχῆς</word>
    </Greek>
    <Lema>
     <word seq="6">συνοχή</word>
    </Lema>
    <Morph>
     <word seq="6">ngfs</word>
    </Morph>
    <Strong>
     <word seq="6">4928</word>
    </Strong>
    <LMcode>
     <word seq="6">25.240</word>
    </LMcode>
   </column>
   <column>
    <Greek>
     <word seq="7">καρδίας</word>
    </Greek>
    <Lema>
     <word seq="7">καρδία</word>
    </Lema>
    <Morph>
     <word seq="7">ngfs</word>
    </Morph>
    <Strong>
     <word seq="7">2588</word>
    </Strong>
    <LMcode>
     <word seq="7">26.3</word>
    </LMcode>
   </column>
   <column>
    <Greek>
     <word seq="8">ἔγραψα</word>
    </Greek>
    <Lema>
     <word seq="8">γράφω</word>
    </Lema>
    <Morph>
     <word seq="8">viaa1s</word>
    </Morph>
    <Strong>
     <word seq="8">1125</word>
    </Strong>
    <LMcode>
     <word seq="8">33.61</word>
    </LMcode>
   </column>
   <column>
    <Greek>
     <word seq="9">ὑμῖν</word>
    </Greek>
    <Lema>
     <word seq="9">σύ</word>
    </Lema>
    <Morph>
     <word seq="9">rp2d_p</word>
    </Morph>
    <Strong>
     <word seq="9">5213</word>
    </Strong>
    <LMcode>
     <word seq="9">92.7</word>
    </LMcode>
   </column>
   <column>
    <Greek>
     <word seq="10">διὰ</word>
    </Greek>
    <Lema>
     <word seq="10">διά</word>
    </Lema>
    <Morph>
     <word seq="10">p</word>
    </Morph>
    <Strong>
     <word seq="10">1223</word>
    </Strong>
    <LMcode>
     <word seq="10">90.8</word>
    </LMcode>
   </column>
   <column>
    <Greek>
     <word seq="11">πολλῶν</word>
    </Greek>
    <Lema>
     <word seq="11">πολύς</word>
    </Lema>
    <Morph>
     <word seq="11">agnp</word>
    </Morph>
    <Strong>
     <word seq="11">4183</word>
    </Strong>
    <LMcode>
     <word seq="11">59.1</word>
    </LMcode>
   </column>
   <column>
    <Greek>
     <word seq="12">δακρύων,</word>
    </Greek>
    <Lema>
     <word seq="12">δάκρυον</word>
    </Lema>
    <Morph>
     <word seq="12">ngnp</word>
    </Morph>
    <Strong>
     <word seq="12">1144</word>
    </Strong>
    <LMcode>
     <word seq="12">8.73</word>
    </LMcode>
   </column>
   <column>
    <Greek>
     <word seq="13">οὐχ</word>
    </Greek>
    <Lema>
     <word seq="13">οὐ</word>
    </Lema>
    <Morph>
     <word seq="13">c</word>
    </Morph>
    <Strong>
     <word seq="13">3756</word>
    </Strong>
    <LMcode>
     <word seq="13">69.3</word>
    </LMcode>
   </column>
   <column>
    <Greek>
     <word seq="14">ἵνα</word>
    </Greek>
    <Lema>
     <word seq="14">ἵνα</word>
    </Lema>
    <Morph>
     <word seq="14">c</word>
    </Morph>
    <Strong>
     <word seq="14">2443</word>
    </Strong>
    <LMcode>
     <word seq="14">89.59</word>
    </LMcode>
   </column>
   <column>
    <Greek>
     <word seq="15">λυπηθῆτε</word>
    </Greek>
    <Lema>
     <word seq="15">λυπέω</word>
    </Lema>
    <Morph>
     <word seq="15">vsap2p</word>
    </Morph>
    <Strong>
     <word seq="15">3076</word>
    </Strong>
    <LMcode>
     <word seq="15">25.275</word>
    </LMcode>
   </column>
   <column>
    <Greek>
     <word seq="16">ἀλλὰ</word>
    </Greek>
    <Lema>
     <word seq="16">ἀλλά</word>
    </Lema>
    <Morph>
     <word seq="16">c</word>
    </Morph>
    <Strong>
     <word seq="16">235</word>
    </Strong>
    <LMcode>
     <word seq="16">89.125</word>
    </LMcode>
   </column>
   <column>
    <Greek>
     <word seq="17">τὴν</word>
    </Greek>
    <Lema>
     <word seq="17">ὁ</word>
    </Lema>
    <Morph>
     <word seq="17">dafs</word>
    </Morph>
    <Strong>
     <word seq="17">3588</word>
    </Strong>
    <LMcode>
     <word seq="17">92.24</word>
    </LMcode>
   </column>
   <column>
    <Greek>
     <word seq="18">ἀγάπην</word>
    </Greek>
    <Lema>
     <word seq="18">ἀγάπη</word>
    </Lema>
    <Morph>
     <word seq="18">nafs</word>
    </Morph>
    <Strong>
     <word seq="18">26</word>
    </Strong>
    <LMcode>
     <word seq="18">25.43</word>
    </LMcode>
   </column>
   <column>
    <Greek>
     <word seq="19">ἵνα</word>
    </Greek>
    <Lema>
     <word seq="19">ἵνα</word>
    </Lema>
    <Morph>
     <word seq="19">c</word>
    </Morph>
    <Strong>
     <word seq="19">2443</word>
    </Strong>
    <LMcode>
     <word seq="19">90.22</word>
    </LMcode>
   </column>
   <column>
    <Greek>
     <word seq="20">γνῶτε</word>
    </Greek>
    <Lema>
     <word seq="20">γινώσκω</word>
    </Lema>
    <Morph>
     <word seq="20">vsaa2p</word>
    </Morph>
    <Strong>
     <word seq="20">1097</word>
    </Strong>
    <LMcode>
     <word seq="20">28.1</word>
    </LMcode>
   </column>
   <column>
    <Greek>
     <word seq="21">ἣν</word>
    </Greek>
    <Lema>
     <word seq="21">ὅς</word>
    </Lema>
    <Morph>
     <word seq="21">rr-afs</word>
    </Morph>
    <Strong>
     <word seq="21">3739</word>
    </Strong>
    <LMcode>
     <word seq="21">92.27</word>
    </LMcode>
   </column>
   <column>
    <Greek>
     <word seq="22">ἔχω</word>
    </Greek>
    <Lema>
     <word seq="22">ἔχω</word>
    </Lema>
    <Morph>
     <word seq="22">vipa1s</word>
    </Morph>
    <Strong>
     <word seq="22">2192</word>
    </Strong>
    <LMcode>
     <word seq="22">57.1</word>
    </LMcode>
   </column>
   <column>
    <Greek>
     <word seq="23">περισσοτέρως</word>
    </Greek>
    <Lema>
     <word seq="23">περισσοτέρως</word>
    </Lema>
    <Morph>
     <word seq="23">b</word>
    </Morph>
    <Strong>
     <word seq="23">4056</word>
    </Strong>
    <LMcode>
     <word seq="23">78.31</word>
    </LMcode>
   </column>
   <column>
    <Greek>
     <word seq="24">εἰς</word>
    </Greek>
    <Lema>
     <word seq="24">εἰς</word>
    </Lema>
    <Morph>
     <word seq="24">p</word>
    </Morph>
    <Strong>
     <word seq="24">1519</word>
    </Strong>
    <LMcode>
     <word seq="24">90.23</word>
    </LMcode>
   </column>
   <column>
    <Greek>
     <word seq="25">ὑμᾶς.</word>
    </Greek>
    <Lema>
     <word seq="25">σύ</word>
    </Lema>
    <Morph>
     <word seq="25">rp2a_p</word>
    </Morph>
    <Strong>
     <word seq="25">5209</word>
    </Strong>
    <LMcode>
     <word seq="25">92.7</word>
    </LMcode>
   </column>
  </verse>
  <verse number="5">
   <column>
    <Greek>
     <word seq="1">Εἰ</word>
    </Greek>
    <Lema>
     <word seq="1">εἰ</word>
    </Lema>
    <Morph>
     <word seq="1">c</word>
    </Morph>
    <Strong>
     <word seq="1">1487</word>
    </Strong>
    <LMcode>
     <word seq="1">89.65</word>
    </LMcode>
   </column>
   <column>
    <Greek>
     <word seq="2">δέ</word>
    </Greek>
    <Lema>
     <word seq="2">δέ</word>
    </Lema>
    <Morph>
     <word seq="2">c</word>
    </Morph>
    <Strong>
     <word seq="2">1161</word>
    </Strong>
    <LMcode>
     <word seq="2">89.87</word>
    </LMcode>
   </column>
   <column>
    <Greek>
     <word seq="3">τις</word>
    </Greek>
    <Lema>
     <word seq="3">τὶς</word>
    </Lema>
    <Morph>
     <word seq="3">rx-nms</word>
    </Morph>
    <Strong>
     <word seq="3">5100</word>
    </Strong>
    <LMcode>
     <word seq="3">92.12</word>
    </LMcode>
   </column>
   <column>
    <Greek>
     <word seq="4">λελύπηκεν,</word>
    </Greek>
    <Lema>
     <word seq="4">λυπέω</word>
    </Lema>
    <Morph>
     <word seq="4">vixa3s</word>
    </Morph>
    <Strong>
     <word seq="4">3076</word>
    </Strong>
    <LMcode>
     <word seq="4">25.275</word>
    </LMcode>
   </column>
   <column>
    <Greek>
     <word seq="5">οὐκ</word>
    </Greek>
    <Lema>
     <word seq="5">οὐ</word>
    </Lema>
    <Morph>
     <word seq="5">c</word>
    </Morph>
    <Strong>
     <word seq="5">3756</word>
    </Strong>
    <LMcode>
     <word seq="5">69.3</word>
    </LMcode>
   </column>
   <column>
    <Greek>
     <word seq="6">ἐμὲ</word>
    </Greek>
    <Lema>
     <word seq="6">ἐγώ</word>
    </Lema>
    <Morph>
     <word seq="6">rp1a_s</word>
    </Morph>
    <Strong>
     <word seq="6">1691</word>
    </Strong>
    <LMcode>
     <word seq="6">92.1</word>
    </LMcode>
   </column>
   <column>
    <Greek>
     <word seq="7">λελύπηκεν,</word>
    </Greek>
    <Lema>
     <word seq="7">λυπέω</word>
    </Lema>
    <Morph>
     <word seq="7">vixa3s</word>
    </Morph>
    <Strong>
     <word seq="7">3076</word>
    </Strong>
    <LMcode>
     <word seq="7">25.275</word>
    </LMcode>
   </column>
   <column>
    <Greek>
     <word seq="8">ἀλλὰ</word>
    </Greek>
    <Lema>
     <word seq="8">ἀλλά</word>
    </Lema>
    <Morph>
     <word seq="8">c</word>
    </Morph>
    <Strong>
     <word seq="8">235</word>
    </Strong>
    <LMcode>
     <word seq="8">89.125</word>
    </LMcode>
   </column>
   <column>
    <Greek>
     <word seq="9">ἀπὸ</word>
    </Greek>
    <Lema>
     <word seq="9">ἀπό</word>
    </Lema>
    <Morph>
     <word seq="9">p</word>
    </Morph>
    <Strong>
     <word seq="9">575</word>
    </Strong>
    <LMcode>
     <word seq="9">63.15</word>
    </LMcode>
   </column>
   <column>
    <Greek>
     <word seq="10">μέρους,</word>
    </Greek>
    <Lema>
     <word seq="10">μέρος</word>
    </Lema>
    <Morph>
     <word seq="10">ngns</word>
    </Morph>
    <Strong>
     <word seq="10">3313</word>
    </Strong>
    <LMcode>
     <word seq="10">63.15</word>
    </LMcode>
   </column>
   <column>
    <Greek>
     <word seq="11">ἵνα</word>
    </Greek>
    <Lema>
     <word seq="11">ἵνα</word>
    </Lema>
    <Morph>
     <word seq="11">c</word>
    </Morph>
    <Strong>
     <word seq="11">2443</word>
    </Strong>
    <LMcode>
     <word seq="11">89.59</word>
    </LMcode>
   </column>
   <column>
    <Greek>
     <word seq="12">μὴ</word>
    </Greek>
    <Lema>
     <word seq="12">μή</word>
    </Lema>
    <Morph>
     <word seq="12">b</word>
    </Morph>
    <Strong>
     <word seq="12">3361</word>
    </Strong>
    <LMcode>
     <word seq="12">89.62</word>
    </LMcode>
   </column>
   <column>
    <Greek>
     <word seq="13">ἐπιβαρῶ,</word>
    </Greek>
    <Lema>
     <word seq="13">ἐπιβαρέω</word>
    </Lema>
    <Morph>
     <word seq="13">vspa1s</word>
    </Morph>
    <Strong>
     <word seq="13">1912</word>
    </Strong>
    <LMcode>
     <word seq="13">57.224</word>
    </LMcode>
   </column>
   <column>
    <Greek>
     <word seq="14">πάντας</word>
    </Greek>
    <Lema>
     <word seq="14">πᾶς</word>
    </Lema>
    <Morph>
     <word seq="14">aamp</word>
    </Morph>
    <Strong>
     <word seq="14">3956</word>
    </Strong>
    <LMcode>
     <word seq="14">59.23</word>
    </LMcode>
   </column>
   <column>
    <Greek>
     <word seq="15">ὑμᾶς.</word>
    </Greek>
    <Lema>
     <word seq="15">σύ</word>
    </Lema>
    <Morph>
     <word seq="15">rp2a_p</word>
    </Morph>
    <Strong>
     <word seq="15">5209</word>
    </Strong>
    <LMcode>
     <word seq="15">92.7</word>
    </LMcode>
   </column>
  </verse>
  <verse number="6">
   <column>
    <Greek>
     <word seq="1">ἱκανὸν</word>
    </Greek>
    <Lema>
     <word seq="1">ἱκανός</word>
    </Lema>
    <Morph>
     <word seq="1">anns</word>
    </Morph>
    <Strong>
     <word seq="1">2425</word>
    </Strong>
    <LMcode>
     <word seq="1">78.14</word>
    </LMcode>
   </column>
   <column>
    <Greek>
     <word seq="2">τῷ</word>
    </Greek>
    <Lema>
     <word seq="2">ὁ</word>
    </Lema>
    <Morph>
     <word seq="2">ddms</word>
    </Morph>
    <Strong>
     <word seq="2">3588</word>
    </Strong>
    <LMcode>
     <word seq="2">92.24</word>
    </LMcode>
   </column>
   <column>
    <Greek>
     <word seq="3">τοιούτῳ</word>
    </Greek>
    <Lema>
     <word seq="3">τοιοῦτος</word>
    </Lema>
    <Morph>
     <word seq="3">rd-dms</word>
    </Morph>
    <Strong>
     <word seq="3">5108</word>
    </Strong>
    <LMcode>
     <word seq="3">92.31</word>
    </LMcode>
   </column>
   <column>
    <Greek>
     <word seq="4">ἡ</word>
    </Greek>
    <Lema>
     <word seq="4">ὁ</word>
    </Lema>
    <Morph>
     <word seq="4">dnfs</word>
    </Morph>
    <Strong>
     <word seq="4">3588</word>
    </Strong>
    <LMcode>
     <word seq="4">92.24</word>
    </LMcode>
   </column>
   <column>
    <Greek>
     <word seq="5">ἐπιτιμία</word>
    </Greek>
    <Lema>
     <word seq="5">ἐπιτιμία</word>
    </Lema>
    <Morph>
     <word seq="5">nnfs</word>
    </Morph>
    <Strong>
     <word seq="5">2009</word>
    </Strong>
    <LMcode>
     <word seq="5">38.6</word>
    </LMcode>
   </column>
   <column>
    <Greek>
     <word seq="6">αὕτη</word>
    </Greek>
    <Lema>
     <word seq="6">οὗτος</word>
    </Lema>
    <Morph>
     <word seq="6">rd-nfs</word>
    </Morph>
    <Strong>
     <word seq="6">3778</word>
    </Strong>
    <LMcode>
     <word seq="6">92.29</word>
    </LMcode>
   </column>
   <column>
    <Greek>
     <word seq="7">ἡ</word>
    </Greek>
    <Lema>
     <word seq="7">ὁ</word>
    </Lema>
    <Morph>
     <word seq="7">dnfs</word>
    </Morph>
    <Strong>
     <word seq="7">3588</word>
    </Strong>
    <LMcode>
     <word seq="7">92.24</word>
    </LMcode>
   </column>
   <column>
    <Greek>
     <word seq="8">ὑπὸ</word>
    </Greek>
    <Lema>
     <word seq="8">ὑπό</word>
    </Lema>
    <Morph>
     <word seq="8">p</word>
    </Morph>
    <Strong>
     <word seq="8">5259</word>
    </Strong>
    <LMcode>
     <word seq="8">90.1</word>
    </LMcode>
   </column>
   <column>
    <Greek>
     <word seq="9">τῶν</word>
    </Greek>
    <Lema>
     <word seq="9">ὁ</word>
    </Lema>
    <Morph>
     <word seq="9">dgmp</word>
    </Morph>
    <Strong>
     <word seq="9">3588</word>
    </Strong>
    <LMcode>
     <word seq="9">92.24</word>
    </LMcode>
   </column>
   <column>
    <Greek>
     <word seq="10">πλειόνων,</word>
    </Greek>
    <Lema>
     <word seq="10">πολύς</word>
    </Lema>
    <Morph>
     <word seq="10">agmpc</word>
    </Morph>
    <Strong>
     <word seq="10">4119</word>
    </Strong>
    <LMcode>
     <word seq="10">59.1</word>
    </LMcode>
   </column>
  </verse>
  <verse number="7">
   <column>
    <Greek>
     <word seq="1">ὥστε</word>
    </Greek>
    <Lema>
     <word seq="1">ὥστε</word>
    </Lema>
    <Morph>
     <word seq="1">c</word>
    </Morph>
    <Strong>
     <word seq="1">5620</word>
    </Strong>
    <LMcode>
     <word seq="1">89.52</word>
    </LMcode>
   </column>
   <column>
    <Greek>
     <word seq="2">τοὐναντίον</word>
    </Greek>
    <Lema>
     <word seq="2">τοὐναντίον</word>
    </Lema>
    <Morph>
     <word seq="2">b</word>
    </Morph>
    <Strong>
     <word seq="2">5121</word>
    </Strong>
    <LMcode>
     <word seq="2">92.24</word>
    </LMcode>
   </column>
   <column>
    <Greek>
     <word seq="3">μᾶλλον</word>
    </Greek>
    <Lema>
     <word seq="3">μᾶλλον</word>
    </Lema>
    <Morph>
     <word seq="3">b</word>
    </Morph>
    <Strong>
     <word seq="3">3123</word>
    </Strong>
    <LMcode>
     <word seq="3">89.126</word>
    </LMcode>
   </column>
   <column>
    <Greek>
     <word seq="4">ὑμᾶς</word>
    </Greek>
    <Lema>
     <word seq="4">σύ</word>
    </Lema>
    <Morph>
     <word seq="4">rp2a_p</word>
    </Morph>
    <Strong>
     <word seq="4">5209</word>
    </Strong>
    <LMcode>
     <word seq="4">92.7</word>
    </LMcode>
   </column>
   <column>
    <Greek>
     <word seq="5">χαρίσασθαι</word>
    </Greek>
    <Lema>
     <word seq="5">χαρίζομαι</word>
    </Lema>
    <Morph>
     <word seq="5">vnam</word>
    </Morph>
    <Strong>
     <word seq="5">5483</word>
    </Strong>
    <LMcode>
     <word seq="5">40.10</word>
    </LMcode>
   </column>
   <column>
    <Greek>
     <word seq="6">καὶ</word>
    </Greek>
    <Lema>
     <word seq="6">καί</word>
    </Lema>
    <Morph>
     <word seq="6">c</word>
    </Morph>
    <Strong>
     <word seq="6">2532</word>
    </Strong>
    <LMcode>
     <word seq="6">89.92</word>
    </LMcode>
   </column>
   <column>
    <Greek>
     <word seq="7">παρακαλέσαι,</word>
    </Greek>
    <Lema>
     <word seq="7">παρακαλέω</word>
    </Lema>
    <Morph>
     <word seq="7">vnaa</word>
    </Morph>
    <Strong>
     <word seq="7">3870</word>
    </Strong>
    <LMcode>
     <word seq="7">25.150</word>
    </LMcode>
   </column>
   <column>
    <Greek>
     <word seq="8">μή</word>
    </Greek>
    <Lema>
     <word seq="8">μή</word>
    </Lema>
    <Morph>
     <word seq="8">t</word>
    </Morph>
    <Strong>
     <word seq="8">3361</word>
    </Strong>
    <LMcode>
     <word seq="8">69.3</word>
    </LMcode>
   </column>
   <column>
    <Greek>
     <word seq="9">πως</word>
    </Greek>
    <Lema>
     <word seq="9">πώς</word>
    </Lema>
    <Morph>
     <word seq="9">t</word>
    </Morph>
    <Strong>
     <word seq="9">4458</word>
    </Strong>
    <LMcode>
     <word seq="9">92.16</word>
    </LMcode>
   </column>
   <column>
    <Greek>
     <word seq="10">τῇ</word>
    </Greek>
    <Lema>
     <word seq="10">ὁ</word>
    </Lema>
    <Morph>
     <word seq="10">ddfs</word>
    </Morph>
    <Strong>
     <word seq="10">3588</word>
    </Strong>
    <LMcode>
     <word seq="10">92.24</word>
    </LMcode>
   </column>
   <column>
    <Greek>
     <word seq="11">περισσοτέρᾳ</word>
    </Greek>
    <Lema>
     <word seq="11">περισσότερος</word>
    </Lema>
    <Morph>
     <word seq="11">adfsc</word>
    </Morph>
    <Strong>
     <word seq="11">4055</word>
    </Strong>
    <LMcode>
     <word seq="11">78.31</word>
    </LMcode>
   </column>
   <column>
    <Greek>
     <word seq="12">λύπῃ</word>
    </Greek>
    <Lema>
     <word seq="12">λύπη</word>
    </Lema>
    <Morph>
     <word seq="12">ndfs</word>
    </Morph>
    <Strong>
     <word seq="12">3077</word>
    </Strong>
    <LMcode>
     <word seq="12">25.285</word>
    </LMcode>
   </column>
   <column>
    <Greek>
     <word seq="13">καταποθῇ</word>
    </Greek>
    <Lema>
     <word seq="13">καταπίνω</word>
    </Lema>
    <Morph>
     <word seq="13">vsap3s</word>
    </Morph>
    <Strong>
     <word seq="13">2666</word>
    </Strong>
    <LMcode>
     <word seq="13">25.285</word>
    </LMcode>
   </column>
   <column>
    <Greek>
     <word seq="14">ὁ</word>
    </Greek>
    <Lema>
     <word seq="14">ὁ</word>
    </Lema>
    <Morph>
     <word seq="14">dnms</word>
    </Morph>
    <Strong>
     <word seq="14">3588</word>
    </Strong>
    <LMcode>
     <word seq="14">92.24</word>
    </LMcode>
   </column>
   <column>
    <Greek>
     <word seq="15">τοιοῦτος.</word>
    </Greek>
    <Lema>
     <word seq="15">τοιοῦτος</word>
    </Lema>
    <Morph>
     <word seq="15">rd-nms</word>
    </Morph>
    <Strong>
     <word seq="15">5108</word>
    </Strong>
    <LMcode>
     <word seq="15">92.31</word>
    </LMcode>
   </column>
  </verse>
  <verse number="8">
   <column>
    <Greek>
     <word seq="1">διὸ</word>
    </Greek>
    <Lema>
     <word seq="1">διό</word>
    </Lema>
    <Morph>
     <word seq="1">c</word>
    </Morph>
    <Strong>
     <word seq="1">1352</word>
    </Strong>
    <LMcode>
     <word seq="1">89.47</word>
    </LMcode>
   </column>
   <column>
    <Greek>
     <word seq="2">παρακαλῶ</word>
    </Greek>
    <Lema>
     <word seq="2">παρακαλέω</word>
    </Lema>
    <Morph>
     <word seq="2">vipa1s</word>
    </Morph>
    <Strong>
     <word seq="2">3870</word>
    </Strong>
    <LMcode>
     <word seq="2">33.168</word>
    </LMcode>
   </column>
   <column>
    <Greek>
     <word seq="3">ὑμᾶς</word>
    </Greek>
    <Lema>
     <word seq="3">σύ</word>
    </Lema>
    <Morph>
     <word seq="3">rp2a_p</word>
    </Morph>
    <Strong>
     <word seq="3">5209</word>
    </Strong>
    <LMcode>
     <word seq="3">92.7</word>
    </LMcode>
   </column>
   <column>
    <Greek>
     <word seq="4">κυρῶσαι</word>
    </Greek>
    <Lema>
     <word seq="4">κυρόω</word>
    </Lema>
    <Morph>
     <word seq="4">vnaa</word>
    </Morph>
    <Strong>
     <word seq="4">2964</word>
    </Strong>
    <LMcode>
     <word seq="4">70.6</word>
    </LMcode>
   </column>
   <column>
    <Greek>
     <word seq="5">εἰς</word>
    </Greek>
    <Lema>
     <word seq="5">εἰς</word>
    </Lema>
    <Morph>
     <word seq="5">p</word>
    </Morph>
    <Strong>
     <word seq="5">1519</word>
    </Strong>
    <LMcode>
     <word seq="5">90.59</word>
    </LMcode>
   </column>
   <column>
    <Greek>
     <word seq="6">αὐτὸν</word>
    </Greek>
    <Lema>
     <word seq="6">αὐτός</word>
    </Lema>
    <Morph>
     <word seq="6">rp3ams</word>
    </Morph>
    <Strong>
     <word seq="6">846</word>
    </Strong>
    <LMcode>
     <word seq="6">92.11</word>
    </LMcode>
   </column>
   <column>
    <Greek>
     <word seq="7">ἀγάπην·</word>
    </Greek>
    <Lema>
     <word seq="7">ἀγάπη</word>
    </Lema>
    <Morph>
     <word seq="7">nafs</word>
    </Morph>
    <Strong>
     <word seq="7">26</word>
    </Strong>
    <LMcode>
     <word seq="7">25.43</word>
    </LMcode>
   </column>
  </verse>
  <verse number="9">
   <column>
    <Greek>
     <word seq="1">εἰς</word>
    </Greek>
    <Lema>
     <word seq="1">εἰς</word>
    </Lema>
    <Morph>
     <word seq="1">p</word>
    </Morph>
    <Strong>
     <word seq="1">1519</word>
    </Strong>
    <LMcode>
     <word seq="1">89.57</word>
    </LMcode>
   </column>
   <column>
    <Greek>
     <word seq="2">τοῦτο</word>
    </Greek>
    <Lema>
     <word seq="2">οὗτος</word>
    </Lema>
    <Morph>
     <word seq="2">rd-ans</word>
    </Morph>
    <Strong>
     <word seq="2">5124</word>
    </Strong>
    <LMcode>
     <word seq="2">92.29</word>
    </LMcode>
   </column>
   <column>
    <Greek>
     <word seq="3">γὰρ</word>
    </Greek>
    <Lema>
     <word seq="3">γάρ</word>
    </Lema>
    <Morph>
     <word seq="3">c</word>
    </Morph>
    <Strong>
     <word seq="3">1063</word>
    </Strong>
    <LMcode>
     <word seq="3">89.23</word>
    </LMcode>
   </column>
   <column>
    <Greek>
     <word seq="4">καὶ</word>
    </Greek>
    <Lema>
     <word seq="4">καί</word>
    </Lema>
    <Morph>
     <word seq="4">b</word>
    </Morph>
    <Strong>
     <word seq="4">2532</word>
    </Strong>
    <LMcode>
     <word seq="4">89.93</word>
    </LMcode>
   </column>
   <column>
    <Greek>
     <word seq="5">ἔγραψα,</word>
    </Greek>
    <Lema>
     <word seq="5">γράφω</word>
    </Lema>
    <Morph>
     <word seq="5">viaa1s</word>
    </Morph>
    <Strong>
     <word seq="5">1125</word>
    </Strong>
    <LMcode>
     <word seq="5">33.61</word>
    </LMcode>
   </column>
   <column>
    <Greek>
     <word seq="6">ἵνα</word>
    </Greek>
    <Lema>
     <word seq="6">ἵνα</word>
    </Lema>
    <Morph>
     <word seq="6">c</word>
    </Morph>
    <Strong>
     <word seq="6">2443</word>
    </Strong>
    <LMcode>
     <word seq="6">89.59</word>
    </LMcode>
   </column>
   <column>
    <Greek>
     <word seq="7">γνῶ</word>
    </Greek>
    <Lema>
     <word seq="7">γινώσκω</word>
    </Lema>
    <Morph>
     <word seq="7">vsaa1s</word>
    </Morph>
    <Strong>
     <word seq="7">1097</word>
    </Strong>
    <LMcode>
     <word seq="7">28.1</word>
    </LMcode>
   </column>
   <column>
    <Greek>
     <word seq="8">τὴν</word>
    </Greek>
    <Lema>
     <word seq="8">ὁ</word>
    </Lema>
    <Morph>
     <word seq="8">dafs</word>
    </Morph>
    <Strong>
     <word seq="8">3588</word>
    </Strong>
    <LMcode>
     <word seq="8">92.24</word>
    </LMcode>
   </column>
   <column>
    <Greek>
     <word seq="9">δοκιμὴν</word>
    </Greek>
    <Lema>
     <word seq="9">δοκιμή</word>
    </Lema>
    <Morph>
     <word seq="9">nafs</word>
    </Morph>
    <Strong>
     <word seq="9">1382</word>
    </Strong>
    <LMcode>
     <word seq="9">27.45</word>
    </LMcode>
   </column>
   <column>
    <Greek>
     <word seq="10">ὑμῶν,</word>
    </Greek>
    <Lema>
     <word seq="10">σύ</word>
    </Lema>
    <Morph>
     <word seq="10">rp2g_p</word>
    </Morph>
    <Strong>
     <word seq="10">5216</word>
    </Strong>
    <LMcode>
     <word seq="10">92.7</word>
    </LMcode>
   </column>
   <column>
    <Greek>
     <word seq="11">εἰ</word>
    </Greek>
    <Lema>
     <word seq="11">εἰ</word>
    </Lema>
    <Morph>
     <word seq="11">t</word>
    </Morph>
    <Strong>
     <word seq="11">1487</word>
    </Strong>
    <LMcode>
     <word seq="11">90.26</word>
    </LMcode>
   </column>
   <column>
    <Greek>
     <word seq="12">εἰς</word>
    </Greek>
    <Lema>
     <word seq="12">εἰς</word>
    </Lema>
    <Morph>
     <word seq="12">p</word>
    </Morph>
    <Strong>
     <word seq="12">1519</word>
    </Strong>
    <LMcode>
     <word seq="12">90.23</word>
    </LMcode>
   </column>
   <column>
    <Greek>
     <word seq="13">πάντα</word>
    </Greek>
    <Lema>
     <word seq="13">πᾶς</word>
    </Lema>
    <Morph>
     <word seq="13">aanp</word>
    </Morph>
    <Strong>
     <word seq="13">3956</word>
    </Strong>
    <LMcode>
     <word seq="13">59.23</word>
    </LMcode>
   </column>
   <column>
    <Greek>
     <word seq="14">ὑπήκοοί</word>
    </Greek>
    <Lema>
     <word seq="14">ὑπήκοος</word>
    </Lema>
    <Morph>
     <word seq="14">anmp</word>
    </Morph>
    <Strong>
     <word seq="14">5255</word>
    </Strong>
    <LMcode>
     <word seq="14">36.16</word>
    </LMcode>
   </column>
   <column>
    <Greek>
     <word seq="15">ἐστε.</word>
    </Greek>
    <Lema>
     <word seq="15">εἰμί</word>
    </Lema>
    <Morph>
     <word seq="15">vipa2p</word>
    </Morph>
    <Strong>
     <word seq="15">2075</word>
    </Strong>
    <LMcode>
     <word seq="15">13.1</word>
    </LMcode>
   </column>
  </verse>
  <verse number="10">
   <column>
    <Greek>
     <word seq="1">ᾧ</word>
    </Greek>
    <Lema>
     <word seq="1">ὅς</word>
    </Lema>
    <Morph>
     <word seq="1">rr-dms</word>
    </Morph>
    <Strong>
     <word seq="1">3739</word>
    </Strong>
    <LMcode>
     <word seq="1">92.27</word>
    </LMcode>
   </column>
   <column>
    <Greek>
     <word seq="2">δέ</word>
    </Greek>
    <Lema>
     <word seq="2">δέ</word>
    </Lema>
    <Morph>
     <word seq="2">c</word>
    </Morph>
    <Strong>
     <word seq="2">1161</word>
    </Strong>
    <LMcode>
     <word seq="2">89.87</word>
    </LMcode>
   </column>
   <column>
    <Greek>
     <word seq="3">τι</word>
    </Greek>
    <Lema>
     <word seq="3">τὶς</word>
    </Lema>
    <Morph>
     <word seq="3">rx-ans</word>
    </Morph>
    <Strong>
     <word seq="3">5100</word>
    </Strong>
    <LMcode>
     <word seq="3">92.12</word>
    </LMcode>
   </column>
   <column>
    <Greek>
     <word seq="4">χαρίζεσθε,</word>
    </Greek>
    <Lema>
     <word seq="4">χαρίζομαι</word>
    </Lema>
    <Morph>
     <word seq="4">vipu2p</word>
    </Morph>
    <Strong>
     <word seq="4">5483</word>
    </Strong>
    <LMcode>
     <word seq="4">40.10</word>
    </LMcode>
   </column>
   <column>
    <Greek>
     <word seq="5">κἀγώ·</word>
    </Greek>
    <Lema>
     <word seq="5">κἀγώ</word>
    </Lema>
    <Morph>
     <word seq="5">rp1n_s, t</word>
    </Morph>
    <Strong>
     <word seq="5">2504</word>
    </Strong>
    <LMcode>
     <word seq="5">89.93</word>
    </LMcode>
   </column>
   <column>
    <Greek>
     <word seq="6">καὶ</word>
    </Greek>
    <Lema>
     <word seq="6">καί</word>
    </Lema>
    <Morph>
     <word seq="6">b</word>
    </Morph>
    <Strong>
     <word seq="6">2532</word>
    </Strong>
    <LMcode>
     <word seq="6">91.1</word>
    </LMcode>
   </column>
   <column>
    <Greek>
     <word seq="7">γὰρ</word>
    </Greek>
    <Lema>
     <word seq="7">γάρ</word>
    </Lema>
    <Morph>
     <word seq="7">c</word>
    </Morph>
    <Strong>
     <word seq="7">1063</word>
    </Strong>
    <LMcode>
     <word seq="7">89.23</word>
    </LMcode>
   </column>
   <column>
    <Greek>
     <word seq="8">ἐγὼ</word>
    </Greek>
    <Lema>
     <word seq="8">ἐγώ</word>
    </Lema>
    <Morph>
     <word seq="8">rp1n_s</word>
    </Morph>
    <Strong>
     <word seq="8">1473</word>
    </Strong>
    <LMcode>
     <word seq="8">92.1</word>
    </LMcode>
   </column>
   <column>
    <Greek>
     <word seq="9">ὃ</word>
    </Greek>
    <Lema>
     <word seq="9">ὅς</word>
    </Lema>
    <Morph>
     <word seq="9">rr-ans</word>
    </Morph>
    <Strong>
     <word seq="9">3739</word>
    </Strong>
    <LMcode>
     <word seq="9">92.27</word>
    </LMcode>
   </column>
   <column>
    <Greek>
     <word seq="10">κεχάρισμαι,</word>
    </Greek>
    <Lema>
     <word seq="10">χαρίζομαι</word>
    </Lema>
    <Morph>
     <word seq="10">vixu1s</word>
    </Morph>
    <Strong>
     <word seq="10">5483</word>
    </Strong>
    <LMcode>
     <word seq="10">40.10</word>
    </LMcode>
   </column>
   <column>
    <Greek>
     <word seq="11">εἴ</word>
    </Greek>
    <Lema>
     <word seq="11">εἰ</word>
    </Lema>
    <Morph>
     <word seq="11">c</word>
    </Morph>
    <Strong>
     <word seq="11">1487</word>
    </Strong>
    <LMcode>
     <word seq="11">89.65</word>
    </LMcode>
   </column>
   <column>
    <Greek>
     <word seq="12">τι</word>
    </Greek>
    <Lema>
     <word seq="12">τὶς</word>
    </Lema>
    <Morph>
     <word seq="12">rx-ans</word>
    </Morph>
    <Strong>
     <word seq="12">5100</word>
    </Strong>
    <LMcode>
     <word seq="12">92.12</word>
    </LMcode>
   </column>
   <column>
    <Greek>
     <word seq="13">κεχάρισμαι,</word>
    </Greek>
    <Lema>
     <word seq="13">χαρίζομαι</word>
    </Lema>
    <Morph>
     <word seq="13">vixu1s</word>
    </Morph>
    <Strong>
     <word seq="13">5483</word>
    </Strong>
    <LMcode>
     <word seq="13">40.10</word>
    </LMcode>
   </column>
   <column>
    <Greek>
     <word seq="14">διʼ</word>
    </Greek>
    <Lema>
     <word seq="14">διά</word>
    </Lema>
    <Morph>
     <word seq="14">p</word>
    </Morph>
    <Strong>
     <word seq="14">1223</word>
    </Strong>
    <LMcode>
     <word seq="14">90.38</word>
    </LMcode>
   </column>
   <column>
    <Greek>
     <word seq="15">ὑμᾶς</word>
    </Greek>
    <Lema>
     <word seq="15">σύ</word>
    </Lema>
    <Morph>
     <word seq="15">rp2a_p</word>
    </Morph>
    <Strong>
     <word seq="15">5209</word>
    </Strong>
    <LMcode>
     <word seq="15">92.7</word>
    </LMcode>
   </column>
   <column>
    <Greek>
     <word seq="16">ἐν</word>
    </Greek>
    <Lema>
     <word seq="16">ἐν</word>
    </Lema>
    <Morph>
     <word seq="16">p</word>
    </Morph>
    <Strong>
     <word seq="16">1722</word>
    </Strong>
    <LMcode>
     <word seq="16">83.13</word>
    </LMcode>
   </column>
   <column>
    <Greek>
     <word seq="17">προσώπῳ</word>
    </Greek>
    <Lema>
     <word seq="17">πρόσωπον</word>
    </Lema>
    <Morph>
     <word seq="17">ndns</word>
    </Morph>
    <Strong>
     <word seq="17">4383</word>
    </Strong>
    <LMcode>
     <word seq="17">85.26</word>
    </LMcode>
   </column>
   <column>
    <Greek>
     <word seq="18">Χριστοῦ,</word>
    </Greek>
    <Lema>
     <word seq="18">Χριστός</word>
    </Lema>
    <Morph>
     <word seq="18">ngms</word>
    </Morph>
    <Strong>
     <word seq="18">5547</word>
    </Strong>
    <LMcode>
     <word seq="18">93.387</word>
    </LMcode>
   </column>
  </verse>
  <verse number="11">
   <column>
    <Greek>
     <word seq="1">ἵνα</word>
    </Greek>
    <Lema>
     <word seq="1">ἵνα</word>
    </Lema>
    <Morph>
     <word seq="1">c</word>
    </Morph>
    <Strong>
     <word seq="1">2443</word>
    </Strong>
    <LMcode>
     <word seq="1">89.59</word>
    </LMcode>
   </column>
   <column>
    <Greek>
     <word seq="2">μὴ</word>
    </Greek>
    <Lema>
     <word seq="2">μή</word>
    </Lema>
    <Morph>
     <word seq="2">b</word>
    </Morph>
    <Strong>
     <word seq="2">3361</word>
    </Strong>
    <LMcode>
     <word seq="2">89.62</word>
    </LMcode>
   </column>
   <column>
    <Greek>
     <word seq="3">πλεονεκτηθῶμεν</word>
    </Greek>
    <Lema>
     <word seq="3">πλεονεκτέω</word>
    </Lema>
    <Morph>
     <word seq="3">vsap1p</word>
    </Morph>
    <Strong>
     <word seq="3">4122</word>
    </Strong>
    <LMcode>
     <word seq="3">88.144</word>
    </LMcode>
   </column>
   <column>
    <Greek>
     <word seq="4">ὑπὸ</word>
    </Greek>
    <Lema>
     <word seq="4">ὑπό</word>
    </Lema>
    <Morph>
     <word seq="4">p</word>
    </Morph>
    <Strong>
     <word seq="4">5259</word>
    </Strong>
    <LMcode>
     <word seq="4">90.1</word>
    </LMcode>
   </column>
   <column>
    <Greek>
     <word seq="5">τοῦ</word>
    </Greek>
    <Lema>
     <word seq="5">ὁ</word>
    </Lema>
    <Morph>
     <word seq="5">dgms</word>
    </Morph>
    <Strong>
     <word seq="5">3588</word>
    </Strong>
    <LMcode>
     <word seq="5">92.24</word>
    </LMcode>
   </column>
   <column>
    <Greek>
     <word seq="6">σατανᾶ·</word>
    </Greek>
    <Lema>
     <word seq="6">Σατανᾶς</word>
    </Lema>
    <Morph>
     <word seq="6">ngms</word>
    </Morph>
    <Strong>
     <word seq="6">4567</word>
    </Strong>
    <LMcode>
     <word seq="6">93.330</word>
    </LMcode>
   </column>
   <column>
    <Greek>
     <word seq="7">οὐ</word>
    </Greek>
    <Lema>
     <word seq="7">οὐ</word>
    </Lema>
    <Morph>
     <word seq="7">b</word>
    </Morph>
    <Strong>
     <word seq="7">3756</word>
    </Strong>
    <LMcode>
     <word seq="7">69.3</word>
    </LMcode>
   </column>
   <column>
    <Greek>
     <word seq="8">γὰρ</word>
    </Greek>
    <Lema>
     <word seq="8">γάρ</word>
    </Lema>
    <Morph>
     <word seq="8">c</word>
    </Morph>
    <Strong>
     <word seq="8">1063</word>
    </Strong>
    <LMcode>
     <word seq="8">89.23</word>
    </LMcode>
   </column>
   <column>
    <Greek>
     <word seq="9">αὐτοῦ</word>
    </Greek>
    <Lema>
     <word seq="9">αὐτός</word>
    </Lema>
    <Morph>
     <word seq="9">rp3gms</word>
    </Morph>
    <Strong>
     <word seq="9">846</word>
    </Strong>
    <LMcode>
     <word seq="9">92.11</word>
    </LMcode>
   </column>
   <column>
    <Greek>
     <word seq="10">τὰ</word>
    </Greek>
    <Lema>
     <word seq="10">ὁ</word>
    </Lema>
    <Morph>
     <word seq="10">danp</word>
    </Morph>
    <Strong>
     <word seq="10">3588</word>
    </Strong>
    <LMcode>
     <word seq="10">92.24</word>
    </LMcode>
   </column>
   <column>
    <Greek>
     <word seq="11">νοήματα</word>
    </Greek>
    <Lema>
     <word seq="11">νόημα</word>
    </Lema>
    <Morph>
     <word seq="11">nanp</word>
    </Morph>
    <Strong>
     <word seq="11">3540</word>
    </Strong>
    <LMcode>
     <word seq="11">30.15</word>
    </LMcode>
   </column>
   <column>
    <Greek>
     <word seq="12">ἀγνοοῦμεν.</word>
    </Greek>
    <Lema>
     <word seq="12">ἀγνοέω</word>
    </Lema>
    <Morph>
     <word seq="12">vipa1p</word>
    </Morph>
    <Strong>
     <word seq="12">50</word>
    </Strong>
    <LMcode>
     <word seq="12">28.13</word>
    </LMcode>
   </column>
  </verse>
  <verse number="12">
   <column>
    <Greek>
     <word seq="1">Ἐλθὼν</word>
    </Greek>
    <Lema>
     <word seq="1">ἔρχομαι</word>
    </Lema>
    <Morph>
     <word seq="1">vpaa-nms</word>
    </Morph>
    <Strong>
     <word seq="1">2064</word>
    </Strong>
    <LMcode>
     <word seq="1">15.81</word>
    </LMcode>
   </column>
   <column>
    <Greek>
     <word seq="2">δὲ</word>
    </Greek>
    <Lema>
     <word seq="2">δέ</word>
    </Lema>
    <Morph>
     <word seq="2">c</word>
    </Morph>
    <Strong>
     <word seq="2">1161</word>
    </Strong>
    <LMcode>
     <word seq="2">89.94</word>
    </LMcode>
   </column>
   <column>
    <Greek>
     <word seq="3">εἰς</word>
    </Greek>
    <Lema>
     <word seq="3">εἰς</word>
    </Lema>
    <Morph>
     <word seq="3">p</word>
    </Morph>
    <Strong>
     <word seq="3">1519</word>
    </Strong>
    <LMcode>
     <word seq="3">84.22</word>
    </LMcode>
   </column>
   <column>
    <Greek>
     <word seq="4">τὴν</word>
    </Greek>
    <Lema>
     <word seq="4">ὁ</word>
    </Lema>
    <Morph>
     <word seq="4">dafs</word>
    </Morph>
    <Strong>
     <word seq="4">3588</word>
    </Strong>
    <LMcode>
     <word seq="4">92.24</word>
    </LMcode>
   </column>
   <column>
    <Greek>
     <word seq="5">Τρῳάδα</word>
    </Greek>
    <Lema>
     <word seq="5">Τρῳάς</word>
    </Lema>
    <Morph>
     <word seq="5">nafs</word>
    </Morph>
    <Strong>
     <word seq="5">5174</word>
    </Strong>
    <LMcode>
     <word seq="5">93.599</word>
    </LMcode>
   </column>
   <column>
    <Greek>
     <word seq="6">εἰς</word>
    </Greek>
    <Lema>
     <word seq="6">εἰς</word>
    </Lema>
    <Morph>
     <word seq="6">p</word>
    </Morph>
    <Strong>
     <word seq="6">1519</word>
    </Strong>
    <LMcode>
     <word seq="6">90.41</word>
    </LMcode>
   </column>
   <column>
    <Greek>
     <word seq="7">τὸ</word>
    </Greek>
    <Lema>
     <word seq="7">ὁ</word>
    </Lema>
    <Morph>
     <word seq="7">dans</word>
    </Morph>
    <Strong>
     <word seq="7">3588</word>
    </Strong>
    <LMcode>
     <word seq="7">92.24</word>
    </LMcode>
   </column>
   <column>
    <Greek>
     <word seq="8">εὐαγγέλιον</word>
    </Greek>
    <Lema>
     <word seq="8">εὐαγγέλιον</word>
    </Lema>
    <Morph>
     <word seq="8">nans</word>
    </Morph>
    <Strong>
     <word seq="8">2098</word>
    </Strong>
    <LMcode>
     <word seq="8">33.217</word>
    </LMcode>
   </column>
   <column>
    <Greek>
     <word seq="9">τοῦ</word>
    </Greek>
    <Lema>
     <word seq="9">ὁ</word>
    </Lema>
    <Morph>
     <word seq="9">dgms</word>
    </Morph>
    <Strong>
     <word seq="9">3588</word>
    </Strong>
    <LMcode>
     <word seq="9">92.24</word>
    </LMcode>
   </column>
   <column>
    <Greek>
     <word seq="10">Χριστοῦ</word>
    </Greek>
    <Lema>
     <word seq="10">Χριστός</word>
    </Lema>
    <Morph>
     <word seq="10">ngms</word>
    </Morph>
    <Strong>
     <word seq="10">5547</word>
    </Strong>
    <LMcode>
     <word seq="10">93.387</word>
    </LMcode>
   </column>
   <column>
    <Greek>
     <word seq="11">καὶ</word>
    </Greek>
    <Lema>
     <word seq="11">καί</word>
    </Lema>
    <Morph>
     <word seq="11">c</word>
    </Morph>
    <Strong>
     <word seq="11">2532</word>
    </Strong>
    <LMcode>
     <word seq="11">89.87</word>
    </LMcode>
   </column>
   <column>
    <Greek>
     <word seq="12">θύρας</word>
    </Greek>
    <Lema>
     <word seq="12">θύρα</word>
    </Lema>
    <Morph>
     <word seq="12">ngfs</word>
    </Morph>
    <Strong>
     <word seq="12">2374</word>
    </Strong>
    <LMcode>
     <word seq="12">71.9</word>
    </LMcode>
   </column>
   <column>
    <Greek>
     <word seq="13">μοι</word>
    </Greek>
    <Lema>
     <word seq="13">ἐγώ</word>
    </Lema>
    <Morph>
     <word seq="13">rp1d_s</word>
    </Morph>
    <Strong>
     <word seq="13">3427</word>
    </Strong>
    <LMcode>
     <word seq="13">92.1</word>
    </LMcode>
   </column>
   <column>
    <Greek>
     <word seq="14">ἀνεῳγμένης</word>
    </Greek>
    <Lema>
     <word seq="14">ἀνοίγω</word>
    </Lema>
    <Morph>
     <word seq="14">vpxp-gfs</word>
    </Morph>
    <Strong>
     <word seq="14">455</word>
    </Strong>
    <LMcode>
     <word seq="14">71.9</word>
    </LMcode>
   </column>
   <column>
    <Greek>
     <word seq="15">ἐν</word>
    </Greek>
    <Lema>
     <word seq="15">ἐν</word>
    </Lema>
    <Morph>
     <word seq="15">p</word>
    </Morph>
    <Strong>
     <word seq="15">1722</word>
    </Strong>
    <LMcode>
     <word seq="15">90.6</word>
    </LMcode>
   </column>
   <column>
    <Greek>
     <word seq="16">κυρίῳ,</word>
    </Greek>
    <Lema>
     <word seq="16">κύριος</word>
    </Lema>
    <Morph>
     <word seq="16">ndms</word>
    </Morph>
    <Strong>
     <word seq="16">2962</word>
    </Strong>
    <LMcode>
     <word seq="16">12.9</word>
    </LMcode>
   </column>
  </verse>
  <verse number="13">
   <column>
    <Greek>
     <word seq="1">οὐκ</word>
    </Greek>
    <Lema>
     <word seq="1">οὐ</word>
    </Lema>
    <Morph>
     <word seq="1">c</word>
    </Morph>
    <Strong>
     <word seq="1">3756</word>
    </Strong>
    <LMcode>
     <word seq="1">69.3</word>
    </LMcode>
   </column>
   <column>
    <Greek>
     <word seq="2">ἔσχηκα</word>
    </Greek>
    <Lema>
     <word seq="2">ἔχω</word>
    </Lema>
    <Morph>
     <word seq="2">vixa1s</word>
    </Morph>
    <Strong>
     <word seq="2">2192</word>
    </Strong>
    <LMcode>
     <word seq="2">57.1</word>
    </LMcode>
   </column>
   <column>
    <Greek>
     <word seq="3">ἄνεσιν</word>
    </Greek>
    <Lema>
     <word seq="3">ἄνεσις</word>
    </Lema>
    <Morph>
     <word seq="3">nafs</word>
    </Morph>
    <Strong>
     <word seq="3">425</word>
    </Strong>
    <LMcode>
     <word seq="3">22.36</word>
    </LMcode>
   </column>
   <column>
    <Greek>
     <word seq="4">τῷ</word>
    </Greek>
    <Lema>
     <word seq="4">ὁ</word>
    </Lema>
    <Morph>
     <word seq="4">ddns</word>
    </Morph>
    <Strong>
     <word seq="4">3588</word>
    </Strong>
    <LMcode>
     <word seq="4">92.24</word>
    </LMcode>
   </column>
   <column>
    <Greek>
     <word seq="5">πνεύματί</word>
    </Greek>
    <Lema>
     <word seq="5">πνεῦμα</word>
    </Lema>
    <Morph>
     <word seq="5">ndns</word>
    </Morph>
    <Strong>
     <word seq="5">4151</word>
    </Strong>
    <LMcode>
     <word seq="5">26.9</word>
    </LMcode>
   </column>
   <column>
    <Greek>
     <word seq="6">μου</word>
    </Greek>
    <Lema>
     <word seq="6">ἐγώ</word>
    </Lema>
    <Morph>
     <word seq="6">rp1g_s</word>
    </Morph>
    <Strong>
     <word seq="6">3450</word>
    </Strong>
    <LMcode>
     <word seq="6">92.1</word>
    </LMcode>
   </column>
   <column>
    <Greek>
     <word seq="7">τῷ</word>
    </Greek>
    <Lema>
     <word seq="7">ὁ</word>
    </Lema>
    <Morph>
     <word seq="7">ddns, ddms</word>
    </Morph>
    <Strong>
     <word seq="7">3588</word>
    </Strong>
    <LMcode>
     <word seq="7">92.24</word>
    </LMcode>
   </column>
   <column>
    <Greek>
     <word seq="8">μὴ</word>
    </Greek>
    <Lema>
     <word seq="8">μή</word>
    </Lema>
    <Morph>
     <word seq="8">b</word>
    </Morph>
    <Strong>
     <word seq="8">3361</word>
    </Strong>
    <LMcode>
     <word seq="8">69.3</word>
    </LMcode>
   </column>
   <column>
    <Greek>
     <word seq="9">εὑρεῖν</word>
    </Greek>
    <Lema>
     <word seq="9">εὑρίσκω</word>
    </Lema>
    <Morph>
     <word seq="9">vnaa</word>
    </Morph>
    <Strong>
     <word seq="9">2147</word>
    </Strong>
    <LMcode>
     <word seq="9">27.27</word>
    </LMcode>
   </column>
   <column>
    <Greek>
     <word seq="10">με</word>
    </Greek>
    <Lema>
     <word seq="10">ἐγώ</word>
    </Lema>
    <Morph>
     <word seq="10">rp1a_s</word>
    </Morph>
    <Strong>
     <word seq="10">3165</word>
    </Strong>
    <LMcode>
     <word seq="10">92.1</word>
    </LMcode>
   </column>
   <column>
    <Greek>
     <word seq="11">Τίτον</word>
    </Greek>
    <Lema>
     <word seq="11">Τίτος</word>
    </Lema>
    <Morph>
     <word seq="11">nams</word>
    </Morph>
    <Strong>
     <word seq="11">5103</word>
    </Strong>
    <LMcode>
     <word seq="11">93.364</word>
    </LMcode>
   </column>
   <column>
    <Greek>
     <word seq="12">τὸν</word>
    </Greek>
    <Lema>
     <word seq="12">ὁ</word>
    </Lema>
    <Morph>
     <word seq="12">dams</word>
    </Morph>
    <Strong>
     <word seq="12">3588</word>
    </Strong>
    <LMcode>
     <word seq="12">92.24</word>
    </LMcode>
   </column>
   <column>
    <Greek>
     <word seq="13">ἀδελφόν</word>
    </Greek>
    <Lema>
     <word seq="13">ἀδελφός</word>
    </Lema>
    <Morph>
     <word seq="13">nams</word>
    </Morph>
    <Strong>
     <word seq="13">80</word>
    </Strong>
    <LMcode>
     <word seq="13">11.23</word>
    </LMcode>
   </column>
   <column>
    <Greek>
     <word seq="14">μου,</word>
    </Greek>
    <Lema>
     <word seq="14">ἐγώ</word>
    </Lema>
    <Morph>
     <word seq="14">rp1g_s</word>
    </Morph>
    <Strong>
     <word seq="14">3450</word>
    </Strong>
    <LMcode>
     <word seq="14">92.1</word>
    </LMcode>
   </column>
   <column>
    <Greek>
     <word seq="15">ἀλλὰ</word>
    </Greek>
    <Lema>
     <word seq="15">ἀλλά</word>
    </Lema>
    <Morph>
     <word seq="15">c</word>
    </Morph>
    <Strong>
     <word seq="15">235</word>
    </Strong>
    <LMcode>
     <word seq="15">89.125</word>
    </LMcode>
   </column>
   <column>
    <Greek>
     <word seq="16">ἀποταξάμενος</word>
    </Greek>
    <Lema>
     <word seq="16">ἀποτάσσω</word>
    </Lema>
    <Morph>
     <word seq="16">vpam-nms</word>
    </Morph>
    <Strong>
     <word seq="16">657</word>
    </Strong>
    <LMcode>
     <word seq="16">33.23</word>
    </LMcode>
   </column>
   <column>
    <Greek>
     <word seq="17">αὐτοῖς</word>
    </Greek>
    <Lema>
     <word seq="17">αὐτός</word>
    </Lema>
    <Morph>
     <word seq="17">rp3dmp</word>
    </Morph>
    <Strong>
     <word seq="17">846</word>
    </Strong>
    <LMcode>
     <word seq="17">92.11</word>
    </LMcode>
   </column>
   <column>
    <Greek>
     <word seq="18">ἐξῆλθον</word>
    </Greek>
    <Lema>
     <word seq="18">ἐξέρχομαι</word>
    </Lema>
    <Morph>
     <word seq="18">viaa1s</word>
    </Morph>
    <Strong>
     <word seq="18">1831</word>
    </Strong>
    <LMcode>
     <word seq="18">15.40</word>
    </LMcode>
   </column>
   <column>
    <Greek>
     <word seq="19">εἰς</word>
    </Greek>
    <Lema>
     <word seq="19">εἰς</word>
    </Lema>
    <Morph>
     <word seq="19">p</word>
    </Morph>
    <Strong>
     <word seq="19">1519</word>
    </Strong>
    <LMcode>
     <word seq="19">84.22</word>
    </LMcode>
   </column>
   <column>
    <Greek>
     <word seq="20">Μακεδονίαν.</word>
    </Greek>
    <Lema>
     <word seq="20">Μακεδονία</word>
    </Lema>
    <Morph>
     <word seq="20">nafs</word>
    </Morph>
    <Strong>
     <word seq="20">3109</word>
    </Strong>
    <LMcode>
     <word seq="20">93.527</word>
    </LMcode>
   </column>
  </verse>
  <verse number="14">
   <column>
    <Greek>
     <word seq="1">Τῷ</word>
    </Greek>
    <Lema>
     <word seq="1">ὁ</word>
    </Lema>
    <Morph>
     <word seq="1">ddms</word>
    </Morph>
    <Strong>
     <word seq="1">3588</word>
    </Strong>
    <LMcode>
     <word seq="1">92.24</word>
    </LMcode>
   </column>
   <column>
    <Greek>
     <word seq="2">δὲ</word>
    </Greek>
    <Lema>
     <word seq="2">δέ</word>
    </Lema>
    <Morph>
     <word seq="2">c</word>
    </Morph>
    <Strong>
     <word seq="2">1161</word>
    </Strong>
    <LMcode>
     <word seq="2">89.124</word>
    </LMcode>
   </column>
   <column>
    <Greek>
     <word seq="3">θεῷ</word>
    </Greek>
    <Lema>
     <word seq="3">θεός</word>
    </Lema>
    <Morph>
     <word seq="3">ndms</word>
    </Morph>
    <Strong>
     <word seq="3">2316</word>
    </Strong>
    <LMcode>
     <word seq="3">12.1</word>
    </LMcode>
   </column>
   <column>
    <Greek>
     <word seq="4">χάρις</word>
    </Greek>
    <Lema>
     <word seq="4">χάρις</word>
    </Lema>
    <Morph>
     <word seq="4">nnfs</word>
    </Morph>
    <Strong>
     <word seq="4">5485</word>
    </Strong>
    <LMcode>
     <word seq="4">33.350</word>
    </LMcode>
   </column>
   <column>
    <Greek>
     <word seq="5">τῷ</word>
    </Greek>
    <Lema>
     <word seq="5">ὁ</word>
    </Lema>
    <Morph>
     <word seq="5">ddms</word>
    </Morph>
    <Strong>
     <word seq="5">3588</word>
    </Strong>
    <LMcode>
     <word seq="5">92.24</word>
    </LMcode>
   </column>
   <column>
    <Greek>
     <word seq="6">πάντοτε</word>
    </Greek>
    <Lema>
     <word seq="6">πάντοτε</word>
    </Lema>
    <Morph>
     <word seq="6">b</word>
    </Morph>
    <Strong>
     <word seq="6">3842</word>
    </Strong>
    <LMcode>
     <word seq="6">67.88</word>
    </LMcode>
   </column>
   <column>
    <Greek>
     <word seq="7">θριαμβεύοντι</word>
    </Greek>
    <Lema>
     <word seq="7">θριαμβεύω</word>
    </Lema>
    <Morph>
     <word seq="7">vppa-dms</word>
    </Morph>
    <Strong>
     <word seq="7">2358</word>
    </Strong>
    <LMcode>
     <word seq="7">39.60</word>
    </LMcode>
   </column>
   <column>
    <Greek>
     <word seq="8">ἡμᾶς</word>
    </Greek>
    <Lema>
     <word seq="8">ἐγώ</word>
    </Lema>
    <Morph>
     <word seq="8">rp1a_p</word>
    </Morph>
    <Strong>
     <word seq="8">2248</word>
    </Strong>
    <LMcode>
     <word seq="8">92.1</word>
    </LMcode>
   </column>
   <column>
    <Greek>
     <word seq="9">ἐν</word>
    </Greek>
    <Lema>
     <word seq="9">ἐν</word>
    </Lema>
    <Morph>
     <word seq="9">p</word>
    </Morph>
    <Strong>
     <word seq="9">1722</word>
    </Strong>
    <LMcode>
     <word seq="9">89.119</word>
    </LMcode>
   </column>
   <column>
    <Greek>
     <word seq="10">τῷ</word>
    </Greek>
    <Lema>
     <word seq="10">ὁ</word>
    </Lema>
    <Morph>
     <word seq="10">ddms</word>
    </Morph>
    <Strong>
     <word seq="10">3588</word>
    </Strong>
    <LMcode>
     <word seq="10">92.24</word>
    </LMcode>
   </column>
   <column>
    <Greek>
     <word seq="11">Χριστῷ</word>
    </Greek>
    <Lema>
     <word seq="11">Χριστός</word>
    </Lema>
    <Morph>
     <word seq="11">ndms</word>
    </Morph>
    <Strong>
     <word seq="11">5547</word>
    </Strong>
    <LMcode>
     <word seq="11">93.387</word>
    </LMcode>
   </column>
   <column>
    <Greek>
     <word seq="12">καὶ</word>
    </Greek>
    <Lema>
     <word seq="12">καί</word>
    </Lema>
    <Morph>
     <word seq="12">c</word>
    </Morph>
    <Strong>
     <word seq="12">2532</word>
    </Strong>
    <LMcode>
     <word seq="12">89.92</word>
    </LMcode>
   </column>
   <column>
    <Greek>
     <word seq="13">τὴν</word>
    </Greek>
    <Lema>
     <word seq="13">ὁ</word>
    </Lema>
    <Morph>
     <word seq="13">dafs</word>
    </Morph>
    <Strong>
     <word seq="13">3588</word>
    </Strong>
    <LMcode>
     <word seq="13">92.24</word>
    </LMcode>
   </column>
   <column>
    <Greek>
     <word seq="14">ὀσμὴν</word>
    </Greek>
    <Lema>
     <word seq="14">ὀσμή</word>
    </Lema>
    <Morph>
     <word seq="14">nafs</word>
    </Morph>
    <Strong>
     <word seq="14">3744</word>
    </Strong>
    <LMcode>
     <word seq="14">79.45</word>
    </LMcode>
   </column>
   <column>
    <Greek>
     <word seq="15">τῆς</word>
    </Greek>
    <Lema>
     <word seq="15">ὁ</word>
    </Lema>
    <Morph>
     <word seq="15">dgfs</word>
    </Morph>
    <Strong>
     <word seq="15">3588</word>
    </Strong>
    <LMcode>
     <word seq="15">92.24</word>
    </LMcode>
   </column>
   <column>
    <Greek>
     <word seq="16">γνώσεως</word>
    </Greek>
    <Lema>
     <word seq="16">γνῶσις</word>
    </Lema>
    <Morph>
     <word seq="16">ngfs</word>
    </Morph>
    <Strong>
     <word seq="16">1108</word>
    </Strong>
    <LMcode>
     <word seq="16">28.1</word>
    </LMcode>
   </column>
   <column>
    <Greek>
     <word seq="17">αὐτοῦ</word>
    </Greek>
    <Lema>
     <word seq="17">αὐτός</word>
    </Lema>
    <Morph>
     <word seq="17">rp3gms</word>
    </Morph>
    <Strong>
     <word seq="17">846</word>
    </Strong>
    <LMcode>
     <word seq="17">92.11</word>
    </LMcode>
   </column>
   <column>
    <Greek>
     <word seq="18">φανεροῦντι</word>
    </Greek>
    <Lema>
     <word seq="18">φανερόω</word>
    </Lema>
    <Morph>
     <word seq="18">vppa-dms</word>
    </Morph>
    <Strong>
     <word seq="18">5319</word>
    </Strong>
    <LMcode>
     <word seq="18">28.36</word>
    </LMcode>
   </column>
   <column>
    <Greek>
     <word seq="19">διʼ</word>
    </Greek>
    <Lema>
     <word seq="19">διά</word>
    </Lema>
    <Morph>
     <word seq="19">p</word>
    </Morph>
    <Strong>
     <word seq="19">1223</word>
    </Strong>
    <LMcode>
     <word seq="19">90.4</word>
    </LMcode>
   </column>
   <column>
    <Greek>
     <word seq="20">ἡμῶν</word>
    </Greek>
    <Lema>
     <word seq="20">ἐγώ</word>
    </Lema>
    <Morph>
     <word seq="20">rp1g_p</word>
    </Morph>
    <Strong>
     <word seq="20">2257</word>
    </Strong>
    <LMcode>
     <word seq="20">92.1</word>
    </LMcode>
   </column>
   <column>
    <Greek>
     <word seq="21">ἐν</word>
    </Greek>
    <Lema>
     <word seq="21">ἐν</word>
    </Lema>
    <Morph>
     <word seq="21">p</word>
    </Morph>
    <Strong>
     <word seq="21">1722</word>
    </Strong>
    <LMcode>
     <word seq="21">83.13</word>
    </LMcode>
   </column>
   <column>
    <Greek>
     <word seq="22">παντὶ</word>
    </Greek>
    <Lema>
     <word seq="22">πᾶς</word>
    </Lema>
    <Morph>
     <word seq="22">adms</word>
    </Morph>
    <Strong>
     <word seq="22">3956</word>
    </Strong>
    <LMcode>
     <word seq="22">59.23</word>
    </LMcode>
   </column>
   <column>
    <Greek>
     <word seq="23">τόπῳ·</word>
    </Greek>
    <Lema>
     <word seq="23">τόπος</word>
    </Lema>
    <Morph>
     <word seq="23">ndms</word>
    </Morph>
    <Strong>
     <word seq="23">5117</word>
    </Strong>
    <LMcode>
     <word seq="23">80.1</word>
    </LMcode>
   </column>
  </verse>
  <verse number="15">
   <column>
    <Greek>
     <word seq="1">ὅτι</word>
    </Greek>
    <Lema>
     <word seq="1">ὅτι</word>
    </Lema>
    <Morph>
     <word seq="1">c</word>
    </Morph>
    <Strong>
     <word seq="1">3754</word>
    </Strong>
    <LMcode>
     <word seq="1">89.33</word>
    </LMcode>
   </column>
   <column>
    <Greek>
     <word seq="2">Χριστοῦ</word>
    </Greek>
    <Lema>
     <word seq="2">Χριστός</word>
    </Lema>
    <Morph>
     <word seq="2">ngms</word>
    </Morph>
    <Strong>
     <word seq="2">5547</word>
    </Strong>
    <LMcode>
     <word seq="2">93.387</word>
    </LMcode>
   </column>
   <column>
    <Greek>
     <word seq="3">εὐωδία</word>
    </Greek>
    <Lema>
     <word seq="3">εὐωδία</word>
    </Lema>
    <Morph>
     <word seq="3">nnfs</word>
    </Morph>
    <Strong>
     <word seq="3">2175</word>
    </Strong>
    <LMcode>
     <word seq="3">79.46</word>
    </LMcode>
   </column>
   <column>
    <Greek>
     <word seq="4">ἐσμὲν</word>
    </Greek>
    <Lema>
     <word seq="4">εἰμί</word>
    </Lema>
    <Morph>
     <word seq="4">vipa1p</word>
    </Morph>
    <Strong>
     <word seq="4">2070</word>
    </Strong>
    <LMcode>
     <word seq="4">13.1</word>
    </LMcode>
   </column>
   <column>
    <Greek>
     <word seq="5">τῷ</word>
    </Greek>
    <Lema>
     <word seq="5">ὁ</word>
    </Lema>
    <Morph>
     <word seq="5">ddms</word>
    </Morph>
    <Strong>
     <word seq="5">3588</word>
    </Strong>
    <LMcode>
     <word seq="5">92.24</word>
    </LMcode>
   </column>
   <column>
    <Greek>
     <word seq="6">θεῷ</word>
    </Greek>
    <Lema>
     <word seq="6">θεός</word>
    </Lema>
    <Morph>
     <word seq="6">ndms</word>
    </Morph>
    <Strong>
     <word seq="6">2316</word>
    </Strong>
    <LMcode>
     <word seq="6">12.1</word>
    </LMcode>
   </column>
   <column>
    <Greek>
     <word seq="7">ἐν</word>
    </Greek>
    <Lema>
     <word seq="7">ἐν</word>
    </Lema>
    <Morph>
     <word seq="7">p</word>
    </Morph>
    <Strong>
     <word seq="7">1722</word>
    </Strong>
    <LMcode>
     <word seq="7">83.9</word>
    </LMcode>
   </column>
   <column>
    <Greek>
     <word seq="8">τοῖς</word>
    </Greek>
    <Lema>
     <word seq="8">ὁ</word>
    </Lema>
    <Morph>
     <word seq="8">ddmp</word>
    </Morph>
    <Strong>
     <word seq="8">3588</word>
    </Strong>
    <LMcode>
     <word seq="8">92.24</word>
    </LMcode>
   </column>
   <column>
    <Greek>
     <word seq="9">σῳζομένοις</word>
    </Greek>
    <Lema>
     <word seq="9">σῴζω</word>
    </Lema>
    <Morph>
     <word seq="9">vppp-dmp</word>
    </Morph>
    <Strong>
     <word seq="9">4982</word>
    </Strong>
    <LMcode>
     <word seq="9">21.27</word>
    </LMcode>
   </column>
   <column>
    <Greek>
     <word seq="10">καὶ</word>
    </Greek>
    <Lema>
     <word seq="10">καί</word>
    </Lema>
    <Morph>
     <word seq="10">c</word>
    </Morph>
    <Strong>
     <word seq="10">2532</word>
    </Strong>
    <LMcode>
     <word seq="10">89.92</word>
    </LMcode>
   </column>
   <column>
    <Greek>
     <word seq="11">ἐν</word>
    </Greek>
    <Lema>
     <word seq="11">ἐν</word>
    </Lema>
    <Morph>
     <word seq="11">p</word>
    </Morph>
    <Strong>
     <word seq="11">1722</word>
    </Strong>
    <LMcode>
     <word seq="11">83.9</word>
    </LMcode>
   </column>
   <column>
    <Greek>
     <word seq="12">τοῖς</word>
    </Greek>
    <Lema>
     <word seq="12">ὁ</word>
    </Lema>
    <Morph>
     <word seq="12">ddmp</word>
    </Morph>
    <Strong>
     <word seq="12">3588</word>
    </Strong>
    <LMcode>
     <word seq="12">92.24</word>
    </LMcode>
   </column>
   <column>
    <Greek>
     <word seq="13">ἀπολλυμένοις,</word>
    </Greek>
    <Lema>
     <word seq="13">ἀπόλλυμι</word>
    </Lema>
    <Morph>
     <word seq="13">vppu-dmp</word>
    </Morph>
    <Strong>
     <word seq="13">622</word>
    </Strong>
    <LMcode>
     <word seq="13">20.31</word>
    </LMcode>
   </column>
  </verse>
  <verse number="16">
   <column>
    <Greek>
     <word seq="1">οἷς</word>
    </Greek>
    <Lema>
     <word seq="1">ὅς</word>
    </Lema>
    <Morph>
     <word seq="1">rr-dmp</word>
    </Morph>
    <Strong>
     <word seq="1">3739</word>
    </Strong>
    <LMcode>
     <word seq="1">92.27</word>
    </LMcode>
   </column>
   <column>
    <Greek>
     <word seq="2">μὲν</word>
    </Greek>
    <Lema>
     <word seq="2">μέν</word>
    </Lema>
    <Morph>
     <word seq="2">t</word>
    </Morph>
    <Strong>
     <word seq="2">3303</word>
    </Strong>
    <LMcode>
     <word seq="2">89.136</word>
    </LMcode>
   </column>
   <column>
    <Greek>
     <word seq="3">ὀσμὴ</word>
    </Greek>
    <Lema>
     <word seq="3">ὀσμή</word>
    </Lema>
    <Morph>
     <word seq="3">nnfs</word>
    </Morph>
    <Strong>
     <word seq="3">3744</word>
    </Strong>
    <LMcode>
     <word seq="3">79.45</word>
    </LMcode>
   </column>
   <column>
    <Greek>
     <word seq="4">ἐκ</word>
    </Greek>
    <Lema>
     <word seq="4">ἐκ</word>
    </Lema>
    <Morph>
     <word seq="4">p</word>
    </Morph>
    <Strong>
     <word seq="4">1537</word>
    </Strong>
    <LMcode>
     <word seq="4">78.48</word>
    </LMcode>
   </column>
   <column>
    <Greek>
     <word seq="5">θανάτου</word>
    </Greek>
    <Lema>
     <word seq="5">θάνατος</word>
    </Lema>
    <Morph>
     <word seq="5">ngms</word>
    </Morph>
    <Strong>
     <word seq="5">2288</word>
    </Strong>
    <LMcode>
     <word seq="5">23.99</word>
    </LMcode>
   </column>
   <column>
    <Greek>
     <word seq="6">εἰς</word>
    </Greek>
    <Lema>
     <word seq="6">εἰς</word>
    </Lema>
    <Morph>
     <word seq="6">p</word>
    </Morph>
    <Strong>
     <word seq="6">1519</word>
    </Strong>
    <LMcode>
     <word seq="6">78.48</word>
    </LMcode>
   </column>
   <column>
    <Greek>
     <word seq="7">θάνατον,</word>
    </Greek>
    <Lema>
     <word seq="7">θάνατος</word>
    </Lema>
    <Morph>
     <word seq="7">nams</word>
    </Morph>
    <Strong>
     <word seq="7">2288</word>
    </Strong>
    <LMcode>
     <word seq="7">23.99</word>
    </LMcode>
   </column>
   <column>
    <Greek>
     <word seq="8">οἷς</word>
    </Greek>
    <Lema>
     <word seq="8">ὅς</word>
    </Lema>
    <Morph>
     <word seq="8">rr-dmp</word>
    </Morph>
    <Strong>
     <word seq="8">3739</word>
    </Strong>
    <LMcode>
     <word seq="8">92.27</word>
    </LMcode>
   </column>
   <column>
    <Greek>
     <word seq="9">δὲ</word>
    </Greek>
    <Lema>
     <word seq="9">δέ</word>
    </Lema>
    <Morph>
     <word seq="9">c</word>
    </Morph>
    <Strong>
     <word seq="9">1161</word>
    </Strong>
    <LMcode>
     <word seq="9">89.136</word>
    </LMcode>
   </column>
   <column>
    <Greek>
     <word seq="10">ὀσμὴ</word>
    </Greek>
    <Lema>
     <word seq="10">ὀσμή</word>
    </Lema>
    <Morph>
     <word seq="10">nnfs</word>
    </Morph>
    <Strong>
     <word seq="10">3744</word>
    </Strong>
    <LMcode>
     <word seq="10">79.45</word>
    </LMcode>
   </column>
   <column>
    <Greek>
     <word seq="11">ἐκ</word>
    </Greek>
    <Lema>
     <word seq="11">ἐκ</word>
    </Lema>
    <Morph>
     <word seq="11">p</word>
    </Morph>
    <Strong>
     <word seq="11">1537</word>
    </Strong>
    <LMcode>
     <word seq="11">78.48</word>
    </LMcode>
   </column>
   <column>
    <Greek>
     <word seq="12">ζωῆς</word>
    </Greek>
    <Lema>
     <word seq="12">ζωή</word>
    </Lema>
    <Morph>
     <word seq="12">ngfs</word>
    </Morph>
    <Strong>
     <word seq="12">2222</word>
    </Strong>
    <LMcode>
     <word seq="12">23.88</word>
    </LMcode>
   </column>
   <column>
    <Greek>
     <word seq="13">εἰς</word>
    </Greek>
    <Lema>
     <word seq="13">εἰς</word>
    </Lema>
    <Morph>
     <word seq="13">p</word>
    </Morph>
    <Strong>
     <word seq="13">1519</word>
    </Strong>
    <LMcode>
     <word seq="13">78.48</word>
    </LMcode>
   </column>
   <column>
    <Greek>
     <word seq="14">ζωήν.</word>
    </Greek>
    <Lema>
     <word seq="14">ζωή</word>
    </Lema>
    <Morph>
     <word seq="14">nafs</word>
    </Morph>
    <Strong>
     <word seq="14">2222</word>
    </Strong>
    <LMcode>
     <word seq="14">23.88</word>
    </LMcode>
   </column>
   <column>
    <Greek>
     <word seq="15">καὶ</word>
    </Greek>
    <Lema>
     <word seq="15">καί</word>
    </Lema>
    <Morph>
     <word seq="15">c</word>
    </Morph>
    <Strong>
     <word seq="15">2532</word>
    </Strong>
    <LMcode>
     <word seq="15">89.92</word>
    </LMcode>
   </column>
   <column>
    <Greek>
     <word seq="16">πρὸς</word>
    </Greek>
    <Lema>
     <word seq="16">πρός</word>
    </Lema>
    <Morph>
     <word seq="16">p</word>
    </Morph>
    <Strong>
     <word seq="16">4314</word>
    </Strong>
    <LMcode>
     <word seq="16">89.60</word>
    </LMcode>
   </column>
   <column>
    <Greek>
     <word seq="17">ταῦτα</word>
    </Greek>
    <Lema>
     <word seq="17">οὗτος</word>
    </Lema>
    <Morph>
     <word seq="17">rd-anp</word>
    </Morph>
    <Strong>
     <word seq="17">5023</word>
    </Strong>
    <LMcode>
     <word seq="17">92.29</word>
    </LMcode>
   </column>
   <column>
    <Greek>
     <word seq="18">τίς</word>
    </Greek>
    <Lema>
     <word seq="18">τίς</word>
    </Lema>
    <Morph>
     <word seq="18">ri-nms</word>
    </Morph>
    <Strong>
     <word seq="18">5101</word>
    </Strong>
    <LMcode>
     <word seq="18">92.14</word>
    </LMcode>
   </column>
   <column>
    <Greek>
     <word seq="19">ἱκανός;</word>
    </Greek>
    <Lema>
     <word seq="19">ἱκανός</word>
    </Lema>
    <Morph>
     <word seq="19">anms</word>
    </Morph>
    <Strong>
     <word seq="19">2425</word>
    </Strong>
    <LMcode>
     <word seq="19">75.2</word>
    </LMcode>
   </column>
  </verse>
  <verse number="17">
   <column>
    <Greek>
     <word seq="1">οὐ</word>
    </Greek>
    <Lema>
     <word seq="1">οὐ</word>
    </Lema>
    <Morph>
     <word seq="1">c</word>
    </Morph>
    <Strong>
     <word seq="1">3756</word>
    </Strong>
    <LMcode>
     <word seq="1">69.3</word>
    </LMcode>
   </column>
   <column>
    <Greek>
     <word seq="2">γάρ</word>
    </Greek>
    <Lema>
     <word seq="2">γάρ</word>
    </Lema>
    <Morph>
     <word seq="2">c</word>
    </Morph>
    <Strong>
     <word seq="2">1063</word>
    </Strong>
    <LMcode>
     <word seq="2">89.23</word>
    </LMcode>
   </column>
   <column>
    <Greek>
     <word seq="3">ἐσμεν</word>
    </Greek>
    <Lema>
     <word seq="3">εἰμί</word>
    </Lema>
    <Morph>
     <word seq="3">vipa1p</word>
    </Morph>
    <Strong>
     <word seq="3">2070</word>
    </Strong>
    <LMcode>
     <word seq="3">13.1</word>
    </LMcode>
   </column>
   <column>
    <Greek>
     <word seq="4">ὡς</word>
    </Greek>
    <Lema>
     <word seq="4">ὡς</word>
    </Lema>
    <Morph>
     <word seq="4">c</word>
    </Morph>
    <Strong>
     <word seq="4">5613</word>
    </Strong>
    <LMcode>
     <word seq="4">64.12</word>
    </LMcode>
   </column>
   <column>
    <Greek>
     <word seq="5">οἱ</word>
    </Greek>
    <Lema>
     <word seq="5">ὁ</word>
    </Lema>
    <Morph>
     <word seq="5">dnmp</word>
    </Morph>
    <Strong>
     <word seq="5">3588</word>
    </Strong>
    <LMcode>
     <word seq="5">92.24</word>
    </LMcode>
   </column>
   <column>
    <Greek>
     <word seq="6">πολλοὶ</word>
    </Greek>
    <Lema>
     <word seq="6">πολύς</word>
    </Lema>
    <Morph>
     <word seq="6">anmp</word>
    </Morph>
    <Strong>
     <word seq="6">4183</word>
    </Strong>
    <LMcode>
     <word seq="6">59.1</word>
    </LMcode>
   </column>
   <column>
    <Greek>
     <word seq="7">καπηλεύοντες</word>
    </Greek>
    <Lema>
     <word seq="7">καπηλεύω</word>
    </Lema>
    <Morph>
     <word seq="7">vppa-nmp</word>
    </Morph>
    <Strong>
     <word seq="7">2585</word>
    </Strong>
    <LMcode>
     <word seq="7">57.202</word>
    </LMcode>
   </column>
   <column>
    <Greek>
     <word seq="8">τὸν</word>
    </Greek>
    <Lema>
     <word seq="8">ὁ</word>
    </Lema>
    <Morph>
     <word seq="8">dams</word>
    </Morph>
    <Strong>
     <word seq="8">3588</word>
    </Strong>
    <LMcode>
     <word seq="8">92.24</word>
    </LMcode>
   </column>
   <column>
    <Greek>
     <word seq="9">λόγον</word>
    </Greek>
    <Lema>
     <word seq="9">λόγος</word>
    </Lema>
    <Morph>
     <word seq="9">nams</word>
    </Morph>
    <Strong>
     <word seq="9">3056</word>
    </Strong>
    <LMcode>
     <word seq="9">33.98</word>
    </LMcode>
   </column>
   <column>
    <Greek>
     <word seq="10">τοῦ</word>
    </Greek>
    <Lema>
     <word seq="10">ὁ</word>
    </Lema>
    <Morph>
     <word seq="10">dgms</word>
    </Morph>
    <Strong>
     <word seq="10">3588</word>
    </Strong>
    <LMcode>
     <word seq="10">92.24</word>
    </LMcode>
   </column>
   <column>
    <Greek>
     <word seq="11">θεοῦ,</word>
    </Greek>
    <Lema>
     <word seq="11">θεός</word>
    </Lema>
    <Morph>
     <word seq="11">ngms</word>
    </Morph>
    <Strong>
     <word seq="11">2316</word>
    </Strong>
    <LMcode>
     <word seq="11">12.1</word>
    </LMcode>
   </column>
   <column>
    <Greek>
     <word seq="12">ἀλλʼ</word>
    </Greek>
    <Lema>
     <word seq="12">ἀλλά</word>
    </Lema>
    <Morph>
     <word seq="12">c</word>
    </Morph>
    <Strong>
     <word seq="12">235</word>
    </Strong>
    <LMcode>
     <word seq="12">89.125</word>
    </LMcode>
   </column>
   <column>
    <Greek>
     <word seq="13">ὡς</word>
    </Greek>
    <Lema>
     <word seq="13">ὡς</word>
    </Lema>
    <Morph>
     <word seq="13">c</word>
    </Morph>
    <Strong>
     <word seq="13">5613</word>
    </Strong>
    <LMcode>
     <word seq="13">64.12</word>
    </LMcode>
   </column>
   <column>
    <Greek>
     <word seq="14">ἐξ</word>
    </Greek>
    <Lema>
     <word seq="14">ἐκ</word>
    </Lema>
    <Morph>
     <word seq="14">p</word>
    </Morph>
    <Strong>
     <word seq="14">1537</word>
    </Strong>
    <LMcode>
     <word seq="14">89.25</word>
    </LMcode>
   </column>
   <column>
    <Greek>
     <word seq="15">εἰλικρινείας,</word>
    </Greek>
    <Lema>
     <word seq="15">εἰλικρίνεια</word>
    </Lema>
    <Morph>
     <word seq="15">ngfs</word>
    </Morph>
    <Strong>
     <word seq="15">1505</word>
    </Strong>
    <LMcode>
     <word seq="15">88.42</word>
    </LMcode>
   </column>
   <column>
    <Greek>
     <word seq="16">ἀλλʼ</word>
    </Greek>
    <Lema>
     <word seq="16">ἀλλά</word>
    </Lema>
    <Morph>
     <word seq="16">c</word>
    </Morph>
    <Strong>
     <word seq="16">235</word>
    </Strong>
    <LMcode>
     <word seq="16">89.125</word>
    </LMcode>
   </column>
   <column>
    <Greek>
     <word seq="17">ὡς</word>
    </Greek>
    <Lema>
     <word seq="17">ὡς</word>
    </Lema>
    <Morph>
     <word seq="17">c</word>
    </Morph>
    <Strong>
     <word seq="17">5613</word>
    </Strong>
    <LMcode>
     <word seq="17">64.12</word>
    </LMcode>
   </column>
   <column>
    <Greek>
     <word seq="18">ἐκ</word>
    </Greek>
    <Lema>
     <word seq="18">ἐκ</word>
    </Lema>
    <Morph>
     <word seq="18">p</word>
    </Morph>
    <Strong>
     <word seq="18">1537</word>
    </Strong>
    <LMcode>
     <word seq="18">90.16</word>
    </LMcode>
   </column>
   <column>
    <Greek>
     <word seq="19">θεοῦ</word>
    </Greek>
    <Lema>
     <word seq="19">θεός</word>
    </Lema>
    <Morph>
     <word seq="19">ngms</word>
    </Morph>
    <Strong>
     <word seq="19">2316</word>
    </Strong>
    <LMcode>
     <word seq="19">12.1</word>
    </LMcode>
   </column>
   <column>
    <Greek>
     <word seq="20">κατέναντι</word>
    </Greek>
    <Lema>
     <word seq="20">κατέναντι</word>
    </Lema>
    <Morph>
     <word seq="20">p</word>
    </Morph>
    <Strong>
     <word seq="20">2713</word>
    </Strong>
    <LMcode>
     <word seq="20">83.42</word>
    </LMcode>
   </column>
   <column>
    <Greek>
     <word seq="21">θεοῦ</word>
    </Greek>
    <Lema>
     <word seq="21">θεός</word>
    </Lema>
    <Morph>
     <word seq="21">ngms</word>
    </Morph>
    <Strong>
     <word seq="21">2316</word>
    </Strong>
    <LMcode>
     <word seq="21">12.1</word>
    </LMcode>
   </column>
   <column>
    <Greek>
     <word seq="22">ἐν</word>
    </Greek>
    <Lema>
     <word seq="22">ἐν</word>
    </Lema>
    <Morph>
     <word seq="22">p</word>
    </Morph>
    <Strong>
     <word seq="22">1722</word>
    </Strong>
    <LMcode>
     <word seq="22">89.119</word>
    </LMcode>
   </column>
   <column>
    <Greek>
     <word seq="23">Χριστῷ</word>
    </Greek>
    <Lema>
     <word seq="23">Χριστός</word>
    </Lema>
    <Morph>
     <word seq="23">ndms</word>
    </Morph>
    <Strong>
     <word seq="23">5547</word>
    </Strong>
    <LMcode>
     <word seq="23">93.387</word>
    </LMcode>
   </column>
   <column>
    <Greek>
     <word seq="24">λαλοῦμεν.</word>
    </Greek>
    <Lema>
     <word seq="24">λαλέω</word>
    </Lema>
    <Morph>
     <word seq="24">vipa1p</word>
    </Morph>
    <Strong>
     <word seq="24">2980</word>
    </Strong>
    <LMcode>
     <word seq="24">33.70</word>
    </LMcode>
   </column>
  </verse>
 </chapter>
</book>
