<?xml version="1.0" encoding="UTF-8" standalone="no"?>
<book>
 <chapter book="null" number="1">
  <verse number="1">
   <column>
    <Greek>
     <word seq="1">Ὁ</word>
    </Greek>
    <Lema>
     <word seq="1">ὁ</word>
    </Lema>
    <Morph>
     <word seq="1">dnms</word>
    </Morph>
    <Strong>
     <word seq="1">3588</word>
    </Strong>
    <LMcode>
     <word seq="1">92.24</word>
    </LMcode>
   </column>
   <column>
    <Greek>
     <word seq="2">πρεσβύτερος</word>
    </Greek>
    <Lema>
     <word seq="2">πρεσβύτερος</word>
    </Lema>
    <Morph>
     <word seq="2">anms</word>
    </Morph>
    <Strong>
     <word seq="2">4245</word>
    </Strong>
    <LMcode>
     <word seq="2">53.77</word>
    </LMcode>
   </column>
   <column>
    <Greek>
     <word seq="3">ἐκλεκτῇ</word>
    </Greek>
    <Lema>
     <word seq="3">ἐκλεκτός</word>
    </Lema>
    <Morph>
     <word seq="3">adfs</word>
    </Morph>
    <Strong>
     <word seq="3">1588</word>
    </Strong>
    <LMcode>
     <word seq="3">30.93</word>
    </LMcode>
   </column>
   <column>
    <Greek>
     <word seq="4">κυρίᾳ</word>
    </Greek>
    <Lema>
     <word seq="4">κυρία</word>
    </Lema>
    <Morph>
     <word seq="4">ndfs</word>
    </Morph>
    <Strong>
     <word seq="4">2959</word>
    </Strong>
    <LMcode>
     <word seq="4">87.54</word>
    </LMcode>
   </column>
   <column>
    <Greek>
     <word seq="5">καὶ</word>
    </Greek>
    <Lema>
     <word seq="5">καί</word>
    </Lema>
    <Morph>
     <word seq="5">c</word>
    </Morph>
    <Strong>
     <word seq="5">2532</word>
    </Strong>
    <LMcode>
     <word seq="5">89.92</word>
    </LMcode>
   </column>
   <column>
    <Greek>
     <word seq="6">τοῖς</word>
    </Greek>
    <Lema>
     <word seq="6">ὁ</word>
    </Lema>
    <Morph>
     <word seq="6">ddnp</word>
    </Morph>
    <Strong>
     <word seq="6">3588</word>
    </Strong>
    <LMcode>
     <word seq="6">92.24</word>
    </LMcode>
   </column>
   <column>
    <Greek>
     <word seq="7">τέκνοις</word>
    </Greek>
    <Lema>
     <word seq="7">τέκνον</word>
    </Lema>
    <Morph>
     <word seq="7">ndnp</word>
    </Morph>
    <Strong>
     <word seq="7">5043</word>
    </Strong>
    <LMcode>
     <word seq="7">10.36</word>
    </LMcode>
   </column>
   <column>
    <Greek>
     <word seq="8">αὐτῆς,</word>
    </Greek>
    <Lema>
     <word seq="8">αὐτός</word>
    </Lema>
    <Morph>
     <word seq="8">rp3gfs</word>
    </Morph>
    <Strong>
     <word seq="8">846</word>
    </Strong>
    <LMcode>
     <word seq="8">92.11</word>
    </LMcode>
   </column>
   <column>
    <Greek>
     <word seq="9">οὓς</word>
    </Greek>
    <Lema>
     <word seq="9">ὅς</word>
    </Lema>
    <Morph>
     <word seq="9">rr-amp</word>
    </Morph>
    <Strong>
     <word seq="9">3739</word>
    </Strong>
    <LMcode>
     <word seq="9">92.27</word>
    </LMcode>
   </column>
   <column>
    <Greek>
     <word seq="10">ἐγὼ</word>
    </Greek>
    <Lema>
     <word seq="10">ἐγώ</word>
    </Lema>
    <Morph>
     <word seq="10">rp1n_s</word>
    </Morph>
    <Strong>
     <word seq="10">1473</word>
    </Strong>
    <LMcode>
     <word seq="10">92.1</word>
    </LMcode>
   </column>
   <column>
    <Greek>
     <word seq="11">ἀγαπῶ</word>
    </Greek>
    <Lema>
     <word seq="11">ἀγαπάω</word>
    </Lema>
    <Morph>
     <word seq="11">vipa1s</word>
    </Morph>
    <Strong>
     <word seq="11">25</word>
    </Strong>
    <LMcode>
     <word seq="11">25.43</word>
    </LMcode>
   </column>
   <column>
    <Greek>
     <word seq="12">ἐν</word>
    </Greek>
    <Lema>
     <word seq="12">ἐν</word>
    </Lema>
    <Morph>
     <word seq="12">p</word>
    </Morph>
    <Strong>
     <word seq="12">1722</word>
    </Strong>
    <LMcode>
     <word seq="12">70.4</word>
    </LMcode>
   </column>
   <column>
    <Greek>
     <word seq="13">ἀληθείᾳ,</word>
    </Greek>
    <Lema>
     <word seq="13">ἀλήθεια</word>
    </Lema>
    <Morph>
     <word seq="13">ndfs</word>
    </Morph>
    <Strong>
     <word seq="13">225</word>
    </Strong>
    <LMcode>
     <word seq="13">70.4</word>
    </LMcode>
   </column>
   <column>
    <Greek>
     <word seq="14">καὶ</word>
    </Greek>
    <Lema>
     <word seq="14">καί</word>
    </Lema>
    <Morph>
     <word seq="14">c</word>
    </Morph>
    <Strong>
     <word seq="14">2532</word>
    </Strong>
    <LMcode>
     <word seq="14">89.92</word>
    </LMcode>
   </column>
   <column>
    <Greek>
     <word seq="15">οὐκ</word>
    </Greek>
    <Lema>
     <word seq="15">οὐ</word>
    </Lema>
    <Morph>
     <word seq="15">b</word>
    </Morph>
    <Strong>
     <word seq="15">3756</word>
    </Strong>
    <LMcode>
     <word seq="15">69.3</word>
    </LMcode>
   </column>
   <column>
    <Greek>
     <word seq="16">ἐγὼ</word>
    </Greek>
    <Lema>
     <word seq="16">ἐγώ</word>
    </Lema>
    <Morph>
     <word seq="16">rp1n_s</word>
    </Morph>
    <Strong>
     <word seq="16">1473</word>
    </Strong>
    <LMcode>
     <word seq="16">92.1</word>
    </LMcode>
   </column>
   <column>
    <Greek>
     <word seq="17">μόνος</word>
    </Greek>
    <Lema>
     <word seq="17">μόνος</word>
    </Lema>
    <Morph>
     <word seq="17">anms</word>
    </Morph>
    <Strong>
     <word seq="17">3441</word>
    </Strong>
    <LMcode>
     <word seq="17">58.51</word>
    </LMcode>
   </column>
   <column>
    <Greek>
     <word seq="18">ἀλλὰ</word>
    </Greek>
    <Lema>
     <word seq="18">ἀλλά</word>
    </Lema>
    <Morph>
     <word seq="18">c</word>
    </Morph>
    <Strong>
     <word seq="18">235</word>
    </Strong>
    <LMcode>
     <word seq="18">89.125</word>
    </LMcode>
   </column>
   <column>
    <Greek>
     <word seq="19">καὶ</word>
    </Greek>
    <Lema>
     <word seq="19">καί</word>
    </Lema>
    <Morph>
     <word seq="19">b</word>
    </Morph>
    <Strong>
     <word seq="19">2532</word>
    </Strong>
    <LMcode>
     <word seq="19">89.93</word>
    </LMcode>
   </column>
   <column>
    <Greek>
     <word seq="20">πάντες</word>
    </Greek>
    <Lema>
     <word seq="20">πᾶς</word>
    </Lema>
    <Morph>
     <word seq="20">anmp</word>
    </Morph>
    <Strong>
     <word seq="20">3956</word>
    </Strong>
    <LMcode>
     <word seq="20">59.23</word>
    </LMcode>
   </column>
   <column>
    <Greek>
     <word seq="21">οἱ</word>
    </Greek>
    <Lema>
     <word seq="21">ὁ</word>
    </Lema>
    <Morph>
     <word seq="21">dnmp</word>
    </Morph>
    <Strong>
     <word seq="21">3588</word>
    </Strong>
    <LMcode>
     <word seq="21">92.24</word>
    </LMcode>
   </column>
   <column>
    <Greek>
     <word seq="22">ἐγνωκότες</word>
    </Greek>
    <Lema>
     <word seq="22">γινώσκω</word>
    </Lema>
    <Morph>
     <word seq="22">vpxa-nmp</word>
    </Morph>
    <Strong>
     <word seq="22">1097</word>
    </Strong>
    <LMcode>
     <word seq="22">28.1</word>
    </LMcode>
   </column>
   <column>
    <Greek>
     <word seq="23">τὴν</word>
    </Greek>
    <Lema>
     <word seq="23">ὁ</word>
    </Lema>
    <Morph>
     <word seq="23">dafs</word>
    </Morph>
    <Strong>
     <word seq="23">3588</word>
    </Strong>
    <LMcode>
     <word seq="23">92.24</word>
    </LMcode>
   </column>
   <column>
    <Greek>
     <word seq="24">ἀλήθειαν,</word>
    </Greek>
    <Lema>
     <word seq="24">ἀλήθεια</word>
    </Lema>
    <Morph>
     <word seq="24">nafs</word>
    </Morph>
    <Strong>
     <word seq="24">225</word>
    </Strong>
    <LMcode>
     <word seq="24">72.2</word>
    </LMcode>
   </column>
  </verse>
  <verse number="2">
   <column>
    <Greek>
     <word seq="1">διὰ</word>
    </Greek>
    <Lema>
     <word seq="1">διά</word>
    </Lema>
    <Morph>
     <word seq="1">p</word>
    </Morph>
    <Strong>
     <word seq="1">1223</word>
    </Strong>
    <LMcode>
     <word seq="1">90.44</word>
    </LMcode>
   </column>
   <column>
    <Greek>
     <word seq="2">τὴν</word>
    </Greek>
    <Lema>
     <word seq="2">ὁ</word>
    </Lema>
    <Morph>
     <word seq="2">dafs</word>
    </Morph>
    <Strong>
     <word seq="2">3588</word>
    </Strong>
    <LMcode>
     <word seq="2">92.24</word>
    </LMcode>
   </column>
   <column>
    <Greek>
     <word seq="3">ἀλήθειαν</word>
    </Greek>
    <Lema>
     <word seq="3">ἀλήθεια</word>
    </Lema>
    <Morph>
     <word seq="3">nafs</word>
    </Morph>
    <Strong>
     <word seq="3">225</word>
    </Strong>
    <LMcode>
     <word seq="3">72.2</word>
    </LMcode>
   </column>
   <column>
    <Greek>
     <word seq="4">τὴν</word>
    </Greek>
    <Lema>
     <word seq="4">ὁ</word>
    </Lema>
    <Morph>
     <word seq="4">dafs</word>
    </Morph>
    <Strong>
     <word seq="4">3588</word>
    </Strong>
    <LMcode>
     <word seq="4">92.24</word>
    </LMcode>
   </column>
   <column>
    <Greek>
     <word seq="5">μένουσαν</word>
    </Greek>
    <Lema>
     <word seq="5">μένω</word>
    </Lema>
    <Morph>
     <word seq="5">vppa-afs</word>
    </Morph>
    <Strong>
     <word seq="5">3306</word>
    </Strong>
    <LMcode>
     <word seq="5">85.55</word>
    </LMcode>
   </column>
   <column>
    <Greek>
     <word seq="6">ἐν</word>
    </Greek>
    <Lema>
     <word seq="6">ἐν</word>
    </Lema>
    <Morph>
     <word seq="6">p</word>
    </Morph>
    <Strong>
     <word seq="6">1722</word>
    </Strong>
    <LMcode>
     <word seq="6">83.13</word>
    </LMcode>
   </column>
   <column>
    <Greek>
     <word seq="7">ἡμῖν</word>
    </Greek>
    <Lema>
     <word seq="7">ἐγώ</word>
    </Lema>
    <Morph>
     <word seq="7">rp1d_p</word>
    </Morph>
    <Strong>
     <word seq="7">2254</word>
    </Strong>
    <LMcode>
     <word seq="7">92.1</word>
    </LMcode>
   </column>
   <column>
    <Greek>
     <word seq="8">καὶ</word>
    </Greek>
    <Lema>
     <word seq="8">καί</word>
    </Lema>
    <Morph>
     <word seq="8">c</word>
    </Morph>
    <Strong>
     <word seq="8">2532</word>
    </Strong>
    <LMcode>
     <word seq="8">89.92</word>
    </LMcode>
   </column>
   <column>
    <Greek>
     <word seq="9">μεθʼ</word>
    </Greek>
    <Lema>
     <word seq="9">μετά</word>
    </Lema>
    <Morph>
     <word seq="9">p</word>
    </Morph>
    <Strong>
     <word seq="9">3326</word>
    </Strong>
    <LMcode>
     <word seq="9">89.108</word>
    </LMcode>
   </column>
   <column>
    <Greek>
     <word seq="10">ἡμῶν</word>
    </Greek>
    <Lema>
     <word seq="10">ἐγώ</word>
    </Lema>
    <Morph>
     <word seq="10">rp1g_p</word>
    </Morph>
    <Strong>
     <word seq="10">2257</word>
    </Strong>
    <LMcode>
     <word seq="10">92.1</word>
    </LMcode>
   </column>
   <column>
    <Greek>
     <word seq="11">ἔσται</word>
    </Greek>
    <Lema>
     <word seq="11">εἰμί</word>
    </Lema>
    <Morph>
     <word seq="11">vifm3s</word>
    </Morph>
    <Strong>
     <word seq="11">2071</word>
    </Strong>
    <LMcode>
     <word seq="11">13.1</word>
    </LMcode>
   </column>
   <column>
    <Greek>
     <word seq="12">εἰς</word>
    </Greek>
    <Lema>
     <word seq="12">εἰς</word>
    </Lema>
    <Morph>
     <word seq="12">p</word>
    </Morph>
    <Strong>
     <word seq="12">1519</word>
    </Strong>
    <LMcode>
     <word seq="12">67.95</word>
    </LMcode>
   </column>
   <column>
    <Greek>
     <word seq="13">τὸν</word>
    </Greek>
    <Lema>
     <word seq="13">ὁ</word>
    </Lema>
    <Morph>
     <word seq="13">dams</word>
    </Morph>
    <Strong>
     <word seq="13">3588</word>
    </Strong>
    <LMcode>
     <word seq="13">92.24</word>
    </LMcode>
   </column>
   <column>
    <Greek>
     <word seq="14">αἰῶνα.</word>
    </Greek>
    <Lema>
     <word seq="14">αἰών</word>
    </Lema>
    <Morph>
     <word seq="14">nams</word>
    </Morph>
    <Strong>
     <word seq="14">165</word>
    </Strong>
    <LMcode>
     <word seq="14">67.95</word>
    </LMcode>
   </column>
  </verse>
  <verse number="3">
   <column>
    <Greek>
     <word seq="1">ἔσται</word>
    </Greek>
    <Lema>
     <word seq="1">εἰμί</word>
    </Lema>
    <Morph>
     <word seq="1">vifm3s</word>
    </Morph>
    <Strong>
     <word seq="1">2071</word>
    </Strong>
    <LMcode>
     <word seq="1">85.1</word>
    </LMcode>
   </column>
   <column>
    <Greek>
     <word seq="2">μεθʼ</word>
    </Greek>
    <Lema>
     <word seq="2">μετά</word>
    </Lema>
    <Morph>
     <word seq="2">p</word>
    </Morph>
    <Strong>
     <word seq="2">3326</word>
    </Strong>
    <LMcode>
     <word seq="2">90.60</word>
    </LMcode>
   </column>
   <column>
    <Greek>
     <word seq="3">ἡμῶν</word>
    </Greek>
    <Lema>
     <word seq="3">ἐγώ</word>
    </Lema>
    <Morph>
     <word seq="3">rp1g_p</word>
    </Morph>
    <Strong>
     <word seq="3">2257</word>
    </Strong>
    <LMcode>
     <word seq="3">92.1</word>
    </LMcode>
   </column>
   <column>
    <Greek>
     <word seq="4">χάρις</word>
    </Greek>
    <Lema>
     <word seq="4">χάρις</word>
    </Lema>
    <Morph>
     <word seq="4">nnfs</word>
    </Morph>
    <Strong>
     <word seq="4">5485</word>
    </Strong>
    <LMcode>
     <word seq="4">88.66</word>
    </LMcode>
   </column>
   <column>
    <Greek>
     <word seq="5">ἔλεος</word>
    </Greek>
    <Lema>
     <word seq="5">ἔλεος</word>
    </Lema>
    <Morph>
     <word seq="5">nnns, nnms</word>
    </Morph>
    <Strong>
     <word seq="5">1656</word>
    </Strong>
    <LMcode>
     <word seq="5">88.76</word>
    </LMcode>
   </column>
   <column>
    <Greek>
     <word seq="6">εἰρήνη</word>
    </Greek>
    <Lema>
     <word seq="6">εἰρήνη</word>
    </Lema>
    <Morph>
     <word seq="6">nnfs</word>
    </Morph>
    <Strong>
     <word seq="6">1515</word>
    </Strong>
    <LMcode>
     <word seq="6">22.42</word>
    </LMcode>
   </column>
   <column>
    <Greek>
     <word seq="7">παρὰ</word>
    </Greek>
    <Lema>
     <word seq="7">παρά</word>
    </Lema>
    <Morph>
     <word seq="7">p</word>
    </Morph>
    <Strong>
     <word seq="7">3844</word>
    </Strong>
    <LMcode>
     <word seq="7">90.14</word>
    </LMcode>
   </column>
   <column>
    <Greek>
     <word seq="8">θεοῦ</word>
    </Greek>
    <Lema>
     <word seq="8">θεός</word>
    </Lema>
    <Morph>
     <word seq="8">ngms</word>
    </Morph>
    <Strong>
     <word seq="8">2316</word>
    </Strong>
    <LMcode>
     <word seq="8">12.1</word>
    </LMcode>
   </column>
   <column>
    <Greek>
     <word seq="9">πατρὸς</word>
    </Greek>
    <Lema>
     <word seq="9">πατήρ</word>
    </Lema>
    <Morph>
     <word seq="9">ngms</word>
    </Morph>
    <Strong>
     <word seq="9">3962</word>
    </Strong>
    <LMcode>
     <word seq="9">12.12</word>
    </LMcode>
   </column>
   <column>
    <Greek>
     <word seq="10">καὶ</word>
    </Greek>
    <Lema>
     <word seq="10">καί</word>
    </Lema>
    <Morph>
     <word seq="10">c</word>
    </Morph>
    <Strong>
     <word seq="10">2532</word>
    </Strong>
    <LMcode>
     <word seq="10">89.92</word>
    </LMcode>
   </column>
   <column>
    <Greek>
     <word seq="11">παρὰ</word>
    </Greek>
    <Lema>
     <word seq="11">παρά</word>
    </Lema>
    <Morph>
     <word seq="11">p</word>
    </Morph>
    <Strong>
     <word seq="11">3844</word>
    </Strong>
    <LMcode>
     <word seq="11">90.14</word>
    </LMcode>
   </column>
   <column>
    <Greek>
     <word seq="12">Ἰησοῦ</word>
    </Greek>
    <Lema>
     <word seq="12">Ἰησοῦς</word>
    </Lema>
    <Morph>
     <word seq="12">ngms</word>
    </Morph>
    <Strong>
     <word seq="12">2424</word>
    </Strong>
    <LMcode>
     <word seq="12">93.169</word>
    </LMcode>
   </column>
   <column>
    <Greek>
     <word seq="13">Χριστοῦ</word>
    </Greek>
    <Lema>
     <word seq="13">Χριστός</word>
    </Lema>
    <Morph>
     <word seq="13">ngms</word>
    </Morph>
    <Strong>
     <word seq="13">5547</word>
    </Strong>
    <LMcode>
     <word seq="13">93.387</word>
    </LMcode>
   </column>
   <column>
    <Greek>
     <word seq="14">τοῦ</word>
    </Greek>
    <Lema>
     <word seq="14">ὁ</word>
    </Lema>
    <Morph>
     <word seq="14">dgms</word>
    </Morph>
    <Strong>
     <word seq="14">3588</word>
    </Strong>
    <LMcode>
     <word seq="14">92.24</word>
    </LMcode>
   </column>
   <column>
    <Greek>
     <word seq="15">υἱοῦ</word>
    </Greek>
    <Lema>
     <word seq="15">υἱός</word>
    </Lema>
    <Morph>
     <word seq="15">ngms</word>
    </Morph>
    <Strong>
     <word seq="15">5207</word>
    </Strong>
    <LMcode>
     <word seq="15">12.15</word>
    </LMcode>
   </column>
   <column>
    <Greek>
     <word seq="16">τοῦ</word>
    </Greek>
    <Lema>
     <word seq="16">ὁ</word>
    </Lema>
    <Morph>
     <word seq="16">dgms</word>
    </Morph>
    <Strong>
     <word seq="16">3588</word>
    </Strong>
    <LMcode>
     <word seq="16">92.24</word>
    </LMcode>
   </column>
   <column>
    <Greek>
     <word seq="17">πατρὸς</word>
    </Greek>
    <Lema>
     <word seq="17">πατήρ</word>
    </Lema>
    <Morph>
     <word seq="17">ngms</word>
    </Morph>
    <Strong>
     <word seq="17">3962</word>
    </Strong>
    <LMcode>
     <word seq="17">12.12</word>
    </LMcode>
   </column>
   <column>
    <Greek>
     <word seq="18">ἐν</word>
    </Greek>
    <Lema>
     <word seq="18">ἐν</word>
    </Lema>
    <Morph>
     <word seq="18">p</word>
    </Morph>
    <Strong>
     <word seq="18">1722</word>
    </Strong>
    <LMcode>
     <word seq="18">13.8</word>
    </LMcode>
   </column>
   <column>
    <Greek>
     <word seq="19">ἀληθείᾳ</word>
    </Greek>
    <Lema>
     <word seq="19">ἀλήθεια</word>
    </Lema>
    <Morph>
     <word seq="19">ndfs</word>
    </Morph>
    <Strong>
     <word seq="19">225</word>
    </Strong>
    <LMcode>
     <word seq="19">72.2</word>
    </LMcode>
   </column>
   <column>
    <Greek>
     <word seq="20">καὶ</word>
    </Greek>
    <Lema>
     <word seq="20">καί</word>
    </Lema>
    <Morph>
     <word seq="20">c</word>
    </Morph>
    <Strong>
     <word seq="20">2532</word>
    </Strong>
    <LMcode>
     <word seq="20">89.92</word>
    </LMcode>
   </column>
   <column>
    <Greek>
     <word seq="21">ἀγάπῃ.</word>
    </Greek>
    <Lema>
     <word seq="21">ἀγάπη</word>
    </Lema>
    <Morph>
     <word seq="21">ndfs</word>
    </Morph>
    <Strong>
     <word seq="21">26</word>
    </Strong>
    <LMcode>
     <word seq="21">25.43</word>
    </LMcode>
   </column>
  </verse>
  <verse number="4">
   <column>
    <Greek>
     <word seq="1">Ἐχάρην</word>
    </Greek>
    <Lema>
     <word seq="1">χαίρω</word>
    </Lema>
    <Morph>
     <word seq="1">viap1s</word>
    </Morph>
    <Strong>
     <word seq="1">5463</word>
    </Strong>
    <LMcode>
     <word seq="1">25.125</word>
    </LMcode>
   </column>
   <column>
    <Greek>
     <word seq="2">λίαν</word>
    </Greek>
    <Lema>
     <word seq="2">λίαν</word>
    </Lema>
    <Morph>
     <word seq="2">b</word>
    </Morph>
    <Strong>
     <word seq="2">3029</word>
    </Strong>
    <LMcode>
     <word seq="2">78.1</word>
    </LMcode>
   </column>
   <column>
    <Greek>
     <word seq="3">ὅτι</word>
    </Greek>
    <Lema>
     <word seq="3">ὅτι</word>
    </Lema>
    <Morph>
     <word seq="3">c</word>
    </Morph>
    <Strong>
     <word seq="3">3754</word>
    </Strong>
    <LMcode>
     <word seq="3">90.21</word>
    </LMcode>
   </column>
   <column>
    <Greek>
     <word seq="4">εὕρηκα</word>
    </Greek>
    <Lema>
     <word seq="4">εὑρίσκω</word>
    </Lema>
    <Morph>
     <word seq="4">vixa1s</word>
    </Morph>
    <Strong>
     <word seq="4">2147</word>
    </Strong>
    <LMcode>
     <word seq="4">27.1</word>
    </LMcode>
   </column>
   <column>
    <Greek>
     <word seq="5">ἐκ</word>
    </Greek>
    <Lema>
     <word seq="5">ἐκ</word>
    </Lema>
    <Morph>
     <word seq="5">p</word>
    </Morph>
    <Strong>
     <word seq="5">1537</word>
    </Strong>
    <LMcode>
     <word seq="5">63.20</word>
    </LMcode>
   </column>
   <column>
    <Greek>
     <word seq="6">τῶν</word>
    </Greek>
    <Lema>
     <word seq="6">ὁ</word>
    </Lema>
    <Morph>
     <word seq="6">dgnp</word>
    </Morph>
    <Strong>
     <word seq="6">3588</word>
    </Strong>
    <LMcode>
     <word seq="6">92.24</word>
    </LMcode>
   </column>
   <column>
    <Greek>
     <word seq="7">τέκνων</word>
    </Greek>
    <Lema>
     <word seq="7">τέκνον</word>
    </Lema>
    <Morph>
     <word seq="7">ngnp</word>
    </Morph>
    <Strong>
     <word seq="7">5043</word>
    </Strong>
    <LMcode>
     <word seq="7">9.46</word>
    </LMcode>
   </column>
   <column>
    <Greek>
     <word seq="8">σου</word>
    </Greek>
    <Lema>
     <word seq="8">σύ</word>
    </Lema>
    <Morph>
     <word seq="8">rp2g_s</word>
    </Morph>
    <Strong>
     <word seq="8">4675</word>
    </Strong>
    <LMcode>
     <word seq="8">92.6</word>
    </LMcode>
   </column>
   <column>
    <Greek>
     <word seq="9">περιπατοῦντας</word>
    </Greek>
    <Lema>
     <word seq="9">περιπατέω</word>
    </Lema>
    <Morph>
     <word seq="9">vppa-amp</word>
    </Morph>
    <Strong>
     <word seq="9">4043</word>
    </Strong>
    <LMcode>
     <word seq="9">41.11</word>
    </LMcode>
   </column>
   <column>
    <Greek>
     <word seq="10">ἐν</word>
    </Greek>
    <Lema>
     <word seq="10">ἐν</word>
    </Lema>
    <Morph>
     <word seq="10">p</word>
    </Morph>
    <Strong>
     <word seq="10">1722</word>
    </Strong>
    <LMcode>
     <word seq="10">83.13</word>
    </LMcode>
   </column>
   <column>
    <Greek>
     <word seq="11">ἀληθείᾳ,</word>
    </Greek>
    <Lema>
     <word seq="11">ἀλήθεια</word>
    </Lema>
    <Morph>
     <word seq="11">ndfs</word>
    </Morph>
    <Strong>
     <word seq="11">225</word>
    </Strong>
    <LMcode>
     <word seq="11">72.2</word>
    </LMcode>
   </column>
   <column>
    <Greek>
     <word seq="12">καθὼς</word>
    </Greek>
    <Lema>
     <word seq="12">καθώς</word>
    </Lema>
    <Morph>
     <word seq="12">c</word>
    </Morph>
    <Strong>
     <word seq="12">2531</word>
    </Strong>
    <LMcode>
     <word seq="12">64.14</word>
    </LMcode>
   </column>
   <column>
    <Greek>
     <word seq="13">ἐντολὴν</word>
    </Greek>
    <Lema>
     <word seq="13">ἐντολή</word>
    </Lema>
    <Morph>
     <word seq="13">nafs</word>
    </Morph>
    <Strong>
     <word seq="13">1785</word>
    </Strong>
    <LMcode>
     <word seq="13">33.330</word>
    </LMcode>
   </column>
   <column>
    <Greek>
     <word seq="14">ἐλάβομεν</word>
    </Greek>
    <Lema>
     <word seq="14">λαμβάνω</word>
    </Lema>
    <Morph>
     <word seq="14">viaa1p</word>
    </Morph>
    <Strong>
     <word seq="14">2983</word>
    </Strong>
    <LMcode>
     <word seq="14">57.125</word>
    </LMcode>
   </column>
   <column>
    <Greek>
     <word seq="15">παρὰ</word>
    </Greek>
    <Lema>
     <word seq="15">παρά</word>
    </Lema>
    <Morph>
     <word seq="15">p</word>
    </Morph>
    <Strong>
     <word seq="15">3844</word>
    </Strong>
    <LMcode>
     <word seq="15">90.14</word>
    </LMcode>
   </column>
   <column>
    <Greek>
     <word seq="16">τοῦ</word>
    </Greek>
    <Lema>
     <word seq="16">ὁ</word>
    </Lema>
    <Morph>
     <word seq="16">dgms</word>
    </Morph>
    <Strong>
     <word seq="16">3588</word>
    </Strong>
    <LMcode>
     <word seq="16">92.24</word>
    </LMcode>
   </column>
   <column>
    <Greek>
     <word seq="17">πατρός.</word>
    </Greek>
    <Lema>
     <word seq="17">πατήρ</word>
    </Lema>
    <Morph>
     <word seq="17">ngms</word>
    </Morph>
    <Strong>
     <word seq="17">3962</word>
    </Strong>
    <LMcode>
     <word seq="17">12.12</word>
    </LMcode>
   </column>
  </verse>
  <verse number="5">
   <column>
    <Greek>
     <word seq="1">καὶ</word>
    </Greek>
    <Lema>
     <word seq="1">καί</word>
    </Lema>
    <Morph>
     <word seq="1">c</word>
    </Morph>
    <Strong>
     <word seq="1">2532</word>
    </Strong>
    <LMcode>
     <word seq="1">89.87</word>
    </LMcode>
   </column>
   <column>
    <Greek>
     <word seq="2">νῦν</word>
    </Greek>
    <Lema>
     <word seq="2">νῦν</word>
    </Lema>
    <Morph>
     <word seq="2">b</word>
    </Morph>
    <Strong>
     <word seq="2">3568</word>
    </Strong>
    <LMcode>
     <word seq="2">67.38</word>
    </LMcode>
   </column>
   <column>
    <Greek>
     <word seq="3">ἐρωτῶ</word>
    </Greek>
    <Lema>
     <word seq="3">ἐρωτάω</word>
    </Lema>
    <Morph>
     <word seq="3">vipa1s</word>
    </Morph>
    <Strong>
     <word seq="3">2065</word>
    </Strong>
    <LMcode>
     <word seq="3">33.180</word>
    </LMcode>
   </column>
   <column>
    <Greek>
     <word seq="4">σε,</word>
    </Greek>
    <Lema>
     <word seq="4">σύ</word>
    </Lema>
    <Morph>
     <word seq="4">rp2a_s</word>
    </Morph>
    <Strong>
     <word seq="4">4571</word>
    </Strong>
    <LMcode>
     <word seq="4">92.6</word>
    </LMcode>
   </column>
   <column>
    <Greek>
     <word seq="5">κυρία,</word>
    </Greek>
    <Lema>
     <word seq="5">κυρία</word>
    </Lema>
    <Morph>
     <word seq="5">nvfs</word>
    </Morph>
    <Strong>
     <word seq="5">2959</word>
    </Strong>
    <LMcode>
     <word seq="5">87.54</word>
    </LMcode>
   </column>
   <column>
    <Greek>
     <word seq="6">οὐχ</word>
    </Greek>
    <Lema>
     <word seq="6">οὐ</word>
    </Lema>
    <Morph>
     <word seq="6">b</word>
    </Morph>
    <Strong>
     <word seq="6">3756</word>
    </Strong>
    <LMcode>
     <word seq="6">69.3</word>
    </LMcode>
   </column>
   <column>
    <Greek>
     <word seq="7">ὡς</word>
    </Greek>
    <Lema>
     <word seq="7">ὡς</word>
    </Lema>
    <Morph>
     <word seq="7">c</word>
    </Morph>
    <Strong>
     <word seq="7">5613</word>
    </Strong>
    <LMcode>
     <word seq="7">64.12</word>
    </LMcode>
   </column>
   <column>
    <Greek>
     <word seq="8">ἐντολὴν</word>
    </Greek>
    <Lema>
     <word seq="8">ἐντολή</word>
    </Lema>
    <Morph>
     <word seq="8">nafs</word>
    </Morph>
    <Strong>
     <word seq="8">1785</word>
    </Strong>
    <LMcode>
     <word seq="8">33.330</word>
    </LMcode>
   </column>
   <column>
    <Greek>
     <word seq="9">καινὴν</word>
    </Greek>
    <Lema>
     <word seq="9">καινός</word>
    </Lema>
    <Morph>
     <word seq="9">aafs</word>
    </Morph>
    <Strong>
     <word seq="9">2537</word>
    </Strong>
    <LMcode>
     <word seq="9">28.33</word>
    </LMcode>
   </column>
   <column>
    <Greek>
     <word seq="10">γράφων</word>
    </Greek>
    <Lema>
     <word seq="10">γράφω</word>
    </Lema>
    <Morph>
     <word seq="10">vppa-nms</word>
    </Morph>
    <Strong>
     <word seq="10">1125</word>
    </Strong>
    <LMcode>
     <word seq="10">33.61</word>
    </LMcode>
   </column>
   <column>
    <Greek>
     <word seq="11">σοι</word>
    </Greek>
    <Lema>
     <word seq="11">σύ</word>
    </Lema>
    <Morph>
     <word seq="11">rp2d_s</word>
    </Morph>
    <Strong>
     <word seq="11">4671</word>
    </Strong>
    <LMcode>
     <word seq="11">92.6</word>
    </LMcode>
   </column>
   <column>
    <Greek>
     <word seq="12">ἀλλὰ</word>
    </Greek>
    <Lema>
     <word seq="12">ἀλλά</word>
    </Lema>
    <Morph>
     <word seq="12">c</word>
    </Morph>
    <Strong>
     <word seq="12">235</word>
    </Strong>
    <LMcode>
     <word seq="12">89.125</word>
    </LMcode>
   </column>
   <column>
    <Greek>
     <word seq="13">ἣν</word>
    </Greek>
    <Lema>
     <word seq="13">ὅς</word>
    </Lema>
    <Morph>
     <word seq="13">rr-afs</word>
    </Morph>
    <Strong>
     <word seq="13">3739</word>
    </Strong>
    <LMcode>
     <word seq="13">92.27</word>
    </LMcode>
   </column>
   <column>
    <Greek>
     <word seq="14">εἴχομεν</word>
    </Greek>
    <Lema>
     <word seq="14">ἔχω</word>
    </Lema>
    <Morph>
     <word seq="14">viia1p</word>
    </Morph>
    <Strong>
     <word seq="14">2192</word>
    </Strong>
    <LMcode>
     <word seq="14">57.1</word>
    </LMcode>
   </column>
   <column>
    <Greek>
     <word seq="15">ἀπʼ</word>
    </Greek>
    <Lema>
     <word seq="15">ἀπό</word>
    </Lema>
    <Morph>
     <word seq="15">p</word>
    </Morph>
    <Strong>
     <word seq="15">575</word>
    </Strong>
    <LMcode>
     <word seq="15">67.131</word>
    </LMcode>
   </column>
   <column>
    <Greek>
     <word seq="16">ἀρχῆς,</word>
    </Greek>
    <Lema>
     <word seq="16">ἀρχή</word>
    </Lema>
    <Morph>
     <word seq="16">ngfs</word>
    </Morph>
    <Strong>
     <word seq="16">746</word>
    </Strong>
    <LMcode>
     <word seq="16">67.65</word>
    </LMcode>
   </column>
   <column>
    <Greek>
     <word seq="17">ἵνα</word>
    </Greek>
    <Lema>
     <word seq="17">ἵνα</word>
    </Lema>
    <Morph>
     <word seq="17">c</word>
    </Morph>
    <Strong>
     <word seq="17">2443</word>
    </Strong>
    <LMcode>
     <word seq="17">91.15</word>
    </LMcode>
   </column>
   <column>
    <Greek>
     <word seq="18">ἀγαπῶμεν</word>
    </Greek>
    <Lema>
     <word seq="18">ἀγαπάω</word>
    </Lema>
    <Morph>
     <word seq="18">vspa1p</word>
    </Morph>
    <Strong>
     <word seq="18">25</word>
    </Strong>
    <LMcode>
     <word seq="18">25.43</word>
    </LMcode>
   </column>
   <column>
    <Greek>
     <word seq="19">ἀλλήλους.</word>
    </Greek>
    <Lema>
     <word seq="19">ἀλλήλων</word>
    </Lema>
    <Morph>
     <word seq="19">rc-amp</word>
    </Morph>
    <Strong>
     <word seq="19">240</word>
    </Strong>
    <LMcode>
     <word seq="19">92.26</word>
    </LMcode>
   </column>
  </verse>
  <verse number="6">
   <column>
    <Greek>
     <word seq="1">καὶ</word>
    </Greek>
    <Lema>
     <word seq="1">καί</word>
    </Lema>
    <Morph>
     <word seq="1">c</word>
    </Morph>
    <Strong>
     <word seq="1">2532</word>
    </Strong>
    <LMcode>
     <word seq="1">89.87</word>
    </LMcode>
   </column>
   <column>
    <Greek>
     <word seq="2">αὕτη</word>
    </Greek>
    <Lema>
     <word seq="2">οὗτος</word>
    </Lema>
    <Morph>
     <word seq="2">rd-nfs</word>
    </Morph>
    <Strong>
     <word seq="2">3778</word>
    </Strong>
    <LMcode>
     <word seq="2">92.29</word>
    </LMcode>
   </column>
   <column>
    <Greek>
     <word seq="3">ἐστὶν</word>
    </Greek>
    <Lema>
     <word seq="3">εἰμί</word>
    </Lema>
    <Morph>
     <word seq="3">vipa3s</word>
    </Morph>
    <Strong>
     <word seq="3">2076</word>
    </Strong>
    <LMcode>
     <word seq="3">13.4</word>
    </LMcode>
   </column>
   <column>
    <Greek>
     <word seq="4">ἡ</word>
    </Greek>
    <Lema>
     <word seq="4">ὁ</word>
    </Lema>
    <Morph>
     <word seq="4">dnfs</word>
    </Morph>
    <Strong>
     <word seq="4">3588</word>
    </Strong>
    <LMcode>
     <word seq="4">92.24</word>
    </LMcode>
   </column>
   <column>
    <Greek>
     <word seq="5">ἀγάπη,</word>
    </Greek>
    <Lema>
     <word seq="5">ἀγάπη</word>
    </Lema>
    <Morph>
     <word seq="5">nnfs</word>
    </Morph>
    <Strong>
     <word seq="5">26</word>
    </Strong>
    <LMcode>
     <word seq="5">25.43</word>
    </LMcode>
   </column>
   <column>
    <Greek>
     <word seq="6">ἵνα</word>
    </Greek>
    <Lema>
     <word seq="6">ἵνα</word>
    </Lema>
    <Morph>
     <word seq="6">c</word>
    </Morph>
    <Strong>
     <word seq="6">2443</word>
    </Strong>
    <LMcode>
     <word seq="6">91.15</word>
    </LMcode>
   </column>
   <column>
    <Greek>
     <word seq="7">περιπατῶμεν</word>
    </Greek>
    <Lema>
     <word seq="7">περιπατέω</word>
    </Lema>
    <Morph>
     <word seq="7">vspa1p</word>
    </Morph>
    <Strong>
     <word seq="7">4043</word>
    </Strong>
    <LMcode>
     <word seq="7">41.11</word>
    </LMcode>
   </column>
   <column>
    <Greek>
     <word seq="8">κατὰ</word>
    </Greek>
    <Lema>
     <word seq="8">κατά</word>
    </Lema>
    <Morph>
     <word seq="8">p</word>
    </Morph>
    <Strong>
     <word seq="8">2596</word>
    </Strong>
    <LMcode>
     <word seq="8">89.8</word>
    </LMcode>
   </column>
   <column>
    <Greek>
     <word seq="9">τὰς</word>
    </Greek>
    <Lema>
     <word seq="9">ὁ</word>
    </Lema>
    <Morph>
     <word seq="9">dafp</word>
    </Morph>
    <Strong>
     <word seq="9">3588</word>
    </Strong>
    <LMcode>
     <word seq="9">92.24</word>
    </LMcode>
   </column>
   <column>
    <Greek>
     <word seq="10">ἐντολὰς</word>
    </Greek>
    <Lema>
     <word seq="10">ἐντολή</word>
    </Lema>
    <Morph>
     <word seq="10">nafp</word>
    </Morph>
    <Strong>
     <word seq="10">1785</word>
    </Strong>
    <LMcode>
     <word seq="10">33.330</word>
    </LMcode>
   </column>
   <column>
    <Greek>
     <word seq="11">αὐτοῦ·</word>
    </Greek>
    <Lema>
     <word seq="11">αὐτός</word>
    </Lema>
    <Morph>
     <word seq="11">rp3gms</word>
    </Morph>
    <Strong>
     <word seq="11">846</word>
    </Strong>
    <LMcode>
     <word seq="11">92.11</word>
    </LMcode>
   </column>
   <column>
    <Greek>
     <word seq="12">αὕτη</word>
    </Greek>
    <Lema>
     <word seq="12">οὗτος</word>
    </Lema>
    <Morph>
     <word seq="12">rd-nfs</word>
    </Morph>
    <Strong>
     <word seq="12">3778</word>
    </Strong>
    <LMcode>
     <word seq="12">92.29</word>
    </LMcode>
   </column>
   <column>
    <Greek>
     <word seq="13">ἡ</word>
    </Greek>
    <Lema>
     <word seq="13">ὁ</word>
    </Lema>
    <Morph>
     <word seq="13">dnfs</word>
    </Morph>
    <Strong>
     <word seq="13">3588</word>
    </Strong>
    <LMcode>
     <word seq="13">92.24</word>
    </LMcode>
   </column>
   <column>
    <Greek>
     <word seq="14">ἐντολή</word>
    </Greek>
    <Lema>
     <word seq="14">ἐντολή</word>
    </Lema>
    <Morph>
     <word seq="14">nnfs</word>
    </Morph>
    <Strong>
     <word seq="14">1785</word>
    </Strong>
    <LMcode>
     <word seq="14">33.330</word>
    </LMcode>
   </column>
   <column>
    <Greek>
     <word seq="15">ἐστιν,</word>
    </Greek>
    <Lema>
     <word seq="15">εἰμί</word>
    </Lema>
    <Morph>
     <word seq="15">vipa3s</word>
    </Morph>
    <Strong>
     <word seq="15">2076</word>
    </Strong>
    <LMcode>
     <word seq="15">13.4</word>
    </LMcode>
   </column>
   <column>
    <Greek>
     <word seq="16">καθὼς</word>
    </Greek>
    <Lema>
     <word seq="16">καθώς</word>
    </Lema>
    <Morph>
     <word seq="16">c</word>
    </Morph>
    <Strong>
     <word seq="16">2531</word>
    </Strong>
    <LMcode>
     <word seq="16">64.14</word>
    </LMcode>
   </column>
   <column>
    <Greek>
     <word seq="17">ἠκούσατε</word>
    </Greek>
    <Lema>
     <word seq="17">ἀκούω</word>
    </Lema>
    <Morph>
     <word seq="17">viaa2p</word>
    </Morph>
    <Strong>
     <word seq="17">191</word>
    </Strong>
    <LMcode>
     <word seq="17">24.52</word>
    </LMcode>
   </column>
   <column>
    <Greek>
     <word seq="18">ἀπʼ</word>
    </Greek>
    <Lema>
     <word seq="18">ἀπό</word>
    </Lema>
    <Morph>
     <word seq="18">p</word>
    </Morph>
    <Strong>
     <word seq="18">575</word>
    </Strong>
    <LMcode>
     <word seq="18">67.131</word>
    </LMcode>
   </column>
   <column>
    <Greek>
     <word seq="19">ἀρχῆς,</word>
    </Greek>
    <Lema>
     <word seq="19">ἀρχή</word>
    </Lema>
    <Morph>
     <word seq="19">ngfs</word>
    </Morph>
    <Strong>
     <word seq="19">746</word>
    </Strong>
    <LMcode>
     <word seq="19">67.65</word>
    </LMcode>
   </column>
   <column>
    <Greek>
     <word seq="20">ἵνα</word>
    </Greek>
    <Lema>
     <word seq="20">ἵνα</word>
    </Lema>
    <Morph>
     <word seq="20">c</word>
    </Morph>
    <Strong>
     <word seq="20">2443</word>
    </Strong>
    <LMcode>
     <word seq="20">91.15</word>
    </LMcode>
   </column>
   <column>
    <Greek>
     <word seq="21">ἐν</word>
    </Greek>
    <Lema>
     <word seq="21">ἐν</word>
    </Lema>
    <Morph>
     <word seq="21">p</word>
    </Morph>
    <Strong>
     <word seq="21">1722</word>
    </Strong>
    <LMcode>
     <word seq="21">89.84</word>
    </LMcode>
   </column>
   <column>
    <Greek>
     <word seq="22">αὐτῇ</word>
    </Greek>
    <Lema>
     <word seq="22">αὐτός</word>
    </Lema>
    <Morph>
     <word seq="22">rp3dfs</word>
    </Morph>
    <Strong>
     <word seq="22">846</word>
    </Strong>
    <LMcode>
     <word seq="22">92.11</word>
    </LMcode>
   </column>
   <column>
    <Greek>
     <word seq="23">περιπατῆτε.</word>
    </Greek>
    <Lema>
     <word seq="23">περιπατέω</word>
    </Lema>
    <Morph>
     <word seq="23">vspa2p</word>
    </Morph>
    <Strong>
     <word seq="23">4043</word>
    </Strong>
    <LMcode>
     <word seq="23">41.11</word>
    </LMcode>
   </column>
  </verse>
  <verse number="7">
   <column>
    <Greek>
     <word seq="1">Ὅτι</word>
    </Greek>
    <Lema>
     <word seq="1">ὅτι</word>
    </Lema>
    <Morph>
     <word seq="1">c</word>
    </Morph>
    <Strong>
     <word seq="1">3754</word>
    </Strong>
    <LMcode>
     <word seq="1">89.33</word>
    </LMcode>
   </column>
   <column>
    <Greek>
     <word seq="2">πολλοὶ</word>
    </Greek>
    <Lema>
     <word seq="2">πολύς</word>
    </Lema>
    <Morph>
     <word seq="2">anmp</word>
    </Morph>
    <Strong>
     <word seq="2">4183</word>
    </Strong>
    <LMcode>
     <word seq="2">59.1</word>
    </LMcode>
   </column>
   <column>
    <Greek>
     <word seq="3">πλάνοι</word>
    </Greek>
    <Lema>
     <word seq="3">πλάνος</word>
    </Lema>
    <Morph>
     <word seq="3">anmp</word>
    </Morph>
    <Strong>
     <word seq="3">4108</word>
    </Strong>
    <LMcode>
     <word seq="3">31.9</word>
    </LMcode>
   </column>
   <column>
    <Greek>
     <word seq="4">ἐξῆλθον</word>
    </Greek>
    <Lema>
     <word seq="4">ἐξέρχομαι</word>
    </Lema>
    <Morph>
     <word seq="4">viaa3p</word>
    </Morph>
    <Strong>
     <word seq="4">1831</word>
    </Strong>
    <LMcode>
     <word seq="4">15.40</word>
    </LMcode>
   </column>
   <column>
    <Greek>
     <word seq="5">εἰς</word>
    </Greek>
    <Lema>
     <word seq="5">εἰς</word>
    </Lema>
    <Morph>
     <word seq="5">p</word>
    </Morph>
    <Strong>
     <word seq="5">1519</word>
    </Strong>
    <LMcode>
     <word seq="5">83.9</word>
    </LMcode>
   </column>
   <column>
    <Greek>
     <word seq="6">τὸν</word>
    </Greek>
    <Lema>
     <word seq="6">ὁ</word>
    </Lema>
    <Morph>
     <word seq="6">dams</word>
    </Morph>
    <Strong>
     <word seq="6">3588</word>
    </Strong>
    <LMcode>
     <word seq="6">92.24</word>
    </LMcode>
   </column>
   <column>
    <Greek>
     <word seq="7">κόσμον,</word>
    </Greek>
    <Lema>
     <word seq="7">κόσμος</word>
    </Lema>
    <Morph>
     <word seq="7">nams</word>
    </Morph>
    <Strong>
     <word seq="7">2889</word>
    </Strong>
    <LMcode>
     <word seq="7">9.23</word>
    </LMcode>
   </column>
   <column>
    <Greek>
     <word seq="8">οἱ</word>
    </Greek>
    <Lema>
     <word seq="8">ὁ</word>
    </Lema>
    <Morph>
     <word seq="8">dnmp</word>
    </Morph>
    <Strong>
     <word seq="8">3588</word>
    </Strong>
    <LMcode>
     <word seq="8">92.24</word>
    </LMcode>
   </column>
   <column>
    <Greek>
     <word seq="9">μὴ</word>
    </Greek>
    <Lema>
     <word seq="9">μή</word>
    </Lema>
    <Morph>
     <word seq="9">b</word>
    </Morph>
    <Strong>
     <word seq="9">3361</word>
    </Strong>
    <LMcode>
     <word seq="9">69.3</word>
    </LMcode>
   </column>
   <column>
    <Greek>
     <word seq="10">ὁμολογοῦντες</word>
    </Greek>
    <Lema>
     <word seq="10">ὁμολογέω</word>
    </Lema>
    <Morph>
     <word seq="10">vppa-nmp</word>
    </Morph>
    <Strong>
     <word seq="10">3670</word>
    </Strong>
    <LMcode>
     <word seq="10">33.274</word>
    </LMcode>
   </column>
   <column>
    <Greek>
     <word seq="11">Ἰησοῦν</word>
    </Greek>
    <Lema>
     <word seq="11">Ἰησοῦς</word>
    </Lema>
    <Morph>
     <word seq="11">nams</word>
    </Morph>
    <Strong>
     <word seq="11">2424</word>
    </Strong>
    <LMcode>
     <word seq="11">93.169</word>
    </LMcode>
   </column>
   <column>
    <Greek>
     <word seq="12">Χριστὸν</word>
    </Greek>
    <Lema>
     <word seq="12">Χριστός</word>
    </Lema>
    <Morph>
     <word seq="12">nams</word>
    </Morph>
    <Strong>
     <word seq="12">5547</word>
    </Strong>
    <LMcode>
     <word seq="12">93.387</word>
    </LMcode>
   </column>
   <column>
    <Greek>
     <word seq="13">ἐρχόμενον</word>
    </Greek>
    <Lema>
     <word seq="13">ἔρχομαι</word>
    </Lema>
    <Morph>
     <word seq="13">vppu-ams</word>
    </Morph>
    <Strong>
     <word seq="13">2064</word>
    </Strong>
    <LMcode>
     <word seq="13">15.81</word>
    </LMcode>
   </column>
   <column>
    <Greek>
     <word seq="14">ἐν</word>
    </Greek>
    <Lema>
     <word seq="14">ἐν</word>
    </Lema>
    <Morph>
     <word seq="14">p</word>
    </Morph>
    <Strong>
     <word seq="14">1722</word>
    </Strong>
    <LMcode>
     <word seq="14">13.8</word>
    </LMcode>
   </column>
   <column>
    <Greek>
     <word seq="15">σαρκί·</word>
    </Greek>
    <Lema>
     <word seq="15">σάρξ</word>
    </Lema>
    <Morph>
     <word seq="15">ndfs</word>
    </Morph>
    <Strong>
     <word seq="15">4561</word>
    </Strong>
    <LMcode>
     <word seq="15">8.4</word>
    </LMcode>
   </column>
   <column>
    <Greek>
     <word seq="16">οὗτός</word>
    </Greek>
    <Lema>
     <word seq="16">οὗτος</word>
    </Lema>
    <Morph>
     <word seq="16">rd-nms</word>
    </Morph>
    <Strong>
     <word seq="16">3778</word>
    </Strong>
    <LMcode>
     <word seq="16">92.29</word>
    </LMcode>
   </column>
   <column>
    <Greek>
     <word seq="17">ἐστιν</word>
    </Greek>
    <Lema>
     <word seq="17">εἰμί</word>
    </Lema>
    <Morph>
     <word seq="17">vipa3s</word>
    </Morph>
    <Strong>
     <word seq="17">2076</word>
    </Strong>
    <LMcode>
     <word seq="17">13.4</word>
    </LMcode>
   </column>
   <column>
    <Greek>
     <word seq="18">ὁ</word>
    </Greek>
    <Lema>
     <word seq="18">ὁ</word>
    </Lema>
    <Morph>
     <word seq="18">dnms</word>
    </Morph>
    <Strong>
     <word seq="18">3588</word>
    </Strong>
    <LMcode>
     <word seq="18">92.24</word>
    </LMcode>
   </column>
   <column>
    <Greek>
     <word seq="19">πλάνος</word>
    </Greek>
    <Lema>
     <word seq="19">πλάνος</word>
    </Lema>
    <Morph>
     <word seq="19">anms</word>
    </Morph>
    <Strong>
     <word seq="19">4108</word>
    </Strong>
    <LMcode>
     <word seq="19">31.9</word>
    </LMcode>
   </column>
   <column>
    <Greek>
     <word seq="20">καὶ</word>
    </Greek>
    <Lema>
     <word seq="20">καί</word>
    </Lema>
    <Morph>
     <word seq="20">c</word>
    </Morph>
    <Strong>
     <word seq="20">2532</word>
    </Strong>
    <LMcode>
     <word seq="20">89.93</word>
    </LMcode>
   </column>
   <column>
    <Greek>
     <word seq="21">ὁ</word>
    </Greek>
    <Lema>
     <word seq="21">ὁ</word>
    </Lema>
    <Morph>
     <word seq="21">dnms</word>
    </Morph>
    <Strong>
     <word seq="21">3588</word>
    </Strong>
    <LMcode>
     <word seq="21">92.24</word>
    </LMcode>
   </column>
   <column>
    <Greek>
     <word seq="22">ἀντίχριστος.</word>
    </Greek>
    <Lema>
     <word seq="22">ἀντίχριστος</word>
    </Lema>
    <Morph>
     <word seq="22">nnms</word>
    </Morph>
    <Strong>
     <word seq="22">500</word>
    </Strong>
    <LMcode>
     <word seq="22">53.83</word>
    </LMcode>
   </column>
  </verse>
  <verse number="8">
   <column>
    <Greek>
     <word seq="1">βλέπετε</word>
    </Greek>
    <Lema>
     <word seq="1">βλέπω</word>
    </Lema>
    <Morph>
     <word seq="1">vmpa2p</word>
    </Morph>
    <Strong>
     <word seq="1">991</word>
    </Strong>
    <LMcode>
     <word seq="1">27.58</word>
    </LMcode>
   </column>
   <column>
    <Greek>
     <word seq="2">ἑαυτούς,</word>
    </Greek>
    <Lema>
     <word seq="2">ἑαυτοῦ</word>
    </Lema>
    <Morph>
     <word seq="2">rx3amp</word>
    </Morph>
    <Strong>
     <word seq="2">1438</word>
    </Strong>
    <LMcode>
     <word seq="2">92.25</word>
    </LMcode>
   </column>
   <column>
    <Greek>
     <word seq="3">ἵνα</word>
    </Greek>
    <Lema>
     <word seq="3">ἵνα</word>
    </Lema>
    <Morph>
     <word seq="3">c</word>
    </Morph>
    <Strong>
     <word seq="3">2443</word>
    </Strong>
    <LMcode>
     <word seq="3">89.59</word>
    </LMcode>
   </column>
   <column>
    <Greek>
     <word seq="4">μὴ</word>
    </Greek>
    <Lema>
     <word seq="4">μή</word>
    </Lema>
    <Morph>
     <word seq="4">b</word>
    </Morph>
    <Strong>
     <word seq="4">3361</word>
    </Strong>
    <LMcode>
     <word seq="4">69.3</word>
    </LMcode>
   </column>
   <column>
    <Greek>
     <word seq="5">ἀπολέσητε</word>
    </Greek>
    <Lema>
     <word seq="5">ἀπόλλυμι</word>
    </Lema>
    <Morph>
     <word seq="5">vsaa2p</word>
    </Morph>
    <Strong>
     <word seq="5">622</word>
    </Strong>
    <LMcode>
     <word seq="5">57.68</word>
    </LMcode>
   </column>
   <column>
    <Greek>
     <word seq="6">ἃ</word>
    </Greek>
    <Lema>
     <word seq="6">ὅς</word>
    </Lema>
    <Morph>
     <word seq="6">rr-anp</word>
    </Morph>
    <Strong>
     <word seq="6">3739</word>
    </Strong>
    <LMcode>
     <word seq="6">92.27</word>
    </LMcode>
   </column>
   <column>
    <Greek>
     <word seq="7">εἰργασάμεθα</word>
    </Greek>
    <Lema>
     <word seq="7">ἐργάζομαι</word>
    </Lema>
    <Morph>
     <word seq="7">viam1p</word>
    </Morph>
    <Strong>
     <word seq="7">2038</word>
    </Strong>
    <LMcode>
     <word seq="7">90.47</word>
    </LMcode>
   </column>
   <column>
    <Greek>
     <word seq="8">ἀλλὰ</word>
    </Greek>
    <Lema>
     <word seq="8">ἀλλά</word>
    </Lema>
    <Morph>
     <word seq="8">c</word>
    </Morph>
    <Strong>
     <word seq="8">235</word>
    </Strong>
    <LMcode>
     <word seq="8">89.125</word>
    </LMcode>
   </column>
   <column>
    <Greek>
     <word seq="9">μισθὸν</word>
    </Greek>
    <Lema>
     <word seq="9">μισθός</word>
    </Lema>
    <Morph>
     <word seq="9">nams</word>
    </Morph>
    <Strong>
     <word seq="9">3408</word>
    </Strong>
    <LMcode>
     <word seq="9">38.14</word>
    </LMcode>
   </column>
   <column>
    <Greek>
     <word seq="10">πλήρη</word>
    </Greek>
    <Lema>
     <word seq="10">πλήρης</word>
    </Lema>
    <Morph>
     <word seq="10">aams</word>
    </Morph>
    <Strong>
     <word seq="10">4134</word>
    </Strong>
    <LMcode>
     <word seq="10">59.31</word>
    </LMcode>
   </column>
   <column>
    <Greek>
     <word seq="11">ἀπολάβητε.</word>
    </Greek>
    <Lema>
     <word seq="11">ἀπολαμβάνω</word>
    </Lema>
    <Morph>
     <word seq="11">vsaa2p</word>
    </Morph>
    <Strong>
     <word seq="11">618</word>
    </Strong>
    <LMcode>
     <word seq="11">57.136</word>
    </LMcode>
   </column>
  </verse>
  <verse number="9">
   <column>
    <Greek>
     <word seq="1">Πᾶς</word>
    </Greek>
    <Lema>
     <word seq="1">πᾶς</word>
    </Lema>
    <Morph>
     <word seq="1">anms</word>
    </Morph>
    <Strong>
     <word seq="1">3956</word>
    </Strong>
    <LMcode>
     <word seq="1">59.24</word>
    </LMcode>
   </column>
   <column>
    <Greek>
     <word seq="2">ὁ</word>
    </Greek>
    <Lema>
     <word seq="2">ὁ</word>
    </Lema>
    <Morph>
     <word seq="2">dnms</word>
    </Morph>
    <Strong>
     <word seq="2">3588</word>
    </Strong>
    <LMcode>
     <word seq="2">92.24</word>
    </LMcode>
   </column>
   <column>
    <Greek>
     <word seq="3">προάγων</word>
    </Greek>
    <Lema>
     <word seq="3">προάγω</word>
    </Lema>
    <Morph>
     <word seq="3">vppa-nms</word>
    </Morph>
    <Strong>
     <word seq="3">4254</word>
    </Strong>
    <LMcode>
     <word seq="3">36.25</word>
    </LMcode>
   </column>
   <column>
    <Greek>
     <word seq="4">καὶ</word>
    </Greek>
    <Lema>
     <word seq="4">καί</word>
    </Lema>
    <Morph>
     <word seq="4">c</word>
    </Morph>
    <Strong>
     <word seq="4">2532</word>
    </Strong>
    <LMcode>
     <word seq="4">89.92</word>
    </LMcode>
   </column>
   <column>
    <Greek>
     <word seq="5">μὴ</word>
    </Greek>
    <Lema>
     <word seq="5">μή</word>
    </Lema>
    <Morph>
     <word seq="5">b</word>
    </Morph>
    <Strong>
     <word seq="5">3361</word>
    </Strong>
    <LMcode>
     <word seq="5">69.3</word>
    </LMcode>
   </column>
   <column>
    <Greek>
     <word seq="6">μένων</word>
    </Greek>
    <Lema>
     <word seq="6">μένω</word>
    </Lema>
    <Morph>
     <word seq="6">vppa-nms</word>
    </Morph>
    <Strong>
     <word seq="6">3306</word>
    </Strong>
    <LMcode>
     <word seq="6">68.11</word>
    </LMcode>
   </column>
   <column>
    <Greek>
     <word seq="7">ἐν</word>
    </Greek>
    <Lema>
     <word seq="7">ἐν</word>
    </Lema>
    <Morph>
     <word seq="7">p</word>
    </Morph>
    <Strong>
     <word seq="7">1722</word>
    </Strong>
    <LMcode>
     <word seq="7">89.119</word>
    </LMcode>
   </column>
   <column>
    <Greek>
     <word seq="8">τῇ</word>
    </Greek>
    <Lema>
     <word seq="8">ὁ</word>
    </Lema>
    <Morph>
     <word seq="8">ddfs</word>
    </Morph>
    <Strong>
     <word seq="8">3588</word>
    </Strong>
    <LMcode>
     <word seq="8">92.24</word>
    </LMcode>
   </column>
   <column>
    <Greek>
     <word seq="9">διδαχῇ</word>
    </Greek>
    <Lema>
     <word seq="9">διδαχή</word>
    </Lema>
    <Morph>
     <word seq="9">ndfs</word>
    </Morph>
    <Strong>
     <word seq="9">1322</word>
    </Strong>
    <LMcode>
     <word seq="9">33.224</word>
    </LMcode>
   </column>
   <column>
    <Greek>
     <word seq="10">τοῦ</word>
    </Greek>
    <Lema>
     <word seq="10">ὁ</word>
    </Lema>
    <Morph>
     <word seq="10">dgms</word>
    </Morph>
    <Strong>
     <word seq="10">3588</word>
    </Strong>
    <LMcode>
     <word seq="10">92.24</word>
    </LMcode>
   </column>
   <column>
    <Greek>
     <word seq="11">Χριστοῦ</word>
    </Greek>
    <Lema>
     <word seq="11">Χριστός</word>
    </Lema>
    <Morph>
     <word seq="11">ngms</word>
    </Morph>
    <Strong>
     <word seq="11">5547</word>
    </Strong>
    <LMcode>
     <word seq="11">93.387</word>
    </LMcode>
   </column>
   <column>
    <Greek>
     <word seq="12">θεὸν</word>
    </Greek>
    <Lema>
     <word seq="12">θεός</word>
    </Lema>
    <Morph>
     <word seq="12">nams</word>
    </Morph>
    <Strong>
     <word seq="12">2316</word>
    </Strong>
    <LMcode>
     <word seq="12">12.1</word>
    </LMcode>
   </column>
   <column>
    <Greek>
     <word seq="13">οὐκ</word>
    </Greek>
    <Lema>
     <word seq="13">οὐ</word>
    </Lema>
    <Morph>
     <word seq="13">b</word>
    </Morph>
    <Strong>
     <word seq="13">3756</word>
    </Strong>
    <LMcode>
     <word seq="13">69.3</word>
    </LMcode>
   </column>
   <column>
    <Greek>
     <word seq="14">ἔχει·</word>
    </Greek>
    <Lema>
     <word seq="14">ἔχω</word>
    </Lema>
    <Morph>
     <word seq="14">vipa3s</word>
    </Morph>
    <Strong>
     <word seq="14">2192</word>
    </Strong>
    <LMcode>
     <word seq="14">90.65</word>
    </LMcode>
   </column>
   <column>
    <Greek>
     <word seq="15">ὁ</word>
    </Greek>
    <Lema>
     <word seq="15">ὁ</word>
    </Lema>
    <Morph>
     <word seq="15">dnms</word>
    </Morph>
    <Strong>
     <word seq="15">3588</word>
    </Strong>
    <LMcode>
     <word seq="15">92.24</word>
    </LMcode>
   </column>
   <column>
    <Greek>
     <word seq="16">μένων</word>
    </Greek>
    <Lema>
     <word seq="16">μένω</word>
    </Lema>
    <Morph>
     <word seq="16">vppa-nms</word>
    </Morph>
    <Strong>
     <word seq="16">3306</word>
    </Strong>
    <LMcode>
     <word seq="16">68.11</word>
    </LMcode>
   </column>
   <column>
    <Greek>
     <word seq="17">ἐν</word>
    </Greek>
    <Lema>
     <word seq="17">ἐν</word>
    </Lema>
    <Morph>
     <word seq="17">p</word>
    </Morph>
    <Strong>
     <word seq="17">1722</word>
    </Strong>
    <LMcode>
     <word seq="17">89.119</word>
    </LMcode>
   </column>
   <column>
    <Greek>
     <word seq="18">τῇ</word>
    </Greek>
    <Lema>
     <word seq="18">ὁ</word>
    </Lema>
    <Morph>
     <word seq="18">ddfs</word>
    </Morph>
    <Strong>
     <word seq="18">3588</word>
    </Strong>
    <LMcode>
     <word seq="18">92.24</word>
    </LMcode>
   </column>
   <column>
    <Greek>
     <word seq="19">διδαχῇ,</word>
    </Greek>
    <Lema>
     <word seq="19">διδαχή</word>
    </Lema>
    <Morph>
     <word seq="19">ndfs</word>
    </Morph>
    <Strong>
     <word seq="19">1322</word>
    </Strong>
    <LMcode>
     <word seq="19">33.224</word>
    </LMcode>
   </column>
   <column>
    <Greek>
     <word seq="20">οὗτος</word>
    </Greek>
    <Lema>
     <word seq="20">οὗτος</word>
    </Lema>
    <Morph>
     <word seq="20">rd-nms</word>
    </Morph>
    <Strong>
     <word seq="20">3778</word>
    </Strong>
    <LMcode>
     <word seq="20">92.29</word>
    </LMcode>
   </column>
   <column>
    <Greek>
     <word seq="21">καὶ</word>
    </Greek>
    <Lema>
     <word seq="21">καί</word>
    </Lema>
    <Morph>
     <word seq="21">c</word>
    </Morph>
    <Strong>
     <word seq="21">2532</word>
    </Strong>
    <LMcode>
     <word seq="21">89.102</word>
    </LMcode>
   </column>
   <column>
    <Greek>
     <word seq="22">τὸν</word>
    </Greek>
    <Lema>
     <word seq="22">ὁ</word>
    </Lema>
    <Morph>
     <word seq="22">dams</word>
    </Morph>
    <Strong>
     <word seq="22">3588</word>
    </Strong>
    <LMcode>
     <word seq="22">92.24</word>
    </LMcode>
   </column>
   <column>
    <Greek>
     <word seq="23">πατέρα</word>
    </Greek>
    <Lema>
     <word seq="23">πατήρ</word>
    </Lema>
    <Morph>
     <word seq="23">nams</word>
    </Morph>
    <Strong>
     <word seq="23">3962</word>
    </Strong>
    <LMcode>
     <word seq="23">12.12</word>
    </LMcode>
   </column>
   <column>
    <Greek>
     <word seq="24">καὶ</word>
    </Greek>
    <Lema>
     <word seq="24">καί</word>
    </Lema>
    <Morph>
     <word seq="24">c</word>
    </Morph>
    <Strong>
     <word seq="24">2532</word>
    </Strong>
    <LMcode>
     <word seq="24">89.102</word>
    </LMcode>
   </column>
   <column>
    <Greek>
     <word seq="25">τὸν</word>
    </Greek>
    <Lema>
     <word seq="25">ὁ</word>
    </Lema>
    <Morph>
     <word seq="25">dams</word>
    </Morph>
    <Strong>
     <word seq="25">3588</word>
    </Strong>
    <LMcode>
     <word seq="25">92.24</word>
    </LMcode>
   </column>
   <column>
    <Greek>
     <word seq="26">υἱὸν</word>
    </Greek>
    <Lema>
     <word seq="26">υἱός</word>
    </Lema>
    <Morph>
     <word seq="26">nams</word>
    </Morph>
    <Strong>
     <word seq="26">5207</word>
    </Strong>
    <LMcode>
     <word seq="26">12.15</word>
    </LMcode>
   </column>
   <column>
    <Greek>
     <word seq="27">ἔχει.</word>
    </Greek>
    <Lema>
     <word seq="27">ἔχω</word>
    </Lema>
    <Morph>
     <word seq="27">vipa3s</word>
    </Morph>
    <Strong>
     <word seq="27">2192</word>
    </Strong>
    <LMcode>
     <word seq="27">90.65</word>
    </LMcode>
   </column>
  </verse>
  <verse number="10">
   <column>
    <Greek>
     <word seq="1">εἴ</word>
    </Greek>
    <Lema>
     <word seq="1">εἰ</word>
    </Lema>
    <Morph>
     <word seq="1">c</word>
    </Morph>
    <Strong>
     <word seq="1">1487</word>
    </Strong>
    <LMcode>
     <word seq="1">89.65</word>
    </LMcode>
   </column>
   <column>
    <Greek>
     <word seq="2">τις</word>
    </Greek>
    <Lema>
     <word seq="2">τὶς</word>
    </Lema>
    <Morph>
     <word seq="2">rx-nms</word>
    </Morph>
    <Strong>
     <word seq="2">5100</word>
    </Strong>
    <LMcode>
     <word seq="2">92.12</word>
    </LMcode>
   </column>
   <column>
    <Greek>
     <word seq="3">ἔρχεται</word>
    </Greek>
    <Lema>
     <word seq="3">ἔρχομαι</word>
    </Lema>
    <Morph>
     <word seq="3">vipu3s</word>
    </Morph>
    <Strong>
     <word seq="3">2064</word>
    </Strong>
    <LMcode>
     <word seq="3">15.81</word>
    </LMcode>
   </column>
   <column>
    <Greek>
     <word seq="4">πρὸς</word>
    </Greek>
    <Lema>
     <word seq="4">πρός</word>
    </Lema>
    <Morph>
     <word seq="4">p</word>
    </Morph>
    <Strong>
     <word seq="4">4314</word>
    </Strong>
    <LMcode>
     <word seq="4">84.18</word>
    </LMcode>
   </column>
   <column>
    <Greek>
     <word seq="5">ὑμᾶς</word>
    </Greek>
    <Lema>
     <word seq="5">σύ</word>
    </Lema>
    <Morph>
     <word seq="5">rp2a_p</word>
    </Morph>
    <Strong>
     <word seq="5">5209</word>
    </Strong>
    <LMcode>
     <word seq="5">92.7</word>
    </LMcode>
   </column>
   <column>
    <Greek>
     <word seq="6">καὶ</word>
    </Greek>
    <Lema>
     <word seq="6">καί</word>
    </Lema>
    <Morph>
     <word seq="6">c</word>
    </Morph>
    <Strong>
     <word seq="6">2532</word>
    </Strong>
    <LMcode>
     <word seq="6">89.87</word>
    </LMcode>
   </column>
   <column>
    <Greek>
     <word seq="7">ταύτην</word>
    </Greek>
    <Lema>
     <word seq="7">οὗτος</word>
    </Lema>
    <Morph>
     <word seq="7">rd-afs</word>
    </Morph>
    <Strong>
     <word seq="7">5026</word>
    </Strong>
    <LMcode>
     <word seq="7">92.29</word>
    </LMcode>
   </column>
   <column>
    <Greek>
     <word seq="8">τὴν</word>
    </Greek>
    <Lema>
     <word seq="8">ὁ</word>
    </Lema>
    <Morph>
     <word seq="8">dafs</word>
    </Morph>
    <Strong>
     <word seq="8">3588</word>
    </Strong>
    <LMcode>
     <word seq="8">92.24</word>
    </LMcode>
   </column>
   <column>
    <Greek>
     <word seq="9">διδαχὴν</word>
    </Greek>
    <Lema>
     <word seq="9">διδαχή</word>
    </Lema>
    <Morph>
     <word seq="9">nafs</word>
    </Morph>
    <Strong>
     <word seq="9">1322</word>
    </Strong>
    <LMcode>
     <word seq="9">33.224</word>
    </LMcode>
   </column>
   <column>
    <Greek>
     <word seq="10">οὐ</word>
    </Greek>
    <Lema>
     <word seq="10">οὐ</word>
    </Lema>
    <Morph>
     <word seq="10">b</word>
    </Morph>
    <Strong>
     <word seq="10">3756</word>
    </Strong>
    <LMcode>
     <word seq="10">69.3</word>
    </LMcode>
   </column>
   <column>
    <Greek>
     <word seq="11">φέρει,</word>
    </Greek>
    <Lema>
     <word seq="11">φέρω</word>
    </Lema>
    <Morph>
     <word seq="11">vipa3s</word>
    </Morph>
    <Strong>
     <word seq="11">5342</word>
    </Strong>
    <LMcode>
     <word seq="11">13.35</word>
    </LMcode>
   </column>
   <column>
    <Greek>
     <word seq="12">μὴ</word>
    </Greek>
    <Lema>
     <word seq="12">μή</word>
    </Lema>
    <Morph>
     <word seq="12">b</word>
    </Morph>
    <Strong>
     <word seq="12">3361</word>
    </Strong>
    <LMcode>
     <word seq="12">69.3</word>
    </LMcode>
   </column>
   <column>
    <Greek>
     <word seq="13">λαμβάνετε</word>
    </Greek>
    <Lema>
     <word seq="13">λαμβάνω</word>
    </Lema>
    <Morph>
     <word seq="13">vmpa2p</word>
    </Morph>
    <Strong>
     <word seq="13">2983</word>
    </Strong>
    <LMcode>
     <word seq="13">57.125</word>
    </LMcode>
   </column>
   <column>
    <Greek>
     <word seq="14">αὐτὸν</word>
    </Greek>
    <Lema>
     <word seq="14">αὐτός</word>
    </Lema>
    <Morph>
     <word seq="14">rp3ams</word>
    </Morph>
    <Strong>
     <word seq="14">846</word>
    </Strong>
    <LMcode>
     <word seq="14">92.11</word>
    </LMcode>
   </column>
   <column>
    <Greek>
     <word seq="15">εἰς</word>
    </Greek>
    <Lema>
     <word seq="15">εἰς</word>
    </Lema>
    <Morph>
     <word seq="15">p</word>
    </Morph>
    <Strong>
     <word seq="15">1519</word>
    </Strong>
    <LMcode>
     <word seq="15">84.22</word>
    </LMcode>
   </column>
   <column>
    <Greek>
     <word seq="16">οἰκίαν</word>
    </Greek>
    <Lema>
     <word seq="16">οἰκία</word>
    </Lema>
    <Morph>
     <word seq="16">nafs</word>
    </Morph>
    <Strong>
     <word seq="16">3614</word>
    </Strong>
    <LMcode>
     <word seq="16">7.3</word>
    </LMcode>
   </column>
   <column>
    <Greek>
     <word seq="17">καὶ</word>
    </Greek>
    <Lema>
     <word seq="17">καί</word>
    </Lema>
    <Morph>
     <word seq="17">c</word>
    </Morph>
    <Strong>
     <word seq="17">2532</word>
    </Strong>
    <LMcode>
     <word seq="17">89.92</word>
    </LMcode>
   </column>
   <column>
    <Greek>
     <word seq="18">χαίρειν</word>
    </Greek>
    <Lema>
     <word seq="18">χαίρω</word>
    </Lema>
    <Morph>
     <word seq="18">vnpa</word>
    </Morph>
    <Strong>
     <word seq="18">5463</word>
    </Strong>
    <LMcode>
     <word seq="18">33.22</word>
    </LMcode>
   </column>
   <column>
    <Greek>
     <word seq="19">αὐτῷ</word>
    </Greek>
    <Lema>
     <word seq="19">αὐτός</word>
    </Lema>
    <Morph>
     <word seq="19">rp3dms</word>
    </Morph>
    <Strong>
     <word seq="19">846</word>
    </Strong>
    <LMcode>
     <word seq="19">92.11</word>
    </LMcode>
   </column>
   <column>
    <Greek>
     <word seq="20">μὴ</word>
    </Greek>
    <Lema>
     <word seq="20">μή</word>
    </Lema>
    <Morph>
     <word seq="20">b</word>
    </Morph>
    <Strong>
     <word seq="20">3361</word>
    </Strong>
    <LMcode>
     <word seq="20">69.3</word>
    </LMcode>
   </column>
   <column>
    <Greek>
     <word seq="21">λέγετε·</word>
    </Greek>
    <Lema>
     <word seq="21">λέγω</word>
    </Lema>
    <Morph>
     <word seq="21">vmpa2p</word>
    </Morph>
    <Strong>
     <word seq="21">3004</word>
    </Strong>
    <LMcode>
     <word seq="21">33.69</word>
    </LMcode>
   </column>
  </verse>
  <verse number="11">
   <column>
    <Greek>
     <word seq="1">ὁ</word>
    </Greek>
    <Lema>
     <word seq="1">ὁ</word>
    </Lema>
    <Morph>
     <word seq="1">dnms</word>
    </Morph>
    <Strong>
     <word seq="1">3588</word>
    </Strong>
    <LMcode>
     <word seq="1">92.24</word>
    </LMcode>
   </column>
   <column>
    <Greek>
     <word seq="2">λέγων</word>
    </Greek>
    <Lema>
     <word seq="2">λέγω</word>
    </Lema>
    <Morph>
     <word seq="2">vppa-nms</word>
    </Morph>
    <Strong>
     <word seq="2">3004</word>
    </Strong>
    <LMcode>
     <word seq="2">33.69</word>
    </LMcode>
   </column>
   <column>
    <Greek>
     <word seq="3">γὰρ</word>
    </Greek>
    <Lema>
     <word seq="3">γάρ</word>
    </Lema>
    <Morph>
     <word seq="3">c</word>
    </Morph>
    <Strong>
     <word seq="3">1063</word>
    </Strong>
    <LMcode>
     <word seq="3">89.23</word>
    </LMcode>
   </column>
   <column>
    <Greek>
     <word seq="4">αὐτῷ</word>
    </Greek>
    <Lema>
     <word seq="4">αὐτός</word>
    </Lema>
    <Morph>
     <word seq="4">rp3dms</word>
    </Morph>
    <Strong>
     <word seq="4">846</word>
    </Strong>
    <LMcode>
     <word seq="4">92.11</word>
    </LMcode>
   </column>
   <column>
    <Greek>
     <word seq="5">χαίρειν</word>
    </Greek>
    <Lema>
     <word seq="5">χαίρω</word>
    </Lema>
    <Morph>
     <word seq="5">vnpa</word>
    </Morph>
    <Strong>
     <word seq="5">5463</word>
    </Strong>
    <LMcode>
     <word seq="5">33.22</word>
    </LMcode>
   </column>
   <column>
    <Greek>
     <word seq="6">κοινωνεῖ</word>
    </Greek>
    <Lema>
     <word seq="6">κοινωνέω</word>
    </Lema>
    <Morph>
     <word seq="6">vipa3s</word>
    </Morph>
    <Strong>
     <word seq="6">2841</word>
    </Strong>
    <LMcode>
     <word seq="6">42.16</word>
    </LMcode>
   </column>
   <column>
    <Greek>
     <word seq="7">τοῖς</word>
    </Greek>
    <Lema>
     <word seq="7">ὁ</word>
    </Lema>
    <Morph>
     <word seq="7">ddnp</word>
    </Morph>
    <Strong>
     <word seq="7">3588</word>
    </Strong>
    <LMcode>
     <word seq="7">92.24</word>
    </LMcode>
   </column>
   <column>
    <Greek>
     <word seq="8">ἔργοις</word>
    </Greek>
    <Lema>
     <word seq="8">ἔργον</word>
    </Lema>
    <Morph>
     <word seq="8">ndnp</word>
    </Morph>
    <Strong>
     <word seq="8">2041</word>
    </Strong>
    <LMcode>
     <word seq="8">42.42</word>
    </LMcode>
   </column>
   <column>
    <Greek>
     <word seq="9">αὐτοῦ</word>
    </Greek>
    <Lema>
     <word seq="9">αὐτός</word>
    </Lema>
    <Morph>
     <word seq="9">rp3gms</word>
    </Morph>
    <Strong>
     <word seq="9">846</word>
    </Strong>
    <LMcode>
     <word seq="9">92.11</word>
    </LMcode>
   </column>
   <column>
    <Greek>
     <word seq="10">τοῖς</word>
    </Greek>
    <Lema>
     <word seq="10">ὁ</word>
    </Lema>
    <Morph>
     <word seq="10">ddnp</word>
    </Morph>
    <Strong>
     <word seq="10">3588</word>
    </Strong>
    <LMcode>
     <word seq="10">92.24</word>
    </LMcode>
   </column>
   <column>
    <Greek>
     <word seq="11">πονηροῖς.</word>
    </Greek>
    <Lema>
     <word seq="11">πονηρός</word>
    </Lema>
    <Morph>
     <word seq="11">adnp</word>
    </Morph>
    <Strong>
     <word seq="11">4190</word>
    </Strong>
    <LMcode>
     <word seq="11">88.110</word>
    </LMcode>
   </column>
  </verse>
  <verse number="12">
   <column>
    <Greek>
     <word seq="1">Πολλὰ</word>
    </Greek>
    <Lema>
     <word seq="1">πολύς</word>
    </Lema>
    <Morph>
     <word seq="1">aanp</word>
    </Morph>
    <Strong>
     <word seq="1">4183</word>
    </Strong>
    <LMcode>
     <word seq="1">59.1</word>
    </LMcode>
   </column>
   <column>
    <Greek>
     <word seq="2">ἔχων</word>
    </Greek>
    <Lema>
     <word seq="2">ἔχω</word>
    </Lema>
    <Morph>
     <word seq="2">vppa-nms</word>
    </Morph>
    <Strong>
     <word seq="2">2192</word>
    </Strong>
    <LMcode>
     <word seq="2">57.1</word>
    </LMcode>
   </column>
   <column>
    <Greek>
     <word seq="3">ὑμῖν</word>
    </Greek>
    <Lema>
     <word seq="3">σύ</word>
    </Lema>
    <Morph>
     <word seq="3">rp2d_p</word>
    </Morph>
    <Strong>
     <word seq="3">5213</word>
    </Strong>
    <LMcode>
     <word seq="3">92.7</word>
    </LMcode>
   </column>
   <column>
    <Greek>
     <word seq="4">γράφειν</word>
    </Greek>
    <Lema>
     <word seq="4">γράφω</word>
    </Lema>
    <Morph>
     <word seq="4">vnpa</word>
    </Morph>
    <Strong>
     <word seq="4">1125</word>
    </Strong>
    <LMcode>
     <word seq="4">33.61</word>
    </LMcode>
   </column>
   <column>
    <Greek>
     <word seq="5">οὐκ</word>
    </Greek>
    <Lema>
     <word seq="5">οὐ</word>
    </Lema>
    <Morph>
     <word seq="5">b</word>
    </Morph>
    <Strong>
     <word seq="5">3756</word>
    </Strong>
    <LMcode>
     <word seq="5">69.3</word>
    </LMcode>
   </column>
   <column>
    <Greek>
     <word seq="6">ἐβουλήθην</word>
    </Greek>
    <Lema>
     <word seq="6">βούλομαι</word>
    </Lema>
    <Morph>
     <word seq="6">viap1s</word>
    </Morph>
    <Strong>
     <word seq="6">1014</word>
    </Strong>
    <LMcode>
     <word seq="6">25.3</word>
    </LMcode>
   </column>
   <column>
    <Greek>
     <word seq="7">διὰ</word>
    </Greek>
    <Lema>
     <word seq="7">διά</word>
    </Lema>
    <Morph>
     <word seq="7">p</word>
    </Morph>
    <Strong>
     <word seq="7">1223</word>
    </Strong>
    <LMcode>
     <word seq="7">90.8</word>
    </LMcode>
   </column>
   <column>
    <Greek>
     <word seq="8">χάρτου</word>
    </Greek>
    <Lema>
     <word seq="8">χάρτης</word>
    </Lema>
    <Morph>
     <word seq="8">ngms</word>
    </Morph>
    <Strong>
     <word seq="8">5489</word>
    </Strong>
    <LMcode>
     <word seq="8">6.58</word>
    </LMcode>
   </column>
   <column>
    <Greek>
     <word seq="9">καὶ</word>
    </Greek>
    <Lema>
     <word seq="9">καί</word>
    </Lema>
    <Morph>
     <word seq="9">c</word>
    </Morph>
    <Strong>
     <word seq="9">2532</word>
    </Strong>
    <LMcode>
     <word seq="9">89.92</word>
    </LMcode>
   </column>
   <column>
    <Greek>
     <word seq="10">μέλανος,</word>
    </Greek>
    <Lema>
     <word seq="10">μέλας</word>
    </Lema>
    <Morph>
     <word seq="10">agns</word>
    </Morph>
    <Strong>
     <word seq="10">3188</word>
    </Strong>
    <LMcode>
     <word seq="10">79.26</word>
    </LMcode>
   </column>
   <column>
    <Greek>
     <word seq="11">ἀλλὰ</word>
    </Greek>
    <Lema>
     <word seq="11">ἀλλά</word>
    </Lema>
    <Morph>
     <word seq="11">c</word>
    </Morph>
    <Strong>
     <word seq="11">235</word>
    </Strong>
    <LMcode>
     <word seq="11">89.125</word>
    </LMcode>
   </column>
   <column>
    <Greek>
     <word seq="12">ἐλπίζω</word>
    </Greek>
    <Lema>
     <word seq="12">ἐλπίζω</word>
    </Lema>
    <Morph>
     <word seq="12">vipa1s</word>
    </Morph>
    <Strong>
     <word seq="12">1679</word>
    </Strong>
    <LMcode>
     <word seq="12">30.54</word>
    </LMcode>
   </column>
   <column>
    <Greek>
     <word seq="13">γενέσθαι</word>
    </Greek>
    <Lema>
     <word seq="13">γίνομαι</word>
    </Lema>
    <Morph>
     <word seq="13">vnam</word>
    </Morph>
    <Strong>
     <word seq="13">1096</word>
    </Strong>
    <LMcode>
     <word seq="13">15.1</word>
    </LMcode>
   </column>
   <column>
    <Greek>
     <word seq="14">πρὸς</word>
    </Greek>
    <Lema>
     <word seq="14">πρός</word>
    </Lema>
    <Morph>
     <word seq="14">p</word>
    </Morph>
    <Strong>
     <word seq="14">4314</word>
    </Strong>
    <LMcode>
     <word seq="14">84.18</word>
    </LMcode>
   </column>
   <column>
    <Greek>
     <word seq="15">ὑμᾶς</word>
    </Greek>
    <Lema>
     <word seq="15">σύ</word>
    </Lema>
    <Morph>
     <word seq="15">rp2a_p</word>
    </Morph>
    <Strong>
     <word seq="15">5209</word>
    </Strong>
    <LMcode>
     <word seq="15">92.7</word>
    </LMcode>
   </column>
   <column>
    <Greek>
     <word seq="16">καὶ</word>
    </Greek>
    <Lema>
     <word seq="16">καί</word>
    </Lema>
    <Morph>
     <word seq="16">c</word>
    </Morph>
    <Strong>
     <word seq="16">2532</word>
    </Strong>
    <LMcode>
     <word seq="16">89.92</word>
    </LMcode>
   </column>
   <column>
    <Greek>
     <word seq="17">στόμα</word>
    </Greek>
    <Lema>
     <word seq="17">στόμα</word>
    </Lema>
    <Morph>
     <word seq="17">nans</word>
    </Morph>
    <Strong>
     <word seq="17">4750</word>
    </Strong>
    <LMcode>
     <word seq="17">83.39</word>
    </LMcode>
   </column>
   <column>
    <Greek>
     <word seq="18">πρὸς</word>
    </Greek>
    <Lema>
     <word seq="18">πρός</word>
    </Lema>
    <Morph>
     <word seq="18">p</word>
    </Morph>
    <Strong>
     <word seq="18">4314</word>
    </Strong>
    <LMcode>
     <word seq="18">83.39</word>
    </LMcode>
   </column>
   <column>
    <Greek>
     <word seq="19">στόμα</word>
    </Greek>
    <Lema>
     <word seq="19">στόμα</word>
    </Lema>
    <Morph>
     <word seq="19">nans</word>
    </Morph>
    <Strong>
     <word seq="19">4750</word>
    </Strong>
    <LMcode>
     <word seq="19">83.39</word>
    </LMcode>
   </column>
   <column>
    <Greek>
     <word seq="20">λαλῆσαι,</word>
    </Greek>
    <Lema>
     <word seq="20">λαλέω</word>
    </Lema>
    <Morph>
     <word seq="20">vnaa</word>
    </Morph>
    <Strong>
     <word seq="20">2980</word>
    </Strong>
    <LMcode>
     <word seq="20">33.70</word>
    </LMcode>
   </column>
   <column>
    <Greek>
     <word seq="21">ἵνα</word>
    </Greek>
    <Lema>
     <word seq="21">ἵνα</word>
    </Lema>
    <Morph>
     <word seq="21">c</word>
    </Morph>
    <Strong>
     <word seq="21">2443</word>
    </Strong>
    <LMcode>
     <word seq="21">89.59</word>
    </LMcode>
   </column>
   <column>
    <Greek>
     <word seq="22">ἡ</word>
    </Greek>
    <Lema>
     <word seq="22">ὁ</word>
    </Lema>
    <Morph>
     <word seq="22">dnfs</word>
    </Morph>
    <Strong>
     <word seq="22">3588</word>
    </Strong>
    <LMcode>
     <word seq="22">92.24</word>
    </LMcode>
   </column>
   <column>
    <Greek>
     <word seq="23">χαρὰ</word>
    </Greek>
    <Lema>
     <word seq="23">χαρά</word>
    </Lema>
    <Morph>
     <word seq="23">nnfs</word>
    </Morph>
    <Strong>
     <word seq="23">5479</word>
    </Strong>
    <LMcode>
     <word seq="23">25.123</word>
    </LMcode>
   </column>
   <column>
    <Greek>
     <word seq="24">ἡμῶν</word>
    </Greek>
    <Lema>
     <word seq="24">ἐγώ</word>
    </Lema>
    <Morph>
     <word seq="24">rp1g_p</word>
    </Morph>
    <Strong>
     <word seq="24">2257</word>
    </Strong>
    <LMcode>
     <word seq="24">92.1</word>
    </LMcode>
   </column>
   <column>
    <Greek>
     <word seq="25">πεπληρωμένη</word>
    </Greek>
    <Lema>
     <word seq="25">πληρόω</word>
    </Lema>
    <Morph>
     <word seq="25">vpxp-nfs</word>
    </Morph>
    <Strong>
     <word seq="25">4137</word>
    </Strong>
    <LMcode>
     <word seq="25">59.33</word>
    </LMcode>
   </column>
   <column>
    <Greek>
     <word seq="26">ᾖ.</word>
    </Greek>
    <Lema>
     <word seq="26">εἰμί</word>
    </Lema>
    <Morph>
     <word seq="26">vspa3s</word>
    </Morph>
    <Strong>
     <word seq="26">5600</word>
    </Strong>
    <LMcode>
     <word seq="26">13.1</word>
    </LMcode>
   </column>
  </verse>
  <verse number="13">
   <column>
    <Greek>
     <word seq="1">Ἀσπάζεταί</word>
    </Greek>
    <Lema>
     <word seq="1">ἀσπάζομαι</word>
    </Lema>
    <Morph>
     <word seq="1">vipu3s</word>
    </Morph>
    <Strong>
     <word seq="1">782</word>
    </Strong>
    <LMcode>
     <word seq="1">33.20</word>
    </LMcode>
   </column>
   <column>
    <Greek>
     <word seq="2">σε</word>
    </Greek>
    <Lema>
     <word seq="2">σύ</word>
    </Lema>
    <Morph>
     <word seq="2">rp2a_s</word>
    </Morph>
    <Strong>
     <word seq="2">4571</word>
    </Strong>
    <LMcode>
     <word seq="2">92.6</word>
    </LMcode>
   </column>
   <column>
    <Greek>
     <word seq="3">τὰ</word>
    </Greek>
    <Lema>
     <word seq="3">ὁ</word>
    </Lema>
    <Morph>
     <word seq="3">dnnp</word>
    </Morph>
    <Strong>
     <word seq="3">3588</word>
    </Strong>
    <LMcode>
     <word seq="3">92.24</word>
    </LMcode>
   </column>
   <column>
    <Greek>
     <word seq="4">τέκνα</word>
    </Greek>
    <Lema>
     <word seq="4">τέκνον</word>
    </Lema>
    <Morph>
     <word seq="4">nnnp</word>
    </Morph>
    <Strong>
     <word seq="4">5043</word>
    </Strong>
    <LMcode>
     <word seq="4">11.63</word>
    </LMcode>
   </column>
   <column>
    <Greek>
     <word seq="5">τῆς</word>
    </Greek>
    <Lema>
     <word seq="5">ὁ</word>
    </Lema>
    <Morph>
     <word seq="5">dgfs</word>
    </Morph>
    <Strong>
     <word seq="5">3588</word>
    </Strong>
    <LMcode>
     <word seq="5">92.24</word>
    </LMcode>
   </column>
   <column>
    <Greek>
     <word seq="6">ἀδελφῆς</word>
    </Greek>
    <Lema>
     <word seq="6">ἀδελφή</word>
    </Lema>
    <Morph>
     <word seq="6">ngfs</word>
    </Morph>
    <Strong>
     <word seq="6">79</word>
    </Strong>
    <LMcode>
     <word seq="6">11.24</word>
    </LMcode>
   </column>
   <column>
    <Greek>
     <word seq="7">σου</word>
    </Greek>
    <Lema>
     <word seq="7">σύ</word>
    </Lema>
    <Morph>
     <word seq="7">rp2g_s</word>
    </Morph>
    <Strong>
     <word seq="7">4675</word>
    </Strong>
    <LMcode>
     <word seq="7">92.6</word>
    </LMcode>
   </column>
   <column>
    <Greek>
     <word seq="8">τῆς</word>
    </Greek>
    <Lema>
     <word seq="8">ὁ</word>
    </Lema>
    <Morph>
     <word seq="8">dgfs</word>
    </Morph>
    <Strong>
     <word seq="8">3588</word>
    </Strong>
    <LMcode>
     <word seq="8">92.24</word>
    </LMcode>
   </column>
   <column>
    <Greek>
     <word seq="9">ἐκλεκτῆς.</word>
    </Greek>
    <Lema>
     <word seq="9">ἐκλεκτός</word>
    </Lema>
    <Morph>
     <word seq="9">agfs</word>
    </Morph>
    <Strong>
     <word seq="9">1588</word>
    </Strong>
    <LMcode>
     <word seq="9">30.93</word>
    </LMcode>
   </column>
  </verse>
 </chapter>
</book>
