<?xml version="1.0" encoding="UTF-8" standalone="no"?>
<book>
 <chapter book="null" number="1">
  <verse number="1">
   <column>
    <Greek>
     <word seq="1">Ὁ</word>
    </Greek>
    <Lema>
     <word seq="1">ὁ</word>
    </Lema>
    <Morph>
     <word seq="1">dnms</word>
    </Morph>
    <Strong>
     <word seq="1">3588</word>
    </Strong>
    <LMcode>
     <word seq="1">92.24</word>
    </LMcode>
   </column>
   <column>
    <Greek>
     <word seq="2">πρεσβύτερος</word>
    </Greek>
    <Lema>
     <word seq="2">πρεσβύτερος</word>
    </Lema>
    <Morph>
     <word seq="2">anms</word>
    </Morph>
    <Strong>
     <word seq="2">4245</word>
    </Strong>
    <LMcode>
     <word seq="2">53.77</word>
    </LMcode>
   </column>
   <column>
    <Greek>
     <word seq="3">Γαΐῳ</word>
    </Greek>
    <Lema>
     <word seq="3">Γάϊος</word>
    </Lema>
    <Morph>
     <word seq="3">ndms</word>
    </Morph>
    <Strong>
     <word seq="3">1050</word>
    </Strong>
    <LMcode>
     <word seq="3">93.83</word>
    </LMcode>
   </column>
   <column>
    <Greek>
     <word seq="4">τῷ</word>
    </Greek>
    <Lema>
     <word seq="4">ὁ</word>
    </Lema>
    <Morph>
     <word seq="4">ddms</word>
    </Morph>
    <Strong>
     <word seq="4">3588</word>
    </Strong>
    <LMcode>
     <word seq="4">92.24</word>
    </LMcode>
   </column>
   <column>
    <Greek>
     <word seq="5">ἀγαπητῷ,</word>
    </Greek>
    <Lema>
     <word seq="5">ἀγαπητός</word>
    </Lema>
    <Morph>
     <word seq="5">adms</word>
    </Morph>
    <Strong>
     <word seq="5">27</word>
    </Strong>
    <LMcode>
     <word seq="5">25.45</word>
    </LMcode>
   </column>
   <column>
    <Greek>
     <word seq="6">ὃν</word>
    </Greek>
    <Lema>
     <word seq="6">ὅς</word>
    </Lema>
    <Morph>
     <word seq="6">rr-ams</word>
    </Morph>
    <Strong>
     <word seq="6">3739</word>
    </Strong>
    <LMcode>
     <word seq="6">92.27</word>
    </LMcode>
   </column>
   <column>
    <Greek>
     <word seq="7">ἐγὼ</word>
    </Greek>
    <Lema>
     <word seq="7">ἐγώ</word>
    </Lema>
    <Morph>
     <word seq="7">rp1n_s</word>
    </Morph>
    <Strong>
     <word seq="7">1473</word>
    </Strong>
    <LMcode>
     <word seq="7">92.1</word>
    </LMcode>
   </column>
   <column>
    <Greek>
     <word seq="8">ἀγαπῶ</word>
    </Greek>
    <Lema>
     <word seq="8">ἀγαπάω</word>
    </Lema>
    <Morph>
     <word seq="8">vipa1s</word>
    </Morph>
    <Strong>
     <word seq="8">25</word>
    </Strong>
    <LMcode>
     <word seq="8">25.43</word>
    </LMcode>
   </column>
   <column>
    <Greek>
     <word seq="9">ἐν</word>
    </Greek>
    <Lema>
     <word seq="9">ἐν</word>
    </Lema>
    <Morph>
     <word seq="9">p</word>
    </Morph>
    <Strong>
     <word seq="9">1722</word>
    </Strong>
    <LMcode>
     <word seq="9">89.84</word>
    </LMcode>
   </column>
   <column>
    <Greek>
     <word seq="10">ἀληθείᾳ.</word>
    </Greek>
    <Lema>
     <word seq="10">ἀλήθεια</word>
    </Lema>
    <Morph>
     <word seq="10">ndfs</word>
    </Morph>
    <Strong>
     <word seq="10">225</word>
    </Strong>
    <LMcode>
     <word seq="10">72.2</word>
    </LMcode>
   </column>
  </verse>
  <verse number="2">
   <column>
    <Greek>
     <word seq="1">Ἀγαπητέ,</word>
    </Greek>
    <Lema>
     <word seq="1">ἀγαπητός</word>
    </Lema>
    <Morph>
     <word seq="1">avms</word>
    </Morph>
    <Strong>
     <word seq="1">27</word>
    </Strong>
    <LMcode>
     <word seq="1">25.45</word>
    </LMcode>
   </column>
   <column>
    <Greek>
     <word seq="2">περὶ</word>
    </Greek>
    <Lema>
     <word seq="2">περί</word>
    </Lema>
    <Morph>
     <word seq="2">p</word>
    </Morph>
    <Strong>
     <word seq="2">4012</word>
    </Strong>
    <LMcode>
     <word seq="2">90.24</word>
    </LMcode>
   </column>
   <column>
    <Greek>
     <word seq="3">πάντων</word>
    </Greek>
    <Lema>
     <word seq="3">πᾶς</word>
    </Lema>
    <Morph>
     <word seq="3">agnp</word>
    </Morph>
    <Strong>
     <word seq="3">3956</word>
    </Strong>
    <LMcode>
     <word seq="3">59.23</word>
    </LMcode>
   </column>
   <column>
    <Greek>
     <word seq="4">εὔχομαί</word>
    </Greek>
    <Lema>
     <word seq="4">εὔχομαι</word>
    </Lema>
    <Morph>
     <word seq="4">vipu1s</word>
    </Morph>
    <Strong>
     <word seq="4">2172</word>
    </Strong>
    <LMcode>
     <word seq="4">33.178</word>
    </LMcode>
   </column>
   <column>
    <Greek>
     <word seq="5">σε</word>
    </Greek>
    <Lema>
     <word seq="5">σύ</word>
    </Lema>
    <Morph>
     <word seq="5">rp2a_s</word>
    </Morph>
    <Strong>
     <word seq="5">4571</word>
    </Strong>
    <LMcode>
     <word seq="5">92.6</word>
    </LMcode>
   </column>
   <column>
    <Greek>
     <word seq="6">εὐοδοῦσθαι</word>
    </Greek>
    <Lema>
     <word seq="6">εὐοδόω</word>
    </Lema>
    <Morph>
     <word seq="6">vnpp</word>
    </Morph>
    <Strong>
     <word seq="6">2137</word>
    </Strong>
    <LMcode>
     <word seq="6">68.30</word>
    </LMcode>
   </column>
   <column>
    <Greek>
     <word seq="7">καὶ</word>
    </Greek>
    <Lema>
     <word seq="7">καί</word>
    </Lema>
    <Morph>
     <word seq="7">c</word>
    </Morph>
    <Strong>
     <word seq="7">2532</word>
    </Strong>
    <LMcode>
     <word seq="7">89.92</word>
    </LMcode>
   </column>
   <column>
    <Greek>
     <word seq="8">ὑγιαίνειν,</word>
    </Greek>
    <Lema>
     <word seq="8">ὑγιαίνω</word>
    </Lema>
    <Morph>
     <word seq="8">vnpa</word>
    </Morph>
    <Strong>
     <word seq="8">5198</word>
    </Strong>
    <LMcode>
     <word seq="8">23.129</word>
    </LMcode>
   </column>
   <column>
    <Greek>
     <word seq="9">καθὼς</word>
    </Greek>
    <Lema>
     <word seq="9">καθώς</word>
    </Lema>
    <Morph>
     <word seq="9">c</word>
    </Morph>
    <Strong>
     <word seq="9">2531</word>
    </Strong>
    <LMcode>
     <word seq="9">64.14</word>
    </LMcode>
   </column>
   <column>
    <Greek>
     <word seq="10">εὐοδοῦταί</word>
    </Greek>
    <Lema>
     <word seq="10">εὐοδόω</word>
    </Lema>
    <Morph>
     <word seq="10">vipp3s</word>
    </Morph>
    <Strong>
     <word seq="10">2137</word>
    </Strong>
    <LMcode>
     <word seq="10">22.47</word>
    </LMcode>
   </column>
   <column>
    <Greek>
     <word seq="11">σου</word>
    </Greek>
    <Lema>
     <word seq="11">σύ</word>
    </Lema>
    <Morph>
     <word seq="11">rp2g_s</word>
    </Morph>
    <Strong>
     <word seq="11">4675</word>
    </Strong>
    <LMcode>
     <word seq="11">92.6</word>
    </LMcode>
   </column>
   <column>
    <Greek>
     <word seq="12">ἡ</word>
    </Greek>
    <Lema>
     <word seq="12">ὁ</word>
    </Lema>
    <Morph>
     <word seq="12">dnfs</word>
    </Morph>
    <Strong>
     <word seq="12">3588</word>
    </Strong>
    <LMcode>
     <word seq="12">92.24</word>
    </LMcode>
   </column>
   <column>
    <Greek>
     <word seq="13">ψυχή.</word>
    </Greek>
    <Lema>
     <word seq="13">ψυχή</word>
    </Lema>
    <Morph>
     <word seq="13">nnfs</word>
    </Morph>
    <Strong>
     <word seq="13">5590</word>
    </Strong>
    <LMcode>
     <word seq="13">9.20</word>
    </LMcode>
   </column>
  </verse>
  <verse number="3">
   <column>
    <Greek>
     <word seq="1">ἐχάρην</word>
    </Greek>
    <Lema>
     <word seq="1">χαίρω</word>
    </Lema>
    <Morph>
     <word seq="1">viap1s</word>
    </Morph>
    <Strong>
     <word seq="1">5463</word>
    </Strong>
    <LMcode>
     <word seq="1">25.125</word>
    </LMcode>
   </column>
   <column>
    <Greek>
     <word seq="2">γὰρ</word>
    </Greek>
    <Lema>
     <word seq="2">γάρ</word>
    </Lema>
    <Morph>
     <word seq="2">c</word>
    </Morph>
    <Strong>
     <word seq="2">1063</word>
    </Strong>
    <LMcode>
     <word seq="2">89.23</word>
    </LMcode>
   </column>
   <column>
    <Greek>
     <word seq="3">λίαν</word>
    </Greek>
    <Lema>
     <word seq="3">λίαν</word>
    </Lema>
    <Morph>
     <word seq="3">b</word>
    </Morph>
    <Strong>
     <word seq="3">3029</word>
    </Strong>
    <LMcode>
     <word seq="3">78.1</word>
    </LMcode>
   </column>
   <column>
    <Greek>
     <word seq="4">ἐρχομένων</word>
    </Greek>
    <Lema>
     <word seq="4">ἔρχομαι</word>
    </Lema>
    <Morph>
     <word seq="4">vppu-gmp</word>
    </Morph>
    <Strong>
     <word seq="4">2064</word>
    </Strong>
    <LMcode>
     <word seq="4">15.81</word>
    </LMcode>
   </column>
   <column>
    <Greek>
     <word seq="5">ἀδελφῶν</word>
    </Greek>
    <Lema>
     <word seq="5">ἀδελφός</word>
    </Lema>
    <Morph>
     <word seq="5">ngmp</word>
    </Morph>
    <Strong>
     <word seq="5">80</word>
    </Strong>
    <LMcode>
     <word seq="5">11.23</word>
    </LMcode>
   </column>
   <column>
    <Greek>
     <word seq="6">καὶ</word>
    </Greek>
    <Lema>
     <word seq="6">καί</word>
    </Lema>
    <Morph>
     <word seq="6">c</word>
    </Morph>
    <Strong>
     <word seq="6">2532</word>
    </Strong>
    <LMcode>
     <word seq="6">89.92</word>
    </LMcode>
   </column>
   <column>
    <Greek>
     <word seq="7">μαρτυρούντων</word>
    </Greek>
    <Lema>
     <word seq="7">μαρτυρέω</word>
    </Lema>
    <Morph>
     <word seq="7">vppa-gmp</word>
    </Morph>
    <Strong>
     <word seq="7">3140</word>
    </Strong>
    <LMcode>
     <word seq="7">33.263</word>
    </LMcode>
   </column>
   <column>
    <Greek>
     <word seq="8">σου</word>
    </Greek>
    <Lema>
     <word seq="8">σύ</word>
    </Lema>
    <Morph>
     <word seq="8">rp2g_s</word>
    </Morph>
    <Strong>
     <word seq="8">4675</word>
    </Strong>
    <LMcode>
     <word seq="8">92.6</word>
    </LMcode>
   </column>
   <column>
    <Greek>
     <word seq="9">τῇ</word>
    </Greek>
    <Lema>
     <word seq="9">ὁ</word>
    </Lema>
    <Morph>
     <word seq="9">ddfs</word>
    </Morph>
    <Strong>
     <word seq="9">3588</word>
    </Strong>
    <LMcode>
     <word seq="9">92.24</word>
    </LMcode>
   </column>
   <column>
    <Greek>
     <word seq="10">ἀληθείᾳ,</word>
    </Greek>
    <Lema>
     <word seq="10">ἀλήθεια</word>
    </Lema>
    <Morph>
     <word seq="10">ndfs</word>
    </Morph>
    <Strong>
     <word seq="10">225</word>
    </Strong>
    <LMcode>
     <word seq="10">72.2</word>
    </LMcode>
   </column>
   <column>
    <Greek>
     <word seq="11">καθὼς</word>
    </Greek>
    <Lema>
     <word seq="11">καθώς</word>
    </Lema>
    <Morph>
     <word seq="11">c</word>
    </Morph>
    <Strong>
     <word seq="11">2531</word>
    </Strong>
    <LMcode>
     <word seq="11">64.14</word>
    </LMcode>
   </column>
   <column>
    <Greek>
     <word seq="12">σὺ</word>
    </Greek>
    <Lema>
     <word seq="12">σύ</word>
    </Lema>
    <Morph>
     <word seq="12">rp2n_s</word>
    </Morph>
    <Strong>
     <word seq="12">4771</word>
    </Strong>
    <LMcode>
     <word seq="12">92.6</word>
    </LMcode>
   </column>
   <column>
    <Greek>
     <word seq="13">ἐν</word>
    </Greek>
    <Lema>
     <word seq="13">ἐν</word>
    </Lema>
    <Morph>
     <word seq="13">p</word>
    </Morph>
    <Strong>
     <word seq="13">1722</word>
    </Strong>
    <LMcode>
     <word seq="13">83.13</word>
    </LMcode>
   </column>
   <column>
    <Greek>
     <word seq="14">ἀληθείᾳ</word>
    </Greek>
    <Lema>
     <word seq="14">ἀλήθεια</word>
    </Lema>
    <Morph>
     <word seq="14">ndfs</word>
    </Morph>
    <Strong>
     <word seq="14">225</word>
    </Strong>
    <LMcode>
     <word seq="14">72.2</word>
    </LMcode>
   </column>
   <column>
    <Greek>
     <word seq="15">περιπατεῖς.</word>
    </Greek>
    <Lema>
     <word seq="15">περιπατέω</word>
    </Lema>
    <Morph>
     <word seq="15">vipa2s</word>
    </Morph>
    <Strong>
     <word seq="15">4043</word>
    </Strong>
    <LMcode>
     <word seq="15">41.11</word>
    </LMcode>
   </column>
  </verse>
  <verse number="4">
   <column>
    <Greek>
     <word seq="1">μειζοτέραν</word>
    </Greek>
    <Lema>
     <word seq="1">μέγας</word>
    </Lema>
    <Morph>
     <word seq="1">aafsc</word>
    </Morph>
    <Strong>
     <word seq="1">3186</word>
    </Strong>
    <LMcode>
     <word seq="1">78.2</word>
    </LMcode>
   </column>
   <column>
    <Greek>
     <word seq="2">τούτων</word>
    </Greek>
    <Lema>
     <word seq="2">οὗτος</word>
    </Lema>
    <Morph>
     <word seq="2">rd-gmp</word>
    </Morph>
    <Strong>
     <word seq="2">5130</word>
    </Strong>
    <LMcode>
     <word seq="2">92.29</word>
    </LMcode>
   </column>
   <column>
    <Greek>
     <word seq="3">οὐκ</word>
    </Greek>
    <Lema>
     <word seq="3">οὐ</word>
    </Lema>
    <Morph>
     <word seq="3">b</word>
    </Morph>
    <Strong>
     <word seq="3">3756</word>
    </Strong>
    <LMcode>
     <word seq="3">69.3</word>
    </LMcode>
   </column>
   <column>
    <Greek>
     <word seq="4">ἔχω</word>
    </Greek>
    <Lema>
     <word seq="4">ἔχω</word>
    </Lema>
    <Morph>
     <word seq="4">vipa1s</word>
    </Morph>
    <Strong>
     <word seq="4">2192</word>
    </Strong>
    <LMcode>
     <word seq="4">57.1</word>
    </LMcode>
   </column>
   <column>
    <Greek>
     <word seq="5">χαράν,</word>
    </Greek>
    <Lema>
     <word seq="5">χαρά</word>
    </Lema>
    <Morph>
     <word seq="5">nafs</word>
    </Morph>
    <Strong>
     <word seq="5">5479</word>
    </Strong>
    <LMcode>
     <word seq="5">25.123</word>
    </LMcode>
   </column>
   <column>
    <Greek>
     <word seq="6">ἵνα</word>
    </Greek>
    <Lema>
     <word seq="6">ἵνα</word>
    </Lema>
    <Morph>
     <word seq="6">c</word>
    </Morph>
    <Strong>
     <word seq="6">2443</word>
    </Strong>
    <LMcode>
     <word seq="6">90.22</word>
    </LMcode>
   </column>
   <column>
    <Greek>
     <word seq="7">ἀκούω</word>
    </Greek>
    <Lema>
     <word seq="7">ἀκούω</word>
    </Lema>
    <Morph>
     <word seq="7">vspa1s</word>
    </Morph>
    <Strong>
     <word seq="7">191</word>
    </Strong>
    <LMcode>
     <word seq="7">24.52</word>
    </LMcode>
   </column>
   <column>
    <Greek>
     <word seq="8">τὰ</word>
    </Greek>
    <Lema>
     <word seq="8">ὁ</word>
    </Lema>
    <Morph>
     <word seq="8">danp</word>
    </Morph>
    <Strong>
     <word seq="8">3588</word>
    </Strong>
    <LMcode>
     <word seq="8">92.24</word>
    </LMcode>
   </column>
   <column>
    <Greek>
     <word seq="9">ἐμὰ</word>
    </Greek>
    <Lema>
     <word seq="9">ἐμός</word>
    </Lema>
    <Morph>
     <word seq="9">aanp, rs1anp</word>
    </Morph>
    <Strong>
     <word seq="9">1699</word>
    </Strong>
    <LMcode>
     <word seq="9">92.2</word>
    </LMcode>
   </column>
   <column>
    <Greek>
     <word seq="10">τέκνα</word>
    </Greek>
    <Lema>
     <word seq="10">τέκνον</word>
    </Lema>
    <Morph>
     <word seq="10">nanp</word>
    </Morph>
    <Strong>
     <word seq="10">5043</word>
    </Strong>
    <LMcode>
     <word seq="10">36.40</word>
    </LMcode>
   </column>
   <column>
    <Greek>
     <word seq="11">ἐν</word>
    </Greek>
    <Lema>
     <word seq="11">ἐν</word>
    </Lema>
    <Morph>
     <word seq="11">p</word>
    </Morph>
    <Strong>
     <word seq="11">1722</word>
    </Strong>
    <LMcode>
     <word seq="11">83.13</word>
    </LMcode>
   </column>
   <column>
    <Greek>
     <word seq="12">τῇ</word>
    </Greek>
    <Lema>
     <word seq="12">ὁ</word>
    </Lema>
    <Morph>
     <word seq="12">ddfs</word>
    </Morph>
    <Strong>
     <word seq="12">3588</word>
    </Strong>
    <LMcode>
     <word seq="12">92.24</word>
    </LMcode>
   </column>
   <column>
    <Greek>
     <word seq="13">ἀληθείᾳ</word>
    </Greek>
    <Lema>
     <word seq="13">ἀλήθεια</word>
    </Lema>
    <Morph>
     <word seq="13">ndfs</word>
    </Morph>
    <Strong>
     <word seq="13">225</word>
    </Strong>
    <LMcode>
     <word seq="13">72.2</word>
    </LMcode>
   </column>
   <column>
    <Greek>
     <word seq="14">περιπατοῦντα.</word>
    </Greek>
    <Lema>
     <word seq="14">περιπατέω</word>
    </Lema>
    <Morph>
     <word seq="14">vppa-anp, vppa-ams</word>
    </Morph>
    <Strong>
     <word seq="14">4043</word>
    </Strong>
    <LMcode>
     <word seq="14">41.11</word>
    </LMcode>
   </column>
  </verse>
  <verse number="5">
   <column>
    <Greek>
     <word seq="1">Ἀγαπητέ,</word>
    </Greek>
    <Lema>
     <word seq="1">ἀγαπητός</word>
    </Lema>
    <Morph>
     <word seq="1">avms</word>
    </Morph>
    <Strong>
     <word seq="1">27</word>
    </Strong>
    <LMcode>
     <word seq="1">25.45</word>
    </LMcode>
   </column>
   <column>
    <Greek>
     <word seq="2">πιστὸν</word>
    </Greek>
    <Lema>
     <word seq="2">πιστός</word>
    </Lema>
    <Morph>
     <word seq="2">aans</word>
    </Morph>
    <Strong>
     <word seq="2">4103</word>
    </Strong>
    <LMcode>
     <word seq="2">31.87</word>
    </LMcode>
   </column>
   <column>
    <Greek>
     <word seq="3">ποιεῖς</word>
    </Greek>
    <Lema>
     <word seq="3">ποιέω</word>
    </Lema>
    <Morph>
     <word seq="3">vipa2s</word>
    </Morph>
    <Strong>
     <word seq="3">4160</word>
    </Strong>
    <LMcode>
     <word seq="3">90.45</word>
    </LMcode>
   </column>
   <column>
    <Greek>
     <word seq="4">ὃ</word>
    </Greek>
    <Lema>
     <word seq="4">ὅς</word>
    </Lema>
    <Morph>
     <word seq="4">rr-ans</word>
    </Morph>
    <Strong>
     <word seq="4">3739</word>
    </Strong>
    <LMcode>
     <word seq="4">92.27</word>
    </LMcode>
   </column>
   <column>
    <Greek>
     <word seq="5">ἐὰν</word>
    </Greek>
    <Lema>
     <word seq="5">ἐάν</word>
    </Lema>
    <Morph>
     <word seq="5">t</word>
    </Morph>
    <Strong>
     <word seq="5">1437</word>
    </Strong>
    <LMcode>
     <word seq="5">67.32</word>
    </LMcode>
   </column>
   <column>
    <Greek>
     <word seq="6">ἐργάσῃ</word>
    </Greek>
    <Lema>
     <word seq="6">ἐργάζομαι</word>
    </Lema>
    <Morph>
     <word seq="6">vsam2s</word>
    </Morph>
    <Strong>
     <word seq="6">2038</word>
    </Strong>
    <LMcode>
     <word seq="6">42.41</word>
    </LMcode>
   </column>
   <column>
    <Greek>
     <word seq="7">εἰς</word>
    </Greek>
    <Lema>
     <word seq="7">εἰς</word>
    </Lema>
    <Morph>
     <word seq="7">p</word>
    </Morph>
    <Strong>
     <word seq="7">1519</word>
    </Strong>
    <LMcode>
     <word seq="7">90.41</word>
    </LMcode>
   </column>
   <column>
    <Greek>
     <word seq="8">τοὺς</word>
    </Greek>
    <Lema>
     <word seq="8">ὁ</word>
    </Lema>
    <Morph>
     <word seq="8">damp</word>
    </Morph>
    <Strong>
     <word seq="8">3588</word>
    </Strong>
    <LMcode>
     <word seq="8">92.24</word>
    </LMcode>
   </column>
   <column>
    <Greek>
     <word seq="9">ἀδελφοὺς</word>
    </Greek>
    <Lema>
     <word seq="9">ἀδελφός</word>
    </Lema>
    <Morph>
     <word seq="9">namp</word>
    </Morph>
    <Strong>
     <word seq="9">80</word>
    </Strong>
    <LMcode>
     <word seq="9">11.23</word>
    </LMcode>
   </column>
   <column>
    <Greek>
     <word seq="10">καὶ</word>
    </Greek>
    <Lema>
     <word seq="10">καί</word>
    </Lema>
    <Morph>
     <word seq="10">c</word>
    </Morph>
    <Strong>
     <word seq="10">2532</word>
    </Strong>
    <LMcode>
     <word seq="10">89.93</word>
    </LMcode>
   </column>
   <column>
    <Greek>
     <word seq="11">τοῦτο</word>
    </Greek>
    <Lema>
     <word seq="11">οὗτος</word>
    </Lema>
    <Morph>
     <word seq="11">rd-nns</word>
    </Morph>
    <Strong>
     <word seq="11">5124</word>
    </Strong>
    <LMcode>
     <word seq="11">92.29</word>
    </LMcode>
   </column>
   <column>
    <Greek>
     <word seq="12">ξένους,</word>
    </Greek>
    <Lema>
     <word seq="12">ξένος</word>
    </Lema>
    <Morph>
     <word seq="12">aamp</word>
    </Morph>
    <Strong>
     <word seq="12">3581</word>
    </Strong>
    <LMcode>
     <word seq="12">11.73</word>
    </LMcode>
   </column>
  </verse>
  <verse number="6">
   <column>
    <Greek>
     <word seq="1">οἳ</word>
    </Greek>
    <Lema>
     <word seq="1">ὅς</word>
    </Lema>
    <Morph>
     <word seq="1">rr-nmp</word>
    </Morph>
    <Strong>
     <word seq="1">3739</word>
    </Strong>
    <LMcode>
     <word seq="1">92.27</word>
    </LMcode>
   </column>
   <column>
    <Greek>
     <word seq="2">ἐμαρτύρησάν</word>
    </Greek>
    <Lema>
     <word seq="2">μαρτυρέω</word>
    </Lema>
    <Morph>
     <word seq="2">viaa3p</word>
    </Morph>
    <Strong>
     <word seq="2">3140</word>
    </Strong>
    <LMcode>
     <word seq="2">33.263</word>
    </LMcode>
   </column>
   <column>
    <Greek>
     <word seq="3">σου</word>
    </Greek>
    <Lema>
     <word seq="3">σύ</word>
    </Lema>
    <Morph>
     <word seq="3">rp2g_s</word>
    </Morph>
    <Strong>
     <word seq="3">4675</word>
    </Strong>
    <LMcode>
     <word seq="3">92.6</word>
    </LMcode>
   </column>
   <column>
    <Greek>
     <word seq="4">τῇ</word>
    </Greek>
    <Lema>
     <word seq="4">ὁ</word>
    </Lema>
    <Morph>
     <word seq="4">ddfs</word>
    </Morph>
    <Strong>
     <word seq="4">3588</word>
    </Strong>
    <LMcode>
     <word seq="4">92.24</word>
    </LMcode>
   </column>
   <column>
    <Greek>
     <word seq="5">ἀγάπῃ</word>
    </Greek>
    <Lema>
     <word seq="5">ἀγάπη</word>
    </Lema>
    <Morph>
     <word seq="5">ndfs</word>
    </Morph>
    <Strong>
     <word seq="5">26</word>
    </Strong>
    <LMcode>
     <word seq="5">25.43</word>
    </LMcode>
   </column>
   <column>
    <Greek>
     <word seq="6">ἐνώπιον</word>
    </Greek>
    <Lema>
     <word seq="6">ἐνώπιον</word>
    </Lema>
    <Morph>
     <word seq="6">p</word>
    </Morph>
    <Strong>
     <word seq="6">1799</word>
    </Strong>
    <LMcode>
     <word seq="6">83.33</word>
    </LMcode>
   </column>
   <column>
    <Greek>
     <word seq="7">ἐκκλησίας,</word>
    </Greek>
    <Lema>
     <word seq="7">ἐκκλησία</word>
    </Lema>
    <Morph>
     <word seq="7">ngfs</word>
    </Morph>
    <Strong>
     <word seq="7">1577</word>
    </Strong>
    <LMcode>
     <word seq="7">11.32</word>
    </LMcode>
   </column>
   <column>
    <Greek>
     <word seq="8">οὓς</word>
    </Greek>
    <Lema>
     <word seq="8">ὅς</word>
    </Lema>
    <Morph>
     <word seq="8">rr-amp</word>
    </Morph>
    <Strong>
     <word seq="8">3739</word>
    </Strong>
    <LMcode>
     <word seq="8">92.27</word>
    </LMcode>
   </column>
   <column>
    <Greek>
     <word seq="9">καλῶς</word>
    </Greek>
    <Lema>
     <word seq="9">καλῶς</word>
    </Lema>
    <Morph>
     <word seq="9">b</word>
    </Morph>
    <Strong>
     <word seq="9">2573</word>
    </Strong>
    <LMcode>
     <word seq="9">88.4</word>
    </LMcode>
   </column>
   <column>
    <Greek>
     <word seq="10">ποιήσεις</word>
    </Greek>
    <Lema>
     <word seq="10">ποιέω</word>
    </Lema>
    <Morph>
     <word seq="10">vifa2s</word>
    </Morph>
    <Strong>
     <word seq="10">4160</word>
    </Strong>
    <LMcode>
     <word seq="10">90.45</word>
    </LMcode>
   </column>
   <column>
    <Greek>
     <word seq="11">προπέμψας</word>
    </Greek>
    <Lema>
     <word seq="11">προπέμπω</word>
    </Lema>
    <Morph>
     <word seq="11">vpaa-nms</word>
    </Morph>
    <Strong>
     <word seq="11">4311</word>
    </Strong>
    <LMcode>
     <word seq="11">15.72</word>
    </LMcode>
   </column>
   <column>
    <Greek>
     <word seq="12">ἀξίως</word>
    </Greek>
    <Lema>
     <word seq="12">ἀξίως</word>
    </Lema>
    <Morph>
     <word seq="12">b</word>
    </Morph>
    <Strong>
     <word seq="12">516</word>
    </Strong>
    <LMcode>
     <word seq="12">65.17</word>
    </LMcode>
   </column>
   <column>
    <Greek>
     <word seq="13">τοῦ</word>
    </Greek>
    <Lema>
     <word seq="13">ὁ</word>
    </Lema>
    <Morph>
     <word seq="13">dgms</word>
    </Morph>
    <Strong>
     <word seq="13">3588</word>
    </Strong>
    <LMcode>
     <word seq="13">92.24</word>
    </LMcode>
   </column>
   <column>
    <Greek>
     <word seq="14">θεοῦ·</word>
    </Greek>
    <Lema>
     <word seq="14">θεός</word>
    </Lema>
    <Morph>
     <word seq="14">ngms</word>
    </Morph>
    <Strong>
     <word seq="14">2316</word>
    </Strong>
    <LMcode>
     <word seq="14">12.1</word>
    </LMcode>
   </column>
  </verse>
  <verse number="7">
   <column>
    <Greek>
     <word seq="1">ὑπὲρ</word>
    </Greek>
    <Lema>
     <word seq="1">ὑπέρ</word>
    </Lema>
    <Morph>
     <word seq="1">p</word>
    </Morph>
    <Strong>
     <word seq="1">5228</word>
    </Strong>
    <LMcode>
     <word seq="1">90.36</word>
    </LMcode>
   </column>
   <column>
    <Greek>
     <word seq="2">γὰρ</word>
    </Greek>
    <Lema>
     <word seq="2">γάρ</word>
    </Lema>
    <Morph>
     <word seq="2">c</word>
    </Morph>
    <Strong>
     <word seq="2">1063</word>
    </Strong>
    <LMcode>
     <word seq="2">89.23</word>
    </LMcode>
   </column>
   <column>
    <Greek>
     <word seq="3">τοῦ</word>
    </Greek>
    <Lema>
     <word seq="3">ὁ</word>
    </Lema>
    <Morph>
     <word seq="3">dgns</word>
    </Morph>
    <Strong>
     <word seq="3">3588</word>
    </Strong>
    <LMcode>
     <word seq="3">92.24</word>
    </LMcode>
   </column>
   <column>
    <Greek>
     <word seq="4">ὀνόματος</word>
    </Greek>
    <Lema>
     <word seq="4">ὄνομα</word>
    </Lema>
    <Morph>
     <word seq="4">ngns</word>
    </Morph>
    <Strong>
     <word seq="4">3686</word>
    </Strong>
    <LMcode>
     <word seq="4">33.126</word>
    </LMcode>
   </column>
   <column>
    <Greek>
     <word seq="5">ἐξῆλθον</word>
    </Greek>
    <Lema>
     <word seq="5">ἐξέρχομαι</word>
    </Lema>
    <Morph>
     <word seq="5">viaa3p</word>
    </Morph>
    <Strong>
     <word seq="5">1831</word>
    </Strong>
    <LMcode>
     <word seq="5">15.40</word>
    </LMcode>
   </column>
   <column>
    <Greek>
     <word seq="6">μηδὲν</word>
    </Greek>
    <Lema>
     <word seq="6">μηδείς</word>
    </Lema>
    <Morph>
     <word seq="6">aans</word>
    </Morph>
    <Strong>
     <word seq="6">3367</word>
    </Strong>
    <LMcode>
     <word seq="6">92.23</word>
    </LMcode>
   </column>
   <column>
    <Greek>
     <word seq="7">λαμβάνοντες</word>
    </Greek>
    <Lema>
     <word seq="7">λαμβάνω</word>
    </Lema>
    <Morph>
     <word seq="7">vppa-nmp</word>
    </Morph>
    <Strong>
     <word seq="7">2983</word>
    </Strong>
    <LMcode>
     <word seq="7">57.125</word>
    </LMcode>
   </column>
   <column>
    <Greek>
     <word seq="8">ἀπὸ</word>
    </Greek>
    <Lema>
     <word seq="8">ἀπό</word>
    </Lema>
    <Morph>
     <word seq="8">p</word>
    </Morph>
    <Strong>
     <word seq="8">575</word>
    </Strong>
    <LMcode>
     <word seq="8">90.15</word>
    </LMcode>
   </column>
   <column>
    <Greek>
     <word seq="9">τῶν</word>
    </Greek>
    <Lema>
     <word seq="9">ὁ</word>
    </Lema>
    <Morph>
     <word seq="9">dgmp, dgnp</word>
    </Morph>
    <Strong>
     <word seq="9">3588</word>
    </Strong>
    <LMcode>
     <word seq="9">92.24</word>
    </LMcode>
   </column>
   <column>
    <Greek>
     <word seq="10">ἐθνικῶν.</word>
    </Greek>
    <Lema>
     <word seq="10">ἐθνικός</word>
    </Lema>
    <Morph>
     <word seq="10">agmp</word>
    </Morph>
    <Strong>
     <word seq="10">1482</word>
    </Strong>
    <LMcode>
     <word seq="10">11.38</word>
    </LMcode>
   </column>
  </verse>
  <verse number="8">
   <column>
    <Greek>
     <word seq="1">ἡμεῖς</word>
    </Greek>
    <Lema>
     <word seq="1">ἐγώ</word>
    </Lema>
    <Morph>
     <word seq="1">rp1n_p</word>
    </Morph>
    <Strong>
     <word seq="1">2249</word>
    </Strong>
    <LMcode>
     <word seq="1">92.1</word>
    </LMcode>
   </column>
   <column>
    <Greek>
     <word seq="2">οὖν</word>
    </Greek>
    <Lema>
     <word seq="2">οὖν</word>
    </Lema>
    <Morph>
     <word seq="2">c</word>
    </Morph>
    <Strong>
     <word seq="2">3767</word>
    </Strong>
    <LMcode>
     <word seq="2">89.50</word>
    </LMcode>
   </column>
   <column>
    <Greek>
     <word seq="3">ὀφείλομεν</word>
    </Greek>
    <Lema>
     <word seq="3">ὀφείλω</word>
    </Lema>
    <Morph>
     <word seq="3">vipa1p</word>
    </Morph>
    <Strong>
     <word seq="3">3784</word>
    </Strong>
    <LMcode>
     <word seq="3">71.25</word>
    </LMcode>
   </column>
   <column>
    <Greek>
     <word seq="4">ὑπολαμβάνειν</word>
    </Greek>
    <Lema>
     <word seq="4">ὑπολαμβάνω</word>
    </Lema>
    <Morph>
     <word seq="4">vnpa</word>
    </Morph>
    <Strong>
     <word seq="4">5274</word>
    </Strong>
    <LMcode>
     <word seq="4">35.1</word>
    </LMcode>
   </column>
   <column>
    <Greek>
     <word seq="5">τοὺς</word>
    </Greek>
    <Lema>
     <word seq="5">ὁ</word>
    </Lema>
    <Morph>
     <word seq="5">damp</word>
    </Morph>
    <Strong>
     <word seq="5">3588</word>
    </Strong>
    <LMcode>
     <word seq="5">92.24</word>
    </LMcode>
   </column>
   <column>
    <Greek>
     <word seq="6">τοιούτους,</word>
    </Greek>
    <Lema>
     <word seq="6">τοιοῦτος</word>
    </Lema>
    <Morph>
     <word seq="6">rd-amp</word>
    </Morph>
    <Strong>
     <word seq="6">5108</word>
    </Strong>
    <LMcode>
     <word seq="6">92.31</word>
    </LMcode>
   </column>
   <column>
    <Greek>
     <word seq="7">ἵνα</word>
    </Greek>
    <Lema>
     <word seq="7">ἵνα</word>
    </Lema>
    <Morph>
     <word seq="7">c</word>
    </Morph>
    <Strong>
     <word seq="7">2443</word>
    </Strong>
    <LMcode>
     <word seq="7">89.59</word>
    </LMcode>
   </column>
   <column>
    <Greek>
     <word seq="8">συνεργοὶ</word>
    </Greek>
    <Lema>
     <word seq="8">συνεργός</word>
    </Lema>
    <Morph>
     <word seq="8">anmp</word>
    </Morph>
    <Strong>
     <word seq="8">4904</word>
    </Strong>
    <LMcode>
     <word seq="8">42.44</word>
    </LMcode>
   </column>
   <column>
    <Greek>
     <word seq="9">γινώμεθα</word>
    </Greek>
    <Lema>
     <word seq="9">γίνομαι</word>
    </Lema>
    <Morph>
     <word seq="9">vspu1p</word>
    </Morph>
    <Strong>
     <word seq="9">1096</word>
    </Strong>
    <LMcode>
     <word seq="9">13.3</word>
    </LMcode>
   </column>
   <column>
    <Greek>
     <word seq="10">τῇ</word>
    </Greek>
    <Lema>
     <word seq="10">ὁ</word>
    </Lema>
    <Morph>
     <word seq="10">ddfs</word>
    </Morph>
    <Strong>
     <word seq="10">3588</word>
    </Strong>
    <LMcode>
     <word seq="10">92.24</word>
    </LMcode>
   </column>
   <column>
    <Greek>
     <word seq="11">ἀληθείᾳ.</word>
    </Greek>
    <Lema>
     <word seq="11">ἀλήθεια</word>
    </Lema>
    <Morph>
     <word seq="11">ndfs</word>
    </Morph>
    <Strong>
     <word seq="11">225</word>
    </Strong>
    <LMcode>
     <word seq="11">72.2</word>
    </LMcode>
   </column>
  </verse>
  <verse number="9">
   <column>
    <Greek>
     <word seq="1">Ἔγραψά</word>
    </Greek>
    <Lema>
     <word seq="1">γράφω</word>
    </Lema>
    <Morph>
     <word seq="1">viaa1s</word>
    </Morph>
    <Strong>
     <word seq="1">1125</word>
    </Strong>
    <LMcode>
     <word seq="1">33.61</word>
    </LMcode>
   </column>
   <column>
    <Greek>
     <word seq="2">τι</word>
    </Greek>
    <Lema>
     <word seq="2">τὶς</word>
    </Lema>
    <Morph>
     <word seq="2">rx-ans</word>
    </Morph>
    <Strong>
     <word seq="2">5100</word>
    </Strong>
    <LMcode>
     <word seq="2">92.12</word>
    </LMcode>
   </column>
   <column>
    <Greek>
     <word seq="3">τῇ</word>
    </Greek>
    <Lema>
     <word seq="3">ὁ</word>
    </Lema>
    <Morph>
     <word seq="3">ddfs</word>
    </Morph>
    <Strong>
     <word seq="3">3588</word>
    </Strong>
    <LMcode>
     <word seq="3">92.24</word>
    </LMcode>
   </column>
   <column>
    <Greek>
     <word seq="4">ἐκκλησίᾳ·</word>
    </Greek>
    <Lema>
     <word seq="4">ἐκκλησία</word>
    </Lema>
    <Morph>
     <word seq="4">ndfs</word>
    </Morph>
    <Strong>
     <word seq="4">1577</word>
    </Strong>
    <LMcode>
     <word seq="4">11.32</word>
    </LMcode>
   </column>
   <column>
    <Greek>
     <word seq="5">ἀλλʼ</word>
    </Greek>
    <Lema>
     <word seq="5">ἀλλά</word>
    </Lema>
    <Morph>
     <word seq="5">c</word>
    </Morph>
    <Strong>
     <word seq="5">235</word>
    </Strong>
    <LMcode>
     <word seq="5">89.125</word>
    </LMcode>
   </column>
   <column>
    <Greek>
     <word seq="6">ὁ</word>
    </Greek>
    <Lema>
     <word seq="6">ὁ</word>
    </Lema>
    <Morph>
     <word seq="6">dnms</word>
    </Morph>
    <Strong>
     <word seq="6">3588</word>
    </Strong>
    <LMcode>
     <word seq="6">92.24</word>
    </LMcode>
   </column>
   <column>
    <Greek>
     <word seq="7">φιλοπρωτεύων</word>
    </Greek>
    <Lema>
     <word seq="7">φιλοπρωτεύω</word>
    </Lema>
    <Morph>
     <word seq="7">vppa-nms</word>
    </Morph>
    <Strong>
     <word seq="7">5383</word>
    </Strong>
    <LMcode>
     <word seq="7">25.110</word>
    </LMcode>
   </column>
   <column>
    <Greek>
     <word seq="8">αὐτῶν</word>
    </Greek>
    <Lema>
     <word seq="8">αὐτός</word>
    </Lema>
    <Morph>
     <word seq="8">rp3gmp</word>
    </Morph>
    <Strong>
     <word seq="8">846</word>
    </Strong>
    <LMcode>
     <word seq="8">92.11</word>
    </LMcode>
   </column>
   <column>
    <Greek>
     <word seq="9">Διοτρέφης</word>
    </Greek>
    <Lema>
     <word seq="9">Διοτρέφης</word>
    </Lema>
    <Morph>
     <word seq="9">nnms</word>
    </Morph>
    <Strong>
     <word seq="9">1361</word>
    </Strong>
    <LMcode>
     <word seq="9">93.99</word>
    </LMcode>
   </column>
   <column>
    <Greek>
     <word seq="10">οὐκ</word>
    </Greek>
    <Lema>
     <word seq="10">οὐ</word>
    </Lema>
    <Morph>
     <word seq="10">b</word>
    </Morph>
    <Strong>
     <word seq="10">3756</word>
    </Strong>
    <LMcode>
     <word seq="10">69.3</word>
    </LMcode>
   </column>
   <column>
    <Greek>
     <word seq="11">ἐπιδέχεται</word>
    </Greek>
    <Lema>
     <word seq="11">ἐπιδέχομαι</word>
    </Lema>
    <Morph>
     <word seq="11">vipu3s</word>
    </Morph>
    <Strong>
     <word seq="11">1926</word>
    </Strong>
    <LMcode>
     <word seq="11">36.14</word>
    </LMcode>
   </column>
   <column>
    <Greek>
     <word seq="12">ἡμᾶς.</word>
    </Greek>
    <Lema>
     <word seq="12">ἐγώ</word>
    </Lema>
    <Morph>
     <word seq="12">rp1a_p</word>
    </Morph>
    <Strong>
     <word seq="12">2248</word>
    </Strong>
    <LMcode>
     <word seq="12">92.1</word>
    </LMcode>
   </column>
  </verse>
  <verse number="10">
   <column>
    <Greek>
     <word seq="1">διὰ</word>
    </Greek>
    <Lema>
     <word seq="1">διά</word>
    </Lema>
    <Morph>
     <word seq="1">p</word>
    </Morph>
    <Strong>
     <word seq="1">1223</word>
    </Strong>
    <LMcode>
     <word seq="1">90.44</word>
    </LMcode>
   </column>
   <column>
    <Greek>
     <word seq="2">τοῦτο,</word>
    </Greek>
    <Lema>
     <word seq="2">οὗτος</word>
    </Lema>
    <Morph>
     <word seq="2">rd-nns</word>
    </Morph>
    <Strong>
     <word seq="2">5124</word>
    </Strong>
    <LMcode>
     <word seq="2">92.29</word>
    </LMcode>
   </column>
   <column>
    <Greek>
     <word seq="3">ἐὰν</word>
    </Greek>
    <Lema>
     <word seq="3">ἐάν</word>
    </Lema>
    <Morph>
     <word seq="3">c</word>
    </Morph>
    <Strong>
     <word seq="3">1437</word>
    </Strong>
    <LMcode>
     <word seq="3">89.67</word>
    </LMcode>
   </column>
   <column>
    <Greek>
     <word seq="4">ἔλθω,</word>
    </Greek>
    <Lema>
     <word seq="4">ἔρχομαι</word>
    </Lema>
    <Morph>
     <word seq="4">vsaa1s</word>
    </Morph>
    <Strong>
     <word seq="4">2064</word>
    </Strong>
    <LMcode>
     <word seq="4">15.81</word>
    </LMcode>
   </column>
   <column>
    <Greek>
     <word seq="5">ὑπομνήσω</word>
    </Greek>
    <Lema>
     <word seq="5">ὑπομιμνῄσκω</word>
    </Lema>
    <Morph>
     <word seq="5">vifa1s</word>
    </Morph>
    <Strong>
     <word seq="5">5279</word>
    </Strong>
    <LMcode>
     <word seq="5">29.10</word>
    </LMcode>
   </column>
   <column>
    <Greek>
     <word seq="6">αὐτοῦ</word>
    </Greek>
    <Lema>
     <word seq="6">αὐτός</word>
    </Lema>
    <Morph>
     <word seq="6">rp3gms</word>
    </Morph>
    <Strong>
     <word seq="6">846</word>
    </Strong>
    <LMcode>
     <word seq="6">92.11</word>
    </LMcode>
   </column>
   <column>
    <Greek>
     <word seq="7">τὰ</word>
    </Greek>
    <Lema>
     <word seq="7">ὁ</word>
    </Lema>
    <Morph>
     <word seq="7">danp</word>
    </Morph>
    <Strong>
     <word seq="7">3588</word>
    </Strong>
    <LMcode>
     <word seq="7">92.24</word>
    </LMcode>
   </column>
   <column>
    <Greek>
     <word seq="8">ἔργα</word>
    </Greek>
    <Lema>
     <word seq="8">ἔργον</word>
    </Lema>
    <Morph>
     <word seq="8">nanp</word>
    </Morph>
    <Strong>
     <word seq="8">2041</word>
    </Strong>
    <LMcode>
     <word seq="8">42.42</word>
    </LMcode>
   </column>
   <column>
    <Greek>
     <word seq="9">ἃ</word>
    </Greek>
    <Lema>
     <word seq="9">ὅς</word>
    </Lema>
    <Morph>
     <word seq="9">rr-anp</word>
    </Morph>
    <Strong>
     <word seq="9">3739</word>
    </Strong>
    <LMcode>
     <word seq="9">92.27</word>
    </LMcode>
   </column>
   <column>
    <Greek>
     <word seq="10">ποιεῖ</word>
    </Greek>
    <Lema>
     <word seq="10">ποιέω</word>
    </Lema>
    <Morph>
     <word seq="10">vipa3s</word>
    </Morph>
    <Strong>
     <word seq="10">4160</word>
    </Strong>
    <LMcode>
     <word seq="10">90.45</word>
    </LMcode>
   </column>
   <column>
    <Greek>
     <word seq="11">λόγοις</word>
    </Greek>
    <Lema>
     <word seq="11">λόγος</word>
    </Lema>
    <Morph>
     <word seq="11">ndmp</word>
    </Morph>
    <Strong>
     <word seq="11">3056</word>
    </Strong>
    <LMcode>
     <word seq="11">33.98</word>
    </LMcode>
   </column>
   <column>
    <Greek>
     <word seq="12">πονηροῖς</word>
    </Greek>
    <Lema>
     <word seq="12">πονηρός</word>
    </Lema>
    <Morph>
     <word seq="12">admp</word>
    </Morph>
    <Strong>
     <word seq="12">4190</word>
    </Strong>
    <LMcode>
     <word seq="12">88.110</word>
    </LMcode>
   </column>
   <column>
    <Greek>
     <word seq="13">φλυαρῶν</word>
    </Greek>
    <Lema>
     <word seq="13">φλυαρέω</word>
    </Lema>
    <Morph>
     <word seq="13">vppa-nms</word>
    </Morph>
    <Strong>
     <word seq="13">5396</word>
    </Strong>
    <LMcode>
     <word seq="13">33.374</word>
    </LMcode>
   </column>
   <column>
    <Greek>
     <word seq="14">ἡμᾶς,</word>
    </Greek>
    <Lema>
     <word seq="14">ἐγώ</word>
    </Lema>
    <Morph>
     <word seq="14">rp1a_p</word>
    </Morph>
    <Strong>
     <word seq="14">2248</word>
    </Strong>
    <LMcode>
     <word seq="14">92.1</word>
    </LMcode>
   </column>
   <column>
    <Greek>
     <word seq="15">καὶ</word>
    </Greek>
    <Lema>
     <word seq="15">καί</word>
    </Lema>
    <Morph>
     <word seq="15">c</word>
    </Morph>
    <Strong>
     <word seq="15">2532</word>
    </Strong>
    <LMcode>
     <word seq="15">89.92</word>
    </LMcode>
   </column>
   <column>
    <Greek>
     <word seq="16">μὴ</word>
    </Greek>
    <Lema>
     <word seq="16">μή</word>
    </Lema>
    <Morph>
     <word seq="16">bn</word>
    </Morph>
    <Strong>
     <word seq="16">3361</word>
    </Strong>
    <LMcode>
     <word seq="16">69.3</word>
    </LMcode>
   </column>
   <column>
    <Greek>
     <word seq="17">ἀρκούμενος</word>
    </Greek>
    <Lema>
     <word seq="17">ἀρκέω</word>
    </Lema>
    <Morph>
     <word seq="17">vppp-nms</word>
    </Morph>
    <Strong>
     <word seq="17">714</word>
    </Strong>
    <LMcode>
     <word seq="17">59.46</word>
    </LMcode>
   </column>
   <column>
    <Greek>
     <word seq="18">ἐπὶ</word>
    </Greek>
    <Lema>
     <word seq="18">ἐπί</word>
    </Lema>
    <Morph>
     <word seq="18">p</word>
    </Morph>
    <Strong>
     <word seq="18">1909</word>
    </Strong>
    <LMcode>
     <word seq="18">90.23</word>
    </LMcode>
   </column>
   <column>
    <Greek>
     <word seq="19">τούτοις</word>
    </Greek>
    <Lema>
     <word seq="19">οὗτος</word>
    </Lema>
    <Morph>
     <word seq="19">rd-dmp</word>
    </Morph>
    <Strong>
     <word seq="19">5125</word>
    </Strong>
    <LMcode>
     <word seq="19">92.29</word>
    </LMcode>
   </column>
   <column>
    <Greek>
     <word seq="20">οὔτε</word>
    </Greek>
    <Lema>
     <word seq="20">οὔτε</word>
    </Lema>
    <Morph>
     <word seq="20">t</word>
    </Morph>
    <Strong>
     <word seq="20">3777</word>
    </Strong>
    <LMcode>
     <word seq="20">69.9</word>
    </LMcode>
   </column>
   <column>
    <Greek>
     <word seq="21">αὐτὸς</word>
    </Greek>
    <Lema>
     <word seq="21">αὐτός</word>
    </Lema>
    <Morph>
     <word seq="21">rp3nms</word>
    </Morph>
    <Strong>
     <word seq="21">846</word>
    </Strong>
    <LMcode>
     <word seq="21">92.11</word>
    </LMcode>
   </column>
   <column>
    <Greek>
     <word seq="22">ἐπιδέχεται</word>
    </Greek>
    <Lema>
     <word seq="22">ἐπιδέχομαι</word>
    </Lema>
    <Morph>
     <word seq="22">vipu3s</word>
    </Morph>
    <Strong>
     <word seq="22">1926</word>
    </Strong>
    <LMcode>
     <word seq="22">34.53</word>
    </LMcode>
   </column>
   <column>
    <Greek>
     <word seq="23">τοὺς</word>
    </Greek>
    <Lema>
     <word seq="23">ὁ</word>
    </Lema>
    <Morph>
     <word seq="23">damp</word>
    </Morph>
    <Strong>
     <word seq="23">3588</word>
    </Strong>
    <LMcode>
     <word seq="23">92.24</word>
    </LMcode>
   </column>
   <column>
    <Greek>
     <word seq="24">ἀδελφοὺς</word>
    </Greek>
    <Lema>
     <word seq="24">ἀδελφός</word>
    </Lema>
    <Morph>
     <word seq="24">namp</word>
    </Morph>
    <Strong>
     <word seq="24">80</word>
    </Strong>
    <LMcode>
     <word seq="24">11.23</word>
    </LMcode>
   </column>
   <column>
    <Greek>
     <word seq="25">καὶ</word>
    </Greek>
    <Lema>
     <word seq="25">καί</word>
    </Lema>
    <Morph>
     <word seq="25">c</word>
    </Morph>
    <Strong>
     <word seq="25">2532</word>
    </Strong>
    <LMcode>
     <word seq="25">89.102</word>
    </LMcode>
   </column>
   <column>
    <Greek>
     <word seq="26">τοὺς</word>
    </Greek>
    <Lema>
     <word seq="26">ὁ</word>
    </Lema>
    <Morph>
     <word seq="26">damp</word>
    </Morph>
    <Strong>
     <word seq="26">3588</word>
    </Strong>
    <LMcode>
     <word seq="26">92.24</word>
    </LMcode>
   </column>
   <column>
    <Greek>
     <word seq="27">βουλομένους</word>
    </Greek>
    <Lema>
     <word seq="27">βούλομαι</word>
    </Lema>
    <Morph>
     <word seq="27">vppu-amp</word>
    </Morph>
    <Strong>
     <word seq="27">1014</word>
    </Strong>
    <LMcode>
     <word seq="27">30.56</word>
    </LMcode>
   </column>
   <column>
    <Greek>
     <word seq="28">κωλύει</word>
    </Greek>
    <Lema>
     <word seq="28">κωλύω</word>
    </Lema>
    <Morph>
     <word seq="28">vipa3s</word>
    </Morph>
    <Strong>
     <word seq="28">2967</word>
    </Strong>
    <LMcode>
     <word seq="28">13.146</word>
    </LMcode>
   </column>
   <column>
    <Greek>
     <word seq="29">καὶ</word>
    </Greek>
    <Lema>
     <word seq="29">καί</word>
    </Lema>
    <Morph>
     <word seq="29">c</word>
    </Morph>
    <Strong>
     <word seq="29">2532</word>
    </Strong>
    <LMcode>
     <word seq="29">89.102</word>
    </LMcode>
   </column>
   <column>
    <Greek>
     <word seq="30">ἐκ</word>
    </Greek>
    <Lema>
     <word seq="30">ἐκ</word>
    </Lema>
    <Morph>
     <word seq="30">p</word>
    </Morph>
    <Strong>
     <word seq="30">1537</word>
    </Strong>
    <LMcode>
     <word seq="30">84.4</word>
    </LMcode>
   </column>
   <column>
    <Greek>
     <word seq="31">τῆς</word>
    </Greek>
    <Lema>
     <word seq="31">ὁ</word>
    </Lema>
    <Morph>
     <word seq="31">dgfs</word>
    </Morph>
    <Strong>
     <word seq="31">3588</word>
    </Strong>
    <LMcode>
     <word seq="31">92.24</word>
    </LMcode>
   </column>
   <column>
    <Greek>
     <word seq="32">ἐκκλησίας</word>
    </Greek>
    <Lema>
     <word seq="32">ἐκκλησία</word>
    </Lema>
    <Morph>
     <word seq="32">ngfs</word>
    </Morph>
    <Strong>
     <word seq="32">1577</word>
    </Strong>
    <LMcode>
     <word seq="32">11.32</word>
    </LMcode>
   </column>
   <column>
    <Greek>
     <word seq="33">ἐκβάλλει.</word>
    </Greek>
    <Lema>
     <word seq="33">ἐκβάλλω</word>
    </Lema>
    <Morph>
     <word seq="33">vipa3s</word>
    </Morph>
    <Strong>
     <word seq="33">1544</word>
    </Strong>
    <LMcode>
     <word seq="33">15.44</word>
    </LMcode>
   </column>
  </verse>
  <verse number="11">
   <column>
    <Greek>
     <word seq="1">Ἀγαπητέ,</word>
    </Greek>
    <Lema>
     <word seq="1">ἀγαπητός</word>
    </Lema>
    <Morph>
     <word seq="1">avms</word>
    </Morph>
    <Strong>
     <word seq="1">27</word>
    </Strong>
    <LMcode>
     <word seq="1">25.45</word>
    </LMcode>
   </column>
   <column>
    <Greek>
     <word seq="2">μὴ</word>
    </Greek>
    <Lema>
     <word seq="2">μή</word>
    </Lema>
    <Morph>
     <word seq="2">bn</word>
    </Morph>
    <Strong>
     <word seq="2">3361</word>
    </Strong>
    <LMcode>
     <word seq="2">69.3</word>
    </LMcode>
   </column>
   <column>
    <Greek>
     <word seq="3">μιμοῦ</word>
    </Greek>
    <Lema>
     <word seq="3">μιμέομαι</word>
    </Lema>
    <Morph>
     <word seq="3">vmpu2s</word>
    </Morph>
    <Strong>
     <word seq="3">3401</word>
    </Strong>
    <LMcode>
     <word seq="3">41.44</word>
    </LMcode>
   </column>
   <column>
    <Greek>
     <word seq="4">τὸ</word>
    </Greek>
    <Lema>
     <word seq="4">ὁ</word>
    </Lema>
    <Morph>
     <word seq="4">dans</word>
    </Morph>
    <Strong>
     <word seq="4">3588</word>
    </Strong>
    <LMcode>
     <word seq="4">92.24</word>
    </LMcode>
   </column>
   <column>
    <Greek>
     <word seq="5">κακὸν</word>
    </Greek>
    <Lema>
     <word seq="5">κακός</word>
    </Lema>
    <Morph>
     <word seq="5">aans</word>
    </Morph>
    <Strong>
     <word seq="5">2556</word>
    </Strong>
    <LMcode>
     <word seq="5">88.106</word>
    </LMcode>
   </column>
   <column>
    <Greek>
     <word seq="6">ἀλλὰ</word>
    </Greek>
    <Lema>
     <word seq="6">ἀλλά</word>
    </Lema>
    <Morph>
     <word seq="6">c</word>
    </Morph>
    <Strong>
     <word seq="6">235</word>
    </Strong>
    <LMcode>
     <word seq="6">89.125</word>
    </LMcode>
   </column>
   <column>
    <Greek>
     <word seq="7">τὸ</word>
    </Greek>
    <Lema>
     <word seq="7">ὁ</word>
    </Lema>
    <Morph>
     <word seq="7">dans</word>
    </Morph>
    <Strong>
     <word seq="7">3588</word>
    </Strong>
    <LMcode>
     <word seq="7">92.24</word>
    </LMcode>
   </column>
   <column>
    <Greek>
     <word seq="8">ἀγαθόν.</word>
    </Greek>
    <Lema>
     <word seq="8">ἀγαθός</word>
    </Lema>
    <Morph>
     <word seq="8">aans</word>
    </Morph>
    <Strong>
     <word seq="8">18</word>
    </Strong>
    <LMcode>
     <word seq="8">88.1</word>
    </LMcode>
   </column>
   <column>
    <Greek>
     <word seq="9">ὁ</word>
    </Greek>
    <Lema>
     <word seq="9">ὁ</word>
    </Lema>
    <Morph>
     <word seq="9">dnms</word>
    </Morph>
    <Strong>
     <word seq="9">3588</word>
    </Strong>
    <LMcode>
     <word seq="9">92.24</word>
    </LMcode>
   </column>
   <column>
    <Greek>
     <word seq="10">ἀγαθοποιῶν</word>
    </Greek>
    <Lema>
     <word seq="10">ἀγαθοποιέω</word>
    </Lema>
    <Morph>
     <word seq="10">vppa-nms</word>
    </Morph>
    <Strong>
     <word seq="10">15</word>
    </Strong>
    <LMcode>
     <word seq="10">88.3</word>
    </LMcode>
   </column>
   <column>
    <Greek>
     <word seq="11">ἐκ</word>
    </Greek>
    <Lema>
     <word seq="11">ἐκ</word>
    </Lema>
    <Morph>
     <word seq="11">p</word>
    </Morph>
    <Strong>
     <word seq="11">1537</word>
    </Strong>
    <LMcode>
     <word seq="11">90.16</word>
    </LMcode>
   </column>
   <column>
    <Greek>
     <word seq="12">τοῦ</word>
    </Greek>
    <Lema>
     <word seq="12">ὁ</word>
    </Lema>
    <Morph>
     <word seq="12">dgms</word>
    </Morph>
    <Strong>
     <word seq="12">3588</word>
    </Strong>
    <LMcode>
     <word seq="12">92.24</word>
    </LMcode>
   </column>
   <column>
    <Greek>
     <word seq="13">θεοῦ</word>
    </Greek>
    <Lema>
     <word seq="13">θεός</word>
    </Lema>
    <Morph>
     <word seq="13">ngms</word>
    </Morph>
    <Strong>
     <word seq="13">2316</word>
    </Strong>
    <LMcode>
     <word seq="13">12.1</word>
    </LMcode>
   </column>
   <column>
    <Greek>
     <word seq="14">ἐστιν·</word>
    </Greek>
    <Lema>
     <word seq="14">εἰμί</word>
    </Lema>
    <Morph>
     <word seq="14">vipa3s</word>
    </Morph>
    <Strong>
     <word seq="14">2076</word>
    </Strong>
    <LMcode>
     <word seq="14">13.1</word>
    </LMcode>
   </column>
   <column>
    <Greek>
     <word seq="15">ὁ</word>
    </Greek>
    <Lema>
     <word seq="15">ὁ</word>
    </Lema>
    <Morph>
     <word seq="15">dnms</word>
    </Morph>
    <Strong>
     <word seq="15">3588</word>
    </Strong>
    <LMcode>
     <word seq="15">92.24</word>
    </LMcode>
   </column>
   <column>
    <Greek>
     <word seq="16">κακοποιῶν</word>
    </Greek>
    <Lema>
     <word seq="16">κακοποιέω</word>
    </Lema>
    <Morph>
     <word seq="16">vppa-nms</word>
    </Morph>
    <Strong>
     <word seq="16">2554</word>
    </Strong>
    <LMcode>
     <word seq="16">88.112</word>
    </LMcode>
   </column>
   <column>
    <Greek>
     <word seq="17">οὐχ</word>
    </Greek>
    <Lema>
     <word seq="17">οὐ</word>
    </Lema>
    <Morph>
     <word seq="17">b</word>
    </Morph>
    <Strong>
     <word seq="17">3756</word>
    </Strong>
    <LMcode>
     <word seq="17">69.3</word>
    </LMcode>
   </column>
   <column>
    <Greek>
     <word seq="18">ἑώρακεν</word>
    </Greek>
    <Lema>
     <word seq="18">ὁράω</word>
    </Lema>
    <Morph>
     <word seq="18">vixa3s</word>
    </Morph>
    <Strong>
     <word seq="18">3708</word>
    </Strong>
    <LMcode>
     <word seq="18">24.1</word>
    </LMcode>
   </column>
   <column>
    <Greek>
     <word seq="19">τὸν</word>
    </Greek>
    <Lema>
     <word seq="19">ὁ</word>
    </Lema>
    <Morph>
     <word seq="19">dams</word>
    </Morph>
    <Strong>
     <word seq="19">3588</word>
    </Strong>
    <LMcode>
     <word seq="19">92.24</word>
    </LMcode>
   </column>
   <column>
    <Greek>
     <word seq="20">θεόν.</word>
    </Greek>
    <Lema>
     <word seq="20">θεός</word>
    </Lema>
    <Morph>
     <word seq="20">nams</word>
    </Morph>
    <Strong>
     <word seq="20">2316</word>
    </Strong>
    <LMcode>
     <word seq="20">12.1</word>
    </LMcode>
   </column>
  </verse>
  <verse number="12">
   <column>
    <Greek>
     <word seq="1">Δημητρίῳ</word>
    </Greek>
    <Lema>
     <word seq="1">Δημήτριος</word>
    </Lema>
    <Morph>
     <word seq="1">ndms</word>
    </Morph>
    <Strong>
     <word seq="1">1216</word>
    </Strong>
    <LMcode>
     <word seq="1">93.93</word>
    </LMcode>
   </column>
   <column>
    <Greek>
     <word seq="2">μεμαρτύρηται</word>
    </Greek>
    <Lema>
     <word seq="2">μαρτυρέω</word>
    </Lema>
    <Morph>
     <word seq="2">vixp3s</word>
    </Morph>
    <Strong>
     <word seq="2">3140</word>
    </Strong>
    <LMcode>
     <word seq="2">33.263</word>
    </LMcode>
   </column>
   <column>
    <Greek>
     <word seq="3">ὑπὸ</word>
    </Greek>
    <Lema>
     <word seq="3">ὑπό</word>
    </Lema>
    <Morph>
     <word seq="3">p</word>
    </Morph>
    <Strong>
     <word seq="3">5259</word>
    </Strong>
    <LMcode>
     <word seq="3">90.1</word>
    </LMcode>
   </column>
   <column>
    <Greek>
     <word seq="4">πάντων</word>
    </Greek>
    <Lema>
     <word seq="4">πᾶς</word>
    </Lema>
    <Morph>
     <word seq="4">agmp</word>
    </Morph>
    <Strong>
     <word seq="4">3956</word>
    </Strong>
    <LMcode>
     <word seq="4">59.23</word>
    </LMcode>
   </column>
   <column>
    <Greek>
     <word seq="5">καὶ</word>
    </Greek>
    <Lema>
     <word seq="5">καί</word>
    </Lema>
    <Morph>
     <word seq="5">c</word>
    </Morph>
    <Strong>
     <word seq="5">2532</word>
    </Strong>
    <LMcode>
     <word seq="5">89.92</word>
    </LMcode>
   </column>
   <column>
    <Greek>
     <word seq="6">ὑπὸ</word>
    </Greek>
    <Lema>
     <word seq="6">ὑπό</word>
    </Lema>
    <Morph>
     <word seq="6">p</word>
    </Morph>
    <Strong>
     <word seq="6">5259</word>
    </Strong>
    <LMcode>
     <word seq="6">90.1</word>
    </LMcode>
   </column>
   <column>
    <Greek>
     <word seq="7">αὐτῆς</word>
    </Greek>
    <Lema>
     <word seq="7">αὐτός</word>
    </Lema>
    <Morph>
     <word seq="7">rp3gfs</word>
    </Morph>
    <Strong>
     <word seq="7">846</word>
    </Strong>
    <LMcode>
     <word seq="7">92.37</word>
    </LMcode>
   </column>
   <column>
    <Greek>
     <word seq="8">τῆς</word>
    </Greek>
    <Lema>
     <word seq="8">ὁ</word>
    </Lema>
    <Morph>
     <word seq="8">dgfs</word>
    </Morph>
    <Strong>
     <word seq="8">3588</word>
    </Strong>
    <LMcode>
     <word seq="8">92.24</word>
    </LMcode>
   </column>
   <column>
    <Greek>
     <word seq="9">ἀληθείας·</word>
    </Greek>
    <Lema>
     <word seq="9">ἀλήθεια</word>
    </Lema>
    <Morph>
     <word seq="9">ngfs</word>
    </Morph>
    <Strong>
     <word seq="9">225</word>
    </Strong>
    <LMcode>
     <word seq="9">72.2</word>
    </LMcode>
   </column>
   <column>
    <Greek>
     <word seq="10">καὶ</word>
    </Greek>
    <Lema>
     <word seq="10">καί</word>
    </Lema>
    <Morph>
     <word seq="10">b</word>
    </Morph>
    <Strong>
     <word seq="10">2532</word>
    </Strong>
    <LMcode>
     <word seq="10">89.92</word>
    </LMcode>
   </column>
   <column>
    <Greek>
     <word seq="11">ἡμεῖς</word>
    </Greek>
    <Lema>
     <word seq="11">ἐγώ</word>
    </Lema>
    <Morph>
     <word seq="11">rp1n_p</word>
    </Morph>
    <Strong>
     <word seq="11">2249</word>
    </Strong>
    <LMcode>
     <word seq="11">92.1</word>
    </LMcode>
   </column>
   <column>
    <Greek>
     <word seq="12">δὲ</word>
    </Greek>
    <Lema>
     <word seq="12">δέ</word>
    </Lema>
    <Morph>
     <word seq="12">c</word>
    </Morph>
    <Strong>
     <word seq="12">1161</word>
    </Strong>
    <LMcode>
     <word seq="12">89.94</word>
    </LMcode>
   </column>
   <column>
    <Greek>
     <word seq="13">μαρτυροῦμεν,</word>
    </Greek>
    <Lema>
     <word seq="13">μαρτυρέω</word>
    </Lema>
    <Morph>
     <word seq="13">vipa1p</word>
    </Morph>
    <Strong>
     <word seq="13">3140</word>
    </Strong>
    <LMcode>
     <word seq="13">33.263</word>
    </LMcode>
   </column>
   <column>
    <Greek>
     <word seq="14">καὶ</word>
    </Greek>
    <Lema>
     <word seq="14">καί</word>
    </Lema>
    <Morph>
     <word seq="14">c</word>
    </Morph>
    <Strong>
     <word seq="14">2532</word>
    </Strong>
    <LMcode>
     <word seq="14">89.93</word>
    </LMcode>
   </column>
   <column>
    <Greek>
     <word seq="15">οἶδας</word>
    </Greek>
    <Lema>
     <word seq="15">οἶδα</word>
    </Lema>
    <Morph>
     <word seq="15">vixa2s</word>
    </Morph>
    <Strong>
     <word seq="15">1492</word>
    </Strong>
    <LMcode>
     <word seq="15">28.1</word>
    </LMcode>
   </column>
   <column>
    <Greek>
     <word seq="16">ὅτι</word>
    </Greek>
    <Lema>
     <word seq="16">ὅτι</word>
    </Lema>
    <Morph>
     <word seq="16">c</word>
    </Morph>
    <Strong>
     <word seq="16">3754</word>
    </Strong>
    <LMcode>
     <word seq="16">90.21</word>
    </LMcode>
   </column>
   <column>
    <Greek>
     <word seq="17">ἡ</word>
    </Greek>
    <Lema>
     <word seq="17">ὁ</word>
    </Lema>
    <Morph>
     <word seq="17">dnfs</word>
    </Morph>
    <Strong>
     <word seq="17">3588</word>
    </Strong>
    <LMcode>
     <word seq="17">92.24</word>
    </LMcode>
   </column>
   <column>
    <Greek>
     <word seq="18">μαρτυρία</word>
    </Greek>
    <Lema>
     <word seq="18">μαρτυρία</word>
    </Lema>
    <Morph>
     <word seq="18">nnfs</word>
    </Morph>
    <Strong>
     <word seq="18">3141</word>
    </Strong>
    <LMcode>
     <word seq="18">33.264</word>
    </LMcode>
   </column>
   <column>
    <Greek>
     <word seq="19">ἡμῶν</word>
    </Greek>
    <Lema>
     <word seq="19">ἐγώ</word>
    </Lema>
    <Morph>
     <word seq="19">rp1g_p</word>
    </Morph>
    <Strong>
     <word seq="19">2257</word>
    </Strong>
    <LMcode>
     <word seq="19">92.1</word>
    </LMcode>
   </column>
   <column>
    <Greek>
     <word seq="20">ἀληθής</word>
    </Greek>
    <Lema>
     <word seq="20">ἀληθής</word>
    </Lema>
    <Morph>
     <word seq="20">anfs</word>
    </Morph>
    <Strong>
     <word seq="20">227</word>
    </Strong>
    <LMcode>
     <word seq="20">72.1</word>
    </LMcode>
   </column>
   <column>
    <Greek>
     <word seq="21">ἐστιν.</word>
    </Greek>
    <Lema>
     <word seq="21">εἰμί</word>
    </Lema>
    <Morph>
     <word seq="21">vipa3s</word>
    </Morph>
    <Strong>
     <word seq="21">2076</word>
    </Strong>
    <LMcode>
     <word seq="21">13.1</word>
    </LMcode>
   </column>
  </verse>
  <verse number="13">
   <column>
    <Greek>
     <word seq="1">Πολλὰ</word>
    </Greek>
    <Lema>
     <word seq="1">πολύς</word>
    </Lema>
    <Morph>
     <word seq="1">aanp</word>
    </Morph>
    <Strong>
     <word seq="1">4183</word>
    </Strong>
    <LMcode>
     <word seq="1">59.1</word>
    </LMcode>
   </column>
   <column>
    <Greek>
     <word seq="2">εἶχον</word>
    </Greek>
    <Lema>
     <word seq="2">ἔχω</word>
    </Lema>
    <Morph>
     <word seq="2">viia1s</word>
    </Morph>
    <Strong>
     <word seq="2">2192</word>
    </Strong>
    <LMcode>
     <word seq="2">90.27</word>
    </LMcode>
   </column>
   <column>
    <Greek>
     <word seq="3">γράψαι</word>
    </Greek>
    <Lema>
     <word seq="3">γράφω</word>
    </Lema>
    <Morph>
     <word seq="3">vnaa</word>
    </Morph>
    <Strong>
     <word seq="3">1125</word>
    </Strong>
    <LMcode>
     <word seq="3">33.61</word>
    </LMcode>
   </column>
   <column>
    <Greek>
     <word seq="4">σοι</word>
    </Greek>
    <Lema>
     <word seq="4">σύ</word>
    </Lema>
    <Morph>
     <word seq="4">rp2d_s</word>
    </Morph>
    <Strong>
     <word seq="4">4671</word>
    </Strong>
    <LMcode>
     <word seq="4">92.6</word>
    </LMcode>
   </column>
   <column>
    <Greek>
     <word seq="5">ἀλλʼ</word>
    </Greek>
    <Lema>
     <word seq="5">ἀλλά</word>
    </Lema>
    <Morph>
     <word seq="5">c</word>
    </Morph>
    <Strong>
     <word seq="5">235</word>
    </Strong>
    <LMcode>
     <word seq="5">89.125</word>
    </LMcode>
   </column>
   <column>
    <Greek>
     <word seq="6">οὐ</word>
    </Greek>
    <Lema>
     <word seq="6">οὐ</word>
    </Lema>
    <Morph>
     <word seq="6">b</word>
    </Morph>
    <Strong>
     <word seq="6">3756</word>
    </Strong>
    <LMcode>
     <word seq="6">69.3</word>
    </LMcode>
   </column>
   <column>
    <Greek>
     <word seq="7">θέλω</word>
    </Greek>
    <Lema>
     <word seq="7">θέλω</word>
    </Lema>
    <Morph>
     <word seq="7">vipa1s</word>
    </Morph>
    <Strong>
     <word seq="7">2309</word>
    </Strong>
    <LMcode>
     <word seq="7">30.58</word>
    </LMcode>
   </column>
   <column>
    <Greek>
     <word seq="8">διὰ</word>
    </Greek>
    <Lema>
     <word seq="8">διά</word>
    </Lema>
    <Morph>
     <word seq="8">p</word>
    </Morph>
    <Strong>
     <word seq="8">1223</word>
    </Strong>
    <LMcode>
     <word seq="8">90.8</word>
    </LMcode>
   </column>
   <column>
    <Greek>
     <word seq="9">μέλανος</word>
    </Greek>
    <Lema>
     <word seq="9">μέλας</word>
    </Lema>
    <Morph>
     <word seq="9">agns</word>
    </Morph>
    <Strong>
     <word seq="9">3188</word>
    </Strong>
    <LMcode>
     <word seq="9">79.26</word>
    </LMcode>
   </column>
   <column>
    <Greek>
     <word seq="10">καὶ</word>
    </Greek>
    <Lema>
     <word seq="10">καί</word>
    </Lema>
    <Morph>
     <word seq="10">c</word>
    </Morph>
    <Strong>
     <word seq="10">2532</word>
    </Strong>
    <LMcode>
     <word seq="10">89.92</word>
    </LMcode>
   </column>
   <column>
    <Greek>
     <word seq="11">καλάμου</word>
    </Greek>
    <Lema>
     <word seq="11">κάλαμος</word>
    </Lema>
    <Morph>
     <word seq="11">ngms</word>
    </Morph>
    <Strong>
     <word seq="11">2563</word>
    </Strong>
    <LMcode>
     <word seq="11">6.56</word>
    </LMcode>
   </column>
   <column>
    <Greek>
     <word seq="12">σοι</word>
    </Greek>
    <Lema>
     <word seq="12">σύ</word>
    </Lema>
    <Morph>
     <word seq="12">rp2d_s</word>
    </Morph>
    <Strong>
     <word seq="12">4671</word>
    </Strong>
    <LMcode>
     <word seq="12">92.6</word>
    </LMcode>
   </column>
   <column>
    <Greek>
     <word seq="13">γράφειν·</word>
    </Greek>
    <Lema>
     <word seq="13">γράφω</word>
    </Lema>
    <Morph>
     <word seq="13">vnpa</word>
    </Morph>
    <Strong>
     <word seq="13">1125</word>
    </Strong>
    <LMcode>
     <word seq="13">33.61</word>
    </LMcode>
   </column>
  </verse>
  <verse number="14">
   <column>
    <Greek>
     <word seq="1">ἐλπίζω</word>
    </Greek>
    <Lema>
     <word seq="1">ἐλπίζω</word>
    </Lema>
    <Morph>
     <word seq="1">vipa1s</word>
    </Morph>
    <Strong>
     <word seq="1">1679</word>
    </Strong>
    <LMcode>
     <word seq="1">30.54</word>
    </LMcode>
   </column>
   <column>
    <Greek>
     <word seq="2">δὲ</word>
    </Greek>
    <Lema>
     <word seq="2">δέ</word>
    </Lema>
    <Morph>
     <word seq="2">c</word>
    </Morph>
    <Strong>
     <word seq="2">1161</word>
    </Strong>
    <LMcode>
     <word seq="2">89.124</word>
    </LMcode>
   </column>
   <column>
    <Greek>
     <word seq="3">εὐθέως</word>
    </Greek>
    <Lema>
     <word seq="3">εὐθέως</word>
    </Lema>
    <Morph>
     <word seq="3">b</word>
    </Morph>
    <Strong>
     <word seq="3">2112</word>
    </Strong>
    <LMcode>
     <word seq="3">67.53</word>
    </LMcode>
   </column>
   <column>
    <Greek>
     <word seq="4">σε</word>
    </Greek>
    <Lema>
     <word seq="4">σύ</word>
    </Lema>
    <Morph>
     <word seq="4">rp2a_s</word>
    </Morph>
    <Strong>
     <word seq="4">4571</word>
    </Strong>
    <LMcode>
     <word seq="4">92.6</word>
    </LMcode>
   </column>
   <column>
    <Greek>
     <word seq="5">ἰδεῖν,</word>
    </Greek>
    <Lema>
     <word seq="5">εἶδον</word>
    </Lema>
    <Morph>
     <word seq="5">vnaa</word>
    </Morph>
    <Strong>
     <word seq="5">1492</word>
    </Strong>
    <LMcode>
     <word seq="5">24.1</word>
    </LMcode>
   </column>
   <column>
    <Greek>
     <word seq="6">καὶ</word>
    </Greek>
    <Lema>
     <word seq="6">καί</word>
    </Lema>
    <Morph>
     <word seq="6">c</word>
    </Morph>
    <Strong>
     <word seq="6">2532</word>
    </Strong>
    <LMcode>
     <word seq="6">89.92</word>
    </LMcode>
   </column>
   <column>
    <Greek>
     <word seq="7">στόμα</word>
    </Greek>
    <Lema>
     <word seq="7">στόμα</word>
    </Lema>
    <Morph>
     <word seq="7">nans</word>
    </Morph>
    <Strong>
     <word seq="7">4750</word>
    </Strong>
    <LMcode>
     <word seq="7">83.39</word>
    </LMcode>
   </column>
   <column>
    <Greek>
     <word seq="8">πρὸς</word>
    </Greek>
    <Lema>
     <word seq="8">πρός</word>
    </Lema>
    <Morph>
     <word seq="8">p</word>
    </Morph>
    <Strong>
     <word seq="8">4314</word>
    </Strong>
    <LMcode>
     <word seq="8">83.39</word>
    </LMcode>
   </column>
   <column>
    <Greek>
     <word seq="9">στόμα</word>
    </Greek>
    <Lema>
     <word seq="9">στόμα</word>
    </Lema>
    <Morph>
     <word seq="9">nans</word>
    </Morph>
    <Strong>
     <word seq="9">4750</word>
    </Strong>
    <LMcode>
     <word seq="9">83.39</word>
    </LMcode>
   </column>
   <column>
    <Greek>
     <word seq="10">λἁλήσομεν.</word>
    </Greek>
    <Lema>
     <word seq="10">λαλέω</word>
    </Lema>
    <Morph>
     <word seq="10">vifa1p</word>
    </Morph>
    <Strong>
     <word seq="10">2980</word>
    </Strong>
    <LMcode>
     <word seq="10">33.70</word>
    </LMcode>
   </column>
  </verse>
  <verse number="15">
   <column>
    <Greek>
     <word seq="1">Εἰρήνη</word>
    </Greek>
    <Lema>
     <word seq="1">εἰρήνη</word>
    </Lema>
    <Morph>
     <word seq="1">nnfs</word>
    </Morph>
    <Strong>
     <word seq="1">1515</word>
    </Strong>
    <LMcode>
     <word seq="1">22.42</word>
    </LMcode>
   </column>
   <column>
    <Greek>
     <word seq="2">σοι.</word>
    </Greek>
    <Lema>
     <word seq="2">σύ</word>
    </Lema>
    <Morph>
     <word seq="2">rp2d_s</word>
    </Morph>
    <Strong>
     <word seq="2">4671</word>
    </Strong>
    <LMcode>
     <word seq="2">92.6</word>
    </LMcode>
   </column>
   <column>
    <Greek>
     <word seq="3">ἀσπάζονταί</word>
    </Greek>
    <Lema>
     <word seq="3">ἀσπάζομαι</word>
    </Lema>
    <Morph>
     <word seq="3">vipu3p</word>
    </Morph>
    <Strong>
     <word seq="3">782</word>
    </Strong>
    <LMcode>
     <word seq="3">33.20</word>
    </LMcode>
   </column>
   <column>
    <Greek>
     <word seq="4">σε</word>
    </Greek>
    <Lema>
     <word seq="4">σύ</word>
    </Lema>
    <Morph>
     <word seq="4">rp2a_s</word>
    </Morph>
    <Strong>
     <word seq="4">4571</word>
    </Strong>
    <LMcode>
     <word seq="4">92.6</word>
    </LMcode>
   </column>
   <column>
    <Greek>
     <word seq="5">οἱ</word>
    </Greek>
    <Lema>
     <word seq="5">ὁ</word>
    </Lema>
    <Morph>
     <word seq="5">dnmp</word>
    </Morph>
    <Strong>
     <word seq="5">3588</word>
    </Strong>
    <LMcode>
     <word seq="5">92.24</word>
    </LMcode>
   </column>
   <column>
    <Greek>
     <word seq="6">φίλοι.</word>
    </Greek>
    <Lema>
     <word seq="6">φίλος</word>
    </Lema>
    <Morph>
     <word seq="6">anmp</word>
    </Morph>
    <Strong>
     <word seq="6">5384</word>
    </Strong>
    <LMcode>
     <word seq="6">34.11</word>
    </LMcode>
   </column>
   <column>
    <Greek>
     <word seq="7">ἀσπάζου</word>
    </Greek>
    <Lema>
     <word seq="7">ἀσπάζομαι</word>
    </Lema>
    <Morph>
     <word seq="7">vmpu2s</word>
    </Morph>
    <Strong>
     <word seq="7">782</word>
    </Strong>
    <LMcode>
     <word seq="7">33.20</word>
    </LMcode>
   </column>
   <column>
    <Greek>
     <word seq="8">τοὺς</word>
    </Greek>
    <Lema>
     <word seq="8">ὁ</word>
    </Lema>
    <Morph>
     <word seq="8">damp</word>
    </Morph>
    <Strong>
     <word seq="8">3588</word>
    </Strong>
    <LMcode>
     <word seq="8">92.24</word>
    </LMcode>
   </column>
   <column>
    <Greek>
     <word seq="9">φίλους</word>
    </Greek>
    <Lema>
     <word seq="9">φίλος</word>
    </Lema>
    <Morph>
     <word seq="9">aamp</word>
    </Morph>
    <Strong>
     <word seq="9">5384</word>
    </Strong>
    <LMcode>
     <word seq="9">34.11</word>
    </LMcode>
   </column>
   <column>
    <Greek>
     <word seq="10">κατʼ</word>
    </Greek>
    <Lema>
     <word seq="10">κατά</word>
    </Lema>
    <Morph>
     <word seq="10">p</word>
    </Morph>
    <Strong>
     <word seq="10">2596</word>
    </Strong>
    <LMcode>
     <word seq="10">89.8</word>
    </LMcode>
   </column>
   <column>
    <Greek>
     <word seq="11">ὄνομα.</word>
    </Greek>
    <Lema>
     <word seq="11">ὄνομα</word>
    </Lema>
    <Morph>
     <word seq="11">nans</word>
    </Morph>
    <Strong>
     <word seq="11">3686</word>
    </Strong>
    <LMcode>
     <word seq="11">9.19</word>
    </LMcode>
   </column>
  </verse>
 </chapter>
</book>
