<?xml version="1.0" encoding="UTF-8" standalone="no"?>
<book>
 <chapter book="null" number="1">
  <verse number="1">
   <column>
    <Greek>
     <word seq="1">Πολυμερῶς</word>
    </Greek>
    <Lema>
     <word seq="1">πολυμερῶς</word>
    </Lema>
    <Morph>
     <word seq="1">b</word>
    </Morph>
    <Strong>
     <word seq="1">4181</word>
    </Strong>
    <LMcode>
     <word seq="1">63.19</word>
    </LMcode>
   </column>
   <column>
    <Greek>
     <word seq="2">καὶ</word>
    </Greek>
    <Lema>
     <word seq="2">καί</word>
    </Lema>
    <Morph>
     <word seq="2">c</word>
    </Morph>
    <Strong>
     <word seq="2">2532</word>
    </Strong>
    <LMcode>
     <word seq="2">89.92</word>
    </LMcode>
   </column>
   <column>
    <Greek>
     <word seq="3">πολυτρόπως</word>
    </Greek>
    <Lema>
     <word seq="3">πολυτρόπως</word>
    </Lema>
    <Morph>
     <word seq="3">b</word>
    </Morph>
    <Strong>
     <word seq="3">4187</word>
    </Strong>
    <LMcode>
     <word seq="3">58.29</word>
    </LMcode>
   </column>
   <column>
    <Greek>
     <word seq="4">πάλαι</word>
    </Greek>
    <Lema>
     <word seq="4">πάλαι</word>
    </Lema>
    <Morph>
     <word seq="4">b</word>
    </Morph>
    <Strong>
     <word seq="4">3819</word>
    </Strong>
    <LMcode>
     <word seq="4">67.24</word>
    </LMcode>
   </column>
   <column>
    <Greek>
     <word seq="5">ὁ</word>
    </Greek>
    <Lema>
     <word seq="5">ὁ</word>
    </Lema>
    <Morph>
     <word seq="5">dnms</word>
    </Morph>
    <Strong>
     <word seq="5">3588</word>
    </Strong>
    <LMcode>
     <word seq="5">92.24</word>
    </LMcode>
   </column>
   <column>
    <Greek>
     <word seq="6">θεὸς</word>
    </Greek>
    <Lema>
     <word seq="6">θεός</word>
    </Lema>
    <Morph>
     <word seq="6">nnms</word>
    </Morph>
    <Strong>
     <word seq="6">2316</word>
    </Strong>
    <LMcode>
     <word seq="6">12.1</word>
    </LMcode>
   </column>
   <column>
    <Greek>
     <word seq="7">λαλήσας</word>
    </Greek>
    <Lema>
     <word seq="7">λαλέω</word>
    </Lema>
    <Morph>
     <word seq="7">vpaa-nms</word>
    </Morph>
    <Strong>
     <word seq="7">2980</word>
    </Strong>
    <LMcode>
     <word seq="7">33.70</word>
    </LMcode>
   </column>
   <column>
    <Greek>
     <word seq="8">τοῖς</word>
    </Greek>
    <Lema>
     <word seq="8">ὁ</word>
    </Lema>
    <Morph>
     <word seq="8">ddmp</word>
    </Morph>
    <Strong>
     <word seq="8">3588</word>
    </Strong>
    <LMcode>
     <word seq="8">92.24</word>
    </LMcode>
   </column>
   <column>
    <Greek>
     <word seq="9">πατράσιν</word>
    </Greek>
    <Lema>
     <word seq="9">πατήρ</word>
    </Lema>
    <Morph>
     <word seq="9">ndmp</word>
    </Morph>
    <Strong>
     <word seq="9">3962</word>
    </Strong>
    <LMcode>
     <word seq="9">10.20</word>
    </LMcode>
   </column>
   <column>
    <Greek>
     <word seq="10">ἐν</word>
    </Greek>
    <Lema>
     <word seq="10">ἐν</word>
    </Lema>
    <Morph>
     <word seq="10">p</word>
    </Morph>
    <Strong>
     <word seq="10">1722</word>
    </Strong>
    <LMcode>
     <word seq="10">90.6</word>
    </LMcode>
   </column>
   <column>
    <Greek>
     <word seq="11">τοῖς</word>
    </Greek>
    <Lema>
     <word seq="11">ὁ</word>
    </Lema>
    <Morph>
     <word seq="11">ddmp</word>
    </Morph>
    <Strong>
     <word seq="11">3588</word>
    </Strong>
    <LMcode>
     <word seq="11">92.24</word>
    </LMcode>
   </column>
   <column>
    <Greek>
     <word seq="12">προφήταις</word>
    </Greek>
    <Lema>
     <word seq="12">προφήτης</word>
    </Lema>
    <Morph>
     <word seq="12">ndmp</word>
    </Morph>
    <Strong>
     <word seq="12">4396</word>
    </Strong>
    <LMcode>
     <word seq="12">53.79</word>
    </LMcode>
   </column>
  </verse>
  <verse number="2">
   <column>
    <Greek>
     <word seq="1">ἐπʼ</word>
    </Greek>
    <Lema>
     <word seq="1">ἐπί</word>
    </Lema>
    <Morph>
     <word seq="1">p</word>
    </Morph>
    <Strong>
     <word seq="1">1909</word>
    </Strong>
    <LMcode>
     <word seq="1">67.33</word>
    </LMcode>
   </column>
   <column>
    <Greek>
     <word seq="2">ἐσχάτου</word>
    </Greek>
    <Lema>
     <word seq="2">ἔσχατος</word>
    </Lema>
    <Morph>
     <word seq="2">agns, agms</word>
    </Morph>
    <Strong>
     <word seq="2">2078</word>
    </Strong>
    <LMcode>
     <word seq="2">61.13</word>
    </LMcode>
   </column>
   <column>
    <Greek>
     <word seq="3">τῶν</word>
    </Greek>
    <Lema>
     <word seq="3">ὁ</word>
    </Lema>
    <Morph>
     <word seq="3">dgfp</word>
    </Morph>
    <Strong>
     <word seq="3">3588</word>
    </Strong>
    <LMcode>
     <word seq="3">92.24</word>
    </LMcode>
   </column>
   <column>
    <Greek>
     <word seq="4">ἡμερῶν</word>
    </Greek>
    <Lema>
     <word seq="4">ἡμέρα</word>
    </Lema>
    <Morph>
     <word seq="4">ngfp</word>
    </Morph>
    <Strong>
     <word seq="4">2250</word>
    </Strong>
    <LMcode>
     <word seq="4">67.142</word>
    </LMcode>
   </column>
   <column>
    <Greek>
     <word seq="5">τούτων</word>
    </Greek>
    <Lema>
     <word seq="5">οὗτος</word>
    </Lema>
    <Morph>
     <word seq="5">rd-gfp</word>
    </Morph>
    <Strong>
     <word seq="5">5130</word>
    </Strong>
    <LMcode>
     <word seq="5">92.29</word>
    </LMcode>
   </column>
   <column>
    <Greek>
     <word seq="6">ἐλάλησεν</word>
    </Greek>
    <Lema>
     <word seq="6">λαλέω</word>
    </Lema>
    <Morph>
     <word seq="6">viaa3s</word>
    </Morph>
    <Strong>
     <word seq="6">2980</word>
    </Strong>
    <LMcode>
     <word seq="6">33.70</word>
    </LMcode>
   </column>
   <column>
    <Greek>
     <word seq="7">ἡμῖν</word>
    </Greek>
    <Lema>
     <word seq="7">ἐγώ</word>
    </Lema>
    <Morph>
     <word seq="7">rp1d_p</word>
    </Morph>
    <Strong>
     <word seq="7">2254</word>
    </Strong>
    <LMcode>
     <word seq="7">92.1</word>
    </LMcode>
   </column>
   <column>
    <Greek>
     <word seq="8">ἐν</word>
    </Greek>
    <Lema>
     <word seq="8">ἐν</word>
    </Lema>
    <Morph>
     <word seq="8">p</word>
    </Morph>
    <Strong>
     <word seq="8">1722</word>
    </Strong>
    <LMcode>
     <word seq="8">90.6</word>
    </LMcode>
   </column>
   <column>
    <Greek>
     <word seq="9">υἱῷ,</word>
    </Greek>
    <Lema>
     <word seq="9">υἱός</word>
    </Lema>
    <Morph>
     <word seq="9">ndms</word>
    </Morph>
    <Strong>
     <word seq="9">5207</word>
    </Strong>
    <LMcode>
     <word seq="9">12.15</word>
    </LMcode>
   </column>
   <column>
    <Greek>
     <word seq="10">ὃν</word>
    </Greek>
    <Lema>
     <word seq="10">ὅς</word>
    </Lema>
    <Morph>
     <word seq="10">rr-ams</word>
    </Morph>
    <Strong>
     <word seq="10">3739</word>
    </Strong>
    <LMcode>
     <word seq="10">92.27</word>
    </LMcode>
   </column>
   <column>
    <Greek>
     <word seq="11">ἔθηκεν</word>
    </Greek>
    <Lema>
     <word seq="11">τίθημι</word>
    </Lema>
    <Morph>
     <word seq="11">viaa3s</word>
    </Morph>
    <Strong>
     <word seq="11">5087</word>
    </Strong>
    <LMcode>
     <word seq="11">37.96</word>
    </LMcode>
   </column>
   <column>
    <Greek>
     <word seq="12">κληρονόμον</word>
    </Greek>
    <Lema>
     <word seq="12">κληρονόμος</word>
    </Lema>
    <Morph>
     <word seq="12">nams</word>
    </Morph>
    <Strong>
     <word seq="12">2818</word>
    </Strong>
    <LMcode>
     <word seq="12">57.139</word>
    </LMcode>
   </column>
   <column>
    <Greek>
     <word seq="13">πάντων,</word>
    </Greek>
    <Lema>
     <word seq="13">πᾶς</word>
    </Lema>
    <Morph>
     <word seq="13">agnp</word>
    </Morph>
    <Strong>
     <word seq="13">3956</word>
    </Strong>
    <LMcode>
     <word seq="13">59.23</word>
    </LMcode>
   </column>
   <column>
    <Greek>
     <word seq="14">διʼ</word>
    </Greek>
    <Lema>
     <word seq="14">διά</word>
    </Lema>
    <Morph>
     <word seq="14">p</word>
    </Morph>
    <Strong>
     <word seq="14">1223</word>
    </Strong>
    <LMcode>
     <word seq="14">90.4</word>
    </LMcode>
   </column>
   <column>
    <Greek>
     <word seq="15">οὗ</word>
    </Greek>
    <Lema>
     <word seq="15">ὅς</word>
    </Lema>
    <Morph>
     <word seq="15">rr-gms</word>
    </Morph>
    <Strong>
     <word seq="15">3739</word>
    </Strong>
    <LMcode>
     <word seq="15">92.27</word>
    </LMcode>
   </column>
   <column>
    <Greek>
     <word seq="16">καὶ</word>
    </Greek>
    <Lema>
     <word seq="16">καί</word>
    </Lema>
    <Morph>
     <word seq="16">b</word>
    </Morph>
    <Strong>
     <word seq="16">2532</word>
    </Strong>
    <LMcode>
     <word seq="16">89.93</word>
    </LMcode>
   </column>
   <column>
    <Greek>
     <word seq="17">ἐποίησεν</word>
    </Greek>
    <Lema>
     <word seq="17">ποιέω</word>
    </Lema>
    <Morph>
     <word seq="17">viaa3s</word>
    </Morph>
    <Strong>
     <word seq="17">4160</word>
    </Strong>
    <LMcode>
     <word seq="17">90.45</word>
    </LMcode>
   </column>
   <column>
    <Greek>
     <word seq="18">τοὺς</word>
    </Greek>
    <Lema>
     <word seq="18">ὁ</word>
    </Lema>
    <Morph>
     <word seq="18">damp</word>
    </Morph>
    <Strong>
     <word seq="18">3588</word>
    </Strong>
    <LMcode>
     <word seq="18">92.24</word>
    </LMcode>
   </column>
   <column>
    <Greek>
     <word seq="19">αἰῶνας·</word>
    </Greek>
    <Lema>
     <word seq="19">αἰών</word>
    </Lema>
    <Morph>
     <word seq="19">namp</word>
    </Morph>
    <Strong>
     <word seq="19">165</word>
    </Strong>
    <LMcode>
     <word seq="19">1.2</word>
    </LMcode>
   </column>
  </verse>
  <verse number="3">
   <column>
    <Greek>
     <word seq="1">ὃς</word>
    </Greek>
    <Lema>
     <word seq="1">ὅς</word>
    </Lema>
    <Morph>
     <word seq="1">rr-nms</word>
    </Morph>
    <Strong>
     <word seq="1">3739</word>
    </Strong>
    <LMcode>
     <word seq="1">92.27</word>
    </LMcode>
   </column>
   <column>
    <Greek>
     <word seq="2">ὢν</word>
    </Greek>
    <Lema>
     <word seq="2">εἰμί</word>
    </Lema>
    <Morph>
     <word seq="2">vppa-nms</word>
    </Morph>
    <Strong>
     <word seq="2">5607</word>
    </Strong>
    <LMcode>
     <word seq="2">13.1</word>
    </LMcode>
   </column>
   <column>
    <Greek>
     <word seq="3">ἀπαύγασμα</word>
    </Greek>
    <Lema>
     <word seq="3">ἀπαύγασμα</word>
    </Lema>
    <Morph>
     <word seq="3">nnns</word>
    </Morph>
    <Strong>
     <word seq="3">541</word>
    </Strong>
    <LMcode>
     <word seq="3">14.48</word>
    </LMcode>
   </column>
   <column>
    <Greek>
     <word seq="4">τῆς</word>
    </Greek>
    <Lema>
     <word seq="4">ὁ</word>
    </Lema>
    <Morph>
     <word seq="4">dgfs</word>
    </Morph>
    <Strong>
     <word seq="4">3588</word>
    </Strong>
    <LMcode>
     <word seq="4">92.24</word>
    </LMcode>
   </column>
   <column>
    <Greek>
     <word seq="5">δόξης</word>
    </Greek>
    <Lema>
     <word seq="5">δόξα</word>
    </Lema>
    <Morph>
     <word seq="5">ngfs</word>
    </Morph>
    <Strong>
     <word seq="5">1391</word>
    </Strong>
    <LMcode>
     <word seq="5">79.18</word>
    </LMcode>
   </column>
   <column>
    <Greek>
     <word seq="6">καὶ</word>
    </Greek>
    <Lema>
     <word seq="6">καί</word>
    </Lema>
    <Morph>
     <word seq="6">c</word>
    </Morph>
    <Strong>
     <word seq="6">2532</word>
    </Strong>
    <LMcode>
     <word seq="6">89.92</word>
    </LMcode>
   </column>
   <column>
    <Greek>
     <word seq="7">χαρακτὴρ</word>
    </Greek>
    <Lema>
     <word seq="7">χαρακτήρ</word>
    </Lema>
    <Morph>
     <word seq="7">nnms</word>
    </Morph>
    <Strong>
     <word seq="7">5481</word>
    </Strong>
    <LMcode>
     <word seq="7">58.62</word>
    </LMcode>
   </column>
   <column>
    <Greek>
     <word seq="8">τῆς</word>
    </Greek>
    <Lema>
     <word seq="8">ὁ</word>
    </Lema>
    <Morph>
     <word seq="8">dgfs</word>
    </Morph>
    <Strong>
     <word seq="8">3588</word>
    </Strong>
    <LMcode>
     <word seq="8">92.24</word>
    </LMcode>
   </column>
   <column>
    <Greek>
     <word seq="9">ὑποστάσεως</word>
    </Greek>
    <Lema>
     <word seq="9">ὑπόστασις</word>
    </Lema>
    <Morph>
     <word seq="9">ngfs</word>
    </Morph>
    <Strong>
     <word seq="9">5287</word>
    </Strong>
    <LMcode>
     <word seq="9">58.1</word>
    </LMcode>
   </column>
   <column>
    <Greek>
     <word seq="10">αὐτοῦ,</word>
    </Greek>
    <Lema>
     <word seq="10">αὐτός</word>
    </Lema>
    <Morph>
     <word seq="10">rp3gms</word>
    </Morph>
    <Strong>
     <word seq="10">846</word>
    </Strong>
    <LMcode>
     <word seq="10">92.11</word>
    </LMcode>
   </column>
   <column>
    <Greek>
     <word seq="11">φέρων</word>
    </Greek>
    <Lema>
     <word seq="11">φέρω</word>
    </Lema>
    <Morph>
     <word seq="11">vppa-nms</word>
    </Morph>
    <Strong>
     <word seq="11">5342</word>
    </Strong>
    <LMcode>
     <word seq="11">13.35</word>
    </LMcode>
   </column>
   <column>
    <Greek>
     <word seq="12">τε</word>
    </Greek>
    <Lema>
     <word seq="12">τέ</word>
    </Lema>
    <Morph>
     <word seq="12">c</word>
    </Morph>
    <Strong>
     <word seq="12">5037</word>
    </Strong>
    <LMcode>
     <word seq="12">89.95</word>
    </LMcode>
   </column>
   <column>
    <Greek>
     <word seq="13">τὰ</word>
    </Greek>
    <Lema>
     <word seq="13">ὁ</word>
    </Lema>
    <Morph>
     <word seq="13">danp</word>
    </Morph>
    <Strong>
     <word seq="13">3588</word>
    </Strong>
    <LMcode>
     <word seq="13">92.24</word>
    </LMcode>
   </column>
   <column>
    <Greek>
     <word seq="14">πάντα</word>
    </Greek>
    <Lema>
     <word seq="14">πᾶς</word>
    </Lema>
    <Morph>
     <word seq="14">aanp</word>
    </Morph>
    <Strong>
     <word seq="14">3956</word>
    </Strong>
    <LMcode>
     <word seq="14">59.23</word>
    </LMcode>
   </column>
   <column>
    <Greek>
     <word seq="15">τῷ</word>
    </Greek>
    <Lema>
     <word seq="15">ὁ</word>
    </Lema>
    <Morph>
     <word seq="15">ddns</word>
    </Morph>
    <Strong>
     <word seq="15">3588</word>
    </Strong>
    <LMcode>
     <word seq="15">92.24</word>
    </LMcode>
   </column>
   <column>
    <Greek>
     <word seq="16">ῥήματι</word>
    </Greek>
    <Lema>
     <word seq="16">ῥῆμα</word>
    </Lema>
    <Morph>
     <word seq="16">ndns</word>
    </Morph>
    <Strong>
     <word seq="16">4487</word>
    </Strong>
    <LMcode>
     <word seq="16">33.9</word>
    </LMcode>
   </column>
   <column>
    <Greek>
     <word seq="17">τῆς</word>
    </Greek>
    <Lema>
     <word seq="17">ὁ</word>
    </Lema>
    <Morph>
     <word seq="17">dgfs</word>
    </Morph>
    <Strong>
     <word seq="17">3588</word>
    </Strong>
    <LMcode>
     <word seq="17">92.24</word>
    </LMcode>
   </column>
   <column>
    <Greek>
     <word seq="18">δυνάμεως</word>
    </Greek>
    <Lema>
     <word seq="18">δύναμις</word>
    </Lema>
    <Morph>
     <word seq="18">ngfs</word>
    </Morph>
    <Strong>
     <word seq="18">1411</word>
    </Strong>
    <LMcode>
     <word seq="18">76.1</word>
    </LMcode>
   </column>
   <column>
    <Greek>
     <word seq="19">αὐτοῦ,</word>
    </Greek>
    <Lema>
     <word seq="19">αὐτός</word>
    </Lema>
    <Morph>
     <word seq="19">rp3gms</word>
    </Morph>
    <Strong>
     <word seq="19">846</word>
    </Strong>
    <LMcode>
     <word seq="19">92.11</word>
    </LMcode>
   </column>
   <column>
    <Greek>
     <word seq="20">καθαρισμὸν</word>
    </Greek>
    <Lema>
     <word seq="20">καθαρισμός</word>
    </Lema>
    <Morph>
     <word seq="20">nams</word>
    </Morph>
    <Strong>
     <word seq="20">2512</word>
    </Strong>
    <LMcode>
     <word seq="20">53.28</word>
    </LMcode>
   </column>
   <column>
    <Greek>
     <word seq="21">τῶν</word>
    </Greek>
    <Lema>
     <word seq="21">ὁ</word>
    </Lema>
    <Morph>
     <word seq="21">dgfp</word>
    </Morph>
    <Strong>
     <word seq="21">3588</word>
    </Strong>
    <LMcode>
     <word seq="21">92.24</word>
    </LMcode>
   </column>
   <column>
    <Greek>
     <word seq="22">ἁμαρτιῶν</word>
    </Greek>
    <Lema>
     <word seq="22">ἁμαρτία</word>
    </Lema>
    <Morph>
     <word seq="22">ngfp</word>
    </Morph>
    <Strong>
     <word seq="22">266</word>
    </Strong>
    <LMcode>
     <word seq="22">88.289</word>
    </LMcode>
   </column>
   <column>
    <Greek>
     <word seq="23">ποιησάμενος</word>
    </Greek>
    <Lema>
     <word seq="23">ποιέω</word>
    </Lema>
    <Morph>
     <word seq="23">vpam-nms</word>
    </Morph>
    <Strong>
     <word seq="23">4160</word>
    </Strong>
    <LMcode>
     <word seq="23">90.45</word>
    </LMcode>
   </column>
   <column>
    <Greek>
     <word seq="24">ἐκάθισεν</word>
    </Greek>
    <Lema>
     <word seq="24">καθίζω</word>
    </Lema>
    <Morph>
     <word seq="24">viaa3s</word>
    </Morph>
    <Strong>
     <word seq="24">2523</word>
    </Strong>
    <LMcode>
     <word seq="24">87.36</word>
    </LMcode>
   </column>
   <column>
    <Greek>
     <word seq="25">ἐν</word>
    </Greek>
    <Lema>
     <word seq="25">ἐν</word>
    </Lema>
    <Morph>
     <word seq="25">p</word>
    </Morph>
    <Strong>
     <word seq="25">1722</word>
    </Strong>
    <LMcode>
     <word seq="25">87.36</word>
    </LMcode>
   </column>
   <column>
    <Greek>
     <word seq="26">δεξιᾷ</word>
    </Greek>
    <Lema>
     <word seq="26">δεξιός</word>
    </Lema>
    <Morph>
     <word seq="26">adfs</word>
    </Morph>
    <Strong>
     <word seq="26">1188</word>
    </Strong>
    <LMcode>
     <word seq="26">87.36</word>
    </LMcode>
   </column>
   <column>
    <Greek>
     <word seq="27">τῆς</word>
    </Greek>
    <Lema>
     <word seq="27">ὁ</word>
    </Lema>
    <Morph>
     <word seq="27">dgfs</word>
    </Morph>
    <Strong>
     <word seq="27">3588</word>
    </Strong>
    <LMcode>
     <word seq="27">92.24</word>
    </LMcode>
   </column>
   <column>
    <Greek>
     <word seq="28">μεγαλωσύνης</word>
    </Greek>
    <Lema>
     <word seq="28">μεγαλωσύνη</word>
    </Lema>
    <Morph>
     <word seq="28">ngfs</word>
    </Morph>
    <Strong>
     <word seq="28">3172</word>
    </Strong>
    <LMcode>
     <word seq="28">12.5</word>
    </LMcode>
   </column>
   <column>
    <Greek>
     <word seq="29">ἐν</word>
    </Greek>
    <Lema>
     <word seq="29">ἐν</word>
    </Lema>
    <Morph>
     <word seq="29">p</word>
    </Morph>
    <Strong>
     <word seq="29">1722</word>
    </Strong>
    <LMcode>
     <word seq="29">83.13</word>
    </LMcode>
   </column>
   <column>
    <Greek>
     <word seq="30">ὑψηλοῖς,</word>
    </Greek>
    <Lema>
     <word seq="30">ὑψηλός</word>
    </Lema>
    <Morph>
     <word seq="30">admp, adnp</word>
    </Morph>
    <Strong>
     <word seq="30">5308</word>
    </Strong>
    <LMcode>
     <word seq="30">1.13</word>
    </LMcode>
   </column>
  </verse>
  <verse number="4">
   <column>
    <Greek>
     <word seq="1">τοσούτῳ</word>
    </Greek>
    <Lema>
     <word seq="1">τοσοῦτος</word>
    </Lema>
    <Morph>
     <word seq="1">rd-dms</word>
    </Morph>
    <Strong>
     <word seq="1">5118</word>
    </Strong>
    <LMcode>
     <word seq="1">78.52</word>
    </LMcode>
   </column>
   <column>
    <Greek>
     <word seq="2">κρείττων</word>
    </Greek>
    <Lema>
     <word seq="2">κρείττων</word>
    </Lema>
    <Morph>
     <word seq="2">anmsc</word>
    </Morph>
    <Strong>
     <word seq="2">2909</word>
    </Strong>
    <LMcode>
     <word seq="2">87.28</word>
    </LMcode>
   </column>
   <column>
    <Greek>
     <word seq="3">γενόμενος</word>
    </Greek>
    <Lema>
     <word seq="3">γίνομαι</word>
    </Lema>
    <Morph>
     <word seq="3">vpam-nms</word>
    </Morph>
    <Strong>
     <word seq="3">1096</word>
    </Strong>
    <LMcode>
     <word seq="3">13.3</word>
    </LMcode>
   </column>
   <column>
    <Greek>
     <word seq="4">τῶν</word>
    </Greek>
    <Lema>
     <word seq="4">ὁ</word>
    </Lema>
    <Morph>
     <word seq="4">dgmp</word>
    </Morph>
    <Strong>
     <word seq="4">3588</word>
    </Strong>
    <LMcode>
     <word seq="4">92.24</word>
    </LMcode>
   </column>
   <column>
    <Greek>
     <word seq="5">ἀγγέλων</word>
    </Greek>
    <Lema>
     <word seq="5">ἄγγελος</word>
    </Lema>
    <Morph>
     <word seq="5">ngmp</word>
    </Morph>
    <Strong>
     <word seq="5">32</word>
    </Strong>
    <LMcode>
     <word seq="5">12.28</word>
    </LMcode>
   </column>
   <column>
    <Greek>
     <word seq="6">ὅσῳ</word>
    </Greek>
    <Lema>
     <word seq="6">ὅσος</word>
    </Lema>
    <Morph>
     <word seq="6">rk-dns</word>
    </Morph>
    <Strong>
     <word seq="6">3745</word>
    </Strong>
    <LMcode>
     <word seq="6">78.52</word>
    </LMcode>
   </column>
   <column>
    <Greek>
     <word seq="7">διαφορώτερον</word>
    </Greek>
    <Lema>
     <word seq="7">διάφορος</word>
    </Lema>
    <Morph>
     <word seq="7">aansc</word>
    </Morph>
    <Strong>
     <word seq="7">1313</word>
    </Strong>
    <LMcode>
     <word seq="7">58.40</word>
    </LMcode>
   </column>
   <column>
    <Greek>
     <word seq="8">παρʼ</word>
    </Greek>
    <Lema>
     <word seq="8">παρά</word>
    </Lema>
    <Morph>
     <word seq="8">p</word>
    </Morph>
    <Strong>
     <word seq="8">3844</word>
    </Strong>
    <LMcode>
     <word seq="8">78.29</word>
    </LMcode>
   </column>
   <column>
    <Greek>
     <word seq="9">αὐτοὺς</word>
    </Greek>
    <Lema>
     <word seq="9">αὐτός</word>
    </Lema>
    <Morph>
     <word seq="9">rp3amp</word>
    </Morph>
    <Strong>
     <word seq="9">846</word>
    </Strong>
    <LMcode>
     <word seq="9">92.11</word>
    </LMcode>
   </column>
   <column>
    <Greek>
     <word seq="10">κεκληρονόμηκεν</word>
    </Greek>
    <Lema>
     <word seq="10">κληρονομέω</word>
    </Lema>
    <Morph>
     <word seq="10">vixa3s</word>
    </Morph>
    <Strong>
     <word seq="10">2816</word>
    </Strong>
    <LMcode>
     <word seq="10">57.131</word>
    </LMcode>
   </column>
   <column>
    <Greek>
     <word seq="11">ὄνομα.</word>
    </Greek>
    <Lema>
     <word seq="11">ὄνομα</word>
    </Lema>
    <Morph>
     <word seq="11">nans</word>
    </Morph>
    <Strong>
     <word seq="11">3686</word>
    </Strong>
    <LMcode>
     <word seq="11">33.126</word>
    </LMcode>
   </column>
  </verse>
  <verse number="5">
   <column>
    <Greek>
     <word seq="1">Τίνι</word>
    </Greek>
    <Lema>
     <word seq="1">τίς</word>
    </Lema>
    <Morph>
     <word seq="1">ri-dms</word>
    </Morph>
    <Strong>
     <word seq="1">5101</word>
    </Strong>
    <LMcode>
     <word seq="1">92.14</word>
    </LMcode>
   </column>
   <column>
    <Greek>
     <word seq="2">γὰρ</word>
    </Greek>
    <Lema>
     <word seq="2">γάρ</word>
    </Lema>
    <Morph>
     <word seq="2">c</word>
    </Morph>
    <Strong>
     <word seq="2">1063</word>
    </Strong>
    <LMcode>
     <word seq="2">89.23</word>
    </LMcode>
   </column>
   <column>
    <Greek>
     <word seq="3">εἶπέν</word>
    </Greek>
    <Lema>
     <word seq="3">εἶπον</word>
    </Lema>
    <Morph>
     <word seq="3">viaa3s</word>
    </Morph>
    <Strong>
     <word seq="3">2036</word>
    </Strong>
    <LMcode>
     <word seq="3">33.69</word>
    </LMcode>
   </column>
   <column>
    <Greek>
     <word seq="4">ποτε</word>
    </Greek>
    <Lema>
     <word seq="4">ποτέ</word>
    </Lema>
    <Morph>
     <word seq="4">b</word>
    </Morph>
    <Strong>
     <word seq="4">4218</word>
    </Strong>
    <LMcode>
     <word seq="4">67.9</word>
    </LMcode>
   </column>
   <column>
    <Greek>
     <word seq="5">τῶν</word>
    </Greek>
    <Lema>
     <word seq="5">ὁ</word>
    </Lema>
    <Morph>
     <word seq="5">dgmp</word>
    </Morph>
    <Strong>
     <word seq="5">3588</word>
    </Strong>
    <LMcode>
     <word seq="5">92.24</word>
    </LMcode>
   </column>
   <column>
    <Greek>
     <word seq="6">ἀγγέλων·</word>
    </Greek>
    <Lema>
     <word seq="6">ἄγγελος</word>
    </Lema>
    <Morph>
     <word seq="6">ngmp</word>
    </Morph>
    <Strong>
     <word seq="6">32</word>
    </Strong>
    <LMcode>
     <word seq="6">12.28</word>
    </LMcode>
   </column>
   <column>
    <Greek>
     <word seq="7">υἱός</word>
    </Greek>
    <Lema>
     <word seq="7">υἱός</word>
    </Lema>
    <Morph>
     <word seq="7">nnms</word>
    </Morph>
    <Strong>
     <word seq="7">5207</word>
    </Strong>
    <LMcode>
     <word seq="7">12.15</word>
    </LMcode>
   </column>
   <column>
    <Greek>
     <word seq="8">μου</word>
    </Greek>
    <Lema>
     <word seq="8">ἐγώ</word>
    </Lema>
    <Morph>
     <word seq="8">rp1g_s</word>
    </Morph>
    <Strong>
     <word seq="8">3450</word>
    </Strong>
    <LMcode>
     <word seq="8">92.1</word>
    </LMcode>
   </column>
   <column>
    <Greek>
     <word seq="9">εἶ</word>
    </Greek>
    <Lema>
     <word seq="9">εἰμί</word>
    </Lema>
    <Morph>
     <word seq="9">vipa2s</word>
    </Morph>
    <Strong>
     <word seq="9">1488</word>
    </Strong>
    <LMcode>
     <word seq="9">13.1</word>
    </LMcode>
   </column>
   <column>
    <Greek>
     <word seq="10">σύ,</word>
    </Greek>
    <Lema>
     <word seq="10">σύ</word>
    </Lema>
    <Morph>
     <word seq="10">rp2n_s</word>
    </Morph>
    <Strong>
     <word seq="10">4771</word>
    </Strong>
    <LMcode>
     <word seq="10">92.6</word>
    </LMcode>
   </column>
   <column>
    <Greek>
     <word seq="11">ἐγὼ</word>
    </Greek>
    <Lema>
     <word seq="11">ἐγώ</word>
    </Lema>
    <Morph>
     <word seq="11">rp1n_s</word>
    </Morph>
    <Strong>
     <word seq="11">1473</word>
    </Strong>
    <LMcode>
     <word seq="11">92.1</word>
    </LMcode>
   </column>
   <column>
    <Greek>
     <word seq="12">σήμερον</word>
    </Greek>
    <Lema>
     <word seq="12">σήμερον</word>
    </Lema>
    <Morph>
     <word seq="12">b</word>
    </Morph>
    <Strong>
     <word seq="12">4594</word>
    </Strong>
    <LMcode>
     <word seq="12">67.205</word>
    </LMcode>
   </column>
   <column>
    <Greek>
     <word seq="13">γεγέννηκά</word>
    </Greek>
    <Lema>
     <word seq="13">γεννάω</word>
    </Lema>
    <Morph>
     <word seq="13">vixa1s</word>
    </Morph>
    <Strong>
     <word seq="13">1080</word>
    </Strong>
    <LMcode>
     <word seq="13">23.58</word>
    </LMcode>
   </column>
   <column>
    <Greek>
     <word seq="14">σε;</word>
    </Greek>
    <Lema>
     <word seq="14">σύ</word>
    </Lema>
    <Morph>
     <word seq="14">rp2a_s</word>
    </Morph>
    <Strong>
     <word seq="14">4571</word>
    </Strong>
    <LMcode>
     <word seq="14">92.6</word>
    </LMcode>
   </column>
   <column>
    <Greek>
     <word seq="15">καὶ</word>
    </Greek>
    <Lema>
     <word seq="15">καί</word>
    </Lema>
    <Morph>
     <word seq="15">c</word>
    </Morph>
    <Strong>
     <word seq="15">2532</word>
    </Strong>
    <LMcode>
     <word seq="15">89.92</word>
    </LMcode>
   </column>
   <column>
    <Greek>
     <word seq="16">πάλιν·</word>
    </Greek>
    <Lema>
     <word seq="16">πάλιν</word>
    </Lema>
    <Morph>
     <word seq="16">b</word>
    </Morph>
    <Strong>
     <word seq="16">3825</word>
    </Strong>
    <LMcode>
     <word seq="16">67.55</word>
    </LMcode>
   </column>
   <column>
    <Greek>
     <word seq="17">ἐγὼ</word>
    </Greek>
    <Lema>
     <word seq="17">ἐγώ</word>
    </Lema>
    <Morph>
     <word seq="17">rp1n_s</word>
    </Morph>
    <Strong>
     <word seq="17">1473</word>
    </Strong>
    <LMcode>
     <word seq="17">92.1</word>
    </LMcode>
   </column>
   <column>
    <Greek>
     <word seq="18">ἔσομαι</word>
    </Greek>
    <Lema>
     <word seq="18">εἰμί</word>
    </Lema>
    <Morph>
     <word seq="18">vifm1s</word>
    </Morph>
    <Strong>
     <word seq="18">2071</word>
    </Strong>
    <LMcode>
     <word seq="18">13.1</word>
    </LMcode>
   </column>
   <column>
    <Greek>
     <word seq="19">αὐτῷ</word>
    </Greek>
    <Lema>
     <word seq="19">αὐτός</word>
    </Lema>
    <Morph>
     <word seq="19">rp3dms</word>
    </Morph>
    <Strong>
     <word seq="19">846</word>
    </Strong>
    <LMcode>
     <word seq="19">58.31</word>
    </LMcode>
   </column>
   <column>
    <Greek>
     <word seq="20">εἰς</word>
    </Greek>
    <Lema>
     <word seq="20">εἰς</word>
    </Lema>
    <Morph>
     <word seq="20">p</word>
    </Morph>
    <Strong>
     <word seq="20">1519</word>
    </Strong>
    <LMcode>
     <word seq="20">13.62</word>
    </LMcode>
   </column>
   <column>
    <Greek>
     <word seq="21">πατέρα,</word>
    </Greek>
    <Lema>
     <word seq="21">πατήρ</word>
    </Lema>
    <Morph>
     <word seq="21">nams</word>
    </Morph>
    <Strong>
     <word seq="21">3962</word>
    </Strong>
    <LMcode>
     <word seq="21">12.12</word>
    </LMcode>
   </column>
   <column>
    <Greek>
     <word seq="22">καὶ</word>
    </Greek>
    <Lema>
     <word seq="22">καί</word>
    </Lema>
    <Morph>
     <word seq="22">c</word>
    </Morph>
    <Strong>
     <word seq="22">2532</word>
    </Strong>
    <LMcode>
     <word seq="22">89.92</word>
    </LMcode>
   </column>
   <column>
    <Greek>
     <word seq="23">αὐτὸς</word>
    </Greek>
    <Lema>
     <word seq="23">αὐτός</word>
    </Lema>
    <Morph>
     <word seq="23">rp3nms</word>
    </Morph>
    <Strong>
     <word seq="23">846</word>
    </Strong>
    <LMcode>
     <word seq="23">92.11</word>
    </LMcode>
   </column>
   <column>
    <Greek>
     <word seq="24">ἔσται</word>
    </Greek>
    <Lema>
     <word seq="24">εἰμί</word>
    </Lema>
    <Morph>
     <word seq="24">vifm3s</word>
    </Morph>
    <Strong>
     <word seq="24">2071</word>
    </Strong>
    <LMcode>
     <word seq="24">13.1</word>
    </LMcode>
   </column>
   <column>
    <Greek>
     <word seq="25">μοι</word>
    </Greek>
    <Lema>
     <word seq="25">ἐγώ</word>
    </Lema>
    <Morph>
     <word seq="25">rp1d_s</word>
    </Morph>
    <Strong>
     <word seq="25">3427</word>
    </Strong>
    <LMcode>
     <word seq="25">92.1</word>
    </LMcode>
   </column>
   <column>
    <Greek>
     <word seq="26">εἰς</word>
    </Greek>
    <Lema>
     <word seq="26">εἰς</word>
    </Lema>
    <Morph>
     <word seq="26">p</word>
    </Morph>
    <Strong>
     <word seq="26">1519</word>
    </Strong>
    <LMcode>
     <word seq="26">13.62</word>
    </LMcode>
   </column>
   <column>
    <Greek>
     <word seq="27">υἱόν;</word>
    </Greek>
    <Lema>
     <word seq="27">υἱός</word>
    </Lema>
    <Morph>
     <word seq="27">nams</word>
    </Morph>
    <Strong>
     <word seq="27">5207</word>
    </Strong>
    <LMcode>
     <word seq="27">12.15</word>
    </LMcode>
   </column>
  </verse>
  <verse number="6">
   <column>
    <Greek>
     <word seq="1">ὅταν</word>
    </Greek>
    <Lema>
     <word seq="1">ὅταν</word>
    </Lema>
    <Morph>
     <word seq="1">c</word>
    </Morph>
    <Strong>
     <word seq="1">3752</word>
    </Strong>
    <LMcode>
     <word seq="1">67.30</word>
    </LMcode>
   </column>
   <column>
    <Greek>
     <word seq="2">δὲ</word>
    </Greek>
    <Lema>
     <word seq="2">δέ</word>
    </Lema>
    <Morph>
     <word seq="2">c</word>
    </Morph>
    <Strong>
     <word seq="2">1161</word>
    </Strong>
    <LMcode>
     <word seq="2">89.94</word>
    </LMcode>
   </column>
   <column>
    <Greek>
     <word seq="3">πάλιν</word>
    </Greek>
    <Lema>
     <word seq="3">πάλιν</word>
    </Lema>
    <Morph>
     <word seq="3">b</word>
    </Morph>
    <Strong>
     <word seq="3">3825</word>
    </Strong>
    <LMcode>
     <word seq="3">67.55</word>
    </LMcode>
   </column>
   <column>
    <Greek>
     <word seq="4">εἰσαγάγῃ</word>
    </Greek>
    <Lema>
     <word seq="4">εἰσάγω</word>
    </Lema>
    <Morph>
     <word seq="4">vsaa3s</word>
    </Morph>
    <Strong>
     <word seq="4">1521</word>
    </Strong>
    <LMcode>
     <word seq="4">15.194</word>
    </LMcode>
   </column>
   <column>
    <Greek>
     <word seq="5">τὸν</word>
    </Greek>
    <Lema>
     <word seq="5">ὁ</word>
    </Lema>
    <Morph>
     <word seq="5">dams</word>
    </Morph>
    <Strong>
     <word seq="5">3588</word>
    </Strong>
    <LMcode>
     <word seq="5">92.24</word>
    </LMcode>
   </column>
   <column>
    <Greek>
     <word seq="6">πρωτότοκον</word>
    </Greek>
    <Lema>
     <word seq="6">πρωτότοκος</word>
    </Lema>
    <Morph>
     <word seq="6">aams</word>
    </Morph>
    <Strong>
     <word seq="6">4416</word>
    </Strong>
    <LMcode>
     <word seq="6">10.43</word>
    </LMcode>
   </column>
   <column>
    <Greek>
     <word seq="7">εἰς</word>
    </Greek>
    <Lema>
     <word seq="7">εἰς</word>
    </Lema>
    <Morph>
     <word seq="7">p</word>
    </Morph>
    <Strong>
     <word seq="7">1519</word>
    </Strong>
    <LMcode>
     <word seq="7">84.22</word>
    </LMcode>
   </column>
   <column>
    <Greek>
     <word seq="8">τὴν</word>
    </Greek>
    <Lema>
     <word seq="8">ὁ</word>
    </Lema>
    <Morph>
     <word seq="8">dafs</word>
    </Morph>
    <Strong>
     <word seq="8">3588</word>
    </Strong>
    <LMcode>
     <word seq="8">92.24</word>
    </LMcode>
   </column>
   <column>
    <Greek>
     <word seq="9">οἰκουμένην,</word>
    </Greek>
    <Lema>
     <word seq="9">οἰκουμένη</word>
    </Lema>
    <Morph>
     <word seq="9">nafs</word>
    </Morph>
    <Strong>
     <word seq="9">3625</word>
    </Strong>
    <LMcode>
     <word seq="9">1.39</word>
    </LMcode>
   </column>
   <column>
    <Greek>
     <word seq="10">λέγει·</word>
    </Greek>
    <Lema>
     <word seq="10">λέγω</word>
    </Lema>
    <Morph>
     <word seq="10">vipa3s</word>
    </Morph>
    <Strong>
     <word seq="10">3004</word>
    </Strong>
    <LMcode>
     <word seq="10">33.69</word>
    </LMcode>
   </column>
   <column>
    <Greek>
     <word seq="11">καὶ</word>
    </Greek>
    <Lema>
     <word seq="11">καί</word>
    </Lema>
    <Morph>
     <word seq="11">c</word>
    </Morph>
    <Strong>
     <word seq="11">2532</word>
    </Strong>
    <LMcode>
     <word seq="11">91.12</word>
    </LMcode>
   </column>
   <column>
    <Greek>
     <word seq="12">προσκυνησάτωσαν</word>
    </Greek>
    <Lema>
     <word seq="12">προσκυνέω</word>
    </Lema>
    <Morph>
     <word seq="12">vmaa3p</word>
    </Morph>
    <Strong>
     <word seq="12">4352</word>
    </Strong>
    <LMcode>
     <word seq="12">53.56</word>
    </LMcode>
   </column>
   <column>
    <Greek>
     <word seq="13">αὐτῷ</word>
    </Greek>
    <Lema>
     <word seq="13">αὐτός</word>
    </Lema>
    <Morph>
     <word seq="13">rp3dms</word>
    </Morph>
    <Strong>
     <word seq="13">846</word>
    </Strong>
    <LMcode>
     <word seq="13">92.11</word>
    </LMcode>
   </column>
   <column>
    <Greek>
     <word seq="14">πάντες</word>
    </Greek>
    <Lema>
     <word seq="14">πᾶς</word>
    </Lema>
    <Morph>
     <word seq="14">anmp</word>
    </Morph>
    <Strong>
     <word seq="14">3956</word>
    </Strong>
    <LMcode>
     <word seq="14">59.23</word>
    </LMcode>
   </column>
   <column>
    <Greek>
     <word seq="15">ἄγγελοι</word>
    </Greek>
    <Lema>
     <word seq="15">ἄγγελος</word>
    </Lema>
    <Morph>
     <word seq="15">nnmp</word>
    </Morph>
    <Strong>
     <word seq="15">32</word>
    </Strong>
    <LMcode>
     <word seq="15">12.28</word>
    </LMcode>
   </column>
   <column>
    <Greek>
     <word seq="16">θεοῦ.</word>
    </Greek>
    <Lema>
     <word seq="16">θεός</word>
    </Lema>
    <Morph>
     <word seq="16">ngms</word>
    </Morph>
    <Strong>
     <word seq="16">2316</word>
    </Strong>
    <LMcode>
     <word seq="16">12.1</word>
    </LMcode>
   </column>
  </verse>
  <verse number="7">
   <column>
    <Greek>
     <word seq="1">καὶ</word>
    </Greek>
    <Lema>
     <word seq="1">καί</word>
    </Lema>
    <Morph>
     <word seq="1">c</word>
    </Morph>
    <Strong>
     <word seq="1">2532</word>
    </Strong>
    <LMcode>
     <word seq="1">91.1</word>
    </LMcode>
   </column>
   <column>
    <Greek>
     <word seq="2">πρὸς</word>
    </Greek>
    <Lema>
     <word seq="2">πρός</word>
    </Lema>
    <Morph>
     <word seq="2">p</word>
    </Morph>
    <Strong>
     <word seq="2">4314</word>
    </Strong>
    <LMcode>
     <word seq="2">90.58</word>
    </LMcode>
   </column>
   <column>
    <Greek>
     <word seq="3">μὲν</word>
    </Greek>
    <Lema>
     <word seq="3">μέν</word>
    </Lema>
    <Morph>
     <word seq="3">t</word>
    </Morph>
    <Strong>
     <word seq="3">3303</word>
    </Strong>
    <LMcode>
     <word seq="3">89.136</word>
    </LMcode>
   </column>
   <column>
    <Greek>
     <word seq="4">τοὺς</word>
    </Greek>
    <Lema>
     <word seq="4">ὁ</word>
    </Lema>
    <Morph>
     <word seq="4">damp</word>
    </Morph>
    <Strong>
     <word seq="4">3588</word>
    </Strong>
    <LMcode>
     <word seq="4">92.24</word>
    </LMcode>
   </column>
   <column>
    <Greek>
     <word seq="5">ἀγγέλους</word>
    </Greek>
    <Lema>
     <word seq="5">ἄγγελος</word>
    </Lema>
    <Morph>
     <word seq="5">namp</word>
    </Morph>
    <Strong>
     <word seq="5">32</word>
    </Strong>
    <LMcode>
     <word seq="5">12.28</word>
    </LMcode>
   </column>
   <column>
    <Greek>
     <word seq="6">λέγει·</word>
    </Greek>
    <Lema>
     <word seq="6">λέγω</word>
    </Lema>
    <Morph>
     <word seq="6">vipa3s</word>
    </Morph>
    <Strong>
     <word seq="6">3004</word>
    </Strong>
    <LMcode>
     <word seq="6">33.69</word>
    </LMcode>
   </column>
   <column>
    <Greek>
     <word seq="7">ὁ</word>
    </Greek>
    <Lema>
     <word seq="7">ὁ</word>
    </Lema>
    <Morph>
     <word seq="7">dnms</word>
    </Morph>
    <Strong>
     <word seq="7">3588</word>
    </Strong>
    <LMcode>
     <word seq="7">92.24</word>
    </LMcode>
   </column>
   <column>
    <Greek>
     <word seq="8">ποιῶν</word>
    </Greek>
    <Lema>
     <word seq="8">ποιέω</word>
    </Lema>
    <Morph>
     <word seq="8">vppa-nms</word>
    </Morph>
    <Strong>
     <word seq="8">4160</word>
    </Strong>
    <LMcode>
     <word seq="8">90.45</word>
    </LMcode>
   </column>
   <column>
    <Greek>
     <word seq="9">τοὺς</word>
    </Greek>
    <Lema>
     <word seq="9">ὁ</word>
    </Lema>
    <Morph>
     <word seq="9">damp</word>
    </Morph>
    <Strong>
     <word seq="9">3588</word>
    </Strong>
    <LMcode>
     <word seq="9">92.24</word>
    </LMcode>
   </column>
   <column>
    <Greek>
     <word seq="10">ἀγγέλους</word>
    </Greek>
    <Lema>
     <word seq="10">ἄγγελος</word>
    </Lema>
    <Morph>
     <word seq="10">namp</word>
    </Morph>
    <Strong>
     <word seq="10">32</word>
    </Strong>
    <LMcode>
     <word seq="10">12.28</word>
    </LMcode>
   </column>
   <column>
    <Greek>
     <word seq="11">αὐτοῦ</word>
    </Greek>
    <Lema>
     <word seq="11">αὐτός</word>
    </Lema>
    <Morph>
     <word seq="11">rp3gms</word>
    </Morph>
    <Strong>
     <word seq="11">846</word>
    </Strong>
    <LMcode>
     <word seq="11">92.11</word>
    </LMcode>
   </column>
   <column>
    <Greek>
     <word seq="12">πνεύματα</word>
    </Greek>
    <Lema>
     <word seq="12">πνεῦμα</word>
    </Lema>
    <Morph>
     <word seq="12">nanp</word>
    </Morph>
    <Strong>
     <word seq="12">4151</word>
    </Strong>
    <LMcode>
     <word seq="12">14.4</word>
    </LMcode>
   </column>
   <column>
    <Greek>
     <word seq="13">καὶ</word>
    </Greek>
    <Lema>
     <word seq="13">καί</word>
    </Lema>
    <Morph>
     <word seq="13">c</word>
    </Morph>
    <Strong>
     <word seq="13">2532</word>
    </Strong>
    <LMcode>
     <word seq="13">89.92</word>
    </LMcode>
   </column>
   <column>
    <Greek>
     <word seq="14">τοὺς</word>
    </Greek>
    <Lema>
     <word seq="14">ὁ</word>
    </Lema>
    <Morph>
     <word seq="14">damp</word>
    </Morph>
    <Strong>
     <word seq="14">3588</word>
    </Strong>
    <LMcode>
     <word seq="14">92.24</word>
    </LMcode>
   </column>
   <column>
    <Greek>
     <word seq="15">λειτουργοὺς</word>
    </Greek>
    <Lema>
     <word seq="15">λειτουργός</word>
    </Lema>
    <Morph>
     <word seq="15">namp</word>
    </Morph>
    <Strong>
     <word seq="15">3011</word>
    </Strong>
    <LMcode>
     <word seq="15">35.23</word>
    </LMcode>
   </column>
   <column>
    <Greek>
     <word seq="16">αὐτοῦ</word>
    </Greek>
    <Lema>
     <word seq="16">αὐτός</word>
    </Lema>
    <Morph>
     <word seq="16">rp3gms</word>
    </Morph>
    <Strong>
     <word seq="16">846</word>
    </Strong>
    <LMcode>
     <word seq="16">92.11</word>
    </LMcode>
   </column>
   <column>
    <Greek>
     <word seq="17">πυρὸς</word>
    </Greek>
    <Lema>
     <word seq="17">πῦρ</word>
    </Lema>
    <Morph>
     <word seq="17">ngns</word>
    </Morph>
    <Strong>
     <word seq="17">4442</word>
    </Strong>
    <LMcode>
     <word seq="17">2.3</word>
    </LMcode>
   </column>
   <column>
    <Greek>
     <word seq="18">φλόγα,</word>
    </Greek>
    <Lema>
     <word seq="18">φλόξ</word>
    </Lema>
    <Morph>
     <word seq="18">nafs</word>
    </Morph>
    <Strong>
     <word seq="18">5395</word>
    </Strong>
    <LMcode>
     <word seq="18">2.4</word>
    </LMcode>
   </column>
  </verse>
  <verse number="8">
   <column>
    <Greek>
     <word seq="1">πρὸς</word>
    </Greek>
    <Lema>
     <word seq="1">πρός</word>
    </Lema>
    <Morph>
     <word seq="1">p</word>
    </Morph>
    <Strong>
     <word seq="1">4314</word>
    </Strong>
    <LMcode>
     <word seq="1">90.58</word>
    </LMcode>
   </column>
   <column>
    <Greek>
     <word seq="2">δὲ</word>
    </Greek>
    <Lema>
     <word seq="2">δέ</word>
    </Lema>
    <Morph>
     <word seq="2">c</word>
    </Morph>
    <Strong>
     <word seq="2">1161</word>
    </Strong>
    <LMcode>
     <word seq="2">89.136</word>
    </LMcode>
   </column>
   <column>
    <Greek>
     <word seq="3">τὸν</word>
    </Greek>
    <Lema>
     <word seq="3">ὁ</word>
    </Lema>
    <Morph>
     <word seq="3">dams</word>
    </Morph>
    <Strong>
     <word seq="3">3588</word>
    </Strong>
    <LMcode>
     <word seq="3">92.24</word>
    </LMcode>
   </column>
   <column>
    <Greek>
     <word seq="4">υἱόν·</word>
    </Greek>
    <Lema>
     <word seq="4">υἱός</word>
    </Lema>
    <Morph>
     <word seq="4">nams</word>
    </Morph>
    <Strong>
     <word seq="4">5207</word>
    </Strong>
    <LMcode>
     <word seq="4">12.15</word>
    </LMcode>
   </column>
   <column>
    <Greek>
     <word seq="5">ὁ</word>
    </Greek>
    <Lema>
     <word seq="5">ὁ</word>
    </Lema>
    <Morph>
     <word seq="5">dnms</word>
    </Morph>
    <Strong>
     <word seq="5">3588</word>
    </Strong>
    <LMcode>
     <word seq="5">92.24</word>
    </LMcode>
   </column>
   <column>
    <Greek>
     <word seq="6">θρόνος</word>
    </Greek>
    <Lema>
     <word seq="6">θρόνος</word>
    </Lema>
    <Morph>
     <word seq="6">nnms</word>
    </Morph>
    <Strong>
     <word seq="6">2362</word>
    </Strong>
    <LMcode>
     <word seq="6">37.71</word>
    </LMcode>
   </column>
   <column>
    <Greek>
     <word seq="7">σου</word>
    </Greek>
    <Lema>
     <word seq="7">σύ</word>
    </Lema>
    <Morph>
     <word seq="7">rp2g_s</word>
    </Morph>
    <Strong>
     <word seq="7">4675</word>
    </Strong>
    <LMcode>
     <word seq="7">92.6</word>
    </LMcode>
   </column>
   <column>
    <Greek>
     <word seq="8">ὁ</word>
    </Greek>
    <Lema>
     <word seq="8">ὁ</word>
    </Lema>
    <Morph>
     <word seq="8">dnms</word>
    </Morph>
    <Strong>
     <word seq="8">3588</word>
    </Strong>
    <LMcode>
     <word seq="8">92.24</word>
    </LMcode>
   </column>
   <column>
    <Greek>
     <word seq="9">θεὸς</word>
    </Greek>
    <Lema>
     <word seq="9">θεός</word>
    </Lema>
    <Morph>
     <word seq="9">nnms</word>
    </Morph>
    <Strong>
     <word seq="9">2316</word>
    </Strong>
    <LMcode>
     <word seq="9">12.1</word>
    </LMcode>
   </column>
   <column>
    <Greek>
     <word seq="10">εἰς</word>
    </Greek>
    <Lema>
     <word seq="10">εἰς</word>
    </Lema>
    <Morph>
     <word seq="10">p</word>
    </Morph>
    <Strong>
     <word seq="10">1519</word>
    </Strong>
    <LMcode>
     <word seq="10">67.95</word>
    </LMcode>
   </column>
   <column>
    <Greek>
     <word seq="11">τὸν</word>
    </Greek>
    <Lema>
     <word seq="11">ὁ</word>
    </Lema>
    <Morph>
     <word seq="11">dams</word>
    </Morph>
    <Strong>
     <word seq="11">3588</word>
    </Strong>
    <LMcode>
     <word seq="11">92.24</word>
    </LMcode>
   </column>
   <column>
    <Greek>
     <word seq="12">αἰῶνα</word>
    </Greek>
    <Lema>
     <word seq="12">αἰών</word>
    </Lema>
    <Morph>
     <word seq="12">nams</word>
    </Morph>
    <Strong>
     <word seq="12">165</word>
    </Strong>
    <LMcode>
     <word seq="12">67.95</word>
    </LMcode>
   </column>
   <column>
    <Greek>
     <word seq="13">τοῦ</word>
    </Greek>
    <Lema>
     <word seq="13">ὁ</word>
    </Lema>
    <Morph>
     <word seq="13">dgms</word>
    </Morph>
    <Strong>
     <word seq="13">3588</word>
    </Strong>
    <LMcode>
     <word seq="13">92.24</word>
    </LMcode>
   </column>
   <column>
    <Greek>
     <word seq="14">αἰῶνος,</word>
    </Greek>
    <Lema>
     <word seq="14">αἰών</word>
    </Lema>
    <Morph>
     <word seq="14">ngms</word>
    </Morph>
    <Strong>
     <word seq="14">165</word>
    </Strong>
    <LMcode>
     <word seq="14">67.95</word>
    </LMcode>
   </column>
   <column>
    <Greek>
     <word seq="15">καὶ</word>
    </Greek>
    <Lema>
     <word seq="15">καί</word>
    </Lema>
    <Morph>
     <word seq="15">c</word>
    </Morph>
    <Strong>
     <word seq="15">2532</word>
    </Strong>
    <LMcode>
     <word seq="15">89.92</word>
    </LMcode>
   </column>
   <column>
    <Greek>
     <word seq="16">ἡ</word>
    </Greek>
    <Lema>
     <word seq="16">ὁ</word>
    </Lema>
    <Morph>
     <word seq="16">dnfs</word>
    </Morph>
    <Strong>
     <word seq="16">3588</word>
    </Strong>
    <LMcode>
     <word seq="16">92.24</word>
    </LMcode>
   </column>
   <column>
    <Greek>
     <word seq="17">ῥάβδος</word>
    </Greek>
    <Lema>
     <word seq="17">ῥάβδος</word>
    </Lema>
    <Morph>
     <word seq="17">nnfs</word>
    </Morph>
    <Strong>
     <word seq="17">4464</word>
    </Strong>
    <LMcode>
     <word seq="17">37.53</word>
    </LMcode>
   </column>
   <column>
    <Greek>
     <word seq="18">τῆς</word>
    </Greek>
    <Lema>
     <word seq="18">ὁ</word>
    </Lema>
    <Morph>
     <word seq="18">dgfs</word>
    </Morph>
    <Strong>
     <word seq="18">3588</word>
    </Strong>
    <LMcode>
     <word seq="18">92.24</word>
    </LMcode>
   </column>
   <column>
    <Greek>
     <word seq="19">εὐθύτητος</word>
    </Greek>
    <Lema>
     <word seq="19">εὐθύτης</word>
    </Lema>
    <Morph>
     <word seq="19">ngfs</word>
    </Morph>
    <Strong>
     <word seq="19">2118</word>
    </Strong>
    <LMcode>
     <word seq="19">88.19</word>
    </LMcode>
   </column>
   <column>
    <Greek>
     <word seq="20">ῥάβδος</word>
    </Greek>
    <Lema>
     <word seq="20">ῥάβδος</word>
    </Lema>
    <Morph>
     <word seq="20">nnfs</word>
    </Morph>
    <Strong>
     <word seq="20">4464</word>
    </Strong>
    <LMcode>
     <word seq="20">37.53</word>
    </LMcode>
   </column>
   <column>
    <Greek>
     <word seq="21">τῆς</word>
    </Greek>
    <Lema>
     <word seq="21">ὁ</word>
    </Lema>
    <Morph>
     <word seq="21">dgfs</word>
    </Morph>
    <Strong>
     <word seq="21">3588</word>
    </Strong>
    <LMcode>
     <word seq="21">92.24</word>
    </LMcode>
   </column>
   <column>
    <Greek>
     <word seq="22">βασιλείας</word>
    </Greek>
    <Lema>
     <word seq="22">βασιλεία</word>
    </Lema>
    <Morph>
     <word seq="22">ngfs</word>
    </Morph>
    <Strong>
     <word seq="22">932</word>
    </Strong>
    <LMcode>
     <word seq="22">1.82</word>
    </LMcode>
   </column>
   <column>
    <Greek>
     <word seq="23">σου.</word>
    </Greek>
    <Lema>
     <word seq="23">σύ</word>
    </Lema>
    <Morph>
     <word seq="23">rp2g_s</word>
    </Morph>
    <Strong>
     <word seq="23">4675</word>
    </Strong>
    <LMcode>
     <word seq="23">92.6</word>
    </LMcode>
   </column>
  </verse>
  <verse number="9">
   <column>
    <Greek>
     <word seq="1">ἠγάπησας</word>
    </Greek>
    <Lema>
     <word seq="1">ἀγαπάω</word>
    </Lema>
    <Morph>
     <word seq="1">viaa2s</word>
    </Morph>
    <Strong>
     <word seq="1">25</word>
    </Strong>
    <LMcode>
     <word seq="1">25.43</word>
    </LMcode>
   </column>
   <column>
    <Greek>
     <word seq="2">δικαιοσύνην</word>
    </Greek>
    <Lema>
     <word seq="2">δικαιοσύνη</word>
    </Lema>
    <Morph>
     <word seq="2">nafs</word>
    </Morph>
    <Strong>
     <word seq="2">1343</word>
    </Strong>
    <LMcode>
     <word seq="2">88.13</word>
    </LMcode>
   </column>
   <column>
    <Greek>
     <word seq="3">καὶ</word>
    </Greek>
    <Lema>
     <word seq="3">καί</word>
    </Lema>
    <Morph>
     <word seq="3">c</word>
    </Morph>
    <Strong>
     <word seq="3">2532</word>
    </Strong>
    <LMcode>
     <word seq="3">89.92</word>
    </LMcode>
   </column>
   <column>
    <Greek>
     <word seq="4">ἐμίσησας</word>
    </Greek>
    <Lema>
     <word seq="4">μισέω</word>
    </Lema>
    <Morph>
     <word seq="4">viaa2s</word>
    </Morph>
    <Strong>
     <word seq="4">3404</word>
    </Strong>
    <LMcode>
     <word seq="4">88.198</word>
    </LMcode>
   </column>
   <column>
    <Greek>
     <word seq="5">ἀνομίαν·</word>
    </Greek>
    <Lema>
     <word seq="5">ἀνομία</word>
    </Lema>
    <Morph>
     <word seq="5">nafs</word>
    </Morph>
    <Strong>
     <word seq="5">458</word>
    </Strong>
    <LMcode>
     <word seq="5">88.139</word>
    </LMcode>
   </column>
   <column>
    <Greek>
     <word seq="6">διὰ</word>
    </Greek>
    <Lema>
     <word seq="6">διά</word>
    </Lema>
    <Morph>
     <word seq="6">p</word>
    </Morph>
    <Strong>
     <word seq="6">1223</word>
    </Strong>
    <LMcode>
     <word seq="6">90.44</word>
    </LMcode>
   </column>
   <column>
    <Greek>
     <word seq="7">τοῦτο</word>
    </Greek>
    <Lema>
     <word seq="7">οὗτος</word>
    </Lema>
    <Morph>
     <word seq="7">rd-ans</word>
    </Morph>
    <Strong>
     <word seq="7">5124</word>
    </Strong>
    <LMcode>
     <word seq="7">92.29</word>
    </LMcode>
   </column>
   <column>
    <Greek>
     <word seq="8">ἔχρισέν</word>
    </Greek>
    <Lema>
     <word seq="8">χρίω</word>
    </Lema>
    <Morph>
     <word seq="8">viaa3s</word>
    </Morph>
    <Strong>
     <word seq="8">5548</word>
    </Strong>
    <LMcode>
     <word seq="8">37.107</word>
    </LMcode>
   </column>
   <column>
    <Greek>
     <word seq="9">σε</word>
    </Greek>
    <Lema>
     <word seq="9">σύ</word>
    </Lema>
    <Morph>
     <word seq="9">rp2a_s</word>
    </Morph>
    <Strong>
     <word seq="9">4571</word>
    </Strong>
    <LMcode>
     <word seq="9">92.6</word>
    </LMcode>
   </column>
   <column>
    <Greek>
     <word seq="10">ὁ</word>
    </Greek>
    <Lema>
     <word seq="10">ὁ</word>
    </Lema>
    <Morph>
     <word seq="10">dnms</word>
    </Morph>
    <Strong>
     <word seq="10">3588</word>
    </Strong>
    <LMcode>
     <word seq="10">92.24</word>
    </LMcode>
   </column>
   <column>
    <Greek>
     <word seq="11">θεὸς</word>
    </Greek>
    <Lema>
     <word seq="11">θεός</word>
    </Lema>
    <Morph>
     <word seq="11">nnms</word>
    </Morph>
    <Strong>
     <word seq="11">2316</word>
    </Strong>
    <LMcode>
     <word seq="11">12.1</word>
    </LMcode>
   </column>
   <column>
    <Greek>
     <word seq="12">ὁ</word>
    </Greek>
    <Lema>
     <word seq="12">ὁ</word>
    </Lema>
    <Morph>
     <word seq="12">dnms</word>
    </Morph>
    <Strong>
     <word seq="12">3588</word>
    </Strong>
    <LMcode>
     <word seq="12">92.24</word>
    </LMcode>
   </column>
   <column>
    <Greek>
     <word seq="13">θεός</word>
    </Greek>
    <Lema>
     <word seq="13">θεός</word>
    </Lema>
    <Morph>
     <word seq="13">nnms</word>
    </Morph>
    <Strong>
     <word seq="13">2316</word>
    </Strong>
    <LMcode>
     <word seq="13">12.1</word>
    </LMcode>
   </column>
   <column>
    <Greek>
     <word seq="14">σου</word>
    </Greek>
    <Lema>
     <word seq="14">σύ</word>
    </Lema>
    <Morph>
     <word seq="14">rp2g_s</word>
    </Morph>
    <Strong>
     <word seq="14">4675</word>
    </Strong>
    <LMcode>
     <word seq="14">92.6</word>
    </LMcode>
   </column>
   <column>
    <Greek>
     <word seq="15">ἔλαιον</word>
    </Greek>
    <Lema>
     <word seq="15">ἔλαιον</word>
    </Lema>
    <Morph>
     <word seq="15">nans</word>
    </Morph>
    <Strong>
     <word seq="15">1637</word>
    </Strong>
    <LMcode>
     <word seq="15">6.202</word>
    </LMcode>
   </column>
   <column>
    <Greek>
     <word seq="16">ἀγαλλιάσεως</word>
    </Greek>
    <Lema>
     <word seq="16">ἀγαλλίασις</word>
    </Lema>
    <Morph>
     <word seq="16">ngfs</word>
    </Morph>
    <Strong>
     <word seq="16">20</word>
    </Strong>
    <LMcode>
     <word seq="16">25.132</word>
    </LMcode>
   </column>
   <column>
    <Greek>
     <word seq="17">παρὰ</word>
    </Greek>
    <Lema>
     <word seq="17">παρά</word>
    </Lema>
    <Morph>
     <word seq="17">p</word>
    </Morph>
    <Strong>
     <word seq="17">3844</word>
    </Strong>
    <LMcode>
     <word seq="17">78.29</word>
    </LMcode>
   </column>
   <column>
    <Greek>
     <word seq="18">τοὺς</word>
    </Greek>
    <Lema>
     <word seq="18">ὁ</word>
    </Lema>
    <Morph>
     <word seq="18">damp</word>
    </Morph>
    <Strong>
     <word seq="18">3588</word>
    </Strong>
    <LMcode>
     <word seq="18">92.24</word>
    </LMcode>
   </column>
   <column>
    <Greek>
     <word seq="19">μετόχους</word>
    </Greek>
    <Lema>
     <word seq="19">μέτοχος</word>
    </Lema>
    <Morph>
     <word seq="19">aamp</word>
    </Morph>
    <Strong>
     <word seq="19">3353</word>
    </Strong>
    <LMcode>
     <word seq="19">34.8</word>
    </LMcode>
   </column>
   <column>
    <Greek>
     <word seq="20">σου.</word>
    </Greek>
    <Lema>
     <word seq="20">σύ</word>
    </Lema>
    <Morph>
     <word seq="20">rp2g_s</word>
    </Morph>
    <Strong>
     <word seq="20">4675</word>
    </Strong>
    <LMcode>
     <word seq="20">92.6</word>
    </LMcode>
   </column>
  </verse>
  <verse number="10">
   <column>
    <Greek>
     <word seq="1">καί·</word>
    </Greek>
    <Lema>
     <word seq="1">καί</word>
    </Lema>
    <Morph>
     <word seq="1">c</word>
    </Morph>
    <Strong>
     <word seq="1">2532</word>
    </Strong>
    <LMcode>
     <word seq="1">89.87</word>
    </LMcode>
   </column>
   <column>
    <Greek>
     <word seq="2">σὺ</word>
    </Greek>
    <Lema>
     <word seq="2">σύ</word>
    </Lema>
    <Morph>
     <word seq="2">rp2n_s</word>
    </Morph>
    <Strong>
     <word seq="2">4771</word>
    </Strong>
    <LMcode>
     <word seq="2">92.6</word>
    </LMcode>
   </column>
   <column>
    <Greek>
     <word seq="3">κατʼ</word>
    </Greek>
    <Lema>
     <word seq="3">κατά</word>
    </Lema>
    <Morph>
     <word seq="3">p</word>
    </Morph>
    <Strong>
     <word seq="3">2596</word>
    </Strong>
    <LMcode>
     <word seq="3">89.90</word>
    </LMcode>
   </column>
   <column>
    <Greek>
     <word seq="4">ἀρχάς,</word>
    </Greek>
    <Lema>
     <word seq="4">ἀρχή</word>
    </Lema>
    <Morph>
     <word seq="4">nafp</word>
    </Morph>
    <Strong>
     <word seq="4">746</word>
    </Strong>
    <LMcode>
     <word seq="4">67.65</word>
    </LMcode>
   </column>
   <column>
    <Greek>
     <word seq="5">κύριε,</word>
    </Greek>
    <Lema>
     <word seq="5">κύριος</word>
    </Lema>
    <Morph>
     <word seq="5">nvms</word>
    </Morph>
    <Strong>
     <word seq="5">2962</word>
    </Strong>
    <LMcode>
     <word seq="5">12.9</word>
    </LMcode>
   </column>
   <column>
    <Greek>
     <word seq="6">τὴν</word>
    </Greek>
    <Lema>
     <word seq="6">ὁ</word>
    </Lema>
    <Morph>
     <word seq="6">dafs</word>
    </Morph>
    <Strong>
     <word seq="6">3588</word>
    </Strong>
    <LMcode>
     <word seq="6">92.24</word>
    </LMcode>
   </column>
   <column>
    <Greek>
     <word seq="7">γῆν</word>
    </Greek>
    <Lema>
     <word seq="7">γῆ</word>
    </Lema>
    <Morph>
     <word seq="7">nafs</word>
    </Morph>
    <Strong>
     <word seq="7">1093</word>
    </Strong>
    <LMcode>
     <word seq="7">1.39</word>
    </LMcode>
   </column>
   <column>
    <Greek>
     <word seq="8">ἐθεμελίωσας,</word>
    </Greek>
    <Lema>
     <word seq="8">θεμελιόω</word>
    </Lema>
    <Morph>
     <word seq="8">viaa2s</word>
    </Morph>
    <Strong>
     <word seq="8">2311</word>
    </Strong>
    <LMcode>
     <word seq="8">7.42</word>
    </LMcode>
   </column>
   <column>
    <Greek>
     <word seq="9">καὶ</word>
    </Greek>
    <Lema>
     <word seq="9">καί</word>
    </Lema>
    <Morph>
     <word seq="9">c</word>
    </Morph>
    <Strong>
     <word seq="9">2532</word>
    </Strong>
    <LMcode>
     <word seq="9">89.92</word>
    </LMcode>
   </column>
   <column>
    <Greek>
     <word seq="10">ἔργα</word>
    </Greek>
    <Lema>
     <word seq="10">ἔργον</word>
    </Lema>
    <Morph>
     <word seq="10">nnnp</word>
    </Morph>
    <Strong>
     <word seq="10">2041</word>
    </Strong>
    <LMcode>
     <word seq="10">42.12</word>
    </LMcode>
   </column>
   <column>
    <Greek>
     <word seq="11">τῶν</word>
    </Greek>
    <Lema>
     <word seq="11">ὁ</word>
    </Lema>
    <Morph>
     <word seq="11">dgfp</word>
    </Morph>
    <Strong>
     <word seq="11">3588</word>
    </Strong>
    <LMcode>
     <word seq="11">92.24</word>
    </LMcode>
   </column>
   <column>
    <Greek>
     <word seq="12">χειρῶν</word>
    </Greek>
    <Lema>
     <word seq="12">χείρ</word>
    </Lema>
    <Morph>
     <word seq="12">ngfp</word>
    </Morph>
    <Strong>
     <word seq="12">5495</word>
    </Strong>
    <LMcode>
     <word seq="12">8.30</word>
    </LMcode>
   </column>
   <column>
    <Greek>
     <word seq="13">σού</word>
    </Greek>
    <Lema>
     <word seq="13">σύ</word>
    </Lema>
    <Morph>
     <word seq="13">rp2g_s</word>
    </Morph>
    <Strong>
     <word seq="13">4675</word>
    </Strong>
    <LMcode>
     <word seq="13">92.6</word>
    </LMcode>
   </column>
   <column>
    <Greek>
     <word seq="14">εἰσιν</word>
    </Greek>
    <Lema>
     <word seq="14">εἰμί</word>
    </Lema>
    <Morph>
     <word seq="14">vipa3p</word>
    </Morph>
    <Strong>
     <word seq="14">1526</word>
    </Strong>
    <LMcode>
     <word seq="14">13.1</word>
    </LMcode>
   </column>
   <column>
    <Greek>
     <word seq="15">οἱ</word>
    </Greek>
    <Lema>
     <word seq="15">ὁ</word>
    </Lema>
    <Morph>
     <word seq="15">dnmp</word>
    </Morph>
    <Strong>
     <word seq="15">3588</word>
    </Strong>
    <LMcode>
     <word seq="15">92.24</word>
    </LMcode>
   </column>
   <column>
    <Greek>
     <word seq="16">οὐρανοί·</word>
    </Greek>
    <Lema>
     <word seq="16">οὐρανός</word>
    </Lema>
    <Morph>
     <word seq="16">nnmp</word>
    </Morph>
    <Strong>
     <word seq="16">3772</word>
    </Strong>
    <LMcode>
     <word seq="16">1.5</word>
    </LMcode>
   </column>
  </verse>
  <verse number="11">
   <column>
    <Greek>
     <word seq="1">αὐτοὶ</word>
    </Greek>
    <Lema>
     <word seq="1">αὐτός</word>
    </Lema>
    <Morph>
     <word seq="1">rp3nmp</word>
    </Morph>
    <Strong>
     <word seq="1">846</word>
    </Strong>
    <LMcode>
     <word seq="1">92.11</word>
    </LMcode>
   </column>
   <column>
    <Greek>
     <word seq="2">ἀπολοῦνται,</word>
    </Greek>
    <Lema>
     <word seq="2">ἀπόλλυμι</word>
    </Lema>
    <Morph>
     <word seq="2">vifm3p</word>
    </Morph>
    <Strong>
     <word seq="2">622</word>
    </Strong>
    <LMcode>
     <word seq="2">13.96</word>
    </LMcode>
   </column>
   <column>
    <Greek>
     <word seq="3">σὺ</word>
    </Greek>
    <Lema>
     <word seq="3">σύ</word>
    </Lema>
    <Morph>
     <word seq="3">rp2n_s</word>
    </Morph>
    <Strong>
     <word seq="3">4771</word>
    </Strong>
    <LMcode>
     <word seq="3">92.6</word>
    </LMcode>
   </column>
   <column>
    <Greek>
     <word seq="4">δὲ</word>
    </Greek>
    <Lema>
     <word seq="4">δέ</word>
    </Lema>
    <Morph>
     <word seq="4">c</word>
    </Morph>
    <Strong>
     <word seq="4">1161</word>
    </Strong>
    <LMcode>
     <word seq="4">89.124</word>
    </LMcode>
   </column>
   <column>
    <Greek>
     <word seq="5">διαμένεις,</word>
    </Greek>
    <Lema>
     <word seq="5">διαμένω</word>
    </Lema>
    <Morph>
     <word seq="5">vipa2s</word>
    </Morph>
    <Strong>
     <word seq="5">1265</word>
    </Strong>
    <LMcode>
     <word seq="5">13.89</word>
    </LMcode>
   </column>
   <column>
    <Greek>
     <word seq="6">καὶ</word>
    </Greek>
    <Lema>
     <word seq="6">καί</word>
    </Lema>
    <Morph>
     <word seq="6">c</word>
    </Morph>
    <Strong>
     <word seq="6">2532</word>
    </Strong>
    <LMcode>
     <word seq="6">89.92</word>
    </LMcode>
   </column>
   <column>
    <Greek>
     <word seq="7">πάντες</word>
    </Greek>
    <Lema>
     <word seq="7">πᾶς</word>
    </Lema>
    <Morph>
     <word seq="7">anmp</word>
    </Morph>
    <Strong>
     <word seq="7">3956</word>
    </Strong>
    <LMcode>
     <word seq="7">59.23</word>
    </LMcode>
   </column>
   <column>
    <Greek>
     <word seq="8">ὡς</word>
    </Greek>
    <Lema>
     <word seq="8">ὡς</word>
    </Lema>
    <Morph>
     <word seq="8">c</word>
    </Morph>
    <Strong>
     <word seq="8">5613</word>
    </Strong>
    <LMcode>
     <word seq="8">64.12</word>
    </LMcode>
   </column>
   <column>
    <Greek>
     <word seq="9">ἱμάτιον</word>
    </Greek>
    <Lema>
     <word seq="9">ἱμάτιον</word>
    </Lema>
    <Morph>
     <word seq="9">nnns</word>
    </Morph>
    <Strong>
     <word seq="9">2440</word>
    </Strong>
    <LMcode>
     <word seq="9">6.162</word>
    </LMcode>
   </column>
   <column>
    <Greek>
     <word seq="10">παλαιωθήσονται,</word>
    </Greek>
    <Lema>
     <word seq="10">παλαιόω</word>
    </Lema>
    <Morph>
     <word seq="10">vifp3p</word>
    </Morph>
    <Strong>
     <word seq="10">3822</word>
    </Strong>
    <LMcode>
     <word seq="10">67.104</word>
    </LMcode>
   </column>
  </verse>
  <verse number="12">
   <column>
    <Greek>
     <word seq="1">καὶ</word>
    </Greek>
    <Lema>
     <word seq="1">καί</word>
    </Lema>
    <Morph>
     <word seq="1">c</word>
    </Morph>
    <Strong>
     <word seq="1">2532</word>
    </Strong>
    <LMcode>
     <word seq="1">89.92</word>
    </LMcode>
   </column>
   <column>
    <Greek>
     <word seq="2">ὡσεὶ</word>
    </Greek>
    <Lema>
     <word seq="2">ὡσεί</word>
    </Lema>
    <Morph>
     <word seq="2">c</word>
    </Morph>
    <Strong>
     <word seq="2">5616</word>
    </Strong>
    <LMcode>
     <word seq="2">64.12</word>
    </LMcode>
   </column>
   <column>
    <Greek>
     <word seq="3">περιβόλαιον</word>
    </Greek>
    <Lema>
     <word seq="3">περιβόλαιον</word>
    </Lema>
    <Morph>
     <word seq="3">nans, nnns</word>
    </Morph>
    <Strong>
     <word seq="3">4018</word>
    </Strong>
    <LMcode>
     <word seq="3">6.172</word>
    </LMcode>
   </column>
   <column>
    <Greek>
     <word seq="4">ἑλίξεις</word>
    </Greek>
    <Lema>
     <word seq="4">ἑλίσσω</word>
    </Lema>
    <Morph>
     <word seq="4">vifa2s</word>
    </Morph>
    <Strong>
     <word seq="4">1667</word>
    </Strong>
    <LMcode>
     <word seq="4">79.120</word>
    </LMcode>
   </column>
   <column>
    <Greek>
     <word seq="5">αὐτούς,</word>
    </Greek>
    <Lema>
     <word seq="5">αὐτός</word>
    </Lema>
    <Morph>
     <word seq="5">rp3amp</word>
    </Morph>
    <Strong>
     <word seq="5">846</word>
    </Strong>
    <LMcode>
     <word seq="5">92.11</word>
    </LMcode>
   </column>
   <column>
    <Greek>
     <word seq="6">ὡς</word>
    </Greek>
    <Lema>
     <word seq="6">ὡς</word>
    </Lema>
    <Morph>
     <word seq="6">c</word>
    </Morph>
    <Strong>
     <word seq="6">5613</word>
    </Strong>
    <LMcode>
     <word seq="6">64.12</word>
    </LMcode>
   </column>
   <column>
    <Greek>
     <word seq="7">ἱμάτιον</word>
    </Greek>
    <Lema>
     <word seq="7">ἱμάτιον</word>
    </Lema>
    <Morph>
     <word seq="7">nans</word>
    </Morph>
    <Strong>
     <word seq="7">2440</word>
    </Strong>
    <LMcode>
     <word seq="7">6.172</word>
    </LMcode>
   </column>
   <column>
    <Greek>
     <word seq="8">καὶ</word>
    </Greek>
    <Lema>
     <word seq="8">καί</word>
    </Lema>
    <Morph>
     <word seq="8">b</word>
    </Morph>
    <Strong>
     <word seq="8">2532</word>
    </Strong>
    <LMcode>
     <word seq="8">89.92</word>
    </LMcode>
   </column>
   <column>
    <Greek>
     <word seq="9">ἀλλαγήσονται·</word>
    </Greek>
    <Lema>
     <word seq="9">ἀλλάσσω</word>
    </Lema>
    <Morph>
     <word seq="9">vifp3p</word>
    </Morph>
    <Strong>
     <word seq="9">236</word>
    </Strong>
    <LMcode>
     <word seq="9">58.43</word>
    </LMcode>
   </column>
   <column>
    <Greek>
     <word seq="10">σὺ</word>
    </Greek>
    <Lema>
     <word seq="10">σύ</word>
    </Lema>
    <Morph>
     <word seq="10">rp2n_s</word>
    </Morph>
    <Strong>
     <word seq="10">4771</word>
    </Strong>
    <LMcode>
     <word seq="10">92.6</word>
    </LMcode>
   </column>
   <column>
    <Greek>
     <word seq="11">δὲ</word>
    </Greek>
    <Lema>
     <word seq="11">δέ</word>
    </Lema>
    <Morph>
     <word seq="11">c</word>
    </Morph>
    <Strong>
     <word seq="11">1161</word>
    </Strong>
    <LMcode>
     <word seq="11">89.124</word>
    </LMcode>
   </column>
   <column>
    <Greek>
     <word seq="12">ὁ</word>
    </Greek>
    <Lema>
     <word seq="12">ὁ</word>
    </Lema>
    <Morph>
     <word seq="12">dnms</word>
    </Morph>
    <Strong>
     <word seq="12">3588</word>
    </Strong>
    <LMcode>
     <word seq="12">92.24</word>
    </LMcode>
   </column>
   <column>
    <Greek>
     <word seq="13">αὐτὸς</word>
    </Greek>
    <Lema>
     <word seq="13">αὐτός</word>
    </Lema>
    <Morph>
     <word seq="13">rp3nms, anms</word>
    </Morph>
    <Strong>
     <word seq="13">846</word>
    </Strong>
    <LMcode>
     <word seq="13">58.31</word>
    </LMcode>
   </column>
   <column>
    <Greek>
     <word seq="14">εἶ</word>
    </Greek>
    <Lema>
     <word seq="14">εἰμί</word>
    </Lema>
    <Morph>
     <word seq="14">vipa2s</word>
    </Morph>
    <Strong>
     <word seq="14">1488</word>
    </Strong>
    <LMcode>
     <word seq="14">13.1</word>
    </LMcode>
   </column>
   <column>
    <Greek>
     <word seq="15">καὶ</word>
    </Greek>
    <Lema>
     <word seq="15">καί</word>
    </Lema>
    <Morph>
     <word seq="15">c</word>
    </Morph>
    <Strong>
     <word seq="15">2532</word>
    </Strong>
    <LMcode>
     <word seq="15">89.92</word>
    </LMcode>
   </column>
   <column>
    <Greek>
     <word seq="16">τὰ</word>
    </Greek>
    <Lema>
     <word seq="16">ὁ</word>
    </Lema>
    <Morph>
     <word seq="16">dnnp</word>
    </Morph>
    <Strong>
     <word seq="16">3588</word>
    </Strong>
    <LMcode>
     <word seq="16">92.24</word>
    </LMcode>
   </column>
   <column>
    <Greek>
     <word seq="17">ἔτη</word>
    </Greek>
    <Lema>
     <word seq="17">ἔτος</word>
    </Lema>
    <Morph>
     <word seq="17">nnnp</word>
    </Morph>
    <Strong>
     <word seq="17">2094</word>
    </Strong>
    <LMcode>
     <word seq="17">67.167</word>
    </LMcode>
   </column>
   <column>
    <Greek>
     <word seq="18">σου</word>
    </Greek>
    <Lema>
     <word seq="18">σύ</word>
    </Lema>
    <Morph>
     <word seq="18">rp2g_s</word>
    </Morph>
    <Strong>
     <word seq="18">4675</word>
    </Strong>
    <LMcode>
     <word seq="18">92.6</word>
    </LMcode>
   </column>
   <column>
    <Greek>
     <word seq="19">οὐκ</word>
    </Greek>
    <Lema>
     <word seq="19">οὐ</word>
    </Lema>
    <Morph>
     <word seq="19">b</word>
    </Morph>
    <Strong>
     <word seq="19">3756</word>
    </Strong>
    <LMcode>
     <word seq="19">69.3</word>
    </LMcode>
   </column>
   <column>
    <Greek>
     <word seq="20">ἐκλείψουσιν.</word>
    </Greek>
    <Lema>
     <word seq="20">ἐκλείπω</word>
    </Lema>
    <Morph>
     <word seq="20">vifa3p</word>
    </Morph>
    <Strong>
     <word seq="20">1587</word>
    </Strong>
    <LMcode>
     <word seq="20">13.39</word>
    </LMcode>
   </column>
  </verse>
  <verse number="13">
   <column>
    <Greek>
     <word seq="1">πρὸς</word>
    </Greek>
    <Lema>
     <word seq="1">πρός</word>
    </Lema>
    <Morph>
     <word seq="1">p</word>
    </Morph>
    <Strong>
     <word seq="1">4314</word>
    </Strong>
    <LMcode>
     <word seq="1">90.58</word>
    </LMcode>
   </column>
   <column>
    <Greek>
     <word seq="2">τίνα</word>
    </Greek>
    <Lema>
     <word seq="2">τίς</word>
    </Lema>
    <Morph>
     <word seq="2">ri-ams</word>
    </Morph>
    <Strong>
     <word seq="2">5101</word>
    </Strong>
    <LMcode>
     <word seq="2">92.14</word>
    </LMcode>
   </column>
   <column>
    <Greek>
     <word seq="3">δὲ</word>
    </Greek>
    <Lema>
     <word seq="3">δέ</word>
    </Lema>
    <Morph>
     <word seq="3">c</word>
    </Morph>
    <Strong>
     <word seq="3">1161</word>
    </Strong>
    <LMcode>
     <word seq="3">89.124</word>
    </LMcode>
   </column>
   <column>
    <Greek>
     <word seq="4">τῶν</word>
    </Greek>
    <Lema>
     <word seq="4">ὁ</word>
    </Lema>
    <Morph>
     <word seq="4">dgmp</word>
    </Morph>
    <Strong>
     <word seq="4">3588</word>
    </Strong>
    <LMcode>
     <word seq="4">92.24</word>
    </LMcode>
   </column>
   <column>
    <Greek>
     <word seq="5">ἀγγέλων</word>
    </Greek>
    <Lema>
     <word seq="5">ἄγγελος</word>
    </Lema>
    <Morph>
     <word seq="5">ngmp</word>
    </Morph>
    <Strong>
     <word seq="5">32</word>
    </Strong>
    <LMcode>
     <word seq="5">12.28</word>
    </LMcode>
   </column>
   <column>
    <Greek>
     <word seq="6">εἴρηκέν</word>
    </Greek>
    <Lema>
     <word seq="6">εἶπον</word>
    </Lema>
    <Morph>
     <word seq="6">vixa3s</word>
    </Morph>
    <Strong>
     <word seq="6">2046</word>
    </Strong>
    <LMcode>
     <word seq="6">33.69</word>
    </LMcode>
   </column>
   <column>
    <Greek>
     <word seq="7">ποτε·</word>
    </Greek>
    <Lema>
     <word seq="7">ποτέ</word>
    </Lema>
    <Morph>
     <word seq="7">b</word>
    </Morph>
    <Strong>
     <word seq="7">4218</word>
    </Strong>
    <LMcode>
     <word seq="7">67.9</word>
    </LMcode>
   </column>
   <column>
    <Greek>
     <word seq="8">κάθου</word>
    </Greek>
    <Lema>
     <word seq="8">κάθημαι</word>
    </Lema>
    <Morph>
     <word seq="8">vmpu2s</word>
    </Morph>
    <Strong>
     <word seq="8">2521</word>
    </Strong>
    <LMcode>
     <word seq="8">87.34</word>
    </LMcode>
   </column>
   <column>
    <Greek>
     <word seq="9">ἐκ</word>
    </Greek>
    <Lema>
     <word seq="9">ἐκ</word>
    </Lema>
    <Morph>
     <word seq="9">p</word>
    </Morph>
    <Strong>
     <word seq="9">1537</word>
    </Strong>
    <LMcode>
     <word seq="9">87.34</word>
    </LMcode>
   </column>
   <column>
    <Greek>
     <word seq="10">δεξιῶν</word>
    </Greek>
    <Lema>
     <word seq="10">δεξιός</word>
    </Lema>
    <Morph>
     <word seq="10">agnp, agmp</word>
    </Morph>
    <Strong>
     <word seq="10">1188</word>
    </Strong>
    <LMcode>
     <word seq="10">87.34</word>
    </LMcode>
   </column>
   <column>
    <Greek>
     <word seq="11">μου,</word>
    </Greek>
    <Lema>
     <word seq="11">ἐγώ</word>
    </Lema>
    <Morph>
     <word seq="11">rp1g_s</word>
    </Morph>
    <Strong>
     <word seq="11">3450</word>
    </Strong>
    <LMcode>
     <word seq="11">92.1</word>
    </LMcode>
   </column>
   <column>
    <Greek>
     <word seq="12">ἕως</word>
    </Greek>
    <Lema>
     <word seq="12">ἕως</word>
    </Lema>
    <Morph>
     <word seq="12">c</word>
    </Morph>
    <Strong>
     <word seq="12">2193</word>
    </Strong>
    <LMcode>
     <word seq="12">67.119</word>
    </LMcode>
   </column>
   <column>
    <Greek>
     <word seq="13">ἂν</word>
    </Greek>
    <Lema>
     <word seq="13">ἄν</word>
    </Lema>
    <Morph>
     <word seq="13">t</word>
    </Morph>
    <Strong>
     <word seq="13">302</word>
    </Strong>
    <LMcode>
     <word seq="13">71.8</word>
    </LMcode>
   </column>
   <column>
    <Greek>
     <word seq="14">θῶ</word>
    </Greek>
    <Lema>
     <word seq="14">τίθημι</word>
    </Lema>
    <Morph>
     <word seq="14">vsaa1s</word>
    </Morph>
    <Strong>
     <word seq="14">5087</word>
    </Strong>
    <LMcode>
     <word seq="14">13.9</word>
    </LMcode>
   </column>
   <column>
    <Greek>
     <word seq="15">τοὺς</word>
    </Greek>
    <Lema>
     <word seq="15">ὁ</word>
    </Lema>
    <Morph>
     <word seq="15">damp</word>
    </Morph>
    <Strong>
     <word seq="15">3588</word>
    </Strong>
    <LMcode>
     <word seq="15">92.24</word>
    </LMcode>
   </column>
   <column>
    <Greek>
     <word seq="16">ἐχθρούς</word>
    </Greek>
    <Lema>
     <word seq="16">ἐχθρός</word>
    </Lema>
    <Morph>
     <word seq="16">aamp</word>
    </Morph>
    <Strong>
     <word seq="16">2190</word>
    </Strong>
    <LMcode>
     <word seq="16">39.11</word>
    </LMcode>
   </column>
   <column>
    <Greek>
     <word seq="17">σου</word>
    </Greek>
    <Lema>
     <word seq="17">σύ</word>
    </Lema>
    <Morph>
     <word seq="17">rp2g_s</word>
    </Morph>
    <Strong>
     <word seq="17">4675</word>
    </Strong>
    <LMcode>
     <word seq="17">92.6</word>
    </LMcode>
   </column>
   <column>
    <Greek>
     <word seq="18">ὑποπόδιον</word>
    </Greek>
    <Lema>
     <word seq="18">ὑποπόδιον</word>
    </Lema>
    <Morph>
     <word seq="18">nans</word>
    </Morph>
    <Strong>
     <word seq="18">5286</word>
    </Strong>
    <LMcode>
     <word seq="18">37.8</word>
    </LMcode>
   </column>
   <column>
    <Greek>
     <word seq="19">τῶν</word>
    </Greek>
    <Lema>
     <word seq="19">ὁ</word>
    </Lema>
    <Morph>
     <word seq="19">dgmp</word>
    </Morph>
    <Strong>
     <word seq="19">3588</word>
    </Strong>
    <LMcode>
     <word seq="19">92.24</word>
    </LMcode>
   </column>
   <column>
    <Greek>
     <word seq="20">ποδῶν</word>
    </Greek>
    <Lema>
     <word seq="20">πούς</word>
    </Lema>
    <Morph>
     <word seq="20">ngmp</word>
    </Morph>
    <Strong>
     <word seq="20">4228</word>
    </Strong>
    <LMcode>
     <word seq="20">37.8</word>
    </LMcode>
   </column>
   <column>
    <Greek>
     <word seq="21">σου;</word>
    </Greek>
    <Lema>
     <word seq="21">σύ</word>
    </Lema>
    <Morph>
     <word seq="21">rp2g_s</word>
    </Morph>
    <Strong>
     <word seq="21">4675</word>
    </Strong>
    <LMcode>
     <word seq="21">92.6</word>
    </LMcode>
   </column>
  </verse>
  <verse number="14">
   <column>
    <Greek>
     <word seq="1">οὐχὶ</word>
    </Greek>
    <Lema>
     <word seq="1">οὐχί</word>
    </Lema>
    <Morph>
     <word seq="1">t</word>
    </Morph>
    <Strong>
     <word seq="1">3780</word>
    </Strong>
    <LMcode>
     <word seq="1">69.12</word>
    </LMcode>
   </column>
   <column>
    <Greek>
     <word seq="2">πάντες</word>
    </Greek>
    <Lema>
     <word seq="2">πᾶς</word>
    </Lema>
    <Morph>
     <word seq="2">anmp</word>
    </Morph>
    <Strong>
     <word seq="2">3956</word>
    </Strong>
    <LMcode>
     <word seq="2">59.23</word>
    </LMcode>
   </column>
   <column>
    <Greek>
     <word seq="3">εἰσὶν</word>
    </Greek>
    <Lema>
     <word seq="3">εἰμί</word>
    </Lema>
    <Morph>
     <word seq="3">vipa3p</word>
    </Morph>
    <Strong>
     <word seq="3">1526</word>
    </Strong>
    <LMcode>
     <word seq="3">13.1</word>
    </LMcode>
   </column>
   <column>
    <Greek>
     <word seq="4">λειτουργικὰ</word>
    </Greek>
    <Lema>
     <word seq="4">λειτουργικός</word>
    </Lema>
    <Morph>
     <word seq="4">annp</word>
    </Morph>
    <Strong>
     <word seq="4">3010</word>
    </Strong>
    <LMcode>
     <word seq="4">35.24</word>
    </LMcode>
   </column>
   <column>
    <Greek>
     <word seq="5">πνεύματα</word>
    </Greek>
    <Lema>
     <word seq="5">πνεῦμα</word>
    </Lema>
    <Morph>
     <word seq="5">nnnp</word>
    </Morph>
    <Strong>
     <word seq="5">4151</word>
    </Strong>
    <LMcode>
     <word seq="5">12.33</word>
    </LMcode>
   </column>
   <column>
    <Greek>
     <word seq="6">εἰς</word>
    </Greek>
    <Lema>
     <word seq="6">εἰς</word>
    </Lema>
    <Morph>
     <word seq="6">p</word>
    </Morph>
    <Strong>
     <word seq="6">1519</word>
    </Strong>
    <LMcode>
     <word seq="6">89.48</word>
    </LMcode>
   </column>
   <column>
    <Greek>
     <word seq="7">διακονίαν</word>
    </Greek>
    <Lema>
     <word seq="7">διακονία</word>
    </Lema>
    <Morph>
     <word seq="7">nafs</word>
    </Morph>
    <Strong>
     <word seq="7">1248</word>
    </Strong>
    <LMcode>
     <word seq="7">35.19</word>
    </LMcode>
   </column>
   <column>
    <Greek>
     <word seq="8">ἀποστελλόμενα</word>
    </Greek>
    <Lema>
     <word seq="8">ἀποστέλλω</word>
    </Lema>
    <Morph>
     <word seq="8">vppp-nnp</word>
    </Morph>
    <Strong>
     <word seq="8">649</word>
    </Strong>
    <LMcode>
     <word seq="8">15.66</word>
    </LMcode>
   </column>
   <column>
    <Greek>
     <word seq="9">διὰ</word>
    </Greek>
    <Lema>
     <word seq="9">διά</word>
    </Lema>
    <Morph>
     <word seq="9">p</word>
    </Morph>
    <Strong>
     <word seq="9">1223</word>
    </Strong>
    <LMcode>
     <word seq="9">90.38</word>
    </LMcode>
   </column>
   <column>
    <Greek>
     <word seq="10">τοὺς</word>
    </Greek>
    <Lema>
     <word seq="10">ὁ</word>
    </Lema>
    <Morph>
     <word seq="10">damp</word>
    </Morph>
    <Strong>
     <word seq="10">3588</word>
    </Strong>
    <LMcode>
     <word seq="10">92.24</word>
    </LMcode>
   </column>
   <column>
    <Greek>
     <word seq="11">μέλλοντας</word>
    </Greek>
    <Lema>
     <word seq="11">μέλλω</word>
    </Lema>
    <Morph>
     <word seq="11">vppa-amp</word>
    </Morph>
    <Strong>
     <word seq="11">3195</word>
    </Strong>
    <LMcode>
     <word seq="11">67.62</word>
    </LMcode>
   </column>
   <column>
    <Greek>
     <word seq="12">κληρονομεῖν</word>
    </Greek>
    <Lema>
     <word seq="12">κληρονομέω</word>
    </Lema>
    <Morph>
     <word seq="12">vnpa</word>
    </Morph>
    <Strong>
     <word seq="12">2816</word>
    </Strong>
    <LMcode>
     <word seq="12">57.131</word>
    </LMcode>
   </column>
   <column>
    <Greek>
     <word seq="13">σωτηρίαν;</word>
    </Greek>
    <Lema>
     <word seq="13">σωτηρία</word>
    </Lema>
    <Morph>
     <word seq="13">nafs</word>
    </Morph>
    <Strong>
     <word seq="13">4991</word>
    </Strong>
    <LMcode>
     <word seq="13">21.25</word>
    </LMcode>
   </column>
  </verse>
 </chapter>
</book>
