<?xml version="1.0" encoding="UTF-8" standalone="no"?>
<book>
 <chapter book="null" number="8">
  <verse number="1">
   <column>
    <Greek>
     <word seq="1">Κεφάλαιον</word>
    </Greek>
    <Lema>
     <word seq="1">κεφάλαιον</word>
    </Lema>
    <Morph>
     <word seq="1">nnns</word>
    </Morph>
    <Strong>
     <word seq="1">2774</word>
    </Strong>
    <LMcode>
     <word seq="1">33.12</word>
    </LMcode>
   </column>
   <column>
    <Greek>
     <word seq="2">δὲ</word>
    </Greek>
    <Lema>
     <word seq="2">δέ</word>
    </Lema>
    <Morph>
     <word seq="2">c</word>
    </Morph>
    <Strong>
     <word seq="2">1161</word>
    </Strong>
    <LMcode>
     <word seq="2">89.94</word>
    </LMcode>
   </column>
   <column>
    <Greek>
     <word seq="3">ἐπὶ</word>
    </Greek>
    <Lema>
     <word seq="3">ἐπί</word>
    </Lema>
    <Morph>
     <word seq="3">p</word>
    </Morph>
    <Strong>
     <word seq="3">1909</word>
    </Strong>
    <LMcode>
     <word seq="3">90.23</word>
    </LMcode>
   </column>
   <column>
    <Greek>
     <word seq="4">τοῖς</word>
    </Greek>
    <Lema>
     <word seq="4">ὁ</word>
    </Lema>
    <Morph>
     <word seq="4">ddnp</word>
    </Morph>
    <Strong>
     <word seq="4">3588</word>
    </Strong>
    <LMcode>
     <word seq="4">92.24</word>
    </LMcode>
   </column>
   <column>
    <Greek>
     <word seq="5">λεγομένοις,</word>
    </Greek>
    <Lema>
     <word seq="5">λέγω</word>
    </Lema>
    <Morph>
     <word seq="5">vppp-dnp</word>
    </Morph>
    <Strong>
     <word seq="5">3004</word>
    </Strong>
    <LMcode>
     <word seq="5">33.69</word>
    </LMcode>
   </column>
   <column>
    <Greek>
     <word seq="6">τοιοῦτον</word>
    </Greek>
    <Lema>
     <word seq="6">τοιοῦτος</word>
    </Lema>
    <Morph>
     <word seq="6">aams, rd-ams</word>
    </Morph>
    <Strong>
     <word seq="6">5108</word>
    </Strong>
    <LMcode>
     <word seq="6">92.31</word>
    </LMcode>
   </column>
   <column>
    <Greek>
     <word seq="7">ἔχομεν</word>
    </Greek>
    <Lema>
     <word seq="7">ἔχω</word>
    </Lema>
    <Morph>
     <word seq="7">vipa1p</word>
    </Morph>
    <Strong>
     <word seq="7">2192</word>
    </Strong>
    <LMcode>
     <word seq="7">57.1</word>
    </LMcode>
   </column>
   <column>
    <Greek>
     <word seq="8">ἀρχιερέα,</word>
    </Greek>
    <Lema>
     <word seq="8">ἀρχιερεύς</word>
    </Lema>
    <Morph>
     <word seq="8">nams</word>
    </Morph>
    <Strong>
     <word seq="8">749</word>
    </Strong>
    <LMcode>
     <word seq="8">53.89</word>
    </LMcode>
   </column>
   <column>
    <Greek>
     <word seq="9">ὃς</word>
    </Greek>
    <Lema>
     <word seq="9">ὅς</word>
    </Lema>
    <Morph>
     <word seq="9">rr-nms</word>
    </Morph>
    <Strong>
     <word seq="9">3739</word>
    </Strong>
    <LMcode>
     <word seq="9">92.27</word>
    </LMcode>
   </column>
   <column>
    <Greek>
     <word seq="10">ἐκάθισεν</word>
    </Greek>
    <Lema>
     <word seq="10">καθίζω</word>
    </Lema>
    <Morph>
     <word seq="10">viaa3s</word>
    </Morph>
    <Strong>
     <word seq="10">2523</word>
    </Strong>
    <LMcode>
     <word seq="10">87.36</word>
    </LMcode>
   </column>
   <column>
    <Greek>
     <word seq="11">ἐν</word>
    </Greek>
    <Lema>
     <word seq="11">ἐν</word>
    </Lema>
    <Morph>
     <word seq="11">p</word>
    </Morph>
    <Strong>
     <word seq="11">1722</word>
    </Strong>
    <LMcode>
     <word seq="11">87.36</word>
    </LMcode>
   </column>
   <column>
    <Greek>
     <word seq="12">δεξιᾷ</word>
    </Greek>
    <Lema>
     <word seq="12">δεξιός</word>
    </Lema>
    <Morph>
     <word seq="12">adfs</word>
    </Morph>
    <Strong>
     <word seq="12">1188</word>
    </Strong>
    <LMcode>
     <word seq="12">87.36</word>
    </LMcode>
   </column>
   <column>
    <Greek>
     <word seq="13">τοῦ</word>
    </Greek>
    <Lema>
     <word seq="13">ὁ</word>
    </Lema>
    <Morph>
     <word seq="13">dgms</word>
    </Morph>
    <Strong>
     <word seq="13">3588</word>
    </Strong>
    <LMcode>
     <word seq="13">92.24</word>
    </LMcode>
   </column>
   <column>
    <Greek>
     <word seq="14">θρόνου</word>
    </Greek>
    <Lema>
     <word seq="14">θρόνος</word>
    </Lema>
    <Morph>
     <word seq="14">ngms</word>
    </Morph>
    <Strong>
     <word seq="14">2362</word>
    </Strong>
    <LMcode>
     <word seq="14">6.112</word>
    </LMcode>
   </column>
   <column>
    <Greek>
     <word seq="15">τῆς</word>
    </Greek>
    <Lema>
     <word seq="15">ὁ</word>
    </Lema>
    <Morph>
     <word seq="15">dgfs</word>
    </Morph>
    <Strong>
     <word seq="15">3588</word>
    </Strong>
    <LMcode>
     <word seq="15">92.24</word>
    </LMcode>
   </column>
   <column>
    <Greek>
     <word seq="16">μεγαλωσύνης</word>
    </Greek>
    <Lema>
     <word seq="16">μεγαλωσύνη</word>
    </Lema>
    <Morph>
     <word seq="16">ngfs</word>
    </Morph>
    <Strong>
     <word seq="16">3172</word>
    </Strong>
    <LMcode>
     <word seq="16">12.5</word>
    </LMcode>
   </column>
   <column>
    <Greek>
     <word seq="17">ἐν</word>
    </Greek>
    <Lema>
     <word seq="17">ἐν</word>
    </Lema>
    <Morph>
     <word seq="17">p</word>
    </Morph>
    <Strong>
     <word seq="17">1722</word>
    </Strong>
    <LMcode>
     <word seq="17">83.13</word>
    </LMcode>
   </column>
   <column>
    <Greek>
     <word seq="18">τοῖς</word>
    </Greek>
    <Lema>
     <word seq="18">ὁ</word>
    </Lema>
    <Morph>
     <word seq="18">ddmp</word>
    </Morph>
    <Strong>
     <word seq="18">3588</word>
    </Strong>
    <LMcode>
     <word seq="18">92.24</word>
    </LMcode>
   </column>
   <column>
    <Greek>
     <word seq="19">οὐρανοῖς,</word>
    </Greek>
    <Lema>
     <word seq="19">οὐρανός</word>
    </Lema>
    <Morph>
     <word seq="19">ndmp</word>
    </Morph>
    <Strong>
     <word seq="19">3772</word>
    </Strong>
    <LMcode>
     <word seq="19">1.11</word>
    </LMcode>
   </column>
  </verse>
  <verse number="2">
   <column>
    <Greek>
     <word seq="1">τῶν</word>
    </Greek>
    <Lema>
     <word seq="1">ὁ</word>
    </Lema>
    <Morph>
     <word seq="1">dgnp</word>
    </Morph>
    <Strong>
     <word seq="1">3588</word>
    </Strong>
    <LMcode>
     <word seq="1">92.24</word>
    </LMcode>
   </column>
   <column>
    <Greek>
     <word seq="2">ἁγίων</word>
    </Greek>
    <Lema>
     <word seq="2">ἅγιος</word>
    </Lema>
    <Morph>
     <word seq="2">agnp</word>
    </Morph>
    <Strong>
     <word seq="2">39</word>
    </Strong>
    <LMcode>
     <word seq="2">11.27</word>
    </LMcode>
   </column>
   <column>
    <Greek>
     <word seq="3">λειτουργὸς</word>
    </Greek>
    <Lema>
     <word seq="3">λειτουργός</word>
    </Lema>
    <Morph>
     <word seq="3">nnms</word>
    </Morph>
    <Strong>
     <word seq="3">3011</word>
    </Strong>
    <LMcode>
     <word seq="3">35.23</word>
    </LMcode>
   </column>
   <column>
    <Greek>
     <word seq="4">καὶ</word>
    </Greek>
    <Lema>
     <word seq="4">καί</word>
    </Lema>
    <Morph>
     <word seq="4">c</word>
    </Morph>
    <Strong>
     <word seq="4">2532</word>
    </Strong>
    <LMcode>
     <word seq="4">89.92</word>
    </LMcode>
   </column>
   <column>
    <Greek>
     <word seq="5">τῆς</word>
    </Greek>
    <Lema>
     <word seq="5">ὁ</word>
    </Lema>
    <Morph>
     <word seq="5">dgfs</word>
    </Morph>
    <Strong>
     <word seq="5">3588</word>
    </Strong>
    <LMcode>
     <word seq="5">92.24</word>
    </LMcode>
   </column>
   <column>
    <Greek>
     <word seq="6">σκηνῆς</word>
    </Greek>
    <Lema>
     <word seq="6">σκηνή</word>
    </Lema>
    <Morph>
     <word seq="6">ngfs</word>
    </Morph>
    <Strong>
     <word seq="6">4633</word>
    </Strong>
    <LMcode>
     <word seq="6">7.17</word>
    </LMcode>
   </column>
   <column>
    <Greek>
     <word seq="7">τῆς</word>
    </Greek>
    <Lema>
     <word seq="7">ὁ</word>
    </Lema>
    <Morph>
     <word seq="7">dgfs</word>
    </Morph>
    <Strong>
     <word seq="7">3588</word>
    </Strong>
    <LMcode>
     <word seq="7">92.24</word>
    </LMcode>
   </column>
   <column>
    <Greek>
     <word seq="8">ἀληθινῆς,</word>
    </Greek>
    <Lema>
     <word seq="8">ἀληθινός</word>
    </Lema>
    <Morph>
     <word seq="8">agfs</word>
    </Morph>
    <Strong>
     <word seq="8">228</word>
    </Strong>
    <LMcode>
     <word seq="8">72.1</word>
    </LMcode>
   </column>
   <column>
    <Greek>
     <word seq="9">ἣν</word>
    </Greek>
    <Lema>
     <word seq="9">ὅς</word>
    </Lema>
    <Morph>
     <word seq="9">rr-afs</word>
    </Morph>
    <Strong>
     <word seq="9">3739</word>
    </Strong>
    <LMcode>
     <word seq="9">92.27</word>
    </LMcode>
   </column>
   <column>
    <Greek>
     <word seq="10">ἔπηξεν</word>
    </Greek>
    <Lema>
     <word seq="10">πήγνυμι</word>
    </Lema>
    <Morph>
     <word seq="10">viaa3s</word>
    </Morph>
    <Strong>
     <word seq="10">4078</word>
    </Strong>
    <LMcode>
     <word seq="10">45.2</word>
    </LMcode>
   </column>
   <column>
    <Greek>
     <word seq="11">ὁ</word>
    </Greek>
    <Lema>
     <word seq="11">ὁ</word>
    </Lema>
    <Morph>
     <word seq="11">dnms</word>
    </Morph>
    <Strong>
     <word seq="11">3588</word>
    </Strong>
    <LMcode>
     <word seq="11">92.24</word>
    </LMcode>
   </column>
   <column>
    <Greek>
     <word seq="12">κύριος,</word>
    </Greek>
    <Lema>
     <word seq="12">κύριος</word>
    </Lema>
    <Morph>
     <word seq="12">nnms</word>
    </Morph>
    <Strong>
     <word seq="12">2962</word>
    </Strong>
    <LMcode>
     <word seq="12">12.9</word>
    </LMcode>
   </column>
   <column>
    <Greek>
     <word seq="13">οὐκ</word>
    </Greek>
    <Lema>
     <word seq="13">οὐ</word>
    </Lema>
    <Morph>
     <word seq="13">b</word>
    </Morph>
    <Strong>
     <word seq="13">3756</word>
    </Strong>
    <LMcode>
     <word seq="13">69.3</word>
    </LMcode>
   </column>
   <column>
    <Greek>
     <word seq="14">ἄνθρωπος.</word>
    </Greek>
    <Lema>
     <word seq="14">ἄνθρωπος</word>
    </Lema>
    <Morph>
     <word seq="14">nnms</word>
    </Morph>
    <Strong>
     <word seq="14">444</word>
    </Strong>
    <LMcode>
     <word seq="14">9.1</word>
    </LMcode>
   </column>
  </verse>
  <verse number="3">
   <column>
    <Greek>
     <word seq="1">Πᾶς</word>
    </Greek>
    <Lema>
     <word seq="1">πᾶς</word>
    </Lema>
    <Morph>
     <word seq="1">anms</word>
    </Morph>
    <Strong>
     <word seq="1">3956</word>
    </Strong>
    <LMcode>
     <word seq="1">59.23</word>
    </LMcode>
   </column>
   <column>
    <Greek>
     <word seq="2">γὰρ</word>
    </Greek>
    <Lema>
     <word seq="2">γάρ</word>
    </Lema>
    <Morph>
     <word seq="2">c</word>
    </Morph>
    <Strong>
     <word seq="2">1063</word>
    </Strong>
    <LMcode>
     <word seq="2">89.23</word>
    </LMcode>
   </column>
   <column>
    <Greek>
     <word seq="3">ἀρχιερεὺς</word>
    </Greek>
    <Lema>
     <word seq="3">ἀρχιερεύς</word>
    </Lema>
    <Morph>
     <word seq="3">nnms</word>
    </Morph>
    <Strong>
     <word seq="3">749</word>
    </Strong>
    <LMcode>
     <word seq="3">53.89</word>
    </LMcode>
   </column>
   <column>
    <Greek>
     <word seq="4">εἰς</word>
    </Greek>
    <Lema>
     <word seq="4">εἰς</word>
    </Lema>
    <Morph>
     <word seq="4">p</word>
    </Morph>
    <Strong>
     <word seq="4">1519</word>
    </Strong>
    <LMcode>
     <word seq="4">89.57</word>
    </LMcode>
   </column>
   <column>
    <Greek>
     <word seq="5">τὸ</word>
    </Greek>
    <Lema>
     <word seq="5">ὁ</word>
    </Lema>
    <Morph>
     <word seq="5">dans</word>
    </Morph>
    <Strong>
     <word seq="5">3588</word>
    </Strong>
    <LMcode>
     <word seq="5">92.24</word>
    </LMcode>
   </column>
   <column>
    <Greek>
     <word seq="6">προσφέρειν</word>
    </Greek>
    <Lema>
     <word seq="6">προσφέρω</word>
    </Lema>
    <Morph>
     <word seq="6">vnpa</word>
    </Morph>
    <Strong>
     <word seq="6">4374</word>
    </Strong>
    <LMcode>
     <word seq="6">15.172</word>
    </LMcode>
   </column>
   <column>
    <Greek>
     <word seq="7">δῶρά</word>
    </Greek>
    <Lema>
     <word seq="7">δῶρον</word>
    </Lema>
    <Morph>
     <word seq="7">nanp</word>
    </Morph>
    <Strong>
     <word seq="7">1435</word>
    </Strong>
    <LMcode>
     <word seq="7">57.84</word>
    </LMcode>
   </column>
   <column>
    <Greek>
     <word seq="8">τε</word>
    </Greek>
    <Lema>
     <word seq="8">τέ</word>
    </Lema>
    <Morph>
     <word seq="8">c</word>
    </Morph>
    <Strong>
     <word seq="8">5037</word>
    </Strong>
    <LMcode>
     <word seq="8">89.102</word>
    </LMcode>
   </column>
   <column>
    <Greek>
     <word seq="9">καὶ</word>
    </Greek>
    <Lema>
     <word seq="9">καί</word>
    </Lema>
    <Morph>
     <word seq="9">c</word>
    </Morph>
    <Strong>
     <word seq="9">2532</word>
    </Strong>
    <LMcode>
     <word seq="9">89.102</word>
    </LMcode>
   </column>
   <column>
    <Greek>
     <word seq="10">θυσίας</word>
    </Greek>
    <Lema>
     <word seq="10">θυσία</word>
    </Lema>
    <Morph>
     <word seq="10">nafp</word>
    </Morph>
    <Strong>
     <word seq="10">2378</word>
    </Strong>
    <LMcode>
     <word seq="10">53.20</word>
    </LMcode>
   </column>
   <column>
    <Greek>
     <word seq="11">καθίσταται·</word>
    </Greek>
    <Lema>
     <word seq="11">καθίστημι</word>
    </Lema>
    <Morph>
     <word seq="11">vipp3s</word>
    </Morph>
    <Strong>
     <word seq="11">2525</word>
    </Strong>
    <LMcode>
     <word seq="11">37.104</word>
    </LMcode>
   </column>
   <column>
    <Greek>
     <word seq="12">ὅθεν</word>
    </Greek>
    <Lema>
     <word seq="12">ὅθεν</word>
    </Lema>
    <Morph>
     <word seq="12">c</word>
    </Morph>
    <Strong>
     <word seq="12">3606</word>
    </Strong>
    <LMcode>
     <word seq="12">89.25</word>
    </LMcode>
   </column>
   <column>
    <Greek>
     <word seq="13">ἀναγκαῖον</word>
    </Greek>
    <Lema>
     <word seq="13">ἀναγκαῖος</word>
    </Lema>
    <Morph>
     <word seq="13">anns</word>
    </Morph>
    <Strong>
     <word seq="13">316</word>
    </Strong>
    <LMcode>
     <word seq="13">71.39</word>
    </LMcode>
   </column>
   <column>
    <Greek>
     <word seq="14">ἔχειν</word>
    </Greek>
    <Lema>
     <word seq="14">ἔχω</word>
    </Lema>
    <Morph>
     <word seq="14">vnpa</word>
    </Morph>
    <Strong>
     <word seq="14">2192</word>
    </Strong>
    <LMcode>
     <word seq="14">57.1</word>
    </LMcode>
   </column>
   <column>
    <Greek>
     <word seq="15">τι</word>
    </Greek>
    <Lema>
     <word seq="15">τὶς</word>
    </Lema>
    <Morph>
     <word seq="15">rx-ans</word>
    </Morph>
    <Strong>
     <word seq="15">5100</word>
    </Strong>
    <LMcode>
     <word seq="15">92.12</word>
    </LMcode>
   </column>
   <column>
    <Greek>
     <word seq="16">καὶ</word>
    </Greek>
    <Lema>
     <word seq="16">καί</word>
    </Lema>
    <Morph>
     <word seq="16">b</word>
    </Morph>
    <Strong>
     <word seq="16">2532</word>
    </Strong>
    <LMcode>
     <word seq="16">89.93</word>
    </LMcode>
   </column>
   <column>
    <Greek>
     <word seq="17">τοῦτον</word>
    </Greek>
    <Lema>
     <word seq="17">οὗτος</word>
    </Lema>
    <Morph>
     <word seq="17">rd-ams</word>
    </Morph>
    <Strong>
     <word seq="17">5126</word>
    </Strong>
    <LMcode>
     <word seq="17">92.29</word>
    </LMcode>
   </column>
   <column>
    <Greek>
     <word seq="18">ὃ</word>
    </Greek>
    <Lema>
     <word seq="18">ὅς</word>
    </Lema>
    <Morph>
     <word seq="18">rr-ans</word>
    </Morph>
    <Strong>
     <word seq="18">3739</word>
    </Strong>
    <LMcode>
     <word seq="18">92.27</word>
    </LMcode>
   </column>
   <column>
    <Greek>
     <word seq="19">προσενέγκῃ.</word>
    </Greek>
    <Lema>
     <word seq="19">προσφέρω</word>
    </Lema>
    <Morph>
     <word seq="19">vsaa3s</word>
    </Morph>
    <Strong>
     <word seq="19">4374</word>
    </Strong>
    <LMcode>
     <word seq="19">15.172</word>
    </LMcode>
   </column>
  </verse>
  <verse number="4">
   <column>
    <Greek>
     <word seq="1">εἰ</word>
    </Greek>
    <Lema>
     <word seq="1">εἰ</word>
    </Lema>
    <Morph>
     <word seq="1">c</word>
    </Morph>
    <Strong>
     <word seq="1">1487</word>
    </Strong>
    <LMcode>
     <word seq="1">89.65</word>
    </LMcode>
   </column>
   <column>
    <Greek>
     <word seq="2">μὲν</word>
    </Greek>
    <Lema>
     <word seq="2">μέν</word>
    </Lema>
    <Morph>
     <word seq="2">t</word>
    </Morph>
    <Strong>
     <word seq="2">3303</word>
    </Strong>
    <LMcode>
     <word seq="2">91.3</word>
    </LMcode>
   </column>
   <column>
    <Greek>
     <word seq="3">οὖν</word>
    </Greek>
    <Lema>
     <word seq="3">οὖν</word>
    </Lema>
    <Morph>
     <word seq="3">c</word>
    </Morph>
    <Strong>
     <word seq="3">3767</word>
    </Strong>
    <LMcode>
     <word seq="3">89.50</word>
    </LMcode>
   </column>
   <column>
    <Greek>
     <word seq="4">ἦν</word>
    </Greek>
    <Lema>
     <word seq="4">εἰμί</word>
    </Lema>
    <Morph>
     <word seq="4">viia3s</word>
    </Morph>
    <Strong>
     <word seq="4">2258</word>
    </Strong>
    <LMcode>
     <word seq="4">13.1</word>
    </LMcode>
   </column>
   <column>
    <Greek>
     <word seq="5">ἐπὶ</word>
    </Greek>
    <Lema>
     <word seq="5">ἐπί</word>
    </Lema>
    <Morph>
     <word seq="5">p</word>
    </Morph>
    <Strong>
     <word seq="5">1909</word>
    </Strong>
    <LMcode>
     <word seq="5">83.46</word>
    </LMcode>
   </column>
   <column>
    <Greek>
     <word seq="6">γῆς,</word>
    </Greek>
    <Lema>
     <word seq="6">γῆ</word>
    </Lema>
    <Morph>
     <word seq="6">ngfs</word>
    </Morph>
    <Strong>
     <word seq="6">1093</word>
    </Strong>
    <LMcode>
     <word seq="6">1.39</word>
    </LMcode>
   </column>
   <column>
    <Greek>
     <word seq="7">οὐδʼ</word>
    </Greek>
    <Lema>
     <word seq="7">οὐδέ</word>
    </Lema>
    <Morph>
     <word seq="7">b</word>
    </Morph>
    <Strong>
     <word seq="7">3761</word>
    </Strong>
    <LMcode>
     <word seq="7">69.7</word>
    </LMcode>
   </column>
   <column>
    <Greek>
     <word seq="8">ἂν</word>
    </Greek>
    <Lema>
     <word seq="8">ἄν</word>
    </Lema>
    <Morph>
     <word seq="8">t</word>
    </Morph>
    <Strong>
     <word seq="8">302</word>
    </Strong>
    <LMcode>
     <word seq="8">71.14</word>
    </LMcode>
   </column>
   <column>
    <Greek>
     <word seq="9">ἦν</word>
    </Greek>
    <Lema>
     <word seq="9">εἰμί</word>
    </Lema>
    <Morph>
     <word seq="9">viia3s</word>
    </Morph>
    <Strong>
     <word seq="9">2258</word>
    </Strong>
    <LMcode>
     <word seq="9">13.1</word>
    </LMcode>
   </column>
   <column>
    <Greek>
     <word seq="10">ἱερεύς,</word>
    </Greek>
    <Lema>
     <word seq="10">ἱερεύς</word>
    </Lema>
    <Morph>
     <word seq="10">nnms</word>
    </Morph>
    <Strong>
     <word seq="10">2409</word>
    </Strong>
    <LMcode>
     <word seq="10">53.87</word>
    </LMcode>
   </column>
   <column>
    <Greek>
     <word seq="11">ὄντων</word>
    </Greek>
    <Lema>
     <word seq="11">εἰμί</word>
    </Lema>
    <Morph>
     <word seq="11">vppa-gmp</word>
    </Morph>
    <Strong>
     <word seq="11">5607</word>
    </Strong>
    <LMcode>
     <word seq="11">13.1</word>
    </LMcode>
   </column>
   <column>
    <Greek>
     <word seq="12">τῶν</word>
    </Greek>
    <Lema>
     <word seq="12">ὁ</word>
    </Lema>
    <Morph>
     <word seq="12">dgmp</word>
    </Morph>
    <Strong>
     <word seq="12">3588</word>
    </Strong>
    <LMcode>
     <word seq="12">92.24</word>
    </LMcode>
   </column>
   <column>
    <Greek>
     <word seq="13">προσφερόντων</word>
    </Greek>
    <Lema>
     <word seq="13">προσφέρω</word>
    </Lema>
    <Morph>
     <word seq="13">vppa-gmp</word>
    </Morph>
    <Strong>
     <word seq="13">4374</word>
    </Strong>
    <LMcode>
     <word seq="13">15.172</word>
    </LMcode>
   </column>
   <column>
    <Greek>
     <word seq="14">κατὰ</word>
    </Greek>
    <Lema>
     <word seq="14">κατά</word>
    </Lema>
    <Morph>
     <word seq="14">p</word>
    </Morph>
    <Strong>
     <word seq="14">2596</word>
    </Strong>
    <LMcode>
     <word seq="14">89.8</word>
    </LMcode>
   </column>
   <column>
    <Greek>
     <word seq="15">νόμον</word>
    </Greek>
    <Lema>
     <word seq="15">νόμος</word>
    </Lema>
    <Morph>
     <word seq="15">nams</word>
    </Morph>
    <Strong>
     <word seq="15">3551</word>
    </Strong>
    <LMcode>
     <word seq="15">33.55</word>
    </LMcode>
   </column>
   <column>
    <Greek>
     <word seq="16">τὰ</word>
    </Greek>
    <Lema>
     <word seq="16">ὁ</word>
    </Lema>
    <Morph>
     <word seq="16">danp</word>
    </Morph>
    <Strong>
     <word seq="16">3588</word>
    </Strong>
    <LMcode>
     <word seq="16">92.24</word>
    </LMcode>
   </column>
   <column>
    <Greek>
     <word seq="17">δῶρα·</word>
    </Greek>
    <Lema>
     <word seq="17">δῶρον</word>
    </Lema>
    <Morph>
     <word seq="17">nanp</word>
    </Morph>
    <Strong>
     <word seq="17">1435</word>
    </Strong>
    <LMcode>
     <word seq="17">57.84</word>
    </LMcode>
   </column>
  </verse>
  <verse number="5">
   <column>
    <Greek>
     <word seq="1">οἵτινες</word>
    </Greek>
    <Lema>
     <word seq="1">ὅστις</word>
    </Lema>
    <Morph>
     <word seq="1">rr-nmp</word>
    </Morph>
    <Strong>
     <word seq="1">3748</word>
    </Strong>
    <LMcode>
     <word seq="1">92.18</word>
    </LMcode>
   </column>
   <column>
    <Greek>
     <word seq="2">ὑποδείγματι</word>
    </Greek>
    <Lema>
     <word seq="2">ὑπόδειγμα</word>
    </Lema>
    <Morph>
     <word seq="2">ndns</word>
    </Morph>
    <Strong>
     <word seq="2">5262</word>
    </Strong>
    <LMcode>
     <word seq="2">58.59</word>
    </LMcode>
   </column>
   <column>
    <Greek>
     <word seq="3">καὶ</word>
    </Greek>
    <Lema>
     <word seq="3">καί</word>
    </Lema>
    <Morph>
     <word seq="3">c</word>
    </Morph>
    <Strong>
     <word seq="3">2532</word>
    </Strong>
    <LMcode>
     <word seq="3">89.92</word>
    </LMcode>
   </column>
   <column>
    <Greek>
     <word seq="4">σκιᾷ</word>
    </Greek>
    <Lema>
     <word seq="4">σκιά</word>
    </Lema>
    <Morph>
     <word seq="4">ndfs</word>
    </Morph>
    <Strong>
     <word seq="4">4639</word>
    </Strong>
    <LMcode>
     <word seq="4">58.65</word>
    </LMcode>
   </column>
   <column>
    <Greek>
     <word seq="5">λατρεύουσιν</word>
    </Greek>
    <Lema>
     <word seq="5">λατρεύω</word>
    </Lema>
    <Morph>
     <word seq="5">vipa3p</word>
    </Morph>
    <Strong>
     <word seq="5">3000</word>
    </Strong>
    <LMcode>
     <word seq="5">53.14</word>
    </LMcode>
   </column>
   <column>
    <Greek>
     <word seq="6">τῶν</word>
    </Greek>
    <Lema>
     <word seq="6">ὁ</word>
    </Lema>
    <Morph>
     <word seq="6">dgnp</word>
    </Morph>
    <Strong>
     <word seq="6">3588</word>
    </Strong>
    <LMcode>
     <word seq="6">92.24</word>
    </LMcode>
   </column>
   <column>
    <Greek>
     <word seq="7">ἐπουρανίων,</word>
    </Greek>
    <Lema>
     <word seq="7">ἐπουράνιος</word>
    </Lema>
    <Morph>
     <word seq="7">agnp</word>
    </Morph>
    <Strong>
     <word seq="7">2032</word>
    </Strong>
    <LMcode>
     <word seq="7">1.12</word>
    </LMcode>
   </column>
   <column>
    <Greek>
     <word seq="8">καθὼς</word>
    </Greek>
    <Lema>
     <word seq="8">καθώς</word>
    </Lema>
    <Morph>
     <word seq="8">c</word>
    </Morph>
    <Strong>
     <word seq="8">2531</word>
    </Strong>
    <LMcode>
     <word seq="8">64.14</word>
    </LMcode>
   </column>
   <column>
    <Greek>
     <word seq="9">κεχρημάτισται</word>
    </Greek>
    <Lema>
     <word seq="9">χρηματίζω</word>
    </Lema>
    <Morph>
     <word seq="9">vixp3s</word>
    </Morph>
    <Strong>
     <word seq="9">5537</word>
    </Strong>
    <LMcode>
     <word seq="9">28.39</word>
    </LMcode>
   </column>
   <column>
    <Greek>
     <word seq="10">Μωϋσῆς</word>
    </Greek>
    <Lema>
     <word seq="10">Μωϋσῆς</word>
    </Lema>
    <Morph>
     <word seq="10">nnms</word>
    </Morph>
    <Strong>
     <word seq="10">3475</word>
    </Strong>
    <LMcode>
     <word seq="10">93.266</word>
    </LMcode>
   </column>
   <column>
    <Greek>
     <word seq="11">μέλλων</word>
    </Greek>
    <Lema>
     <word seq="11">μέλλω</word>
    </Lema>
    <Morph>
     <word seq="11">vppa-nms</word>
    </Morph>
    <Strong>
     <word seq="11">3195</word>
    </Strong>
    <LMcode>
     <word seq="11">67.62</word>
    </LMcode>
   </column>
   <column>
    <Greek>
     <word seq="12">ἐπιτελεῖν</word>
    </Greek>
    <Lema>
     <word seq="12">ἐπιτελέω</word>
    </Lema>
    <Morph>
     <word seq="12">vnpa</word>
    </Morph>
    <Strong>
     <word seq="12">2005</word>
    </Strong>
    <LMcode>
     <word seq="12">45.2</word>
    </LMcode>
   </column>
   <column>
    <Greek>
     <word seq="13">τὴν</word>
    </Greek>
    <Lema>
     <word seq="13">ὁ</word>
    </Lema>
    <Morph>
     <word seq="13">dafs</word>
    </Morph>
    <Strong>
     <word seq="13">3588</word>
    </Strong>
    <LMcode>
     <word seq="13">92.24</word>
    </LMcode>
   </column>
   <column>
    <Greek>
     <word seq="14">σκηνήν·</word>
    </Greek>
    <Lema>
     <word seq="14">σκηνή</word>
    </Lema>
    <Morph>
     <word seq="14">nafs</word>
    </Morph>
    <Strong>
     <word seq="14">4633</word>
    </Strong>
    <LMcode>
     <word seq="14">7.17</word>
    </LMcode>
   </column>
   <column>
    <Greek>
     <word seq="15">ὅρα</word>
    </Greek>
    <Lema>
     <word seq="15">ὁράω</word>
    </Lema>
    <Morph>
     <word seq="15">vmpa2s</word>
    </Morph>
    <Strong>
     <word seq="15">3708</word>
    </Strong>
    <LMcode>
     <word seq="15">24.1</word>
    </LMcode>
   </column>
   <column>
    <Greek>
     <word seq="16">γάρ</word>
    </Greek>
    <Lema>
     <word seq="16">γάρ</word>
    </Lema>
    <Morph>
     <word seq="16">c</word>
    </Morph>
    <Strong>
     <word seq="16">1063</word>
    </Strong>
    <LMcode>
     <word seq="16">89.23</word>
    </LMcode>
   </column>
   <column>
    <Greek>
     <word seq="17">φησιν,</word>
    </Greek>
    <Lema>
     <word seq="17">φημί</word>
    </Lema>
    <Morph>
     <word seq="17">vipa3s</word>
    </Morph>
    <Strong>
     <word seq="17">5346</word>
    </Strong>
    <LMcode>
     <word seq="17">33.69</word>
    </LMcode>
   </column>
   <column>
    <Greek>
     <word seq="18">ποιήσεις</word>
    </Greek>
    <Lema>
     <word seq="18">ποιέω</word>
    </Lema>
    <Morph>
     <word seq="18">vifa2s</word>
    </Morph>
    <Strong>
     <word seq="18">4160</word>
    </Strong>
    <LMcode>
     <word seq="18">90.45</word>
    </LMcode>
   </column>
   <column>
    <Greek>
     <word seq="19">πάντα</word>
    </Greek>
    <Lema>
     <word seq="19">πᾶς</word>
    </Lema>
    <Morph>
     <word seq="19">aanp</word>
    </Morph>
    <Strong>
     <word seq="19">3956</word>
    </Strong>
    <LMcode>
     <word seq="19">59.23</word>
    </LMcode>
   </column>
   <column>
    <Greek>
     <word seq="20">κατὰ</word>
    </Greek>
    <Lema>
     <word seq="20">κατά</word>
    </Lema>
    <Morph>
     <word seq="20">p</word>
    </Morph>
    <Strong>
     <word seq="20">2596</word>
    </Strong>
    <LMcode>
     <word seq="20">89.8</word>
    </LMcode>
   </column>
   <column>
    <Greek>
     <word seq="21">τὸν</word>
    </Greek>
    <Lema>
     <word seq="21">ὁ</word>
    </Lema>
    <Morph>
     <word seq="21">dams</word>
    </Morph>
    <Strong>
     <word seq="21">3588</word>
    </Strong>
    <LMcode>
     <word seq="21">92.24</word>
    </LMcode>
   </column>
   <column>
    <Greek>
     <word seq="22">τύπον</word>
    </Greek>
    <Lema>
     <word seq="22">τύπος</word>
    </Lema>
    <Morph>
     <word seq="22">nams</word>
    </Morph>
    <Strong>
     <word seq="22">5179</word>
    </Strong>
    <LMcode>
     <word seq="22">58.58</word>
    </LMcode>
   </column>
   <column>
    <Greek>
     <word seq="23">τὸν</word>
    </Greek>
    <Lema>
     <word seq="23">ὁ</word>
    </Lema>
    <Morph>
     <word seq="23">dams</word>
    </Morph>
    <Strong>
     <word seq="23">3588</word>
    </Strong>
    <LMcode>
     <word seq="23">92.24</word>
    </LMcode>
   </column>
   <column>
    <Greek>
     <word seq="24">δειχθέντα</word>
    </Greek>
    <Lema>
     <word seq="24">δείκνυμι</word>
    </Lema>
    <Morph>
     <word seq="24">vpap-ams</word>
    </Morph>
    <Strong>
     <word seq="24">1166</word>
    </Strong>
    <LMcode>
     <word seq="24">28.47</word>
    </LMcode>
   </column>
   <column>
    <Greek>
     <word seq="25">σοι</word>
    </Greek>
    <Lema>
     <word seq="25">σύ</word>
    </Lema>
    <Morph>
     <word seq="25">rp2d_s</word>
    </Morph>
    <Strong>
     <word seq="25">4671</word>
    </Strong>
    <LMcode>
     <word seq="25">92.6</word>
    </LMcode>
   </column>
   <column>
    <Greek>
     <word seq="26">ἐν</word>
    </Greek>
    <Lema>
     <word seq="26">ἐν</word>
    </Lema>
    <Morph>
     <word seq="26">p</word>
    </Morph>
    <Strong>
     <word seq="26">1722</word>
    </Strong>
    <LMcode>
     <word seq="26">83.47</word>
    </LMcode>
   </column>
   <column>
    <Greek>
     <word seq="27">τῷ</word>
    </Greek>
    <Lema>
     <word seq="27">ὁ</word>
    </Lema>
    <Morph>
     <word seq="27">ddns</word>
    </Morph>
    <Strong>
     <word seq="27">3588</word>
    </Strong>
    <LMcode>
     <word seq="27">92.24</word>
    </LMcode>
   </column>
   <column>
    <Greek>
     <word seq="28">ὄρει·</word>
    </Greek>
    <Lema>
     <word seq="28">ὄρος</word>
    </Lema>
    <Morph>
     <word seq="28">ndns</word>
    </Morph>
    <Strong>
     <word seq="28">3735</word>
    </Strong>
    <LMcode>
     <word seq="28">1.46</word>
    </LMcode>
   </column>
  </verse>
  <verse number="6">
   <column>
    <Greek>
     <word seq="1">νυν[ὶ]</word>
    </Greek>
    <Lema>
     <word seq="1">νυνί</word>
    </Lema>
    <Morph>
     <word seq="1">b</word>
    </Morph>
    <Strong>
     <word seq="1">3570</word>
    </Strong>
    <LMcode>
     <word seq="1">91.4</word>
    </LMcode>
   </column>
   <column>
    <Greek>
     <word seq="2">δὲ</word>
    </Greek>
    <Lema>
     <word seq="2">δέ</word>
    </Lema>
    <Morph>
     <word seq="2">c</word>
    </Morph>
    <Strong>
     <word seq="2">1161</word>
    </Strong>
    <LMcode>
     <word seq="2">91.4</word>
    </LMcode>
   </column>
   <column>
    <Greek>
     <word seq="3">διαφορωτέρας</word>
    </Greek>
    <Lema>
     <word seq="3">διάφορος</word>
    </Lema>
    <Morph>
     <word seq="3">agfsc</word>
    </Morph>
    <Strong>
     <word seq="3">1313</word>
    </Strong>
    <LMcode>
     <word seq="3">58.40</word>
    </LMcode>
   </column>
   <column>
    <Greek>
     <word seq="4">τέτυχεν</word>
    </Greek>
    <Lema>
     <word seq="4">τυγχάνω</word>
    </Lema>
    <Morph>
     <word seq="4">vixa3s</word>
    </Morph>
    <Strong>
     <word seq="4">5177</word>
    </Strong>
    <LMcode>
     <word seq="4">90.61</word>
    </LMcode>
   </column>
   <column>
    <Greek>
     <word seq="5">λειτουργίας,</word>
    </Greek>
    <Lema>
     <word seq="5">λειτουργία</word>
    </Lema>
    <Morph>
     <word seq="5">ngfs</word>
    </Morph>
    <Strong>
     <word seq="5">3009</word>
    </Strong>
    <LMcode>
     <word seq="5">35.25</word>
    </LMcode>
   </column>
   <column>
    <Greek>
     <word seq="6">ὅσῳ</word>
    </Greek>
    <Lema>
     <word seq="6">ὅσος</word>
    </Lema>
    <Morph>
     <word seq="6">rk-dns</word>
    </Morph>
    <Strong>
     <word seq="6">3745</word>
    </Strong>
    <LMcode>
     <word seq="6">78.52</word>
    </LMcode>
   </column>
   <column>
    <Greek>
     <word seq="7">καὶ</word>
    </Greek>
    <Lema>
     <word seq="7">καί</word>
    </Lema>
    <Morph>
     <word seq="7">b</word>
    </Morph>
    <Strong>
     <word seq="7">2532</word>
    </Strong>
    <LMcode>
     <word seq="7">89.93</word>
    </LMcode>
   </column>
   <column>
    <Greek>
     <word seq="8">κρείττονός</word>
    </Greek>
    <Lema>
     <word seq="8">κρείττων</word>
    </Lema>
    <Morph>
     <word seq="8">agfsc</word>
    </Morph>
    <Strong>
     <word seq="8">2909</word>
    </Strong>
    <LMcode>
     <word seq="8">65.21</word>
    </LMcode>
   </column>
   <column>
    <Greek>
     <word seq="9">ἐστιν</word>
    </Greek>
    <Lema>
     <word seq="9">εἰμί</word>
    </Lema>
    <Morph>
     <word seq="9">vipa3s</word>
    </Morph>
    <Strong>
     <word seq="9">2076</word>
    </Strong>
    <LMcode>
     <word seq="9">13.1</word>
    </LMcode>
   </column>
   <column>
    <Greek>
     <word seq="10">διαθήκης</word>
    </Greek>
    <Lema>
     <word seq="10">διαθήκη</word>
    </Lema>
    <Morph>
     <word seq="10">ngfs</word>
    </Morph>
    <Strong>
     <word seq="10">1242</word>
    </Strong>
    <LMcode>
     <word seq="10">34.44</word>
    </LMcode>
   </column>
   <column>
    <Greek>
     <word seq="11">μεσίτης,</word>
    </Greek>
    <Lema>
     <word seq="11">μεσίτης</word>
    </Lema>
    <Morph>
     <word seq="11">nnms</word>
    </Morph>
    <Strong>
     <word seq="11">3316</word>
    </Strong>
    <LMcode>
     <word seq="11">31.22</word>
    </LMcode>
   </column>
   <column>
    <Greek>
     <word seq="12">ἥτις</word>
    </Greek>
    <Lema>
     <word seq="12">ὅστις</word>
    </Lema>
    <Morph>
     <word seq="12">rr-nfs</word>
    </Morph>
    <Strong>
     <word seq="12">3748</word>
    </Strong>
    <LMcode>
     <word seq="12">92.18</word>
    </LMcode>
   </column>
   <column>
    <Greek>
     <word seq="13">ἐπὶ</word>
    </Greek>
    <Lema>
     <word seq="13">ἐπί</word>
    </Lema>
    <Morph>
     <word seq="13">p</word>
    </Morph>
    <Strong>
     <word seq="13">1909</word>
    </Strong>
    <LMcode>
     <word seq="13">90.9</word>
    </LMcode>
   </column>
   <column>
    <Greek>
     <word seq="14">κρείττοσιν</word>
    </Greek>
    <Lema>
     <word seq="14">κρείττων</word>
    </Lema>
    <Morph>
     <word seq="14">adfp</word>
    </Morph>
    <Strong>
     <word seq="14">2909</word>
    </Strong>
    <LMcode>
     <word seq="14">65.21</word>
    </LMcode>
   </column>
   <column>
    <Greek>
     <word seq="15">ἐπαγγελίαις</word>
    </Greek>
    <Lema>
     <word seq="15">ἐπαγγελία</word>
    </Lema>
    <Morph>
     <word seq="15">ndfp</word>
    </Morph>
    <Strong>
     <word seq="15">1860</word>
    </Strong>
    <LMcode>
     <word seq="15">33.288</word>
    </LMcode>
   </column>
   <column>
    <Greek>
     <word seq="16">νενομοθέτηται.</word>
    </Greek>
    <Lema>
     <word seq="16">νομοθετέω</word>
    </Lema>
    <Morph>
     <word seq="16">vixp3s</word>
    </Morph>
    <Strong>
     <word seq="16">3549</word>
    </Strong>
    <LMcode>
     <word seq="16">33.339</word>
    </LMcode>
   </column>
  </verse>
  <verse number="7">
   <column>
    <Greek>
     <word seq="1">Εἰ</word>
    </Greek>
    <Lema>
     <word seq="1">εἰ</word>
    </Lema>
    <Morph>
     <word seq="1">c</word>
    </Morph>
    <Strong>
     <word seq="1">1487</word>
    </Strong>
    <LMcode>
     <word seq="1">89.65</word>
    </LMcode>
   </column>
   <column>
    <Greek>
     <word seq="2">γὰρ</word>
    </Greek>
    <Lema>
     <word seq="2">γάρ</word>
    </Lema>
    <Morph>
     <word seq="2">c</word>
    </Morph>
    <Strong>
     <word seq="2">1063</word>
    </Strong>
    <LMcode>
     <word seq="2">89.23</word>
    </LMcode>
   </column>
   <column>
    <Greek>
     <word seq="3">ἡ</word>
    </Greek>
    <Lema>
     <word seq="3">ὁ</word>
    </Lema>
    <Morph>
     <word seq="3">dnfs</word>
    </Morph>
    <Strong>
     <word seq="3">3588</word>
    </Strong>
    <LMcode>
     <word seq="3">92.24</word>
    </LMcode>
   </column>
   <column>
    <Greek>
     <word seq="4">πρώτη</word>
    </Greek>
    <Lema>
     <word seq="4">πρῶτος</word>
    </Lema>
    <Morph>
     <word seq="4">anfs</word>
    </Morph>
    <Strong>
     <word seq="4">4413</word>
    </Strong>
    <LMcode>
     <word seq="4">60.46</word>
    </LMcode>
   </column>
   <column>
    <Greek>
     <word seq="5">ἐκείνη</word>
    </Greek>
    <Lema>
     <word seq="5">ἐκεῖνος</word>
    </Lema>
    <Morph>
     <word seq="5">rd-nfs</word>
    </Morph>
    <Strong>
     <word seq="5">1565</word>
    </Strong>
    <LMcode>
     <word seq="5">92.30</word>
    </LMcode>
   </column>
   <column>
    <Greek>
     <word seq="6">ἦν</word>
    </Greek>
    <Lema>
     <word seq="6">εἰμί</word>
    </Lema>
    <Morph>
     <word seq="6">viia3s</word>
    </Morph>
    <Strong>
     <word seq="6">2258</word>
    </Strong>
    <LMcode>
     <word seq="6">13.1</word>
    </LMcode>
   </column>
   <column>
    <Greek>
     <word seq="7">ἄμεμπτος,</word>
    </Greek>
    <Lema>
     <word seq="7">ἄμεμπτος</word>
    </Lema>
    <Morph>
     <word seq="7">anfs</word>
    </Morph>
    <Strong>
     <word seq="7">273</word>
    </Strong>
    <LMcode>
     <word seq="7">88.317</word>
    </LMcode>
   </column>
   <column>
    <Greek>
     <word seq="8">οὐκ</word>
    </Greek>
    <Lema>
     <word seq="8">οὐ</word>
    </Lema>
    <Morph>
     <word seq="8">b</word>
    </Morph>
    <Strong>
     <word seq="8">3756</word>
    </Strong>
    <LMcode>
     <word seq="8">69.3</word>
    </LMcode>
   </column>
   <column>
    <Greek>
     <word seq="9">ἂν</word>
    </Greek>
    <Lema>
     <word seq="9">ἄν</word>
    </Lema>
    <Morph>
     <word seq="9">t</word>
    </Morph>
    <Strong>
     <word seq="9">302</word>
    </Strong>
    <LMcode>
     <word seq="9">71.14</word>
    </LMcode>
   </column>
   <column>
    <Greek>
     <word seq="10">δευτέρας</word>
    </Greek>
    <Lema>
     <word seq="10">δεύτερος</word>
    </Lema>
    <Morph>
     <word seq="10">agfs</word>
    </Morph>
    <Strong>
     <word seq="10">1208</word>
    </Strong>
    <LMcode>
     <word seq="10">60.49</word>
    </LMcode>
   </column>
   <column>
    <Greek>
     <word seq="11">ἐζητεῖτο</word>
    </Greek>
    <Lema>
     <word seq="11">ζητέω</word>
    </Lema>
    <Morph>
     <word seq="11">viip3s</word>
    </Morph>
    <Strong>
     <word seq="11">2212</word>
    </Strong>
    <LMcode>
     <word seq="11">27.41</word>
    </LMcode>
   </column>
   <column>
    <Greek>
     <word seq="12">τόπος.</word>
    </Greek>
    <Lema>
     <word seq="12">τόπος</word>
    </Lema>
    <Morph>
     <word seq="12">nnms</word>
    </Morph>
    <Strong>
     <word seq="12">5117</word>
    </Strong>
    <LMcode>
     <word seq="12">80.1</word>
    </LMcode>
   </column>
  </verse>
  <verse number="8">
   <column>
    <Greek>
     <word seq="1">μεμφόμενος</word>
    </Greek>
    <Lema>
     <word seq="1">μέμφομαι</word>
    </Lema>
    <Morph>
     <word seq="1">vppu-nms</word>
    </Morph>
    <Strong>
     <word seq="1">3201</word>
    </Strong>
    <LMcode>
     <word seq="1">33.431</word>
    </LMcode>
   </column>
   <column>
    <Greek>
     <word seq="2">γὰρ</word>
    </Greek>
    <Lema>
     <word seq="2">γάρ</word>
    </Lema>
    <Morph>
     <word seq="2">c</word>
    </Morph>
    <Strong>
     <word seq="2">1063</word>
    </Strong>
    <LMcode>
     <word seq="2">89.23</word>
    </LMcode>
   </column>
   <column>
    <Greek>
     <word seq="3">αὐτοὺς</word>
    </Greek>
    <Lema>
     <word seq="3">αὐτός</word>
    </Lema>
    <Morph>
     <word seq="3">rp3amp</word>
    </Morph>
    <Strong>
     <word seq="3">846</word>
    </Strong>
    <LMcode>
     <word seq="3">92.11</word>
    </LMcode>
   </column>
   <column>
    <Greek>
     <word seq="4">λέγει·</word>
    </Greek>
    <Lema>
     <word seq="4">λέγω</word>
    </Lema>
    <Morph>
     <word seq="4">vipa3s</word>
    </Morph>
    <Strong>
     <word seq="4">3004</word>
    </Strong>
    <LMcode>
     <word seq="4">33.69</word>
    </LMcode>
   </column>
   <column>
    <Greek>
     <word seq="5">ἰδοὺ</word>
    </Greek>
    <Lema>
     <word seq="5">ἰδού</word>
    </Lema>
    <Morph>
     <word seq="5">i</word>
    </Morph>
    <Strong>
     <word seq="5">2400</word>
    </Strong>
    <LMcode>
     <word seq="5">91.13</word>
    </LMcode>
   </column>
   <column>
    <Greek>
     <word seq="6">ἡμέραι</word>
    </Greek>
    <Lema>
     <word seq="6">ἡμέρα</word>
    </Lema>
    <Morph>
     <word seq="6">nnfp</word>
    </Morph>
    <Strong>
     <word seq="6">2250</word>
    </Strong>
    <LMcode>
     <word seq="6">67.178</word>
    </LMcode>
   </column>
   <column>
    <Greek>
     <word seq="7">ἔρχονται,</word>
    </Greek>
    <Lema>
     <word seq="7">ἔρχομαι</word>
    </Lema>
    <Morph>
     <word seq="7">vipu3p</word>
    </Morph>
    <Strong>
     <word seq="7">2064</word>
    </Strong>
    <LMcode>
     <word seq="7">15.81</word>
    </LMcode>
   </column>
   <column>
    <Greek>
     <word seq="8">λέγει</word>
    </Greek>
    <Lema>
     <word seq="8">λέγω</word>
    </Lema>
    <Morph>
     <word seq="8">vipa3s</word>
    </Morph>
    <Strong>
     <word seq="8">3004</word>
    </Strong>
    <LMcode>
     <word seq="8">33.69</word>
    </LMcode>
   </column>
   <column>
    <Greek>
     <word seq="9">κύριος,</word>
    </Greek>
    <Lema>
     <word seq="9">κύριος</word>
    </Lema>
    <Morph>
     <word seq="9">nnms</word>
    </Morph>
    <Strong>
     <word seq="9">2962</word>
    </Strong>
    <LMcode>
     <word seq="9">12.9</word>
    </LMcode>
   </column>
   <column>
    <Greek>
     <word seq="10">καὶ</word>
    </Greek>
    <Lema>
     <word seq="10">καί</word>
    </Lema>
    <Morph>
     <word seq="10">c</word>
    </Morph>
    <Strong>
     <word seq="10">2532</word>
    </Strong>
    <LMcode>
     <word seq="10">89.92</word>
    </LMcode>
   </column>
   <column>
    <Greek>
     <word seq="11">συντελέσω</word>
    </Greek>
    <Lema>
     <word seq="11">συντελέω</word>
    </Lema>
    <Morph>
     <word seq="11">vifa1s</word>
    </Morph>
    <Strong>
     <word seq="11">4931</word>
    </Strong>
    <LMcode>
     <word seq="11">13.88</word>
    </LMcode>
   </column>
   <column>
    <Greek>
     <word seq="12">ἐπὶ</word>
    </Greek>
    <Lema>
     <word seq="12">ἐπί</word>
    </Lema>
    <Morph>
     <word seq="12">p</word>
    </Morph>
    <Strong>
     <word seq="12">1909</word>
    </Strong>
    <LMcode>
     <word seq="12">90.40</word>
    </LMcode>
   </column>
   <column>
    <Greek>
     <word seq="13">τὸν</word>
    </Greek>
    <Lema>
     <word seq="13">ὁ</word>
    </Lema>
    <Morph>
     <word seq="13">dams</word>
    </Morph>
    <Strong>
     <word seq="13">3588</word>
    </Strong>
    <LMcode>
     <word seq="13">92.24</word>
    </LMcode>
   </column>
   <column>
    <Greek>
     <word seq="14">οἶκον</word>
    </Greek>
    <Lema>
     <word seq="14">οἶκος</word>
    </Lema>
    <Morph>
     <word seq="14">nams</word>
    </Morph>
    <Strong>
     <word seq="14">3624</word>
    </Strong>
    <LMcode>
     <word seq="14">11.58</word>
    </LMcode>
   </column>
   <column>
    <Greek>
     <word seq="15">Ἰσραὴλ</word>
    </Greek>
    <Lema>
     <word seq="15">Ἰσραήλ</word>
    </Lema>
    <Morph>
     <word seq="15">nx</word>
    </Morph>
    <Strong>
     <word seq="15">2474</word>
    </Strong>
    <LMcode>
     <word seq="15">11.58</word>
    </LMcode>
   </column>
   <column>
    <Greek>
     <word seq="16">καὶ</word>
    </Greek>
    <Lema>
     <word seq="16">καί</word>
    </Lema>
    <Morph>
     <word seq="16">c</word>
    </Morph>
    <Strong>
     <word seq="16">2532</word>
    </Strong>
    <LMcode>
     <word seq="16">89.92</word>
    </LMcode>
   </column>
   <column>
    <Greek>
     <word seq="17">ἐπὶ</word>
    </Greek>
    <Lema>
     <word seq="17">ἐπί</word>
    </Lema>
    <Morph>
     <word seq="17">p</word>
    </Morph>
    <Strong>
     <word seq="17">1909</word>
    </Strong>
    <LMcode>
     <word seq="17">90.40</word>
    </LMcode>
   </column>
   <column>
    <Greek>
     <word seq="18">τὸν</word>
    </Greek>
    <Lema>
     <word seq="18">ὁ</word>
    </Lema>
    <Morph>
     <word seq="18">dams</word>
    </Morph>
    <Strong>
     <word seq="18">3588</word>
    </Strong>
    <LMcode>
     <word seq="18">92.24</word>
    </LMcode>
   </column>
   <column>
    <Greek>
     <word seq="19">οἶκον</word>
    </Greek>
    <Lema>
     <word seq="19">οἶκος</word>
    </Lema>
    <Morph>
     <word seq="19">nams</word>
    </Morph>
    <Strong>
     <word seq="19">3624</word>
    </Strong>
    <LMcode>
     <word seq="19">10.24</word>
    </LMcode>
   </column>
   <column>
    <Greek>
     <word seq="20">Ἰούδα</word>
    </Greek>
    <Lema>
     <word seq="20">Ἰούδας</word>
    </Lema>
    <Morph>
     <word seq="20">ngms</word>
    </Morph>
    <Strong>
     <word seq="20">2448</word>
    </Strong>
    <LMcode>
     <word seq="20">93.174</word>
    </LMcode>
   </column>
   <column>
    <Greek>
     <word seq="21">διαθήκην</word>
    </Greek>
    <Lema>
     <word seq="21">διαθήκη</word>
    </Lema>
    <Morph>
     <word seq="21">nafs</word>
    </Morph>
    <Strong>
     <word seq="21">1242</word>
    </Strong>
    <LMcode>
     <word seq="21">34.44</word>
    </LMcode>
   </column>
   <column>
    <Greek>
     <word seq="22">καινήν,</word>
    </Greek>
    <Lema>
     <word seq="22">καινός</word>
    </Lema>
    <Morph>
     <word seq="22">aafs</word>
    </Morph>
    <Strong>
     <word seq="22">2537</word>
    </Strong>
    <LMcode>
     <word seq="22">58.71</word>
    </LMcode>
   </column>
  </verse>
  <verse number="9">
   <column>
    <Greek>
     <word seq="1">οὐ</word>
    </Greek>
    <Lema>
     <word seq="1">οὐ</word>
    </Lema>
    <Morph>
     <word seq="1">b</word>
    </Morph>
    <Strong>
     <word seq="1">3756</word>
    </Strong>
    <LMcode>
     <word seq="1">69.3</word>
    </LMcode>
   </column>
   <column>
    <Greek>
     <word seq="2">κατὰ</word>
    </Greek>
    <Lema>
     <word seq="2">κατά</word>
    </Lema>
    <Morph>
     <word seq="2">p</word>
    </Morph>
    <Strong>
     <word seq="2">2596</word>
    </Strong>
    <LMcode>
     <word seq="2">89.8</word>
    </LMcode>
   </column>
   <column>
    <Greek>
     <word seq="3">τὴν</word>
    </Greek>
    <Lema>
     <word seq="3">ὁ</word>
    </Lema>
    <Morph>
     <word seq="3">dafs</word>
    </Morph>
    <Strong>
     <word seq="3">3588</word>
    </Strong>
    <LMcode>
     <word seq="3">92.24</word>
    </LMcode>
   </column>
   <column>
    <Greek>
     <word seq="4">διαθήκην,</word>
    </Greek>
    <Lema>
     <word seq="4">διαθήκη</word>
    </Lema>
    <Morph>
     <word seq="4">nafs</word>
    </Morph>
    <Strong>
     <word seq="4">1242</word>
    </Strong>
    <LMcode>
     <word seq="4">34.44</word>
    </LMcode>
   </column>
   <column>
    <Greek>
     <word seq="5">ἣν</word>
    </Greek>
    <Lema>
     <word seq="5">ὅς</word>
    </Lema>
    <Morph>
     <word seq="5">rr-afs</word>
    </Morph>
    <Strong>
     <word seq="5">3739</word>
    </Strong>
    <LMcode>
     <word seq="5">92.27</word>
    </LMcode>
   </column>
   <column>
    <Greek>
     <word seq="6">ἐποίησα</word>
    </Greek>
    <Lema>
     <word seq="6">ποιέω</word>
    </Lema>
    <Morph>
     <word seq="6">viaa1s</word>
    </Morph>
    <Strong>
     <word seq="6">4160</word>
    </Strong>
    <LMcode>
     <word seq="6">90.45</word>
    </LMcode>
   </column>
   <column>
    <Greek>
     <word seq="7">τοῖς</word>
    </Greek>
    <Lema>
     <word seq="7">ὁ</word>
    </Lema>
    <Morph>
     <word seq="7">ddmp</word>
    </Morph>
    <Strong>
     <word seq="7">3588</word>
    </Strong>
    <LMcode>
     <word seq="7">92.24</word>
    </LMcode>
   </column>
   <column>
    <Greek>
     <word seq="8">πατράσιν</word>
    </Greek>
    <Lema>
     <word seq="8">πατήρ</word>
    </Lema>
    <Morph>
     <word seq="8">ndmp</word>
    </Morph>
    <Strong>
     <word seq="8">3962</word>
    </Strong>
    <LMcode>
     <word seq="8">10.20</word>
    </LMcode>
   </column>
   <column>
    <Greek>
     <word seq="9">αὐτῶν</word>
    </Greek>
    <Lema>
     <word seq="9">αὐτός</word>
    </Lema>
    <Morph>
     <word seq="9">rp3gmp</word>
    </Morph>
    <Strong>
     <word seq="9">846</word>
    </Strong>
    <LMcode>
     <word seq="9">92.11</word>
    </LMcode>
   </column>
   <column>
    <Greek>
     <word seq="10">ἐν</word>
    </Greek>
    <Lema>
     <word seq="10">ἐν</word>
    </Lema>
    <Morph>
     <word seq="10">p</word>
    </Morph>
    <Strong>
     <word seq="10">1722</word>
    </Strong>
    <LMcode>
     <word seq="10">67.33</word>
    </LMcode>
   </column>
   <column>
    <Greek>
     <word seq="11">ἡμέρᾳ</word>
    </Greek>
    <Lema>
     <word seq="11">ἡμέρα</word>
    </Lema>
    <Morph>
     <word seq="11">ndfs</word>
    </Morph>
    <Strong>
     <word seq="11">2250</word>
    </Strong>
    <LMcode>
     <word seq="11">67.178</word>
    </LMcode>
   </column>
   <column>
    <Greek>
     <word seq="12">ἐπιλαβομένου</word>
    </Greek>
    <Lema>
     <word seq="12">ἐπιλαμβάνομαι</word>
    </Lema>
    <Morph>
     <word seq="12">vpam-gms</word>
    </Morph>
    <Strong>
     <word seq="12">1949</word>
    </Strong>
    <LMcode>
     <word seq="12">18.2</word>
    </LMcode>
   </column>
   <column>
    <Greek>
     <word seq="13">μου</word>
    </Greek>
    <Lema>
     <word seq="13">ἐγώ</word>
    </Lema>
    <Morph>
     <word seq="13">rp1g_s</word>
    </Morph>
    <Strong>
     <word seq="13">3450</word>
    </Strong>
    <LMcode>
     <word seq="13">92.1</word>
    </LMcode>
   </column>
   <column>
    <Greek>
     <word seq="14">τῆς</word>
    </Greek>
    <Lema>
     <word seq="14">ὁ</word>
    </Lema>
    <Morph>
     <word seq="14">dgfs</word>
    </Morph>
    <Strong>
     <word seq="14">3588</word>
    </Strong>
    <LMcode>
     <word seq="14">92.24</word>
    </LMcode>
   </column>
   <column>
    <Greek>
     <word seq="15">χειρὸς</word>
    </Greek>
    <Lema>
     <word seq="15">χείρ</word>
    </Lema>
    <Morph>
     <word seq="15">ngfs</word>
    </Morph>
    <Strong>
     <word seq="15">5495</word>
    </Strong>
    <LMcode>
     <word seq="15">8.30</word>
    </LMcode>
   </column>
   <column>
    <Greek>
     <word seq="16">αὐτῶν</word>
    </Greek>
    <Lema>
     <word seq="16">αὐτός</word>
    </Lema>
    <Morph>
     <word seq="16">rp3gmp</word>
    </Morph>
    <Strong>
     <word seq="16">846</word>
    </Strong>
    <LMcode>
     <word seq="16">92.11</word>
    </LMcode>
   </column>
   <column>
    <Greek>
     <word seq="17">ἐξαγαγεῖν</word>
    </Greek>
    <Lema>
     <word seq="17">ἐξάγω</word>
    </Lema>
    <Morph>
     <word seq="17">vnaa</word>
    </Morph>
    <Strong>
     <word seq="17">1806</word>
    </Strong>
    <LMcode>
     <word seq="17">15.174</word>
    </LMcode>
   </column>
   <column>
    <Greek>
     <word seq="18">αὐτοὺς</word>
    </Greek>
    <Lema>
     <word seq="18">αὐτός</word>
    </Lema>
    <Morph>
     <word seq="18">rp3amp</word>
    </Morph>
    <Strong>
     <word seq="18">846</word>
    </Strong>
    <LMcode>
     <word seq="18">92.11</word>
    </LMcode>
   </column>
   <column>
    <Greek>
     <word seq="19">ἐκ</word>
    </Greek>
    <Lema>
     <word seq="19">ἐκ</word>
    </Lema>
    <Morph>
     <word seq="19">p</word>
    </Morph>
    <Strong>
     <word seq="19">1537</word>
    </Strong>
    <LMcode>
     <word seq="19">89.121</word>
    </LMcode>
   </column>
   <column>
    <Greek>
     <word seq="20">γῆς</word>
    </Greek>
    <Lema>
     <word seq="20">γῆ</word>
    </Lema>
    <Morph>
     <word seq="20">ngfs</word>
    </Morph>
    <Strong>
     <word seq="20">1093</word>
    </Strong>
    <LMcode>
     <word seq="20">1.79</word>
    </LMcode>
   </column>
   <column>
    <Greek>
     <word seq="21">Αἰγύπτου,</word>
    </Greek>
    <Lema>
     <word seq="21">Αἴγυπτος</word>
    </Lema>
    <Morph>
     <word seq="21">ngfs</word>
    </Morph>
    <Strong>
     <word seq="21">125</word>
    </Strong>
    <LMcode>
     <word seq="21">93.398</word>
    </LMcode>
   </column>
   <column>
    <Greek>
     <word seq="22">ὅτι</word>
    </Greek>
    <Lema>
     <word seq="22">ὅτι</word>
    </Lema>
    <Morph>
     <word seq="22">c</word>
    </Morph>
    <Strong>
     <word seq="22">3754</word>
    </Strong>
    <LMcode>
     <word seq="22">89.33</word>
    </LMcode>
   </column>
   <column>
    <Greek>
     <word seq="23">αὐτοὶ</word>
    </Greek>
    <Lema>
     <word seq="23">αὐτός</word>
    </Lema>
    <Morph>
     <word seq="23">rp3nmp</word>
    </Morph>
    <Strong>
     <word seq="23">846</word>
    </Strong>
    <LMcode>
     <word seq="23">92.11</word>
    </LMcode>
   </column>
   <column>
    <Greek>
     <word seq="24">οὐκ</word>
    </Greek>
    <Lema>
     <word seq="24">οὐ</word>
    </Lema>
    <Morph>
     <word seq="24">b</word>
    </Morph>
    <Strong>
     <word seq="24">3756</word>
    </Strong>
    <LMcode>
     <word seq="24">69.3</word>
    </LMcode>
   </column>
   <column>
    <Greek>
     <word seq="25">ἐνέμειναν</word>
    </Greek>
    <Lema>
     <word seq="25">ἐμμένω</word>
    </Lema>
    <Morph>
     <word seq="25">viaa3p</word>
    </Morph>
    <Strong>
     <word seq="25">1696</word>
    </Strong>
    <LMcode>
     <word seq="25">68.11</word>
    </LMcode>
   </column>
   <column>
    <Greek>
     <word seq="26">ἐν</word>
    </Greek>
    <Lema>
     <word seq="26">ἐν</word>
    </Lema>
    <Morph>
     <word seq="26">p</word>
    </Morph>
    <Strong>
     <word seq="26">1722</word>
    </Strong>
    <LMcode>
     <word seq="26">89.119</word>
    </LMcode>
   </column>
   <column>
    <Greek>
     <word seq="27">τῇ</word>
    </Greek>
    <Lema>
     <word seq="27">ὁ</word>
    </Lema>
    <Morph>
     <word seq="27">ddfs</word>
    </Morph>
    <Strong>
     <word seq="27">3588</word>
    </Strong>
    <LMcode>
     <word seq="27">92.24</word>
    </LMcode>
   </column>
   <column>
    <Greek>
     <word seq="28">διαθήκῃ</word>
    </Greek>
    <Lema>
     <word seq="28">διαθήκη</word>
    </Lema>
    <Morph>
     <word seq="28">ndfs</word>
    </Morph>
    <Strong>
     <word seq="28">1242</word>
    </Strong>
    <LMcode>
     <word seq="28">34.44</word>
    </LMcode>
   </column>
   <column>
    <Greek>
     <word seq="29">μου,</word>
    </Greek>
    <Lema>
     <word seq="29">ἐγώ</word>
    </Lema>
    <Morph>
     <word seq="29">rp1g_s</word>
    </Morph>
    <Strong>
     <word seq="29">3450</word>
    </Strong>
    <LMcode>
     <word seq="29">92.1</word>
    </LMcode>
   </column>
   <column>
    <Greek>
     <word seq="30">κἀγὼ</word>
    </Greek>
    <Lema>
     <word seq="30">κἀγώ</word>
    </Lema>
    <Morph>
     <word seq="30">rp1n_s, c</word>
    </Morph>
    <Strong>
     <word seq="30">2504</word>
    </Strong>
    <LMcode>
     <word seq="30">89.92</word>
    </LMcode>
   </column>
   <column>
    <Greek>
     <word seq="31">ἠμέλησα</word>
    </Greek>
    <Lema>
     <word seq="31">ἀμελέω</word>
    </Lema>
    <Morph>
     <word seq="31">viaa1s</word>
    </Morph>
    <Strong>
     <word seq="31">272</word>
    </Strong>
    <LMcode>
     <word seq="31">30.50</word>
    </LMcode>
   </column>
   <column>
    <Greek>
     <word seq="32">αὐτῶν,</word>
    </Greek>
    <Lema>
     <word seq="32">αὐτός</word>
    </Lema>
    <Morph>
     <word seq="32">rp3gmp</word>
    </Morph>
    <Strong>
     <word seq="32">846</word>
    </Strong>
    <LMcode>
     <word seq="32">92.11</word>
    </LMcode>
   </column>
   <column>
    <Greek>
     <word seq="33">λέγει</word>
    </Greek>
    <Lema>
     <word seq="33">λέγω</word>
    </Lema>
    <Morph>
     <word seq="33">vipa3s</word>
    </Morph>
    <Strong>
     <word seq="33">3004</word>
    </Strong>
    <LMcode>
     <word seq="33">33.69</word>
    </LMcode>
   </column>
   <column>
    <Greek>
     <word seq="34">κύριος·</word>
    </Greek>
    <Lema>
     <word seq="34">κύριος</word>
    </Lema>
    <Morph>
     <word seq="34">nnms</word>
    </Morph>
    <Strong>
     <word seq="34">2962</word>
    </Strong>
    <LMcode>
     <word seq="34">12.9</word>
    </LMcode>
   </column>
  </verse>
  <verse number="10">
   <column>
    <Greek>
     <word seq="1">ὅτι</word>
    </Greek>
    <Lema>
     <word seq="1">ὅτι</word>
    </Lema>
    <Morph>
     <word seq="1">c</word>
    </Morph>
    <Strong>
     <word seq="1">3754</word>
    </Strong>
    <LMcode>
     <word seq="1">89.33</word>
    </LMcode>
   </column>
   <column>
    <Greek>
     <word seq="2">αὕτη</word>
    </Greek>
    <Lema>
     <word seq="2">οὗτος</word>
    </Lema>
    <Morph>
     <word seq="2">rd-nfs</word>
    </Morph>
    <Strong>
     <word seq="2">3778</word>
    </Strong>
    <LMcode>
     <word seq="2">92.29</word>
    </LMcode>
   </column>
   <column>
    <Greek>
     <word seq="3">ἡ</word>
    </Greek>
    <Lema>
     <word seq="3">ὁ</word>
    </Lema>
    <Morph>
     <word seq="3">dnfs</word>
    </Morph>
    <Strong>
     <word seq="3">3588</word>
    </Strong>
    <LMcode>
     <word seq="3">92.24</word>
    </LMcode>
   </column>
   <column>
    <Greek>
     <word seq="4">διαθήκη,</word>
    </Greek>
    <Lema>
     <word seq="4">διαθήκη</word>
    </Lema>
    <Morph>
     <word seq="4">nnfs</word>
    </Morph>
    <Strong>
     <word seq="4">1242</word>
    </Strong>
    <LMcode>
     <word seq="4">34.44</word>
    </LMcode>
   </column>
   <column>
    <Greek>
     <word seq="5">ἣν</word>
    </Greek>
    <Lema>
     <word seq="5">ὅς</word>
    </Lema>
    <Morph>
     <word seq="5">rr-afs</word>
    </Morph>
    <Strong>
     <word seq="5">3739</word>
    </Strong>
    <LMcode>
     <word seq="5">92.27</word>
    </LMcode>
   </column>
   <column>
    <Greek>
     <word seq="6">διαθήσομαι</word>
    </Greek>
    <Lema>
     <word seq="6">διατίθημι</word>
    </Lema>
    <Morph>
     <word seq="6">vifm1s</word>
    </Morph>
    <Strong>
     <word seq="6">1303</word>
    </Strong>
    <LMcode>
     <word seq="6">34.43</word>
    </LMcode>
   </column>
   <column>
    <Greek>
     <word seq="7">τῷ</word>
    </Greek>
    <Lema>
     <word seq="7">ὁ</word>
    </Lema>
    <Morph>
     <word seq="7">ddms</word>
    </Morph>
    <Strong>
     <word seq="7">3588</word>
    </Strong>
    <LMcode>
     <word seq="7">92.24</word>
    </LMcode>
   </column>
   <column>
    <Greek>
     <word seq="8">οἴκῳ</word>
    </Greek>
    <Lema>
     <word seq="8">οἶκος</word>
    </Lema>
    <Morph>
     <word seq="8">ndms</word>
    </Morph>
    <Strong>
     <word seq="8">3624</word>
    </Strong>
    <LMcode>
     <word seq="8">11.58</word>
    </LMcode>
   </column>
   <column>
    <Greek>
     <word seq="9">Ἰσραὴλ</word>
    </Greek>
    <Lema>
     <word seq="9">Ἰσραήλ</word>
    </Lema>
    <Morph>
     <word seq="9">nx</word>
    </Morph>
    <Strong>
     <word seq="9">2474</word>
    </Strong>
    <LMcode>
     <word seq="9">11.58</word>
    </LMcode>
   </column>
   <column>
    <Greek>
     <word seq="10">μετὰ</word>
    </Greek>
    <Lema>
     <word seq="10">μετά</word>
    </Lema>
    <Morph>
     <word seq="10">p</word>
    </Morph>
    <Strong>
     <word seq="10">3326</word>
    </Strong>
    <LMcode>
     <word seq="10">67.48</word>
    </LMcode>
   </column>
   <column>
    <Greek>
     <word seq="11">τὰς</word>
    </Greek>
    <Lema>
     <word seq="11">ὁ</word>
    </Lema>
    <Morph>
     <word seq="11">dafp</word>
    </Morph>
    <Strong>
     <word seq="11">3588</word>
    </Strong>
    <LMcode>
     <word seq="11">92.24</word>
    </LMcode>
   </column>
   <column>
    <Greek>
     <word seq="12">ἡμέρας</word>
    </Greek>
    <Lema>
     <word seq="12">ἡμέρα</word>
    </Lema>
    <Morph>
     <word seq="12">nafp</word>
    </Morph>
    <Strong>
     <word seq="12">2250</word>
    </Strong>
    <LMcode>
     <word seq="12">67.178</word>
    </LMcode>
   </column>
   <column>
    <Greek>
     <word seq="13">ἐκείνας,</word>
    </Greek>
    <Lema>
     <word seq="13">ἐκεῖνος</word>
    </Lema>
    <Morph>
     <word seq="13">rd-afp</word>
    </Morph>
    <Strong>
     <word seq="13">1565</word>
    </Strong>
    <LMcode>
     <word seq="13">92.30</word>
    </LMcode>
   </column>
   <column>
    <Greek>
     <word seq="14">λέγει</word>
    </Greek>
    <Lema>
     <word seq="14">λέγω</word>
    </Lema>
    <Morph>
     <word seq="14">vipa3s</word>
    </Morph>
    <Strong>
     <word seq="14">3004</word>
    </Strong>
    <LMcode>
     <word seq="14">33.69</word>
    </LMcode>
   </column>
   <column>
    <Greek>
     <word seq="15">κύριος·</word>
    </Greek>
    <Lema>
     <word seq="15">κύριος</word>
    </Lema>
    <Morph>
     <word seq="15">nnms</word>
    </Morph>
    <Strong>
     <word seq="15">2962</word>
    </Strong>
    <LMcode>
     <word seq="15">12.9</word>
    </LMcode>
   </column>
   <column>
    <Greek>
     <word seq="16">διδοὺς</word>
    </Greek>
    <Lema>
     <word seq="16">δίδωμι</word>
    </Lema>
    <Morph>
     <word seq="16">vppa-nms</word>
    </Morph>
    <Strong>
     <word seq="16">1325</word>
    </Strong>
    <LMcode>
     <word seq="16">85.33</word>
    </LMcode>
   </column>
   <column>
    <Greek>
     <word seq="17">νόμους</word>
    </Greek>
    <Lema>
     <word seq="17">νόμος</word>
    </Lema>
    <Morph>
     <word seq="17">namp</word>
    </Morph>
    <Strong>
     <word seq="17">3551</word>
    </Strong>
    <LMcode>
     <word seq="17">33.55</word>
    </LMcode>
   </column>
   <column>
    <Greek>
     <word seq="18">μου</word>
    </Greek>
    <Lema>
     <word seq="18">ἐγώ</word>
    </Lema>
    <Morph>
     <word seq="18">rp1g_s</word>
    </Morph>
    <Strong>
     <word seq="18">3450</word>
    </Strong>
    <LMcode>
     <word seq="18">92.1</word>
    </LMcode>
   </column>
   <column>
    <Greek>
     <word seq="19">εἰς</word>
    </Greek>
    <Lema>
     <word seq="19">εἰς</word>
    </Lema>
    <Morph>
     <word seq="19">p</word>
    </Morph>
    <Strong>
     <word seq="19">1519</word>
    </Strong>
    <LMcode>
     <word seq="19">84.22</word>
    </LMcode>
   </column>
   <column>
    <Greek>
     <word seq="20">τὴν</word>
    </Greek>
    <Lema>
     <word seq="20">ὁ</word>
    </Lema>
    <Morph>
     <word seq="20">dafs</word>
    </Morph>
    <Strong>
     <word seq="20">3588</word>
    </Strong>
    <LMcode>
     <word seq="20">92.24</word>
    </LMcode>
   </column>
   <column>
    <Greek>
     <word seq="21">διάνοιαν</word>
    </Greek>
    <Lema>
     <word seq="21">διάνοια</word>
    </Lema>
    <Morph>
     <word seq="21">nafs</word>
    </Morph>
    <Strong>
     <word seq="21">1271</word>
    </Strong>
    <LMcode>
     <word seq="21">26.14</word>
    </LMcode>
   </column>
   <column>
    <Greek>
     <word seq="22">αὐτῶν</word>
    </Greek>
    <Lema>
     <word seq="22">αὐτός</word>
    </Lema>
    <Morph>
     <word seq="22">rp3gmp</word>
    </Morph>
    <Strong>
     <word seq="22">846</word>
    </Strong>
    <LMcode>
     <word seq="22">92.11</word>
    </LMcode>
   </column>
   <column>
    <Greek>
     <word seq="23">καὶ</word>
    </Greek>
    <Lema>
     <word seq="23">καί</word>
    </Lema>
    <Morph>
     <word seq="23">c</word>
    </Morph>
    <Strong>
     <word seq="23">2532</word>
    </Strong>
    <LMcode>
     <word seq="23">89.92</word>
    </LMcode>
   </column>
   <column>
    <Greek>
     <word seq="24">ἐπὶ</word>
    </Greek>
    <Lema>
     <word seq="24">ἐπί</word>
    </Lema>
    <Morph>
     <word seq="24">p</word>
    </Morph>
    <Strong>
     <word seq="24">1909</word>
    </Strong>
    <LMcode>
     <word seq="24">83.46</word>
    </LMcode>
   </column>
   <column>
    <Greek>
     <word seq="25">καρδίας</word>
    </Greek>
    <Lema>
     <word seq="25">καρδία</word>
    </Lema>
    <Morph>
     <word seq="25">nafp</word>
    </Morph>
    <Strong>
     <word seq="25">2588</word>
    </Strong>
    <LMcode>
     <word seq="25">26.3</word>
    </LMcode>
   </column>
   <column>
    <Greek>
     <word seq="26">αὐτῶν</word>
    </Greek>
    <Lema>
     <word seq="26">αὐτός</word>
    </Lema>
    <Morph>
     <word seq="26">rp3gmp</word>
    </Morph>
    <Strong>
     <word seq="26">846</word>
    </Strong>
    <LMcode>
     <word seq="26">92.11</word>
    </LMcode>
   </column>
   <column>
    <Greek>
     <word seq="27">ἐπιγράψω</word>
    </Greek>
    <Lema>
     <word seq="27">ἐπιγράφω</word>
    </Lema>
    <Morph>
     <word seq="27">vifa1s</word>
    </Morph>
    <Strong>
     <word seq="27">1924</word>
    </Strong>
    <LMcode>
     <word seq="27">33.65</word>
    </LMcode>
   </column>
   <column>
    <Greek>
     <word seq="28">αὐτούς,</word>
    </Greek>
    <Lema>
     <word seq="28">αὐτός</word>
    </Lema>
    <Morph>
     <word seq="28">rp3amp</word>
    </Morph>
    <Strong>
     <word seq="28">846</word>
    </Strong>
    <LMcode>
     <word seq="28">92.11</word>
    </LMcode>
   </column>
   <column>
    <Greek>
     <word seq="29">καὶ</word>
    </Greek>
    <Lema>
     <word seq="29">καί</word>
    </Lema>
    <Morph>
     <word seq="29">c</word>
    </Morph>
    <Strong>
     <word seq="29">2532</word>
    </Strong>
    <LMcode>
     <word seq="29">89.87</word>
    </LMcode>
   </column>
   <column>
    <Greek>
     <word seq="30">ἔσομαι</word>
    </Greek>
    <Lema>
     <word seq="30">εἰμί</word>
    </Lema>
    <Morph>
     <word seq="30">vifm1s</word>
    </Morph>
    <Strong>
     <word seq="30">2071</word>
    </Strong>
    <LMcode>
     <word seq="30">13.1</word>
    </LMcode>
   </column>
   <column>
    <Greek>
     <word seq="31">αὐτοῖς</word>
    </Greek>
    <Lema>
     <word seq="31">αὐτός</word>
    </Lema>
    <Morph>
     <word seq="31">rp3dmp</word>
    </Morph>
    <Strong>
     <word seq="31">846</word>
    </Strong>
    <LMcode>
     <word seq="31">92.11</word>
    </LMcode>
   </column>
   <column>
    <Greek>
     <word seq="32">εἰς</word>
    </Greek>
    <Lema>
     <word seq="32">εἰς</word>
    </Lema>
    <Morph>
     <word seq="32">p</word>
    </Morph>
    <Strong>
     <word seq="32">1519</word>
    </Strong>
    <LMcode>
     <word seq="32">13.62</word>
    </LMcode>
   </column>
   <column>
    <Greek>
     <word seq="33">θεόν,</word>
    </Greek>
    <Lema>
     <word seq="33">θεός</word>
    </Lema>
    <Morph>
     <word seq="33">nams</word>
    </Morph>
    <Strong>
     <word seq="33">2316</word>
    </Strong>
    <LMcode>
     <word seq="33">12.1</word>
    </LMcode>
   </column>
   <column>
    <Greek>
     <word seq="34">καὶ</word>
    </Greek>
    <Lema>
     <word seq="34">καί</word>
    </Lema>
    <Morph>
     <word seq="34">c</word>
    </Morph>
    <Strong>
     <word seq="34">2532</word>
    </Strong>
    <LMcode>
     <word seq="34">89.92</word>
    </LMcode>
   </column>
   <column>
    <Greek>
     <word seq="35">αὐτοὶ</word>
    </Greek>
    <Lema>
     <word seq="35">αὐτός</word>
    </Lema>
    <Morph>
     <word seq="35">rp3nmp</word>
    </Morph>
    <Strong>
     <word seq="35">846</word>
    </Strong>
    <LMcode>
     <word seq="35">92.11</word>
    </LMcode>
   </column>
   <column>
    <Greek>
     <word seq="36">ἔσονταί</word>
    </Greek>
    <Lema>
     <word seq="36">εἰμί</word>
    </Lema>
    <Morph>
     <word seq="36">vifm3p</word>
    </Morph>
    <Strong>
     <word seq="36">2071</word>
    </Strong>
    <LMcode>
     <word seq="36">13.1</word>
    </LMcode>
   </column>
   <column>
    <Greek>
     <word seq="37">μοι</word>
    </Greek>
    <Lema>
     <word seq="37">ἐγώ</word>
    </Lema>
    <Morph>
     <word seq="37">rp1d_s</word>
    </Morph>
    <Strong>
     <word seq="37">3427</word>
    </Strong>
    <LMcode>
     <word seq="37">92.1</word>
    </LMcode>
   </column>
   <column>
    <Greek>
     <word seq="38">εἰς</word>
    </Greek>
    <Lema>
     <word seq="38">εἰς</word>
    </Lema>
    <Morph>
     <word seq="38">p</word>
    </Morph>
    <Strong>
     <word seq="38">1519</word>
    </Strong>
    <LMcode>
     <word seq="38">13.62</word>
    </LMcode>
   </column>
   <column>
    <Greek>
     <word seq="39">λαόν·</word>
    </Greek>
    <Lema>
     <word seq="39">λαός</word>
    </Lema>
    <Morph>
     <word seq="39">nams</word>
    </Morph>
    <Strong>
     <word seq="39">2992</word>
    </Strong>
    <LMcode>
     <word seq="39">11.12</word>
    </LMcode>
   </column>
  </verse>
  <verse number="11">
   <column>
    <Greek>
     <word seq="1">καὶ</word>
    </Greek>
    <Lema>
     <word seq="1">καί</word>
    </Lema>
    <Morph>
     <word seq="1">c</word>
    </Morph>
    <Strong>
     <word seq="1">2532</word>
    </Strong>
    <LMcode>
     <word seq="1">89.87</word>
    </LMcode>
   </column>
   <column>
    <Greek>
     <word seq="2">οὐ</word>
    </Greek>
    <Lema>
     <word seq="2">οὐ</word>
    </Lema>
    <Morph>
     <word seq="2">b</word>
    </Morph>
    <Strong>
     <word seq="2">3756</word>
    </Strong>
    <LMcode>
     <word seq="2">69.5</word>
    </LMcode>
   </column>
   <column>
    <Greek>
     <word seq="3">μὴ</word>
    </Greek>
    <Lema>
     <word seq="3">μή</word>
    </Lema>
    <Morph>
     <word seq="3">b</word>
    </Morph>
    <Strong>
     <word seq="3">3361</word>
    </Strong>
    <LMcode>
     <word seq="3">69.5</word>
    </LMcode>
   </column>
   <column>
    <Greek>
     <word seq="4">διδάξωσιν</word>
    </Greek>
    <Lema>
     <word seq="4">διδάσκω</word>
    </Lema>
    <Morph>
     <word seq="4">vsaa3p</word>
    </Morph>
    <Strong>
     <word seq="4">1321</word>
    </Strong>
    <LMcode>
     <word seq="4">33.224</word>
    </LMcode>
   </column>
   <column>
    <Greek>
     <word seq="5">ἕκαστος</word>
    </Greek>
    <Lema>
     <word seq="5">ἕκαστος</word>
    </Lema>
    <Morph>
     <word seq="5">anms</word>
    </Morph>
    <Strong>
     <word seq="5">1538</word>
    </Strong>
    <LMcode>
     <word seq="5">59.27</word>
    </LMcode>
   </column>
   <column>
    <Greek>
     <word seq="6">τὸν</word>
    </Greek>
    <Lema>
     <word seq="6">ὁ</word>
    </Lema>
    <Morph>
     <word seq="6">dams</word>
    </Morph>
    <Strong>
     <word seq="6">3588</word>
    </Strong>
    <LMcode>
     <word seq="6">92.24</word>
    </LMcode>
   </column>
   <column>
    <Greek>
     <word seq="7">πολίτην</word>
    </Greek>
    <Lema>
     <word seq="7">πολίτης</word>
    </Lema>
    <Morph>
     <word seq="7">nams</word>
    </Morph>
    <Strong>
     <word seq="7">4177</word>
    </Strong>
    <LMcode>
     <word seq="7">11.68</word>
    </LMcode>
   </column>
   <column>
    <Greek>
     <word seq="8">αὐτοῦ</word>
    </Greek>
    <Lema>
     <word seq="8">αὐτός</word>
    </Lema>
    <Morph>
     <word seq="8">rp3gms</word>
    </Morph>
    <Strong>
     <word seq="8">846</word>
    </Strong>
    <LMcode>
     <word seq="8">92.11</word>
    </LMcode>
   </column>
   <column>
    <Greek>
     <word seq="9">καὶ</word>
    </Greek>
    <Lema>
     <word seq="9">καί</word>
    </Lema>
    <Morph>
     <word seq="9">c</word>
    </Morph>
    <Strong>
     <word seq="9">2532</word>
    </Strong>
    <LMcode>
     <word seq="9">89.92</word>
    </LMcode>
   </column>
   <column>
    <Greek>
     <word seq="10">ἕκαστος</word>
    </Greek>
    <Lema>
     <word seq="10">ἕκαστος</word>
    </Lema>
    <Morph>
     <word seq="10">anms</word>
    </Morph>
    <Strong>
     <word seq="10">1538</word>
    </Strong>
    <LMcode>
     <word seq="10">59.27</word>
    </LMcode>
   </column>
   <column>
    <Greek>
     <word seq="11">τὸν</word>
    </Greek>
    <Lema>
     <word seq="11">ὁ</word>
    </Lema>
    <Morph>
     <word seq="11">dams</word>
    </Morph>
    <Strong>
     <word seq="11">3588</word>
    </Strong>
    <LMcode>
     <word seq="11">92.24</word>
    </LMcode>
   </column>
   <column>
    <Greek>
     <word seq="12">ἀδελφὸν</word>
    </Greek>
    <Lema>
     <word seq="12">ἀδελφός</word>
    </Lema>
    <Morph>
     <word seq="12">nams</word>
    </Morph>
    <Strong>
     <word seq="12">80</word>
    </Strong>
    <LMcode>
     <word seq="12">11.23</word>
    </LMcode>
   </column>
   <column>
    <Greek>
     <word seq="13">αὐτοῦ</word>
    </Greek>
    <Lema>
     <word seq="13">αὐτός</word>
    </Lema>
    <Morph>
     <word seq="13">rp3gms</word>
    </Morph>
    <Strong>
     <word seq="13">846</word>
    </Strong>
    <LMcode>
     <word seq="13">92.11</word>
    </LMcode>
   </column>
   <column>
    <Greek>
     <word seq="14">λέγων·</word>
    </Greek>
    <Lema>
     <word seq="14">λέγω</word>
    </Lema>
    <Morph>
     <word seq="14">vppa-nms</word>
    </Morph>
    <Strong>
     <word seq="14">3004</word>
    </Strong>
    <LMcode>
     <word seq="14">33.69</word>
    </LMcode>
   </column>
   <column>
    <Greek>
     <word seq="15">γνῶθι</word>
    </Greek>
    <Lema>
     <word seq="15">γινώσκω</word>
    </Lema>
    <Morph>
     <word seq="15">vmaa2s</word>
    </Morph>
    <Strong>
     <word seq="15">1097</word>
    </Strong>
    <LMcode>
     <word seq="15">28.1</word>
    </LMcode>
   </column>
   <column>
    <Greek>
     <word seq="16">τὸν</word>
    </Greek>
    <Lema>
     <word seq="16">ὁ</word>
    </Lema>
    <Morph>
     <word seq="16">dams</word>
    </Morph>
    <Strong>
     <word seq="16">3588</word>
    </Strong>
    <LMcode>
     <word seq="16">92.24</word>
    </LMcode>
   </column>
   <column>
    <Greek>
     <word seq="17">κύριον,</word>
    </Greek>
    <Lema>
     <word seq="17">κύριος</word>
    </Lema>
    <Morph>
     <word seq="17">nams</word>
    </Morph>
    <Strong>
     <word seq="17">2962</word>
    </Strong>
    <LMcode>
     <word seq="17">12.9</word>
    </LMcode>
   </column>
   <column>
    <Greek>
     <word seq="18">ὅτι</word>
    </Greek>
    <Lema>
     <word seq="18">ὅτι</word>
    </Lema>
    <Morph>
     <word seq="18">c</word>
    </Morph>
    <Strong>
     <word seq="18">3754</word>
    </Strong>
    <LMcode>
     <word seq="18">89.33</word>
    </LMcode>
   </column>
   <column>
    <Greek>
     <word seq="19">πάντες</word>
    </Greek>
    <Lema>
     <word seq="19">πᾶς</word>
    </Lema>
    <Morph>
     <word seq="19">anmp</word>
    </Morph>
    <Strong>
     <word seq="19">3956</word>
    </Strong>
    <LMcode>
     <word seq="19">59.23</word>
    </LMcode>
   </column>
   <column>
    <Greek>
     <word seq="20">εἰδήσουσίν</word>
    </Greek>
    <Lema>
     <word seq="20">οἶδα</word>
    </Lema>
    <Morph>
     <word seq="20">vifa3p</word>
    </Morph>
    <Strong>
     <word seq="20">1492</word>
    </Strong>
    <LMcode>
     <word seq="20">28.1</word>
    </LMcode>
   </column>
   <column>
    <Greek>
     <word seq="21">με</word>
    </Greek>
    <Lema>
     <word seq="21">ἐγώ</word>
    </Lema>
    <Morph>
     <word seq="21">rp1a_s</word>
    </Morph>
    <Strong>
     <word seq="21">3165</word>
    </Strong>
    <LMcode>
     <word seq="21">92.1</word>
    </LMcode>
   </column>
   <column>
    <Greek>
     <word seq="22">ἀπὸ</word>
    </Greek>
    <Lema>
     <word seq="22">ἀπό</word>
    </Lema>
    <Morph>
     <word seq="22">p</word>
    </Morph>
    <Strong>
     <word seq="22">575</word>
    </Strong>
    <LMcode>
     <word seq="22">84.3</word>
    </LMcode>
   </column>
   <column>
    <Greek>
     <word seq="23">μικροῦ</word>
    </Greek>
    <Lema>
     <word seq="23">μικρός</word>
    </Lema>
    <Morph>
     <word seq="23">agms</word>
    </Morph>
    <Strong>
     <word seq="23">3398</word>
    </Strong>
    <LMcode>
     <word seq="23">78.9</word>
    </LMcode>
   </column>
   <column>
    <Greek>
     <word seq="24">ἕως</word>
    </Greek>
    <Lema>
     <word seq="24">ἕως</word>
    </Lema>
    <Morph>
     <word seq="24">p</word>
    </Morph>
    <Strong>
     <word seq="24">2193</word>
    </Strong>
    <LMcode>
     <word seq="24">78.51</word>
    </LMcode>
   </column>
   <column>
    <Greek>
     <word seq="25">μεγάλου</word>
    </Greek>
    <Lema>
     <word seq="25">μέγας</word>
    </Lema>
    <Morph>
     <word seq="25">agms</word>
    </Morph>
    <Strong>
     <word seq="25">3173</word>
    </Strong>
    <LMcode>
     <word seq="25">78.2</word>
    </LMcode>
   </column>
   <column>
    <Greek>
     <word seq="26">αὐτῶν,</word>
    </Greek>
    <Lema>
     <word seq="26">αὐτός</word>
    </Lema>
    <Morph>
     <word seq="26">rp3gmp</word>
    </Morph>
    <Strong>
     <word seq="26">846</word>
    </Strong>
    <LMcode>
     <word seq="26">92.11</word>
    </LMcode>
   </column>
  </verse>
  <verse number="12">
   <column>
    <Greek>
     <word seq="1">ὅτι</word>
    </Greek>
    <Lema>
     <word seq="1">ὅτι</word>
    </Lema>
    <Morph>
     <word seq="1">c</word>
    </Morph>
    <Strong>
     <word seq="1">3754</word>
    </Strong>
    <LMcode>
     <word seq="1">89.33</word>
    </LMcode>
   </column>
   <column>
    <Greek>
     <word seq="2">ἵλεως</word>
    </Greek>
    <Lema>
     <word seq="2">ἵλεως</word>
    </Lema>
    <Morph>
     <word seq="2">anms</word>
    </Morph>
    <Strong>
     <word seq="2">2436</word>
    </Strong>
    <LMcode>
     <word seq="2">88.77</word>
    </LMcode>
   </column>
   <column>
    <Greek>
     <word seq="3">ἔσομαι</word>
    </Greek>
    <Lema>
     <word seq="3">εἰμί</word>
    </Lema>
    <Morph>
     <word seq="3">vifm1s</word>
    </Morph>
    <Strong>
     <word seq="3">2071</word>
    </Strong>
    <LMcode>
     <word seq="3">13.1</word>
    </LMcode>
   </column>
   <column>
    <Greek>
     <word seq="4">ταῖς</word>
    </Greek>
    <Lema>
     <word seq="4">ὁ</word>
    </Lema>
    <Morph>
     <word seq="4">ddfp</word>
    </Morph>
    <Strong>
     <word seq="4">3588</word>
    </Strong>
    <LMcode>
     <word seq="4">92.24</word>
    </LMcode>
   </column>
   <column>
    <Greek>
     <word seq="5">ἀδικίαις</word>
    </Greek>
    <Lema>
     <word seq="5">ἀδικία</word>
    </Lema>
    <Morph>
     <word seq="5">ndfp</word>
    </Morph>
    <Strong>
     <word seq="5">93</word>
    </Strong>
    <LMcode>
     <word seq="5">88.21</word>
    </LMcode>
   </column>
   <column>
    <Greek>
     <word seq="6">αὐτῶν</word>
    </Greek>
    <Lema>
     <word seq="6">αὐτός</word>
    </Lema>
    <Morph>
     <word seq="6">rp3gmp</word>
    </Morph>
    <Strong>
     <word seq="6">846</word>
    </Strong>
    <LMcode>
     <word seq="6">92.11</word>
    </LMcode>
   </column>
   <column>
    <Greek>
     <word seq="7">καὶ</word>
    </Greek>
    <Lema>
     <word seq="7">καί</word>
    </Lema>
    <Morph>
     <word seq="7">c</word>
    </Morph>
    <Strong>
     <word seq="7">2532</word>
    </Strong>
    <LMcode>
     <word seq="7">89.92</word>
    </LMcode>
   </column>
   <column>
    <Greek>
     <word seq="8">τῶν</word>
    </Greek>
    <Lema>
     <word seq="8">ὁ</word>
    </Lema>
    <Morph>
     <word seq="8">dgfp</word>
    </Morph>
    <Strong>
     <word seq="8">3588</word>
    </Strong>
    <LMcode>
     <word seq="8">92.24</word>
    </LMcode>
   </column>
   <column>
    <Greek>
     <word seq="9">ἁμαρτιῶν</word>
    </Greek>
    <Lema>
     <word seq="9">ἁμαρτία</word>
    </Lema>
    <Morph>
     <word seq="9">ngfp</word>
    </Morph>
    <Strong>
     <word seq="9">266</word>
    </Strong>
    <LMcode>
     <word seq="9">88.289</word>
    </LMcode>
   </column>
   <column>
    <Greek>
     <word seq="10">αὐτῶν</word>
    </Greek>
    <Lema>
     <word seq="10">αὐτός</word>
    </Lema>
    <Morph>
     <word seq="10">rp3gmp</word>
    </Morph>
    <Strong>
     <word seq="10">846</word>
    </Strong>
    <LMcode>
     <word seq="10">92.11</word>
    </LMcode>
   </column>
   <column>
    <Greek>
     <word seq="11">οὐ</word>
    </Greek>
    <Lema>
     <word seq="11">οὐ</word>
    </Lema>
    <Morph>
     <word seq="11">b</word>
    </Morph>
    <Strong>
     <word seq="11">3756</word>
    </Strong>
    <LMcode>
     <word seq="11">69.5</word>
    </LMcode>
   </column>
   <column>
    <Greek>
     <word seq="12">μὴ</word>
    </Greek>
    <Lema>
     <word seq="12">μή</word>
    </Lema>
    <Morph>
     <word seq="12">b</word>
    </Morph>
    <Strong>
     <word seq="12">3361</word>
    </Strong>
    <LMcode>
     <word seq="12">69.5</word>
    </LMcode>
   </column>
   <column>
    <Greek>
     <word seq="13">μνησθῶ</word>
    </Greek>
    <Lema>
     <word seq="13">μιμνῄσκομαι</word>
    </Lema>
    <Morph>
     <word seq="13">vsap1s</word>
    </Morph>
    <Strong>
     <word seq="13">3415</word>
    </Strong>
    <LMcode>
     <word seq="13">29.7</word>
    </LMcode>
   </column>
   <column>
    <Greek>
     <word seq="14">ἔτι.</word>
    </Greek>
    <Lema>
     <word seq="14">ἔτι</word>
    </Lema>
    <Morph>
     <word seq="14">b</word>
    </Morph>
    <Strong>
     <word seq="14">2089</word>
    </Strong>
    <LMcode>
     <word seq="14">67.128</word>
    </LMcode>
   </column>
  </verse>
  <verse number="13">
   <column>
    <Greek>
     <word seq="1">ἐν</word>
    </Greek>
    <Lema>
     <word seq="1">ἐν</word>
    </Lema>
    <Morph>
     <word seq="1">p</word>
    </Morph>
    <Strong>
     <word seq="1">1722</word>
    </Strong>
    <LMcode>
     <word seq="1">67.33</word>
    </LMcode>
   </column>
   <column>
    <Greek>
     <word seq="2">τῷ</word>
    </Greek>
    <Lema>
     <word seq="2">ὁ</word>
    </Lema>
    <Morph>
     <word seq="2">ddns, ddms</word>
    </Morph>
    <Strong>
     <word seq="2">3588</word>
    </Strong>
    <LMcode>
     <word seq="2">92.24</word>
    </LMcode>
   </column>
   <column>
    <Greek>
     <word seq="3">λέγειν</word>
    </Greek>
    <Lema>
     <word seq="3">λέγω</word>
    </Lema>
    <Morph>
     <word seq="3">vnpa</word>
    </Morph>
    <Strong>
     <word seq="3">3004</word>
    </Strong>
    <LMcode>
     <word seq="3">33.69</word>
    </LMcode>
   </column>
   <column>
    <Greek>
     <word seq="4">καινὴν</word>
    </Greek>
    <Lema>
     <word seq="4">καινός</word>
    </Lema>
    <Morph>
     <word seq="4">aafs</word>
    </Morph>
    <Strong>
     <word seq="4">2537</word>
    </Strong>
    <LMcode>
     <word seq="4">58.71</word>
    </LMcode>
   </column>
   <column>
    <Greek>
     <word seq="5">πεπαλαίωκεν</word>
    </Greek>
    <Lema>
     <word seq="5">παλαιόω</word>
    </Lema>
    <Morph>
     <word seq="5">vixa3s</word>
    </Morph>
    <Strong>
     <word seq="5">3822</word>
    </Strong>
    <LMcode>
     <word seq="5">67.103</word>
    </LMcode>
   </column>
   <column>
    <Greek>
     <word seq="6">τὴν</word>
    </Greek>
    <Lema>
     <word seq="6">ὁ</word>
    </Lema>
    <Morph>
     <word seq="6">dafs</word>
    </Morph>
    <Strong>
     <word seq="6">3588</word>
    </Strong>
    <LMcode>
     <word seq="6">92.24</word>
    </LMcode>
   </column>
   <column>
    <Greek>
     <word seq="7">πρώτην·</word>
    </Greek>
    <Lema>
     <word seq="7">πρῶτος</word>
    </Lema>
    <Morph>
     <word seq="7">aafs</word>
    </Morph>
    <Strong>
     <word seq="7">4413</word>
    </Strong>
    <LMcode>
     <word seq="7">60.46</word>
    </LMcode>
   </column>
   <column>
    <Greek>
     <word seq="8">τὸ</word>
    </Greek>
    <Lema>
     <word seq="8">ὁ</word>
    </Lema>
    <Morph>
     <word seq="8">dnns</word>
    </Morph>
    <Strong>
     <word seq="8">3588</word>
    </Strong>
    <LMcode>
     <word seq="8">92.24</word>
    </LMcode>
   </column>
   <column>
    <Greek>
     <word seq="9">δὲ</word>
    </Greek>
    <Lema>
     <word seq="9">δέ</word>
    </Lema>
    <Morph>
     <word seq="9">c</word>
    </Morph>
    <Strong>
     <word seq="9">1161</word>
    </Strong>
    <LMcode>
     <word seq="9">89.87</word>
    </LMcode>
   </column>
   <column>
    <Greek>
     <word seq="10">παλαιούμενον</word>
    </Greek>
    <Lema>
     <word seq="10">παλαιόω</word>
    </Lema>
    <Morph>
     <word seq="10">vppp-nns</word>
    </Morph>
    <Strong>
     <word seq="10">3822</word>
    </Strong>
    <LMcode>
     <word seq="10">67.103</word>
    </LMcode>
   </column>
   <column>
    <Greek>
     <word seq="11">καὶ</word>
    </Greek>
    <Lema>
     <word seq="11">καί</word>
    </Lema>
    <Morph>
     <word seq="11">c</word>
    </Morph>
    <Strong>
     <word seq="11">2532</word>
    </Strong>
    <LMcode>
     <word seq="11">89.93</word>
    </LMcode>
   </column>
   <column>
    <Greek>
     <word seq="12">γηράσκον</word>
    </Greek>
    <Lema>
     <word seq="12">γηράσκω</word>
    </Lema>
    <Morph>
     <word seq="12">vppa-nns</word>
    </Morph>
    <Strong>
     <word seq="12">1095</word>
    </Strong>
    <LMcode>
     <word seq="12">67.105</word>
    </LMcode>
   </column>
   <column>
    <Greek>
     <word seq="13">ἐγγὺς</word>
    </Greek>
    <Lema>
     <word seq="13">ἐγγύς</word>
    </Lema>
    <Morph>
     <word seq="13">p</word>
    </Morph>
    <Strong>
     <word seq="13">1451</word>
    </Strong>
    <LMcode>
     <word seq="13">67.61</word>
    </LMcode>
   </column>
   <column>
    <Greek>
     <word seq="14">ἀφανισμοῦ.</word>
    </Greek>
    <Lema>
     <word seq="14">ἀφανισμός</word>
    </Lema>
    <Morph>
     <word seq="14">ngms</word>
    </Morph>
    <Strong>
     <word seq="14">854</word>
    </Strong>
    <LMcode>
     <word seq="14">13.98</word>
    </LMcode>
   </column>
  </verse>
 </chapter>
</book>
