<?xml version="1.0" encoding="UTF-8" standalone="no"?>
<book>
 <chapter book="null" number="4">
  <verse number="1">
   <column>
    <Greek>
     <word seq="1">Φοβηθῶμεν</word>
    </Greek>
    <Lema>
     <word seq="1">φοβέω</word>
    </Lema>
    <Morph>
     <word seq="1">vsap1p</word>
    </Morph>
    <Strong>
     <word seq="1">5399</word>
    </Strong>
    <LMcode>
     <word seq="1">25.251</word>
    </LMcode>
   </column>
   <column>
    <Greek>
     <word seq="2">οὖν,</word>
    </Greek>
    <Lema>
     <word seq="2">οὖν</word>
    </Lema>
    <Morph>
     <word seq="2">c</word>
    </Morph>
    <Strong>
     <word seq="2">3767</word>
    </Strong>
    <LMcode>
     <word seq="2">89.50</word>
    </LMcode>
   </column>
   <column>
    <Greek>
     <word seq="3">μήποτε</word>
    </Greek>
    <Lema>
     <word seq="3">μήποτε</word>
    </Lema>
    <Morph>
     <word seq="3">c</word>
    </Morph>
    <Strong>
     <word seq="3">3379</word>
    </Strong>
    <LMcode>
     <word seq="3">89.62</word>
    </LMcode>
   </column>
   <column>
    <Greek>
     <word seq="4">καταλειπομένης</word>
    </Greek>
    <Lema>
     <word seq="4">καταλείπω</word>
    </Lema>
    <Morph>
     <word seq="4">vppp-gfs</word>
    </Morph>
    <Strong>
     <word seq="4">2641</word>
    </Strong>
    <LMcode>
     <word seq="4">13.92</word>
    </LMcode>
   </column>
   <column>
    <Greek>
     <word seq="5">ἐπαγγελίας</word>
    </Greek>
    <Lema>
     <word seq="5">ἐπαγγελία</word>
    </Lema>
    <Morph>
     <word seq="5">ngfs</word>
    </Morph>
    <Strong>
     <word seq="5">1860</word>
    </Strong>
    <LMcode>
     <word seq="5">33.288</word>
    </LMcode>
   </column>
   <column>
    <Greek>
     <word seq="6">εἰσελθεῖν</word>
    </Greek>
    <Lema>
     <word seq="6">εἰσέρχομαι</word>
    </Lema>
    <Morph>
     <word seq="6">vnaa</word>
    </Morph>
    <Strong>
     <word seq="6">1525</word>
    </Strong>
    <LMcode>
     <word seq="6">15.93</word>
    </LMcode>
   </column>
   <column>
    <Greek>
     <word seq="7">εἰς</word>
    </Greek>
    <Lema>
     <word seq="7">εἰς</word>
    </Lema>
    <Morph>
     <word seq="7">p</word>
    </Morph>
    <Strong>
     <word seq="7">1519</word>
    </Strong>
    <LMcode>
     <word seq="7">84.22</word>
    </LMcode>
   </column>
   <column>
    <Greek>
     <word seq="8">τὴν</word>
    </Greek>
    <Lema>
     <word seq="8">ὁ</word>
    </Lema>
    <Morph>
     <word seq="8">dafs</word>
    </Morph>
    <Strong>
     <word seq="8">3588</word>
    </Strong>
    <LMcode>
     <word seq="8">92.24</word>
    </LMcode>
   </column>
   <column>
    <Greek>
     <word seq="9">κατάπαυσιν</word>
    </Greek>
    <Lema>
     <word seq="9">κατάπαυσις</word>
    </Lema>
    <Morph>
     <word seq="9">nafs</word>
    </Morph>
    <Strong>
     <word seq="9">2663</word>
    </Strong>
    <LMcode>
     <word seq="9">23.81</word>
    </LMcode>
   </column>
   <column>
    <Greek>
     <word seq="10">αὐτοῦ</word>
    </Greek>
    <Lema>
     <word seq="10">αὐτός</word>
    </Lema>
    <Morph>
     <word seq="10">rp3gms</word>
    </Morph>
    <Strong>
     <word seq="10">846</word>
    </Strong>
    <LMcode>
     <word seq="10">92.11</word>
    </LMcode>
   </column>
   <column>
    <Greek>
     <word seq="11">δοκῇ</word>
    </Greek>
    <Lema>
     <word seq="11">δοκέω</word>
    </Lema>
    <Morph>
     <word seq="11">vspa3s</word>
    </Morph>
    <Strong>
     <word seq="11">1380</word>
    </Strong>
    <LMcode>
     <word seq="11">31.29</word>
    </LMcode>
   </column>
   <column>
    <Greek>
     <word seq="12">τις</word>
    </Greek>
    <Lema>
     <word seq="12">τὶς</word>
    </Lema>
    <Morph>
     <word seq="12">rx-nms</word>
    </Morph>
    <Strong>
     <word seq="12">5100</word>
    </Strong>
    <LMcode>
     <word seq="12">92.12</word>
    </LMcode>
   </column>
   <column>
    <Greek>
     <word seq="13">ἐξ</word>
    </Greek>
    <Lema>
     <word seq="13">ἐκ</word>
    </Lema>
    <Morph>
     <word seq="13">p</word>
    </Morph>
    <Strong>
     <word seq="13">1537</word>
    </Strong>
    <LMcode>
     <word seq="13">63.20</word>
    </LMcode>
   </column>
   <column>
    <Greek>
     <word seq="14">ὑμῶν</word>
    </Greek>
    <Lema>
     <word seq="14">σύ</word>
    </Lema>
    <Morph>
     <word seq="14">rp2g_p</word>
    </Morph>
    <Strong>
     <word seq="14">5216</word>
    </Strong>
    <LMcode>
     <word seq="14">92.7</word>
    </LMcode>
   </column>
   <column>
    <Greek>
     <word seq="15">ὑστερηκέναι.</word>
    </Greek>
    <Lema>
     <word seq="15">ὑστερέω</word>
    </Lema>
    <Morph>
     <word seq="15">vnxa</word>
    </Morph>
    <Strong>
     <word seq="15">5302</word>
    </Strong>
    <LMcode>
     <word seq="15">13.21</word>
    </LMcode>
   </column>
  </verse>
  <verse number="2">
   <column>
    <Greek>
     <word seq="1">καὶ</word>
    </Greek>
    <Lema>
     <word seq="1">καί</word>
    </Lema>
    <Morph>
     <word seq="1">b</word>
    </Morph>
    <Strong>
     <word seq="1">2532</word>
    </Strong>
    <LMcode>
     <word seq="1">89.93</word>
    </LMcode>
   </column>
   <column>
    <Greek>
     <word seq="2">γάρ</word>
    </Greek>
    <Lema>
     <word seq="2">γάρ</word>
    </Lema>
    <Morph>
     <word seq="2">c</word>
    </Morph>
    <Strong>
     <word seq="2">1063</word>
    </Strong>
    <LMcode>
     <word seq="2">89.23</word>
    </LMcode>
   </column>
   <column>
    <Greek>
     <word seq="3">ἐσμεν</word>
    </Greek>
    <Lema>
     <word seq="3">εἰμί</word>
    </Lema>
    <Morph>
     <word seq="3">vipa1p</word>
    </Morph>
    <Strong>
     <word seq="3">2070</word>
    </Strong>
    <LMcode>
     <word seq="3">13.1</word>
    </LMcode>
   </column>
   <column>
    <Greek>
     <word seq="4">εὐηγγελισμένοι</word>
    </Greek>
    <Lema>
     <word seq="4">εὐαγγελίζω</word>
    </Lema>
    <Morph>
     <word seq="4">vpxp-nmp</word>
    </Morph>
    <Strong>
     <word seq="4">2097</word>
    </Strong>
    <LMcode>
     <word seq="4">33.215</word>
    </LMcode>
   </column>
   <column>
    <Greek>
     <word seq="5">καθάπερ</word>
    </Greek>
    <Lema>
     <word seq="5">καθάπερ</word>
    </Lema>
    <Morph>
     <word seq="5">c</word>
    </Morph>
    <Strong>
     <word seq="5">2509</word>
    </Strong>
    <LMcode>
     <word seq="5">64.15</word>
    </LMcode>
   </column>
   <column>
    <Greek>
     <word seq="6">κἀκεῖνοι·</word>
    </Greek>
    <Lema>
     <word seq="6">κἀκεῖνος</word>
    </Lema>
    <Morph>
     <word seq="6">rd-nmp, t</word>
    </Morph>
    <Strong>
     <word seq="6">2548</word>
    </Strong>
    <LMcode>
     <word seq="6">89.93</word>
    </LMcode>
   </column>
   <column>
    <Greek>
     <word seq="7">ἀλλʼ</word>
    </Greek>
    <Lema>
     <word seq="7">ἀλλά</word>
    </Lema>
    <Morph>
     <word seq="7">c</word>
    </Morph>
    <Strong>
     <word seq="7">235</word>
    </Strong>
    <LMcode>
     <word seq="7">89.125</word>
    </LMcode>
   </column>
   <column>
    <Greek>
     <word seq="8">οὐκ</word>
    </Greek>
    <Lema>
     <word seq="8">οὐ</word>
    </Lema>
    <Morph>
     <word seq="8">b</word>
    </Morph>
    <Strong>
     <word seq="8">3756</word>
    </Strong>
    <LMcode>
     <word seq="8">69.3</word>
    </LMcode>
   </column>
   <column>
    <Greek>
     <word seq="9">ὠφέλησεν</word>
    </Greek>
    <Lema>
     <word seq="9">ὠφελέω</word>
    </Lema>
    <Morph>
     <word seq="9">viaa3s</word>
    </Morph>
    <Strong>
     <word seq="9">5623</word>
    </Strong>
    <LMcode>
     <word seq="9">35.2</word>
    </LMcode>
   </column>
   <column>
    <Greek>
     <word seq="10">ὁ</word>
    </Greek>
    <Lema>
     <word seq="10">ὁ</word>
    </Lema>
    <Morph>
     <word seq="10">dnms</word>
    </Morph>
    <Strong>
     <word seq="10">3588</word>
    </Strong>
    <LMcode>
     <word seq="10">92.24</word>
    </LMcode>
   </column>
   <column>
    <Greek>
     <word seq="11">λόγος</word>
    </Greek>
    <Lema>
     <word seq="11">λόγος</word>
    </Lema>
    <Morph>
     <word seq="11">nnms</word>
    </Morph>
    <Strong>
     <word seq="11">3056</word>
    </Strong>
    <LMcode>
     <word seq="11">33.98</word>
    </LMcode>
   </column>
   <column>
    <Greek>
     <word seq="12">τῆς</word>
    </Greek>
    <Lema>
     <word seq="12">ὁ</word>
    </Lema>
    <Morph>
     <word seq="12">dgfs</word>
    </Morph>
    <Strong>
     <word seq="12">3588</word>
    </Strong>
    <LMcode>
     <word seq="12">92.24</word>
    </LMcode>
   </column>
   <column>
    <Greek>
     <word seq="13">ἀκοῆς</word>
    </Greek>
    <Lema>
     <word seq="13">ἀκοή</word>
    </Lema>
    <Morph>
     <word seq="13">ngfs</word>
    </Morph>
    <Strong>
     <word seq="13">189</word>
    </Strong>
    <LMcode>
     <word seq="13">24.52</word>
    </LMcode>
   </column>
   <column>
    <Greek>
     <word seq="14">ἐκείνους</word>
    </Greek>
    <Lema>
     <word seq="14">ἐκεῖνος</word>
    </Lema>
    <Morph>
     <word seq="14">rd-amp</word>
    </Morph>
    <Strong>
     <word seq="14">1565</word>
    </Strong>
    <LMcode>
     <word seq="14">92.30</word>
    </LMcode>
   </column>
   <column>
    <Greek>
     <word seq="15">μὴ</word>
    </Greek>
    <Lema>
     <word seq="15">μή</word>
    </Lema>
    <Morph>
     <word seq="15">b</word>
    </Morph>
    <Strong>
     <word seq="15">3361</word>
    </Strong>
    <LMcode>
     <word seq="15">69.3</word>
    </LMcode>
   </column>
   <column>
    <Greek>
     <word seq="16">συγκεκερασμένους</word>
    </Greek>
    <Lema>
     <word seq="16">συγκεράννυμι</word>
    </Lema>
    <Morph>
     <word seq="16">vpxp-amp</word>
    </Morph>
    <Strong>
     <word seq="16">4786</word>
    </Strong>
    <LMcode>
     <word seq="16">62.2</word>
    </LMcode>
   </column>
   <column>
    <Greek>
     <word seq="17">τῇ</word>
    </Greek>
    <Lema>
     <word seq="17">ὁ</word>
    </Lema>
    <Morph>
     <word seq="17">ddfs</word>
    </Morph>
    <Strong>
     <word seq="17">3588</word>
    </Strong>
    <LMcode>
     <word seq="17">92.24</word>
    </LMcode>
   </column>
   <column>
    <Greek>
     <word seq="18">πίστει</word>
    </Greek>
    <Lema>
     <word seq="18">πίστις</word>
    </Lema>
    <Morph>
     <word seq="18">ndfs</word>
    </Morph>
    <Strong>
     <word seq="18">4102</word>
    </Strong>
    <LMcode>
     <word seq="18">31.85</word>
    </LMcode>
   </column>
   <column>
    <Greek>
     <word seq="19">τοῖς</word>
    </Greek>
    <Lema>
     <word seq="19">ὁ</word>
    </Lema>
    <Morph>
     <word seq="19">ddmp</word>
    </Morph>
    <Strong>
     <word seq="19">3588</word>
    </Strong>
    <LMcode>
     <word seq="19">92.24</word>
    </LMcode>
   </column>
   <column>
    <Greek>
     <word seq="20">ἀκούσασιν.</word>
    </Greek>
    <Lema>
     <word seq="20">ἀκούω</word>
    </Lema>
    <Morph>
     <word seq="20">vpaa-dmp</word>
    </Morph>
    <Strong>
     <word seq="20">191</word>
    </Strong>
    <LMcode>
     <word seq="20">24.52</word>
    </LMcode>
   </column>
  </verse>
  <verse number="3">
   <column>
    <Greek>
     <word seq="1">Εἰσερχόμεθα</word>
    </Greek>
    <Lema>
     <word seq="1">εἰσέρχομαι</word>
    </Lema>
    <Morph>
     <word seq="1">vipu1p</word>
    </Morph>
    <Strong>
     <word seq="1">1525</word>
    </Strong>
    <LMcode>
     <word seq="1">15.93</word>
    </LMcode>
   </column>
   <column>
    <Greek>
     <word seq="2">γὰρ</word>
    </Greek>
    <Lema>
     <word seq="2">γάρ</word>
    </Lema>
    <Morph>
     <word seq="2">c</word>
    </Morph>
    <Strong>
     <word seq="2">1063</word>
    </Strong>
    <LMcode>
     <word seq="2">89.23</word>
    </LMcode>
   </column>
   <column>
    <Greek>
     <word seq="3">εἰς</word>
    </Greek>
    <Lema>
     <word seq="3">εἰς</word>
    </Lema>
    <Morph>
     <word seq="3">p</word>
    </Morph>
    <Strong>
     <word seq="3">1519</word>
    </Strong>
    <LMcode>
     <word seq="3">84.22</word>
    </LMcode>
   </column>
   <column>
    <Greek>
     <word seq="4">[τὴν]</word>
    </Greek>
    <Lema>
     <word seq="4">ὁ</word>
    </Lema>
    <Morph>
     <word seq="4">dafs</word>
    </Morph>
    <Strong>
     <word seq="4">3588</word>
    </Strong>
    <LMcode>
     <word seq="4">92.24</word>
    </LMcode>
   </column>
   <column>
    <Greek>
     <word seq="5">κατάπαυσιν</word>
    </Greek>
    <Lema>
     <word seq="5">κατάπαυσις</word>
    </Lema>
    <Morph>
     <word seq="5">nafs</word>
    </Morph>
    <Strong>
     <word seq="5">2663</word>
    </Strong>
    <LMcode>
     <word seq="5">23.81</word>
    </LMcode>
   </column>
   <column>
    <Greek>
     <word seq="6">οἱ</word>
    </Greek>
    <Lema>
     <word seq="6">ὁ</word>
    </Lema>
    <Morph>
     <word seq="6">dnmp</word>
    </Morph>
    <Strong>
     <word seq="6">3588</word>
    </Strong>
    <LMcode>
     <word seq="6">92.24</word>
    </LMcode>
   </column>
   <column>
    <Greek>
     <word seq="7">πιστεύσαντες,</word>
    </Greek>
    <Lema>
     <word seq="7">πιστεύω</word>
    </Lema>
    <Morph>
     <word seq="7">vpaa-nmp</word>
    </Morph>
    <Strong>
     <word seq="7">4100</word>
    </Strong>
    <LMcode>
     <word seq="7">31.85</word>
    </LMcode>
   </column>
   <column>
    <Greek>
     <word seq="8">καθὼς</word>
    </Greek>
    <Lema>
     <word seq="8">καθώς</word>
    </Lema>
    <Morph>
     <word seq="8">c</word>
    </Morph>
    <Strong>
     <word seq="8">2531</word>
    </Strong>
    <LMcode>
     <word seq="8">64.14</word>
    </LMcode>
   </column>
   <column>
    <Greek>
     <word seq="9">εἴρηκεν·</word>
    </Greek>
    <Lema>
     <word seq="9">εἶπον</word>
    </Lema>
    <Morph>
     <word seq="9">vixa3s</word>
    </Morph>
    <Strong>
     <word seq="9">2046</word>
    </Strong>
    <LMcode>
     <word seq="9">33.69</word>
    </LMcode>
   </column>
   <column>
    <Greek>
     <word seq="10">ὡς</word>
    </Greek>
    <Lema>
     <word seq="10">ὡς</word>
    </Lema>
    <Morph>
     <word seq="10">c</word>
    </Morph>
    <Strong>
     <word seq="10">5613</word>
    </Strong>
    <LMcode>
     <word seq="10">64.12</word>
    </LMcode>
   </column>
   <column>
    <Greek>
     <word seq="11">ὤμοσα</word>
    </Greek>
    <Lema>
     <word seq="11">ὀμνύω</word>
    </Lema>
    <Morph>
     <word seq="11">viaa1s</word>
    </Morph>
    <Strong>
     <word seq="11">3660</word>
    </Strong>
    <LMcode>
     <word seq="11">33.463</word>
    </LMcode>
   </column>
   <column>
    <Greek>
     <word seq="12">ἐν</word>
    </Greek>
    <Lema>
     <word seq="12">ἐν</word>
    </Lema>
    <Morph>
     <word seq="12">p</word>
    </Morph>
    <Strong>
     <word seq="12">1722</word>
    </Strong>
    <LMcode>
     <word seq="12">89.26</word>
    </LMcode>
   </column>
   <column>
    <Greek>
     <word seq="13">τῇ</word>
    </Greek>
    <Lema>
     <word seq="13">ὁ</word>
    </Lema>
    <Morph>
     <word seq="13">ddfs</word>
    </Morph>
    <Strong>
     <word seq="13">3588</word>
    </Strong>
    <LMcode>
     <word seq="13">92.24</word>
    </LMcode>
   </column>
   <column>
    <Greek>
     <word seq="14">ὀργῇ</word>
    </Greek>
    <Lema>
     <word seq="14">ὀργή</word>
    </Lema>
    <Morph>
     <word seq="14">ndfs</word>
    </Morph>
    <Strong>
     <word seq="14">3709</word>
    </Strong>
    <LMcode>
     <word seq="14">88.173</word>
    </LMcode>
   </column>
   <column>
    <Greek>
     <word seq="15">μου·</word>
    </Greek>
    <Lema>
     <word seq="15">ἐγώ</word>
    </Lema>
    <Morph>
     <word seq="15">rp1g_s</word>
    </Morph>
    <Strong>
     <word seq="15">3450</word>
    </Strong>
    <LMcode>
     <word seq="15">92.1</word>
    </LMcode>
   </column>
   <column>
    <Greek>
     <word seq="16">εἰ</word>
    </Greek>
    <Lema>
     <word seq="16">εἰ</word>
    </Lema>
    <Morph>
     <word seq="16">c</word>
    </Morph>
    <Strong>
     <word seq="16">1487</word>
    </Strong>
    <LMcode>
     <word seq="16">89.65</word>
    </LMcode>
   </column>
   <column>
    <Greek>
     <word seq="17">εἰσελεύσονται</word>
    </Greek>
    <Lema>
     <word seq="17">εἰσέρχομαι</word>
    </Lema>
    <Morph>
     <word seq="17">vifm3p</word>
    </Morph>
    <Strong>
     <word seq="17">1525</word>
    </Strong>
    <LMcode>
     <word seq="17">15.93</word>
    </LMcode>
   </column>
   <column>
    <Greek>
     <word seq="18">εἰς</word>
    </Greek>
    <Lema>
     <word seq="18">εἰς</word>
    </Lema>
    <Morph>
     <word seq="18">p</word>
    </Morph>
    <Strong>
     <word seq="18">1519</word>
    </Strong>
    <LMcode>
     <word seq="18">84.22</word>
    </LMcode>
   </column>
   <column>
    <Greek>
     <word seq="19">τὴν</word>
    </Greek>
    <Lema>
     <word seq="19">ὁ</word>
    </Lema>
    <Morph>
     <word seq="19">dafs</word>
    </Morph>
    <Strong>
     <word seq="19">3588</word>
    </Strong>
    <LMcode>
     <word seq="19">92.24</word>
    </LMcode>
   </column>
   <column>
    <Greek>
     <word seq="20">κατάπαυσίν</word>
    </Greek>
    <Lema>
     <word seq="20">κατάπαυσις</word>
    </Lema>
    <Morph>
     <word seq="20">nafs</word>
    </Morph>
    <Strong>
     <word seq="20">2663</word>
    </Strong>
    <LMcode>
     <word seq="20">23.81</word>
    </LMcode>
   </column>
   <column>
    <Greek>
     <word seq="21">μου,</word>
    </Greek>
    <Lema>
     <word seq="21">ἐγώ</word>
    </Lema>
    <Morph>
     <word seq="21">rp1g_s</word>
    </Morph>
    <Strong>
     <word seq="21">3450</word>
    </Strong>
    <LMcode>
     <word seq="21">92.1</word>
    </LMcode>
   </column>
   <column>
    <Greek>
     <word seq="22">καίτοι</word>
    </Greek>
    <Lema>
     <word seq="22">καίτοι</word>
    </Lema>
    <Morph>
     <word seq="22">c</word>
    </Morph>
    <Strong>
     <word seq="22">2543</word>
    </Strong>
    <LMcode>
     <word seq="22">89.72</word>
    </LMcode>
   </column>
   <column>
    <Greek>
     <word seq="23">τῶν</word>
    </Greek>
    <Lema>
     <word seq="23">ὁ</word>
    </Lema>
    <Morph>
     <word seq="23">dgnp</word>
    </Morph>
    <Strong>
     <word seq="23">3588</word>
    </Strong>
    <LMcode>
     <word seq="23">92.24</word>
    </LMcode>
   </column>
   <column>
    <Greek>
     <word seq="24">ἔργων</word>
    </Greek>
    <Lema>
     <word seq="24">ἔργον</word>
    </Lema>
    <Morph>
     <word seq="24">ngnp</word>
    </Morph>
    <Strong>
     <word seq="24">2041</word>
    </Strong>
    <LMcode>
     <word seq="24">42.42</word>
    </LMcode>
   </column>
   <column>
    <Greek>
     <word seq="25">ἀπὸ</word>
    </Greek>
    <Lema>
     <word seq="25">ἀπό</word>
    </Lema>
    <Morph>
     <word seq="25">p</word>
    </Morph>
    <Strong>
     <word seq="25">575</word>
    </Strong>
    <LMcode>
     <word seq="25">67.131</word>
    </LMcode>
   </column>
   <column>
    <Greek>
     <word seq="26">καταβολῆς</word>
    </Greek>
    <Lema>
     <word seq="26">καταβολή</word>
    </Lema>
    <Morph>
     <word seq="26">ngfs</word>
    </Morph>
    <Strong>
     <word seq="26">2602</word>
    </Strong>
    <LMcode>
     <word seq="26">42.37</word>
    </LMcode>
   </column>
   <column>
    <Greek>
     <word seq="27">κόσμου</word>
    </Greek>
    <Lema>
     <word seq="27">κόσμος</word>
    </Lema>
    <Morph>
     <word seq="27">ngms</word>
    </Morph>
    <Strong>
     <word seq="27">2889</word>
    </Strong>
    <LMcode>
     <word seq="27">1.1</word>
    </LMcode>
   </column>
   <column>
    <Greek>
     <word seq="28">γενηθέντων.</word>
    </Greek>
    <Lema>
     <word seq="28">γίνομαι</word>
    </Lema>
    <Morph>
     <word seq="28">vpap-gnp</word>
    </Morph>
    <Strong>
     <word seq="28">1096</word>
    </Strong>
    <LMcode>
     <word seq="28">85.6</word>
    </LMcode>
   </column>
  </verse>
  <verse number="4">
   <column>
    <Greek>
     <word seq="1">εἴρηκεν</word>
    </Greek>
    <Lema>
     <word seq="1">εἶπον</word>
    </Lema>
    <Morph>
     <word seq="1">vixa3s</word>
    </Morph>
    <Strong>
     <word seq="1">2046</word>
    </Strong>
    <LMcode>
     <word seq="1">33.69</word>
    </LMcode>
   </column>
   <column>
    <Greek>
     <word seq="2">γάρ</word>
    </Greek>
    <Lema>
     <word seq="2">γάρ</word>
    </Lema>
    <Morph>
     <word seq="2">c</word>
    </Morph>
    <Strong>
     <word seq="2">1063</word>
    </Strong>
    <LMcode>
     <word seq="2">89.23</word>
    </LMcode>
   </column>
   <column>
    <Greek>
     <word seq="3">που</word>
    </Greek>
    <Lema>
     <word seq="3">πού</word>
    </Lema>
    <Morph>
     <word seq="3">b</word>
    </Morph>
    <Strong>
     <word seq="3">4225</word>
    </Strong>
    <LMcode>
     <word seq="3">83.7</word>
    </LMcode>
   </column>
   <column>
    <Greek>
     <word seq="4">περὶ</word>
    </Greek>
    <Lema>
     <word seq="4">περί</word>
    </Lema>
    <Morph>
     <word seq="4">p</word>
    </Morph>
    <Strong>
     <word seq="4">4012</word>
    </Strong>
    <LMcode>
     <word seq="4">89.6</word>
    </LMcode>
   </column>
   <column>
    <Greek>
     <word seq="5">τῆς</word>
    </Greek>
    <Lema>
     <word seq="5">ὁ</word>
    </Lema>
    <Morph>
     <word seq="5">dgfs</word>
    </Morph>
    <Strong>
     <word seq="5">3588</word>
    </Strong>
    <LMcode>
     <word seq="5">92.24</word>
    </LMcode>
   </column>
   <column>
    <Greek>
     <word seq="6">ἑβδόμης</word>
    </Greek>
    <Lema>
     <word seq="6">ἕβδομος</word>
    </Lema>
    <Morph>
     <word seq="6">agfs</word>
    </Morph>
    <Strong>
     <word seq="6">1442</word>
    </Strong>
    <LMcode>
     <word seq="6">60.54</word>
    </LMcode>
   </column>
   <column>
    <Greek>
     <word seq="7">οὕτως·</word>
    </Greek>
    <Lema>
     <word seq="7">οὕτως</word>
    </Lema>
    <Morph>
     <word seq="7">b</word>
    </Morph>
    <Strong>
     <word seq="7">3779</word>
    </Strong>
    <LMcode>
     <word seq="7">61.9</word>
    </LMcode>
   </column>
   <column>
    <Greek>
     <word seq="8">καὶ</word>
    </Greek>
    <Lema>
     <word seq="8">καί</word>
    </Lema>
    <Morph>
     <word seq="8">c</word>
    </Morph>
    <Strong>
     <word seq="8">2532</word>
    </Strong>
    <LMcode>
     <word seq="8">89.92</word>
    </LMcode>
   </column>
   <column>
    <Greek>
     <word seq="9">κατέπαυσεν</word>
    </Greek>
    <Lema>
     <word seq="9">καταπαύω</word>
    </Lema>
    <Morph>
     <word seq="9">viaa3s</word>
    </Morph>
    <Strong>
     <word seq="9">2664</word>
    </Strong>
    <LMcode>
     <word seq="9">23.81</word>
    </LMcode>
   </column>
   <column>
    <Greek>
     <word seq="10">ὁ</word>
    </Greek>
    <Lema>
     <word seq="10">ὁ</word>
    </Lema>
    <Morph>
     <word seq="10">dnms</word>
    </Morph>
    <Strong>
     <word seq="10">3588</word>
    </Strong>
    <LMcode>
     <word seq="10">92.24</word>
    </LMcode>
   </column>
   <column>
    <Greek>
     <word seq="11">θεὸς</word>
    </Greek>
    <Lema>
     <word seq="11">θεός</word>
    </Lema>
    <Morph>
     <word seq="11">nnms</word>
    </Morph>
    <Strong>
     <word seq="11">2316</word>
    </Strong>
    <LMcode>
     <word seq="11">12.1</word>
    </LMcode>
   </column>
   <column>
    <Greek>
     <word seq="12">ἐν</word>
    </Greek>
    <Lema>
     <word seq="12">ἐν</word>
    </Lema>
    <Morph>
     <word seq="12">p</word>
    </Morph>
    <Strong>
     <word seq="12">1722</word>
    </Strong>
    <LMcode>
     <word seq="12">67.33</word>
    </LMcode>
   </column>
   <column>
    <Greek>
     <word seq="13">τῇ</word>
    </Greek>
    <Lema>
     <word seq="13">ὁ</word>
    </Lema>
    <Morph>
     <word seq="13">ddfs</word>
    </Morph>
    <Strong>
     <word seq="13">3588</word>
    </Strong>
    <LMcode>
     <word seq="13">92.24</word>
    </LMcode>
   </column>
   <column>
    <Greek>
     <word seq="14">ἡμέρᾳ</word>
    </Greek>
    <Lema>
     <word seq="14">ἡμέρα</word>
    </Lema>
    <Morph>
     <word seq="14">ndfs</word>
    </Morph>
    <Strong>
     <word seq="14">2250</word>
    </Strong>
    <LMcode>
     <word seq="14">67.178</word>
    </LMcode>
   </column>
   <column>
    <Greek>
     <word seq="15">τῇ</word>
    </Greek>
    <Lema>
     <word seq="15">ὁ</word>
    </Lema>
    <Morph>
     <word seq="15">ddfs</word>
    </Morph>
    <Strong>
     <word seq="15">3588</word>
    </Strong>
    <LMcode>
     <word seq="15">92.24</word>
    </LMcode>
   </column>
   <column>
    <Greek>
     <word seq="16">ἑβδόμῃ</word>
    </Greek>
    <Lema>
     <word seq="16">ἕβδομος</word>
    </Lema>
    <Morph>
     <word seq="16">adfs</word>
    </Morph>
    <Strong>
     <word seq="16">1442</word>
    </Strong>
    <LMcode>
     <word seq="16">60.54</word>
    </LMcode>
   </column>
   <column>
    <Greek>
     <word seq="17">ἀπὸ</word>
    </Greek>
    <Lema>
     <word seq="17">ἀπό</word>
    </Lema>
    <Morph>
     <word seq="17">p</word>
    </Morph>
    <Strong>
     <word seq="17">575</word>
    </Strong>
    <LMcode>
     <word seq="17">89.122</word>
    </LMcode>
   </column>
   <column>
    <Greek>
     <word seq="18">πάντων</word>
    </Greek>
    <Lema>
     <word seq="18">πᾶς</word>
    </Lema>
    <Morph>
     <word seq="18">agnp</word>
    </Morph>
    <Strong>
     <word seq="18">3956</word>
    </Strong>
    <LMcode>
     <word seq="18">59.23</word>
    </LMcode>
   </column>
   <column>
    <Greek>
     <word seq="19">τῶν</word>
    </Greek>
    <Lema>
     <word seq="19">ὁ</word>
    </Lema>
    <Morph>
     <word seq="19">dgnp</word>
    </Morph>
    <Strong>
     <word seq="19">3588</word>
    </Strong>
    <LMcode>
     <word seq="19">92.24</word>
    </LMcode>
   </column>
   <column>
    <Greek>
     <word seq="20">ἔργων</word>
    </Greek>
    <Lema>
     <word seq="20">ἔργον</word>
    </Lema>
    <Morph>
     <word seq="20">ngnp</word>
    </Morph>
    <Strong>
     <word seq="20">2041</word>
    </Strong>
    <LMcode>
     <word seq="20">42.42</word>
    </LMcode>
   </column>
   <column>
    <Greek>
     <word seq="21">αὐτοῦ,</word>
    </Greek>
    <Lema>
     <word seq="21">αὐτός</word>
    </Lema>
    <Morph>
     <word seq="21">rp3gms</word>
    </Morph>
    <Strong>
     <word seq="21">846</word>
    </Strong>
    <LMcode>
     <word seq="21">92.11</word>
    </LMcode>
   </column>
  </verse>
  <verse number="5">
   <column>
    <Greek>
     <word seq="1">καὶ</word>
    </Greek>
    <Lema>
     <word seq="1">καί</word>
    </Lema>
    <Morph>
     <word seq="1">c</word>
    </Morph>
    <Strong>
     <word seq="1">2532</word>
    </Strong>
    <LMcode>
     <word seq="1">89.92</word>
    </LMcode>
   </column>
   <column>
    <Greek>
     <word seq="2">ἐν</word>
    </Greek>
    <Lema>
     <word seq="2">ἐν</word>
    </Lema>
    <Morph>
     <word seq="2">p</word>
    </Morph>
    <Strong>
     <word seq="2">1722</word>
    </Strong>
    <LMcode>
     <word seq="2">83.13</word>
    </LMcode>
   </column>
   <column>
    <Greek>
     <word seq="3">τούτῳ</word>
    </Greek>
    <Lema>
     <word seq="3">οὗτος</word>
    </Lema>
    <Morph>
     <word seq="3">rd-dms</word>
    </Morph>
    <Strong>
     <word seq="3">5129</word>
    </Strong>
    <LMcode>
     <word seq="3">92.29</word>
    </LMcode>
   </column>
   <column>
    <Greek>
     <word seq="4">πάλιν·</word>
    </Greek>
    <Lema>
     <word seq="4">πάλιν</word>
    </Lema>
    <Morph>
     <word seq="4">b</word>
    </Morph>
    <Strong>
     <word seq="4">3825</word>
    </Strong>
    <LMcode>
     <word seq="4">67.55</word>
    </LMcode>
   </column>
   <column>
    <Greek>
     <word seq="5">εἰ</word>
    </Greek>
    <Lema>
     <word seq="5">εἰ</word>
    </Lema>
    <Morph>
     <word seq="5">c</word>
    </Morph>
    <Strong>
     <word seq="5">1487</word>
    </Strong>
    <LMcode>
     <word seq="5">89.65</word>
    </LMcode>
   </column>
   <column>
    <Greek>
     <word seq="6">εἰσελεύσονται</word>
    </Greek>
    <Lema>
     <word seq="6">εἰσέρχομαι</word>
    </Lema>
    <Morph>
     <word seq="6">vifm3p</word>
    </Morph>
    <Strong>
     <word seq="6">1525</word>
    </Strong>
    <LMcode>
     <word seq="6">15.93</word>
    </LMcode>
   </column>
   <column>
    <Greek>
     <word seq="7">εἰς</word>
    </Greek>
    <Lema>
     <word seq="7">εἰς</word>
    </Lema>
    <Morph>
     <word seq="7">p</word>
    </Morph>
    <Strong>
     <word seq="7">1519</word>
    </Strong>
    <LMcode>
     <word seq="7">84.22</word>
    </LMcode>
   </column>
   <column>
    <Greek>
     <word seq="8">τὴν</word>
    </Greek>
    <Lema>
     <word seq="8">ὁ</word>
    </Lema>
    <Morph>
     <word seq="8">dafs</word>
    </Morph>
    <Strong>
     <word seq="8">3588</word>
    </Strong>
    <LMcode>
     <word seq="8">92.24</word>
    </LMcode>
   </column>
   <column>
    <Greek>
     <word seq="9">κατάπαυσίν</word>
    </Greek>
    <Lema>
     <word seq="9">κατάπαυσις</word>
    </Lema>
    <Morph>
     <word seq="9">nafs</word>
    </Morph>
    <Strong>
     <word seq="9">2663</word>
    </Strong>
    <LMcode>
     <word seq="9">23.81</word>
    </LMcode>
   </column>
   <column>
    <Greek>
     <word seq="10">μου.</word>
    </Greek>
    <Lema>
     <word seq="10">ἐγώ</word>
    </Lema>
    <Morph>
     <word seq="10">rp1g_s</word>
    </Morph>
    <Strong>
     <word seq="10">3450</word>
    </Strong>
    <LMcode>
     <word seq="10">92.1</word>
    </LMcode>
   </column>
  </verse>
  <verse number="6">
   <column>
    <Greek>
     <word seq="1">ἐπεὶ</word>
    </Greek>
    <Lema>
     <word seq="1">ἐπεί</word>
    </Lema>
    <Morph>
     <word seq="1">c</word>
    </Morph>
    <Strong>
     <word seq="1">1893</word>
    </Strong>
    <LMcode>
     <word seq="1">89.32</word>
    </LMcode>
   </column>
   <column>
    <Greek>
     <word seq="2">οὖν</word>
    </Greek>
    <Lema>
     <word seq="2">οὖν</word>
    </Lema>
    <Morph>
     <word seq="2">c</word>
    </Morph>
    <Strong>
     <word seq="2">3767</word>
    </Strong>
    <LMcode>
     <word seq="2">89.50</word>
    </LMcode>
   </column>
   <column>
    <Greek>
     <word seq="3">ἀπολείπεται</word>
    </Greek>
    <Lema>
     <word seq="3">ἀπολείπω</word>
    </Lema>
    <Morph>
     <word seq="3">vipp3s</word>
    </Morph>
    <Strong>
     <word seq="3">620</word>
    </Strong>
    <LMcode>
     <word seq="3">13.140</word>
    </LMcode>
   </column>
   <column>
    <Greek>
     <word seq="4">τινὰς</word>
    </Greek>
    <Lema>
     <word seq="4">τὶς</word>
    </Lema>
    <Morph>
     <word seq="4">rx-amp</word>
    </Morph>
    <Strong>
     <word seq="4">5100</word>
    </Strong>
    <LMcode>
     <word seq="4">92.12</word>
    </LMcode>
   </column>
   <column>
    <Greek>
     <word seq="5">εἰσελθεῖν</word>
    </Greek>
    <Lema>
     <word seq="5">εἰσέρχομαι</word>
    </Lema>
    <Morph>
     <word seq="5">vnaa</word>
    </Morph>
    <Strong>
     <word seq="5">1525</word>
    </Strong>
    <LMcode>
     <word seq="5">15.93</word>
    </LMcode>
   </column>
   <column>
    <Greek>
     <word seq="6">εἰς</word>
    </Greek>
    <Lema>
     <word seq="6">εἰς</word>
    </Lema>
    <Morph>
     <word seq="6">p</word>
    </Morph>
    <Strong>
     <word seq="6">1519</word>
    </Strong>
    <LMcode>
     <word seq="6">84.22</word>
    </LMcode>
   </column>
   <column>
    <Greek>
     <word seq="7">αὐτήν,</word>
    </Greek>
    <Lema>
     <word seq="7">αὐτός</word>
    </Lema>
    <Morph>
     <word seq="7">rp3afs</word>
    </Morph>
    <Strong>
     <word seq="7">846</word>
    </Strong>
    <LMcode>
     <word seq="7">92.11</word>
    </LMcode>
   </column>
   <column>
    <Greek>
     <word seq="8">καὶ</word>
    </Greek>
    <Lema>
     <word seq="8">καί</word>
    </Lema>
    <Morph>
     <word seq="8">c</word>
    </Morph>
    <Strong>
     <word seq="8">2532</word>
    </Strong>
    <LMcode>
     <word seq="8">89.92</word>
    </LMcode>
   </column>
   <column>
    <Greek>
     <word seq="9">οἱ</word>
    </Greek>
    <Lema>
     <word seq="9">ὁ</word>
    </Lema>
    <Morph>
     <word seq="9">dnmp</word>
    </Morph>
    <Strong>
     <word seq="9">3588</word>
    </Strong>
    <LMcode>
     <word seq="9">92.24</word>
    </LMcode>
   </column>
   <column>
    <Greek>
     <word seq="10">πρότερον</word>
    </Greek>
    <Lema>
     <word seq="10">πρότερος</word>
    </Lema>
    <Morph>
     <word seq="10">b</word>
    </Morph>
    <Strong>
     <word seq="10">4386</word>
    </Strong>
    <LMcode>
     <word seq="10">67.18</word>
    </LMcode>
   </column>
   <column>
    <Greek>
     <word seq="11">εὐαγγελισθέντες</word>
    </Greek>
    <Lema>
     <word seq="11">εὐαγγελίζω</word>
    </Lema>
    <Morph>
     <word seq="11">vpap-nmp</word>
    </Morph>
    <Strong>
     <word seq="11">2097</word>
    </Strong>
    <LMcode>
     <word seq="11">33.215</word>
    </LMcode>
   </column>
   <column>
    <Greek>
     <word seq="12">οὐκ</word>
    </Greek>
    <Lema>
     <word seq="12">οὐ</word>
    </Lema>
    <Morph>
     <word seq="12">b</word>
    </Morph>
    <Strong>
     <word seq="12">3756</word>
    </Strong>
    <LMcode>
     <word seq="12">69.3</word>
    </LMcode>
   </column>
   <column>
    <Greek>
     <word seq="13">εἰσῆλθον</word>
    </Greek>
    <Lema>
     <word seq="13">εἰσέρχομαι</word>
    </Lema>
    <Morph>
     <word seq="13">viaa3p</word>
    </Morph>
    <Strong>
     <word seq="13">1525</word>
    </Strong>
    <LMcode>
     <word seq="13">15.93</word>
    </LMcode>
   </column>
   <column>
    <Greek>
     <word seq="14">διʼ</word>
    </Greek>
    <Lema>
     <word seq="14">διά</word>
    </Lema>
    <Morph>
     <word seq="14">p</word>
    </Morph>
    <Strong>
     <word seq="14">1223</word>
    </Strong>
    <LMcode>
     <word seq="14">90.44</word>
    </LMcode>
   </column>
   <column>
    <Greek>
     <word seq="15">ἀπείθειαν,</word>
    </Greek>
    <Lema>
     <word seq="15">ἀπείθεια</word>
    </Lema>
    <Morph>
     <word seq="15">nafs</word>
    </Morph>
    <Strong>
     <word seq="15">543</word>
    </Strong>
    <LMcode>
     <word seq="15">36.23</word>
    </LMcode>
   </column>
  </verse>
  <verse number="7">
   <column>
    <Greek>
     <word seq="1">πάλιν</word>
    </Greek>
    <Lema>
     <word seq="1">πάλιν</word>
    </Lema>
    <Morph>
     <word seq="1">b</word>
    </Morph>
    <Strong>
     <word seq="1">3825</word>
    </Strong>
    <LMcode>
     <word seq="1">67.55</word>
    </LMcode>
   </column>
   <column>
    <Greek>
     <word seq="2">τινὰ</word>
    </Greek>
    <Lema>
     <word seq="2">τὶς</word>
    </Lema>
    <Morph>
     <word seq="2">aafs, rx-afs</word>
    </Morph>
    <Strong>
     <word seq="2">5100</word>
    </Strong>
    <LMcode>
     <word seq="2">92.12</word>
    </LMcode>
   </column>
   <column>
    <Greek>
     <word seq="3">ὁρίζει</word>
    </Greek>
    <Lema>
     <word seq="3">ὁρίζω</word>
    </Lema>
    <Morph>
     <word seq="3">vipa3s</word>
    </Morph>
    <Strong>
     <word seq="3">3724</word>
    </Strong>
    <LMcode>
     <word seq="3">37.96</word>
    </LMcode>
   </column>
   <column>
    <Greek>
     <word seq="4">ἡμέραν,</word>
    </Greek>
    <Lema>
     <word seq="4">ἡμέρα</word>
    </Lema>
    <Morph>
     <word seq="4">nafs</word>
    </Morph>
    <Strong>
     <word seq="4">2250</word>
    </Strong>
    <LMcode>
     <word seq="4">67.142</word>
    </LMcode>
   </column>
   <column>
    <Greek>
     <word seq="5">σήμερον,</word>
    </Greek>
    <Lema>
     <word seq="5">σήμερον</word>
    </Lema>
    <Morph>
     <word seq="5">b</word>
    </Morph>
    <Strong>
     <word seq="5">4594</word>
    </Strong>
    <LMcode>
     <word seq="5">67.205</word>
    </LMcode>
   </column>
   <column>
    <Greek>
     <word seq="6">ἐν</word>
    </Greek>
    <Lema>
     <word seq="6">ἐν</word>
    </Lema>
    <Morph>
     <word seq="6">p</word>
    </Morph>
    <Strong>
     <word seq="6">1722</word>
    </Strong>
    <LMcode>
     <word seq="6">83.13</word>
    </LMcode>
   </column>
   <column>
    <Greek>
     <word seq="7">Δαυὶδ</word>
    </Greek>
    <Lema>
     <word seq="7">Δαυίδ</word>
    </Lema>
    <Morph>
     <word seq="7">nx</word>
    </Morph>
    <Strong>
     <word seq="7">1138</word>
    </Strong>
    <LMcode>
     <word seq="7">93.91</word>
    </LMcode>
   </column>
   <column>
    <Greek>
     <word seq="8">λέγων</word>
    </Greek>
    <Lema>
     <word seq="8">λέγω</word>
    </Lema>
    <Morph>
     <word seq="8">vppa-nms</word>
    </Morph>
    <Strong>
     <word seq="8">3004</word>
    </Strong>
    <LMcode>
     <word seq="8">33.69</word>
    </LMcode>
   </column>
   <column>
    <Greek>
     <word seq="9">μετὰ</word>
    </Greek>
    <Lema>
     <word seq="9">μετά</word>
    </Lema>
    <Morph>
     <word seq="9">p</word>
    </Morph>
    <Strong>
     <word seq="9">3326</word>
    </Strong>
    <LMcode>
     <word seq="9">67.48</word>
    </LMcode>
   </column>
   <column>
    <Greek>
     <word seq="10">τοσοῦτον</word>
    </Greek>
    <Lema>
     <word seq="10">τοσοῦτος</word>
    </Lema>
    <Morph>
     <word seq="10">aams, rd-ams</word>
    </Morph>
    <Strong>
     <word seq="10">5118</word>
    </Strong>
    <LMcode>
     <word seq="10">59.18</word>
    </LMcode>
   </column>
   <column>
    <Greek>
     <word seq="11">χρόνον,</word>
    </Greek>
    <Lema>
     <word seq="11">χρόνος</word>
    </Lema>
    <Morph>
     <word seq="11">nams</word>
    </Morph>
    <Strong>
     <word seq="11">5550</word>
    </Strong>
    <LMcode>
     <word seq="11">67.78</word>
    </LMcode>
   </column>
   <column>
    <Greek>
     <word seq="12">καθὼς</word>
    </Greek>
    <Lema>
     <word seq="12">καθώς</word>
    </Lema>
    <Morph>
     <word seq="12">c</word>
    </Morph>
    <Strong>
     <word seq="12">2531</word>
    </Strong>
    <LMcode>
     <word seq="12">64.14</word>
    </LMcode>
   </column>
   <column>
    <Greek>
     <word seq="13">προείρηται·</word>
    </Greek>
    <Lema>
     <word seq="13">προεῖπον</word>
    </Lema>
    <Morph>
     <word seq="13">vixp3s</word>
    </Morph>
    <Strong>
     <word seq="13">4308</word>
    </Strong>
    <LMcode>
     <word seq="13">33.86</word>
    </LMcode>
   </column>
   <column>
    <Greek>
     <word seq="14">σήμερον</word>
    </Greek>
    <Lema>
     <word seq="14">σήμερον</word>
    </Lema>
    <Morph>
     <word seq="14">b</word>
    </Morph>
    <Strong>
     <word seq="14">4594</word>
    </Strong>
    <LMcode>
     <word seq="14">67.205</word>
    </LMcode>
   </column>
   <column>
    <Greek>
     <word seq="15">ἐὰν</word>
    </Greek>
    <Lema>
     <word seq="15">ἐάν</word>
    </Lema>
    <Morph>
     <word seq="15">c</word>
    </Morph>
    <Strong>
     <word seq="15">1437</word>
    </Strong>
    <LMcode>
     <word seq="15">89.67</word>
    </LMcode>
   </column>
   <column>
    <Greek>
     <word seq="16">τῆς</word>
    </Greek>
    <Lema>
     <word seq="16">ὁ</word>
    </Lema>
    <Morph>
     <word seq="16">dgfs</word>
    </Morph>
    <Strong>
     <word seq="16">3588</word>
    </Strong>
    <LMcode>
     <word seq="16">92.24</word>
    </LMcode>
   </column>
   <column>
    <Greek>
     <word seq="17">φωνῆς</word>
    </Greek>
    <Lema>
     <word seq="17">φωνή</word>
    </Lema>
    <Morph>
     <word seq="17">ngfs</word>
    </Morph>
    <Strong>
     <word seq="17">5456</word>
    </Strong>
    <LMcode>
     <word seq="17">33.103</word>
    </LMcode>
   </column>
   <column>
    <Greek>
     <word seq="18">αὐτοῦ</word>
    </Greek>
    <Lema>
     <word seq="18">αὐτός</word>
    </Lema>
    <Morph>
     <word seq="18">rp3gms</word>
    </Morph>
    <Strong>
     <word seq="18">846</word>
    </Strong>
    <LMcode>
     <word seq="18">92.11</word>
    </LMcode>
   </column>
   <column>
    <Greek>
     <word seq="19">ἀκούσητε,</word>
    </Greek>
    <Lema>
     <word seq="19">ἀκούω</word>
    </Lema>
    <Morph>
     <word seq="19">vsaa2p</word>
    </Morph>
    <Strong>
     <word seq="19">191</word>
    </Strong>
    <LMcode>
     <word seq="19">24.52</word>
    </LMcode>
   </column>
   <column>
    <Greek>
     <word seq="20">μὴ</word>
    </Greek>
    <Lema>
     <word seq="20">μή</word>
    </Lema>
    <Morph>
     <word seq="20">b</word>
    </Morph>
    <Strong>
     <word seq="20">3361</word>
    </Strong>
    <LMcode>
     <word seq="20">69.3</word>
    </LMcode>
   </column>
   <column>
    <Greek>
     <word seq="21">σκληρύνητε</word>
    </Greek>
    <Lema>
     <word seq="21">σκληρύνω</word>
    </Lema>
    <Morph>
     <word seq="21">vspa2p</word>
    </Morph>
    <Strong>
     <word seq="21">4645</word>
    </Strong>
    <LMcode>
     <word seq="21">88.226</word>
    </LMcode>
   </column>
   <column>
    <Greek>
     <word seq="22">τὰς</word>
    </Greek>
    <Lema>
     <word seq="22">ὁ</word>
    </Lema>
    <Morph>
     <word seq="22">dafp</word>
    </Morph>
    <Strong>
     <word seq="22">3588</word>
    </Strong>
    <LMcode>
     <word seq="22">92.24</word>
    </LMcode>
   </column>
   <column>
    <Greek>
     <word seq="23">καρδίας</word>
    </Greek>
    <Lema>
     <word seq="23">καρδία</word>
    </Lema>
    <Morph>
     <word seq="23">nafp</word>
    </Morph>
    <Strong>
     <word seq="23">2588</word>
    </Strong>
    <LMcode>
     <word seq="23">26.3</word>
    </LMcode>
   </column>
   <column>
    <Greek>
     <word seq="24">ὑμῶν.</word>
    </Greek>
    <Lema>
     <word seq="24">σύ</word>
    </Lema>
    <Morph>
     <word seq="24">rp2g_p</word>
    </Morph>
    <Strong>
     <word seq="24">5216</word>
    </Strong>
    <LMcode>
     <word seq="24">92.7</word>
    </LMcode>
   </column>
  </verse>
  <verse number="8">
   <column>
    <Greek>
     <word seq="1">εἰ</word>
    </Greek>
    <Lema>
     <word seq="1">εἰ</word>
    </Lema>
    <Morph>
     <word seq="1">c</word>
    </Morph>
    <Strong>
     <word seq="1">1487</word>
    </Strong>
    <LMcode>
     <word seq="1">89.65</word>
    </LMcode>
   </column>
   <column>
    <Greek>
     <word seq="2">γὰρ</word>
    </Greek>
    <Lema>
     <word seq="2">γάρ</word>
    </Lema>
    <Morph>
     <word seq="2">c</word>
    </Morph>
    <Strong>
     <word seq="2">1063</word>
    </Strong>
    <LMcode>
     <word seq="2">89.23</word>
    </LMcode>
   </column>
   <column>
    <Greek>
     <word seq="3">αὐτοὺς</word>
    </Greek>
    <Lema>
     <word seq="3">αὐτός</word>
    </Lema>
    <Morph>
     <word seq="3">rp3amp</word>
    </Morph>
    <Strong>
     <word seq="3">846</word>
    </Strong>
    <LMcode>
     <word seq="3">92.11</word>
    </LMcode>
   </column>
   <column>
    <Greek>
     <word seq="4">Ἰησοῦς</word>
    </Greek>
    <Lema>
     <word seq="4">Ἰησοῦς</word>
    </Lema>
    <Morph>
     <word seq="4">nnms</word>
    </Morph>
    <Strong>
     <word seq="4">2424</word>
    </Strong>
    <LMcode>
     <word seq="4">93.169</word>
    </LMcode>
   </column>
   <column>
    <Greek>
     <word seq="5">κατέπαυσεν,</word>
    </Greek>
    <Lema>
     <word seq="5">καταπαύω</word>
    </Lema>
    <Morph>
     <word seq="5">viaa3s</word>
    </Morph>
    <Strong>
     <word seq="5">2664</word>
    </Strong>
    <LMcode>
     <word seq="5">23.85</word>
    </LMcode>
   </column>
   <column>
    <Greek>
     <word seq="6">οὐκ</word>
    </Greek>
    <Lema>
     <word seq="6">οὐ</word>
    </Lema>
    <Morph>
     <word seq="6">b</word>
    </Morph>
    <Strong>
     <word seq="6">3756</word>
    </Strong>
    <LMcode>
     <word seq="6">69.3</word>
    </LMcode>
   </column>
   <column>
    <Greek>
     <word seq="7">ἂν</word>
    </Greek>
    <Lema>
     <word seq="7">ἄν</word>
    </Lema>
    <Morph>
     <word seq="7">t</word>
    </Morph>
    <Strong>
     <word seq="7">302</word>
    </Strong>
    <LMcode>
     <word seq="7">71.14</word>
    </LMcode>
   </column>
   <column>
    <Greek>
     <word seq="8">περὶ</word>
    </Greek>
    <Lema>
     <word seq="8">περί</word>
    </Lema>
    <Morph>
     <word seq="8">p</word>
    </Morph>
    <Strong>
     <word seq="8">4012</word>
    </Strong>
    <LMcode>
     <word seq="8">89.6</word>
    </LMcode>
   </column>
   <column>
    <Greek>
     <word seq="9">ἄλλης</word>
    </Greek>
    <Lema>
     <word seq="9">ἄλλος</word>
    </Lema>
    <Morph>
     <word seq="9">agfs</word>
    </Morph>
    <Strong>
     <word seq="9">243</word>
    </Strong>
    <LMcode>
     <word seq="9">58.37</word>
    </LMcode>
   </column>
   <column>
    <Greek>
     <word seq="10">ἐλάλει</word>
    </Greek>
    <Lema>
     <word seq="10">λαλέω</word>
    </Lema>
    <Morph>
     <word seq="10">viia3s</word>
    </Morph>
    <Strong>
     <word seq="10">2980</word>
    </Strong>
    <LMcode>
     <word seq="10">33.70</word>
    </LMcode>
   </column>
   <column>
    <Greek>
     <word seq="11">μετὰ</word>
    </Greek>
    <Lema>
     <word seq="11">μετά</word>
    </Lema>
    <Morph>
     <word seq="11">p</word>
    </Morph>
    <Strong>
     <word seq="11">3326</word>
    </Strong>
    <LMcode>
     <word seq="11">67.48</word>
    </LMcode>
   </column>
   <column>
    <Greek>
     <word seq="12">ταῦτα</word>
    </Greek>
    <Lema>
     <word seq="12">οὗτος</word>
    </Lema>
    <Morph>
     <word seq="12">rd-anp</word>
    </Morph>
    <Strong>
     <word seq="12">5023</word>
    </Strong>
    <LMcode>
     <word seq="12">92.29</word>
    </LMcode>
   </column>
   <column>
    <Greek>
     <word seq="13">ἡμέρας.</word>
    </Greek>
    <Lema>
     <word seq="13">ἡμέρα</word>
    </Lema>
    <Morph>
     <word seq="13">ngfs</word>
    </Morph>
    <Strong>
     <word seq="13">2250</word>
    </Strong>
    <LMcode>
     <word seq="13">67.142</word>
    </LMcode>
   </column>
  </verse>
  <verse number="9">
   <column>
    <Greek>
     <word seq="1">ἄρα</word>
    </Greek>
    <Lema>
     <word seq="1">ἄρα</word>
    </Lema>
    <Morph>
     <word seq="1">c</word>
    </Morph>
    <Strong>
     <word seq="1">686</word>
    </Strong>
    <LMcode>
     <word seq="1">89.46</word>
    </LMcode>
   </column>
   <column>
    <Greek>
     <word seq="2">ἀπολείπεται</word>
    </Greek>
    <Lema>
     <word seq="2">ἀπολείπω</word>
    </Lema>
    <Morph>
     <word seq="2">vipp3s</word>
    </Morph>
    <Strong>
     <word seq="2">620</word>
    </Strong>
    <LMcode>
     <word seq="2">13.140</word>
    </LMcode>
   </column>
   <column>
    <Greek>
     <word seq="3">σαββατισμὸς</word>
    </Greek>
    <Lema>
     <word seq="3">σαββατισμός</word>
    </Lema>
    <Morph>
     <word seq="3">nnms</word>
    </Morph>
    <Strong>
     <word seq="3">4520</word>
    </Strong>
    <LMcode>
     <word seq="3">67.185</word>
    </LMcode>
   </column>
   <column>
    <Greek>
     <word seq="4">τῷ</word>
    </Greek>
    <Lema>
     <word seq="4">ὁ</word>
    </Lema>
    <Morph>
     <word seq="4">ddms</word>
    </Morph>
    <Strong>
     <word seq="4">3588</word>
    </Strong>
    <LMcode>
     <word seq="4">92.24</word>
    </LMcode>
   </column>
   <column>
    <Greek>
     <word seq="5">λαῷ</word>
    </Greek>
    <Lema>
     <word seq="5">λαός</word>
    </Lema>
    <Morph>
     <word seq="5">ndms</word>
    </Morph>
    <Strong>
     <word seq="5">2992</word>
    </Strong>
    <LMcode>
     <word seq="5">11.12</word>
    </LMcode>
   </column>
   <column>
    <Greek>
     <word seq="6">τοῦ</word>
    </Greek>
    <Lema>
     <word seq="6">ὁ</word>
    </Lema>
    <Morph>
     <word seq="6">dgms</word>
    </Morph>
    <Strong>
     <word seq="6">3588</word>
    </Strong>
    <LMcode>
     <word seq="6">92.24</word>
    </LMcode>
   </column>
   <column>
    <Greek>
     <word seq="7">θεοῦ.</word>
    </Greek>
    <Lema>
     <word seq="7">θεός</word>
    </Lema>
    <Morph>
     <word seq="7">ngms</word>
    </Morph>
    <Strong>
     <word seq="7">2316</word>
    </Strong>
    <LMcode>
     <word seq="7">12.1</word>
    </LMcode>
   </column>
  </verse>
  <verse number="10">
   <column>
    <Greek>
     <word seq="1">ὁ</word>
    </Greek>
    <Lema>
     <word seq="1">ὁ</word>
    </Lema>
    <Morph>
     <word seq="1">dnms</word>
    </Morph>
    <Strong>
     <word seq="1">3588</word>
    </Strong>
    <LMcode>
     <word seq="1">92.24</word>
    </LMcode>
   </column>
   <column>
    <Greek>
     <word seq="2">γὰρ</word>
    </Greek>
    <Lema>
     <word seq="2">γάρ</word>
    </Lema>
    <Morph>
     <word seq="2">c</word>
    </Morph>
    <Strong>
     <word seq="2">1063</word>
    </Strong>
    <LMcode>
     <word seq="2">89.23</word>
    </LMcode>
   </column>
   <column>
    <Greek>
     <word seq="3">εἰσελθὼν</word>
    </Greek>
    <Lema>
     <word seq="3">εἰσέρχομαι</word>
    </Lema>
    <Morph>
     <word seq="3">vpaa-nms</word>
    </Morph>
    <Strong>
     <word seq="3">1525</word>
    </Strong>
    <LMcode>
     <word seq="3">15.93</word>
    </LMcode>
   </column>
   <column>
    <Greek>
     <word seq="4">εἰς</word>
    </Greek>
    <Lema>
     <word seq="4">εἰς</word>
    </Lema>
    <Morph>
     <word seq="4">p</word>
    </Morph>
    <Strong>
     <word seq="4">1519</word>
    </Strong>
    <LMcode>
     <word seq="4">84.22</word>
    </LMcode>
   </column>
   <column>
    <Greek>
     <word seq="5">τὴν</word>
    </Greek>
    <Lema>
     <word seq="5">ὁ</word>
    </Lema>
    <Morph>
     <word seq="5">dafs</word>
    </Morph>
    <Strong>
     <word seq="5">3588</word>
    </Strong>
    <LMcode>
     <word seq="5">92.24</word>
    </LMcode>
   </column>
   <column>
    <Greek>
     <word seq="6">κατάπαυσιν</word>
    </Greek>
    <Lema>
     <word seq="6">κατάπαυσις</word>
    </Lema>
    <Morph>
     <word seq="6">nafs</word>
    </Morph>
    <Strong>
     <word seq="6">2663</word>
    </Strong>
    <LMcode>
     <word seq="6">23.81</word>
    </LMcode>
   </column>
   <column>
    <Greek>
     <word seq="7">αὐτοῦ</word>
    </Greek>
    <Lema>
     <word seq="7">αὐτός</word>
    </Lema>
    <Morph>
     <word seq="7">rp3gms</word>
    </Morph>
    <Strong>
     <word seq="7">846</word>
    </Strong>
    <LMcode>
     <word seq="7">92.11</word>
    </LMcode>
   </column>
   <column>
    <Greek>
     <word seq="8">καὶ</word>
    </Greek>
    <Lema>
     <word seq="8">καί</word>
    </Lema>
    <Morph>
     <word seq="8">b</word>
    </Morph>
    <Strong>
     <word seq="8">2532</word>
    </Strong>
    <LMcode>
     <word seq="8">89.93</word>
    </LMcode>
   </column>
   <column>
    <Greek>
     <word seq="9">αὐτὸς</word>
    </Greek>
    <Lema>
     <word seq="9">αὐτός</word>
    </Lema>
    <Morph>
     <word seq="9">rp3nms</word>
    </Morph>
    <Strong>
     <word seq="9">846</word>
    </Strong>
    <LMcode>
     <word seq="9">92.37</word>
    </LMcode>
   </column>
   <column>
    <Greek>
     <word seq="10">κατέπαυσεν</word>
    </Greek>
    <Lema>
     <word seq="10">καταπαύω</word>
    </Lema>
    <Morph>
     <word seq="10">viaa3s</word>
    </Morph>
    <Strong>
     <word seq="10">2664</word>
    </Strong>
    <LMcode>
     <word seq="10">23.81</word>
    </LMcode>
   </column>
   <column>
    <Greek>
     <word seq="11">ἀπὸ</word>
    </Greek>
    <Lema>
     <word seq="11">ἀπό</word>
    </Lema>
    <Morph>
     <word seq="11">p</word>
    </Morph>
    <Strong>
     <word seq="11">575</word>
    </Strong>
    <LMcode>
     <word seq="11">89.122</word>
    </LMcode>
   </column>
   <column>
    <Greek>
     <word seq="12">τῶν</word>
    </Greek>
    <Lema>
     <word seq="12">ὁ</word>
    </Lema>
    <Morph>
     <word seq="12">dgnp</word>
    </Morph>
    <Strong>
     <word seq="12">3588</word>
    </Strong>
    <LMcode>
     <word seq="12">92.24</word>
    </LMcode>
   </column>
   <column>
    <Greek>
     <word seq="13">ἔργων</word>
    </Greek>
    <Lema>
     <word seq="13">ἔργον</word>
    </Lema>
    <Morph>
     <word seq="13">ngnp</word>
    </Morph>
    <Strong>
     <word seq="13">2041</word>
    </Strong>
    <LMcode>
     <word seq="13">42.42</word>
    </LMcode>
   </column>
   <column>
    <Greek>
     <word seq="14">αὐτοῦ</word>
    </Greek>
    <Lema>
     <word seq="14">αὐτός</word>
    </Lema>
    <Morph>
     <word seq="14">rp3gms</word>
    </Morph>
    <Strong>
     <word seq="14">846</word>
    </Strong>
    <LMcode>
     <word seq="14">92.11</word>
    </LMcode>
   </column>
   <column>
    <Greek>
     <word seq="15">ὥσπερ</word>
    </Greek>
    <Lema>
     <word seq="15">ὥσπερ</word>
    </Lema>
    <Morph>
     <word seq="15">c</word>
    </Morph>
    <Strong>
     <word seq="15">5618</word>
    </Strong>
    <LMcode>
     <word seq="15">64.13</word>
    </LMcode>
   </column>
   <column>
    <Greek>
     <word seq="16">ἀπὸ</word>
    </Greek>
    <Lema>
     <word seq="16">ἀπό</word>
    </Lema>
    <Morph>
     <word seq="16">p</word>
    </Morph>
    <Strong>
     <word seq="16">575</word>
    </Strong>
    <LMcode>
     <word seq="16">89.122</word>
    </LMcode>
   </column>
   <column>
    <Greek>
     <word seq="17">τῶν</word>
    </Greek>
    <Lema>
     <word seq="17">ὁ</word>
    </Lema>
    <Morph>
     <word seq="17">dgnp</word>
    </Morph>
    <Strong>
     <word seq="17">3588</word>
    </Strong>
    <LMcode>
     <word seq="17">92.24</word>
    </LMcode>
   </column>
   <column>
    <Greek>
     <word seq="18">ἰδίων</word>
    </Greek>
    <Lema>
     <word seq="18">ἴδιος</word>
    </Lema>
    <Morph>
     <word seq="18">agnp</word>
    </Morph>
    <Strong>
     <word seq="18">2398</word>
    </Strong>
    <LMcode>
     <word seq="18">57.4</word>
    </LMcode>
   </column>
   <column>
    <Greek>
     <word seq="19">ὁ</word>
    </Greek>
    <Lema>
     <word seq="19">ὁ</word>
    </Lema>
    <Morph>
     <word seq="19">dnms</word>
    </Morph>
    <Strong>
     <word seq="19">3588</word>
    </Strong>
    <LMcode>
     <word seq="19">92.24</word>
    </LMcode>
   </column>
   <column>
    <Greek>
     <word seq="20">θεός.</word>
    </Greek>
    <Lema>
     <word seq="20">θεός</word>
    </Lema>
    <Morph>
     <word seq="20">nnms</word>
    </Morph>
    <Strong>
     <word seq="20">2316</word>
    </Strong>
    <LMcode>
     <word seq="20">12.1</word>
    </LMcode>
   </column>
  </verse>
  <verse number="11">
   <column>
    <Greek>
     <word seq="1">Σπουδάσωμεν</word>
    </Greek>
    <Lema>
     <word seq="1">σπουδάζω</word>
    </Lema>
    <Morph>
     <word seq="1">vsaa1p</word>
    </Morph>
    <Strong>
     <word seq="1">4704</word>
    </Strong>
    <LMcode>
     <word seq="1">68.63</word>
    </LMcode>
   </column>
   <column>
    <Greek>
     <word seq="2">οὖν</word>
    </Greek>
    <Lema>
     <word seq="2">οὖν</word>
    </Lema>
    <Morph>
     <word seq="2">c</word>
    </Morph>
    <Strong>
     <word seq="2">3767</word>
    </Strong>
    <LMcode>
     <word seq="2">89.50</word>
    </LMcode>
   </column>
   <column>
    <Greek>
     <word seq="3">εἰσελθεῖν</word>
    </Greek>
    <Lema>
     <word seq="3">εἰσέρχομαι</word>
    </Lema>
    <Morph>
     <word seq="3">vnaa</word>
    </Morph>
    <Strong>
     <word seq="3">1525</word>
    </Strong>
    <LMcode>
     <word seq="3">15.93</word>
    </LMcode>
   </column>
   <column>
    <Greek>
     <word seq="4">εἰς</word>
    </Greek>
    <Lema>
     <word seq="4">εἰς</word>
    </Lema>
    <Morph>
     <word seq="4">p</word>
    </Morph>
    <Strong>
     <word seq="4">1519</word>
    </Strong>
    <LMcode>
     <word seq="4">84.22</word>
    </LMcode>
   </column>
   <column>
    <Greek>
     <word seq="5">ἐκείνην</word>
    </Greek>
    <Lema>
     <word seq="5">ἐκεῖνος</word>
    </Lema>
    <Morph>
     <word seq="5">rd-afs</word>
    </Morph>
    <Strong>
     <word seq="5">1565</word>
    </Strong>
    <LMcode>
     <word seq="5">92.30</word>
    </LMcode>
   </column>
   <column>
    <Greek>
     <word seq="6">τὴν</word>
    </Greek>
    <Lema>
     <word seq="6">ὁ</word>
    </Lema>
    <Morph>
     <word seq="6">dafs</word>
    </Morph>
    <Strong>
     <word seq="6">3588</word>
    </Strong>
    <LMcode>
     <word seq="6">92.24</word>
    </LMcode>
   </column>
   <column>
    <Greek>
     <word seq="7">κατάπαυσιν,</word>
    </Greek>
    <Lema>
     <word seq="7">κατάπαυσις</word>
    </Lema>
    <Morph>
     <word seq="7">nafs</word>
    </Morph>
    <Strong>
     <word seq="7">2663</word>
    </Strong>
    <LMcode>
     <word seq="7">23.81</word>
    </LMcode>
   </column>
   <column>
    <Greek>
     <word seq="8">ἵνα</word>
    </Greek>
    <Lema>
     <word seq="8">ἵνα</word>
    </Lema>
    <Morph>
     <word seq="8">c</word>
    </Morph>
    <Strong>
     <word seq="8">2443</word>
    </Strong>
    <LMcode>
     <word seq="8">89.59</word>
    </LMcode>
   </column>
   <column>
    <Greek>
     <word seq="9">μὴ</word>
    </Greek>
    <Lema>
     <word seq="9">μή</word>
    </Lema>
    <Morph>
     <word seq="9">b</word>
    </Morph>
    <Strong>
     <word seq="9">3361</word>
    </Strong>
    <LMcode>
     <word seq="9">69.3</word>
    </LMcode>
   </column>
   <column>
    <Greek>
     <word seq="10">ἐν</word>
    </Greek>
    <Lema>
     <word seq="10">ἐν</word>
    </Lema>
    <Morph>
     <word seq="10">p</word>
    </Morph>
    <Strong>
     <word seq="10">1722</word>
    </Strong>
    <LMcode>
     <word seq="10">89.5</word>
    </LMcode>
   </column>
   <column>
    <Greek>
     <word seq="11">τῷ</word>
    </Greek>
    <Lema>
     <word seq="11">ὁ</word>
    </Lema>
    <Morph>
     <word seq="11">ddns</word>
    </Morph>
    <Strong>
     <word seq="11">3588</word>
    </Strong>
    <LMcode>
     <word seq="11">92.24</word>
    </LMcode>
   </column>
   <column>
    <Greek>
     <word seq="12">αὐτῷ</word>
    </Greek>
    <Lema>
     <word seq="12">αὐτός</word>
    </Lema>
    <Morph>
     <word seq="12">rp3dns, adns</word>
    </Morph>
    <Strong>
     <word seq="12">846</word>
    </Strong>
    <LMcode>
     <word seq="12">58.31</word>
    </LMcode>
   </column>
   <column>
    <Greek>
     <word seq="13">τις</word>
    </Greek>
    <Lema>
     <word seq="13">τὶς</word>
    </Lema>
    <Morph>
     <word seq="13">rx-nms</word>
    </Morph>
    <Strong>
     <word seq="13">5100</word>
    </Strong>
    <LMcode>
     <word seq="13">92.12</word>
    </LMcode>
   </column>
   <column>
    <Greek>
     <word seq="14">ὑποδείγματι</word>
    </Greek>
    <Lema>
     <word seq="14">ὑπόδειγμα</word>
    </Lema>
    <Morph>
     <word seq="14">ndns</word>
    </Morph>
    <Strong>
     <word seq="14">5262</word>
    </Strong>
    <LMcode>
     <word seq="14">58.59</word>
    </LMcode>
   </column>
   <column>
    <Greek>
     <word seq="15">πέσῃ</word>
    </Greek>
    <Lema>
     <word seq="15">πίπτω</word>
    </Lema>
    <Morph>
     <word seq="15">vsaa3s</word>
    </Morph>
    <Strong>
     <word seq="15">4098</word>
    </Strong>
    <LMcode>
     <word seq="15">90.71</word>
    </LMcode>
   </column>
   <column>
    <Greek>
     <word seq="16">τῆς</word>
    </Greek>
    <Lema>
     <word seq="16">ὁ</word>
    </Lema>
    <Morph>
     <word seq="16">dgfs</word>
    </Morph>
    <Strong>
     <word seq="16">3588</word>
    </Strong>
    <LMcode>
     <word seq="16">92.24</word>
    </LMcode>
   </column>
   <column>
    <Greek>
     <word seq="17">ἀπειθείας.</word>
    </Greek>
    <Lema>
     <word seq="17">ἀπείθεια</word>
    </Lema>
    <Morph>
     <word seq="17">ngfs</word>
    </Morph>
    <Strong>
     <word seq="17">543</word>
    </Strong>
    <LMcode>
     <word seq="17">36.23</word>
    </LMcode>
   </column>
  </verse>
  <verse number="12">
   <column>
    <Greek>
     <word seq="1">Ζῶν</word>
    </Greek>
    <Lema>
     <word seq="1">ζάω</word>
    </Lema>
    <Morph>
     <word seq="1">vppa-nms</word>
    </Morph>
    <Strong>
     <word seq="1">2198</word>
    </Strong>
    <LMcode>
     <word seq="1">23.88</word>
    </LMcode>
   </column>
   <column>
    <Greek>
     <word seq="2">γὰρ</word>
    </Greek>
    <Lema>
     <word seq="2">γάρ</word>
    </Lema>
    <Morph>
     <word seq="2">c</word>
    </Morph>
    <Strong>
     <word seq="2">1063</word>
    </Strong>
    <LMcode>
     <word seq="2">89.23</word>
    </LMcode>
   </column>
   <column>
    <Greek>
     <word seq="3">ὁ</word>
    </Greek>
    <Lema>
     <word seq="3">ὁ</word>
    </Lema>
    <Morph>
     <word seq="3">dnms</word>
    </Morph>
    <Strong>
     <word seq="3">3588</word>
    </Strong>
    <LMcode>
     <word seq="3">92.24</word>
    </LMcode>
   </column>
   <column>
    <Greek>
     <word seq="4">λόγος</word>
    </Greek>
    <Lema>
     <word seq="4">λόγος</word>
    </Lema>
    <Morph>
     <word seq="4">nnms</word>
    </Morph>
    <Strong>
     <word seq="4">3056</word>
    </Strong>
    <LMcode>
     <word seq="4">33.98</word>
    </LMcode>
   </column>
   <column>
    <Greek>
     <word seq="5">τοῦ</word>
    </Greek>
    <Lema>
     <word seq="5">ὁ</word>
    </Lema>
    <Morph>
     <word seq="5">dgms</word>
    </Morph>
    <Strong>
     <word seq="5">3588</word>
    </Strong>
    <LMcode>
     <word seq="5">92.24</word>
    </LMcode>
   </column>
   <column>
    <Greek>
     <word seq="6">θεοῦ</word>
    </Greek>
    <Lema>
     <word seq="6">θεός</word>
    </Lema>
    <Morph>
     <word seq="6">ngms</word>
    </Morph>
    <Strong>
     <word seq="6">2316</word>
    </Strong>
    <LMcode>
     <word seq="6">12.1</word>
    </LMcode>
   </column>
   <column>
    <Greek>
     <word seq="7">καὶ</word>
    </Greek>
    <Lema>
     <word seq="7">καί</word>
    </Lema>
    <Morph>
     <word seq="7">c</word>
    </Morph>
    <Strong>
     <word seq="7">2532</word>
    </Strong>
    <LMcode>
     <word seq="7">89.92</word>
    </LMcode>
   </column>
   <column>
    <Greek>
     <word seq="8">ἐνεργὴς</word>
    </Greek>
    <Lema>
     <word seq="8">ἐνεργής</word>
    </Lema>
    <Morph>
     <word seq="8">anms</word>
    </Morph>
    <Strong>
     <word seq="8">1756</word>
    </Strong>
    <LMcode>
     <word seq="8">13.124</word>
    </LMcode>
   </column>
   <column>
    <Greek>
     <word seq="9">καὶ</word>
    </Greek>
    <Lema>
     <word seq="9">καί</word>
    </Lema>
    <Morph>
     <word seq="9">c</word>
    </Morph>
    <Strong>
     <word seq="9">2532</word>
    </Strong>
    <LMcode>
     <word seq="9">89.92</word>
    </LMcode>
   </column>
   <column>
    <Greek>
     <word seq="10">τομώτερος</word>
    </Greek>
    <Lema>
     <word seq="10">τομός</word>
    </Lema>
    <Morph>
     <word seq="10">anmsc</word>
    </Morph>
    <Strong>
     <word seq="10">5114</word>
    </Strong>
    <LMcode>
     <word seq="10">79.96</word>
    </LMcode>
   </column>
   <column>
    <Greek>
     <word seq="11">ὑπὲρ</word>
    </Greek>
    <Lema>
     <word seq="11">ὑπέρ</word>
    </Lema>
    <Morph>
     <word seq="11">p</word>
    </Morph>
    <Strong>
     <word seq="11">5228</word>
    </Strong>
    <LMcode>
     <word seq="11">78.29</word>
    </LMcode>
   </column>
   <column>
    <Greek>
     <word seq="12">πᾶσαν</word>
    </Greek>
    <Lema>
     <word seq="12">πᾶς</word>
    </Lema>
    <Morph>
     <word seq="12">aafs</word>
    </Morph>
    <Strong>
     <word seq="12">3956</word>
    </Strong>
    <LMcode>
     <word seq="12">59.23</word>
    </LMcode>
   </column>
   <column>
    <Greek>
     <word seq="13">μάχαιραν</word>
    </Greek>
    <Lema>
     <word seq="13">μάχαιρα</word>
    </Lema>
    <Morph>
     <word seq="13">nafs</word>
    </Morph>
    <Strong>
     <word seq="13">3162</word>
    </Strong>
    <LMcode>
     <word seq="13">6.33</word>
    </LMcode>
   </column>
   <column>
    <Greek>
     <word seq="14">δίστομον</word>
    </Greek>
    <Lema>
     <word seq="14">δίστομος</word>
    </Lema>
    <Morph>
     <word seq="14">aafs</word>
    </Morph>
    <Strong>
     <word seq="14">1366</word>
    </Strong>
    <LMcode>
     <word seq="14">79.94</word>
    </LMcode>
   </column>
   <column>
    <Greek>
     <word seq="15">καὶ</word>
    </Greek>
    <Lema>
     <word seq="15">καί</word>
    </Lema>
    <Morph>
     <word seq="15">c</word>
    </Morph>
    <Strong>
     <word seq="15">2532</word>
    </Strong>
    <LMcode>
     <word seq="15">89.92</word>
    </LMcode>
   </column>
   <column>
    <Greek>
     <word seq="16">διϊκνούμενος</word>
    </Greek>
    <Lema>
     <word seq="16">διϊκνέομαι</word>
    </Lema>
    <Morph>
     <word seq="16">vppu-nms</word>
    </Morph>
    <Strong>
     <word seq="16">1338</word>
    </Strong>
    <LMcode>
     <word seq="16">15.32</word>
    </LMcode>
   </column>
   <column>
    <Greek>
     <word seq="17">ἄχρι</word>
    </Greek>
    <Lema>
     <word seq="17">ἄχρι</word>
    </Lema>
    <Morph>
     <word seq="17">p</word>
    </Morph>
    <Strong>
     <word seq="17">891</word>
    </Strong>
    <LMcode>
     <word seq="17">84.19</word>
    </LMcode>
   </column>
   <column>
    <Greek>
     <word seq="18">μερισμοῦ</word>
    </Greek>
    <Lema>
     <word seq="18">μερισμός</word>
    </Lema>
    <Morph>
     <word seq="18">ngms</word>
    </Morph>
    <Strong>
     <word seq="18">3311</word>
    </Strong>
    <LMcode>
     <word seq="18">63.24</word>
    </LMcode>
   </column>
   <column>
    <Greek>
     <word seq="19">ψυχῆς</word>
    </Greek>
    <Lema>
     <word seq="19">ψυχή</word>
    </Lema>
    <Morph>
     <word seq="19">ngfs</word>
    </Morph>
    <Strong>
     <word seq="19">5590</word>
    </Strong>
    <LMcode>
     <word seq="19">26.4</word>
    </LMcode>
   </column>
   <column>
    <Greek>
     <word seq="20">καὶ</word>
    </Greek>
    <Lema>
     <word seq="20">καί</word>
    </Lema>
    <Morph>
     <word seq="20">c</word>
    </Morph>
    <Strong>
     <word seq="20">2532</word>
    </Strong>
    <LMcode>
     <word seq="20">89.92</word>
    </LMcode>
   </column>
   <column>
    <Greek>
     <word seq="21">πνεύματος,</word>
    </Greek>
    <Lema>
     <word seq="21">πνεῦμα</word>
    </Lema>
    <Morph>
     <word seq="21">ngns</word>
    </Morph>
    <Strong>
     <word seq="21">4151</word>
    </Strong>
    <LMcode>
     <word seq="21">26.9</word>
    </LMcode>
   </column>
   <column>
    <Greek>
     <word seq="22">ἁρμῶν</word>
    </Greek>
    <Lema>
     <word seq="22">ἁρμός</word>
    </Lema>
    <Morph>
     <word seq="22">ngmp</word>
    </Morph>
    <Strong>
     <word seq="22">719</word>
    </Strong>
    <LMcode>
     <word seq="22">8.59</word>
    </LMcode>
   </column>
   <column>
    <Greek>
     <word seq="23">τε</word>
    </Greek>
    <Lema>
     <word seq="23">τέ</word>
    </Lema>
    <Morph>
     <word seq="23">c</word>
    </Morph>
    <Strong>
     <word seq="23">5037</word>
    </Strong>
    <LMcode>
     <word seq="23">89.102</word>
    </LMcode>
   </column>
   <column>
    <Greek>
     <word seq="24">καὶ</word>
    </Greek>
    <Lema>
     <word seq="24">καί</word>
    </Lema>
    <Morph>
     <word seq="24">c</word>
    </Morph>
    <Strong>
     <word seq="24">2532</word>
    </Strong>
    <LMcode>
     <word seq="24">89.102</word>
    </LMcode>
   </column>
   <column>
    <Greek>
     <word seq="25">μυελῶν,</word>
    </Greek>
    <Lema>
     <word seq="25">μυελός</word>
    </Lema>
    <Morph>
     <word seq="25">ngmp</word>
    </Morph>
    <Strong>
     <word seq="25">3452</word>
    </Strong>
    <LMcode>
     <word seq="25">8.62</word>
    </LMcode>
   </column>
   <column>
    <Greek>
     <word seq="26">καὶ</word>
    </Greek>
    <Lema>
     <word seq="26">καί</word>
    </Lema>
    <Morph>
     <word seq="26">c</word>
    </Morph>
    <Strong>
     <word seq="26">2532</word>
    </Strong>
    <LMcode>
     <word seq="26">89.92</word>
    </LMcode>
   </column>
   <column>
    <Greek>
     <word seq="27">κριτικὸς</word>
    </Greek>
    <Lema>
     <word seq="27">κριτικός</word>
    </Lema>
    <Morph>
     <word seq="27">anms</word>
    </Morph>
    <Strong>
     <word seq="27">2924</word>
    </Strong>
    <LMcode>
     <word seq="27">56.23</word>
    </LMcode>
   </column>
   <column>
    <Greek>
     <word seq="28">ἐνθυμήσεων</word>
    </Greek>
    <Lema>
     <word seq="28">ἐνθύμησις</word>
    </Lema>
    <Morph>
     <word seq="28">ngfp</word>
    </Morph>
    <Strong>
     <word seq="28">1761</word>
    </Strong>
    <LMcode>
     <word seq="28">30.15</word>
    </LMcode>
   </column>
   <column>
    <Greek>
     <word seq="29">καὶ</word>
    </Greek>
    <Lema>
     <word seq="29">καί</word>
    </Lema>
    <Morph>
     <word seq="29">c</word>
    </Morph>
    <Strong>
     <word seq="29">2532</word>
    </Strong>
    <LMcode>
     <word seq="29">89.92</word>
    </LMcode>
   </column>
   <column>
    <Greek>
     <word seq="30">ἐννοιῶν</word>
    </Greek>
    <Lema>
     <word seq="30">ἔννοια</word>
    </Lema>
    <Morph>
     <word seq="30">ngfp</word>
    </Morph>
    <Strong>
     <word seq="30">1771</word>
    </Strong>
    <LMcode>
     <word seq="30">30.66</word>
    </LMcode>
   </column>
   <column>
    <Greek>
     <word seq="31">καρδίας·</word>
    </Greek>
    <Lema>
     <word seq="31">καρδία</word>
    </Lema>
    <Morph>
     <word seq="31">ngfs</word>
    </Morph>
    <Strong>
     <word seq="31">2588</word>
    </Strong>
    <LMcode>
     <word seq="31">26.3</word>
    </LMcode>
   </column>
  </verse>
  <verse number="13">
   <column>
    <Greek>
     <word seq="1">καὶ</word>
    </Greek>
    <Lema>
     <word seq="1">καί</word>
    </Lema>
    <Morph>
     <word seq="1">c</word>
    </Morph>
    <Strong>
     <word seq="1">2532</word>
    </Strong>
    <LMcode>
     <word seq="1">91.1</word>
    </LMcode>
   </column>
   <column>
    <Greek>
     <word seq="2">οὐκ</word>
    </Greek>
    <Lema>
     <word seq="2">οὐ</word>
    </Lema>
    <Morph>
     <word seq="2">c</word>
    </Morph>
    <Strong>
     <word seq="2">3756</word>
    </Strong>
    <LMcode>
     <word seq="2">69.3</word>
    </LMcode>
   </column>
   <column>
    <Greek>
     <word seq="3">ἔστιν</word>
    </Greek>
    <Lema>
     <word seq="3">εἰμί</word>
    </Lema>
    <Morph>
     <word seq="3">vipa3s</word>
    </Morph>
    <Strong>
     <word seq="3">2076</word>
    </Strong>
    <LMcode>
     <word seq="3">13.1</word>
    </LMcode>
   </column>
   <column>
    <Greek>
     <word seq="4">κτίσις</word>
    </Greek>
    <Lema>
     <word seq="4">κτίσις</word>
    </Lema>
    <Morph>
     <word seq="4">nnfs</word>
    </Morph>
    <Strong>
     <word seq="4">2937</word>
    </Strong>
    <LMcode>
     <word seq="4">42.38</word>
    </LMcode>
   </column>
   <column>
    <Greek>
     <word seq="5">ἀφανὴς</word>
    </Greek>
    <Lema>
     <word seq="5">ἀφανής</word>
    </Lema>
    <Morph>
     <word seq="5">anfs</word>
    </Morph>
    <Strong>
     <word seq="5">852</word>
    </Strong>
    <LMcode>
     <word seq="5">28.68</word>
    </LMcode>
   </column>
   <column>
    <Greek>
     <word seq="6">ἐνώπιον</word>
    </Greek>
    <Lema>
     <word seq="6">ἐνώπιον</word>
    </Lema>
    <Morph>
     <word seq="6">p</word>
    </Morph>
    <Strong>
     <word seq="6">1799</word>
    </Strong>
    <LMcode>
     <word seq="6">83.33</word>
    </LMcode>
   </column>
   <column>
    <Greek>
     <word seq="7">αὐτοῦ,</word>
    </Greek>
    <Lema>
     <word seq="7">αὐτός</word>
    </Lema>
    <Morph>
     <word seq="7">rp3gms</word>
    </Morph>
    <Strong>
     <word seq="7">846</word>
    </Strong>
    <LMcode>
     <word seq="7">92.11</word>
    </LMcode>
   </column>
   <column>
    <Greek>
     <word seq="8">πάντα</word>
    </Greek>
    <Lema>
     <word seq="8">πᾶς</word>
    </Lema>
    <Morph>
     <word seq="8">annp</word>
    </Morph>
    <Strong>
     <word seq="8">3956</word>
    </Strong>
    <LMcode>
     <word seq="8">59.23</word>
    </LMcode>
   </column>
   <column>
    <Greek>
     <word seq="9">δὲ</word>
    </Greek>
    <Lema>
     <word seq="9">δέ</word>
    </Lema>
    <Morph>
     <word seq="9">c</word>
    </Morph>
    <Strong>
     <word seq="9">1161</word>
    </Strong>
    <LMcode>
     <word seq="9">89.124</word>
    </LMcode>
   </column>
   <column>
    <Greek>
     <word seq="10">γυμνὰ</word>
    </Greek>
    <Lema>
     <word seq="10">γυμνός</word>
    </Lema>
    <Morph>
     <word seq="10">annp</word>
    </Morph>
    <Strong>
     <word seq="10">1131</word>
    </Strong>
    <LMcode>
     <word seq="10">28.62</word>
    </LMcode>
   </column>
   <column>
    <Greek>
     <word seq="11">καὶ</word>
    </Greek>
    <Lema>
     <word seq="11">καί</word>
    </Lema>
    <Morph>
     <word seq="11">c</word>
    </Morph>
    <Strong>
     <word seq="11">2532</word>
    </Strong>
    <LMcode>
     <word seq="11">89.92</word>
    </LMcode>
   </column>
   <column>
    <Greek>
     <word seq="12">τετραχηλισμένα</word>
    </Greek>
    <Lema>
     <word seq="12">τραχηλίζω</word>
    </Lema>
    <Morph>
     <word seq="12">vpxp-nnp</word>
    </Morph>
    <Strong>
     <word seq="12">5136</word>
    </Strong>
    <LMcode>
     <word seq="12">28.61</word>
    </LMcode>
   </column>
   <column>
    <Greek>
     <word seq="13">τοῖς</word>
    </Greek>
    <Lema>
     <word seq="13">ὁ</word>
    </Lema>
    <Morph>
     <word seq="13">ddmp</word>
    </Morph>
    <Strong>
     <word seq="13">3588</word>
    </Strong>
    <LMcode>
     <word seq="13">92.24</word>
    </LMcode>
   </column>
   <column>
    <Greek>
     <word seq="14">ὀφθαλμοῖς</word>
    </Greek>
    <Lema>
     <word seq="14">ὀφθαλμός</word>
    </Lema>
    <Morph>
     <word seq="14">ndmp</word>
    </Morph>
    <Strong>
     <word seq="14">3788</word>
    </Strong>
    <LMcode>
     <word seq="14">8.23</word>
    </LMcode>
   </column>
   <column>
    <Greek>
     <word seq="15">αὐτοῦ,</word>
    </Greek>
    <Lema>
     <word seq="15">αὐτός</word>
    </Lema>
    <Morph>
     <word seq="15">rp3gms</word>
    </Morph>
    <Strong>
     <word seq="15">846</word>
    </Strong>
    <LMcode>
     <word seq="15">92.11</word>
    </LMcode>
   </column>
   <column>
    <Greek>
     <word seq="16">πρὸς</word>
    </Greek>
    <Lema>
     <word seq="16">πρός</word>
    </Lema>
    <Morph>
     <word seq="16">p</word>
    </Morph>
    <Strong>
     <word seq="16">4314</word>
    </Strong>
    <LMcode>
     <word seq="16">89.7</word>
    </LMcode>
   </column>
   <column>
    <Greek>
     <word seq="17">ὃν</word>
    </Greek>
    <Lema>
     <word seq="17">ὅς</word>
    </Lema>
    <Morph>
     <word seq="17">rr-ams</word>
    </Morph>
    <Strong>
     <word seq="17">3739</word>
    </Strong>
    <LMcode>
     <word seq="17">92.27</word>
    </LMcode>
   </column>
   <column>
    <Greek>
     <word seq="18">ἡμῖν</word>
    </Greek>
    <Lema>
     <word seq="18">ἐγώ</word>
    </Lema>
    <Morph>
     <word seq="18">rp1d_p</word>
    </Morph>
    <Strong>
     <word seq="18">2254</word>
    </Strong>
    <LMcode>
     <word seq="18">92.1</word>
    </LMcode>
   </column>
   <column>
    <Greek>
     <word seq="19">ὁ</word>
    </Greek>
    <Lema>
     <word seq="19">ὁ</word>
    </Lema>
    <Morph>
     <word seq="19">dnms</word>
    </Morph>
    <Strong>
     <word seq="19">3588</word>
    </Strong>
    <LMcode>
     <word seq="19">92.24</word>
    </LMcode>
   </column>
   <column>
    <Greek>
     <word seq="20">λόγος.</word>
    </Greek>
    <Lema>
     <word seq="20">λόγος</word>
    </Lema>
    <Morph>
     <word seq="20">nnms</word>
    </Morph>
    <Strong>
     <word seq="20">3056</word>
    </Strong>
    <LMcode>
     <word seq="20">33.98</word>
    </LMcode>
   </column>
  </verse>
  <verse number="14">
   <column>
    <Greek>
     <word seq="1">Ἔχοντες</word>
    </Greek>
    <Lema>
     <word seq="1">ἔχω</word>
    </Lema>
    <Morph>
     <word seq="1">vppa-nmp</word>
    </Morph>
    <Strong>
     <word seq="1">2192</word>
    </Strong>
    <LMcode>
     <word seq="1">57.1</word>
    </LMcode>
   </column>
   <column>
    <Greek>
     <word seq="2">οὖν</word>
    </Greek>
    <Lema>
     <word seq="2">οὖν</word>
    </Lema>
    <Morph>
     <word seq="2">c</word>
    </Morph>
    <Strong>
     <word seq="2">3767</word>
    </Strong>
    <LMcode>
     <word seq="2">89.50</word>
    </LMcode>
   </column>
   <column>
    <Greek>
     <word seq="3">ἀρχιερέα</word>
    </Greek>
    <Lema>
     <word seq="3">ἀρχιερεύς</word>
    </Lema>
    <Morph>
     <word seq="3">nams</word>
    </Morph>
    <Strong>
     <word seq="3">749</word>
    </Strong>
    <LMcode>
     <word seq="3">53.89</word>
    </LMcode>
   </column>
   <column>
    <Greek>
     <word seq="4">μέγαν</word>
    </Greek>
    <Lema>
     <word seq="4">μέγας</word>
    </Lema>
    <Morph>
     <word seq="4">aams</word>
    </Morph>
    <Strong>
     <word seq="4">3173</word>
    </Strong>
    <LMcode>
     <word seq="4">87.22</word>
    </LMcode>
   </column>
   <column>
    <Greek>
     <word seq="5">διεληλυθότα</word>
    </Greek>
    <Lema>
     <word seq="5">διέρχομαι</word>
    </Lema>
    <Morph>
     <word seq="5">vpxa-ams</word>
    </Morph>
    <Strong>
     <word seq="5">1330</word>
    </Strong>
    <LMcode>
     <word seq="5">15.32</word>
    </LMcode>
   </column>
   <column>
    <Greek>
     <word seq="6">τοὺς</word>
    </Greek>
    <Lema>
     <word seq="6">ὁ</word>
    </Lema>
    <Morph>
     <word seq="6">damp</word>
    </Morph>
    <Strong>
     <word seq="6">3588</word>
    </Strong>
    <LMcode>
     <word seq="6">92.24</word>
    </LMcode>
   </column>
   <column>
    <Greek>
     <word seq="7">οὐρανούς,</word>
    </Greek>
    <Lema>
     <word seq="7">οὐρανός</word>
    </Lema>
    <Morph>
     <word seq="7">namp</word>
    </Morph>
    <Strong>
     <word seq="7">3772</word>
    </Strong>
    <LMcode>
     <word seq="7">1.11</word>
    </LMcode>
   </column>
   <column>
    <Greek>
     <word seq="8">Ἰησοῦν</word>
    </Greek>
    <Lema>
     <word seq="8">Ἰησοῦς</word>
    </Lema>
    <Morph>
     <word seq="8">nams</word>
    </Morph>
    <Strong>
     <word seq="8">2424</word>
    </Strong>
    <LMcode>
     <word seq="8">93.169</word>
    </LMcode>
   </column>
   <column>
    <Greek>
     <word seq="9">τὸν</word>
    </Greek>
    <Lema>
     <word seq="9">ὁ</word>
    </Lema>
    <Morph>
     <word seq="9">dams</word>
    </Morph>
    <Strong>
     <word seq="9">3588</word>
    </Strong>
    <LMcode>
     <word seq="9">92.24</word>
    </LMcode>
   </column>
   <column>
    <Greek>
     <word seq="10">υἱὸν</word>
    </Greek>
    <Lema>
     <word seq="10">υἱός</word>
    </Lema>
    <Morph>
     <word seq="10">nams</word>
    </Morph>
    <Strong>
     <word seq="10">5207</word>
    </Strong>
    <LMcode>
     <word seq="10">12.15</word>
    </LMcode>
   </column>
   <column>
    <Greek>
     <word seq="11">τοῦ</word>
    </Greek>
    <Lema>
     <word seq="11">ὁ</word>
    </Lema>
    <Morph>
     <word seq="11">dgms</word>
    </Morph>
    <Strong>
     <word seq="11">3588</word>
    </Strong>
    <LMcode>
     <word seq="11">92.24</word>
    </LMcode>
   </column>
   <column>
    <Greek>
     <word seq="12">θεοῦ,</word>
    </Greek>
    <Lema>
     <word seq="12">θεός</word>
    </Lema>
    <Morph>
     <word seq="12">ngms</word>
    </Morph>
    <Strong>
     <word seq="12">2316</word>
    </Strong>
    <LMcode>
     <word seq="12">12.15</word>
    </LMcode>
   </column>
   <column>
    <Greek>
     <word seq="13">κρατῶμεν</word>
    </Greek>
    <Lema>
     <word seq="13">κρατέω</word>
    </Lema>
    <Morph>
     <word seq="13">vspa1p</word>
    </Morph>
    <Strong>
     <word seq="13">2902</word>
    </Strong>
    <LMcode>
     <word seq="13">18.6</word>
    </LMcode>
   </column>
   <column>
    <Greek>
     <word seq="14">τῆς</word>
    </Greek>
    <Lema>
     <word seq="14">ὁ</word>
    </Lema>
    <Morph>
     <word seq="14">dgfs</word>
    </Morph>
    <Strong>
     <word seq="14">3588</word>
    </Strong>
    <LMcode>
     <word seq="14">92.24</word>
    </LMcode>
   </column>
   <column>
    <Greek>
     <word seq="15">ὁμολογίας.</word>
    </Greek>
    <Lema>
     <word seq="15">ὁμολογία</word>
    </Lema>
    <Morph>
     <word seq="15">ngfs</word>
    </Morph>
    <Strong>
     <word seq="15">3671</word>
    </Strong>
    <LMcode>
     <word seq="15">33.274</word>
    </LMcode>
   </column>
  </verse>
  <verse number="15">
   <column>
    <Greek>
     <word seq="1">οὐ</word>
    </Greek>
    <Lema>
     <word seq="1">οὐ</word>
    </Lema>
    <Morph>
     <word seq="1">c</word>
    </Morph>
    <Strong>
     <word seq="1">3756</word>
    </Strong>
    <LMcode>
     <word seq="1">69.3</word>
    </LMcode>
   </column>
   <column>
    <Greek>
     <word seq="2">γὰρ</word>
    </Greek>
    <Lema>
     <word seq="2">γάρ</word>
    </Lema>
    <Morph>
     <word seq="2">c</word>
    </Morph>
    <Strong>
     <word seq="2">1063</word>
    </Strong>
    <LMcode>
     <word seq="2">89.23</word>
    </LMcode>
   </column>
   <column>
    <Greek>
     <word seq="3">ἔχομεν</word>
    </Greek>
    <Lema>
     <word seq="3">ἔχω</word>
    </Lema>
    <Morph>
     <word seq="3">vipa1p</word>
    </Morph>
    <Strong>
     <word seq="3">2192</word>
    </Strong>
    <LMcode>
     <word seq="3">57.1</word>
    </LMcode>
   </column>
   <column>
    <Greek>
     <word seq="4">ἀρχιερέα</word>
    </Greek>
    <Lema>
     <word seq="4">ἀρχιερεύς</word>
    </Lema>
    <Morph>
     <word seq="4">nams</word>
    </Morph>
    <Strong>
     <word seq="4">749</word>
    </Strong>
    <LMcode>
     <word seq="4">53.89</word>
    </LMcode>
   </column>
   <column>
    <Greek>
     <word seq="5">μὴ</word>
    </Greek>
    <Lema>
     <word seq="5">μή</word>
    </Lema>
    <Morph>
     <word seq="5">b</word>
    </Morph>
    <Strong>
     <word seq="5">3361</word>
    </Strong>
    <LMcode>
     <word seq="5">69.3</word>
    </LMcode>
   </column>
   <column>
    <Greek>
     <word seq="6">δυνάμενον</word>
    </Greek>
    <Lema>
     <word seq="6">δύναμαι</word>
    </Lema>
    <Morph>
     <word seq="6">vppu-ams</word>
    </Morph>
    <Strong>
     <word seq="6">1410</word>
    </Strong>
    <LMcode>
     <word seq="6">74.5</word>
    </LMcode>
   </column>
   <column>
    <Greek>
     <word seq="7">συμπαθῆσαι</word>
    </Greek>
    <Lema>
     <word seq="7">συμπαθέω</word>
    </Lema>
    <Morph>
     <word seq="7">vnaa</word>
    </Morph>
    <Strong>
     <word seq="7">4834</word>
    </Strong>
    <LMcode>
     <word seq="7">25.57</word>
    </LMcode>
   </column>
   <column>
    <Greek>
     <word seq="8">ταῖς</word>
    </Greek>
    <Lema>
     <word seq="8">ὁ</word>
    </Lema>
    <Morph>
     <word seq="8">ddfp</word>
    </Morph>
    <Strong>
     <word seq="8">3588</word>
    </Strong>
    <LMcode>
     <word seq="8">92.24</word>
    </LMcode>
   </column>
   <column>
    <Greek>
     <word seq="9">ἀσθενείαις</word>
    </Greek>
    <Lema>
     <word seq="9">ἀσθένεια</word>
    </Lema>
    <Morph>
     <word seq="9">ndfp</word>
    </Morph>
    <Strong>
     <word seq="9">769</word>
    </Strong>
    <LMcode>
     <word seq="9">74.23</word>
    </LMcode>
   </column>
   <column>
    <Greek>
     <word seq="10">ἡμῶν,</word>
    </Greek>
    <Lema>
     <word seq="10">ἐγώ</word>
    </Lema>
    <Morph>
     <word seq="10">rp1g_p</word>
    </Morph>
    <Strong>
     <word seq="10">2257</word>
    </Strong>
    <LMcode>
     <word seq="10">92.1</word>
    </LMcode>
   </column>
   <column>
    <Greek>
     <word seq="11">πεπειρασμένον</word>
    </Greek>
    <Lema>
     <word seq="11">πειράζω</word>
    </Lema>
    <Morph>
     <word seq="11">vpxp-ams</word>
    </Morph>
    <Strong>
     <word seq="11">3985</word>
    </Strong>
    <LMcode>
     <word seq="11">88.308</word>
    </LMcode>
   </column>
   <column>
    <Greek>
     <word seq="12">δὲ</word>
    </Greek>
    <Lema>
     <word seq="12">δέ</word>
    </Lema>
    <Morph>
     <word seq="12">c</word>
    </Morph>
    <Strong>
     <word seq="12">1161</word>
    </Strong>
    <LMcode>
     <word seq="12">89.124</word>
    </LMcode>
   </column>
   <column>
    <Greek>
     <word seq="13">κατὰ</word>
    </Greek>
    <Lema>
     <word seq="13">κατά</word>
    </Lema>
    <Morph>
     <word seq="13">p</word>
    </Morph>
    <Strong>
     <word seq="13">2596</word>
    </Strong>
    <LMcode>
     <word seq="13">89.4</word>
    </LMcode>
   </column>
   <column>
    <Greek>
     <word seq="14">πάντα</word>
    </Greek>
    <Lema>
     <word seq="14">πᾶς</word>
    </Lema>
    <Morph>
     <word seq="14">aanp</word>
    </Morph>
    <Strong>
     <word seq="14">3956</word>
    </Strong>
    <LMcode>
     <word seq="14">59.23</word>
    </LMcode>
   </column>
   <column>
    <Greek>
     <word seq="15">καθʼ</word>
    </Greek>
    <Lema>
     <word seq="15">κατά</word>
    </Lema>
    <Morph>
     <word seq="15">p</word>
    </Morph>
    <Strong>
     <word seq="15">2596</word>
    </Strong>
    <LMcode>
     <word seq="15">89.8</word>
    </LMcode>
   </column>
   <column>
    <Greek>
     <word seq="16">ὁμοιότητα</word>
    </Greek>
    <Lema>
     <word seq="16">ὁμοιότης</word>
    </Lema>
    <Morph>
     <word seq="16">nafs</word>
    </Morph>
    <Strong>
     <word seq="16">3665</word>
    </Strong>
    <LMcode>
     <word seq="16">64.3</word>
    </LMcode>
   </column>
   <column>
    <Greek>
     <word seq="17">χωρὶς</word>
    </Greek>
    <Lema>
     <word seq="17">χωρίς</word>
    </Lema>
    <Morph>
     <word seq="17">p</word>
    </Morph>
    <Strong>
     <word seq="17">5565</word>
    </Strong>
    <LMcode>
     <word seq="17">89.120</word>
    </LMcode>
   </column>
   <column>
    <Greek>
     <word seq="18">ἁμαρτίας.</word>
    </Greek>
    <Lema>
     <word seq="18">ἁμαρτία</word>
    </Lema>
    <Morph>
     <word seq="18">ngfs</word>
    </Morph>
    <Strong>
     <word seq="18">266</word>
    </Strong>
    <LMcode>
     <word seq="18">88.289</word>
    </LMcode>
   </column>
  </verse>
  <verse number="16">
   <column>
    <Greek>
     <word seq="1">προσερχώμεθα</word>
    </Greek>
    <Lema>
     <word seq="1">προσέρχομαι</word>
    </Lema>
    <Morph>
     <word seq="1">vspu1p</word>
    </Morph>
    <Strong>
     <word seq="1">4334</word>
    </Strong>
    <LMcode>
     <word seq="1">15.77</word>
    </LMcode>
   </column>
   <column>
    <Greek>
     <word seq="2">οὖν</word>
    </Greek>
    <Lema>
     <word seq="2">οὖν</word>
    </Lema>
    <Morph>
     <word seq="2">c</word>
    </Morph>
    <Strong>
     <word seq="2">3767</word>
    </Strong>
    <LMcode>
     <word seq="2">89.50</word>
    </LMcode>
   </column>
   <column>
    <Greek>
     <word seq="3">μετὰ</word>
    </Greek>
    <Lema>
     <word seq="3">μετά</word>
    </Lema>
    <Morph>
     <word seq="3">p</word>
    </Morph>
    <Strong>
     <word seq="3">3326</word>
    </Strong>
    <LMcode>
     <word seq="3">89.79</word>
    </LMcode>
   </column>
   <column>
    <Greek>
     <word seq="4">παρρησίας</word>
    </Greek>
    <Lema>
     <word seq="4">παρρησία</word>
    </Lema>
    <Morph>
     <word seq="4">ngfs</word>
    </Morph>
    <Strong>
     <word seq="4">3954</word>
    </Strong>
    <LMcode>
     <word seq="4">25.158</word>
    </LMcode>
   </column>
   <column>
    <Greek>
     <word seq="5">τῷ</word>
    </Greek>
    <Lema>
     <word seq="5">ὁ</word>
    </Lema>
    <Morph>
     <word seq="5">ddms</word>
    </Morph>
    <Strong>
     <word seq="5">3588</word>
    </Strong>
    <LMcode>
     <word seq="5">92.24</word>
    </LMcode>
   </column>
   <column>
    <Greek>
     <word seq="6">θρόνῳ</word>
    </Greek>
    <Lema>
     <word seq="6">θρόνος</word>
    </Lema>
    <Morph>
     <word seq="6">ndms</word>
    </Morph>
    <Strong>
     <word seq="6">2362</word>
    </Strong>
    <LMcode>
     <word seq="6">37.72</word>
    </LMcode>
   </column>
   <column>
    <Greek>
     <word seq="7">τῆς</word>
    </Greek>
    <Lema>
     <word seq="7">ὁ</word>
    </Lema>
    <Morph>
     <word seq="7">dgfs</word>
    </Morph>
    <Strong>
     <word seq="7">3588</word>
    </Strong>
    <LMcode>
     <word seq="7">92.24</word>
    </LMcode>
   </column>
   <column>
    <Greek>
     <word seq="8">χάριτος,</word>
    </Greek>
    <Lema>
     <word seq="8">χάρις</word>
    </Lema>
    <Morph>
     <word seq="8">ngfs</word>
    </Morph>
    <Strong>
     <word seq="8">5485</word>
    </Strong>
    <LMcode>
     <word seq="8">25.89</word>
    </LMcode>
   </column>
   <column>
    <Greek>
     <word seq="9">ἵνα</word>
    </Greek>
    <Lema>
     <word seq="9">ἵνα</word>
    </Lema>
    <Morph>
     <word seq="9">c</word>
    </Morph>
    <Strong>
     <word seq="9">2443</word>
    </Strong>
    <LMcode>
     <word seq="9">89.59</word>
    </LMcode>
   </column>
   <column>
    <Greek>
     <word seq="10">λάβωμεν</word>
    </Greek>
    <Lema>
     <word seq="10">λαμβάνω</word>
    </Lema>
    <Morph>
     <word seq="10">vsaa1p</word>
    </Morph>
    <Strong>
     <word seq="10">2983</word>
    </Strong>
    <LMcode>
     <word seq="10">57.125</word>
    </LMcode>
   </column>
   <column>
    <Greek>
     <word seq="11">ἔλεος</word>
    </Greek>
    <Lema>
     <word seq="11">ἔλεος</word>
    </Lema>
    <Morph>
     <word seq="11">nans</word>
    </Morph>
    <Strong>
     <word seq="11">1656</word>
    </Strong>
    <LMcode>
     <word seq="11">88.76</word>
    </LMcode>
   </column>
   <column>
    <Greek>
     <word seq="12">καὶ</word>
    </Greek>
    <Lema>
     <word seq="12">καί</word>
    </Lema>
    <Morph>
     <word seq="12">c</word>
    </Morph>
    <Strong>
     <word seq="12">2532</word>
    </Strong>
    <LMcode>
     <word seq="12">89.92</word>
    </LMcode>
   </column>
   <column>
    <Greek>
     <word seq="13">χάριν</word>
    </Greek>
    <Lema>
     <word seq="13">χάρις</word>
    </Lema>
    <Morph>
     <word seq="13">nafs</word>
    </Morph>
    <Strong>
     <word seq="13">5485</word>
    </Strong>
    <LMcode>
     <word seq="13">88.66</word>
    </LMcode>
   </column>
   <column>
    <Greek>
     <word seq="14">εὕρωμεν</word>
    </Greek>
    <Lema>
     <word seq="14">εὑρίσκω</word>
    </Lema>
    <Morph>
     <word seq="14">vsaa1p</word>
    </Morph>
    <Strong>
     <word seq="14">2147</word>
    </Strong>
    <LMcode>
     <word seq="14">13.17</word>
    </LMcode>
   </column>
   <column>
    <Greek>
     <word seq="15">εἰς</word>
    </Greek>
    <Lema>
     <word seq="15">εἰς</word>
    </Lema>
    <Morph>
     <word seq="15">p</word>
    </Morph>
    <Strong>
     <word seq="15">1519</word>
    </Strong>
    <LMcode>
     <word seq="15">67.160</word>
    </LMcode>
   </column>
   <column>
    <Greek>
     <word seq="16">εὔκαιρον</word>
    </Greek>
    <Lema>
     <word seq="16">εὔκαιρος</word>
    </Lema>
    <Morph>
     <word seq="16">aafs</word>
    </Morph>
    <Strong>
     <word seq="16">2121</word>
    </Strong>
    <LMcode>
     <word seq="16">67.6</word>
    </LMcode>
   </column>
   <column>
    <Greek>
     <word seq="17">βοήθειαν.</word>
    </Greek>
    <Lema>
     <word seq="17">βοήθεια</word>
    </Lema>
    <Morph>
     <word seq="17">nafs</word>
    </Morph>
    <Strong>
     <word seq="17">996</word>
    </Strong>
    <LMcode>
     <word seq="17">35.1</word>
    </LMcode>
   </column>
  </verse>
 </chapter>
</book>
