<?xml version="1.0" encoding="UTF-8" standalone="no"?>
<book>
 <chapter book="null" number="2">
  <verse number="1">
   <KJV>
    <word seq="1">And I,<GreekSeq>1</GreekSeq>
    </word>
    <word seq="2">brethren,<GreekSeq>5</GreekSeq>
    </word>
    <word seq="3">when I came<GreekSeq>2</GreekSeq>
    </word>
    <word seq="4">to<GreekSeq>3</GreekSeq>
    </word>
    <word seq="5">you,<GreekSeq>4</GreekSeq>
    </word>
    <word seq="6">came<GreekSeq>6</GreekSeq>
    </word>
    <word seq="7">not<GreekSeq>7</GreekSeq>
    </word>
    <word seq="8">with<GreekSeq>8</GreekSeq>
    </word>
    <word seq="9">excellency<GreekSeq>9</GreekSeq>
    </word>
    <word seq="10">of speech<GreekSeq>10</GreekSeq>
    </word>
    <word seq="11">or<GreekSeq>11</GreekSeq>
    </word>
    <word seq="12">of wisdom,<GreekSeq>12</GreekSeq>
    </word>
    <word seq="13">declaring<GreekSeq>13</GreekSeq>
    </word>
    <word seq="14">unto you<GreekSeq>14</GreekSeq>
    </word>
    <word seq="15">the<GreekSeq>15</GreekSeq>
    </word>
    <word note="Base of different Greek: μαρτύριον(3142)" seq="16">testimony<GreekSeq>16</GreekSeq>
    </word>
    <word seq="17">of God.<GreekSeq>18</GreekSeq>
    </word>
   </KJV>
  </verse>
  <verse number="2">
   <KJV>
    <word seq="1">For<GreekSeq>2</GreekSeq>
    </word>
    <word seq="2">I determined<GreekSeq>3</GreekSeq>
    </word>
    <word seq="3">not<GreekSeq>1</GreekSeq>
    </word>
    <word seq="4">to know<GreekSeq>5</GreekSeq>
    </word>
    <word seq="5">any thing <GreekSeq>4</GreekSeq>
    </word>
    <word seq="6">among<GreekSeq>6</GreekSeq>
    </word>
    <word seq="7">you,<GreekSeq>7</GreekSeq>
    </word>
    <word note="εἰ μή Strong Code (1508)" seq="8">save<GreekSeq>8</GreekSeq>
     <GreekSeq>9</GreekSeq>
    </word>
    <word seq="9">Jesus<GreekSeq>10</GreekSeq>
    </word>
    <word seq="10">Christ,<GreekSeq>11</GreekSeq>
    </word>
    <word seq="11">and<GreekSeq>12</GreekSeq>
    </word>
    <word seq="12">him<GreekSeq>13</GreekSeq>
    </word>
    <word seq="13">crucified.<GreekSeq>14</GreekSeq>
    </word>
   </KJV>
  </verse>
  <verse number="3">
   <KJV>
    <word seq="1">And I<GreekSeq>1</GreekSeq>
    </word>
    <word seq="2">was<GreekSeq>11</GreekSeq>
    </word>
    <word seq="3">with<GreekSeq>12</GreekSeq>
    </word>
    <word seq="4">you<GreekSeq>13</GreekSeq>
    </word>
    <word seq="5">in<GreekSeq>2</GreekSeq>
    </word>
    <word seq="6">weakness,<GreekSeq>3</GreekSeq>
    </word>
    <word seq="7">and<GreekSeq>4</GreekSeq>
    </word>
    <word seq="8">in<GreekSeq>5</GreekSeq>
    </word>
    <word seq="9">fear,<GreekSeq>6</GreekSeq>
    </word>
    <word seq="10">and<GreekSeq>7</GreekSeq>
    </word>
    <word seq="11">in<GreekSeq>8</GreekSeq>
    </word>
    <word seq="12">much<GreekSeq>10</GreekSeq>
    </word>
    <word seq="13">trembling.<GreekSeq>9</GreekSeq>
    </word>
   </KJV>
  </verse>
  <verse number="4">
   <KJV>
    <word seq="1">And<GreekSeq>1</GreekSeq>
    </word>
    <word seq="2">my<GreekSeq>4</GreekSeq>
    </word>
    <word seq="3">speech<GreekSeq>3</GreekSeq>
    </word>
    <word seq="4">and<GreekSeq>5</GreekSeq>
    </word>
    <word seq="5">my<GreekSeq>8</GreekSeq>
    </word>
    <word seq="6">preaching<GreekSeq>7</GreekSeq>
    </word>
    <word seq="7">was</word>
    <word seq="8">not<GreekSeq>9</GreekSeq>
    </word>
    <word seq="9">with<GreekSeq>10</GreekSeq>
    </word>
    <word seq="10">enticing<GreekSeq>11</GreekSeq>
    </word>
    <word seq="11">words<GreekSeq>13</GreekSeq>
    </word>
    <word note="Base of different Greek: ἀνθρωπίνης(442)" seq="12">of man's</word>
    <word seq="13">wisdom,<GreekSeq>12</GreekSeq>
    </word>
    <word seq="14">but<GreekSeq>14</GreekSeq>
    </word>
    <word seq="15">in<GreekSeq>15</GreekSeq>
    </word>
    <word seq="16">demonstration<GreekSeq>16</GreekSeq>
    </word>
    <word seq="17">of the Spirit<GreekSeq>17</GreekSeq>
    </word>
    <word seq="18">and<GreekSeq>18</GreekSeq>
    </word>
    <word seq="19">of power:<GreekSeq>19</GreekSeq>
    </word>
   </KJV>
  </verse>
  <verse number="5">
   <KJV>
    <word seq="1">That<GreekSeq>1</GreekSeq>
    </word>
    <word seq="2">your<GreekSeq>4</GreekSeq>
    </word>
    <word seq="3">faith<GreekSeq>3</GreekSeq>
    </word>
    <word seq="4">should<GreekSeq>6</GreekSeq>
    </word>
    <word seq="5">not<GreekSeq>5</GreekSeq>
    </word>
    <word seq="6">stand<GreekSeq>6</GreekSeq>
    </word>
    <word seq="7">in<GreekSeq>7</GreekSeq>
    </word>
    <word seq="8">the wisdom<GreekSeq>8</GreekSeq>
    </word>
    <word seq="9">of men,<GreekSeq>9</GreekSeq>
    </word>
    <word seq="10">but<GreekSeq>10</GreekSeq>
    </word>
    <word seq="11">in<GreekSeq>11</GreekSeq>
    </word>
    <word seq="12">the power<GreekSeq>12</GreekSeq>
    </word>
    <word seq="13">of God.<GreekSeq>13</GreekSeq>
    </word>
   </KJV>
  </verse>
  <verse number="6">
   <KJV>
    <word seq="1">Howbeit<GreekSeq>2</GreekSeq>
    </word>
    <word seq="2">we speak<GreekSeq>3</GreekSeq>
    </word>
    <word seq="3">wisdom<GreekSeq>1</GreekSeq>
    </word>
    <word seq="4">among<GreekSeq>4</GreekSeq>
    </word>
    <word seq="5">them<GreekSeq>5</GreekSeq>
    </word>
    <word seq="6">that are</word>
    <word seq="7">perfect:<GreekSeq>6</GreekSeq>
    </word>
    <word seq="8">yet<GreekSeq>8</GreekSeq>
    </word>
    <word seq="9">not<GreekSeq>9</GreekSeq>
    </word>
    <word seq="10">the wisdom<GreekSeq>7</GreekSeq>
    </word>
    <word seq="11">of this<GreekSeq>12</GreekSeq>
    </word>
    <word seq="12">world,<GreekSeq>11</GreekSeq>
    </word>
    <word seq="13">nor<GreekSeq>13</GreekSeq>
    </word>
    <word seq="14">of the<GreekSeq>14</GreekSeq>
    </word>
    <word seq="15">princes<GreekSeq>15</GreekSeq>
    </word>
    <word seq="16">of this<GreekSeq>18</GreekSeq>
    </word>
    <word seq="17">world,<GreekSeq>17</GreekSeq>
    </word>
    <word seq="18">that come to nought:<GreekSeq>20</GreekSeq>
    </word>
   </KJV>
  </verse>
  <verse number="7">
   <KJV>
    <word seq="1">But<GreekSeq>1</GreekSeq>
    </word>
    <word seq="2">we speak<GreekSeq>2</GreekSeq>
    </word>
    <word seq="3">the wisdom<GreekSeq>4</GreekSeq>
    </word>
    <word seq="4">of God<GreekSeq>3</GreekSeq>
    </word>
    <word seq="5">in<GreekSeq>5</GreekSeq>
    </word>
    <word seq="6">a mystery,<GreekSeq>6</GreekSeq>
    </word>
    <word seq="7">even</word>
    <word seq="8">the<GreekSeq>7</GreekSeq>
    </word>
    <word seq="9">hidden<GreekSeq>8</GreekSeq>
    </word>
    <word seq="10">wisdom,</word>
    <word seq="11">which<GreekSeq>9</GreekSeq>
    </word>
    <word seq="12">God<GreekSeq>12</GreekSeq>
    </word>
    <word seq="13">ordained<GreekSeq>10</GreekSeq>
    </word>
    <word seq="14">before<GreekSeq>13</GreekSeq>
    </word>
    <word seq="15">the<GreekSeq>14</GreekSeq>
    </word>
    <word seq="16">world<GreekSeq>15</GreekSeq>
    </word>
    <word seq="17">unto<GreekSeq>16</GreekSeq>
    </word>
    <word seq="18">our<GreekSeq>18</GreekSeq>
    </word>
    <word seq="19">glory:<GreekSeq>17</GreekSeq>
    </word>
   </KJV>
  </verse>
  <verse number="8">
   <KJV>
    <word seq="1">Which<GreekSeq>1</GreekSeq>
    </word>
    <word seq="2">none<GreekSeq>2</GreekSeq>
    </word>
    <word seq="3">of the<GreekSeq>3</GreekSeq>
    </word>
    <word seq="4">princes<GreekSeq>4</GreekSeq>
    </word>
    <word seq="5">of this<GreekSeq>7</GreekSeq>
    </word>
    <word seq="6">world<GreekSeq>6</GreekSeq>
    </word>
    <word seq="7">knew:<GreekSeq>8</GreekSeq>
    </word>
    <word seq="8">for<GreekSeq>10</GreekSeq>
    </word>
    <word seq="9">had they known<GreekSeq>9</GreekSeq>
     <GreekSeq>11</GreekSeq>
    </word>
    <word seq="10">it,</word>
    <word seq="11">they would<GreekSeq>18</GreekSeq>
    </word>
    <word seq="12">not<GreekSeq>12</GreekSeq>
    </word>
    <word seq="13">have crucified<GreekSeq>18</GreekSeq>
    </word>
    <word seq="14">the<GreekSeq>14</GreekSeq>
    </word>
    <word seq="15">Lord<GreekSeq>15</GreekSeq>
    </word>
    <word seq="16">of glory.<GreekSeq>17</GreekSeq>
    </word>
   </KJV>
  </verse>
  <verse number="9">
   <KJV>
    <word seq="1">But<GreekSeq>1</GreekSeq>
    </word>
    <word seq="2">as<GreekSeq>2</GreekSeq>
    </word>
    <word seq="3">it is written,<GreekSeq>3</GreekSeq>
    </word>
    <word seq="4">Eye<GreekSeq>5</GreekSeq>
    </word>
    <word seq="5">hath<GreekSeq>7</GreekSeq>
    </word>
    <word seq="6">not<GreekSeq>6</GreekSeq>
    </word>
    <word seq="7">seen,<GreekSeq>7</GreekSeq>
    </word>
    <word seq="8">nor<GreekSeq>8</GreekSeq>
     <GreekSeq>10</GreekSeq>
    </word>
    <word seq="9">ear<GreekSeq>9</GreekSeq>
    </word>
    <word seq="10">heard,<GreekSeq>11</GreekSeq>
    </word>
    <word seq="11">neither<GreekSeq>12</GreekSeq>
     <GreekSeq>16</GreekSeq>
    </word>
    <word seq="12">have entered<GreekSeq>17</GreekSeq>
    </word>
    <word seq="13">into<GreekSeq>13</GreekSeq>
    </word>
    <word seq="14">the heart<GreekSeq>14</GreekSeq>
    </word>
    <word seq="15">of man,<GreekSeq>15</GreekSeq>
    </word>
    <word seq="16">the things which<GreekSeq>18</GreekSeq>
    </word>
    <word seq="17">God<GreekSeq>21</GreekSeq>
    </word>
    <word seq="18">hath prepared<GreekSeq>19</GreekSeq>
    </word>
    <word seq="19">for them<GreekSeq>22</GreekSeq>
    </word>
    <word seq="20">that love<GreekSeq>23</GreekSeq>
    </word>
    <word seq="21">him.<GreekSeq>24</GreekSeq>
    </word>
   </KJV>
  </verse>
  <verse number="10">
   <KJV>
    <word seq="1">But<GreekSeq>2</GreekSeq>
    </word>
    <word seq="2">God<GreekSeq>5</GreekSeq>
    </word>
    <word seq="3">hath revealed<GreekSeq>3</GreekSeq>
    </word>
    <word seq="4">them</word>
    <word seq="5">unto us<GreekSeq>1</GreekSeq>
    </word>
    <word seq="6">by<GreekSeq>6</GreekSeq>
    </word>
    <word note="Base of different Greek: αὐτοῦ(846)" seq="7">his<GreekSeq>7</GreekSeq>
    </word>
    <word seq="8">Spirit:<GreekSeq>8</GreekSeq>
    </word>
    <word seq="9">for<GreekSeq>10</GreekSeq>
    </word>
    <word seq="10">the<GreekSeq>9</GreekSeq>
    </word>
    <word seq="11">Spirit<GreekSeq>11</GreekSeq>
    </word>
    <word seq="12">searcheth<GreekSeq>13</GreekSeq>
    </word>
    <word seq="13">all things,<GreekSeq>12</GreekSeq>
    </word>
    <word seq="14">yea,<GreekSeq>14</GreekSeq>
    </word>
    <word seq="15">the<GreekSeq>15</GreekSeq>
    </word>
    <word seq="16">deep things<GreekSeq>16</GreekSeq>
    </word>
    <word seq="17">of God.<GreekSeq>18</GreekSeq>
    </word>
   </KJV>
  </verse>
  <verse number="11">
   <KJV>
    <word seq="1">For<GreekSeq>2</GreekSeq>
    </word>
    <word seq="2">what<GreekSeq>1</GreekSeq>
    </word>
    <word seq="3">man<GreekSeq>4</GreekSeq>
    </word>
    <word seq="4">knoweth<GreekSeq>3</GreekSeq>
    </word>
    <word seq="5">the things<GreekSeq>5</GreekSeq>
    </word>
    <word seq="6">of a<GreekSeq>6</GreekSeq>
    </word>
    <word seq="7">man,<GreekSeq>7</GreekSeq>
    </word>
    <word note="εἰ μή Strong Code (1508)" seq="8">save<GreekSeq>8</GreekSeq>
     <GreekSeq>9</GreekSeq>
    </word>
    <word seq="9">the<GreekSeq>10</GreekSeq>
    </word>
    <word seq="10">spirit<GreekSeq>11</GreekSeq>
    </word>
    <word seq="11">of man<GreekSeq>13</GreekSeq>
    </word>
    <word seq="12">which<GreekSeq>14</GreekSeq>
    </word>
    <word seq="13">is</word>
    <word seq="14">in<GreekSeq>15</GreekSeq>
    </word>
    <word seq="15">him?<GreekSeq>16</GreekSeq>
    </word>
    <word seq="16">even<GreekSeq>18</GreekSeq>
    </word>
    <word seq="17">so<GreekSeq>17</GreekSeq>
    </word>
    <word seq="18">the things<GreekSeq>19</GreekSeq>
    </word>
    <word seq="19">of God<GreekSeq>21</GreekSeq>
    </word>
    <word note="Base of different Greek: οἶδεν(1492)" seq="20">knoweth<GreekSeq>23</GreekSeq>
    </word>
    <word seq="21">no man,<GreekSeq>22</GreekSeq>
    </word>
    <word note="εἰ μή Strong Code (1508)" seq="22">but<GreekSeq>24</GreekSeq>
     <GreekSeq>25</GreekSeq>
    </word>
    <word seq="23">the<GreekSeq>26</GreekSeq>
    </word>
    <word seq="24">Spirit<GreekSeq>27</GreekSeq>
    </word>
    <word seq="25">of God.<GreekSeq>29</GreekSeq>
    </word>
   </KJV>
  </verse>
  <verse number="12">
   <KJV>
    <word seq="1">Now<GreekSeq>2</GreekSeq>
    </word>
    <word seq="2">we<GreekSeq>1</GreekSeq>
    </word>
    <word seq="3">have received,<GreekSeq>8</GreekSeq>
    </word>
    <word seq="4">not<GreekSeq>3</GreekSeq>
    </word>
    <word seq="5">the<GreekSeq>4</GreekSeq>
    </word>
    <word seq="6">spirit<GreekSeq>5</GreekSeq>
    </word>
    <word seq="7">of the<GreekSeq>6</GreekSeq>
    </word>
    <word seq="8">world,<GreekSeq>7</GreekSeq>
    </word>
    <word seq="9">but<GreekSeq>9</GreekSeq>
    </word>
    <word seq="10">the<GreekSeq>10</GreekSeq>
    </word>
    <word seq="11">spirit<GreekSeq>11</GreekSeq>
    </word>
    <word seq="12">which<GreekSeq>12</GreekSeq>
    </word>
    <word seq="13">is</word>
    <word seq="14">of<GreekSeq>13</GreekSeq>
    </word>
    <word seq="15">God;<GreekSeq>15</GreekSeq>
    </word>
    <word seq="16">that<GreekSeq>16</GreekSeq>
    </word>
    <word seq="17">we might know<GreekSeq>17</GreekSeq>
    </word>
    <word seq="18">the things<GreekSeq>18</GreekSeq>
    </word>
    <word seq="19">that are freely given<GreekSeq>22</GreekSeq>
    </word>
    <word seq="20">to us<GreekSeq>23</GreekSeq>
    </word>
    <word seq="21">of<GreekSeq>19</GreekSeq>
    </word>
    <word seq="22">God.<GreekSeq>21</GreekSeq>
    </word>
   </KJV>
  </verse>
  <verse number="13">
   <KJV>
    <word seq="1">Which things <GreekSeq>1</GreekSeq>
    </word>
    <word seq="2">also<GreekSeq>2</GreekSeq>
    </word>
    <word seq="3">we speak,<GreekSeq>3</GreekSeq>
    </word>
    <word seq="4">not<GreekSeq>4</GreekSeq>
    </word>
    <word seq="5">in<GreekSeq>5</GreekSeq>
    </word>
    <word seq="6">the words<GreekSeq>9</GreekSeq>
    </word>
    <word seq="7">which<GreekSeq/>
    </word>
    <word seq="8">man's<GreekSeq>7</GreekSeq>
    </word>
    <word seq="9">wisdom<GreekSeq>8</GreekSeq>
    </word>
    <word seq="10">teacheth,<GreekSeq>6</GreekSeq>
    </word>
    <word seq="11">but<GreekSeq>10</GreekSeq>
    </word>
    <word seq="12">which the<GreekSeq/>
    </word>
    <word note="Base of different Greek: Ἁγίου(40)" seq="13">Holy</word>
    <word seq="14">Ghost<GreekSeq>13</GreekSeq>
    </word>
    <word seq="15">teacheth;<GreekSeq>11</GreekSeq>
     <GreekSeq>12</GreekSeq>
    </word>
    <word seq="16">comparing<GreekSeq>16</GreekSeq>
    </word>
    <word seq="17">spiritual [things]<GreekSeq>14</GreekSeq>
    </word>
    <word seq="18">with spiritual.<GreekSeq>15</GreekSeq>
    </word>
   </KJV>
  </verse>
  <verse number="14">
   <KJV>
    <word seq="1">But<GreekSeq>2</GreekSeq>
    </word>
    <word seq="2">the<GreekSeq/>
    </word>
    <word seq="3">[natural]<GreekSeq>1</GreekSeq>
    </word>
    <word seq="4">man<GreekSeq>3</GreekSeq>
    </word>
    <word seq="5">receiveth<GreekSeq>5</GreekSeq>
    </word>
    <word seq="6">not<GreekSeq>4</GreekSeq>
    </word>
    <word seq="7">the things <GreekSeq>6</GreekSeq>
    </word>
    <word seq="8">of the<GreekSeq>7</GreekSeq>
    </word>
    <word seq="9">Spirit<GreekSeq>8</GreekSeq>
    </word>
    <word seq="10">of God:<GreekSeq>10</GreekSeq>
    </word>
    <word seq="11">for<GreekSeq>12</GreekSeq>
    </word>
    <word seq="12">they are<GreekSeq>14</GreekSeq>
    </word>
    <word seq="13">foolishness<GreekSeq>11</GreekSeq>
    </word>
    <word seq="14">unto him:<GreekSeq>13</GreekSeq>
    </word>
    <word seq="15">neither<GreekSeq>15</GreekSeq>
     <GreekSeq>16</GreekSeq>
    </word>
    <word seq="16">can he<GreekSeq>17</GreekSeq>
    </word>
    <word seq="17">know<GreekSeq>18</GreekSeq>
    </word>
    <word seq="18">them,</word>
    <word seq="19">because<GreekSeq>19</GreekSeq>
    </word>
    <word seq="20">they are<GreekSeq>21</GreekSeq>
    </word>
    <word seq="21">spiritually<GreekSeq>20</GreekSeq>
    </word>
    <word seq="22">discerned.<GreekSeq>21</GreekSeq>
    </word>
   </KJV>
  </verse>
  <verse number="15">
   <KJV>
    <word seq="1">But<GreekSeq>2</GreekSeq>
    </word>
    <word seq="2">he<GreekSeq>1</GreekSeq>
    </word>
    <word seq="3">that is</word>
    <word seq="4">spiritual<GreekSeq>3</GreekSeq>
    </word>
    <word seq="5">judgeth<GreekSeq>4</GreekSeq>
    </word>
    <word seq="6">all<GreekSeq>6</GreekSeq>
    </word>
    <word seq="7">things,<GreekSeq>5</GreekSeq>
    </word>
    <word seq="8">yet<GreekSeq>8</GreekSeq>
    </word>
    <word seq="9">he<GreekSeq>11</GreekSeq>
    </word>
    <word seq="10">himself<GreekSeq>7</GreekSeq>
    </word>
    <word seq="11">is judged<GreekSeq>11</GreekSeq>
    </word>
    <word seq="12">of<GreekSeq>9</GreekSeq>
    </word>
    <word seq="13">no man.<GreekSeq>10</GreekSeq>
    </word>
   </KJV>
  </verse>
  <verse number="16">
   <KJV>
    <word seq="1">For<GreekSeq>2</GreekSeq>
    </word>
    <word seq="2">who<GreekSeq>1</GreekSeq>
    </word>
    <word seq="3">hath known<GreekSeq>3</GreekSeq>
    </word>
    <word seq="4">the mind<GreekSeq>4</GreekSeq>
    </word>
    <word seq="5">of the Lord,<GreekSeq>5</GreekSeq>
    </word>
    <word seq="6">that</word>
    <word seq="7">he<GreekSeq>6</GreekSeq>
    </word>
    <word seq="8">may instruct<GreekSeq>7</GreekSeq>
    </word>
    <word seq="9">him?<GreekSeq>8</GreekSeq>
    </word>
    <word seq="10">But<GreekSeq>10</GreekSeq>
    </word>
    <word seq="11">we<GreekSeq>9</GreekSeq>
    </word>
    <word seq="12">have<GreekSeq>13</GreekSeq>
    </word>
    <word seq="13">the mind<GreekSeq>11</GreekSeq>
    </word>
    <word seq="14">of Christ.<GreekSeq>12</GreekSeq>
    </word>
   </KJV>
  </verse>
 </chapter>
</book>
