<?xml version="1.0" encoding="UTF-8" standalone="no"?>
<book>
 <chapter book="null" number="12">
  <verse number="1">
   <KJV>
    <word seq="1">Now<GreekSeq>2</GreekSeq>
    </word>
    <word seq="2">concerning<GreekSeq>1</GreekSeq>
    </word>
    <word seq="3">spiritual [gifts],<GreekSeq>3</GreekSeq>
     <GreekSeq>4</GreekSeq>
    </word>
    <word seq="4">brethren,<GreekSeq>5</GreekSeq>
    </word>
    <word seq="5">I would<GreekSeq>7</GreekSeq>
    </word>
    <word seq="6">not<GreekSeq>6</GreekSeq>
    </word>
    <word seq="7">have<GreekSeq>9</GreekSeq>
    </word>
    <word seq="8">you<GreekSeq>8</GreekSeq>
    </word>
    <word seq="9">ignorant.<GreekSeq>9</GreekSeq>
    </word>
   </KJV>
  </verse>
  <verse number="2">
   <KJV>
    <word seq="1">Ye know<GreekSeq>1</GreekSeq>
    </word>
    <word seq="2">that<GreekSeq>2</GreekSeq>
    </word>
    <word seq="3">ye were<GreekSeq>5</GreekSeq>
    </word>
    <word seq="4">Gentiles,<GreekSeq>4</GreekSeq>
    </word>
    <word seq="5">carried away<GreekSeq>14</GreekSeq>
    </word>
    <word seq="6">unto<GreekSeq>6</GreekSeq>
    </word>
    <word seq="7">these<GreekSeq>7</GreekSeq>
    </word>
    <word seq="8">dumb<GreekSeq>10</GreekSeq>
    </word>
    <word seq="9">idols,<GreekSeq>8</GreekSeq>
    </word>
    <word seq="10">even as<GreekSeq>11</GreekSeq>
    </word>
    <word seq="11">ye were led.<GreekSeq>13</GreekSeq>
    </word>
   </KJV>
  </verse>
  <verse number="3">
   <KJV>
    <word seq="1">Wherefore<GreekSeq>1</GreekSeq>
    </word>
    <word seq="2">I give<GreekSeq>2</GreekSeq>
    </word>
    <word seq="3">you<GreekSeq>3</GreekSeq>
    </word>
    <word seq="4">to understand,<GreekSeq>2</GreekSeq>
    </word>
    <word seq="5">that<GreekSeq>4</GreekSeq>
    </word>
    <word seq="6">no man<GreekSeq>5</GreekSeq>
    </word>
    <word seq="7">speaking<GreekSeq>9</GreekSeq>
    </word>
    <word seq="8">by<GreekSeq>6</GreekSeq>
    </word>
    <word seq="9">the Spirit<GreekSeq>7</GreekSeq>
    </word>
    <word seq="10">of God<GreekSeq>8</GreekSeq>
    </word>
    <word seq="11">calleth<GreekSeq>10</GreekSeq>
    </word>
    <word seq="12">Jesus<GreekSeq>12</GreekSeq>
    </word>
    <word seq="13">accursed:<GreekSeq>11</GreekSeq>
    </word>
    <word seq="14">and<GreekSeq>13</GreekSeq>
    </word>
    <word seq="15">that</word>
    <word seq="16">no man<GreekSeq>14</GreekSeq>
    </word>
    <word seq="17">can<GreekSeq>15</GreekSeq>
    </word>
    <word seq="18">say<GreekSeq>16</GreekSeq>
    </word>
    <word seq="19">that</word>
    <word seq="20">Jesus<GreekSeq>18</GreekSeq>
    </word>
    <word seq="21">is</word>
    <word seq="22">the Lord,<GreekSeq>17</GreekSeq>
    </word>
    <word note="εἰ μή Strong Code (1508)" seq="23">but<GreekSeq>19</GreekSeq>
     <GreekSeq>20</GreekSeq>
    </word>
    <word seq="24">by<GreekSeq>21</GreekSeq>
    </word>
    <word seq="25">the<GreekSeq/>
    </word>
    <word seq="26">Holy<GreekSeq>23</GreekSeq>
    </word>
    <word seq="27">Ghost.<GreekSeq>22</GreekSeq>
    </word>
   </KJV>
  </verse>
  <verse number="4">
   <KJV>
    <word seq="1">Now<GreekSeq>2</GreekSeq>
    </word>
    <word seq="2">there are<GreekSeq>4</GreekSeq>
    </word>
    <word seq="3">diversities<GreekSeq>1</GreekSeq>
    </word>
    <word seq="4">of gifts,<GreekSeq>3</GreekSeq>
    </word>
    <word seq="5">but<GreekSeq>6</GreekSeq>
    </word>
    <word seq="6">the<GreekSeq>5</GreekSeq>
    </word>
    <word seq="7">same<GreekSeq>7</GreekSeq>
    </word>
    <word seq="8">Spirit.<GreekSeq>8</GreekSeq>
    </word>
   </KJV>
  </verse>
  <verse number="5">
   <KJV>
    <word seq="1">And<GreekSeq>1</GreekSeq>
    </word>
    <word seq="2">there are<GreekSeq>4</GreekSeq>
    </word>
    <word seq="3">differences<GreekSeq>2</GreekSeq>
    </word>
    <word seq="4">of administrations,<GreekSeq>3</GreekSeq>
    </word>
    <word seq="5">but<GreekSeq>5</GreekSeq>
    </word>
    <word seq="6">the<GreekSeq>6</GreekSeq>
    </word>
    <word seq="7">same<GreekSeq>7</GreekSeq>
    </word>
    <word seq="8">Lord.<GreekSeq>8</GreekSeq>
    </word>
   </KJV>
  </verse>
  <verse number="6">
   <KJV>
    <word seq="1">And<GreekSeq>1</GreekSeq>
    </word>
    <word seq="2">there are<GreekSeq>4</GreekSeq>
    </word>
    <word seq="3">diversities<GreekSeq>2</GreekSeq>
    </word>
    <word seq="4">of operations,<GreekSeq>3</GreekSeq>
    </word>
    <word seq="5">but<GreekSeq>6</GreekSeq>
    </word>
    <word note="Base of different Greek: ἐστι(2076)" seq="6">it is</word>
    <word seq="7">the<GreekSeq>5</GreekSeq>
    </word>
    <word seq="8">same<GreekSeq>7</GreekSeq>
    </word>
    <word seq="9">God<GreekSeq>8</GreekSeq>
    </word>
    <word seq="10">which worketh<GreekSeq>10</GreekSeq>
    </word>
    <word seq="11">all<GreekSeq>12</GreekSeq>
    </word>
    <word seq="12">in<GreekSeq>13</GreekSeq>
    </word>
    <word seq="13">all.<GreekSeq>14</GreekSeq>
    </word>
   </KJV>
  </verse>
  <verse number="7">
   <KJV>
    <word seq="1">But<GreekSeq>2</GreekSeq>
    </word>
    <word seq="2">the<GreekSeq>4</GreekSeq>
    </word>
    <word seq="3">manifestation<GreekSeq>5</GreekSeq>
    </word>
    <word seq="4">of the<GreekSeq>6</GreekSeq>
    </word>
    <word seq="5">Spirit<GreekSeq>7</GreekSeq>
    </word>
    <word seq="6">is given<GreekSeq>3</GreekSeq>
    </word>
    <word seq="7">to every man<GreekSeq>1</GreekSeq>
    </word>
    <word seq="8">to<GreekSeq>8</GreekSeq>
    </word>
    <word seq="9">profit withal.<GreekSeq>10</GreekSeq>
    </word>
   </KJV>
  </verse>
  <verse number="8">
   <KJV>
    <word seq="1">For<GreekSeq>3</GreekSeq>
    </word>
    <word seq="2">to one<GreekSeq>1</GreekSeq>
    </word>
    <word seq="3">is given<GreekSeq>7</GreekSeq>
    </word>
    <word seq="4">by<GreekSeq>4</GreekSeq>
    </word>
    <word seq="5">the<GreekSeq>5</GreekSeq>
    </word>
    <word seq="6">Spirit<GreekSeq>6</GreekSeq>
    </word>
    <word seq="7">the word<GreekSeq>8</GreekSeq>
    </word>
    <word seq="8">of wisdom;<GreekSeq>9</GreekSeq>
    </word>
    <word seq="9">to another<GreekSeq>10</GreekSeq>
    </word>
    <word seq="10">the word<GreekSeq>12</GreekSeq>
    </word>
    <word seq="11">of knowledge<GreekSeq>13</GreekSeq>
    </word>
    <word seq="12">by<GreekSeq>14</GreekSeq>
    </word>
    <word seq="13">the<GreekSeq>15</GreekSeq>
    </word>
    <word seq="14">same<GreekSeq>16</GreekSeq>
    </word>
    <word seq="15">Spirit;<GreekSeq>17</GreekSeq>
    </word>
   </KJV>
  </verse>
  <verse number="9">
   <KJV>
    <word seq="1">To another<GreekSeq>1</GreekSeq>
    </word>
    <word seq="2">faith<GreekSeq>2</GreekSeq>
    </word>
    <word seq="3">by<GreekSeq>3</GreekSeq>
    </word>
    <word seq="4">the<GreekSeq>4</GreekSeq>
    </word>
    <word seq="5">same<GreekSeq>5</GreekSeq>
    </word>
    <word seq="6">Spirit;<GreekSeq>6</GreekSeq>
    </word>
    <word seq="7">to another<GreekSeq>7</GreekSeq>
    </word>
    <word seq="8">the gifts<GreekSeq>9</GreekSeq>
    </word>
    <word seq="9">of healing<GreekSeq>10</GreekSeq>
    </word>
    <word seq="10">by<GreekSeq>11</GreekSeq>
    </word>
    <word seq="11">the<GreekSeq>12</GreekSeq>
    </word>
    <word note="Base of different Greek: αὐτῷ(846)" seq="12">same<GreekSeq>13</GreekSeq>
    </word>
    <word seq="13">Spirit;<GreekSeq>14</GreekSeq>
    </word>
   </KJV>
  </verse>
  <verse number="10">
   <KJV>
    <word seq="1">To another<GreekSeq>1</GreekSeq>
    </word>
    <word seq="2">the working<GreekSeq>3</GreekSeq>
    </word>
    <word seq="3">of miracles;<GreekSeq>4</GreekSeq>
    </word>
    <word seq="4">to another<GreekSeq>5</GreekSeq>
    </word>
    <word seq="5">prophecy;<GreekSeq>7</GreekSeq>
    </word>
    <word seq="6">to another<GreekSeq>8</GreekSeq>
    </word>
    <word seq="7">discerning<GreekSeq>10</GreekSeq>
    </word>
    <word seq="8">of spirits;<GreekSeq>11</GreekSeq>
    </word>
    <word seq="9">to another<GreekSeq>12</GreekSeq>
    </word>
    <word seq="10">divers kinds<GreekSeq>13</GreekSeq>
    </word>
    <word seq="11">of tongues;<GreekSeq>14</GreekSeq>
    </word>
    <word seq="12">to another<GreekSeq>15</GreekSeq>
    </word>
    <word seq="13">the interpretation<GreekSeq>17</GreekSeq>
    </word>
    <word seq="14">of tongues:<GreekSeq>18</GreekSeq>
    </word>
   </KJV>
  </verse>
  <verse number="11">
   <KJV>
    <word seq="1">But<GreekSeq>2</GreekSeq>
    </word>
    <word seq="2">all<GreekSeq>1</GreekSeq>
    </word>
    <word seq="3">these<GreekSeq>3</GreekSeq>
    </word>
    <word seq="4">worketh<GreekSeq>4</GreekSeq>
    </word>
    <word seq="5">that<GreekSeq>5</GreekSeq>
    </word>
    <word seq="6">one<GreekSeq>6</GreekSeq>
    </word>
    <word seq="7">and<GreekSeq>7</GreekSeq>
    </word>
    <word seq="8">the<GreekSeq>8</GreekSeq>
    </word>
    <word seq="9">selfsame<GreekSeq>9</GreekSeq>
    </word>
    <word seq="10">Spirit,<GreekSeq>10</GreekSeq>
    </word>
    <word seq="11">dividing<GreekSeq>11</GreekSeq>
    </word>
    <word seq="12">to every man<GreekSeq>13</GreekSeq>
    </word>
    <word seq="13">severally<GreekSeq>12</GreekSeq>
    </word>
    <word seq="14">as<GreekSeq>14</GreekSeq>
    </word>
    <word seq="15">he will.<GreekSeq>15</GreekSeq>
    </word>
   </KJV>
  </verse>
  <verse number="12">
   <KJV>
    <word seq="1">For<GreekSeq>2</GreekSeq>
    </word>
    <word seq="2">as<GreekSeq>1</GreekSeq>
    </word>
    <word seq="3">the<GreekSeq>3</GreekSeq>
    </word>
    <word seq="4">body<GreekSeq>4</GreekSeq>
    </word>
    <word seq="5">is<GreekSeq>6</GreekSeq>
    </word>
    <word seq="6">one,<GreekSeq>5</GreekSeq>
    </word>
    <word seq="7">and<GreekSeq>7</GreekSeq>
    </word>
    <word seq="8">hath<GreekSeq>10</GreekSeq>
    </word>
    <word seq="9">many<GreekSeq>9</GreekSeq>
    </word>
    <word seq="10">members,<GreekSeq>8</GreekSeq>
    </word>
    <word seq="11">and<GreekSeq>12</GreekSeq>
    </word>
    <word seq="12">all<GreekSeq>11</GreekSeq>
    </word>
    <word seq="13">the<GreekSeq>13</GreekSeq>
    </word>
    <word seq="14">members<GreekSeq>14</GreekSeq>
    </word>
    <word seq="15">of that <GreekSeq>15</GreekSeq>
    </word>
    <word note="Base of different Greek: ἕν(1520)" seq="16">one</word>
    <word seq="17">body,<GreekSeq>16</GreekSeq>
    </word>
    <word seq="18">being<GreekSeq>18</GreekSeq>
    </word>
    <word seq="19">many,<GreekSeq>17</GreekSeq>
    </word>
    <word seq="20">are<GreekSeq>20</GreekSeq>
    </word>
    <word seq="21">one<GreekSeq>19</GreekSeq>
    </word>
    <word seq="22">body:<GreekSeq>21</GreekSeq>
    </word>
    <word seq="23">so<GreekSeq>22</GreekSeq>
    </word>
    <word seq="24">also<GreekSeq>23</GreekSeq>
    </word>
    <word seq="25">is</word>
    <word seq="26">Christ.<GreekSeq>25</GreekSeq>
    </word>
   </KJV>
  </verse>
  <verse number="13">
   <KJV>
    <word seq="1">For<GreekSeq>2</GreekSeq>
    </word>
    <word seq="2">by<GreekSeq>3</GreekSeq>
    </word>
    <word seq="3">one<GreekSeq>4</GreekSeq>
    </word>
    <word seq="4">Spirit<GreekSeq>5</GreekSeq>
    </word>
    <word seq="5">are<GreekSeq/>
    </word>
    <word seq="6">we<GreekSeq>6</GreekSeq>
    </word>
    <word seq="7">all<GreekSeq>7</GreekSeq>
    </word>
    <word seq="8">baptized<GreekSeq>11</GreekSeq>
    </word>
    <word seq="9">into<GreekSeq>8</GreekSeq>
    </word>
    <word seq="10">one<GreekSeq>9</GreekSeq>
    </word>
    <word seq="11">body,<GreekSeq>10</GreekSeq>
    </word>
    <word seq="12">whether<GreekSeq>12</GreekSeq>
    </word>
    <word seq="13">we be</word>
    <word seq="14">Jews<GreekSeq>13</GreekSeq>
    </word>
    <word seq="15">or<GreekSeq>14</GreekSeq>
    </word>
    <word seq="16">[Gentiles],<GreekSeq>15</GreekSeq>
    </word>
    <word seq="17">whether<GreekSeq>16</GreekSeq>
    </word>
    <word seq="18">we be</word>
    <word seq="19">bond<GreekSeq>17</GreekSeq>
    </word>
    <word seq="20">or<GreekSeq>18</GreekSeq>
    </word>
    <word seq="21">free;<GreekSeq>19</GreekSeq>
    </word>
    <word seq="22">and<GreekSeq>20</GreekSeq>
    </word>
    <word seq="23">have been<GreekSeq>24</GreekSeq>
    </word>
    <word seq="24">all<GreekSeq>21</GreekSeq>
    </word>
    <word seq="25">made to drink<GreekSeq>24</GreekSeq>
    </word>
    <word note="Base of different Greek: εἰς(1519)" seq="26">into</word>
    <word seq="27">one<GreekSeq>22</GreekSeq>
    </word>
    <word seq="28">Spirit.<GreekSeq>23</GreekSeq>
    </word>
   </KJV>
  </verse>
  <verse number="14">
   <KJV>
    <word seq="1">For<GreekSeq>2</GreekSeq>
    </word>
    <word seq="2">the<GreekSeq>3</GreekSeq>
    </word>
    <word seq="3">body<GreekSeq>4</GreekSeq>
    </word>
    <word seq="4">is<GreekSeq>6</GreekSeq>
    </word>
    <word seq="5">not<GreekSeq>5</GreekSeq>
    </word>
    <word seq="6">one<GreekSeq>7</GreekSeq>
    </word>
    <word seq="7">member,<GreekSeq>8</GreekSeq>
    </word>
    <word seq="8">but<GreekSeq>9</GreekSeq>
    </word>
    <word seq="9">many.<GreekSeq>10</GreekSeq>
    </word>
   </KJV>
  </verse>
  <verse number="15">
   <KJV>
    <word seq="1">If<GreekSeq>1</GreekSeq>
    </word>
    <word seq="2">the<GreekSeq>3</GreekSeq>
    </word>
    <word seq="3">foot<GreekSeq>4</GreekSeq>
    </word>
    <word seq="4">shall say,<GreekSeq>2</GreekSeq>
    </word>
    <word seq="5">Because<GreekSeq>5</GreekSeq>
    </word>
    <word seq="6">I am<GreekSeq>7</GreekSeq>
    </word>
    <word seq="7">not<GreekSeq>6</GreekSeq>
    </word>
    <word seq="8">the hand,<GreekSeq>8</GreekSeq>
    </word>
    <word seq="9">I am<GreekSeq>10</GreekSeq>
    </word>
    <word seq="10">not<GreekSeq>9</GreekSeq>
    </word>
    <word seq="11">of<GreekSeq>11</GreekSeq>
    </word>
    <word seq="12">the<GreekSeq>12</GreekSeq>
    </word>
    <word seq="13">body;<GreekSeq>13</GreekSeq>
    </word>
    <word seq="14">is it<GreekSeq>18</GreekSeq>
    </word>
    <word seq="15">therefore<GreekSeq>15</GreekSeq>
     <GreekSeq>16</GreekSeq>
    </word>
    <word seq="16">not<GreekSeq>17</GreekSeq>
    </word>
    <word seq="17">of<GreekSeq>19</GreekSeq>
    </word>
    <word seq="18">the<GreekSeq>20</GreekSeq>
    </word>
    <word seq="19">body?<GreekSeq>21</GreekSeq>
    </word>
   </KJV>
  </verse>
  <verse number="16">
   <KJV>
    <word seq="1">And<GreekSeq>1</GreekSeq>
    </word>
    <word seq="2">if<GreekSeq>2</GreekSeq>
    </word>
    <word seq="3">the<GreekSeq>4</GreekSeq>
    </word>
    <word seq="4">ear<GreekSeq>5</GreekSeq>
    </word>
    <word seq="5">shall say,<GreekSeq>3</GreekSeq>
    </word>
    <word seq="6">Because<GreekSeq>6</GreekSeq>
    </word>
    <word seq="7">I am<GreekSeq>8</GreekSeq>
    </word>
    <word seq="8">not<GreekSeq>7</GreekSeq>
    </word>
    <word seq="9">the eye,<GreekSeq>9</GreekSeq>
    </word>
    <word seq="10">I am<GreekSeq>11</GreekSeq>
    </word>
    <word seq="11">not<GreekSeq>10</GreekSeq>
    </word>
    <word seq="12">of<GreekSeq>12</GreekSeq>
    </word>
    <word seq="13">the<GreekSeq>13</GreekSeq>
    </word>
    <word seq="14">body;<GreekSeq>14</GreekSeq>
    </word>
    <word seq="15">is it<GreekSeq>19</GreekSeq>
    </word>
    <word seq="16">therefore<GreekSeq>16</GreekSeq>
     <GreekSeq>17</GreekSeq>
    </word>
    <word seq="17">not<GreekSeq>18</GreekSeq>
    </word>
    <word seq="18">of<GreekSeq>20</GreekSeq>
    </word>
    <word seq="19">the<GreekSeq>21</GreekSeq>
    </word>
    <word seq="20">body?<GreekSeq>22</GreekSeq>
    </word>
   </KJV>
  </verse>
  <verse number="17">
   <KJV>
    <word seq="1">If<GreekSeq>1</GreekSeq>
    </word>
    <word seq="2">the<GreekSeq>3</GreekSeq>
    </word>
    <word seq="3">whole<GreekSeq>2</GreekSeq>
    </word>
    <word seq="4">body<GreekSeq>4</GreekSeq>
    </word>
    <word seq="5">were</word>
    <word seq="6">an eye,<GreekSeq>5</GreekSeq>
    </word>
    <word seq="7">where<GreekSeq>6</GreekSeq>
    </word>
    <word seq="8">were</word>
    <word seq="9">the<GreekSeq>7</GreekSeq>
    </word>
    <word seq="10">hearing?<GreekSeq>8</GreekSeq>
    </word>
    <word seq="11">If<GreekSeq>9</GreekSeq>
    </word>
    <word seq="12">the</word>
    <word seq="13">whole<GreekSeq>10</GreekSeq>
    </word>
    <word seq="14">were</word>
    <word seq="15">hearing,<GreekSeq>11</GreekSeq>
    </word>
    <word seq="16">where<GreekSeq>12</GreekSeq>
    </word>
    <word seq="17">were</word>
    <word seq="18">the<GreekSeq>13</GreekSeq>
    </word>
    <word seq="19">smelling?<GreekSeq>14</GreekSeq>
    </word>
   </KJV>
  </verse>
  <verse number="18">
   <KJV>
    <word seq="1">But<GreekSeq>2</GreekSeq>
    </word>
    <word seq="2">now<GreekSeq>1</GreekSeq>
    </word>
    <word seq="3">hath<GreekSeq>5</GreekSeq>
    </word>
    <word seq="4">God<GreekSeq>4</GreekSeq>
    </word>
    <word seq="5">set<GreekSeq>5</GreekSeq>
    </word>
    <word seq="6">the<GreekSeq>6</GreekSeq>
    </word>
    <word seq="7">members<GreekSeq>7</GreekSeq>
    </word>
    <word seq="8">every<GreekSeq>9</GreekSeq>
    </word>
    <word seq="9">one<GreekSeq>8</GreekSeq>
    </word>
    <word seq="10">of them<GreekSeq>10</GreekSeq>
    </word>
    <word seq="11">in<GreekSeq>11</GreekSeq>
    </word>
    <word seq="12">the<GreekSeq>12</GreekSeq>
    </word>
    <word seq="13">body,<GreekSeq>13</GreekSeq>
    </word>
    <word seq="14">as<GreekSeq>14</GreekSeq>
    </word>
    <word seq="15">it hath pleased him.<GreekSeq>15</GreekSeq>
    </word>
   </KJV>
  </verse>
  <verse number="19">
   <KJV>
    <word seq="1">And<GreekSeq>2</GreekSeq>
    </word>
    <word seq="2">if<GreekSeq>1</GreekSeq>
    </word>
    <word seq="3">they were<GreekSeq>3</GreekSeq>
    </word>
    <word seq="4">all<GreekSeq>5</GreekSeq>
    </word>
    <word seq="5">one<GreekSeq>6</GreekSeq>
    </word>
    <word seq="6">member,<GreekSeq>7</GreekSeq>
    </word>
    <word seq="7">where<GreekSeq>8</GreekSeq>
    </word>
    <word seq="8">were</word>
    <word seq="9">the<GreekSeq>9</GreekSeq>
    </word>
    <word seq="10">body?<GreekSeq>10</GreekSeq>
    </word>
   </KJV>
  </verse>
  <verse number="20">
   <KJV>
    <word seq="1">But<GreekSeq>2</GreekSeq>
    </word>
    <word seq="2">now<GreekSeq>1</GreekSeq>
    </word>
    <word seq="3">are they</word>
    <word seq="4">many<GreekSeq>3</GreekSeq>
    </word>
    <word seq="5">members,<GreekSeq>5</GreekSeq>
    </word>
    <word seq="6">yet but <GreekSeq>7</GreekSeq>
    </word>
    <word seq="7">one<GreekSeq>6</GreekSeq>
    </word>
    <word seq="8">body.<GreekSeq>8</GreekSeq>
    </word>
   </KJV>
  </verse>
  <verse number="21">
   <KJV>
    <word seq="1">And<GreekSeq>3</GreekSeq>
    </word>
    <word seq="2">the<GreekSeq>4</GreekSeq>
    </word>
    <word seq="3">eye<GreekSeq>5</GreekSeq>
    </word>
    <word seq="4">cannot<GreekSeq>1</GreekSeq>
     <GreekSeq>2</GreekSeq>
    </word>
    <word seq="5">say<GreekSeq>6</GreekSeq>
    </word>
    <word seq="6">unto the<GreekSeq>7</GreekSeq>
    </word>
    <word seq="7">hand,<GreekSeq>8</GreekSeq>
    </word>
    <word seq="8">I have<GreekSeq>12</GreekSeq>
    </word>
    <word seq="9">no<GreekSeq>11</GreekSeq>
    </word>
    <word seq="10">need<GreekSeq>9</GreekSeq>
    </word>
    <word seq="11">of thee:<GreekSeq>10</GreekSeq>
    </word>
    <word seq="12">nor<GreekSeq>13</GreekSeq>
    </word>
    <word seq="13">again<GreekSeq>14</GreekSeq>
    </word>
    <word seq="14">the<GreekSeq>15</GreekSeq>
    </word>
    <word seq="15">head<GreekSeq>16</GreekSeq>
    </word>
    <word seq="16">to the<GreekSeq>17</GreekSeq>
    </word>
    <word seq="17">feet,<GreekSeq>18</GreekSeq>
    </word>
    <word seq="18">I have<GreekSeq>22</GreekSeq>
    </word>
    <word seq="19">no<GreekSeq>21</GreekSeq>
    </word>
    <word seq="20">need<GreekSeq>19</GreekSeq>
    </word>
    <word seq="21">of you.<GreekSeq>20</GreekSeq>
    </word>
   </KJV>
  </verse>
  <verse number="22">
   <KJV>
    <word seq="1">Nay,<GreekSeq>1</GreekSeq>
    </word>
    <word seq="2">much<GreekSeq>2</GreekSeq>
    </word>
    <word seq="3">more<GreekSeq>3</GreekSeq>
    </word>
    <word seq="4">those<GreekSeq>4</GreekSeq>
    </word>
    <word seq="5">members<GreekSeq>6</GreekSeq>
    </word>
    <word seq="6">of the<GreekSeq>7</GreekSeq>
    </word>
    <word seq="7">body,<GreekSeq>8</GreekSeq>
    </word>
    <word seq="8">which seem<GreekSeq>5</GreekSeq>
    </word>
    <word seq="9">to be<GreekSeq>10</GreekSeq>
    </word>
    <word seq="10">more feeble,<GreekSeq>9</GreekSeq>
    </word>
    <word seq="11">are<GreekSeq>12</GreekSeq>
    </word>
    <word seq="12">necessary:<GreekSeq>11</GreekSeq>
    </word>
   </KJV>
  </verse>
  <verse number="23">
   <KJV>
    <word seq="1">And<GreekSeq>1</GreekSeq>
    </word>
    <word seq="2">those [members]<GreekSeq>2</GreekSeq>
    </word>
    <word seq="3">of the<GreekSeq>6</GreekSeq>
    </word>
    <word seq="4">body,<GreekSeq>7</GreekSeq>
    </word>
    <word seq="5">which</word>
    <word seq="6">we think<GreekSeq>3</GreekSeq>
    </word>
    <word seq="7">to be<GreekSeq>5</GreekSeq>
    </word>
    <word seq="8">less honourable,<GreekSeq>4</GreekSeq>
    </word>
    <word seq="9">upon these<GreekSeq>8</GreekSeq>
    </word>
    <word seq="10">we bestow<GreekSeq>11</GreekSeq>
    </word>
    <word seq="11">more abundant<GreekSeq>10</GreekSeq>
    </word>
    <word seq="12">honour;<GreekSeq>9</GreekSeq>
    </word>
    <word seq="13">and<GreekSeq>12</GreekSeq>
    </word>
    <word seq="14">our<GreekSeq>15</GreekSeq>
    </word>
    <word seq="15">uncomely parts<GreekSeq>13</GreekSeq>
     <GreekSeq>14</GreekSeq>
    </word>
    <word seq="16">have<GreekSeq>18</GreekSeq>
    </word>
    <word seq="17">more abundant<GreekSeq>17</GreekSeq>
    </word>
    <word seq="18">comeliness.<GreekSeq>16</GreekSeq>
    </word>
   </KJV>
  </verse>
  <verse number="24">
   <KJV>
    <word seq="1">For<GreekSeq>2</GreekSeq>
    </word>
    <word seq="2">our<GreekSeq>4</GreekSeq>
    </word>
    <word seq="3">comely [parts]<GreekSeq>1</GreekSeq>
     <GreekSeq>3</GreekSeq>
    </word>
    <word seq="4">have<GreekSeq>7</GreekSeq>
    </word>
    <word seq="5">no<GreekSeq>5</GreekSeq>
    </word>
    <word seq="6">need:<GreekSeq>6</GreekSeq>
    </word>
    <word seq="7">but<GreekSeq>8</GreekSeq>
    </word>
    <word seq="8">God<GreekSeq>10</GreekSeq>
    </word>
    <word seq="9">hath tempered<GreekSeq>11</GreekSeq>
    </word>
    <word seq="10">the<GreekSeq>12</GreekSeq>
    </word>
    <word seq="11">body<GreekSeq>13</GreekSeq>
    </word>
    <word seq="12">together,<GreekSeq>11</GreekSeq>
    </word>
    <word seq="13">having given<GreekSeq>17</GreekSeq>
    </word>
    <word seq="14">more abundant<GreekSeq>16</GreekSeq>
    </word>
    <word seq="15">honour<GreekSeq>18</GreekSeq>
    </word>
    <word seq="16">to that [part]<GreekSeq>14</GreekSeq>
    </word>
    <word seq="17">which lacked:<GreekSeq>15</GreekSeq>
    </word>
   </KJV>
  </verse>
  <verse number="25">
   <KJV>
    <word seq="1">That<GreekSeq>1</GreekSeq>
    </word>
    <word seq="2">there should be<GreekSeq>3</GreekSeq>
    </word>
    <word seq="3">no<GreekSeq>2</GreekSeq>
    </word>
    <word seq="4">schism<GreekSeq>4</GreekSeq>
    </word>
    <word seq="5">in<GreekSeq>5</GreekSeq>
    </word>
    <word seq="6">the<GreekSeq>6</GreekSeq>
    </word>
    <word seq="7">body;<GreekSeq>7</GreekSeq>
    </word>
    <word seq="8">but<GreekSeq>8</GreekSeq>
    </word>
    <word seq="9">that</word>
    <word seq="10">the<GreekSeq>14</GreekSeq>
    </word>
    <word seq="11">members<GreekSeq>15</GreekSeq>
    </word>
    <word seq="12">should have<GreekSeq>13</GreekSeq>
    </word>
    <word seq="13">the<GreekSeq>9</GreekSeq>
    </word>
    <word seq="14">same<GreekSeq>10</GreekSeq>
    </word>
    <word seq="15">care<GreekSeq>13</GreekSeq>
    </word>
    <word seq="16">one for another.<GreekSeq>11</GreekSeq>
     <GreekSeq>12</GreekSeq>
    </word>
   </KJV>
  </verse>
  <verse number="26">
   <KJV>
    <word seq="1">And<GreekSeq>1</GreekSeq>
    </word>
    <word seq="2">whether<GreekSeq>2</GreekSeq>
    </word>
    <word seq="3">one<GreekSeq>4</GreekSeq>
    </word>
    <word seq="4">member<GreekSeq>5</GreekSeq>
    </word>
    <word seq="5">suffer,<GreekSeq>3</GreekSeq>
    </word>
    <word seq="6">all<GreekSeq>7</GreekSeq>
    </word>
    <word seq="7">the<GreekSeq>8</GreekSeq>
    </word>
    <word seq="8">members<GreekSeq>9</GreekSeq>
    </word>
    <word seq="9">suffer with [it];<GreekSeq>6</GreekSeq>
    </word>
    <word seq="10">or<GreekSeq>10</GreekSeq>
    </word>
    <word seq="11">one<GreekSeq>12</GreekSeq>
    </word>
    <word seq="12">member<GreekSeq>13</GreekSeq>
    </word>
    <word seq="13">be honoured,<GreekSeq>11</GreekSeq>
    </word>
    <word seq="14">all<GreekSeq>15</GreekSeq>
    </word>
    <word seq="15">the<GreekSeq>16</GreekSeq>
    </word>
    <word seq="16">members<GreekSeq>17</GreekSeq>
    </word>
    <word seq="17">rejoice with [it].<GreekSeq>14</GreekSeq>
    </word>
   </KJV>
  </verse>
  <verse number="27">
   <KJV>
    <word seq="1">Now<GreekSeq>2</GreekSeq>
    </word>
    <word seq="2">ye<GreekSeq>1</GreekSeq>
    </word>
    <word seq="3">are<GreekSeq>3</GreekSeq>
    </word>
    <word seq="4">the body<GreekSeq>4</GreekSeq>
    </word>
    <word seq="5">of Christ,<GreekSeq>5</GreekSeq>
    </word>
    <word seq="6">and<GreekSeq>6</GreekSeq>
    </word>
    <word seq="7">members<GreekSeq>7</GreekSeq>
    </word>
    <word seq="8">in particular.<GreekSeq>8</GreekSeq>
     <GreekSeq>9</GreekSeq>
    </word>
   </KJV>
  </verse>
  <verse number="28">
   <KJV>
    <word seq="1">And<GreekSeq>1</GreekSeq>
    </word>
    <word seq="2">God<GreekSeq>6</GreekSeq>
    </word>
    <word seq="3">hath set<GreekSeq>4</GreekSeq>
    </word>
    <word seq="4">some<GreekSeq>2</GreekSeq>
    </word>
    <word seq="5">in<GreekSeq>7</GreekSeq>
    </word>
    <word seq="6">the<GreekSeq>8</GreekSeq>
    </word>
    <word seq="7">church,<GreekSeq>9</GreekSeq>
    </word>
    <word seq="8">first<GreekSeq>10</GreekSeq>
    </word>
    <word seq="9">apostles,<GreekSeq>11</GreekSeq>
    </word>
    <word seq="10">secondarily<GreekSeq>12</GreekSeq>
    </word>
    <word seq="11">prophets,<GreekSeq>13</GreekSeq>
    </word>
    <word seq="12">thirdly<GreekSeq>14</GreekSeq>
    </word>
    <word seq="13">teachers,<GreekSeq>15</GreekSeq>
    </word>
    <word seq="14">after that<GreekSeq>16</GreekSeq>
    </word>
    <word seq="15">miracles,<GreekSeq>17</GreekSeq>
    </word>
    <word note="Base of different Greek: εἶτα(1534)" seq="16">then<GreekSeq>18</GreekSeq>
    </word>
    <word seq="17">gifts<GreekSeq>19</GreekSeq>
    </word>
    <word seq="18">of healings,<GreekSeq>20</GreekSeq>
    </word>
    <word seq="19">helps,<GreekSeq>21</GreekSeq>
    </word>
    <word seq="20">governments,<GreekSeq>22</GreekSeq>
    </word>
    <word seq="21">diversities<GreekSeq>23</GreekSeq>
    </word>
    <word seq="22">of tongues.<GreekSeq>24</GreekSeq>
    </word>
   </KJV>
  </verse>
  <verse number="29">
   <KJV>
    <word seq="1">Are</word>
    <word seq="2">all<GreekSeq>2</GreekSeq>
    </word>
    <word seq="3">apostles?<GreekSeq>3</GreekSeq>
    </word>
    <word seq="4">are</word>
    <word seq="5">all<GreekSeq>5</GreekSeq>
    </word>
    <word seq="6">prophets?<GreekSeq>6</GreekSeq>
    </word>
    <word seq="7">are</word>
    <word seq="8">all<GreekSeq>8</GreekSeq>
    </word>
    <word seq="9">teachers?<GreekSeq>9</GreekSeq>
    </word>
    <word seq="10">are</word>
    <word seq="11">all<GreekSeq>11</GreekSeq>
    </word>
    <word seq="12">[workers of] miracles?<GreekSeq>12</GreekSeq>
    </word>
   </KJV>
  </verse>
  <verse number="30">
   <KJV>
    <word seq="1">Have<GreekSeq>4</GreekSeq>
    </word>
    <word seq="2">all<GreekSeq>2</GreekSeq>
    </word>
    <word seq="3">the gifts<GreekSeq>3</GreekSeq>
    </word>
    <word seq="4">of healing?<GreekSeq>5</GreekSeq>
    </word>
    <word seq="5">do<GreekSeq/>
    </word>
    <word seq="6">all<GreekSeq>7</GreekSeq>
    </word>
    <word seq="7">speak<GreekSeq>9</GreekSeq>
    </word>
    <word seq="8">with tongues?<GreekSeq>8</GreekSeq>
    </word>
    <word seq="9">do<GreekSeq/>
    </word>
    <word seq="10">all<GreekSeq>11</GreekSeq>
    </word>
    <word seq="11">interpret?<GreekSeq>12</GreekSeq>
    </word>
   </KJV>
  </verse>
  <verse number="31">
   <KJV>
    <word seq="1">But<GreekSeq>2</GreekSeq>
    </word>
    <word seq="2">covet earnestly<GreekSeq>1</GreekSeq>
    </word>
    <word seq="3">the<GreekSeq>3</GreekSeq>
    </word>
    <word note="Base of different Greek:  κρείττονα(2909)" seq="4">best<GreekSeq>6</GreekSeq>
    </word>
    <word seq="5">gifts:<GreekSeq>4</GreekSeq>
    </word>
    <word seq="6">and<GreekSeq>7</GreekSeq>
    </word>
    <word seq="7">yet<GreekSeq>8</GreekSeq>
    </word>
    <word seq="8">shew I<GreekSeq>13</GreekSeq>
    </word>
    <word seq="9">unto you<GreekSeq>12</GreekSeq>
    </word>
    <word seq="10">a more excellent<GreekSeq>9</GreekSeq>
     <GreekSeq>10</GreekSeq>
    </word>
    <word seq="11">way.<GreekSeq>11</GreekSeq>
    </word>
   </KJV>
  </verse>
 </chapter>
</book>
