<?xml version="1.0" encoding="UTF-8" standalone="no"?>
<book>
 <chapter book="null" number="1">
  <verse number="1">
   <KJV>
    <word seq="1">Paul,<GreekSeq>1</GreekSeq>
    </word>
    <word seq="2">called<GreekSeq>2</GreekSeq>
    </word>
    <word seq="3">to be</word>
    <word seq="4">an apostle<GreekSeq>3</GreekSeq>
    </word>
    <word seq="5">of Jesus<GreekSeq>5</GreekSeq>
    </word>
    <word seq="6">Christ<GreekSeq>4</GreekSeq>
    </word>
    <word seq="7">through<GreekSeq>6</GreekSeq>
    </word>
    <word seq="8">the will<GreekSeq>7</GreekSeq>
    </word>
    <word seq="9">of God,<GreekSeq>8</GreekSeq>
    </word>
    <word seq="10">and<GreekSeq>9</GreekSeq>
    </word>
    <word seq="11">Sosthenes<GreekSeq>10</GreekSeq>
    </word>
    <word seq="12">our</word>
    <word seq="13">brother,<GreekSeq>12</GreekSeq>
    </word>
   </KJV>
  </verse>
  <verse number="2">
   <KJV>
    <word seq="1">Unto the<GreekSeq>1</GreekSeq>
    </word>
    <word seq="2">church<GreekSeq>2</GreekSeq>
    </word>
    <word seq="3">of God<GreekSeq>4</GreekSeq>
    </word>
    <word seq="4">which is<GreekSeq>6</GreekSeq>
    </word>
    <word seq="5">at<GreekSeq>7</GreekSeq>
    </word>
    <word seq="6">Corinth,<GreekSeq>8</GreekSeq>
    </word>
    <word seq="7">to them</word>
    <word seq="8">that are sanctified<GreekSeq>9</GreekSeq>
    </word>
    <word seq="9">in<GreekSeq>10</GreekSeq>
    </word>
    <word seq="10">Christ<GreekSeq>11</GreekSeq>
    </word>
    <word seq="11">Jesus,<GreekSeq>12</GreekSeq>
    </word>
    <word seq="12">called<GreekSeq>13</GreekSeq>
    </word>
    <word seq="13">to be</word>
    <word seq="14">saints,<GreekSeq>14</GreekSeq>
    </word>
    <word seq="15">with<GreekSeq>15</GreekSeq>
    </word>
    <word seq="16">all<GreekSeq>16</GreekSeq>
    </word>
    <word seq="17">that<GreekSeq/>
    </word>
    <word seq="18">in<GreekSeq>26</GreekSeq>
    </word>
    <word seq="19">every<GreekSeq>27</GreekSeq>
    </word>
    <word seq="20">place<GreekSeq>28</GreekSeq>
    </word>
    <word seq="21">call upon<GreekSeq>18</GreekSeq>
    </word>
    <word seq="22">the<GreekSeq>19</GreekSeq>
    </word>
    <word seq="23">name<GreekSeq>20</GreekSeq>
    </word>
    <word seq="24">of Jesus<GreekSeq>24</GreekSeq>
    </word>
    <word seq="25">Christ<GreekSeq>25</GreekSeq>
    </word>
    <word seq="26">our<GreekSeq>23</GreekSeq>
    </word>
    <word seq="27">Lord,<GreekSeq>22</GreekSeq>
    </word>
    <word note="Base of different Greek: τε(5037)" seq="28">both</word>
    <word seq="29">theirs<GreekSeq>29</GreekSeq>
    </word>
    <word seq="30">and<GreekSeq>30</GreekSeq>
    </word>
    <word seq="31">ours:<GreekSeq>31</GreekSeq>
    </word>
   </KJV>
  </verse>
  <verse number="3">
   <KJV>
    <word seq="1">Grace<GreekSeq>1</GreekSeq>
    </word>
    <word seq="2">be</word>
    <word seq="3">unto you,<GreekSeq>2</GreekSeq>
    </word>
    <word seq="4">and<GreekSeq>3</GreekSeq>
    </word>
    <word seq="5">peace,<GreekSeq>4</GreekSeq>
    </word>
    <word seq="6">from<GreekSeq>5</GreekSeq>
    </word>
    <word seq="7">God<GreekSeq>6</GreekSeq>
    </word>
    <word seq="8">our<GreekSeq>8</GreekSeq>
    </word>
    <word seq="9">Father,<GreekSeq>7</GreekSeq>
    </word>
    <word seq="10">and<GreekSeq>9</GreekSeq>
    </word>
    <word seq="11">from</word>
    <word seq="12">the Lord<GreekSeq>10</GreekSeq>
    </word>
    <word seq="13">Jesus<GreekSeq>11</GreekSeq>
    </word>
    <word seq="14">Christ.<GreekSeq>12</GreekSeq>
    </word>
   </KJV>
  </verse>
  <verse number="4">
   <KJV>
    <word seq="1">I thank<GreekSeq>1</GreekSeq>
    </word>
    <word seq="2">my<GreekSeq>4</GreekSeq>
    </word>
    <word seq="3">God<GreekSeq>3</GreekSeq>
    </word>
    <word seq="4">always<GreekSeq>5</GreekSeq>
    </word>
    <word seq="5">on<GreekSeq>6</GreekSeq>
    </word>
    <word seq="6">your<GreekSeq>7</GreekSeq>
    </word>
    <word seq="7">behalf,<GreekSeq>6</GreekSeq>
    </word>
    <word seq="8">for<GreekSeq>8</GreekSeq>
    </word>
    <word seq="9">the<GreekSeq>9</GreekSeq>
    </word>
    <word seq="10">grace<GreekSeq>10</GreekSeq>
    </word>
    <word seq="11">of God<GreekSeq>12</GreekSeq>
    </word>
    <word seq="12">which is given<GreekSeq>14</GreekSeq>
    </word>
    <word seq="13">you<GreekSeq>15</GreekSeq>
    </word>
    <word seq="14">by<GreekSeq>16</GreekSeq>
    </word>
    <word seq="15">Jesus<GreekSeq>18</GreekSeq>
    </word>
    <word seq="16">Christ;<GreekSeq>17</GreekSeq>
    </word>
   </KJV>
  </verse>
  <verse number="5">
   <KJV>
    <word seq="1">That<GreekSeq>1</GreekSeq>
    </word>
    <word seq="2">in<GreekSeq>2</GreekSeq>
    </word>
    <word seq="3">every thing<GreekSeq>3</GreekSeq>
    </word>
    <word seq="4">ye are enriched<GreekSeq>4</GreekSeq>
    </word>
    <word seq="5">by<GreekSeq>5</GreekSeq>
    </word>
    <word seq="6">him,<GreekSeq>6</GreekSeq>
    </word>
    <word seq="7">in<GreekSeq>7</GreekSeq>
    </word>
    <word seq="8">all<GreekSeq>8</GreekSeq>
    </word>
    <word seq="9">utterance,<GreekSeq>9</GreekSeq>
    </word>
    <word seq="10">and<GreekSeq>10</GreekSeq>
    </word>
    <word seq="11">in all<GreekSeq>11</GreekSeq>
    </word>
    <word seq="12">knowledge;<GreekSeq>12</GreekSeq>
    </word>
   </KJV>
  </verse>
  <verse number="6">
   <KJV>
    <word seq="1">Even as<GreekSeq>1</GreekSeq>
    </word>
    <word seq="2">the<GreekSeq>2</GreekSeq>
    </word>
    <word seq="3">testimony<GreekSeq>3</GreekSeq>
    </word>
    <word seq="4">of Christ<GreekSeq>5</GreekSeq>
    </word>
    <word seq="5">was confirmed<GreekSeq>6</GreekSeq>
    </word>
    <word seq="6">in<GreekSeq>7</GreekSeq>
    </word>
    <word seq="7">you:<GreekSeq>8</GreekSeq>
    </word>
   </KJV>
  </verse>
  <verse number="7">
   <KJV>
    <word seq="1">So that<GreekSeq>1</GreekSeq>
    </word>
    <word seq="2">ye<GreekSeq>2</GreekSeq>
    </word>
    <word seq="3">come behind<GreekSeq>4</GreekSeq>
    </word>
    <word seq="4">in<GreekSeq>5</GreekSeq>
    </word>
    <word seq="5">no<GreekSeq>6</GreekSeq>
    </word>
    <word seq="6">gift;<GreekSeq>7</GreekSeq>
    </word>
    <word seq="7">waiting for<GreekSeq>8</GreekSeq>
    </word>
    <word seq="8">the<GreekSeq>9</GreekSeq>
    </word>
    <word seq="9">coming<GreekSeq>10</GreekSeq>
    </word>
    <word seq="10">of<GreekSeq>12</GreekSeq>
    </word>
    <word seq="11">our<GreekSeq>13</GreekSeq>
    </word>
    <word seq="12">Lord<GreekSeq>12</GreekSeq>
    </word>
    <word seq="13">Jesus<GreekSeq>14</GreekSeq>
    </word>
    <word seq="14">Christ:<GreekSeq>15</GreekSeq>
    </word>
   </KJV>
  </verse>
  <verse number="8">
   <KJV>
    <word seq="1">Who<GreekSeq>1</GreekSeq>
    </word>
    <word seq="2">shall<GreekSeq>3</GreekSeq>
    </word>
    <word seq="3">also<GreekSeq>2</GreekSeq>
    </word>
    <word seq="4">confirm<GreekSeq>3</GreekSeq>
    </word>
    <word seq="5">you<GreekSeq>4</GreekSeq>
    </word>
    <word seq="6">unto<GreekSeq>5</GreekSeq>
    </word>
    <word seq="7">the end,<GreekSeq>6</GreekSeq>
    </word>
    <word seq="8">that ye may be</word>
    <word seq="9">blameless<GreekSeq>7</GreekSeq>
    </word>
    <word seq="10">in<GreekSeq>8</GreekSeq>
    </word>
    <word seq="11">the<GreekSeq>9</GreekSeq>
    </word>
    <word seq="12">day<GreekSeq>10</GreekSeq>
    </word>
    <word seq="13">of<GreekSeq>12</GreekSeq>
    </word>
    <word seq="14">our<GreekSeq>13</GreekSeq>
    </word>
    <word seq="15">Lord<GreekSeq>12</GreekSeq>
    </word>
    <word seq="16">Jesus<GreekSeq>14</GreekSeq>
    </word>
    <word seq="17">Christ.<GreekSeq>15</GreekSeq>
    </word>
   </KJV>
  </verse>
  <verse number="9">
   <KJV>
    <word seq="1">God<GreekSeq>3</GreekSeq>
    </word>
    <word seq="2">is</word>
    <word seq="3">faithful,<GreekSeq>1</GreekSeq>
    </word>
    <word seq="4">by<GreekSeq>4</GreekSeq>
    </word>
    <word seq="5">whom<GreekSeq>5</GreekSeq>
    </word>
    <word seq="6">ye were called<GreekSeq>6</GreekSeq>
    </word>
    <word seq="7">unto<GreekSeq>7</GreekSeq>
    </word>
    <word seq="8">the fellowship<GreekSeq>8</GreekSeq>
    </word>
    <word seq="9">of<GreekSeq>10</GreekSeq>
    </word>
    <word seq="10">his<GreekSeq>11</GreekSeq>
    </word>
    <word seq="11">Son<GreekSeq>10</GreekSeq>
    </word>
    <word seq="12">Jesus<GreekSeq>12</GreekSeq>
    </word>
    <word seq="13">Christ<GreekSeq>13</GreekSeq>
    </word>
    <word seq="14">our<GreekSeq>16</GreekSeq>
    </word>
    <word seq="15">Lord.<GreekSeq>15</GreekSeq>
    </word>
   </KJV>
  </verse>
  <verse number="10">
   <KJV>
    <word seq="1">Now<GreekSeq>2</GreekSeq>
    </word>
    <word seq="2">I beseech<GreekSeq>1</GreekSeq>
    </word>
    <word seq="3">you,<GreekSeq>3</GreekSeq>
    </word>
    <word seq="4">brethren,<GreekSeq>4</GreekSeq>
    </word>
    <word seq="5">by<GreekSeq>5</GreekSeq>
    </word>
    <word seq="6">the<GreekSeq>6</GreekSeq>
    </word>
    <word seq="7">name of<GreekSeq>7</GreekSeq>
    </word>
    <word seq="8">our<GreekSeq>10</GreekSeq>
    </word>
    <word seq="9">Lord<GreekSeq>9</GreekSeq>
    </word>
    <word seq="10">Jesus<GreekSeq>11</GreekSeq>
    </word>
    <word seq="11">Christ,<GreekSeq>12</GreekSeq>
    </word>
    <word seq="12">that<GreekSeq>13</GreekSeq>
    </word>
    <word seq="13">ye<GreekSeq>16</GreekSeq>
    </word>
    <word seq="14">all<GreekSeq>17</GreekSeq>
    </word>
    <word seq="15">speak<GreekSeq>16</GreekSeq>
    </word>
    <word seq="16">the<GreekSeq>14</GreekSeq>
    </word>
    <word seq="17">same thing,<GreekSeq>15</GreekSeq>
    </word>
    <word seq="18">and<GreekSeq>18</GreekSeq>
    </word>
    <word seq="19">that</word>
    <word seq="20">there be<GreekSeq>20</GreekSeq>
    </word>
    <word seq="21">no<GreekSeq>19</GreekSeq>
    </word>
    <word seq="22">divisions<GreekSeq>23</GreekSeq>
    </word>
    <word seq="23">among<GreekSeq>21</GreekSeq>
    </word>
    <word seq="24">you;<GreekSeq>22</GreekSeq>
    </word>
    <word seq="25">but<GreekSeq>25</GreekSeq>
    </word>
    <word seq="26">that</word>
    <word seq="27">ye be<GreekSeq>24</GreekSeq>
    </word>
    <word seq="28">perfectly joined together<GreekSeq>26</GreekSeq>
    </word>
    <word seq="29">in<GreekSeq>27</GreekSeq>
    </word>
    <word seq="30">the<GreekSeq>28</GreekSeq>
    </word>
    <word seq="31">same<GreekSeq>29</GreekSeq>
    </word>
    <word seq="32">mind<GreekSeq>30</GreekSeq>
    </word>
    <word seq="33">and<GreekSeq>31</GreekSeq>
    </word>
    <word seq="34">in<GreekSeq>32</GreekSeq>
    </word>
    <word seq="35">the<GreekSeq>33</GreekSeq>
    </word>
    <word seq="36">same<GreekSeq>34</GreekSeq>
    </word>
    <word seq="37">judgment.<GreekSeq>35</GreekSeq>
    </word>
   </KJV>
  </verse>
  <verse number="11">
   <KJV>
    <word seq="1">For<GreekSeq>2</GreekSeq>
    </word>
    <word seq="2">it hath been declared<GreekSeq>1</GreekSeq>
    </word>
    <word seq="3">unto me<GreekSeq>3</GreekSeq>
    </word>
    <word seq="4">of<GreekSeq>4</GreekSeq>
    </word>
    <word seq="5">you,<GreekSeq>5</GreekSeq>
    </word>
    <word seq="6">my<GreekSeq>7</GreekSeq>
    </word>
    <word seq="7">brethren,<GreekSeq>6</GreekSeq>
    </word>
    <word seq="8">by<GreekSeq>8</GreekSeq>
    </word>
    <word seq="9">them<GreekSeq>9</GreekSeq>
    </word>
    <word seq="10">which are of the house</word>
    <word seq="11">of Chloe,<GreekSeq>10</GreekSeq>
    </word>
    <word seq="12">that<GreekSeq>11</GreekSeq>
    </word>
    <word seq="13">there are<GreekSeq>15</GreekSeq>
    </word>
    <word seq="14">contentions<GreekSeq>12</GreekSeq>
    </word>
    <word seq="15">among<GreekSeq>13</GreekSeq>
    </word>
    <word seq="16">you.<GreekSeq>14</GreekSeq>
    </word>
   </KJV>
  </verse>
  <verse number="12">
   <KJV>
    <word seq="1">Now<GreekSeq>2</GreekSeq>
    </word>
    <word seq="2">this<GreekSeq>3</GreekSeq>
    </word>
    <word seq="3">I say,<GreekSeq>1</GreekSeq>
    </word>
    <word seq="4">that<GreekSeq>4</GreekSeq>
    </word>
    <word seq="5">every one<GreekSeq>5</GreekSeq>
    </word>
    <word seq="6">of you<GreekSeq>6</GreekSeq>
    </word>
    <word seq="7">saith,<GreekSeq>7</GreekSeq>
    </word>
    <word seq="8">I<GreekSeq>8</GreekSeq>
    </word>
    <word seq="9">am<GreekSeq>10</GreekSeq>
    </word>
    <word seq="10">of Paul;<GreekSeq>11</GreekSeq>
    </word>
    <word seq="11">and<GreekSeq>13</GreekSeq>
    </word>
    <word seq="12">I<GreekSeq>12</GreekSeq>
    </word>
    <word seq="13">of Apollos;<GreekSeq>14</GreekSeq>
    </word>
    <word seq="14">and<GreekSeq>16</GreekSeq>
    </word>
    <word seq="15">I<GreekSeq>15</GreekSeq>
    </word>
    <word seq="16">of Cephas;<GreekSeq>17</GreekSeq>
    </word>
    <word seq="17">and<GreekSeq>19</GreekSeq>
    </word>
    <word seq="18">I<GreekSeq>18</GreekSeq>
    </word>
    <word seq="19">of Christ.<GreekSeq>20</GreekSeq>
    </word>
   </KJV>
  </verse>
  <verse number="13">
   <KJV>
    <word seq="1">Is<GreekSeq>1</GreekSeq>
    </word>
    <word seq="2">Christ<GreekSeq>3</GreekSeq>
    </word>
    <word seq="3">divided?<GreekSeq>1</GreekSeq>
    </word>
    <word seq="4">was<GreekSeq>6</GreekSeq>
    </word>
    <word seq="5">Paul<GreekSeq>5</GreekSeq>
    </word>
    <word seq="6">crucified<GreekSeq>6</GreekSeq>
    </word>
    <word seq="7">for<GreekSeq>7</GreekSeq>
    </word>
    <word seq="8">you?<GreekSeq>8</GreekSeq>
    </word>
    <word seq="9">or<GreekSeq>9</GreekSeq>
    </word>
    <word seq="10">were ye baptized<GreekSeq>14</GreekSeq>
    </word>
    <word seq="11">in<GreekSeq>10</GreekSeq>
    </word>
    <word seq="12">the<GreekSeq>11</GreekSeq>
    </word>
    <word seq="13">name<GreekSeq>12</GreekSeq>
    </word>
    <word seq="14">of Paul?<GreekSeq>13</GreekSeq>
    </word>
   </KJV>
  </verse>
  <verse number="14">
   <KJV>
    <word seq="1">I thank<GreekSeq>1</GreekSeq>
    </word>
    <word seq="2">God<GreekSeq>3</GreekSeq>
    </word>
    <word seq="3">that<GreekSeq>4</GreekSeq>
    </word>
    <word seq="4">I baptized<GreekSeq>7</GreekSeq>
    </word>
    <word seq="5">none<GreekSeq>5</GreekSeq>
    </word>
    <word seq="6">of you,<GreekSeq>6</GreekSeq>
    </word>
    <word note="εἰ μή Strong Code (1508)" seq="7">but<GreekSeq>8</GreekSeq>
     <GreekSeq>9</GreekSeq>
    </word>
    <word seq="8">Crispus<GreekSeq>10</GreekSeq>
    </word>
    <word seq="9">and<GreekSeq>11</GreekSeq>
    </word>
    <word seq="10">Gaius;<GreekSeq>12</GreekSeq>
    </word>
   </KJV>
  </verse>
  <verse number="15">
   <KJV>
    <word note="ἵνα μή Strong Code (3363)" seq="1">Lest<GreekSeq>1</GreekSeq>
     <GreekSeq>2</GreekSeq>
    </word>
    <word seq="2">any<GreekSeq>3</GreekSeq>
    </word>
    <word seq="3">should say<GreekSeq>4</GreekSeq>
    </word>
    <word seq="4">that<GreekSeq>5</GreekSeq>
    </word>
    <word seq="5">I had baptized<GreekSeq>10</GreekSeq>
    </word>
    <word seq="6">in<GreekSeq>6</GreekSeq>
    </word>
    <word seq="7">mine own<GreekSeq>8</GreekSeq>
    </word>
    <word seq="8">name.<GreekSeq>9</GreekSeq>
    </word>
   </KJV>
  </verse>
  <verse number="16">
   <KJV>
    <word seq="1">And<GreekSeq>2</GreekSeq>
    </word>
    <word seq="2">I baptized<GreekSeq>1</GreekSeq>
    </word>
    <word seq="3">also<GreekSeq>3</GreekSeq>
    </word>
    <word seq="4">the<GreekSeq>4</GreekSeq>
    </word>
    <word seq="5">household<GreekSeq>6</GreekSeq>
    </word>
    <word seq="6">of Stephanas:<GreekSeq>5</GreekSeq>
    </word>
    <word seq="7">besides,<GreekSeq>7</GreekSeq>
    </word>
    <word seq="8">I know<GreekSeq>9</GreekSeq>
    </word>
    <word seq="9">not<GreekSeq>8</GreekSeq>
    </word>
    <word seq="10">whether<GreekSeq>10</GreekSeq>
    </word>
    <word seq="11">I baptized<GreekSeq>13</GreekSeq>
    </word>
    <word seq="12">any<GreekSeq>11</GreekSeq>
    </word>
    <word seq="13">other.<GreekSeq>12</GreekSeq>
    </word>
   </KJV>
  </verse>
  <verse number="17">
   <KJV>
    <word seq="1">For<GreekSeq>2</GreekSeq>
    </word>
    <word seq="2">Christ<GreekSeq>5</GreekSeq>
    </word>
    <word seq="3">sent<GreekSeq>3</GreekSeq>
    </word>
    <word seq="4">me<GreekSeq>4</GreekSeq>
    </word>
    <word seq="5">not<GreekSeq>1</GreekSeq>
    </word>
    <word seq="6">to baptize,<GreekSeq>6</GreekSeq>
    </word>
    <word seq="7">but<GreekSeq>7</GreekSeq>
    </word>
    <word seq="8">to preach the gospel:<GreekSeq>8</GreekSeq>
    </word>
    <word seq="9">not<GreekSeq>9</GreekSeq>
    </word>
    <word seq="10">with<GreekSeq>10</GreekSeq>
    </word>
    <word seq="11">wisdom<GreekSeq>11</GreekSeq>
    </word>
    <word seq="12">of words,<GreekSeq>12</GreekSeq>
    </word>
    <word note="ἵνα μή Strong Code (3363)" seq="13">lest<GreekSeq>13</GreekSeq>
     <GreekSeq>14</GreekSeq>
    </word>
    <word seq="14">the<GreekSeq>16</GreekSeq>
    </word>
    <word seq="15">cross<GreekSeq>17</GreekSeq>
    </word>
    <word seq="16">of Christ<GreekSeq>19</GreekSeq>
    </word>
    <word seq="17">should be made of none effect.<GreekSeq>15</GreekSeq>
    </word>
   </KJV>
  </verse>
  <verse number="18">
   <KJV>
    <word seq="1">For<GreekSeq>3</GreekSeq>
    </word>
    <word seq="2">the<GreekSeq>1</GreekSeq>
    </word>
    <word seq="3">preaching<GreekSeq>2</GreekSeq>
    </word>
    <word seq="4">of the<GreekSeq>5</GreekSeq>
    </word>
    <word seq="5">cross<GreekSeq>6</GreekSeq>
    </word>
    <word seq="6">is<GreekSeq>11</GreekSeq>
    </word>
    <word seq="7">to them<GreekSeq>7</GreekSeq>
    </word>
    <word seq="8">that perish<GreekSeq>9</GreekSeq>
    </word>
    <word seq="9">foolishness;<GreekSeq>10</GreekSeq>
    </word>
    <word seq="10">but<GreekSeq>13</GreekSeq>
    </word>
    <word seq="11">unto us<GreekSeq>15</GreekSeq>
    </word>
    <word seq="12">which are saved<GreekSeq>14</GreekSeq>
    </word>
    <word seq="13">it is<GreekSeq>18</GreekSeq>
    </word>
    <word seq="14">the power<GreekSeq>16</GreekSeq>
    </word>
    <word seq="15">of God.<GreekSeq>17</GreekSeq>
    </word>
   </KJV>
  </verse>
  <verse number="19">
   <KJV>
    <word seq="1">For<GreekSeq>2</GreekSeq>
    </word>
    <word seq="2">it is written,<GreekSeq>1</GreekSeq>
    </word>
    <word seq="3">I will destroy<GreekSeq>3</GreekSeq>
    </word>
    <word seq="4">the<GreekSeq>4</GreekSeq>
    </word>
    <word seq="5">wisdom<GreekSeq>5</GreekSeq>
    </word>
    <word seq="6">of the<GreekSeq>6</GreekSeq>
    </word>
    <word seq="7">wise,<GreekSeq>7</GreekSeq>
    </word>
    <word seq="8">and<GreekSeq>8</GreekSeq>
    </word>
    <word seq="9">will bring to nothing<GreekSeq>13</GreekSeq>
    </word>
    <word seq="10">the<GreekSeq>9</GreekSeq>
    </word>
    <word seq="11">understanding<GreekSeq>10</GreekSeq>
    </word>
    <word seq="12">of the<GreekSeq>11</GreekSeq>
    </word>
    <word seq="13">prudent.<GreekSeq>12</GreekSeq>
    </word>
   </KJV>
  </verse>
  <verse number="20">
   <KJV>
    <word seq="1">Where<GreekSeq>1</GreekSeq>
    </word>
    <word seq="2">is</word>
    <word seq="3">the wise?<GreekSeq>2</GreekSeq>
    </word>
    <word seq="4">where<GreekSeq>3</GreekSeq>
    </word>
    <word seq="5">is</word>
    <word seq="6">the scribe?<GreekSeq>4</GreekSeq>
    </word>
    <word seq="7">where<GreekSeq>5</GreekSeq>
    </word>
    <word seq="8">is</word>
    <word seq="9">the disputer<GreekSeq>6</GreekSeq>
    </word>
    <word seq="10">of this<GreekSeq>9</GreekSeq>
    </word>
    <word seq="11">world?<GreekSeq>8</GreekSeq>
    </word>
    <word seq="12">hath<GreekSeq>11</GreekSeq>
    </word>
    <word seq="13">not<GreekSeq>10</GreekSeq>
    </word>
    <word seq="14">God<GreekSeq>13</GreekSeq>
    </word>
    <word seq="15">made foolish<GreekSeq>11</GreekSeq>
    </word>
    <word seq="16">the<GreekSeq>14</GreekSeq>
    </word>
    <word seq="17">wisdom<GreekSeq>15</GreekSeq>
    </word>
    <word seq="18">of this<GreekSeq>16</GreekSeq>
    </word>
    <word seq="19">world?<GreekSeq>17</GreekSeq>
    </word>
   </KJV>
  </verse>
  <verse number="21">
   <KJV>
    <word seq="1">For<GreekSeq>2</GreekSeq>
    </word>
    <word seq="2">after that<GreekSeq>1</GreekSeq>
    </word>
    <word seq="3">in<GreekSeq>3</GreekSeq>
    </word>
    <word seq="4">the<GreekSeq>4</GreekSeq>
    </word>
    <word seq="5">wisdom<GreekSeq>5</GreekSeq>
    </word>
    <word seq="6">of God<GreekSeq>7</GreekSeq>
    </word>
    <word seq="7">the<GreekSeq>10</GreekSeq>
    </word>
    <word seq="8">world<GreekSeq>11</GreekSeq>
    </word>
    <word seq="9">by<GreekSeq>12</GreekSeq>
    </word>
    <word seq="10">wisdom<GreekSeq>14</GreekSeq>
    </word>
    <word seq="11">knew<GreekSeq>9</GreekSeq>
    </word>
    <word seq="12">not<GreekSeq>8</GreekSeq>
    </word>
    <word seq="13">God,<GreekSeq>16</GreekSeq>
    </word>
    <word seq="14">it pleased<GreekSeq>17</GreekSeq>
    </word>
    <word seq="15">God<GreekSeq>19</GreekSeq>
    </word>
    <word seq="16">by<GreekSeq>20</GreekSeq>
    </word>
    <word seq="17">the<GreekSeq>21</GreekSeq>
    </word>
    <word seq="18">foolishness<GreekSeq>22</GreekSeq>
    </word>
    <word seq="19">of preaching<GreekSeq>24</GreekSeq>
    </word>
    <word seq="20">to save<GreekSeq>25</GreekSeq>
    </word>
    <word seq="21">them<GreekSeq>26</GreekSeq>
    </word>
    <word seq="22">that believe.<GreekSeq>27</GreekSeq>
    </word>
   </KJV>
  </verse>
  <verse number="22">
   <KJV>
    <word seq="1">For<GreekSeq>1</GreekSeq>
    </word>
    <word seq="2">the Jews<GreekSeq>3</GreekSeq>
    </word>
    <word seq="3">require<GreekSeq>5</GreekSeq>
    </word>
    <word seq="4">a sign,<GreekSeq>4</GreekSeq>
    </word>
    <word seq="5">and<GreekSeq>6</GreekSeq>
    </word>
    <word seq="6">the Greeks<GreekSeq>7</GreekSeq>
    </word>
    <word seq="7">seek after<GreekSeq>9</GreekSeq>
    </word>
    <word seq="8">wisdom:<GreekSeq>8</GreekSeq>
    </word>
   </KJV>
  </verse>
  <verse number="23">
   <KJV>
    <word seq="1">But<GreekSeq>2</GreekSeq>
    </word>
    <word seq="2">we<GreekSeq>1</GreekSeq>
    </word>
    <word seq="3">preach<GreekSeq>3</GreekSeq>
    </word>
    <word seq="4">Christ<GreekSeq>4</GreekSeq>
    </word>
    <word seq="5">crucified,<GreekSeq>5</GreekSeq>
    </word>
    <word seq="6">unto the Jews<GreekSeq>6</GreekSeq>
    </word>
    <word seq="7">a stumblingblock,<GreekSeq>8</GreekSeq>
    </word>
    <word seq="8">and<GreekSeq>10</GreekSeq>
    </word>
    <word note="Base of different Greek: Ἕλλησι(1672)" seq="9">unto the Greeks<GreekSeq>9</GreekSeq>
    </word>
    <word seq="10">foolishness;<GreekSeq>11</GreekSeq>
    </word>
   </KJV>
  </verse>
  <verse number="24">
   <KJV>
    <word seq="1">But<GreekSeq>2</GreekSeq>
    </word>
    <word seq="2">unto them<GreekSeq>1</GreekSeq>
    </word>
    <word seq="3">which are called,<GreekSeq>3</GreekSeq>
     <GreekSeq>4</GreekSeq>
    </word>
    <word seq="4">both<GreekSeq>6</GreekSeq>
    </word>
    <word seq="5">Jews<GreekSeq>5</GreekSeq>
    </word>
    <word seq="6">and<GreekSeq>7</GreekSeq>
    </word>
    <word seq="7">Greeks,<GreekSeq>8</GreekSeq>
    </word>
    <word seq="8">Christ<GreekSeq>9</GreekSeq>
    </word>
    <word seq="9">the power<GreekSeq>11</GreekSeq>
    </word>
    <word seq="10">of God,<GreekSeq>10</GreekSeq>
    </word>
    <word seq="11">and<GreekSeq>12</GreekSeq>
    </word>
    <word seq="12">the wisdom<GreekSeq>14</GreekSeq>
    </word>
    <word seq="13">of God.<GreekSeq>13</GreekSeq>
    </word>
   </KJV>
  </verse>
  <verse number="25">
   <KJV>
    <word seq="1">Because<GreekSeq>1</GreekSeq>
    </word>
    <word seq="2">the<GreekSeq>2</GreekSeq>
    </word>
    <word seq="3">foolishness<GreekSeq>3</GreekSeq>
    </word>
    <word seq="4">of God<GreekSeq>5</GreekSeq>
    </word>
    <word seq="5">is<GreekSeq>9</GreekSeq>
    </word>
    <word seq="6">wiser than<GreekSeq>6</GreekSeq>
    </word>
    <word seq="7">men;<GreekSeq>8</GreekSeq>
    </word>
    <word seq="8">and<GreekSeq>10</GreekSeq>
    </word>
    <word seq="9">the<GreekSeq>11</GreekSeq>
    </word>
    <word seq="10">weakness<GreekSeq>12</GreekSeq>
    </word>
    <word seq="11">of God<GreekSeq>14</GreekSeq>
    </word>
    <word note="Base of different Greek: ἐστί(2076)" seq="12">is</word>
    <word seq="13">stronger than<GreekSeq>15</GreekSeq>
    </word>
    <word seq="14">men.<GreekSeq>17</GreekSeq>
    </word>
   </KJV>
  </verse>
  <verse number="26">
   <KJV>
    <word seq="1">For<GreekSeq>2</GreekSeq>
    </word>
    <word seq="2">ye see<GreekSeq>1</GreekSeq>
    </word>
    <word seq="3">your<GreekSeq>5</GreekSeq>
    </word>
    <word seq="4">calling,<GreekSeq>4</GreekSeq>
    </word>
    <word seq="5">brethren,<GreekSeq>6</GreekSeq>
    </word>
    <word seq="6">how that<GreekSeq>7</GreekSeq>
    </word>
    <word seq="7">not<GreekSeq>8</GreekSeq>
    </word>
    <word seq="8">many<GreekSeq>9</GreekSeq>
    </word>
    <word seq="9">wise [men]<GreekSeq>10</GreekSeq>
    </word>
    <word seq="10">after<GreekSeq>11</GreekSeq>
    </word>
    <word seq="11">the flesh,<GreekSeq>12</GreekSeq>
    </word>
    <word seq="12">not<GreekSeq>13</GreekSeq>
    </word>
    <word seq="13">many<GreekSeq>14</GreekSeq>
    </word>
    <word seq="14">mighty,<GreekSeq>15</GreekSeq>
    </word>
    <word seq="15">not<GreekSeq>16</GreekSeq>
    </word>
    <word seq="16">many<GreekSeq>17</GreekSeq>
    </word>
    <word seq="17">noble,<GreekSeq>18</GreekSeq>
    </word>
    <word seq="18">are called:</word>
   </KJV>
  </verse>
  <verse number="27">
   <KJV>
    <word seq="1">But<GreekSeq>1</GreekSeq>
    </word>
    <word seq="2">God<GreekSeq>8</GreekSeq>
    </word>
    <word seq="3">hath chosen<GreekSeq>6</GreekSeq>
    </word>
    <word seq="4">the<GreekSeq>2</GreekSeq>
    </word>
    <word seq="5">foolish things<GreekSeq>3</GreekSeq>
    </word>
    <word seq="6">of the<GreekSeq>4</GreekSeq>
    </word>
    <word seq="7">world<GreekSeq>5</GreekSeq>
    </word>
    <word seq="8">to<GreekSeq>9</GreekSeq>
    </word>
    <word seq="9">confound<GreekSeq>10</GreekSeq>
    </word>
    <word seq="10">the<GreekSeq>11</GreekSeq>
    </word>
    <word seq="11">wise;<GreekSeq>12</GreekSeq>
    </word>
    <word seq="12">and<GreekSeq>13</GreekSeq>
    </word>
    <word seq="13">God<GreekSeq>20</GreekSeq>
    </word>
    <word seq="14">hath chosen<GreekSeq>18</GreekSeq>
    </word>
    <word seq="15">the<GreekSeq>14</GreekSeq>
    </word>
    <word seq="16">weak things<GreekSeq>15</GreekSeq>
    </word>
    <word seq="17">of the<GreekSeq>16</GreekSeq>
    </word>
    <word seq="18">world<GreekSeq>17</GreekSeq>
    </word>
    <word seq="19">to confound<GreekSeq>21</GreekSeq>
     <GreekSeq>22</GreekSeq>
    </word>
    <word seq="20">the things <GreekSeq>23</GreekSeq>
    </word>
    <word seq="21">which are</word>
    <word seq="22">mighty;<GreekSeq>24</GreekSeq>
    </word>
   </KJV>
  </verse>
  <verse number="28">
   <KJV>
    <word seq="1">And<GreekSeq>1</GreekSeq>
    </word>
    <word seq="2">base things<GreekSeq>3</GreekSeq>
    </word>
    <word seq="3">of the<GreekSeq>4</GreekSeq>
    </word>
    <word seq="4">world,<GreekSeq>5</GreekSeq>
    </word>
    <word seq="5">and<GreekSeq>6</GreekSeq>
    </word>
    <word seq="6">things<GreekSeq>7</GreekSeq>
    </word>
    <word seq="7">which are despised,<GreekSeq>8</GreekSeq>
    </word>
    <word seq="8">hath<GreekSeq>9</GreekSeq>
    </word>
    <word seq="9">God<GreekSeq>11</GreekSeq>
    </word>
    <word seq="10">chosen,<GreekSeq>9</GreekSeq>
    </word>
    <word seq="11">yea, and</word>
    <word seq="12">things<GreekSeq>12</GreekSeq>
    </word>
    <word seq="13">which are<GreekSeq>14</GreekSeq>
    </word>
    <word seq="14">not,<GreekSeq>13</GreekSeq>
    </word>
    <word seq="15">to bring to nought<GreekSeq>15</GreekSeq>
     <GreekSeq>18</GreekSeq>
    </word>
    <word seq="16">things<GreekSeq>16</GreekSeq>
    </word>
    <word seq="17">that are:<GreekSeq>17</GreekSeq>
    </word>
   </KJV>
  </verse>
  <verse number="29">
   <KJV>
    <word seq="1">That<GreekSeq>1</GreekSeq>
    </word>
    <word seq="2">no<GreekSeq>2</GreekSeq>
     <GreekSeq>4</GreekSeq>
    </word>
    <word seq="3">flesh<GreekSeq>5</GreekSeq>
    </word>
    <word seq="4">should glory<GreekSeq>3</GreekSeq>
    </word>
    <word seq="5">in<GreekSeq>6</GreekSeq>
    </word>
    <word note="Base of different Greek: αὐτοῦ(846)" seq="6">his<GreekSeq>8</GreekSeq>
    </word>
    <word seq="7">presence.<GreekSeq>6</GreekSeq>
    </word>
   </KJV>
  </verse>
  <verse number="30">
   <KJV>
    <word seq="1">But<GreekSeq>3</GreekSeq>
    </word>
    <word seq="2">of<GreekSeq>1</GreekSeq>
    </word>
    <word seq="3">him<GreekSeq>2</GreekSeq>
    </word>
    <word seq="4">are<GreekSeq>5</GreekSeq>
    </word>
    <word seq="5">ye<GreekSeq>4</GreekSeq>
    </word>
    <word seq="6">in<GreekSeq>6</GreekSeq>
    </word>
    <word seq="7">Christ<GreekSeq>7</GreekSeq>
    </word>
    <word seq="8">Jesus,<GreekSeq>8</GreekSeq>
    </word>
    <word seq="9">who<GreekSeq>9</GreekSeq>
    </word>
    <word seq="10">of<GreekSeq>13</GreekSeq>
    </word>
    <word seq="11">God<GreekSeq>14</GreekSeq>
    </word>
    <word seq="12">is made<GreekSeq>10</GreekSeq>
    </word>
    <word seq="13">unto us<GreekSeq>12</GreekSeq>
    </word>
    <word seq="14">wisdom,<GreekSeq>11</GreekSeq>
    </word>
    <word seq="15">and<GreekSeq>16</GreekSeq>
    </word>
    <word seq="16">righteousness,<GreekSeq>15</GreekSeq>
    </word>
    <word seq="17">and<GreekSeq>17</GreekSeq>
    </word>
    <word seq="18">sanctification,<GreekSeq>18</GreekSeq>
    </word>
    <word seq="19">and<GreekSeq>19</GreekSeq>
    </word>
    <word seq="20">redemption:<GreekSeq>20</GreekSeq>
    </word>
   </KJV>
  </verse>
  <verse number="31">
   <KJV>
    <word seq="1">That,<GreekSeq>1</GreekSeq>
    </word>
    <word seq="2">according as<GreekSeq>2</GreekSeq>
    </word>
    <word seq="3">it is written,<GreekSeq>3</GreekSeq>
    </word>
    <word seq="4">He<GreekSeq>4</GreekSeq>
    </word>
    <word seq="5">that glorieth,<GreekSeq>5</GreekSeq>
    </word>
    <word seq="6">let him glory<GreekSeq>8</GreekSeq>
    </word>
    <word seq="7">in<GreekSeq>6</GreekSeq>
    </word>
    <word seq="8">the Lord.<GreekSeq>7</GreekSeq>
    </word>
   </KJV>
  </verse>
 </chapter>
</book>
