<?xml version="1.0" encoding="UTF-8" standalone="no"?>
<book>
 <chapter book="null" number="11">
  <verse number="1">
   <KJV>
    <word seq="1">Be ye<GreekSeq>3</GreekSeq>
    </word>
    <word seq="2">followers<GreekSeq>1</GreekSeq>
    </word>
    <word seq="3">of me,<GreekSeq>2</GreekSeq>
    </word>
    <word seq="4">even as<GreekSeq>4</GreekSeq>
    </word>
    <word seq="5">I also<GreekSeq>5</GreekSeq>
    </word>
    <word seq="6">am</word>
    <word seq="7">of Christ.<GreekSeq>6</GreekSeq>
    </word>
   </KJV>
  </verse>
  <verse number="2">
   <KJV>
    <word seq="1">Now<GreekSeq>2</GreekSeq>
    </word>
    <word seq="2">I praise<GreekSeq>1</GreekSeq>
    </word>
    <word seq="3">you,<GreekSeq>3</GreekSeq>
    </word>
    <word note="Base of different Greek: ἀδελφοί(80)" seq="4">brethren,</word>
    <word seq="5">that<GreekSeq>4</GreekSeq>
    </word>
    <word seq="6">ye remember<GreekSeq>7</GreekSeq>
    </word>
    <word seq="7">me<GreekSeq>6</GreekSeq>
    </word>
    <word seq="8">in all [things],<GreekSeq>5</GreekSeq>
    </word>
    <word seq="9">and<GreekSeq>8</GreekSeq>
    </word>
    <word seq="10">keep<GreekSeq>14</GreekSeq>
    </word>
    <word seq="11">the<GreekSeq>12</GreekSeq>
    </word>
    <word seq="12">ordinances,<GreekSeq>13</GreekSeq>
    </word>
    <word seq="13">as<GreekSeq>9</GreekSeq>
    </word>
    <word seq="14">I delivered<GreekSeq>10</GreekSeq>
    </word>
    <word seq="15">them</word>
    <word seq="16">to you.<GreekSeq>11</GreekSeq>
    </word>
   </KJV>
  </verse>
  <verse number="3">
   <KJV>
    <word seq="1">But<GreekSeq>2</GreekSeq>
    </word>
    <word seq="2">I would<GreekSeq>1</GreekSeq>
    </word>
    <word seq="3">have<GreekSeq>4</GreekSeq>
    </word>
    <word seq="4">you<GreekSeq>3</GreekSeq>
    </word>
    <word seq="5">know,<GreekSeq>4</GreekSeq>
    </word>
    <word seq="6">that<GreekSeq>5</GreekSeq>
    </word>
    <word seq="7">the<GreekSeq>8</GreekSeq>
    </word>
    <word seq="8">head<GreekSeq>9</GreekSeq>
    </word>
    <word seq="9">of every<GreekSeq>6</GreekSeq>
    </word>
    <word seq="10">man<GreekSeq>7</GreekSeq>
    </word>
    <word seq="11">is<GreekSeq>12</GreekSeq>
    </word>
    <word seq="12">Christ;<GreekSeq>11</GreekSeq>
    </word>
    <word seq="13">and<GreekSeq>14</GreekSeq>
    </word>
    <word seq="14">the head<GreekSeq>13</GreekSeq>
    </word>
    <word seq="15">of the woman<GreekSeq>15</GreekSeq>
    </word>
    <word seq="16">is</word>
    <word seq="17">the<GreekSeq>16</GreekSeq>
    </word>
    <word seq="18">man;<GreekSeq>17</GreekSeq>
    </word>
    <word seq="19">and<GreekSeq>19</GreekSeq>
    </word>
    <word seq="20">the head<GreekSeq>18</GreekSeq>
    </word>
    <word seq="21">of Christ<GreekSeq>21</GreekSeq>
    </word>
    <word seq="22">is</word>
    <word seq="23">God.<GreekSeq>23</GreekSeq>
    </word>
   </KJV>
  </verse>
  <verse number="4">
   <KJV>
    <word seq="1">Every<GreekSeq>1</GreekSeq>
    </word>
    <word seq="2">man<GreekSeq>2</GreekSeq>
    </word>
    <word seq="3">praying<GreekSeq>3</GreekSeq>
    </word>
    <word seq="4">or<GreekSeq>4</GreekSeq>
    </word>
    <word seq="5">prophesying,<GreekSeq>5</GreekSeq>
    </word>
    <word seq="6">having his head covered,<GreekSeq>6</GreekSeq>
     <GreekSeq>7</GreekSeq>
     <GreekSeq>8</GreekSeq>
    </word>
    <word seq="7">dishonoureth<GreekSeq>9</GreekSeq>
    </word>
    <word seq="8">his<GreekSeq>12</GreekSeq>
    </word>
    <word seq="9">head.<GreekSeq>11</GreekSeq>
    </word>
   </KJV>
  </verse>
  <verse number="5">
   <KJV>
    <word seq="1">But<GreekSeq>2</GreekSeq>
    </word>
    <word seq="2">every<GreekSeq>1</GreekSeq>
    </word>
    <word seq="3">woman<GreekSeq>3</GreekSeq>
    </word>
    <word seq="4">that prayeth<GreekSeq>4</GreekSeq>
    </word>
    <word seq="5">or<GreekSeq>5</GreekSeq>
    </word>
    <word seq="6">prophesieth<GreekSeq>6</GreekSeq>
    </word>
    <word seq="7">with [her] head<GreekSeq>9</GreekSeq>
    </word>
    <word seq="8">uncovered<GreekSeq>7</GreekSeq>
    </word>
    <word seq="9">dishonoureth<GreekSeq>10</GreekSeq>
    </word>
    <word note="Base of different Greek: ἑαυτῆς(1438)" seq="10">her<GreekSeq>13</GreekSeq>
    </word>
    <word seq="11">head:<GreekSeq>12</GreekSeq>
    </word>
    <word seq="12">for<GreekSeq>15</GreekSeq>
    </word>
    <word seq="13">that is<GreekSeq>16</GreekSeq>
    </word>
    <word seq="14">even<GreekSeq>17</GreekSeq>
    </word>
    <word seq="15">all</word>
    <word seq="16">one<GreekSeq>14</GreekSeq>
    </word>
    <word seq="17">as<GreekSeq>19</GreekSeq>
    </word>
    <word seq="18">if</word>
    <word seq="19">she<GreekSeq>20</GreekSeq>
    </word>
    <word seq="20">were shaven.<GreekSeq>21</GreekSeq>
    </word>
   </KJV>
  </verse>
  <verse number="6">
   <KJV>
    <word seq="1">For<GreekSeq>2</GreekSeq>
    </word>
    <word seq="2">if<GreekSeq>1</GreekSeq>
    </word>
    <word seq="3">the woman<GreekSeq>5</GreekSeq>
    </word>
    <word seq="4">be<GreekSeq>4</GreekSeq>
    </word>
    <word seq="5">not<GreekSeq>3</GreekSeq>
    </word>
    <word seq="6">covered,<GreekSeq>4</GreekSeq>
    </word>
    <word seq="7">let her<GreekSeq>7</GreekSeq>
    </word>
    <word seq="8">also<GreekSeq>6</GreekSeq>
    </word>
    <word seq="9">be shorn:<GreekSeq>7</GreekSeq>
    </word>
    <word seq="10">but<GreekSeq>9</GreekSeq>
    </word>
    <word seq="11">if<GreekSeq>8</GreekSeq>
    </word>
    <word seq="12">it be</word>
    <word seq="13">a shame<GreekSeq>10</GreekSeq>
    </word>
    <word seq="14">for a woman<GreekSeq>11</GreekSeq>
    </word>
    <word seq="15">to be shorn<GreekSeq>13</GreekSeq>
    </word>
    <word seq="16">or<GreekSeq>14</GreekSeq>
    </word>
    <word seq="17">shaven,<GreekSeq>15</GreekSeq>
    </word>
    <word seq="18">let her be covered.<GreekSeq>16</GreekSeq>
    </word>
   </KJV>
  </verse>
  <verse number="7">
   <KJV>
    <word seq="1">For<GreekSeq>3</GreekSeq>
    </word>
    <word seq="2">a man<GreekSeq>1</GreekSeq>
    </word>
    <word seq="3">indeed<GreekSeq>2</GreekSeq>
    </word>
    <word seq="4">ought<GreekSeq>5</GreekSeq>
    </word>
    <word seq="5">not<GreekSeq>4</GreekSeq>
    </word>
    <word seq="6">to cover<GreekSeq>6</GreekSeq>
    </word>
    <word seq="7">his</word>
    <word seq="8">head,<GreekSeq>8</GreekSeq>
    </word>
    <word seq="9">[forasmuch as] he is<GreekSeq>13</GreekSeq>
    </word>
    <word seq="10">the image<GreekSeq>9</GreekSeq>
    </word>
    <word seq="11">and<GreekSeq>10</GreekSeq>
    </word>
    <word seq="12">glory<GreekSeq>11</GreekSeq>
    </word>
    <word seq="13">of God:<GreekSeq>12</GreekSeq>
    </word>
    <word seq="14">but<GreekSeq>16</GreekSeq>
    </word>
    <word seq="15">the<GreekSeq>14</GreekSeq>
    </word>
    <word seq="16">woman<GreekSeq>15</GreekSeq>
    </word>
    <word seq="17">is<GreekSeq>19</GreekSeq>
    </word>
    <word seq="18">the glory<GreekSeq>17</GreekSeq>
    </word>
    <word seq="19">of the man.<GreekSeq>18</GreekSeq>
    </word>
   </KJV>
  </verse>
  <verse number="8">
   <KJV>
    <word seq="1">For<GreekSeq>2</GreekSeq>
    </word>
    <word seq="2">the man<GreekSeq>4</GreekSeq>
    </word>
    <word seq="3">is<GreekSeq>3</GreekSeq>
    </word>
    <word seq="4">not<GreekSeq>1</GreekSeq>
    </word>
    <word seq="5">of<GreekSeq>5</GreekSeq>
    </word>
    <word seq="6">the woman;<GreekSeq>6</GreekSeq>
    </word>
    <word seq="7">but<GreekSeq>7</GreekSeq>
    </word>
    <word seq="8">the woman<GreekSeq>8</GreekSeq>
    </word>
    <word seq="9">of<GreekSeq>9</GreekSeq>
    </word>
    <word seq="10">the man.<GreekSeq>10</GreekSeq>
    </word>
   </KJV>
  </verse>
  <verse number="9">
   <KJV>
    <word seq="1">Neither<GreekSeq>1</GreekSeq>
     <GreekSeq>3</GreekSeq>
    </word>
    <word seq="2">was<GreekSeq>4</GreekSeq>
    </word>
    <word seq="3">the man<GreekSeq>5</GreekSeq>
    </word>
    <word seq="4">created<GreekSeq>4</GreekSeq>
    </word>
    <word seq="5">for<GreekSeq>6</GreekSeq>
    </word>
    <word seq="6">the<GreekSeq>7</GreekSeq>
    </word>
    <word seq="7">woman;<GreekSeq>8</GreekSeq>
    </word>
    <word seq="8">but<GreekSeq>9</GreekSeq>
    </word>
    <word seq="9">the woman<GreekSeq>10</GreekSeq>
    </word>
    <word seq="10">for<GreekSeq>11</GreekSeq>
    </word>
    <word seq="11">the<GreekSeq>12</GreekSeq>
    </word>
    <word seq="12">man.<GreekSeq>13</GreekSeq>
    </word>
   </KJV>
  </verse>
  <verse number="10">
   <KJV>
    <word seq="1">For<GreekSeq>1</GreekSeq>
    </word>
    <word seq="2">this<GreekSeq>2</GreekSeq>
    </word>
    <word seq="3">cause<GreekSeq>1</GreekSeq>
    </word>
    <word seq="4">ought<GreekSeq>3</GreekSeq>
    </word>
    <word seq="5">the<GreekSeq>4</GreekSeq>
    </word>
    <word seq="6">woman<GreekSeq>5</GreekSeq>
    </word>
    <word seq="7">to have<GreekSeq>7</GreekSeq>
    </word>
    <word seq="8">power<GreekSeq>6</GreekSeq>
    </word>
    <word seq="9">on<GreekSeq>8</GreekSeq>
    </word>
    <word seq="10">her</word>
    <word seq="11">head<GreekSeq>10</GreekSeq>
    </word>
    <word seq="12">because of<GreekSeq>11</GreekSeq>
    </word>
    <word seq="13">the<GreekSeq>12</GreekSeq>
    </word>
    <word seq="14">angels.<GreekSeq>13</GreekSeq>
    </word>
   </KJV>
  </verse>
  <verse number="11">
   <KJV>
    <word seq="1">Nevertheless<GreekSeq>1</GreekSeq>
    </word>
    <word seq="2">neither<GreekSeq>2</GreekSeq>
    </word>
    <word seq="3">is</word>
    <word seq="4">the man<GreekSeq>5</GreekSeq>
    </word>
    <word seq="5">without<GreekSeq>4</GreekSeq>
    </word>
    <word seq="6">the woman,<GreekSeq>3</GreekSeq>
    </word>
    <word seq="7">neither<GreekSeq>6</GreekSeq>
    </word>
    <word seq="8">the woman<GreekSeq>9</GreekSeq>
    </word>
    <word seq="9">without<GreekSeq>8</GreekSeq>
    </word>
    <word seq="10">the man,<GreekSeq>7</GreekSeq>
    </word>
    <word seq="11">in<GreekSeq>10</GreekSeq>
    </word>
    <word seq="12">the Lord.<GreekSeq>11</GreekSeq>
    </word>
   </KJV>
  </verse>
  <verse number="12">
   <KJV>
    <word seq="1">For<GreekSeq>2</GreekSeq>
    </word>
    <word seq="2">as<GreekSeq>1</GreekSeq>
    </word>
    <word seq="3">the<GreekSeq>3</GreekSeq>
    </word>
    <word seq="4">woman<GreekSeq>4</GreekSeq>
    </word>
    <word seq="5">is</word>
    <word seq="6">of<GreekSeq>5</GreekSeq>
    </word>
    <word seq="7">the<GreekSeq>6</GreekSeq>
    </word>
    <word seq="8">man,<GreekSeq>7</GreekSeq>
    </word>
    <word seq="9">even so<GreekSeq>8</GreekSeq>
    </word>
    <word seq="10">is</word>
    <word seq="11">the<GreekSeq>10</GreekSeq>
    </word>
    <word seq="12">man<GreekSeq>11</GreekSeq>
    </word>
    <word seq="13">also<GreekSeq>9</GreekSeq>
    </word>
    <word seq="14">by<GreekSeq>12</GreekSeq>
    </word>
    <word seq="15">the<GreekSeq>13</GreekSeq>
    </word>
    <word seq="16">woman;<GreekSeq>14</GreekSeq>
    </word>
    <word seq="17">but<GreekSeq>16</GreekSeq>
    </word>
    <word seq="18">all things <GreekSeq>15</GreekSeq>
     <GreekSeq>17</GreekSeq>
    </word>
    <word seq="19">of<GreekSeq>18</GreekSeq>
    </word>
    <word seq="20">God.<GreekSeq>20</GreekSeq>
    </word>
   </KJV>
  </verse>
  <verse number="13">
   <KJV>
    <word seq="1">Judge<GreekSeq>4</GreekSeq>
    </word>
    <word seq="2">in<GreekSeq>1</GreekSeq>
    </word>
    <word seq="3">yourselves:<GreekSeq>2</GreekSeq>
     <GreekSeq>3</GreekSeq>
    </word>
    <word seq="4">is it<GreekSeq>6</GreekSeq>
    </word>
    <word seq="5">comely<GreekSeq>5</GreekSeq>
    </word>
    <word seq="6">that<GreekSeq/>
    </word>
    <word seq="7">a woman<GreekSeq>7</GreekSeq>
    </word>
    <word seq="8">pray<GreekSeq>11</GreekSeq>
    </word>
    <word seq="9">unto God<GreekSeq>10</GreekSeq>
    </word>
    <word seq="10">uncovered?<GreekSeq>8</GreekSeq>
    </word>
   </KJV>
  </verse>
  <verse number="14">
   <KJV>
    <word seq="1">Doth</word>
    <word seq="2">not even<GreekSeq>1</GreekSeq>
    </word>
    <word seq="3">nature<GreekSeq>3</GreekSeq>
    </word>
    <word seq="4">itself<GreekSeq>4</GreekSeq>
    </word>
    <word seq="5">teach<GreekSeq>5</GreekSeq>
    </word>
    <word seq="6">you,<GreekSeq>6</GreekSeq>
    </word>
    <word seq="7">that,<GreekSeq>7</GreekSeq>
    </word>
    <word seq="8">if<GreekSeq>10</GreekSeq>
    </word>
    <word seq="9">a man<GreekSeq>8</GreekSeq>
    </word>
    <word seq="10">have long hair,<GreekSeq>11</GreekSeq>
    </word>
    <word seq="11">it is<GreekSeq>14</GreekSeq>
    </word>
    <word seq="12">a shame<GreekSeq>12</GreekSeq>
    </word>
    <word seq="13">unto him?<GreekSeq>13</GreekSeq>
    </word>
   </KJV>
  </verse>
  <verse number="15">
   <KJV>
    <word seq="1">But<GreekSeq>2</GreekSeq>
    </word>
    <word seq="2">if<GreekSeq>3</GreekSeq>
    </word>
    <word seq="3">a woman<GreekSeq>1</GreekSeq>
    </word>
    <word seq="4">have long hair,<GreekSeq>4</GreekSeq>
    </word>
    <word seq="5">it is<GreekSeq>7</GreekSeq>
    </word>
    <word seq="6">a glory<GreekSeq>5</GreekSeq>
    </word>
    <word seq="7">to her:<GreekSeq>6</GreekSeq>
    </word>
    <word seq="8">for<GreekSeq>8</GreekSeq>
    </word>
    <word seq="9">her</word>
    <word seq="10">hair<GreekSeq>10</GreekSeq>
    </word>
    <word seq="11">is given<GreekSeq>13</GreekSeq>
    </word>
    <word seq="12">her<GreekSeq>14</GreekSeq>
    </word>
    <word seq="13">for<GreekSeq>11</GreekSeq>
    </word>
    <word seq="14">a covering.<GreekSeq>12</GreekSeq>
    </word>
   </KJV>
  </verse>
  <verse number="16">
   <KJV>
    <word seq="1">But<GreekSeq>2</GreekSeq>
    </word>
    <word seq="2">if<GreekSeq>1</GreekSeq>
    </word>
    <word seq="3">any man <GreekSeq>3</GreekSeq>
    </word>
    <word seq="4">seem<GreekSeq>4</GreekSeq>
    </word>
    <word seq="5">to be<GreekSeq>6</GreekSeq>
    </word>
    <word seq="6">contentious,<GreekSeq>5</GreekSeq>
    </word>
    <word seq="7">we<GreekSeq>7</GreekSeq>
    </word>
    <word seq="8">have<GreekSeq>11</GreekSeq>
    </word>
    <word seq="9">no<GreekSeq>10</GreekSeq>
    </word>
    <word seq="10">such<GreekSeq>8</GreekSeq>
    </word>
    <word seq="11">custom,<GreekSeq>9</GreekSeq>
    </word>
    <word seq="12">neither<GreekSeq>12</GreekSeq>
    </word>
    <word seq="13">the<GreekSeq>13</GreekSeq>
    </word>
    <word seq="14">churches<GreekSeq>14</GreekSeq>
    </word>
    <word seq="15">of God.<GreekSeq>16</GreekSeq>
    </word>
   </KJV>
  </verse>
  <verse number="17">
   <KJV>
    <word seq="1">Now<GreekSeq>2</GreekSeq>
    </word>
    <word seq="2">in this<GreekSeq>1</GreekSeq>
    </word>
    <word seq="3">that [I] declare<GreekSeq>3</GreekSeq>
    </word>
    <word seq="4">unto you</word>
    <word seq="5">I praise<GreekSeq>5</GreekSeq>
    </word>
    <word seq="6">you</word>
    <word seq="7">not,<GreekSeq>4</GreekSeq>
    </word>
    <word seq="8">that<GreekSeq>6</GreekSeq>
    </word>
    <word seq="9">ye come together<GreekSeq>15</GreekSeq>
    </word>
    <word seq="10">not<GreekSeq>7</GreekSeq>
    </word>
    <word seq="11">for<GreekSeq>8</GreekSeq>
    </word>
    <word seq="12">the<GreekSeq>9</GreekSeq>
    </word>
    <word note="Base of different Greek: κρεῖττον(2909)" seq="13">better,<GreekSeq>10</GreekSeq>
    </word>
    <word seq="14">but<GreekSeq>11</GreekSeq>
    </word>
    <word seq="15">for<GreekSeq>12</GreekSeq>
    </word>
    <word seq="16">the<GreekSeq>13</GreekSeq>
    </word>
    <word seq="17">worse.<GreekSeq>14</GreekSeq>
    </word>
   </KJV>
  </verse>
  <verse number="18">
   <KJV>
    <word seq="1">For<GreekSeq>3</GreekSeq>
    </word>
    <word seq="2">first of all<GreekSeq>1</GreekSeq>
    </word>
    <word seq="3">when<GreekSeq/>
    </word>
    <word seq="4">ye<GreekSeq>5</GreekSeq>
    </word>
    <word seq="5">come together<GreekSeq>4</GreekSeq>
    </word>
    <word seq="6">in<GreekSeq>6</GreekSeq>
    </word>
    <word seq="7">the church,<GreekSeq>7</GreekSeq>
    </word>
    <word seq="8">I hear<GreekSeq>8</GreekSeq>
    </word>
    <word seq="9">that</word>
    <word seq="10">there be<GreekSeq>12</GreekSeq>
    </word>
    <word seq="11">divisions<GreekSeq>9</GreekSeq>
    </word>
    <word seq="12">among<GreekSeq>10</GreekSeq>
    </word>
    <word seq="13">you;<GreekSeq>11</GreekSeq>
    </word>
    <word seq="14">and<GreekSeq>13</GreekSeq>
    </word>
    <word seq="15">I<GreekSeq>16</GreekSeq>
    </word>
    <word seq="16">partly<GreekSeq>14</GreekSeq>
    </word>
    <word seq="17">believe<GreekSeq>16</GreekSeq>
    </word>
    <word seq="18">it.<GreekSeq>15</GreekSeq>
    </word>
   </KJV>
  </verse>
  <verse number="19">
   <KJV>
    <word seq="1">For<GreekSeq>2</GreekSeq>
    </word>
    <word seq="2">there must<GreekSeq>1</GreekSeq>
    </word>
    <word seq="3">be<GreekSeq>7</GreekSeq>
    </word>
    <word seq="4">also<GreekSeq>3</GreekSeq>
    </word>
    <word seq="5">heresies<GreekSeq>4</GreekSeq>
    </word>
    <word seq="6">among<GreekSeq>5</GreekSeq>
    </word>
    <word seq="7">you,<GreekSeq>6</GreekSeq>
    </word>
    <word seq="8">that<GreekSeq>8</GreekSeq>
    </word>
    <word seq="9">they<GreekSeq>10</GreekSeq>
    </word>
    <word seq="10">which are</word>
    <word seq="11">approved<GreekSeq>11</GreekSeq>
    </word>
    <word seq="12">may be made <GreekSeq>13</GreekSeq>
    </word>
    <word seq="13">manifest<GreekSeq>12</GreekSeq>
    </word>
    <word seq="14">among<GreekSeq>14</GreekSeq>
    </word>
    <word seq="15">you.<GreekSeq>15</GreekSeq>
    </word>
   </KJV>
  </verse>
  <verse number="20">
   <KJV>
    <word seq="1">When<GreekSeq/>
    </word>
    <word seq="2">ye<GreekSeq>3</GreekSeq>
    </word>
    <word seq="3">come together<GreekSeq>1</GreekSeq>
    </word>
    <word seq="4">therefore<GreekSeq>2</GreekSeq>
    </word>
    <word seq="5">into<GreekSeq>4</GreekSeq>
    </word>
    <word seq="6">one [place],<GreekSeq>5</GreekSeq>
     <GreekSeq>6</GreekSeq>
    </word>
    <word seq="7">this is<GreekSeq>8</GreekSeq>
    </word>
    <word seq="8">not<GreekSeq>7</GreekSeq>
    </word>
    <word seq="9">to eat<GreekSeq>11</GreekSeq>
    </word>
    <word seq="10">the<GreekSeq/>
    </word>
    <word seq="11">Lord's<GreekSeq>9</GreekSeq>
    </word>
    <word seq="12">supper.<GreekSeq>10</GreekSeq>
    </word>
   </KJV>
  </verse>
  <verse number="21">
   <KJV>
    <word seq="1">For<GreekSeq>2</GreekSeq>
    </word>
    <word seq="2">in<GreekSeq>7</GreekSeq>
    </word>
    <word seq="3">eating<GreekSeq>9</GreekSeq>
    </word>
    <word seq="4">every one<GreekSeq>1</GreekSeq>
    </word>
    <word seq="5">taketh before<GreekSeq>6</GreekSeq>
    </word>
    <word seq="6">other</word>
    <word seq="7">his own<GreekSeq>4</GreekSeq>
    </word>
    <word seq="8">supper:<GreekSeq>5</GreekSeq>
    </word>
    <word seq="9">and<GreekSeq>10</GreekSeq>
    </word>
    <word seq="10">one<GreekSeq>11</GreekSeq>
    </word>
    <word seq="11">is hungry,<GreekSeq>13</GreekSeq>
    </word>
    <word seq="12">and<GreekSeq>15</GreekSeq>
    </word>
    <word seq="13">another<GreekSeq>14</GreekSeq>
    </word>
    <word seq="14">is drunken.<GreekSeq>16</GreekSeq>
    </word>
   </KJV>
  </verse>
  <verse number="22">
   <KJV>
    <word seq="1">What?<GreekSeq>2</GreekSeq>
    </word>
    <word seq="2">have ye<GreekSeq>5</GreekSeq>
    </word>
    <word note="μὴ οὐκ Strong Code (3378)" seq="3">not<GreekSeq>1</GreekSeq>
     <GreekSeq>4</GreekSeq>
    </word>
    <word seq="4">houses<GreekSeq>3</GreekSeq>
    </word>
    <word seq="5">to eat<GreekSeq>8</GreekSeq>
    </word>
    <word seq="6">and<GreekSeq>9</GreekSeq>
    </word>
    <word seq="7">to drink<GreekSeq>10</GreekSeq>
    </word>
    <word seq="8">in?<GreekSeq>6</GreekSeq>
    </word>
    <word seq="9">or<GreekSeq>11</GreekSeq>
    </word>
    <word seq="10">despise ye<GreekSeq>16</GreekSeq>
    </word>
    <word seq="11">the<GreekSeq>12</GreekSeq>
    </word>
    <word seq="12">church<GreekSeq>13</GreekSeq>
    </word>
    <word seq="13">of God,<GreekSeq>15</GreekSeq>
    </word>
    <word seq="14">and<GreekSeq>17</GreekSeq>
    </word>
    <word seq="15">shame<GreekSeq>18</GreekSeq>
    </word>
    <word seq="16">them<GreekSeq>19</GreekSeq>
    </word>
    <word seq="17">that have<GreekSeq>21</GreekSeq>
    </word>
    <word seq="18">not?<GreekSeq>20</GreekSeq>
    </word>
    <word seq="19">What<GreekSeq>22</GreekSeq>
    </word>
    <word seq="20">shall I say<GreekSeq>23</GreekSeq>
    </word>
    <word seq="21">to you?<GreekSeq>24</GreekSeq>
    </word>
    <word seq="22">shall I praise<GreekSeq>25</GreekSeq>
    </word>
    <word seq="23">you<GreekSeq>26</GreekSeq>
    </word>
    <word seq="24">in<GreekSeq>27</GreekSeq>
    </word>
    <word seq="25">this?<GreekSeq>28</GreekSeq>
    </word>
    <word seq="26">I praise<GreekSeq>30</GreekSeq>
    </word>
    <word seq="27">you</word>
    <word seq="28">not.<GreekSeq>29</GreekSeq>
    </word>
   </KJV>
  </verse>
  <verse number="23">
   <KJV>
    <word seq="1">For<GreekSeq>2</GreekSeq>
    </word>
    <word seq="2">I<GreekSeq>1</GreekSeq>
    </word>
    <word seq="3">have received<GreekSeq>3</GreekSeq>
    </word>
    <word seq="4">of<GreekSeq>4</GreekSeq>
    </word>
    <word seq="5">the<GreekSeq>5</GreekSeq>
    </word>
    <word seq="6">Lord<GreekSeq>6</GreekSeq>
    </word>
    <word seq="7">that</word>
    <word seq="8">which<GreekSeq>7</GreekSeq>
    </word>
    <word seq="9">also<GreekSeq>8</GreekSeq>
    </word>
    <word seq="10">I delivered<GreekSeq>9</GreekSeq>
    </word>
    <word seq="11">unto you,<GreekSeq>10</GreekSeq>
    </word>
    <word seq="12">That<GreekSeq>11</GreekSeq>
    </word>
    <word seq="13">the<GreekSeq>12</GreekSeq>
    </word>
    <word seq="14">Lord<GreekSeq>13</GreekSeq>
    </word>
    <word seq="15">Jesus<GreekSeq>14</GreekSeq>
    </word>
    <word seq="16">the<GreekSeq>16</GreekSeq>
    </word>
    <word seq="17">same</word>
    <word seq="18">night<GreekSeq>17</GreekSeq>
    </word>
    <word seq="19">in<GreekSeq>15</GreekSeq>
    </word>
    <word seq="20">which<GreekSeq>18</GreekSeq>
    </word>
    <word seq="21">he was betrayed<GreekSeq>19</GreekSeq>
    </word>
    <word seq="22">took<GreekSeq>20</GreekSeq>
    </word>
    <word seq="23">bread:<GreekSeq>21</GreekSeq>
    </word>
   </KJV>
  </verse>
  <verse number="24">
   <KJV>
    <word seq="1">And<GreekSeq>1</GreekSeq>
    </word>
    <word seq="2">when</word>
    <word seq="3">he had given thanks,<GreekSeq>2</GreekSeq>
    </word>
    <word seq="4">he brake<GreekSeq>3</GreekSeq>
    </word>
    <word seq="5">it,</word>
    <word seq="6">and<GreekSeq>4</GreekSeq>
    </word>
    <word seq="7">said,<GreekSeq>5</GreekSeq>
    </word>
    <word note="Base of different Greek: Λάβετε(2983)" seq="8">Take,</word>
    <word note="Base of different Greek: φαγετε(5315)" seq="9">eat:</word>
    <word seq="10">this<GreekSeq>6</GreekSeq>
    </word>
    <word seq="11">is<GreekSeq>8</GreekSeq>
    </word>
    <word seq="12">my<GreekSeq>7</GreekSeq>
    </word>
    <word seq="13">body,<GreekSeq>10</GreekSeq>
    </word>
    <word note="Base of different Greek:  κλώμενον(2806)" seq="14">which is broken</word>
    <word seq="15">for<GreekSeq>12</GreekSeq>
    </word>
    <word seq="16">you:<GreekSeq>13</GreekSeq>
    </word>
    <word seq="17">this<GreekSeq>14</GreekSeq>
    </word>
    <word seq="18">do<GreekSeq>15</GreekSeq>
    </word>
    <word seq="19">in<GreekSeq>16</GreekSeq>
    </word>
    <word seq="20">remembrance<GreekSeq>19</GreekSeq>
    </word>
    <word seq="21">of me.<GreekSeq>18</GreekSeq>
    </word>
   </KJV>
  </verse>
  <verse number="25">
   <KJV>
    <word seq="1">After the same manner<GreekSeq>1</GreekSeq>
    </word>
    <word seq="2">also<GreekSeq>2</GreekSeq>
    </word>
    <word seq="3">he took</word>
    <word seq="4">the<GreekSeq>3</GreekSeq>
    </word>
    <word seq="5">cup,<GreekSeq>4</GreekSeq>
    </word>
    <word seq="6">when [he] had supped,<GreekSeq>5</GreekSeq>
     <GreekSeq>6</GreekSeq>
     <GreekSeq>7</GreekSeq>
    </word>
    <word seq="7">saying,<GreekSeq>8</GreekSeq>
    </word>
    <word seq="8">This<GreekSeq>9</GreekSeq>
    </word>
    <word seq="9">cup<GreekSeq>11</GreekSeq>
    </word>
    <word seq="10">is<GreekSeq>15</GreekSeq>
    </word>
    <word seq="11">the<GreekSeq>12</GreekSeq>
    </word>
    <word seq="12">new<GreekSeq>13</GreekSeq>
    </word>
    <word seq="13">testament<GreekSeq>14</GreekSeq>
    </word>
    <word seq="14">in<GreekSeq>16</GreekSeq>
    </word>
    <word seq="15">my<GreekSeq>18</GreekSeq>
    </word>
    <word seq="16">blood:<GreekSeq>19</GreekSeq>
    </word>
    <word seq="17">this<GreekSeq>20</GreekSeq>
    </word>
    <word seq="18">do ye,<GreekSeq>21</GreekSeq>
    </word>
    <word note="Base of different Greek:  οσακις ἂν(302)" seq="19">as oft as<GreekSeq>22</GreekSeq>
     <GreekSeq>23</GreekSeq>
    </word>
    <word seq="20">ye drink<GreekSeq>24</GreekSeq>
    </word>
    <word seq="21">it,</word>
    <word seq="22">in<GreekSeq>25</GreekSeq>
    </word>
    <word seq="23">remembrance<GreekSeq>28</GreekSeq>
    </word>
    <word seq="24">of me.<GreekSeq>27</GreekSeq>
    </word>
   </KJV>
  </verse>
  <verse number="26">
   <KJV>
    <word seq="1">For<GreekSeq>2</GreekSeq>
    </word>
    <word note="Base of different Greek:  οσακις ἂν(302)" seq="2">as often as<GreekSeq>1</GreekSeq>
     <GreekSeq>3</GreekSeq>
    </word>
    <word seq="3">ye eat<GreekSeq>4</GreekSeq>
    </word>
    <word seq="4">this<GreekSeq>7</GreekSeq>
    </word>
    <word seq="5">bread,<GreekSeq>6</GreekSeq>
    </word>
    <word seq="6">and<GreekSeq>8</GreekSeq>
    </word>
    <word seq="7">drink<GreekSeq>11</GreekSeq>
    </word>
    <word note="Base of different Greek: τοῦτο(5124)" seq="8">this<GreekSeq>9</GreekSeq>
    </word>
    <word seq="9">cup,<GreekSeq>10</GreekSeq>
    </word>
    <word seq="10">ye do shew<GreekSeq>16</GreekSeq>
    </word>
    <word seq="11">the<GreekSeq>12</GreekSeq>
    </word>
    <word seq="12">Lord's<GreekSeq>15</GreekSeq>
    </word>
    <word seq="13">death<GreekSeq>13</GreekSeq>
    </word>
    <word note="Base of different Greek:  ἂν(302)" seq="14">till<GreekSeq>17</GreekSeq>
    </word>
    <word seq="15">he<GreekSeq>18</GreekSeq>
    </word>
    <word seq="16">come.<GreekSeq>19</GreekSeq>
    </word>
   </KJV>
  </verse>
  <verse number="27">
   <KJV>
    <word seq="1">Wherefore<GreekSeq>1</GreekSeq>
    </word>
    <word seq="2">whosoever<GreekSeq>2</GreekSeq>
     <GreekSeq>3</GreekSeq>
    </word>
    <word seq="3">shall eat<GreekSeq>4</GreekSeq>
    </word>
    <word note="Base of different Greek: τοῦτον(5126)" seq="4">this<GreekSeq>5</GreekSeq>
    </word>
    <word seq="5">bread,<GreekSeq>6</GreekSeq>
    </word>
    <word seq="6">and<GreekSeq>7</GreekSeq>
    </word>
    <word seq="7">drink<GreekSeq>8</GreekSeq>
    </word>
    <word seq="8">this<GreekSeq>9</GreekSeq>
    </word>
    <word seq="9">cup<GreekSeq>10</GreekSeq>
    </word>
    <word seq="10">of the<GreekSeq>11</GreekSeq>
    </word>
    <word seq="11">Lord,<GreekSeq>12</GreekSeq>
    </word>
    <word seq="12">unworthily,<GreekSeq>13</GreekSeq>
    </word>
    <word seq="13">shall be<GreekSeq>15</GreekSeq>
    </word>
    <word seq="14">guilty<GreekSeq>14</GreekSeq>
    </word>
    <word seq="15">of the<GreekSeq>16</GreekSeq>
    </word>
    <word seq="16">body<GreekSeq>17</GreekSeq>
    </word>
    <word seq="17">and<GreekSeq>18</GreekSeq>
    </word>
    <word seq="18">blood<GreekSeq>20</GreekSeq>
    </word>
    <word seq="19">of the<GreekSeq>21</GreekSeq>
    </word>
    <word seq="20">Lord.<GreekSeq>22</GreekSeq>
    </word>
   </KJV>
  </verse>
  <verse number="28">
   <KJV>
    <word seq="1">But<GreekSeq>2</GreekSeq>
    </word>
    <word seq="2">let<GreekSeq>1</GreekSeq>
    </word>
    <word seq="3">a man<GreekSeq>3</GreekSeq>
    </word>
    <word seq="4">examine<GreekSeq>1</GreekSeq>
    </word>
    <word seq="5">himself,<GreekSeq>4</GreekSeq>
    </word>
    <word seq="6">and<GreekSeq>5</GreekSeq>
    </word>
    <word seq="7">so<GreekSeq>6</GreekSeq>
    </word>
    <word seq="8">let him eat<GreekSeq>10</GreekSeq>
    </word>
    <word seq="9">of<GreekSeq>7</GreekSeq>
    </word>
    <word seq="10">that<GreekSeq>8</GreekSeq>
    </word>
    <word seq="11">bread,<GreekSeq>9</GreekSeq>
    </word>
    <word seq="12">and<GreekSeq>11</GreekSeq>
    </word>
    <word seq="13">drink<GreekSeq>15</GreekSeq>
    </word>
    <word seq="14">of<GreekSeq>12</GreekSeq>
    </word>
    <word seq="15">that<GreekSeq>13</GreekSeq>
    </word>
    <word seq="16">cup.<GreekSeq>14</GreekSeq>
    </word>
   </KJV>
  </verse>
  <verse number="29">
   <KJV>
    <word seq="1">For<GreekSeq>2</GreekSeq>
    </word>
    <word seq="2">he<GreekSeq>1</GreekSeq>
    </word>
    <word seq="3">that eateth<GreekSeq>3</GreekSeq>
    </word>
    <word seq="4">and<GreekSeq>4</GreekSeq>
    </word>
    <word seq="5">drinketh<GreekSeq>5</GreekSeq>
    </word>
    <word note="Base of different Greek: ἀναξίως(371)" seq="6">unworthily,</word>
    <word seq="7">eateth<GreekSeq>8</GreekSeq>
    </word>
    <word seq="8">and<GreekSeq>9</GreekSeq>
    </word>
    <word seq="9">drinketh<GreekSeq>10</GreekSeq>
    </word>
    <word seq="10">damnation<GreekSeq>6</GreekSeq>
    </word>
    <word seq="11">to himself,<GreekSeq>7</GreekSeq>
    </word>
    <word seq="12">not<GreekSeq>11</GreekSeq>
    </word>
    <word seq="13">discerning<GreekSeq>12</GreekSeq>
    </word>
    <word seq="14">the<GreekSeq>13</GreekSeq>
    </word>
    <word note="Base of different Greek: Κυρίου(2962)" seq="15">Lord's</word>
    <word seq="16">body.<GreekSeq>14</GreekSeq>
    </word>
   </KJV>
  </verse>
  <verse number="30">
   <KJV>
    <word seq="1">For<GreekSeq>1</GreekSeq>
    </word>
    <word seq="2">this<GreekSeq>2</GreekSeq>
    </word>
    <word seq="3">cause<GreekSeq>1</GreekSeq>
    </word>
    <word seq="4">many<GreekSeq>5</GreekSeq>
    </word>
    <word seq="5">are</word>
    <word seq="6">weak<GreekSeq>6</GreekSeq>
    </word>
    <word seq="7">and<GreekSeq>7</GreekSeq>
    </word>
    <word seq="8">sickly<GreekSeq>8</GreekSeq>
    </word>
    <word seq="9">among<GreekSeq>3</GreekSeq>
    </word>
    <word seq="10">you,<GreekSeq>4</GreekSeq>
    </word>
    <word seq="11">and<GreekSeq>9</GreekSeq>
    </word>
    <word seq="12">many<GreekSeq>11</GreekSeq>
    </word>
    <word seq="13">sleep.<GreekSeq>10</GreekSeq>
    </word>
   </KJV>
  </verse>
  <verse number="31">
   <KJV>
    <word note="Base of different Greek: γὰρ(1063)" seq="1">For<GreekSeq>2</GreekSeq>
    </word>
    <word seq="2">if<GreekSeq>1</GreekSeq>
    </word>
    <word seq="3">we would judge<GreekSeq>4</GreekSeq>
    </word>
    <word seq="4">ourselves,<GreekSeq>3</GreekSeq>
    </word>
    <word seq="5">we<GreekSeq>7</GreekSeq>
    </word>
    <word seq="6">should not<GreekSeq>5</GreekSeq>
     <GreekSeq>6</GreekSeq>
    </word>
    <word seq="7">be judged.<GreekSeq>7</GreekSeq>
    </word>
   </KJV>
  </verse>
  <verse number="32">
   <KJV>
    <word seq="1">But<GreekSeq>2</GreekSeq>
    </word>
    <word seq="2">when we are judged,<GreekSeq>1</GreekSeq>
    </word>
    <word seq="3">we are chastened<GreekSeq>6</GreekSeq>
    </word>
    <word seq="4">of<GreekSeq>3</GreekSeq>
    </word>
    <word seq="5">the<GreekSeq>4</GreekSeq>
    </word>
    <word seq="6">Lord,<GreekSeq>5</GreekSeq>
    </word>
    <word seq="7">that<GreekSeq>7</GreekSeq>
    </word>
    <word seq="8">we should<GreekSeq>12</GreekSeq>
    </word>
    <word seq="9">not<GreekSeq>8</GreekSeq>
    </word>
    <word seq="10">be condemned<GreekSeq>12</GreekSeq>
    </word>
    <word seq="11">with<GreekSeq>9</GreekSeq>
    </word>
    <word seq="12">the<GreekSeq>10</GreekSeq>
    </word>
    <word seq="13">world.<GreekSeq>11</GreekSeq>
    </word>
   </KJV>
  </verse>
  <verse number="33">
   <KJV>
    <word seq="1">Wherefore,<GreekSeq>1</GreekSeq>
    </word>
    <word seq="2">my<GreekSeq>3</GreekSeq>
    </word>
    <word seq="3">brethren,<GreekSeq>2</GreekSeq>
    </word>
    <word seq="4">when<GreekSeq>5</GreekSeq>
     <GreekSeq>6</GreekSeq>
    </word>
    <word seq="5">ye<GreekSeq>9</GreekSeq>
    </word>
    <word seq="6">come together<GreekSeq>4</GreekSeq>
    </word>
    <word seq="7">to eat,<GreekSeq>7</GreekSeq>
    </word>
    <word seq="8">tarry<GreekSeq>9</GreekSeq>
    </word>
    <word seq="9">one for another.<GreekSeq>8</GreekSeq>
    </word>
   </KJV>
  </verse>
  <verse number="34">
   <KJV>
    <word seq="1">And<GreekSeq>13</GreekSeq>
    </word>
    <word seq="2">if<GreekSeq>1</GreekSeq>
    </word>
    <word seq="3">any man <GreekSeq>2</GreekSeq>
    </word>
    <word seq="4">hunger,<GreekSeq>3</GreekSeq>
    </word>
    <word seq="5">let him eat<GreekSeq>6</GreekSeq>
    </word>
    <word seq="6">at<GreekSeq>4</GreekSeq>
    </word>
    <word seq="7">home;<GreekSeq>5</GreekSeq>
    </word>
    <word seq="8">that<GreekSeq>7</GreekSeq>
    </word>
    <word seq="9">ye come<GreekSeq>11</GreekSeq>
    </word>
    <word seq="10">not<GreekSeq>8</GreekSeq>
    </word>
    <word seq="11">together<GreekSeq>11</GreekSeq>
    </word>
    <word seq="12">unto<GreekSeq>9</GreekSeq>
    </word>
    <word seq="13">condemnation.<GreekSeq>10</GreekSeq>
    </word>
    <word note="Base of different Greek: δὲ(1161)" seq="14">And</word>
    <word seq="15">the<GreekSeq>12</GreekSeq>
    </word>
    <word seq="16">rest<GreekSeq>14</GreekSeq>
    </word>
    <word seq="17">will I set in order<GreekSeq>18</GreekSeq>
    </word>
    <word seq="18">when<GreekSeq>15</GreekSeq>
     <GreekSeq>16</GreekSeq>
    </word>
    <word seq="19">I come.<GreekSeq>17</GreekSeq>
    </word>
   </KJV>
  </verse>
 </chapter>
</book>
