<?xml version="1.0" encoding="UTF-8" standalone="no"?>
<book>
 <chapter book="null" number="13">
  <verse number="1">
   <KJV>
    <word seq="1">Though<GreekSeq>1</GreekSeq>
    </word>
    <word seq="2">I speak<GreekSeq>6</GreekSeq>
    </word>
    <word seq="3">with the<GreekSeq>2</GreekSeq>
    </word>
    <word seq="4">tongues<GreekSeq>3</GreekSeq>
    </word>
    <word seq="5">of men<GreekSeq>5</GreekSeq>
    </word>
    <word seq="6">and<GreekSeq>7</GreekSeq>
    </word>
    <word seq="7">of angels,<GreekSeq>9</GreekSeq>
    </word>
    <word seq="8">and<GreekSeq>11</GreekSeq>
    </word>
    <word seq="9">have<GreekSeq>13</GreekSeq>
    </word>
    <word seq="10">not<GreekSeq>12</GreekSeq>
    </word>
    <word seq="11">charity,<GreekSeq>10</GreekSeq>
    </word>
    <word seq="12">I am become<GreekSeq>14</GreekSeq>
    </word>
    <word seq="13">as</word>
    <word seq="14">sounding<GreekSeq>16</GreekSeq>
    </word>
    <word seq="15">brass,<GreekSeq>15</GreekSeq>
    </word>
    <word seq="16">or<GreekSeq>17</GreekSeq>
    </word>
    <word seq="17">a tinkling<GreekSeq>19</GreekSeq>
    </word>
    <word seq="18">cymbal.<GreekSeq>18</GreekSeq>
    </word>
   </KJV>
  </verse>
  <verse number="2">
   <KJV>
    <word seq="1">And<GreekSeq>1</GreekSeq>
    </word>
    <word seq="2">though<GreekSeq>2</GreekSeq>
    </word>
    <word seq="3">I have<GreekSeq>3</GreekSeq>
    </word>
    <word seq="4">the gift of</word>
    <word seq="5">prophecy,<GreekSeq>4</GreekSeq>
    </word>
    <word seq="6">and<GreekSeq>5</GreekSeq>
    </word>
    <word seq="7">understand<GreekSeq>6</GreekSeq>
    </word>
    <word seq="8">all<GreekSeq>9</GreekSeq>
    </word>
    <word seq="9">mysteries,<GreekSeq>8</GreekSeq>
    </word>
    <word seq="10">and<GreekSeq>10</GreekSeq>
    </word>
    <word seq="11">all<GreekSeq>11</GreekSeq>
    </word>
    <word seq="12">knowledge;<GreekSeq>13</GreekSeq>
    </word>
    <word seq="13">and<GreekSeq>14</GreekSeq>
    </word>
    <word seq="14">though<GreekSeq>15</GreekSeq>
    </word>
    <word seq="15">I have<GreekSeq>16</GreekSeq>
    </word>
    <word seq="16">all<GreekSeq>17</GreekSeq>
    </word>
    <word seq="17">faith,<GreekSeq>19</GreekSeq>
    </word>
    <word seq="18">so that<GreekSeq>20</GreekSeq>
    </word>
    <word seq="19">I could</word>
    <word seq="20">remove<GreekSeq>22</GreekSeq>
    </word>
    <word seq="21">mountains,<GreekSeq>21</GreekSeq>
    </word>
    <word seq="22">and<GreekSeq>24</GreekSeq>
    </word>
    <word seq="23">have<GreekSeq>26</GreekSeq>
    </word>
    <word seq="24">not<GreekSeq>25</GreekSeq>
    </word>
    <word seq="25">charity,<GreekSeq>23</GreekSeq>
    </word>
    <word seq="26">I am<GreekSeq>28</GreekSeq>
    </word>
    <word seq="27">nothing.<GreekSeq>27</GreekSeq>
    </word>
   </KJV>
  </verse>
  <verse number="3">
   <KJV>
    <word note="Base of different Greek: καὶ(2532) ἐὰν(1437)" seq="1">And though<GreekSeq>1</GreekSeq>
    </word>
    <word seq="2">I bestow<GreekSeq>2</GreekSeq>
    </word>
    <word seq="3">all<GreekSeq>3</GreekSeq>
    </word>
    <word seq="4">my<GreekSeq>6</GreekSeq>
    </word>
    <word seq="5">goods<GreekSeq>5</GreekSeq>
    </word>
    <word seq="6">to feed<GreekSeq>2</GreekSeq>
    </word>
    <word seq="7">the poor,</word>
    <word seq="8">and<GreekSeq>7</GreekSeq>
    </word>
    <word seq="9">though<GreekSeq>8</GreekSeq>
    </word>
    <word seq="10">I give<GreekSeq>9</GreekSeq>
    </word>
    <word seq="11">my<GreekSeq>12</GreekSeq>
    </word>
    <word seq="12">body<GreekSeq>11</GreekSeq>
    </word>
    <word note="Base of different Greek: καυθή́σωμαι(2545)" seq="13">to be burned,<GreekSeq>14</GreekSeq>
    </word>
    <word seq="14">and<GreekSeq>16</GreekSeq>
    </word>
    <word seq="15">have<GreekSeq>18</GreekSeq>
    </word>
    <word seq="16">not<GreekSeq>17</GreekSeq>
    </word>
    <word seq="17">charity,<GreekSeq>15</GreekSeq>
    </word>
    <word seq="18">it profiteth me <GreekSeq>20</GreekSeq>
    </word>
    <word seq="19">nothing.<GreekSeq>19</GreekSeq>
    </word>
   </KJV>
  </verse>
  <verse number="4">
   <KJV>
    <word seq="1">Charity<GreekSeq>2</GreekSeq>
    </word>
    <word seq="2">suffereth long,<GreekSeq>3</GreekSeq>
    </word>
    <word seq="3">and</word>
    <word seq="4">is kind;<GreekSeq>4</GreekSeq>
    </word>
    <word seq="5">charity<GreekSeq>6</GreekSeq>
    </word>
    <word seq="6">envieth<GreekSeq>8</GreekSeq>
    </word>
    <word seq="7">not;<GreekSeq>7</GreekSeq>
    </word>
    <word seq="8">charity<GreekSeq>10</GreekSeq>
    </word>
    <word seq="9">vaunteth<GreekSeq>12</GreekSeq>
    </word>
    <word seq="10">not<GreekSeq>11</GreekSeq>
    </word>
    <word seq="11">itself,<GreekSeq>12</GreekSeq>
    </word>
    <word seq="12">is<GreekSeq>14</GreekSeq>
    </word>
    <word seq="13">not<GreekSeq>13</GreekSeq>
    </word>
    <word seq="14">puffed up,<GreekSeq>14</GreekSeq>
    </word>
   </KJV>
  </verse>
  <verse number="5">
   <KJV>
    <word seq="1">Doth<GreekSeq/>
    </word>
    <word seq="2">not<GreekSeq>1</GreekSeq>
    </word>
    <word seq="3">behave itself unseemly,<GreekSeq>2</GreekSeq>
    </word>
    <word seq="4">seeketh<GreekSeq>4</GreekSeq>
    </word>
    <word seq="5">not<GreekSeq>3</GreekSeq>
    </word>
    <word seq="6">her own,<GreekSeq>6</GreekSeq>
    </word>
    <word seq="7">is<GreekSeq>8</GreekSeq>
    </word>
    <word seq="8">not<GreekSeq>7</GreekSeq>
    </word>
    <word seq="9">easily provoked,<GreekSeq>8</GreekSeq>
    </word>
    <word seq="10">thinketh<GreekSeq>10</GreekSeq>
    </word>
    <word seq="11">no<GreekSeq>9</GreekSeq>
    </word>
    <word seq="12">evil;<GreekSeq>12</GreekSeq>
    </word>
   </KJV>
  </verse>
  <verse number="6">
   <KJV>
    <word seq="1">Rejoiceth<GreekSeq>2</GreekSeq>
    </word>
    <word seq="2">not<GreekSeq>1</GreekSeq>
    </word>
    <word seq="3">in<GreekSeq>3</GreekSeq>
    </word>
    <word seq="4">iniquity,<GreekSeq>5</GreekSeq>
    </word>
    <word seq="5">but<GreekSeq>7</GreekSeq>
    </word>
    <word seq="6">rejoiceth<GreekSeq>6</GreekSeq>
    </word>
    <word seq="7">in the<GreekSeq>8</GreekSeq>
    </word>
    <word seq="8">truth;<GreekSeq>9</GreekSeq>
    </word>
   </KJV>
  </verse>
  <verse number="7">
   <KJV>
    <word seq="1">Beareth<GreekSeq>2</GreekSeq>
    </word>
    <word seq="2">all [things],<GreekSeq>1</GreekSeq>
    </word>
    <word seq="3">believeth<GreekSeq>4</GreekSeq>
    </word>
    <word seq="4">all [things],<GreekSeq>3</GreekSeq>
    </word>
    <word seq="5">hopeth<GreekSeq>6</GreekSeq>
    </word>
    <word seq="6">all [things],<GreekSeq>5</GreekSeq>
    </word>
    <word seq="7">endureth<GreekSeq>8</GreekSeq>
    </word>
    <word seq="8">all [things].<GreekSeq>7</GreekSeq>
    </word>
   </KJV>
  </verse>
  <verse number="8">
   <KJV>
    <word seq="1">Charity<GreekSeq>2</GreekSeq>
    </word>
    <word seq="2">never<GreekSeq>3</GreekSeq>
    </word>
    <word note="Base of different Greek: ἐκπίπτει(1601)" seq="3">faileth:<GreekSeq>4</GreekSeq>
    </word>
    <word seq="4">but<GreekSeq>6</GreekSeq>
    </word>
    <word seq="5">whether<GreekSeq>5</GreekSeq>
    </word>
    <word seq="6">there be</word>
    <word seq="7">prophecies,<GreekSeq>7</GreekSeq>
    </word>
    <word seq="8">they shall fail;<GreekSeq>8</GreekSeq>
    </word>
    <word seq="9">whether<GreekSeq>9</GreekSeq>
    </word>
    <word seq="10">there be</word>
    <word seq="11">tongues,<GreekSeq>10</GreekSeq>
    </word>
    <word seq="12">they shall cease;<GreekSeq>11</GreekSeq>
    </word>
    <word seq="13">whether<GreekSeq>12</GreekSeq>
    </word>
    <word seq="14">there be</word>
    <word seq="15">knowledge,<GreekSeq>13</GreekSeq>
    </word>
    <word seq="16">it shall vanish away.<GreekSeq>14</GreekSeq>
    </word>
   </KJV>
  </verse>
  <verse number="9">
   <KJV>
    <word seq="1">For<GreekSeq>3</GreekSeq>
    </word>
    <word seq="2">we know<GreekSeq>4</GreekSeq>
    </word>
    <word seq="3">in<GreekSeq>1</GreekSeq>
    </word>
    <word seq="4">part,<GreekSeq>2</GreekSeq>
    </word>
    <word seq="5">and<GreekSeq>5</GreekSeq>
    </word>
    <word seq="6">we prophesy<GreekSeq>8</GreekSeq>
    </word>
    <word seq="7">in<GreekSeq>6</GreekSeq>
    </word>
    <word seq="8">part.<GreekSeq>7</GreekSeq>
    </word>
   </KJV>
  </verse>
  <verse number="10">
   <KJV>
    <word seq="1">But<GreekSeq>2</GreekSeq>
    </word>
    <word seq="2">when<GreekSeq>1</GreekSeq>
    </word>
    <word seq="3">that<GreekSeq>4</GreekSeq>
    </word>
    <word seq="4">which is</word>
    <word seq="5">perfect<GreekSeq>5</GreekSeq>
    </word>
    <word seq="6">is come,<GreekSeq>3</GreekSeq>
    </word>
    <word note="Base of different Greek: τότε(5119)" seq="7">then</word>
    <word seq="8">that<GreekSeq>6</GreekSeq>
    </word>
    <word seq="9">which is </word>
    <word seq="10">in part<GreekSeq>7</GreekSeq>
     <GreekSeq>8</GreekSeq>
    </word>
    <word seq="11">shall be done away.<GreekSeq>9</GreekSeq>
    </word>
   </KJV>
  </verse>
  <verse number="11">
   <KJV>
    <word seq="1">When<GreekSeq>1</GreekSeq>
    </word>
    <word seq="2">I was<GreekSeq>2</GreekSeq>
    </word>
    <word seq="3">a child,<GreekSeq>3</GreekSeq>
    </word>
    <word seq="4">I spake<GreekSeq>4</GreekSeq>
    </word>
    <word seq="5">as<GreekSeq>5</GreekSeq>
    </word>
    <word seq="6">a child,<GreekSeq>6</GreekSeq>
    </word>
    <word seq="7">I understood<GreekSeq>7</GreekSeq>
    </word>
    <word seq="8">as<GreekSeq>8</GreekSeq>
    </word>
    <word seq="9">a child,<GreekSeq>9</GreekSeq>
    </word>
    <word seq="10">I thought<GreekSeq>10</GreekSeq>
    </word>
    <word seq="11">as<GreekSeq>11</GreekSeq>
    </word>
    <word seq="12">a child:<GreekSeq>12</GreekSeq>
    </word>
    <word note="Base of different Greek: δὲ(1161)" seq="13">but</word>
    <word seq="14">when<GreekSeq>13</GreekSeq>
    </word>
    <word seq="15">I became<GreekSeq>14</GreekSeq>
    </word>
    <word seq="16">a man,<GreekSeq>15</GreekSeq>
    </word>
    <word seq="17">I put away<GreekSeq>16</GreekSeq>
    </word>
    <word seq="18">childish<GreekSeq>19</GreekSeq>
    </word>
    <word seq="19">things.<GreekSeq>17</GreekSeq>
    </word>
   </KJV>
  </verse>
  <verse number="12">
   <KJV>
    <word seq="1">For<GreekSeq>2</GreekSeq>
    </word>
    <word seq="2">now<GreekSeq>3</GreekSeq>
    </word>
    <word seq="3">we see<GreekSeq>1</GreekSeq>
    </word>
    <word seq="4">through<GreekSeq>4</GreekSeq>
    </word>
    <word seq="5">a glass,<GreekSeq>5</GreekSeq>
    </word>
    <word seq="6">darkly;<GreekSeq>6</GreekSeq>
     <GreekSeq>7</GreekSeq>
    </word>
    <word seq="7">but<GreekSeq>9</GreekSeq>
    </word>
    <word seq="8">then<GreekSeq>8</GreekSeq>
    </word>
    <word seq="9">face<GreekSeq>10</GreekSeq>
    </word>
    <word seq="10">to<GreekSeq>11</GreekSeq>
    </word>
    <word seq="11">face:<GreekSeq>12</GreekSeq>
    </word>
    <word seq="12">now<GreekSeq>13</GreekSeq>
    </word>
    <word seq="13">I know<GreekSeq>14</GreekSeq>
    </word>
    <word seq="14">in part;<GreekSeq>15</GreekSeq>
     <GreekSeq>16</GreekSeq>
    </word>
    <word seq="15">but<GreekSeq>18</GreekSeq>
    </word>
    <word seq="16">then<GreekSeq>17</GreekSeq>
    </word>
    <word seq="17">shall I know<GreekSeq>19</GreekSeq>
    </word>
    <word seq="18">even as<GreekSeq>20</GreekSeq>
    </word>
    <word seq="19">also<GreekSeq>21</GreekSeq>
    </word>
    <word seq="20">I am known.<GreekSeq>22</GreekSeq>
    </word>
   </KJV>
  </verse>
  <verse number="13">
   <KJV>
    <word seq="1">And<GreekSeq>2</GreekSeq>
    </word>
    <word seq="2">now<GreekSeq>1</GreekSeq>
    </word>
    <word seq="3">abideth<GreekSeq>3</GreekSeq>
    </word>
    <word seq="4">faith,<GreekSeq>4</GreekSeq>
    </word>
    <word seq="5">hope,<GreekSeq>5</GreekSeq>
    </word>
    <word seq="6">charity,<GreekSeq>6</GreekSeq>
    </word>
    <word seq="7">these<GreekSeq>9</GreekSeq>
    </word>
    <word seq="8">three;<GreekSeq>8</GreekSeq>
    </word>
    <word seq="9">but<GreekSeq>11</GreekSeq>
    </word>
    <word seq="10">the greatest<GreekSeq>10</GreekSeq>
    </word>
    <word seq="11">of these<GreekSeq>12</GreekSeq>
    </word>
    <word seq="12">is</word>
    <word seq="13">charity.<GreekSeq>14</GreekSeq>
    </word>
   </KJV>
  </verse>
 </chapter>
</book>
