<?xml version="1.0" encoding="UTF-8" standalone="no"?>
<book>
 <chapter book="null" number="5">
  <verse number="1">
   <KJV>
    <word seq="1">It is reported<GreekSeq>2</GreekSeq>
    </word>
    <word seq="2">commonly<GreekSeq>1</GreekSeq>
    </word>
    <word seq="3">that there is</word>
    <word seq="4">fornication<GreekSeq>5</GreekSeq>
    </word>
    <word seq="5">among<GreekSeq>3</GreekSeq>
    </word>
    <word seq="6">you,<GreekSeq>4</GreekSeq>
    </word>
    <word seq="7">and<GreekSeq>6</GreekSeq>
    </word>
    <word seq="8">such<GreekSeq>7</GreekSeq>
    </word>
    <word seq="9">fornication<GreekSeq>8</GreekSeq>
    </word>
    <word seq="10">as<GreekSeq>9</GreekSeq>
    </word>
    <word seq="11">is</word>
    <word seq="12">not so much as<GreekSeq>10</GreekSeq>
    </word>
    <word note="Base of different Greek: ὀνομάζεται(3687)" seq="13">named</word>
    <word seq="14">among<GreekSeq>11</GreekSeq>
    </word>
    <word seq="15">the<GreekSeq>12</GreekSeq>
    </word>
    <word seq="16">Gentiles,<GreekSeq>13</GreekSeq>
    </word>
    <word seq="17">that<GreekSeq>14</GreekSeq>
    </word>
    <word seq="18">one<GreekSeq>16</GreekSeq>
    </word>
    <word seq="19">should have<GreekSeq>19</GreekSeq>
    </word>
    <word seq="20">his</word>
    <word seq="21">father's<GreekSeq>18</GreekSeq>
    </word>
    <word seq="22">wife.<GreekSeq>15</GreekSeq>
    </word>
   </KJV>
  </verse>
  <verse number="2">
   <KJV>
    <word seq="1">And<GreekSeq>1</GreekSeq>
    </word>
    <word seq="2">ye<GreekSeq>2</GreekSeq>
    </word>
    <word seq="3">are<GreekSeq>4</GreekSeq>
    </word>
    <word seq="4">puffed up,<GreekSeq>3</GreekSeq>
    </word>
    <word seq="5">and<GreekSeq>5</GreekSeq>
    </word>
    <word seq="6">have<GreekSeq/>
    </word>
    <word seq="7">not<GreekSeq>6</GreekSeq>
    </word>
    <word seq="8">rather<GreekSeq>7</GreekSeq>
    </word>
    <word seq="9">mourned,<GreekSeq>8</GreekSeq>
    </word>
    <word seq="10">that<GreekSeq>9</GreekSeq>
    </word>
    <word seq="11">he<GreekSeq>14</GreekSeq>
    </word>
    <word note="Base of different Greek:  ποιήσας(4160)" seq="12">that hath done<GreekSeq>18</GreekSeq>
    </word>
    <word seq="13">this<GreekSeq>17</GreekSeq>
    </word>
    <word seq="14">deed<GreekSeq>16</GreekSeq>
    </word>
    <word note="Base of different Greek: ἐξαρθῇ(1808)" seq="15">might be taken away<GreekSeq>10</GreekSeq>
    </word>
    <word seq="16">from<GreekSeq>11</GreekSeq>
    </word>
    <word seq="17">among<GreekSeq>12</GreekSeq>
    </word>
    <word seq="18">you.<GreekSeq>13</GreekSeq>
    </word>
   </KJV>
  </verse>
  <verse number="3">
   <KJV>
    <word seq="1">For<GreekSeq>3</GreekSeq>
    </word>
    <word seq="2">I<GreekSeq>1</GreekSeq>
    </word>
    <word seq="3">verily,<GreekSeq>2</GreekSeq>
    </word>
    <word seq="4">as<GreekSeq>13</GreekSeq>
    </word>
    <word seq="5">absent<GreekSeq>4</GreekSeq>
    </word>
    <word seq="6">in body,<GreekSeq>6</GreekSeq>
    </word>
    <word seq="7">but<GreekSeq>8</GreekSeq>
    </word>
    <word seq="8">present<GreekSeq>7</GreekSeq>
    </word>
    <word seq="9">in spirit,<GreekSeq>10</GreekSeq>
    </word>
    <word seq="10">have judged<GreekSeq>12</GreekSeq>
    </word>
    <word seq="11">already,<GreekSeq>11</GreekSeq>
    </word>
    <word note="Base of different Greek: ὡς(5613)" seq="12">as though</word>
    <word seq="13">I were present,<GreekSeq>14</GreekSeq>
    </word>
    <word seq="14">concerning him<GreekSeq>15</GreekSeq>
    </word>
    <word seq="15">that hath<GreekSeq>18</GreekSeq>
    </word>
    <word seq="16">so<GreekSeq>16</GreekSeq>
    </word>
    <word seq="17">done<GreekSeq>18</GreekSeq>
    </word>
    <word seq="18">this [deed],<GreekSeq>17</GreekSeq>
    </word>
   </KJV>
  </verse>
  <verse number="4">
   <KJV>
    <word seq="1">In<GreekSeq>1</GreekSeq>
    </word>
    <word seq="2">the<GreekSeq>2</GreekSeq>
    </word>
    <word seq="3">name<GreekSeq>3</GreekSeq>
    </word>
    <word seq="4">of<GreekSeq>5</GreekSeq>
    </word>
    <word seq="5">our<GreekSeq>6</GreekSeq>
    </word>
    <word seq="6">Lord<GreekSeq>5</GreekSeq>
    </word>
    <word seq="7">Jesus<GreekSeq>7</GreekSeq>
    </word>
    <word note="Base of different Greek: Χριστοῦ(5547)" seq="8">Christ,</word>
    <word seq="9">when<GreekSeq/>
    </word>
    <word seq="10">ye<GreekSeq>9</GreekSeq>
    </word>
    <word seq="11">are gathered together,<GreekSeq>8</GreekSeq>
    </word>
    <word seq="12">and<GreekSeq>10</GreekSeq>
    </word>
    <word seq="13">my<GreekSeq>12</GreekSeq>
    </word>
    <word seq="14">spirit,<GreekSeq>13</GreekSeq>
    </word>
    <word seq="15">with<GreekSeq>14</GreekSeq>
    </word>
    <word seq="16">the<GreekSeq>15</GreekSeq>
    </word>
    <word seq="17">power<GreekSeq>16</GreekSeq>
    </word>
    <word seq="18">of<GreekSeq>18</GreekSeq>
    </word>
    <word seq="19">our<GreekSeq>19</GreekSeq>
    </word>
    <word seq="20">Lord<GreekSeq>18</GreekSeq>
    </word>
    <word seq="21">Jesus<GreekSeq>20</GreekSeq>
    </word>
    <word note="Base of different Greek: Χριστοῦ(5547)" seq="22">Christ,</word>
   </KJV>
  </verse>
  <verse number="5">
   <KJV>
    <word seq="1">To deliver<GreekSeq>1</GreekSeq>
    </word>
    <word seq="2">such an one<GreekSeq>3</GreekSeq>
    </word>
    <word seq="3">unto Satan<GreekSeq>5</GreekSeq>
    </word>
    <word seq="4">for<GreekSeq>6</GreekSeq>
    </word>
    <word seq="5">the destruction<GreekSeq>7</GreekSeq>
    </word>
    <word seq="6">of the<GreekSeq>8</GreekSeq>
    </word>
    <word seq="7">flesh,<GreekSeq>9</GreekSeq>
    </word>
    <word seq="8">that<GreekSeq>10</GreekSeq>
    </word>
    <word seq="9">the<GreekSeq>11</GreekSeq>
    </word>
    <word seq="10">spirit<GreekSeq>12</GreekSeq>
    </word>
    <word seq="11">may be saved<GreekSeq>13</GreekSeq>
    </word>
    <word seq="12">in<GreekSeq>14</GreekSeq>
    </word>
    <word seq="13">the<GreekSeq>15</GreekSeq>
    </word>
    <word seq="14">day<GreekSeq>16</GreekSeq>
    </word>
    <word seq="15">of the<GreekSeq>17</GreekSeq>
    </word>
    <word seq="16">Lord<GreekSeq>18</GreekSeq>
    </word>
    <word note="Base of different Greek: Ἰησοῦ(2424)" seq="17">Jesus.</word>
   </KJV>
  </verse>
  <verse number="6">
   <KJV>
    <word seq="1">Your<GreekSeq>5</GreekSeq>
    </word>
    <word seq="2">glorying<GreekSeq>4</GreekSeq>
    </word>
    <word seq="3">is</word>
    <word seq="4">not<GreekSeq>1</GreekSeq>
    </word>
    <word seq="5">good.<GreekSeq>2</GreekSeq>
    </word>
    <word seq="6">Know ye<GreekSeq>7</GreekSeq>
    </word>
    <word seq="7">not<GreekSeq>6</GreekSeq>
    </word>
    <word seq="8">that<GreekSeq>8</GreekSeq>
    </word>
    <word seq="9">a little<GreekSeq>9</GreekSeq>
    </word>
    <word seq="10">leaven<GreekSeq>10</GreekSeq>
    </word>
    <word seq="11">leaveneth<GreekSeq>14</GreekSeq>
    </word>
    <word seq="12">the<GreekSeq>12</GreekSeq>
    </word>
    <word seq="13">whole<GreekSeq>11</GreekSeq>
    </word>
    <word seq="14">lump?<GreekSeq>13</GreekSeq>
    </word>
   </KJV>
  </verse>
  <verse number="7">
   <KJV>
    <word seq="1">Purge out<GreekSeq>1</GreekSeq>
    </word>
    <word note="Base of different Greek: οὖν(3767)" seq="2">therefore</word>
    <word seq="3">the<GreekSeq>2</GreekSeq>
    </word>
    <word seq="4">old<GreekSeq>3</GreekSeq>
    </word>
    <word seq="5">leaven,<GreekSeq>4</GreekSeq>
    </word>
    <word seq="6">that<GreekSeq>5</GreekSeq>
    </word>
    <word seq="7">ye may be<GreekSeq>6</GreekSeq>
    </word>
    <word seq="8">a new<GreekSeq>7</GreekSeq>
    </word>
    <word seq="9">lump,<GreekSeq>8</GreekSeq>
    </word>
    <word seq="10">as<GreekSeq>9</GreekSeq>
    </word>
    <word seq="11">ye are<GreekSeq>10</GreekSeq>
    </word>
    <word seq="12">unleavened.<GreekSeq>11</GreekSeq>
    </word>
    <word seq="13">For<GreekSeq>13</GreekSeq>
    </word>
    <word seq="14">even<GreekSeq>12</GreekSeq>
    </word>
    <word seq="15">Christ<GreekSeq>18</GreekSeq>
    </word>
    <word seq="16">our<GreekSeq>16</GreekSeq>
    </word>
    <word seq="17">passover<GreekSeq>15</GreekSeq>
    </word>
    <word seq="18">is sacrificed<GreekSeq>17</GreekSeq>
    </word>
    <word note="Base of different Greek: ὑπὲρ(5228)" seq="19">for</word>
    <word note="Base of different Greek: ἡμῶν(2257)" seq="20">us:</word>
   </KJV>
  </verse>
  <verse number="8">
   <KJV>
    <word seq="1">Therefore<GreekSeq>1</GreekSeq>
    </word>
    <word seq="2">let us keep the feast,<GreekSeq>2</GreekSeq>
    </word>
    <word seq="3">not<GreekSeq>3</GreekSeq>
    </word>
    <word seq="4">with<GreekSeq>4</GreekSeq>
    </word>
    <word seq="5">old<GreekSeq>6</GreekSeq>
    </word>
    <word seq="6">leaven,<GreekSeq>5</GreekSeq>
    </word>
    <word seq="7">neither<GreekSeq>7</GreekSeq>
    </word>
    <word seq="8">with<GreekSeq>8</GreekSeq>
    </word>
    <word seq="9">the leaven<GreekSeq>9</GreekSeq>
    </word>
    <word seq="10">of malice<GreekSeq>10</GreekSeq>
    </word>
    <word seq="11">and<GreekSeq>11</GreekSeq>
    </word>
    <word seq="12">wickedness;<GreekSeq>12</GreekSeq>
    </word>
    <word seq="13">but<GreekSeq>13</GreekSeq>
    </word>
    <word seq="14">with<GreekSeq>14</GreekSeq>
    </word>
    <word seq="15">the unleavened [bread]<GreekSeq>15</GreekSeq>
    </word>
    <word seq="16">of sincerity<GreekSeq>16</GreekSeq>
    </word>
    <word seq="17">and<GreekSeq>17</GreekSeq>
    </word>
    <word seq="18">truth.<GreekSeq>18</GreekSeq>
    </word>
   </KJV>
  </verse>
  <verse number="9">
   <KJV>
    <word seq="1">I wrote<GreekSeq>1</GreekSeq>
    </word>
    <word seq="2">unto you<GreekSeq>2</GreekSeq>
    </word>
    <word seq="3">in<GreekSeq>3</GreekSeq>
    </word>
    <word seq="4">an<GreekSeq>4</GreekSeq>
    </word>
    <word seq="5">epistle<GreekSeq>5</GreekSeq>
    </word>
    <word seq="6">not<GreekSeq>6</GreekSeq>
    </word>
    <word seq="7">to company with<GreekSeq>7</GreekSeq>
    </word>
    <word seq="8">fornicators:<GreekSeq>8</GreekSeq>
    </word>
   </KJV>
  </verse>
  <verse number="10">
   <KJV>
    <word seq="1">Yet<GreekSeq>11</GreekSeq>
    </word>
    <word seq="2">not<GreekSeq>1</GreekSeq>
    </word>
    <word seq="3">altogether<GreekSeq>2</GreekSeq>
    </word>
    <word seq="4">with the<GreekSeq>3</GreekSeq>
    </word>
    <word seq="5">fornicators<GreekSeq>4</GreekSeq>
    </word>
    <word seq="6">of this<GreekSeq>7</GreekSeq>
    </word>
    <word seq="7">world,<GreekSeq>6</GreekSeq>
    </word>
    <word seq="8">or<GreekSeq>8</GreekSeq>
    </word>
    <word seq="9">with the<GreekSeq>9</GreekSeq>
    </word>
    <word seq="10">covetous,<GreekSeq>10</GreekSeq>
    </word>
    <word seq="11">or<GreekSeq>13</GreekSeq>
    </word>
    <word seq="12">extortioners,<GreekSeq>12</GreekSeq>
    </word>
    <word note="Base of different Greek: ἢ(2228)" seq="13">or</word>
    <word seq="14">with idolaters;<GreekSeq>14</GreekSeq>
    </word>
    <word seq="15">for<GreekSeq>15</GreekSeq>
    </word>
    <word seq="16">then<GreekSeq>17</GreekSeq>
    </word>
    <word seq="17">must ye<GreekSeq>16</GreekSeq>
    </word>
    <word seq="18">needs go<GreekSeq>21</GreekSeq>
    </word>
    <word seq="19">out of<GreekSeq>18</GreekSeq>
    </word>
    <word seq="20">the<GreekSeq>19</GreekSeq>
    </word>
    <word seq="21">world.<GreekSeq>20</GreekSeq>
    </word>
   </KJV>
  </verse>
  <verse number="11">
   <KJV>
    <word seq="1">But<GreekSeq>2</GreekSeq>
    </word>
    <word note="Base of different Greek: νῦνὶ(3570)" seq="2">now<GreekSeq>1</GreekSeq>
    </word>
    <word seq="3">I have written<GreekSeq>3</GreekSeq>
    </word>
    <word seq="4">unto you<GreekSeq>4</GreekSeq>
    </word>
    <word seq="5">not<GreekSeq>5</GreekSeq>
    </word>
    <word seq="6">to keep company,<GreekSeq>6</GreekSeq>
    </word>
    <word seq="7">if<GreekSeq>7</GreekSeq>
    </word>
    <word seq="8">any man<GreekSeq>8</GreekSeq>
    </word>
    <word seq="9">that is called<GreekSeq>10</GreekSeq>
    </word>
    <word seq="10">a brother<GreekSeq>9</GreekSeq>
    </word>
    <word seq="11">be<GreekSeq>11</GreekSeq>
    </word>
    <word seq="12">a fornicator,<GreekSeq>12</GreekSeq>
    </word>
    <word seq="13">or<GreekSeq>13</GreekSeq>
    </word>
    <word seq="14">covetous,<GreekSeq>14</GreekSeq>
    </word>
    <word seq="15">or<GreekSeq>15</GreekSeq>
    </word>
    <word seq="16">an idolater,<GreekSeq>16</GreekSeq>
    </word>
    <word seq="17">or<GreekSeq>17</GreekSeq>
    </word>
    <word seq="18">a railer,<GreekSeq>18</GreekSeq>
    </word>
    <word seq="19">or<GreekSeq>19</GreekSeq>
    </word>
    <word seq="20">a drunkard,<GreekSeq>20</GreekSeq>
    </word>
    <word seq="21">or<GreekSeq>21</GreekSeq>
    </word>
    <word seq="22">an extortioner;<GreekSeq>22</GreekSeq>
    </word>
    <word seq="23">with<GreekSeq>26</GreekSeq>
    </word>
    <word seq="24">such an one<GreekSeq>24</GreekSeq>
    </word>
    <word seq="25">no not<GreekSeq>25</GreekSeq>
    </word>
    <word seq="26">to eat.<GreekSeq>26</GreekSeq>
    </word>
   </KJV>
  </verse>
  <verse number="12">
   <KJV>
    <word seq="1">For<GreekSeq>2</GreekSeq>
    </word>
    <word seq="2">what<GreekSeq>1</GreekSeq>
    </word>
    <word seq="3">[have] I<GreekSeq>3</GreekSeq>
    </word>
    <word seq="4">to do</word>
    <word seq="5">to judge<GreekSeq>6</GreekSeq>
    </word>
    <word seq="6">them<GreekSeq>4</GreekSeq>
    </word>
    <word note="Base of different Greek: καὶ(2532)" seq="7">also</word>
    <word seq="8">that are</word>
    <word seq="9">without?<GreekSeq>5</GreekSeq>
    </word>
    <word seq="10">do<GreekSeq/>
    </word>
    <word seq="11">not<GreekSeq>7</GreekSeq>
    </word>
    <word seq="12">ye<GreekSeq>10</GreekSeq>
    </word>
    <word seq="13">judge<GreekSeq>11</GreekSeq>
    </word>
    <word seq="14">them<GreekSeq>8</GreekSeq>
    </word>
    <word seq="15">that are</word>
    <word seq="16">within?<GreekSeq>9</GreekSeq>
    </word>
   </KJV>
  </verse>
  <verse number="13">
   <KJV>
    <word seq="1">But<GreekSeq>2</GreekSeq>
    </word>
    <word seq="2">them<GreekSeq>1</GreekSeq>
    </word>
    <word seq="3">that are</word>
    <word seq="4">without<GreekSeq>3</GreekSeq>
    </word>
    <word seq="5">God<GreekSeq>5</GreekSeq>
    </word>
    <word seq="6">judgeth.<GreekSeq>6</GreekSeq>
    </word>
    <word note="Base of different Greek: καί(2532)" seq="7">Therefore</word>
    <word seq="8">put away<GreekSeq>7</GreekSeq>
    </word>
    <word seq="9">from among<GreekSeq>10</GreekSeq>
    </word>
    <word seq="10">yourselves<GreekSeq>11</GreekSeq>
     <GreekSeq>12</GreekSeq>
    </word>
    <word seq="11">that<GreekSeq>8</GreekSeq>
    </word>
    <word seq="12">wicked [person].<GreekSeq>9</GreekSeq>
    </word>
   </KJV>
  </verse>
 </chapter>
</book>
