<?xml version="1.0" encoding="UTF-8" standalone="no"?>
<book>
 <chapter book="null" number="6">
  <verse number="1">
   <KJV>
    <word seq="1">Dare<GreekSeq>1</GreekSeq>
    </word>
    <word seq="2">any<GreekSeq>2</GreekSeq>
    </word>
    <word seq="3">of you,<GreekSeq>3</GreekSeq>
    </word>
    <word seq="4">having<GreekSeq>5</GreekSeq>
    </word>
    <word seq="5">a matter<GreekSeq>4</GreekSeq>
    </word>
    <word seq="6">against<GreekSeq>6</GreekSeq>
    </word>
    <word seq="7">another,<GreekSeq>8</GreekSeq>
    </word>
    <word seq="8">go to law<GreekSeq>9</GreekSeq>
    </word>
    <word seq="9">before<GreekSeq>10</GreekSeq>
    </word>
    <word seq="10">the<GreekSeq>11</GreekSeq>
    </word>
    <word seq="11">unjust,<GreekSeq>12</GreekSeq>
    </word>
    <word seq="12">and<GreekSeq>13</GreekSeq>
    </word>
    <word seq="13">not<GreekSeq>14</GreekSeq>
    </word>
    <word seq="14">before<GreekSeq>15</GreekSeq>
    </word>
    <word seq="15">the<GreekSeq>16</GreekSeq>
    </word>
    <word seq="16">saints?<GreekSeq>17</GreekSeq>
    </word>
   </KJV>
  </verse>
  <verse number="2">
   <KJV>
    <word seq="1">Do</word>
    <word seq="2">ye<GreekSeq>3</GreekSeq>
    </word>
    <word seq="3">not<GreekSeq>2</GreekSeq>
    </word>
    <word seq="4">know<GreekSeq>3</GreekSeq>
    </word>
    <word seq="5">that<GreekSeq>4</GreekSeq>
    </word>
    <word seq="6">the<GreekSeq>5</GreekSeq>
    </word>
    <word seq="7">saints<GreekSeq>6</GreekSeq>
    </word>
    <word seq="8">shall judge<GreekSeq>9</GreekSeq>
    </word>
    <word seq="9">the<GreekSeq>7</GreekSeq>
    </word>
    <word seq="10">world?<GreekSeq>8</GreekSeq>
    </word>
    <word seq="11">and<GreekSeq>10</GreekSeq>
    </word>
    <word seq="12">if<GreekSeq>11</GreekSeq>
    </word>
    <word seq="13">the<GreekSeq>15</GreekSeq>
    </word>
    <word seq="14">world<GreekSeq>16</GreekSeq>
    </word>
    <word seq="15">shall be judged<GreekSeq>14</GreekSeq>
    </word>
    <word seq="16">by<GreekSeq>12</GreekSeq>
    </word>
    <word seq="17">you,<GreekSeq>13</GreekSeq>
    </word>
    <word seq="18">are ye<GreekSeq>18</GreekSeq>
    </word>
    <word seq="19">unworthy<GreekSeq>17</GreekSeq>
    </word>
    <word seq="20">to judge<GreekSeq>19</GreekSeq>
    </word>
    <word seq="21">the smallest matters?<GreekSeq>20</GreekSeq>
    </word>
   </KJV>
  </verse>
  <verse number="3">
   <KJV>
    <word seq="1">Know ye<GreekSeq>2</GreekSeq>
    </word>
    <word seq="2">not<GreekSeq>1</GreekSeq>
    </word>
    <word seq="3">that<GreekSeq>3</GreekSeq>
    </word>
    <word seq="4">we shall judge<GreekSeq>5</GreekSeq>
    </word>
    <word seq="5">angels?<GreekSeq>4</GreekSeq>
    </word>
    <word note="μήτι γε Strong Code(3386)" seq="6">how much more<GreekSeq>6</GreekSeq>
     <GreekSeq>7</GreekSeq>
    </word>
    <word seq="7">things that pertain to this life?<GreekSeq>8</GreekSeq>
    </word>
   </KJV>
  </verse>
  <verse number="4">
   <KJV>
    <word seq="1">If<GreekSeq>5</GreekSeq>
    </word>
    <word seq="2">then<GreekSeq>3</GreekSeq>
    </word>
    <word seq="3">ye have<GreekSeq>6</GreekSeq>
    </word>
    <word seq="4">judgments<GreekSeq>4</GreekSeq>
    </word>
    <word seq="5">of things pertaining to this life,<GreekSeq>1</GreekSeq>
    </word>
    <word seq="6">set<GreekSeq>13</GreekSeq>
    </word>
    <word seq="7">them<GreekSeq>12</GreekSeq>
    </word>
    <word seq="8">to judge</word>
    <word seq="9">who are least esteemed<GreekSeq>8</GreekSeq>
    </word>
    <word seq="10">in<GreekSeq>9</GreekSeq>
    </word>
    <word seq="11">the<GreekSeq>10</GreekSeq>
    </word>
    <word seq="12">church.<GreekSeq>11</GreekSeq>
    </word>
   </KJV>
  </verse>
  <verse number="5">
   <KJV>
    <word seq="1">I speak<GreekSeq>4</GreekSeq>
    </word>
    <word seq="2">to<GreekSeq>1</GreekSeq>
    </word>
    <word seq="3">your<GreekSeq>3</GreekSeq>
    </word>
    <word seq="4">shame.<GreekSeq>2</GreekSeq>
    </word>
    <word seq="5">Is it</word>
    <word seq="6">so,<GreekSeq>5</GreekSeq>
    </word>
    <word seq="7">that</word>
    <word note="Base of different Greek: ἔστιν(2076)" seq="8">there is<GreekSeq>7</GreekSeq>
    </word>
    <word seq="9">not<GreekSeq>6</GreekSeq>
    </word>
    <word seq="10">a wise [man]<GreekSeq>11</GreekSeq>
    </word>
    <word seq="11">among<GreekSeq>8</GreekSeq>
    </word>
    <word seq="12">you?<GreekSeq>9</GreekSeq>
    </word>
    <word note="Base of different Greek: ουδε(3761) εἷς(1520)" seq="13">no, not one<GreekSeq>10</GreekSeq>
    </word>
    <word seq="14">that<GreekSeq>12</GreekSeq>
    </word>
    <word seq="15">shall be able<GreekSeq>13</GreekSeq>
    </word>
    <word seq="16">to judge<GreekSeq>14</GreekSeq>
    </word>
    <word seq="17">between<GreekSeq>15</GreekSeq>
     <GreekSeq>16</GreekSeq>
    </word>
    <word seq="18">his<GreekSeq>19</GreekSeq>
    </word>
    <word seq="19">brethren?<GreekSeq>18</GreekSeq>
    </word>
   </KJV>
  </verse>
  <verse number="6">
   <KJV>
    <word seq="1">But<GreekSeq>1</GreekSeq>
    </word>
    <word seq="2">brother<GreekSeq>2</GreekSeq>
    </word>
    <word seq="3">goeth to law<GreekSeq>5</GreekSeq>
    </word>
    <word seq="4">with<GreekSeq>3</GreekSeq>
    </word>
    <word seq="5">brother,<GreekSeq>4</GreekSeq>
    </word>
    <word seq="6">and<GreekSeq>6</GreekSeq>
    </word>
    <word seq="7">that<GreekSeq>7</GreekSeq>
    </word>
    <word seq="8">before<GreekSeq>8</GreekSeq>
    </word>
    <word seq="9">[the] unbelievers.<GreekSeq>9</GreekSeq>
    </word>
   </KJV>
  </verse>
  <verse number="7">
   <KJV>
    <word seq="1">Now<GreekSeq>1</GreekSeq>
    </word>
    <word seq="2">therefore<GreekSeq>3</GreekSeq>
    </word>
    <word seq="3">there is<GreekSeq>7</GreekSeq>
    </word>
    <word seq="4">utterly<GreekSeq>4</GreekSeq>
    </word>
    <word seq="5">a fault<GreekSeq>5</GreekSeq>
    </word>
    <word note="Base of different Greek: ἐν(1722)" seq="6">among</word>
    <word seq="7">you,<GreekSeq>6</GreekSeq>
    </word>
    <word seq="8">because<GreekSeq>8</GreekSeq>
    </word>
    <word seq="9">ye<GreekSeq>10</GreekSeq>
    </word>
    <word seq="10">go to law<GreekSeq>9</GreekSeq>
    </word>
    <word seq="11">one with another.<GreekSeq>11</GreekSeq>
     <GreekSeq>12</GreekSeq>
    </word>
    <word note="Base of different Greek: διὰτί(1302)" seq="12">Why<GreekSeq>13</GreekSeq>
     <GreekSeq>14</GreekSeq>
    </word>
    <word seq="13">do ye<GreekSeq>17</GreekSeq>
    </word>
    <word seq="14">not<GreekSeq>15</GreekSeq>
    </word>
    <word seq="15">rather<GreekSeq>16</GreekSeq>
    </word>
    <word seq="16">take wrong?<GreekSeq>17</GreekSeq>
    </word>
    <word note="Base of different Greek: διὰτί(1302)" seq="17">why<GreekSeq>18</GreekSeq>
     <GreekSeq>19</GreekSeq>
    </word>
    <word seq="18">do</word>
    <word seq="19">ye<GreekSeq>22</GreekSeq>
    </word>
    <word seq="20">not<GreekSeq>20</GreekSeq>
    </word>
    <word seq="21">rather<GreekSeq>21</GreekSeq>
    </word>
    <word seq="22">suffer yourselves to</word>
    <word seq="23">be defrauded?<GreekSeq>22</GreekSeq>
    </word>
   </KJV>
  </verse>
  <verse number="8">
   <KJV>
    <word seq="1">Nay,<GreekSeq>1</GreekSeq>
    </word>
    <word seq="2">ye<GreekSeq>2</GreekSeq>
    </word>
    <word seq="3">do wrong,<GreekSeq>3</GreekSeq>
    </word>
    <word seq="4">and<GreekSeq>4</GreekSeq>
    </word>
    <word seq="5">defraud,<GreekSeq>5</GreekSeq>
    </word>
    <word seq="6">and<GreekSeq>6</GreekSeq>
    </word>
    <word note="Base of different Greek: ταῦτα(5023)" seq="7">that<GreekSeq>7</GreekSeq>
    </word>
    <word seq="8">your</word>
    <word seq="9">brethren.<GreekSeq>8</GreekSeq>
    </word>
   </KJV>
  </verse>
  <verse number="9">
   <KJV>
    <word seq="1">Know ye<GreekSeq>3</GreekSeq>
    </word>
    <word seq="2">not<GreekSeq>2</GreekSeq>
    </word>
    <word seq="3">that<GreekSeq>4</GreekSeq>
    </word>
    <word seq="4">the</word>
    <word seq="5">unrighteous<GreekSeq>5</GreekSeq>
    </word>
    <word seq="6">shall<GreekSeq>9</GreekSeq>
    </word>
    <word seq="7">not<GreekSeq>8</GreekSeq>
    </word>
    <word seq="8">inherit<GreekSeq>9</GreekSeq>
    </word>
    <word seq="9">the kingdom<GreekSeq>7</GreekSeq>
    </word>
    <word seq="10">of God?<GreekSeq>6</GreekSeq>
    </word>
    <word seq="11">Be<GreekSeq>11</GreekSeq>
    </word>
    <word seq="12">not<GreekSeq>10</GreekSeq>
    </word>
    <word seq="13">deceived:<GreekSeq>11</GreekSeq>
    </word>
    <word seq="14">neither<GreekSeq>12</GreekSeq>
    </word>
    <word seq="15">fornicators,<GreekSeq>13</GreekSeq>
    </word>
    <word seq="16">nor<GreekSeq>14</GreekSeq>
    </word>
    <word seq="17">idolaters,<GreekSeq>15</GreekSeq>
    </word>
    <word seq="18">nor<GreekSeq>16</GreekSeq>
    </word>
    <word seq="19">adulterers,<GreekSeq>17</GreekSeq>
    </word>
    <word seq="20">nor<GreekSeq>18</GreekSeq>
    </word>
    <word seq="21">effeminate,<GreekSeq>19</GreekSeq>
    </word>
    <word seq="22">nor<GreekSeq>20</GreekSeq>
    </word>
    <word seq="23">abusers of themselves with mankind,<GreekSeq>21</GreekSeq>
    </word>
   </KJV>
  </verse>
  <verse number="10">
   <KJV>
    <word seq="1">Nor<GreekSeq>1</GreekSeq>
    </word>
    <word seq="2">thieves,<GreekSeq>2</GreekSeq>
    </word>
    <word seq="3">nor<GreekSeq>3</GreekSeq>
    </word>
    <word seq="4">covetous,<GreekSeq>4</GreekSeq>
    </word>
    <word note="Base of different Greek: οὔτε(3777)" seq="5">nor<GreekSeq>5</GreekSeq>
    </word>
    <word seq="6">drunkards,<GreekSeq>6</GreekSeq>
    </word>
    <word seq="7">nor<GreekSeq>7</GreekSeq>
    </word>
    <word seq="8">revilers,<GreekSeq>8</GreekSeq>
    </word>
    <word seq="9">nor<GreekSeq>9</GreekSeq>
    </word>
    <word seq="10">extortioners,<GreekSeq>10</GreekSeq>
    </word>
    <word seq="11">shall inherit<GreekSeq>13</GreekSeq>
    </word>
    <word seq="12">the kingdom<GreekSeq>11</GreekSeq>
    </word>
    <word seq="13">of God.<GreekSeq>12</GreekSeq>
    </word>
   </KJV>
  </verse>
  <verse number="11">
   <KJV>
    <word seq="1">And<GreekSeq>1</GreekSeq>
    </word>
    <word seq="2">such<GreekSeq>2</GreekSeq>
    </word>
    <word seq="3">were<GreekSeq>4</GreekSeq>
    </word>
    <word seq="4">some<GreekSeq>3</GreekSeq>
    </word>
    <word seq="5">of you:</word>
    <word seq="6">but<GreekSeq>5</GreekSeq>
    </word>
    <word seq="7">ye are washed,<GreekSeq>6</GreekSeq>
    </word>
    <word seq="8">but<GreekSeq>7</GreekSeq>
    </word>
    <word seq="9">ye are sanctified,<GreekSeq>8</GreekSeq>
    </word>
    <word seq="10">but<GreekSeq>9</GreekSeq>
    </word>
    <word seq="11">ye are justified<GreekSeq>10</GreekSeq>
    </word>
    <word seq="12">in<GreekSeq>11</GreekSeq>
    </word>
    <word seq="13">the<GreekSeq>12</GreekSeq>
    </word>
    <word seq="14">name<GreekSeq>13</GreekSeq>
    </word>
    <word seq="15">of the<GreekSeq>14</GreekSeq>
    </word>
    <word seq="16">Lord<GreekSeq>15</GreekSeq>
    </word>
    <word seq="17">Jesus,<GreekSeq>16</GreekSeq>
    </word>
    <word seq="18">and<GreekSeq>18</GreekSeq>
    </word>
    <word seq="19">by<GreekSeq>19</GreekSeq>
    </word>
    <word seq="20">the<GreekSeq>20</GreekSeq>
    </word>
    <word seq="21">Spirit<GreekSeq>21</GreekSeq>
    </word>
    <word seq="22">of<GreekSeq>23</GreekSeq>
    </word>
    <word seq="23">our<GreekSeq>24</GreekSeq>
    </word>
    <word seq="24">God.<GreekSeq>23</GreekSeq>
    </word>
   </KJV>
  </verse>
  <verse number="12">
   <KJV>
    <word seq="1">All [things]<GreekSeq>1</GreekSeq>
    </word>
    <word seq="2">are lawful<GreekSeq>3</GreekSeq>
    </word>
    <word seq="3">unto me,<GreekSeq>2</GreekSeq>
    </word>
    <word seq="4">but<GreekSeq>4</GreekSeq>
    </word>
    <word seq="5">all [things]<GreekSeq>6</GreekSeq>
    </word>
    <word seq="6">are<GreekSeq/>
    </word>
    <word seq="7">not<GreekSeq>5</GreekSeq>
    </word>
    <word seq="8">expedient:<GreekSeq>7</GreekSeq>
    </word>
    <word seq="9">all [things]<GreekSeq>8</GreekSeq>
    </word>
    <word seq="10">are lawful<GreekSeq>10</GreekSeq>
    </word>
    <word seq="11">for me,<GreekSeq>9</GreekSeq>
    </word>
    <word seq="12">but<GreekSeq>11</GreekSeq>
    </word>
    <word seq="13">I<GreekSeq>13</GreekSeq>
    </word>
    <word seq="14">will<GreekSeq>14</GreekSeq>
    </word>
    <word seq="15">not<GreekSeq>12</GreekSeq>
    </word>
    <word seq="16">be brought under the power<GreekSeq>14</GreekSeq>
    </word>
    <word seq="17">of<GreekSeq>15</GreekSeq>
    </word>
    <word seq="18">any.<GreekSeq>16</GreekSeq>
    </word>
   </KJV>
  </verse>
  <verse number="13">
   <KJV>
    <word seq="1">Meats<GreekSeq>2</GreekSeq>
    </word>
    <word seq="2">for the<GreekSeq>3</GreekSeq>
    </word>
    <word seq="3">belly,<GreekSeq>4</GreekSeq>
    </word>
    <word seq="4">and<GreekSeq>5</GreekSeq>
    </word>
    <word seq="5">the<GreekSeq>6</GreekSeq>
    </word>
    <word seq="6">belly<GreekSeq>7</GreekSeq>
    </word>
    <word seq="7">for meats:<GreekSeq>9</GreekSeq>
    </word>
    <word seq="8">but<GreekSeq>11</GreekSeq>
    </word>
    <word seq="9">God<GreekSeq>12</GreekSeq>
    </word>
    <word seq="10">shall destroy<GreekSeq>17</GreekSeq>
    </word>
    <word seq="11">both<GreekSeq>13</GreekSeq>
    </word>
    <word seq="12">it<GreekSeq>14</GreekSeq>
    </word>
    <word seq="13">and<GreekSeq>15</GreekSeq>
    </word>
    <word seq="14">them.<GreekSeq>16</GreekSeq>
    </word>
    <word seq="15">Now<GreekSeq>19</GreekSeq>
    </word>
    <word seq="16">the<GreekSeq>18</GreekSeq>
    </word>
    <word seq="17">body<GreekSeq>20</GreekSeq>
    </word>
    <word seq="18">is</word>
    <word seq="19">not<GreekSeq>21</GreekSeq>
    </word>
    <word seq="20">for fornication,<GreekSeq>23</GreekSeq>
    </word>
    <word seq="21">but<GreekSeq>24</GreekSeq>
    </word>
    <word seq="22">for the<GreekSeq>25</GreekSeq>
    </word>
    <word seq="23">Lord;<GreekSeq>26</GreekSeq>
    </word>
    <word seq="24">and<GreekSeq>27</GreekSeq>
    </word>
    <word seq="25">the<GreekSeq>28</GreekSeq>
    </word>
    <word seq="26">Lord<GreekSeq>29</GreekSeq>
    </word>
    <word seq="27">for the<GreekSeq>30</GreekSeq>
    </word>
    <word seq="28">body.<GreekSeq>31</GreekSeq>
    </word>
   </KJV>
  </verse>
  <verse number="14">
   <KJV>
    <word seq="1">And<GreekSeq>2</GreekSeq>
    </word>
    <word seq="2">God<GreekSeq>3</GreekSeq>
    </word>
    <word seq="3">hath<GreekSeq>7</GreekSeq>
    </word>
    <word seq="4">both<GreekSeq>4</GreekSeq>
    </word>
    <word seq="5">raised up<GreekSeq>7</GreekSeq>
    </word>
    <word seq="6">the<GreekSeq>5</GreekSeq>
    </word>
    <word seq="7">Lord,<GreekSeq>6</GreekSeq>
    </word>
    <word seq="8">and<GreekSeq>8</GreekSeq>
    </word>
    <word seq="9">will [also] raise up<GreekSeq>10</GreekSeq>
    </word>
    <word seq="10">us<GreekSeq>9</GreekSeq>
    </word>
    <word seq="11">by<GreekSeq>11</GreekSeq>
    </word>
    <word seq="12">his own<GreekSeq>14</GreekSeq>
    </word>
    <word seq="13">power.<GreekSeq>13</GreekSeq>
    </word>
   </KJV>
  </verse>
  <verse number="15">
   <KJV>
    <word seq="1">Know ye<GreekSeq>2</GreekSeq>
    </word>
    <word seq="2">not<GreekSeq>1</GreekSeq>
    </word>
    <word seq="3">that<GreekSeq>3</GreekSeq>
    </word>
    <word seq="4">your<GreekSeq>6</GreekSeq>
    </word>
    <word seq="5">bodies<GreekSeq>5</GreekSeq>
    </word>
    <word seq="6">are<GreekSeq>9</GreekSeq>
    </word>
    <word seq="7">the members<GreekSeq>7</GreekSeq>
    </word>
    <word seq="8">of Christ?<GreekSeq>8</GreekSeq>
    </word>
    <word seq="9">shall I<GreekSeq>16</GreekSeq>
    </word>
    <word seq="10">then<GreekSeq>11</GreekSeq>
    </word>
    <word seq="11">take<GreekSeq>10</GreekSeq>
    </word>
    <word seq="12">the<GreekSeq>12</GreekSeq>
    </word>
    <word seq="13">members<GreekSeq>13</GreekSeq>
    </word>
    <word seq="14">of Christ,<GreekSeq>15</GreekSeq>
    </word>
    <word seq="15">and</word>
    <word seq="16">make<GreekSeq>16</GreekSeq>
    </word>
    <word seq="17">them</word>
    <word seq="18">the members<GreekSeq>18</GreekSeq>
    </word>
    <word seq="19">of an harlot?<GreekSeq>17</GreekSeq>
    </word>
    <word seq="20">God forbid.<GreekSeq>19</GreekSeq>
     <GreekSeq>20</GreekSeq>
    </word>
   </KJV>
  </verse>
  <verse number="16">
   <KJV>
    <word seq="1">What?<GreekSeq>1</GreekSeq>
    </word>
    <word seq="2">know ye<GreekSeq>3</GreekSeq>
    </word>
    <word seq="3">not<GreekSeq>2</GreekSeq>
    </word>
    <word seq="4">that<GreekSeq>4</GreekSeq>
    </word>
    <word seq="5">he<GreekSeq>5</GreekSeq>
    </word>
    <word seq="6">which is joined<GreekSeq>6</GreekSeq>
    </word>
    <word seq="7">to an<GreekSeq>7</GreekSeq>
    </word>
    <word seq="8">harlot<GreekSeq>8</GreekSeq>
    </word>
    <word seq="9">is<GreekSeq>11</GreekSeq>
    </word>
    <word seq="10">one<GreekSeq>9</GreekSeq>
    </word>
    <word seq="11">body?<GreekSeq>10</GreekSeq>
    </word>
    <word seq="12">for<GreekSeq>13</GreekSeq>
    </word>
    <word seq="13">two,<GreekSeq>16</GreekSeq>
    </word>
    <word seq="14">saith he, <GreekSeq>14</GreekSeq>
    </word>
    <word seq="15">shall be<GreekSeq>12</GreekSeq>
    </word>
    <word seq="16">one<GreekSeq>19</GreekSeq>
    </word>
    <word seq="17">flesh.<GreekSeq>18</GreekSeq>
    </word>
   </KJV>
  </verse>
  <verse number="17">
   <KJV>
    <word seq="1">But<GreekSeq>2</GreekSeq>
    </word>
    <word seq="2">he<GreekSeq>1</GreekSeq>
    </word>
    <word seq="3">that is joined<GreekSeq>3</GreekSeq>
    </word>
    <word seq="4">unto the<GreekSeq>4</GreekSeq>
    </word>
    <word seq="5">Lord<GreekSeq>5</GreekSeq>
    </word>
    <word seq="6">is<GreekSeq>8</GreekSeq>
    </word>
    <word seq="7">one<GreekSeq>6</GreekSeq>
    </word>
    <word seq="8">spirit.<GreekSeq>7</GreekSeq>
    </word>
   </KJV>
  </verse>
  <verse number="18">
   <KJV>
    <word seq="1">Flee<GreekSeq>1</GreekSeq>
    </word>
    <word seq="2">fornication.<GreekSeq>3</GreekSeq>
    </word>
    <word seq="3">Every<GreekSeq>4</GreekSeq>
    </word>
    <word seq="4">sin<GreekSeq>5</GreekSeq>
    </word>
    <word seq="5">that<GreekSeq>6</GreekSeq>
    </word>
    <word seq="6">a man<GreekSeq>9</GreekSeq>
    </word>
    <word seq="7">doeth<GreekSeq>8</GreekSeq>
    </word>
    <word seq="8">is<GreekSeq>13</GreekSeq>
    </word>
    <word seq="9">without<GreekSeq>10</GreekSeq>
    </word>
    <word seq="10">the<GreekSeq>11</GreekSeq>
    </word>
    <word seq="11">body;<GreekSeq>12</GreekSeq>
    </word>
    <word seq="12">but<GreekSeq>15</GreekSeq>
    </word>
    <word seq="13">he<GreekSeq>14</GreekSeq>
    </word>
    <word seq="14">that committeth fornication<GreekSeq>16</GreekSeq>
    </word>
    <word seq="15">sinneth<GreekSeq>21</GreekSeq>
    </word>
    <word seq="16">against<GreekSeq>17</GreekSeq>
    </word>
    <word seq="17">his own<GreekSeq>19</GreekSeq>
    </word>
    <word seq="18">body.<GreekSeq>20</GreekSeq>
    </word>
   </KJV>
  </verse>
  <verse number="19">
   <KJV>
    <word seq="1">What?<GreekSeq>1</GreekSeq>
    </word>
    <word seq="2">know ye<GreekSeq>3</GreekSeq>
    </word>
    <word seq="3">not<GreekSeq>2</GreekSeq>
    </word>
    <word seq="4">that<GreekSeq>4</GreekSeq>
    </word>
    <word seq="5">your<GreekSeq>7</GreekSeq>
    </word>
    <word seq="6">body<GreekSeq>6</GreekSeq>
    </word>
    <word seq="7">is</word>
    <word seq="8">the temple<GreekSeq>8</GreekSeq>
    </word>
    <word seq="9">of the<GreekSeq>9</GreekSeq>
    </word>
    <word seq="10">Holy<GreekSeq>12</GreekSeq>
    </word>
    <word seq="11">Ghost<GreekSeq>13</GreekSeq>
    </word>
    <word seq="12">which is<GreekSeq>14</GreekSeq>
    </word>
    <word seq="13">in<GreekSeq>10</GreekSeq>
    </word>
    <word seq="14">you,<GreekSeq>11</GreekSeq>
    </word>
    <word seq="15">which<GreekSeq>15</GreekSeq>
    </word>
    <word seq="16">ye have<GreekSeq>16</GreekSeq>
    </word>
    <word seq="17">of<GreekSeq>17</GreekSeq>
    </word>
    <word seq="18">God,<GreekSeq>18</GreekSeq>
    </word>
    <word seq="19">and<GreekSeq>19</GreekSeq>
    </word>
    <word seq="20">ye are<GreekSeq>21</GreekSeq>
    </word>
    <word seq="21">not<GreekSeq>20</GreekSeq>
    </word>
    <word seq="22">your own?<GreekSeq>22</GreekSeq>
    </word>
   </KJV>
  </verse>
  <verse number="20">
   <KJV>
    <word seq="1">For<GreekSeq>2</GreekSeq>
    </word>
    <word seq="2">ye are bought<GreekSeq>1</GreekSeq>
    </word>
    <word seq="3">with a price:<GreekSeq>3</GreekSeq>
    </word>
    <word seq="4">therefore<GreekSeq>5</GreekSeq>
    </word>
    <word seq="5">glorify<GreekSeq>4</GreekSeq>
    </word>
    <word seq="6">God<GreekSeq>7</GreekSeq>
    </word>
    <word seq="7">in<GreekSeq>8</GreekSeq>
    </word>
    <word seq="8">your<GreekSeq>11</GreekSeq>
    </word>
    <word seq="9">body,<GreekSeq>10</GreekSeq>
    </word>
    <word note="Base of different Greek: καὶ(2532)" seq="10">and</word>
    <word note="Base of different Greek: ἐν(1722)" seq="11">in</word>
    <word note="Base of different Greek: ὑμῶν(5216)" seq="12">your</word>
    <word note="Base of different Greek: τῷ(3588) &amp;  πνεύματι(4151)" seq="13">spirit,</word>
    <word note="Base of different Greek: ἅτινά(3748)" seq="14">which</word>
    <word note="Base of different Greek: ἐστι(2076)" seq="15">are</word>
    <word note="Base of different Greek: τοῦ(3588) &amp;  Θεοῦ(2316)" seq="16">God's.</word>
   </KJV>
  </verse>
 </chapter>
</book>
