<?xml version="1.0" encoding="UTF-8" standalone="no"?>
<book>
 <chapter book="null" number="1">
  <verse number="1">
   <KJV>
    <word seq="1">That which<GreekSeq>1</GreekSeq>
    </word>
    <word seq="2">was<GreekSeq>2</GreekSeq>
    </word>
    <word seq="3">from<GreekSeq>3</GreekSeq>
    </word>
    <word seq="4">the beginning, <GreekSeq>4</GreekSeq>
    </word>
    <word seq="5">which<GreekSeq>5</GreekSeq>
    </word>
    <word seq="6">we have heard,<GreekSeq>6</GreekSeq>
    </word>
    <word seq="7">which<GreekSeq>7</GreekSeq>
    </word>
    <word seq="8">we have seen<GreekSeq>8</GreekSeq>
    </word>
    <word seq="9">with<GreekSeq>10</GreekSeq>
    </word>
    <word seq="10">our<GreekSeq>11</GreekSeq>
    </word>
    <word seq="11">eyes<GreekSeq>10</GreekSeq>
    </word>
    <word seq="12">which<GreekSeq>12</GreekSeq>
    </word>
    <word seq="13">we have looked upon,<GreekSeq>13</GreekSeq>
    </word>
    <word seq="14">and<GreekSeq>14</GreekSeq>
    </word>
    <word seq="15">our<GreekSeq>17</GreekSeq>
    </word>
    <word seq="16">hands<GreekSeq>16</GreekSeq>
    </word>
    <word seq="17">have handled,<GreekSeq>18</GreekSeq>
    </word>
    <word seq="18">of<GreekSeq>19</GreekSeq>
    </word>
    <word seq="19">the<GreekSeq>20</GreekSeq>
    </word>
    <word seq="20">Word<GreekSeq>21</GreekSeq>
    </word>
    <word seq="21">of life<GreekSeq>23</GreekSeq>
    </word>
   </KJV>
  </verse>
  <verse number="2">
   <KJV>
    <word seq="1">([For]<GreekSeq>1</GreekSeq>
    </word>
    <word seq="2">the<GreekSeq>2</GreekSeq>
    </word>
    <word seq="3">life<GreekSeq>3</GreekSeq>
    </word>
    <word seq="4">was manifested,<GreekSeq>4</GreekSeq>
    </word>
    <word seq="5">and<GreekSeq>5</GreekSeq>
    </word>
    <word seq="6">we have seen<GreekSeq>6</GreekSeq>
    </word>
    <word seq="7">it,</word>
    <word seq="8">and<GreekSeq>7</GreekSeq>
    </word>
    <word seq="9">bear witness<GreekSeq>8</GreekSeq>
    </word>
    <word seq="10">, and<GreekSeq>9</GreekSeq>
    </word>
    <word seq="11">shew<GreekSeq>10</GreekSeq>
    </word>
    <word seq="12">unto you<GreekSeq>11</GreekSeq>
    </word>
    <word seq="13">that<GreekSeq>12</GreekSeq>
    </word>
    <word seq="14">eternal<GreekSeq>15</GreekSeq>
    </word>
    <word seq="15">life,<GreekSeq>13</GreekSeq>
    </word>
    <word seq="16">which<GreekSeq>16</GreekSeq>
    </word>
    <word seq="17">was<GreekSeq>17</GreekSeq>
    </word>
    <word seq="18">with<GreekSeq>18</GreekSeq>
    </word>
    <word seq="19">the<GreekSeq>19</GreekSeq>
    </word>
    <word seq="20">Father,<GreekSeq>20</GreekSeq>
    </word>
    <word seq="21">and<GreekSeq>21</GreekSeq>
    </word>
    <word seq="22">was manifested<GreekSeq>22</GreekSeq>
    </word>
    <word seq="23">unto us;)<GreekSeq>23</GreekSeq>
    </word>
   </KJV>
  </verse>
  <verse number="3">
   <KJV>
    <word seq="1">That which<GreekSeq>1</GreekSeq>
    </word>
    <word seq="2">we have seen<GreekSeq>2</GreekSeq>
    </word>
    <word seq="3">and<GreekSeq>3</GreekSeq>
    </word>
    <word seq="4">heard<GreekSeq>4</GreekSeq>
    </word>
    <word seq="5">declare we<GreekSeq>5</GreekSeq>
    </word>
    <word seq="6">unto you,<GreekSeq>7</GreekSeq>
    </word>
    <word seq="7">that<GreekSeq>8</GreekSeq>
    </word>
    <word seq="8">ye<GreekSeq>10</GreekSeq>
    </word>
    <word seq="9">also<GreekSeq>9</GreekSeq>
    </word>
    <word seq="10">may have<GreekSeq>12</GreekSeq>
    </word>
    <word seq="11">fellowship<GreekSeq>11</GreekSeq>
    </word>
    <word seq="12">with<GreekSeq>13</GreekSeq>
    </word>
    <word seq="13">us:<GreekSeq>14</GreekSeq>
    </word>
    <word seq="14">and<GreekSeq>18</GreekSeq>
    </word>
    <word seq="15">truly</word>
    <word note="Base of different Greek: ἡ(19)" seq="16">our<GreekSeq>20</GreekSeq>
    </word>
    <word seq="17">fellowship<GreekSeq>17</GreekSeq>
    </word>
    <word seq="18">is</word>
    <word seq="19">with<GreekSeq>21</GreekSeq>
    </word>
    <word seq="20">the<GreekSeq>22</GreekSeq>
    </word>
    <word seq="21">Father,<GreekSeq>23</GreekSeq>
    </word>
    <word seq="22">and<GreekSeq>24</GreekSeq>
    </word>
    <word seq="23">with<GreekSeq>25</GreekSeq>
    </word>
    <word seq="24">his<GreekSeq>28</GreekSeq>
    </word>
    <word seq="25">Son<GreekSeq>27</GreekSeq>
    </word>
    <word seq="26">Jesus<GreekSeq>29</GreekSeq>
    </word>
    <word seq="27">Christ.<GreekSeq>30</GreekSeq>
    </word>
   </KJV>
  </verse>
  <verse number="4">
   <KJV>
    <word seq="1">And<GreekSeq>1</GreekSeq>
    </word>
    <word seq="2">these things <GreekSeq>2</GreekSeq>
    </word>
    <word seq="3">write<GreekSeq>3</GreekSeq>
    </word>
    <word seq="4">we<GreekSeq>4</GreekSeq>
    </word>
    <word note="Base of different Greek: ὑμῖν(5213)" seq="5">unto you,</word>
    <word seq="6">that<GreekSeq>5</GreekSeq>
    </word>
    <word note="Base of different Greek: ὑμῶν(5216)" seq="7">your<GreekSeq>8</GreekSeq>
    </word>
    <word seq="8">joy<GreekSeq>7</GreekSeq>
    </word>
    <word seq="9">may be<GreekSeq>9</GreekSeq>
    </word>
    <word seq="10">full.<GreekSeq>10</GreekSeq>
    </word>
   </KJV>
  </verse>
  <verse number="5">
   <KJV>
    <word seq="1">This<GreekSeq>3</GreekSeq>
    </word>
    <word seq="2">then<GreekSeq>1</GreekSeq>
    </word>
    <word seq="3">is<GreekSeq>2</GreekSeq>
    </word>
    <word seq="4">the<GreekSeq>4</GreekSeq>
    </word>
    <word seq="5">message<GreekSeq>5</GreekSeq>
    </word>
    <word seq="6">which<GreekSeq>6</GreekSeq>
    </word>
    <word seq="7">we have heard<GreekSeq>7</GreekSeq>
    </word>
    <word seq="8">of<GreekSeq>8</GreekSeq>
    </word>
    <word seq="9">him,<GreekSeq>9</GreekSeq>
    </word>
    <word seq="10">and<GreekSeq>10</GreekSeq>
    </word>
    <word seq="11">declare<GreekSeq>11</GreekSeq>
    </word>
    <word seq="12">unto you,<GreekSeq>12</GreekSeq>
    </word>
    <word seq="13">that<GreekSeq>13</GreekSeq>
    </word>
    <word seq="14">God<GreekSeq>15</GreekSeq>
    </word>
    <word seq="15">is<GreekSeq>17</GreekSeq>
    </word>
    <word seq="16">light,<GreekSeq>16</GreekSeq>
    </word>
    <word seq="17">and<GreekSeq>18</GreekSeq>
    </word>
    <word seq="18">in<GreekSeq>20</GreekSeq>
    </word>
    <word seq="19">him<GreekSeq>21</GreekSeq>
    </word>
    <word seq="20">is<GreekSeq>23</GreekSeq>
    </word>
    <word seq="21">no<GreekSeq>22</GreekSeq>
    </word>
    <word seq="22">darkness<GreekSeq>19</GreekSeq>
    </word>
    <word seq="23">at all.<GreekSeq>24</GreekSeq>
    </word>
   </KJV>
  </verse>
  <verse number="6">
   <KJV>
    <word seq="1">If<GreekSeq>1</GreekSeq>
    </word>
    <word seq="2">we say<GreekSeq>2</GreekSeq>
    </word>
    <word seq="3">that<GreekSeq>3</GreekSeq>
    </word>
    <word seq="4">we have<GreekSeq>5</GreekSeq>
    </word>
    <word seq="5">fellowship<GreekSeq>4</GreekSeq>
    </word>
    <word seq="6">with<GreekSeq>6</GreekSeq>
    </word>
    <word seq="7">him,<GreekSeq>7</GreekSeq>
    </word>
    <word seq="8">and<GreekSeq>8</GreekSeq>
    </word>
    <word seq="9">walk<GreekSeq>12</GreekSeq>
    </word>
    <word seq="10">in<GreekSeq>9</GreekSeq>
    </word>
    <word seq="11">darkness,<GreekSeq>11</GreekSeq>
    </word>
    <word seq="12">we lie,<GreekSeq>13</GreekSeq>
    </word>
    <word seq="13">and<GreekSeq>14</GreekSeq>
    </word>
    <word seq="14">do<GreekSeq>16</GreekSeq>
    </word>
    <word seq="15">not<GreekSeq>15</GreekSeq>
    </word>
    <word seq="16">the<GreekSeq>17</GreekSeq>
    </word>
    <word seq="17">truth:<GreekSeq>18</GreekSeq>
    </word>
   </KJV>
  </verse>
  <verse number="7">
   <KJV>
    <word seq="1">But<GreekSeq>2</GreekSeq>
    </word>
    <word seq="2">if<GreekSeq>1</GreekSeq>
    </word>
    <word seq="3">we walk<GreekSeq>6</GreekSeq>
    </word>
    <word seq="4">in<GreekSeq>3</GreekSeq>
    </word>
    <word seq="5">the<GreekSeq>4</GreekSeq>
    </word>
    <word seq="6">light,<GreekSeq>5</GreekSeq>
    </word>
    <word seq="7">as<GreekSeq>7</GreekSeq>
    </word>
    <word seq="8">he<GreekSeq>8</GreekSeq>
    </word>
    <word seq="9">is<GreekSeq>9</GreekSeq>
    </word>
    <word seq="10">in<GreekSeq>10</GreekSeq>
    </word>
    <word seq="11">the<GreekSeq>11</GreekSeq>
    </word>
    <word seq="12">light,<GreekSeq>12</GreekSeq>
    </word>
    <word seq="13">we have<GreekSeq>14</GreekSeq>
    </word>
    <word seq="14">fellowship<GreekSeq>13</GreekSeq>
    </word>
    <word seq="15">one<GreekSeq>16</GreekSeq>
    </word>
    <word seq="16">with<GreekSeq>15</GreekSeq>
    </word>
    <word seq="17">another,<GreekSeq>16</GreekSeq>
    </word>
    <word seq="18">and<GreekSeq>17</GreekSeq>
    </word>
    <word seq="19">the<GreekSeq>18</GreekSeq>
    </word>
    <word seq="20">blood<GreekSeq>19</GreekSeq>
    </word>
    <word seq="21">of Jesus<GreekSeq>20</GreekSeq>
    </word>
    <word note="Base of different Greek: Χριστοῦ(5547)" seq="22">Christ</word>
    <word seq="23">his<GreekSeq>23</GreekSeq>
    </word>
    <word seq="24">son<GreekSeq>22</GreekSeq>
    </word>
    <word seq="25">cleanseth<GreekSeq>24</GreekSeq>
    </word>
    <word seq="26">us<GreekSeq>25</GreekSeq>
    </word>
    <word seq="27">from<GreekSeq>26</GreekSeq>
    </word>
    <word seq="28">all<GreekSeq>27</GreekSeq>
    </word>
    <word seq="29">sin.<GreekSeq>28</GreekSeq>
    </word>
   </KJV>
  </verse>
  <verse number="8">
   <KJV>
    <word seq="1">If<GreekSeq>1</GreekSeq>
    </word>
    <word seq="2">we say<GreekSeq>2</GreekSeq>
    </word>
    <word seq="3">that<GreekSeq>3</GreekSeq>
    </word>
    <word seq="4">we have<GreekSeq>6</GreekSeq>
    </word>
    <word seq="5">no<GreekSeq>5</GreekSeq>
    </word>
    <word seq="6">sin,<GreekSeq>4</GreekSeq>
    </word>
    <word seq="7">we deceive<GreekSeq>8</GreekSeq>
    </word>
    <word seq="8">ourselves,<GreekSeq>7</GreekSeq>
    </word>
    <word seq="9">and<GreekSeq>9</GreekSeq>
    </word>
    <word seq="10">the<GreekSeq>10</GreekSeq>
    </word>
    <word seq="11">truth<GreekSeq>11</GreekSeq>
    </word>
    <word seq="12">is<GreekSeq>13</GreekSeq>
    </word>
    <word seq="13">not<GreekSeq>12</GreekSeq>
    </word>
    <word seq="14">in<GreekSeq>14</GreekSeq>
    </word>
    <word seq="15">us.<GreekSeq>15</GreekSeq>
    </word>
   </KJV>
  </verse>
  <verse number="9">
   <KJV>
    <word seq="1">If<GreekSeq>1</GreekSeq>
    </word>
    <word seq="2">we confess<GreekSeq>2</GreekSeq>
    </word>
    <word seq="3">our<GreekSeq>5</GreekSeq>
    </word>
    <word seq="4">sins,<GreekSeq>4</GreekSeq>
    </word>
    <word seq="5">he is<GreekSeq>7</GreekSeq>
    </word>
    <word seq="6">faithful<GreekSeq>6</GreekSeq>
    </word>
    <word seq="7">and<GreekSeq>8</GreekSeq>
    </word>
    <word seq="8">just<GreekSeq>9</GreekSeq>
    </word>
    <word seq="9">to forgive<GreekSeq>10</GreekSeq>
     <GreekSeq>11</GreekSeq>
    </word>
    <word seq="10">us<GreekSeq>12</GreekSeq>
    </word>
    <word seq="11">our</word>
    <word seq="12">sins,<GreekSeq>14</GreekSeq>
    </word>
    <word seq="13">and<GreekSeq>15</GreekSeq>
    </word>
    <word seq="14">to cleanse<GreekSeq>16</GreekSeq>
    </word>
    <word seq="15">us<GreekSeq>17</GreekSeq>
    </word>
    <word seq="16">from<GreekSeq>18</GreekSeq>
    </word>
    <word seq="17">all<GreekSeq>19</GreekSeq>
    </word>
    <word seq="18">unrighteousness.<GreekSeq>20</GreekSeq>
    </word>
   </KJV>
  </verse>
  <verse number="10">
   <KJV>
    <word seq="1">If<GreekSeq>1</GreekSeq>
    </word>
    <word seq="2">we say<GreekSeq>2</GreekSeq>
    </word>
    <word seq="3">that<GreekSeq>3</GreekSeq>
    </word>
    <word seq="4">we have<GreekSeq>5</GreekSeq>
    </word>
    <word seq="5">not<GreekSeq>4</GreekSeq>
    </word>
    <word seq="6">sinned,<GreekSeq>5</GreekSeq>
    </word>
    <word seq="7">we make<GreekSeq>7</GreekSeq>
    </word>
    <word seq="8">him<GreekSeq>8</GreekSeq>
    </word>
    <word seq="9">a liar,<GreekSeq>6</GreekSeq>
    </word>
    <word seq="10">and<GreekSeq>9</GreekSeq>
    </word>
    <word seq="11">his<GreekSeq>12</GreekSeq>
    </word>
    <word seq="12">word<GreekSeq>11</GreekSeq>
    </word>
    <word seq="13">is<GreekSeq>14</GreekSeq>
    </word>
    <word seq="14">not<GreekSeq>13</GreekSeq>
    </word>
    <word seq="15">in<GreekSeq>15</GreekSeq>
    </word>
    <word seq="16">us.<GreekSeq>16</GreekSeq>
    </word>
   </KJV>
  </verse>
 </chapter>
</book>
