<?xml version="1.0" encoding="UTF-8" standalone="no"?>
<book>
 <chapter book="null" number="2">
  <verse number="1">
   <KJV>
    <word seq="1">For<GreekSeq>2</GreekSeq>
    </word>
    <word seq="2">yourselves,<GreekSeq>1</GreekSeq>
    </word>
    <word seq="3">brethren,<GreekSeq>4</GreekSeq>
    </word>
    <word seq="4">know<GreekSeq>3</GreekSeq>
    </word>
    <word seq="5">our<GreekSeq>7</GreekSeq>
    </word>
    <word seq="6">entrance in<GreekSeq>6</GreekSeq>
    </word>
    <word seq="7">unto<GreekSeq>9</GreekSeq>
    </word>
    <word seq="8">you,<GreekSeq>10</GreekSeq>
    </word>
    <word seq="9">that<GreekSeq>11</GreekSeq>
    </word>
    <word seq="10">it was<GreekSeq>14</GreekSeq>
    </word>
    <word seq="11">not<GreekSeq>12</GreekSeq>
    </word>
    <word seq="12">in vain:<GreekSeq>13</GreekSeq>
    </word>
   </KJV>
  </verse>
  <verse number="2">
   <KJV>
    <word seq="1">But<GreekSeq>1</GreekSeq>
    </word>
    <word seq="2">even<GreekSeq>3</GreekSeq>
    </word>
    <word seq="3">after that we</word>
    <word seq="4">had suffered before,<GreekSeq>2</GreekSeq>
    </word>
    <word note="Base of different Greek: καὶ(2532)" seq="5">and</word>
    <word seq="6">were shamefully entreated,<GreekSeq>4</GreekSeq>
    </word>
    <word seq="7">as<GreekSeq>5</GreekSeq>
    </word>
    <word seq="8">ye know,<GreekSeq>6</GreekSeq>
    </word>
    <word seq="9">at<GreekSeq>7</GreekSeq>
    </word>
    <word seq="10">Philippi,<GreekSeq>8</GreekSeq>
    </word>
    <word seq="11">we were bold<GreekSeq>9</GreekSeq>
    </word>
    <word seq="12">in<GreekSeq>10</GreekSeq>
    </word>
    <word seq="13">our<GreekSeq>13</GreekSeq>
    </word>
    <word seq="14">God<GreekSeq>12</GreekSeq>
    </word>
    <word seq="15">to speak<GreekSeq>14</GreekSeq>
    </word>
    <word seq="16">unto<GreekSeq>15</GreekSeq>
    </word>
    <word seq="17">you<GreekSeq>16</GreekSeq>
    </word>
    <word seq="18">the<GreekSeq>17</GreekSeq>
    </word>
    <word seq="19">gospel<GreekSeq>18</GreekSeq>
    </word>
    <word seq="20">of God<GreekSeq>20</GreekSeq>
    </word>
    <word seq="21">with<GreekSeq>21</GreekSeq>
    </word>
    <word seq="22">much<GreekSeq>22</GreekSeq>
    </word>
    <word seq="23">contention.<GreekSeq>23</GreekSeq>
    </word>
   </KJV>
  </verse>
  <verse number="3">
   <KJV>
    <word seq="1">For<GreekSeq>2</GreekSeq>
    </word>
    <word seq="2">our<GreekSeq>4</GreekSeq>
    </word>
    <word seq="3">exhortation<GreekSeq>3</GreekSeq>
    </word>
    <word seq="4">was</word>
    <word seq="5">not<GreekSeq>5</GreekSeq>
    </word>
    <word seq="6">of<GreekSeq>6</GreekSeq>
    </word>
    <word seq="7">deceit,<GreekSeq>7</GreekSeq>
    </word>
    <word seq="8">nor<GreekSeq>8</GreekSeq>
    </word>
    <word seq="9">of<GreekSeq>9</GreekSeq>
    </word>
    <word seq="10">uncleanness,<GreekSeq>10</GreekSeq>
    </word>
    <word note="Base of different Greek: οὐτὲ(3777)" seq="11">nor<GreekSeq>11</GreekSeq>
    </word>
    <word seq="12">in<GreekSeq>12</GreekSeq>
    </word>
    <word seq="13">guile:<GreekSeq>13</GreekSeq>
    </word>
   </KJV>
  </verse>
  <verse number="4">
   <KJV>
    <word seq="1">But<GreekSeq>1</GreekSeq>
    </word>
    <word seq="2">as<GreekSeq>2</GreekSeq>
    </word>
    <word seq="3">we were allowed<GreekSeq>3</GreekSeq>
    </word>
    <word seq="4">of<GreekSeq>4</GreekSeq>
    </word>
    <word seq="5">God<GreekSeq>6</GreekSeq>
    </word>
    <word seq="6">to be put in trust<GreekSeq>7</GreekSeq>
    </word>
    <word seq="7">with the<GreekSeq>8</GreekSeq>
    </word>
    <word seq="8">gospel,<GreekSeq>9</GreekSeq>
    </word>
    <word seq="9">even so<GreekSeq>10</GreekSeq>
    </word>
    <word seq="10">we speak;<GreekSeq>11</GreekSeq>
    </word>
    <word seq="11">not<GreekSeq>12</GreekSeq>
    </word>
    <word seq="12">as<GreekSeq>13</GreekSeq>
    </word>
    <word seq="13">pleasing<GreekSeq>15</GreekSeq>
    </word>
    <word seq="14">men,<GreekSeq>14</GreekSeq>
    </word>
    <word seq="15">but<GreekSeq>16</GreekSeq>
    </word>
    <word seq="16">God,<GreekSeq>17</GreekSeq>
    </word>
    <word seq="17">which trieth<GreekSeq>19</GreekSeq>
    </word>
    <word seq="18">our<GreekSeq>22</GreekSeq>
    </word>
    <word seq="19">hearts.<GreekSeq>21</GreekSeq>
    </word>
   </KJV>
  </verse>
  <verse number="5">
   <KJV>
    <word seq="1">For<GreekSeq>2</GreekSeq>
    </word>
    <word seq="2">neither<GreekSeq>1</GreekSeq>
    </word>
    <word seq="3">at any time<GreekSeq>3</GreekSeq>
    </word>
    <word seq="4">used we<GreekSeq>7</GreekSeq>
    </word>
    <word seq="5">flattering<GreekSeq>6</GreekSeq>
    </word>
    <word seq="6">words,<GreekSeq>5</GreekSeq>
    </word>
    <word seq="7">as<GreekSeq>8</GreekSeq>
    </word>
    <word seq="8">ye know,<GreekSeq>9</GreekSeq>
    </word>
    <word seq="9">nor<GreekSeq>10</GreekSeq>
    </word>
    <word seq="10">a cloke<GreekSeq>12</GreekSeq>
    </word>
    <word seq="11">of covetousness;<GreekSeq>13</GreekSeq>
    </word>
    <word seq="12">God<GreekSeq>14</GreekSeq>
    </word>
    <word seq="13">is</word>
    <word seq="14">witness:<GreekSeq>15</GreekSeq>
    </word>
   </KJV>
  </verse>
  <verse number="6">
   <KJV>
    <word seq="1">Nor<GreekSeq>1</GreekSeq>
    </word>
    <word seq="2">of<GreekSeq>3</GreekSeq>
    </word>
    <word seq="3">men<GreekSeq>4</GreekSeq>
    </word>
    <word seq="4">sought [we]<GreekSeq>2</GreekSeq>
    </word>
    <word seq="5">glory,<GreekSeq>5</GreekSeq>
    </word>
    <word seq="6">neither<GreekSeq>6</GreekSeq>
    </word>
    <word seq="7">of<GreekSeq>7</GreekSeq>
    </word>
    <word seq="8">you,<GreekSeq>8</GreekSeq>
    </word>
    <word seq="9">nor<GreekSeq>9</GreekSeq>
    </word>
    <word seq="10">yet</word>
    <word seq="11">of<GreekSeq>10</GreekSeq>
    </word>
    <word seq="12">others,<GreekSeq>11</GreekSeq>
    </word>
    <word note="see next verse." seq="13">when we might have been burdensome, as the apostles of Christ.</word>
   </KJV>
  </verse>
  <verse number="7">
   <KJV>
    <word note="see previous verse" seq="1">when [we] might<GreekSeq>1</GreekSeq>
    </word>
    <word note="see previous verse" seq="2">have been<GreekSeq>4</GreekSeq>
    </word>
    <word note="see previous verse" seq="3">burdensome,<GreekSeq>3</GreekSeq>
    </word>
    <word note="see previous verse" seq="4">as<GreekSeq>5</GreekSeq>
    </word>
    <word note="see previous verse" seq="5">the apostles<GreekSeq>7</GreekSeq>
    </word>
    <word note="see previous verse" seq="6">of Christ.<GreekSeq>6</GreekSeq>
    </word>
    <word seq="7">But<GreekSeq>8</GreekSeq>
    </word>
    <word seq="8">we were<GreekSeq>9</GreekSeq>
    </word>
    <word note="Base of different Greek: ἤπιοι(2261)" seq="9">gentle<GreekSeq>10</GreekSeq>
    </word>
    <word seq="10">among<GreekSeq>11</GreekSeq>
     <GreekSeq>12</GreekSeq>
    </word>
    <word seq="11">you,<GreekSeq>13</GreekSeq>
    </word>
    <word seq="12">even as<GreekSeq>14</GreekSeq>
    </word>
    <word seq="13">a nurse<GreekSeq>16</GreekSeq>
    </word>
    <word seq="14">cherisheth<GreekSeq>17</GreekSeq>
    </word>
    <word seq="15">her<GreekSeq>19</GreekSeq>
    </word>
    <word seq="16">children:<GreekSeq>20</GreekSeq>
    </word>
   </KJV>
  </verse>
  <verse number="8">
   <KJV>
    <word seq="1">So<GreekSeq>1</GreekSeq>
    </word>
    <word seq="2">being affectionately desirous<GreekSeq>2</GreekSeq>
    </word>
    <word seq="3">of you,<GreekSeq>3</GreekSeq>
    </word>
    <word seq="4">we were willing<GreekSeq>4</GreekSeq>
    </word>
    <word seq="5">to have imparted<GreekSeq>5</GreekSeq>
    </word>
    <word seq="6">unto you,<GreekSeq>6</GreekSeq>
    </word>
    <word seq="7">not<GreekSeq>7</GreekSeq>
    </word>
    <word seq="8">the<GreekSeq>9</GreekSeq>
    </word>
    <word seq="9">gospel<GreekSeq>10</GreekSeq>
    </word>
    <word seq="10">of God<GreekSeq>12</GreekSeq>
    </word>
    <word seq="11">only,<GreekSeq>8</GreekSeq>
    </word>
    <word seq="12">but<GreekSeq>13</GreekSeq>
    </word>
    <word seq="13">also<GreekSeq>14</GreekSeq>
    </word>
    <word seq="14">our own<GreekSeq>16</GreekSeq>
    </word>
    <word seq="15">souls,<GreekSeq>17</GreekSeq>
    </word>
    <word seq="16">because<GreekSeq>18</GreekSeq>
    </word>
    <word seq="17">ye were<GreekSeq>21</GreekSeq>
    </word>
    <word seq="18">dear<GreekSeq>19</GreekSeq>
    </word>
    <word seq="19">unto us.<GreekSeq>20</GreekSeq>
    </word>
   </KJV>
  </verse>
  <verse number="9">
   <KJV>
    <word seq="1">For<GreekSeq>2</GreekSeq>
    </word>
    <word seq="2">ye remember,<GreekSeq>1</GreekSeq>
    </word>
    <word seq="3">brethren,<GreekSeq>3</GreekSeq>
    </word>
    <word seq="4">our<GreekSeq>6</GreekSeq>
    </word>
    <word seq="5">labour<GreekSeq>5</GreekSeq>
    </word>
    <word seq="6">and<GreekSeq>7</GreekSeq>
    </word>
    <word seq="7">travail:<GreekSeq>9</GreekSeq>
    </word>
    <word note="Base of different Greek: γὰρ(1063)" seq="8">for</word>
    <word seq="9">labouring<GreekSeq>13</GreekSeq>
    </word>
    <word seq="10">night<GreekSeq>10</GreekSeq>
    </word>
    <word seq="11">and<GreekSeq>11</GreekSeq>
    </word>
    <word seq="12">day,<GreekSeq>12</GreekSeq>
    </word>
    <word seq="13">because<GreekSeq>14</GreekSeq>
     <GreekSeq>15</GreekSeq>
    </word>
    <word seq="14">we would<GreekSeq/>
    </word>
    <word seq="15">not<GreekSeq>16</GreekSeq>
    </word>
    <word seq="16">be chargeable<GreekSeq>17</GreekSeq>
    </word>
    <word seq="17">unto any<GreekSeq>18</GreekSeq>
    </word>
    <word seq="18">of you,<GreekSeq>19</GreekSeq>
    </word>
    <word seq="19">we preached<GreekSeq>20</GreekSeq>
    </word>
    <word seq="20">unto<GreekSeq>21</GreekSeq>
    </word>
    <word seq="21">you<GreekSeq>22</GreekSeq>
    </word>
    <word seq="22">the<GreekSeq>23</GreekSeq>
    </word>
    <word seq="23">gospel<GreekSeq>24</GreekSeq>
    </word>
    <word seq="24">of God.<GreekSeq>26</GreekSeq>
    </word>
   </KJV>
  </verse>
  <verse number="10">
   <KJV>
    <word seq="1">Ye<GreekSeq>1</GreekSeq>
    </word>
    <word seq="2">are</word>
    <word seq="3">witnesses,<GreekSeq>2</GreekSeq>
    </word>
    <word seq="4">and<GreekSeq>3</GreekSeq>
    </word>
    <word seq="5">God<GreekSeq>5</GreekSeq>
    </word>
    <word seq="6">also,</word>
    <word seq="7">how<GreekSeq>6</GreekSeq>
    </word>
    <word seq="8">holily<GreekSeq>7</GreekSeq>
    </word>
    <word seq="9">and<GreekSeq>8</GreekSeq>
    </word>
    <word seq="10">justly<GreekSeq>9</GreekSeq>
    </word>
    <word seq="11">and<GreekSeq>10</GreekSeq>
    </word>
    <word seq="12">unblameably<GreekSeq>11</GreekSeq>
    </word>
    <word seq="13">we behaved ourselves<GreekSeq>15</GreekSeq>
    </word>
    <word seq="14">among you<GreekSeq>12</GreekSeq>
    </word>
    <word seq="15">that believe:<GreekSeq>14</GreekSeq>
    </word>
   </KJV>
  </verse>
  <verse number="11">
   <KJV>
    <word seq="1">As<GreekSeq>1</GreekSeq>
    </word>
    <word seq="2">ye know<GreekSeq>2</GreekSeq>
    </word>
    <word seq="3">how<GreekSeq>3</GreekSeq>
    </word>
    <word note="see next verse" seq="4">we exhorted and comforted and charged</word>
    <word seq="5">every<GreekSeq>5</GreekSeq>
    </word>
    <word seq="6">one<GreekSeq>4</GreekSeq>
    </word>
    <word seq="7">of you,<GreekSeq>6</GreekSeq>
    </word>
    <word seq="8">as<GreekSeq>7</GreekSeq>
    </word>
    <word seq="9">a father<GreekSeq>8</GreekSeq>
    </word>
    <word seq="10">doth</word>
    <word seq="11">his<GreekSeq>10</GreekSeq>
    </word>
    <word seq="12">children,<GreekSeq>9</GreekSeq>
    </word>
   </KJV>
  </verse>
  <verse number="12">
   <KJV>
    <word note="from previous verse." seq="1">we</word>
    <word note="from previous verse." seq="2">exhorted<GreekSeq>1</GreekSeq>
    </word>
    <word note="from previous verse." seq="3">and<GreekSeq>3</GreekSeq>
    </word>
    <word note="from previous verse." seq="4">comforted<GreekSeq>4</GreekSeq>
    </word>
    <word note="from previous verse." seq="5">and<GreekSeq>5</GreekSeq>
    </word>
    <word note="from previous verse." seq="6">charged<GreekSeq>6</GreekSeq>
    </word>
    <word seq="7">That<GreekSeq>7</GreekSeq>
     <GreekSeq>8</GreekSeq>
    </word>
    <word seq="8">ye<GreekSeq>10</GreekSeq>
    </word>
    <word seq="9">would walk<GreekSeq>9</GreekSeq>
    </word>
    <word seq="10">worthy<GreekSeq>11</GreekSeq>
    </word>
    <word seq="11">of God,<GreekSeq>13</GreekSeq>
    </word>
    <word seq="12">who hath called<GreekSeq>15</GreekSeq>
    </word>
    <word seq="13">you<GreekSeq>16</GreekSeq>
    </word>
    <word seq="14">unto<GreekSeq>17</GreekSeq>
    </word>
    <word seq="15">his<GreekSeq>19</GreekSeq>
    </word>
    <word seq="16">kingdom<GreekSeq>20</GreekSeq>
    </word>
    <word seq="17">and<GreekSeq>21</GreekSeq>
    </word>
    <word seq="18">glory.<GreekSeq>22</GreekSeq>
    </word>
   </KJV>
  </verse>
  <verse number="13">
   <KJV>
    <word seq="1">For<GreekSeq>2</GreekSeq>
    </word>
    <word seq="2">this<GreekSeq>3</GreekSeq>
    </word>
    <word seq="3">cause<GreekSeq>2</GreekSeq>
    </word>
    <word seq="4">also<GreekSeq>4</GreekSeq>
    </word>
    <word seq="5">thank<GreekSeq>6</GreekSeq>
    </word>
    <word seq="6">we<GreekSeq>5</GreekSeq>
    </word>
    <word seq="7">God<GreekSeq>8</GreekSeq>
    </word>
    <word seq="8">without ceasing,<GreekSeq>9</GreekSeq>
    </word>
    <word seq="9">because,<GreekSeq>10</GreekSeq>
    </word>
    <word seq="10">when ye received<GreekSeq>11</GreekSeq>
    </word>
    <word seq="11">the word<GreekSeq>12</GreekSeq>
    </word>
    <word seq="12">of God<GreekSeq>17</GreekSeq>
    </word>
    <word seq="13">which ye <GreekSeq/>
    </word>
    <word seq="14">heard<GreekSeq>13</GreekSeq>
    </word>
    <word seq="15">of<GreekSeq>14</GreekSeq>
    </word>
    <word seq="16">us,<GreekSeq>15</GreekSeq>
    </word>
    <word seq="17">ye received<GreekSeq>18</GreekSeq>
    </word>
    <word seq="18">it</word>
    <word seq="19">not<GreekSeq>19</GreekSeq>
    </word>
    <word seq="20">as the word<GreekSeq>20</GreekSeq>
    </word>
    <word seq="21">of men,<GreekSeq>21</GreekSeq>
    </word>
    <word seq="22">but<GreekSeq>22</GreekSeq>
    </word>
    <word seq="23">as<GreekSeq>23</GreekSeq>
    </word>
    <word seq="24">it is<GreekSeq>24</GreekSeq>
    </word>
    <word seq="25">in truth,<GreekSeq>25</GreekSeq>
    </word>
    <word seq="26">the word<GreekSeq>26</GreekSeq>
    </word>
    <word seq="27">of God,<GreekSeq>27</GreekSeq>
    </word>
    <word seq="28">which<GreekSeq>28</GreekSeq>
    </word>
    <word seq="29">effectually worketh<GreekSeq>30</GreekSeq>
    </word>
    <word seq="30">also<GreekSeq>29</GreekSeq>
    </word>
    <word seq="31">in<GreekSeq>31</GreekSeq>
    </word>
    <word seq="32">you<GreekSeq>32</GreekSeq>
    </word>
    <word seq="33">that believe.<GreekSeq>34</GreekSeq>
    </word>
   </KJV>
  </verse>
  <verse number="14">
   <KJV>
    <word seq="1">For<GreekSeq>2</GreekSeq>
    </word>
    <word seq="2">ye,<GreekSeq>1</GreekSeq>
    </word>
    <word seq="3">brethren,<GreekSeq>5</GreekSeq>
    </word>
    <word seq="4">became<GreekSeq>4</GreekSeq>
    </word>
    <word seq="5">followers<GreekSeq>3</GreekSeq>
    </word>
    <word seq="7">of the<GreekSeq>6</GreekSeq>
    </word>
    <word seq="7">churches<GreekSeq>7</GreekSeq>
    </word>
    <word seq="8">of God<GreekSeq>9</GreekSeq>
    </word>
    <word seq="9">which<GreekSeq>11</GreekSeq>
    </word>
    <word seq="10">in<GreekSeq>12</GreekSeq>
    </word>
    <word seq="11">Judaea<GreekSeq>14</GreekSeq>
    </word>
    <word seq="12">are<GreekSeq>11</GreekSeq>
    </word>
    <word seq="13">in<GreekSeq>15</GreekSeq>
    </word>
    <word seq="14">Christ<GreekSeq>16</GreekSeq>
    </word>
    <word seq="15">Jesus:<GreekSeq>17</GreekSeq>
    </word>
    <word seq="16">for<GreekSeq>18</GreekSeq>
    </word>
    <word seq="17">ye<GreekSeq>23</GreekSeq>
    </word>
    <word seq="18">also<GreekSeq>22</GreekSeq>
    </word>
    <word seq="19">have suffered<GreekSeq>21</GreekSeq>
    </word>
    <word seq="20">like things<GreekSeq>20</GreekSeq>
    </word>
    <word seq="21">of<GreekSeq>24</GreekSeq>
    </word>
    <word seq="22">your own<GreekSeq>26</GreekSeq>
    </word>
    <word seq="23">countrymen,<GreekSeq>27</GreekSeq>
    </word>
    <word seq="24">even<GreekSeq>29</GreekSeq>
    </word>
    <word seq="25">as<GreekSeq>28</GreekSeq>
    </word>
    <word seq="26">they<GreekSeq>30</GreekSeq>
    </word>
    <word seq="27">have</word>
    <word seq="28">of<GreekSeq>31</GreekSeq>
    </word>
    <word seq="29">the<GreekSeq>32</GreekSeq>
    </word>
    <word seq="30">Jews:<GreekSeq>33</GreekSeq>
    </word>
   </KJV>
  </verse>
  <verse number="15">
   <KJV>
    <word seq="1">Who<GreekSeq>5</GreekSeq>
    </word>
    <word seq="2">both<GreekSeq>2</GreekSeq>
    </word>
    <word seq="3">killed<GreekSeq>5</GreekSeq>
    </word>
    <word seq="4">the<GreekSeq>3</GreekSeq>
    </word>
    <word seq="5">Lord<GreekSeq>4</GreekSeq>
    </word>
    <word seq="6">Jesus,<GreekSeq>6</GreekSeq>
    </word>
    <word seq="7">and<GreekSeq>7</GreekSeq>
    </word>
    <word note="Base of different Greek: ἰδίους(2398)" seq="8">their own</word>
    <word seq="9">prophets,<GreekSeq>9</GreekSeq>
    </word>
    <word seq="10">and<GreekSeq>10</GreekSeq>
    </word>
    <word seq="11">have persecuted<GreekSeq>12</GreekSeq>
    </word>
    <word seq="12">us;<GreekSeq>11</GreekSeq>
    </word>
    <word seq="13">and<GreekSeq>13</GreekSeq>
    </word>
    <word seq="14">they please<GreekSeq>16</GreekSeq>
    </word>
    <word seq="15">not<GreekSeq>15</GreekSeq>
    </word>
    <word seq="16">God,<GreekSeq>14</GreekSeq>
    </word>
    <word seq="17">and<GreekSeq>17</GreekSeq>
    </word>
    <word seq="18">are</word>
    <word seq="19">contrary<GreekSeq>20</GreekSeq>
    </word>
    <word seq="20">to all<GreekSeq>18</GreekSeq>
    </word>
    <word seq="21">men:<GreekSeq>19</GreekSeq>
    </word>
   </KJV>
  </verse>
  <verse number="16">
   <KJV>
    <word seq="1">Forbidding<GreekSeq>1</GreekSeq>
    </word>
    <word seq="2">us<GreekSeq>2</GreekSeq>
    </word>
    <word seq="3">to speak<GreekSeq>5</GreekSeq>
    </word>
    <word seq="4">to the<GreekSeq>3</GreekSeq>
    </word>
    <word seq="5">Gentiles<GreekSeq>4</GreekSeq>
    </word>
    <word seq="6">that<GreekSeq>6</GreekSeq>
    </word>
    <word seq="7">they might be saved,<GreekSeq>7</GreekSeq>
    </word>
    <word seq="8">to fill up<GreekSeq>10</GreekSeq>
    </word>
    <word seq="9">their<GreekSeq>11</GreekSeq>
    </word>
    <word seq="10">sins<GreekSeq>13</GreekSeq>
    </word>
    <word seq="11">always:<GreekSeq>14</GreekSeq>
    </word>
    <word seq="12">for<GreekSeq>16</GreekSeq>
    </word>
    <word seq="13">the<GreekSeq>19</GreekSeq>
    </word>
    <word seq="14">wrath<GreekSeq>20</GreekSeq>
    </word>
    <word seq="15">is come<GreekSeq>15</GreekSeq>
    </word>
    <word seq="16">upon<GreekSeq>17</GreekSeq>
    </word>
    <word seq="17">them<GreekSeq>18</GreekSeq>
    </word>
    <word seq="18">to<GreekSeq>21</GreekSeq>
    </word>
    <word seq="19">the uttermost.<GreekSeq>22</GreekSeq>
    </word>
   </KJV>
  </verse>
  <verse number="17">
   <KJV>
    <word seq="1">But<GreekSeq>2</GreekSeq>
    </word>
    <word seq="2">we,<GreekSeq>1</GreekSeq>
    </word>
    <word seq="3">brethren,<GreekSeq>3</GreekSeq>
    </word>
    <word seq="4">being taken<GreekSeq>4</GreekSeq>
    </word>
    <word seq="5">from<GreekSeq>5</GreekSeq>
    </word>
    <word seq="6">you<GreekSeq>6</GreekSeq>
    </word>
    <word seq="7">for<GreekSeq>7</GreekSeq>
    </word>
    <word seq="8">a short time<GreekSeq>8</GreekSeq>
     <GreekSeq>9</GreekSeq>
    </word>
    <word seq="9">in presence,<GreekSeq>10</GreekSeq>
    </word>
    <word seq="10">not<GreekSeq>11</GreekSeq>
    </word>
    <word seq="11">in heart,<GreekSeq>12</GreekSeq>
    </word>
    <word seq="12">endeavoured<GreekSeq>14</GreekSeq>
    </word>
    <word seq="13">the more abundantly<GreekSeq>13</GreekSeq>
    </word>
    <word seq="14">to see<GreekSeq>18</GreekSeq>
    </word>
    <word seq="15">your<GreekSeq>17</GreekSeq>
    </word>
    <word seq="16">face<GreekSeq>16</GreekSeq>
    </word>
    <word seq="17">with<GreekSeq>19</GreekSeq>
    </word>
    <word seq="18">great<GreekSeq>20</GreekSeq>
    </word>
    <word seq="19">desire.<GreekSeq>21</GreekSeq>
    </word>
   </KJV>
  </verse>
  <verse number="18">
   <KJV>
    <word note="Base of different Greek: διό(1352)" seq="1">Wherefore<GreekSeq>1</GreekSeq>
    </word>
    <word seq="2">we would have<GreekSeq>2</GreekSeq>
    </word>
    <word seq="3">come<GreekSeq>3</GreekSeq>
    </word>
    <word seq="4">unto<GreekSeq>4</GreekSeq>
    </word>
    <word seq="5">you,<GreekSeq>5</GreekSeq>
    </word>
    <word seq="6">even<GreekSeq>9</GreekSeq>
    </word>
    <word seq="7">I<GreekSeq>6</GreekSeq>
    </word>
    <word seq="8">Paul,<GreekSeq>8</GreekSeq>
    </word>
    <word seq="9">once<GreekSeq>10</GreekSeq>
    </word>
    <word seq="10">and<GreekSeq>11</GreekSeq>
    </word>
    <word seq="11">again;<GreekSeq>12</GreekSeq>
    </word>
    <word seq="12">but<GreekSeq>13</GreekSeq>
    </word>
    <word seq="13">Satan<GreekSeq>17</GreekSeq>
    </word>
    <word seq="14">hindered<GreekSeq>14</GreekSeq>
    </word>
    <word seq="15">us.<GreekSeq>15</GreekSeq>
    </word>
   </KJV>
  </verse>
  <verse number="19">
   <KJV>
    <word seq="1">For<GreekSeq>2</GreekSeq>
    </word>
    <word seq="2">what<GreekSeq>1</GreekSeq>
    </word>
    <word seq="3">is</word>
    <word seq="4">our<GreekSeq>3</GreekSeq>
    </word>
    <word seq="5">hope,<GreekSeq>4</GreekSeq>
    </word>
    <word seq="6">or<GreekSeq>5</GreekSeq>
    </word>
    <word seq="7">joy,<GreekSeq>6</GreekSeq>
    </word>
    <word seq="8">or<GreekSeq>7</GreekSeq>
    </word>
    <word seq="9">crown<GreekSeq>8</GreekSeq>
    </word>
    <word seq="10">of rejoicing?<GreekSeq>9</GreekSeq>
    </word>
    <word seq="11">Are not<GreekSeq>10</GreekSeq>
     <GreekSeq>11</GreekSeq>
    </word>
    <word seq="12">even<GreekSeq>12</GreekSeq>
    </word>
    <word seq="13">ye<GreekSeq>13</GreekSeq>
    </word>
    <word seq="14">in the presence of<GreekSeq>14</GreekSeq>
    </word>
    <word seq="15">our<GreekSeq>17</GreekSeq>
    </word>
    <word seq="16">Lord<GreekSeq>16</GreekSeq>
    </word>
    <word seq="17">Jesus<GreekSeq>18</GreekSeq>
    </word>
    <word note="Base of different Greek: Χριστοῦ(5547)" seq="18">Christ</word>
    <word seq="19">at<GreekSeq>19</GreekSeq>
    </word>
    <word seq="20">his<GreekSeq>21</GreekSeq>
    </word>
    <word seq="21">coming?<GreekSeq>22</GreekSeq>
    </word>
   </KJV>
  </verse>
  <verse number="20">
   <KJV>
    <word seq="1">For<GreekSeq>2</GreekSeq>
    </word>
    <word seq="2">ye<GreekSeq>1</GreekSeq>
    </word>
    <word seq="3">are<GreekSeq>3</GreekSeq>
    </word>
    <word seq="4">our<GreekSeq>6</GreekSeq>
    </word>
    <word seq="5">glory<GreekSeq>5</GreekSeq>
    </word>
    <word seq="6">and<GreekSeq>7</GreekSeq>
    </word>
    <word seq="7">joy.<GreekSeq>9</GreekSeq>
    </word>
   </KJV>
  </verse>
 </chapter>
</book>
