<?xml version="1.0" encoding="UTF-8" standalone="no"?>
<book>
 <chapter book="null" number="4">
  <verse number="1">
   <KJV>
    <word seq="1">Now<GreekSeq>2</GreekSeq>
    </word>
    <word seq="2">the<GreekSeq>1</GreekSeq>
    </word>
    <word seq="3">Spirit<GreekSeq>3</GreekSeq>
    </word>
    <word seq="4">speaketh<GreekSeq>5</GreekSeq>
    </word>
    <word seq="5">expressly,<GreekSeq>4</GreekSeq>
    </word>
    <word seq="6">that<GreekSeq>6</GreekSeq>
    </word>
    <word seq="7">in<GreekSeq>7</GreekSeq>
    </word>
    <word seq="8">the<GreekSeq/>
    </word>
    <word seq="9">latter<GreekSeq>8</GreekSeq>
    </word>
    <word seq="10">times<GreekSeq>9</GreekSeq>
    </word>
    <word seq="11">some<GreekSeq>11</GreekSeq>
    </word>
    <word seq="12">shall depart from<GreekSeq>10</GreekSeq>
    </word>
    <word seq="13">the<GreekSeq>12</GreekSeq>
    </word>
    <word seq="14">faith,<GreekSeq>13</GreekSeq>
    </word>
    <word seq="15">giving heed<GreekSeq>14</GreekSeq>
    </word>
    <word seq="16">to seducing<GreekSeq>16</GreekSeq>
    </word>
    <word seq="17">spirits,<GreekSeq>15</GreekSeq>
    </word>
    <word seq="18">and<GreekSeq>17</GreekSeq>
    </word>
    <word seq="19">doctrines<GreekSeq>18</GreekSeq>
    </word>
    <word seq="20">of devils;<GreekSeq>19</GreekSeq>
    </word>
   </KJV>
  </verse>
  <verse number="2">
   <KJV>
    <word seq="1">Speaking lies<GreekSeq>3</GreekSeq>
    </word>
    <word seq="2">in<GreekSeq>1</GreekSeq>
    </word>
    <word seq="3">hypocrisy;<GreekSeq>2</GreekSeq>
    </word>
    <word seq="4">having<GreekSeq/>
    </word>
    <word seq="5">their<GreekSeq>6</GreekSeq>
    </word>
    <word seq="6">conscience<GreekSeq>7</GreekSeq>
    </word>
    <word seq="7">seared with a hot iron;<GreekSeq>4</GreekSeq>
    </word>
   </KJV>
  </verse>
  <verse number="3">
   <KJV>
    <word seq="1">Forbidding<GreekSeq>1</GreekSeq>
    </word>
    <word seq="2">to marry,<GreekSeq>2</GreekSeq>
    </word>
    <word seq="3">and commanding</word>
    <word seq="4">to abstain from<GreekSeq>3</GreekSeq>
    </word>
    <word seq="5">meats,<GreekSeq>4</GreekSeq>
    </word>
    <word seq="6">which<GreekSeq>5</GreekSeq>
    </word>
    <word seq="7">God<GreekSeq>7</GreekSeq>
    </word>
    <word seq="8">hath created<GreekSeq>8</GreekSeq>
    </word>
    <word seq="9">to be received<GreekSeq>9</GreekSeq>
     <GreekSeq>10</GreekSeq>
    </word>
    <word seq="10">with<GreekSeq>11</GreekSeq>
    </word>
    <word seq="11">thanksgiving<GreekSeq>12</GreekSeq>
    </word>
    <word seq="12">of them<GreekSeq>13</GreekSeq>
    </word>
    <word seq="13">which believe<GreekSeq>14</GreekSeq>
    </word>
    <word seq="14">and<GreekSeq>15</GreekSeq>
    </word>
    <word seq="15">know<GreekSeq>16</GreekSeq>
    </word>
    <word seq="16">the<GreekSeq>17</GreekSeq>
    </word>
    <word seq="17">truth.<GreekSeq>18</GreekSeq>
    </word>
   </KJV>
  </verse>
  <verse number="4">
   <KJV>
    <word seq="1">For<GreekSeq>1</GreekSeq>
    </word>
    <word seq="2">every<GreekSeq>2</GreekSeq>
    </word>
    <word seq="3">creature<GreekSeq>3</GreekSeq>
    </word>
    <word seq="4">of God<GreekSeq>4</GreekSeq>
    </word>
    <word seq="5">is</word>
    <word seq="6">good,<GreekSeq>5</GreekSeq>
    </word>
    <word seq="7">and<GreekSeq>6</GreekSeq>
    </word>
    <word seq="8">nothing<GreekSeq>7</GreekSeq>
    </word>
    <word seq="9">to be refused,<GreekSeq>8</GreekSeq>
    </word>
    <word seq="10">if</word>
    <word seq="11">it be received<GreekSeq>11</GreekSeq>
    </word>
    <word seq="12">with<GreekSeq>9</GreekSeq>
    </word>
    <word seq="13">thanksgiving:<GreekSeq>10</GreekSeq>
    </word>
   </KJV>
  </verse>
  <verse number="5">
   <KJV>
    <word seq="1">For<GreekSeq>2</GreekSeq>
    </word>
    <word seq="2">it is sanctified<GreekSeq>1</GreekSeq>
    </word>
    <word seq="3">by<GreekSeq>3</GreekSeq>
    </word>
    <word seq="4">the word<GreekSeq>4</GreekSeq>
    </word>
    <word seq="5">of God<GreekSeq>5</GreekSeq>
    </word>
    <word seq="6">and<GreekSeq>6</GreekSeq>
    </word>
    <word seq="7">prayer.<GreekSeq>7</GreekSeq>
    </word>
   </KJV>
  </verse>
  <verse number="6">
   <KJV>
    <word seq="1">If thou</word>
    <word seq="2">put<GreekSeq>2</GreekSeq>
    </word>
    <word seq="3">the<GreekSeq>3</GreekSeq>
    </word>
    <word seq="4">brethren<GreekSeq>4</GreekSeq>
    </word>
    <word seq="5">in remembrance of<GreekSeq>2</GreekSeq>
    </word>
    <word seq="6">these things, <GreekSeq>1</GreekSeq>
    </word>
    <word seq="7">thou shalt be<GreekSeq>6</GreekSeq>
    </word>
    <word seq="8">a good<GreekSeq>5</GreekSeq>
    </word>
    <word seq="9">minister<GreekSeq>7</GreekSeq>
    </word>
    <word seq="10">of Jesus<GreekSeq>9</GreekSeq>
    </word>
    <word seq="11">Christ,<GreekSeq>8</GreekSeq>
    </word>
    <word seq="12">nourished up<GreekSeq>10</GreekSeq>
    </word>
    <word seq="13">in the<GreekSeq>11</GreekSeq>
    </word>
    <word seq="14">words<GreekSeq>12</GreekSeq>
    </word>
    <word seq="15">of faith<GreekSeq>14</GreekSeq>
    </word>
    <word seq="16">and<GreekSeq>15</GreekSeq>
    </word>
    <word seq="17">of good<GreekSeq>17</GreekSeq>
    </word>
    <word seq="18">doctrine,<GreekSeq>18</GreekSeq>
    </word>
    <word seq="19">whereunto<GreekSeq>19</GreekSeq>
    </word>
    <word seq="20">thou hast attained.<GreekSeq>20</GreekSeq>
    </word>
   </KJV>
  </verse>
  <verse number="7">
   <KJV>
    <word seq="1">But<GreekSeq>2</GreekSeq>
    </word>
    <word seq="2">refuse<GreekSeq>7</GreekSeq>
    </word>
    <word seq="3">profane<GreekSeq>3</GreekSeq>
    </word>
    <word seq="4">and<GreekSeq>4</GreekSeq>
    </word>
    <word seq="5">old wives'<GreekSeq>5</GreekSeq>
    </word>
    <word seq="6">fables,<GreekSeq>6</GreekSeq>
    </word>
    <word seq="7">and<GreekSeq>9</GreekSeq>
    </word>
    <word seq="8">exercise<GreekSeq>8</GreekSeq>
    </word>
    <word seq="9">thyself<GreekSeq>10</GreekSeq>
    </word>
    <word seq="10">rather</word>
    <word seq="11">unto<GreekSeq>11</GreekSeq>
    </word>
    <word seq="12">godliness.<GreekSeq>12</GreekSeq>
    </word>
   </KJV>
  </verse>
  <verse number="8">
   <KJV>
    <word seq="1">For<GreekSeq>2</GreekSeq>
    </word>
    <word seq="2">bodily<GreekSeq>3</GreekSeq>
    </word>
    <word seq="3">exercise<GreekSeq>4</GreekSeq>
    </word>
    <word seq="4">profiteth<GreekSeq>7</GreekSeq>
     <GreekSeq>8</GreekSeq>
    </word>
    <word seq="5">little:<GreekSeq>6</GreekSeq>
    </word>
    <word seq="6">but<GreekSeq>10</GreekSeq>
    </word>
    <word seq="7">godliness<GreekSeq>11</GreekSeq>
    </word>
    <word seq="8">is<GreekSeq>15</GreekSeq>
    </word>
    <word seq="9">profitable<GreekSeq>14</GreekSeq>
    </word>
    <word seq="10">unto<GreekSeq>12</GreekSeq>
    </word>
    <word seq="11">all things,<GreekSeq>13</GreekSeq>
    </word>
    <word seq="12">having<GreekSeq>17</GreekSeq>
    </word>
    <word seq="13">promise<GreekSeq>16</GreekSeq>
    </word>
    <word seq="14">of the life<GreekSeq>18</GreekSeq>
    </word>
    <word seq="15">that<GreekSeq>19</GreekSeq>
    </word>
    <word seq="16">now<GreekSeq>20</GreekSeq>
    </word>
    <word seq="17">is,</word>
    <word seq="18">and<GreekSeq>21</GreekSeq>
    </word>
    <word seq="19">of that<GreekSeq>22</GreekSeq>
    </word>
    <word seq="20">which is to come.<GreekSeq>23</GreekSeq>
    </word>
   </KJV>
  </verse>
  <verse number="9">
   <KJV>
    <word seq="1">This is</word>
    <word seq="2">a<GreekSeq>2</GreekSeq>
    </word>
    <word seq="3">faithful<GreekSeq>1</GreekSeq>
    </word>
    <word seq="4">saying<GreekSeq>3</GreekSeq>
    </word>
    <word seq="5">and<GreekSeq>4</GreekSeq>
    </word>
    <word seq="6">worthy<GreekSeq>7</GreekSeq>
    </word>
    <word seq="7">of all<GreekSeq>5</GreekSeq>
    </word>
    <word seq="8">acceptation.<GreekSeq>6</GreekSeq>
    </word>
   </KJV>
  </verse>
  <verse number="10">
   <KJV>
    <word seq="1">For<GreekSeq>3</GreekSeq>
    </word>
    <word seq="2">therefore<GreekSeq>1</GreekSeq>
     <GreekSeq>2</GreekSeq>
    </word>
    <word seq="3">we<GreekSeq>4</GreekSeq>
    </word>
    <word note="Base of different Greek: καὶ(2532)" seq="4">both</word>
    <word seq="5">labour<GreekSeq>4</GreekSeq>
    </word>
    <word seq="6">and<GreekSeq>5</GreekSeq>
    </word>
    <word note="Base of different Greek: ὀνειδιζόμεθα(3679)" seq="7">suffer reproach,<GreekSeq>6</GreekSeq>
    </word>
    <word seq="8">because<GreekSeq>7</GreekSeq>
    </word>
    <word seq="9">we trust<GreekSeq>8</GreekSeq>
    </word>
    <word seq="10">in<GreekSeq>9</GreekSeq>
    </word>
    <word seq="11">the<GreekSeq/>
    </word>
    <word seq="12">living<GreekSeq>11</GreekSeq>
    </word>
    <word seq="13">God,<GreekSeq>10</GreekSeq>
    </word>
    <word seq="14">who<GreekSeq>12</GreekSeq>
    </word>
    <word seq="15">is<GreekSeq>13</GreekSeq>
    </word>
    <word seq="16">the Saviour<GreekSeq>14</GreekSeq>
    </word>
    <word seq="17">of all<GreekSeq>15</GreekSeq>
    </word>
    <word seq="18">men,<GreekSeq>16</GreekSeq>
    </word>
    <word seq="19">specially<GreekSeq>17</GreekSeq>
    </word>
    <word seq="20">of those</word>
    <word seq="21">that believe.<GreekSeq>18</GreekSeq>
    </word>
   </KJV>
  </verse>
  <verse number="11">
   <KJV>
    <word seq="1">These things<GreekSeq>2</GreekSeq>
    </word>
    <word seq="2">command<GreekSeq>1</GreekSeq>
    </word>
    <word seq="3">and<GreekSeq>3</GreekSeq>
    </word>
    <word seq="4">teach.<GreekSeq>4</GreekSeq>
    </word>
   </KJV>
  </verse>
  <verse number="12">
   <KJV>
    <word seq="1">Let<GreekSeq/>
    </word>
    <word seq="2">no man<GreekSeq>1</GreekSeq>
    </word>
    <word seq="3">despise<GreekSeq>5</GreekSeq>
    </word>
    <word seq="4">thy<GreekSeq>2</GreekSeq>
    </word>
    <word seq="5">youth;<GreekSeq>4</GreekSeq>
    </word>
    <word seq="6">but<GreekSeq>6</GreekSeq>
    </word>
    <word seq="7">be thou<GreekSeq>8</GreekSeq>
    </word>
    <word seq="8">an example<GreekSeq>7</GreekSeq>
    </word>
    <word seq="9">of the<GreekSeq>9</GreekSeq>
    </word>
    <word seq="10">believers,<GreekSeq>10</GreekSeq>
    </word>
    <word seq="11">in<GreekSeq>11</GreekSeq>
    </word>
    <word seq="12">word,<GreekSeq>12</GreekSeq>
    </word>
    <word seq="13">in<GreekSeq>13</GreekSeq>
    </word>
    <word seq="14">conversation,<GreekSeq>14</GreekSeq>
    </word>
    <word seq="15">in<GreekSeq>15</GreekSeq>
    </word>
    <word seq="16">charity,<GreekSeq>16</GreekSeq>
    </word>
    <word note="Base of different Greek: ἐν(1722)" seq="17">in</word>
    <word note="Base of different Greek: πνεύματι(4151)" seq="18">spirit,</word>
    <word seq="19">in<GreekSeq>17</GreekSeq>
    </word>
    <word seq="20">faith,<GreekSeq>18</GreekSeq>
    </word>
    <word seq="21">in<GreekSeq>19</GreekSeq>
    </word>
    <word seq="22">purity.<GreekSeq>20</GreekSeq>
    </word>
   </KJV>
  </verse>
  <verse number="13">
   <KJV>
    <word seq="1">Till<GreekSeq>1</GreekSeq>
    </word>
    <word seq="2">I come,<GreekSeq>2</GreekSeq>
    </word>
    <word seq="3">give attendance<GreekSeq>3</GreekSeq>
    </word>
    <word seq="4">to reading,<GreekSeq>5</GreekSeq>
    </word>
    <word seq="5">to exhortation,<GreekSeq>7</GreekSeq>
    </word>
    <word seq="6">to doctrine.<GreekSeq>9</GreekSeq>
    </word>
   </KJV>
  </verse>
  <verse number="14">
   <KJV>
    <word seq="1">Neglect<GreekSeq>2</GreekSeq>
    </word>
    <word seq="2">not<GreekSeq>1</GreekSeq>
    </word>
    <word seq="3">the gift<GreekSeq>6</GreekSeq>
    </word>
    <word seq="4">that<GreekSeq>3</GreekSeq>
    </word>
    <word seq="5">is</word>
    <word seq="6">in<GreekSeq>4</GreekSeq>
    </word>
    <word seq="7">thee,<GreekSeq>5</GreekSeq>
    </word>
    <word seq="8">which<GreekSeq>7</GreekSeq>
    </word>
    <word seq="9">was given<GreekSeq>8</GreekSeq>
    </word>
    <word seq="10">thee<GreekSeq>9</GreekSeq>
    </word>
    <word seq="11">by<GreekSeq>10</GreekSeq>
    </word>
    <word seq="12">prophecy,<GreekSeq>11</GreekSeq>
    </word>
    <word seq="13">with<GreekSeq>12</GreekSeq>
    </word>
    <word seq="14">the laying on<GreekSeq>13</GreekSeq>
    </word>
    <word seq="15">of the<GreekSeq>14</GreekSeq>
    </word>
    <word seq="16">hands<GreekSeq>15</GreekSeq>
    </word>
    <word seq="17">of the<GreekSeq>16</GreekSeq>
    </word>
    <word seq="18">presbytery.<GreekSeq>17</GreekSeq>
    </word>
   </KJV>
  </verse>
  <verse number="15">
   <KJV>
    <word seq="1">Meditate<GreekSeq>2</GreekSeq>
    </word>
    <word seq="2">upon these things;<GreekSeq>1</GreekSeq>
    </word>
    <word seq="3">give [thyself wholly]<GreekSeq>5</GreekSeq>
    </word>
    <word seq="4">to<GreekSeq>3</GreekSeq>
    </word>
    <word seq="5">them;<GreekSeq>4</GreekSeq>
    </word>
    <word seq="6">that<GreekSeq>6</GreekSeq>
    </word>
    <word seq="7">thy<GreekSeq>7</GreekSeq>
    </word>
    <word seq="8">profiting<GreekSeq>9</GreekSeq>
    </word>
    <word seq="9">may<GreekSeq>11</GreekSeq>
    </word>
    <word seq="10">appear<GreekSeq>10</GreekSeq>
    </word>
    <word seq="11">to all.<GreekSeq>12</GreekSeq>
    </word>
   </KJV>
  </verse>
  <verse number="16">
   <KJV>
    <word seq="1">Take heed<GreekSeq>1</GreekSeq>
    </word>
    <word seq="2">unto thyself,<GreekSeq>2</GreekSeq>
    </word>
    <word seq="3">and<GreekSeq>3</GreekSeq>
    </word>
    <word seq="4">unto the<GreekSeq>4</GreekSeq>
    </word>
    <word seq="5">doctrine;<GreekSeq>5</GreekSeq>
    </word>
    <word seq="6">continue in <GreekSeq>6</GreekSeq>
    </word>
    <word seq="7">them:<GreekSeq>7</GreekSeq>
    </word>
    <word seq="8">for<GreekSeq>9</GreekSeq>
    </word>
    <word seq="9">in doing<GreekSeq>10</GreekSeq>
    </word>
    <word seq="10">this<GreekSeq>8</GreekSeq>
    </word>
    <word seq="11">thou shalt<GreekSeq>13</GreekSeq>
    </word>
    <word seq="12">both<GreekSeq>11</GreekSeq>
    </word>
    <word seq="13">save<GreekSeq>13</GreekSeq>
    </word>
    <word seq="14">thyself,<GreekSeq>12</GreekSeq>
    </word>
    <word seq="15">and<GreekSeq>14</GreekSeq>
    </word>
    <word seq="16">them<GreekSeq>15</GreekSeq>
    </word>
    <word seq="17">that hear<GreekSeq>16</GreekSeq>
    </word>
    <word seq="18">thee.<GreekSeq>17</GreekSeq>
    </word>
   </KJV>
  </verse>
 </chapter>
</book>
