<?xml version="1.0" encoding="UTF-8" standalone="no"?>
<book>
 <chapter book="null" number="1">
  <verse number="1">
   <KJV>
    <word seq="1">Paul,<GreekSeq>1</GreekSeq>
    </word>
    <word seq="2">an apostle<GreekSeq>2</GreekSeq>
    </word>
    <word seq="3">of Jesus<GreekSeq>4</GreekSeq>
    </word>
    <word seq="4">Christ<GreekSeq>3</GreekSeq>
    </word>
    <word seq="5">by<GreekSeq>5</GreekSeq>
    </word>
    <word seq="6">the commandment<GreekSeq>6</GreekSeq>
    </word>
    <word seq="7">of God<GreekSeq>7</GreekSeq>
    </word>
    <word seq="8">our<GreekSeq>9</GreekSeq>
    </word>
    <word seq="9">Saviour,<GreekSeq>8</GreekSeq>
    </word>
    <word seq="10">and<GreekSeq>10</GreekSeq>
    </word>
    <word note="Base of different Greek: Κυριόυ(2962)" seq="11">Lord</word>
    <word seq="12">Jesus<GreekSeq>12</GreekSeq>
    </word>
    <word seq="13">Christ,<GreekSeq>11</GreekSeq>
    </word>
    <word seq="14">which is</word>
    <word seq="15">our<GreekSeq>15</GreekSeq>
    </word>
    <word seq="16">hope;<GreekSeq>14</GreekSeq>
    </word>
   </KJV>
  </verse>
  <verse number="2">
   <KJV>
    <word seq="1">Unto Timothy,<GreekSeq>1</GreekSeq>
    </word>
    <word seq="2">[my own]<GreekSeq>2</GreekSeq>
    </word>
    <word seq="3">son<GreekSeq>3</GreekSeq>
    </word>
    <word seq="4">in<GreekSeq>4</GreekSeq>
    </word>
    <word seq="5">the faith:<GreekSeq>5</GreekSeq>
    </word>
    <word seq="6">Grace,<GreekSeq>6</GreekSeq>
    </word>
    <word seq="7">mercy,<GreekSeq>7</GreekSeq>
    </word>
    <word seq="8">and</word>
    <word seq="9">peace,<GreekSeq>8</GreekSeq>
    </word>
    <word seq="10">from<GreekSeq>9</GreekSeq>
    </word>
    <word seq="11">God<GreekSeq>10</GreekSeq>
    </word>
    <word note="Base of different Greek: ἡμῶν(2257)" seq="12">our</word>
    <word seq="13">Father<GreekSeq>11</GreekSeq>
    </word>
    <word seq="14">and<GreekSeq>12</GreekSeq>
    </word>
    <word seq="15">Jesus<GreekSeq>14</GreekSeq>
    </word>
    <word seq="16">Christ<GreekSeq>13</GreekSeq>
    </word>
    <word seq="17">our<GreekSeq>17</GreekSeq>
    </word>
    <word seq="18">Lord.<GreekSeq>16</GreekSeq>
    </word>
   </KJV>
  </verse>
  <verse number="3">
   <KJV>
    <word seq="1">As<GreekSeq>1</GreekSeq>
    </word>
    <word seq="2">I besought<GreekSeq>2</GreekSeq>
    </word>
    <word seq="3">thee<GreekSeq>3</GreekSeq>
    </word>
    <word seq="4">to abide<GreekSeq>4</GreekSeq>
    </word>
    <word seq="5">still</word>
    <word seq="6">at<GreekSeq>5</GreekSeq>
    </word>
    <word seq="7">Ephesus,<GreekSeq>6</GreekSeq>
    </word>
    <word seq="8">when I </word>
    <word seq="9">went<GreekSeq>7</GreekSeq>
    </word>
    <word seq="10">into<GreekSeq>8</GreekSeq>
    </word>
    <word seq="11">Macedonia,<GreekSeq>9</GreekSeq>
    </word>
    <word seq="12">that<GreekSeq>10</GreekSeq>
    </word>
    <word seq="13">thou mightest charge<GreekSeq>11</GreekSeq>
    </word>
    <word seq="14">some<GreekSeq>12</GreekSeq>
    </word>
    <word seq="15">that<GreekSeq/>
    </word>
    <word seq="16">they teach<GreekSeq>14</GreekSeq>
    </word>
    <word seq="17">no<GreekSeq>13</GreekSeq>
    </word>
    <word seq="18">other doctrine,<GreekSeq>14</GreekSeq>
    </word>
   </KJV>
  </verse>
  <verse number="4">
   <KJV>
    <word seq="1">Neither<GreekSeq>1</GreekSeq>
    </word>
    <word seq="2">give heed<GreekSeq>2</GreekSeq>
    </word>
    <word seq="3">to fables<GreekSeq>3</GreekSeq>
    </word>
    <word seq="4">and<GreekSeq>4</GreekSeq>
    </word>
    <word seq="5">endless<GreekSeq>6</GreekSeq>
    </word>
    <word seq="6">genealogies,<GreekSeq>5</GreekSeq>
    </word>
    <word seq="7">which<GreekSeq>7</GreekSeq>
    </word>
    <word seq="8">minister<GreekSeq>9</GreekSeq>
    </word>
    <word seq="9">questions,<GreekSeq>8</GreekSeq>
    </word>
    <word seq="10">rather<GreekSeq>10</GreekSeq>
    </word>
    <word seq="11">than<GreekSeq>11</GreekSeq>
    </word>
    <word seq="12">godly<GreekSeq>13</GreekSeq>
    </word>
    <word note="Base of different Greek: οἰκοδομίαν(3620)" seq="13">edifying<GreekSeq>12</GreekSeq>
    </word>
    <word seq="14">which<GreekSeq>14</GreekSeq>
    </word>
    <word seq="15">is</word>
    <word seq="16">in<GreekSeq>15</GreekSeq>
    </word>
    <word seq="17">faith:<GreekSeq>16</GreekSeq>
    </word>
    <word seq="18">so do.</word>
   </KJV>
  </verse>
  <verse number="5">
   <KJV>
    <word seq="1">Now<GreekSeq>2</GreekSeq>
    </word>
    <word seq="2">the<GreekSeq>1</GreekSeq>
    </word>
    <word seq="3">end<GreekSeq>3</GreekSeq>
    </word>
    <word seq="4">of the<GreekSeq>4</GreekSeq>
    </word>
    <word seq="5">commandment<GreekSeq>5</GreekSeq>
    </word>
    <word seq="6">is<GreekSeq>6</GreekSeq>
    </word>
    <word seq="7">charity<GreekSeq>7</GreekSeq>
    </word>
    <word seq="8">out of<GreekSeq>8</GreekSeq>
    </word>
    <word seq="9">a pure<GreekSeq>9</GreekSeq>
    </word>
    <word seq="10">heart,<GreekSeq>10</GreekSeq>
    </word>
    <word seq="11">and<GreekSeq>11</GreekSeq>
    </word>
    <word seq="12">of a good<GreekSeq>13</GreekSeq>
    </word>
    <word seq="13">conscience,<GreekSeq>12</GreekSeq>
    </word>
    <word seq="14">and<GreekSeq>14</GreekSeq>
    </word>
    <word seq="15">of faith<GreekSeq>15</GreekSeq>
    </word>
    <word seq="16">unfeigned:<GreekSeq>16</GreekSeq>
    </word>
   </KJV>
  </verse>
  <verse number="6">
   <KJV>
    <word seq="1">From which<GreekSeq>1</GreekSeq>
    </word>
    <word seq="2">some<GreekSeq>2</GreekSeq>
    </word>
    <word seq="3">having swerved<GreekSeq>3</GreekSeq>
    </word>
    <word seq="4">have turned aside<GreekSeq>4</GreekSeq>
    </word>
    <word seq="5">unto<GreekSeq>5</GreekSeq>
    </word>
    <word seq="6">vain jangling;<GreekSeq>6</GreekSeq>
    </word>
   </KJV>
  </verse>
  <verse number="7">
   <KJV>
    <word seq="1">Desiring<GreekSeq>1</GreekSeq>
    </word>
    <word seq="2">to be<GreekSeq>2</GreekSeq>
    </word>
    <word seq="3">teachers of the law;<GreekSeq>3</GreekSeq>
    </word>
    <word seq="4">understanding<GreekSeq>5</GreekSeq>
    </word>
    <word seq="5">neither<GreekSeq>4</GreekSeq>
     <GreekSeq>6</GreekSeq>
    </word>
    <word seq="6">what<GreekSeq>7</GreekSeq>
    </word>
    <word seq="7">they say,<GreekSeq>8</GreekSeq>
    </word>
    <word seq="8">nor<GreekSeq>9</GreekSeq>
    </word>
    <word seq="9">whereof<GreekSeq>10</GreekSeq>
     <GreekSeq>11</GreekSeq>
    </word>
    <word seq="10">they affirm.<GreekSeq>12</GreekSeq>
    </word>
   </KJV>
  </verse>
  <verse number="8">
   <KJV>
    <word seq="1">But<GreekSeq>2</GreekSeq>
    </word>
    <word seq="2">we know<GreekSeq>1</GreekSeq>
    </word>
    <word seq="3">that<GreekSeq>3</GreekSeq>
    </word>
    <word seq="4">the<GreekSeq>5</GreekSeq>
    </word>
    <word seq="5">law<GreekSeq>6</GreekSeq>
    </word>
    <word seq="6">is</word>
    <word seq="7">good,<GreekSeq>4</GreekSeq>
    </word>
    <word seq="8">if<GreekSeq>7</GreekSeq>
    </word>
    <word seq="9">a man<GreekSeq>8</GreekSeq>
    </word>
    <word seq="10">use<GreekSeq>11</GreekSeq>
    </word>
    <word seq="11">it<GreekSeq>9</GreekSeq>
    </word>
    <word seq="12">lawfully;<GreekSeq>10</GreekSeq>
    </word>
   </KJV>
  </verse>
  <verse number="9">
   <KJV>
    <word seq="1">Knowing<GreekSeq>1</GreekSeq>
    </word>
    <word seq="2">this,<GreekSeq>2</GreekSeq>
    </word>
    <word seq="3">that<GreekSeq>3</GreekSeq>
    </word>
    <word seq="4">the law<GreekSeq>5</GreekSeq>
    </word>
    <word seq="5">is<GreekSeq/>
    </word>
    <word seq="6">not<GreekSeq>6</GreekSeq>
    </word>
    <word seq="7">made<GreekSeq>7</GreekSeq>
    </word>
    <word seq="8">for a righteous<GreekSeq>4</GreekSeq>
    </word>
    <word seq="9">man,</word>
    <word seq="10">but<GreekSeq>9</GreekSeq>
    </word>
    <word seq="11">for the lawless<GreekSeq>8</GreekSeq>
    </word>
    <word seq="12">and<GreekSeq>10</GreekSeq>
    </word>
    <word seq="13">disobedient,<GreekSeq>11</GreekSeq>
    </word>
    <word seq="14">for the ungodly<GreekSeq>12</GreekSeq>
    </word>
    <word seq="15">and<GreekSeq>13</GreekSeq>
    </word>
    <word seq="16">for sinners,<GreekSeq>14</GreekSeq>
    </word>
    <word seq="17">for unholy<GreekSeq>15</GreekSeq>
    </word>
    <word seq="18">and<GreekSeq>16</GreekSeq>
    </word>
    <word seq="19">profane,<GreekSeq>17</GreekSeq>
    </word>
    <word seq="20">for murderers of fathers<GreekSeq>18</GreekSeq>
    </word>
    <word seq="21">and<GreekSeq>19</GreekSeq>
    </word>
    <word seq="22">murderers of mothers,<GreekSeq>20</GreekSeq>
    </word>
    <word seq="23">for manslayers,<GreekSeq>21</GreekSeq>
    </word>
   </KJV>
  </verse>
  <verse number="10">
   <KJV>
    <word seq="1">For whoremongers,<GreekSeq>1</GreekSeq>
    </word>
    <word seq="2">for them that defile themselves with mankind,<GreekSeq>2</GreekSeq>
    </word>
    <word seq="3">for menstealers,<GreekSeq>3</GreekSeq>
    </word>
    <word seq="4">for liars,<GreekSeq>4</GreekSeq>
    </word>
    <word seq="5">for perjured persons,<GreekSeq>5</GreekSeq>
    </word>
    <word seq="6">and<GreekSeq>6</GreekSeq>
    </word>
    <word seq="7">if<GreekSeq>7</GreekSeq>
    </word>
    <word seq="8">there be</word>
    <word seq="9">any<GreekSeq>8</GreekSeq>
    </word>
    <word seq="10">other<GreekSeq>9</GreekSeq>
    </word>
    <word seq="11">thing</word>
    <word seq="12">that is contrary to<GreekSeq>13</GreekSeq>
    </word>
    <word seq="13">sound<GreekSeq>11</GreekSeq>
    </word>
    <word seq="14">doctrine;<GreekSeq>12</GreekSeq>
    </word>
   </KJV>
  </verse>
  <verse number="11">
   <KJV>
    <word seq="1">According to<GreekSeq>1</GreekSeq>
    </word>
    <word seq="2">the<GreekSeq>2</GreekSeq>
    </word>
    <word seq="3">glorious<GreekSeq>5</GreekSeq>
    </word>
    <word seq="4">gospel<GreekSeq>3</GreekSeq>
    </word>
    <word seq="5">of the<GreekSeq>6</GreekSeq>
    </word>
    <word seq="6">blessed<GreekSeq>7</GreekSeq>
    </word>
    <word seq="7">God,<GreekSeq>8</GreekSeq>
    </word>
    <word seq="8">which<GreekSeq>9</GreekSeq>
    </word>
    <word seq="9">was committed to my trust.<GreekSeq>10</GreekSeq>
     <GreekSeq>11</GreekSeq>
    </word>
   </KJV>
  </verse>
  <verse number="12">
   <KJV>
    <word note="Base of different Greek: Καὶ(2532)" seq="1">And</word>
    <word seq="2">I thank<GreekSeq>1</GreekSeq>
     <GreekSeq>2</GreekSeq>
    </word>
    <word seq="3">Christ<GreekSeq>6</GreekSeq>
    </word>
    <word seq="4">Jesus<GreekSeq>7</GreekSeq>
    </word>
    <word seq="5">our<GreekSeq>10</GreekSeq>
    </word>
    <word seq="6">Lord,<GreekSeq>9</GreekSeq>
    </word>
    <word seq="7">who hath enabled<GreekSeq>4</GreekSeq>
    </word>
    <word seq="8">me,<GreekSeq>5</GreekSeq>
    </word>
    <word seq="9">for</word>
    <word seq="10">that<GreekSeq>11</GreekSeq>
    </word>
    <word seq="11">he counted<GreekSeq>14</GreekSeq>
    </word>
    <word seq="12">me<GreekSeq>13</GreekSeq>
    </word>
    <word seq="13">faithful,<GreekSeq>12</GreekSeq>
    </word>
    <word seq="14">putting<GreekSeq>15</GreekSeq>
    </word>
    <word seq="15">me</word>
    <word seq="16">into<GreekSeq>16</GreekSeq>
    </word>
    <word seq="17">the ministry;<GreekSeq>17</GreekSeq>
    </word>
   </KJV>
  </verse>
  <verse number="13">
   <KJV>
    <word seq="1">Who was<GreekSeq>3</GreekSeq>
    </word>
    <word seq="2">before<GreekSeq>2</GreekSeq>
    </word>
    <word seq="3">a blasphemer,<GreekSeq>4</GreekSeq>
    </word>
    <word seq="4">and<GreekSeq>5</GreekSeq>
    </word>
    <word seq="5">a persecutor,<GreekSeq>6</GreekSeq>
    </word>
    <word seq="6">and<GreekSeq>7</GreekSeq>
    </word>
    <word seq="7">injurious:<GreekSeq>8</GreekSeq>
    </word>
    <word seq="8">but<GreekSeq>9</GreekSeq>
    </word>
    <word seq="9">I obtained mercy,<GreekSeq>10</GreekSeq>
    </word>
    <word seq="10">because<GreekSeq>11</GreekSeq>
    </word>
    <word seq="11">I did<GreekSeq>13</GreekSeq>
    </word>
    <word seq="12">it</word>
    <word seq="13">ignorantly<GreekSeq>12</GreekSeq>
    </word>
    <word seq="14">in<GreekSeq>14</GreekSeq>
    </word>
    <word seq="15">unbelief.<GreekSeq>15</GreekSeq>
    </word>
   </KJV>
  </verse>
  <verse number="14">
   <KJV>
    <word seq="1">And<GreekSeq>2</GreekSeq>
    </word>
    <word seq="2">the<GreekSeq>3</GreekSeq>
    </word>
    <word seq="3">grace<GreekSeq>4</GreekSeq>
    </word>
    <word seq="4">of<GreekSeq>6</GreekSeq>
    </word>
    <word seq="5">our<GreekSeq>7</GreekSeq>
    </word>
    <word seq="6">Lord<GreekSeq>6</GreekSeq>
    </word>
    <word seq="7">was exceeding abundant<GreekSeq>1</GreekSeq>
    </word>
    <word seq="8">with<GreekSeq>8</GreekSeq>
    </word>
    <word seq="9">faith<GreekSeq>9</GreekSeq>
    </word>
    <word seq="10">and<GreekSeq>10</GreekSeq>
    </word>
    <word seq="11">love<GreekSeq>11</GreekSeq>
    </word>
    <word seq="12">which<GreekSeq>12</GreekSeq>
    </word>
    <word seq="13">is</word>
    <word seq="14">in<GreekSeq>13</GreekSeq>
    </word>
    <word seq="15">Christ<GreekSeq>14</GreekSeq>
    </word>
    <word seq="16">Jesus.<GreekSeq>15</GreekSeq>
    </word>
   </KJV>
  </verse>
  <verse number="15">
   <KJV>
    <word seq="1">This is</word>
    <word seq="2">a<GreekSeq>2</GreekSeq>
    </word>
    <word seq="3">faithful<GreekSeq>1</GreekSeq>
    </word>
    <word seq="4">saying,<GreekSeq>3</GreekSeq>
    </word>
    <word seq="5">and<GreekSeq>4</GreekSeq>
    </word>
    <word seq="6">worthy<GreekSeq>7</GreekSeq>
    </word>
    <word seq="7">of all<GreekSeq>5</GreekSeq>
    </word>
    <word seq="8">acceptation,<GreekSeq>6</GreekSeq>
    </word>
    <word seq="9">that<GreekSeq>8</GreekSeq>
    </word>
    <word seq="10">Christ<GreekSeq>9</GreekSeq>
    </word>
    <word seq="11">Jesus<GreekSeq>10</GreekSeq>
    </word>
    <word seq="12">came<GreekSeq>11</GreekSeq>
    </word>
    <word seq="13">into<GreekSeq>12</GreekSeq>
    </word>
    <word seq="14">the<GreekSeq>13</GreekSeq>
    </word>
    <word seq="15">world<GreekSeq>14</GreekSeq>
    </word>
    <word seq="16">to save<GreekSeq>16</GreekSeq>
    </word>
    <word seq="17">sinners;<GreekSeq>15</GreekSeq>
    </word>
    <word seq="18">of whom<GreekSeq>17</GreekSeq>
    </word>
    <word seq="19">I<GreekSeq>20</GreekSeq>
    </word>
    <word seq="20">am<GreekSeq>19</GreekSeq>
    </word>
    <word seq="21">chief.<GreekSeq>18</GreekSeq>
    </word>
   </KJV>
  </verse>
  <verse number="16">
   <KJV>
    <word seq="1">Howbeit<GreekSeq>1</GreekSeq>
    </word>
    <word seq="2">for<GreekSeq>2</GreekSeq>
    </word>
    <word seq="3">this<GreekSeq>3</GreekSeq>
    </word>
    <word seq="4">cause<GreekSeq>2</GreekSeq>
    </word>
    <word seq="5">I obtained mercy,<GreekSeq>4</GreekSeq>
    </word>
    <word seq="6">that<GreekSeq>5</GreekSeq>
    </word>
    <word seq="7">in<GreekSeq>6</GreekSeq>
    </word>
    <word seq="8">me<GreekSeq>7</GreekSeq>
    </word>
    <word seq="9">first<GreekSeq>8</GreekSeq>
    </word>
    <word seq="10">Jesus<GreekSeq>11</GreekSeq>
    </word>
    <word seq="11">Christ<GreekSeq>10</GreekSeq>
    </word>
    <word seq="12">might shew forth<GreekSeq>9</GreekSeq>
    </word>
    <word note="Base of different Greek: πᾶσαν(3956)" seq="13">all<GreekSeq>13</GreekSeq>
    </word>
    <word seq="14">longsuffering,<GreekSeq>14</GreekSeq>
    </word>
    <word seq="15">for<GreekSeq>15</GreekSeq>
    </word>
    <word seq="16">a pattern<GreekSeq>16</GreekSeq>
    </word>
    <word seq="17">to them<GreekSeq>17</GreekSeq>
    </word>
    <word seq="18">which should<GreekSeq>18</GreekSeq>
    </word>
    <word seq="19">hereafter</word>
    <word seq="20">believe<GreekSeq>19</GreekSeq>
    </word>
    <word seq="21">on<GreekSeq>20</GreekSeq>
    </word>
    <word seq="22">him<GreekSeq>21</GreekSeq>
    </word>
    <word seq="23">to<GreekSeq>22</GreekSeq>
    </word>
    <word seq="24">life<GreekSeq>23</GreekSeq>
    </word>
    <word seq="25">everlasting.<GreekSeq>24</GreekSeq>
    </word>
   </KJV>
  </verse>
  <verse number="17">
   <KJV>
    <word seq="1">Now<GreekSeq>2</GreekSeq>
    </word>
    <word seq="2">unto the<GreekSeq>1</GreekSeq>
    </word>
    <word seq="3">King<GreekSeq>3</GreekSeq>
    </word>
    <word seq="4">eternal,<GreekSeq>5</GreekSeq>
    </word>
    <word seq="5">immortal,<GreekSeq>6</GreekSeq>
    </word>
    <word seq="6">invisible,<GreekSeq>7</GreekSeq>
    </word>
    <word seq="7">the<GreekSeq/>
    </word>
    <word seq="8">only<GreekSeq>8</GreekSeq>
    </word>
    <word note="Base of different Greek: σοφῶ(4680)" seq="9">wise</word>
    <word seq="10">God,<GreekSeq>9</GreekSeq>
    </word>
    <word seq="11">be</word>
    <word seq="12">honour<GreekSeq>10</GreekSeq>
    </word>
    <word seq="13">and<GreekSeq>11</GreekSeq>
    </word>
    <word seq="14">glory<GreekSeq>12</GreekSeq>
    </word>
    <word seq="15">for<GreekSeq>13</GreekSeq>
    </word>
    <word seq="16">ever<GreekSeq>15</GreekSeq>
    </word>
    <word seq="17">and</word>
    <word seq="18">ever.<GreekSeq>17</GreekSeq>
    </word>
    <word seq="19">Amen.<GreekSeq>18</GreekSeq>
    </word>
   </KJV>
  </verse>
  <verse number="18">
   <KJV>
    <word seq="1">This<GreekSeq>1</GreekSeq>
    </word>
    <word seq="2">charge<GreekSeq>3</GreekSeq>
    </word>
    <word seq="3">I commit<GreekSeq>4</GreekSeq>
    </word>
    <word seq="4">unto thee,<GreekSeq>5</GreekSeq>
    </word>
    <word seq="5">son<GreekSeq>6</GreekSeq>
    </word>
    <word seq="6">Timothy,<GreekSeq>7</GreekSeq>
    </word>
    <word seq="7">according to<GreekSeq>8</GreekSeq>
    </word>
    <word seq="8">the<GreekSeq>9</GreekSeq>
    </word>
    <word seq="9">prophecies<GreekSeq>13</GreekSeq>
    </word>
    <word seq="10">which went before<GreekSeq>10</GreekSeq>
    </word>
    <word seq="11">on<GreekSeq>11</GreekSeq>
    </word>
    <word seq="12">thee,<GreekSeq>12</GreekSeq>
    </word>
    <word seq="13">that<GreekSeq>14</GreekSeq>
    </word>
    <word seq="14">thou<GreekSeq>15</GreekSeq>
    </word>
    <word seq="15">by<GreekSeq>16</GreekSeq>
    </word>
    <word seq="16">them<GreekSeq>17</GreekSeq>
    </word>
    <word seq="17">mightest war<GreekSeq>15</GreekSeq>
    </word>
    <word seq="18">a<GreekSeq>18</GreekSeq>
    </word>
    <word seq="19">good<GreekSeq>19</GreekSeq>
    </word>
    <word seq="20">warfare;<GreekSeq>20</GreekSeq>
    </word>
   </KJV>
  </verse>
  <verse number="19">
   <KJV>
    <word seq="1">Holding<GreekSeq>1</GreekSeq>
    </word>
    <word seq="2">faith,<GreekSeq>2</GreekSeq>
    </word>
    <word seq="3">and<GreekSeq>3</GreekSeq>
    </word>
    <word seq="4">a good<GreekSeq>4</GreekSeq>
    </word>
    <word seq="5">conscience;<GreekSeq>5</GreekSeq>
    </word>
    <word seq="6">which<GreekSeq>6</GreekSeq>
    </word>
    <word seq="7">some<GreekSeq>7</GreekSeq>
    </word>
    <word seq="8">having put away<GreekSeq>8</GreekSeq>
    </word>
    <word seq="9">concerning<GreekSeq>9</GreekSeq>
    </word>
    <word seq="10">faith<GreekSeq>11</GreekSeq>
    </word>
    <word seq="11">have made shipwreck:<GreekSeq>12</GreekSeq>
    </word>
   </KJV>
  </verse>
  <verse number="20">
   <KJV>
    <word seq="1">Of whom<GreekSeq>1</GreekSeq>
    </word>
    <word seq="2">is<GreekSeq>2</GreekSeq>
    </word>
    <word seq="3">Hymenaeus<GreekSeq>3</GreekSeq>
    </word>
    <word seq="4">and<GreekSeq>4</GreekSeq>
    </word>
    <word seq="5">Alexander;<GreekSeq>5</GreekSeq>
    </word>
    <word seq="6">whom<GreekSeq>6</GreekSeq>
    </word>
    <word seq="7">I have delivered<GreekSeq>7</GreekSeq>
    </word>
    <word seq="8">unto Satan,<GreekSeq>9</GreekSeq>
    </word>
    <word seq="9">that<GreekSeq>10</GreekSeq>
    </word>
    <word seq="10">they may learn<GreekSeq>11</GreekSeq>
    </word>
    <word seq="11">not<GreekSeq>12</GreekSeq>
    </word>
    <word seq="12">to blaspheme.<GreekSeq>13</GreekSeq>
    </word>
   </KJV>
  </verse>
 </chapter>
</book>
