<?xml version="1.0" encoding="UTF-8" standalone="no"?>
<book>
 <chapter book="null" number="2">
  <verse number="1">
   <KJV>
    <word note="Base of different Greek: δὲ(1161)" seq="1">But<GreekSeq>2</GreekSeq>
    </word>
    <word seq="2">I determined<GreekSeq>1</GreekSeq>
    </word>
    <word seq="3">this<GreekSeq>4</GreekSeq>
    </word>
    <word seq="4">with myself,<GreekSeq>3</GreekSeq>
    </word>
    <word seq="5">that I would<GreekSeq/>
    </word>
    <word seq="6">not<GreekSeq>6</GreekSeq>
    </word>
    <word seq="7">come<GreekSeq>12</GreekSeq>
    </word>
    <word seq="8">again<GreekSeq>7</GreekSeq>
    </word>
    <word seq="9">to<GreekSeq>10</GreekSeq>
    </word>
    <word seq="10">you<GreekSeq>11</GreekSeq>
    </word>
    <word seq="11">in<GreekSeq>8</GreekSeq>
    </word>
    <word seq="12">heaviness.<GreekSeq>9</GreekSeq>
    </word>
   </KJV>
  </verse>
  <verse number="2">
   <KJV>
    <word seq="1">For<GreekSeq>2</GreekSeq>
    </word>
    <word seq="2">if<GreekSeq>1</GreekSeq>
    </word>
    <word seq="3">I<GreekSeq>3</GreekSeq>
    </word>
    <word seq="4">make<GreekSeq>4</GreekSeq>
    </word>
    <word seq="5">you<GreekSeq>5</GreekSeq>
    </word>
    <word seq="6">sorry,<GreekSeq>4</GreekSeq>
    </word>
    <word seq="7">who<GreekSeq>7</GreekSeq>
    </word>
    <word note="Base of different Greek: ἐστιν(2076)" seq="8">is</word>
    <word seq="9">he<GreekSeq>8</GreekSeq>
    </word>
    <word seq="10">then<GreekSeq>6</GreekSeq>
    </word>
    <word seq="11">that maketh<GreekSeq>9</GreekSeq>
    </word>
    <word seq="12">me<GreekSeq>10</GreekSeq>
    </word>
    <word seq="13">glad,<GreekSeq>9</GreekSeq>
    </word>
    <word note="εἰ μή Strong Code (1508)" seq="14">but<GreekSeq>11</GreekSeq>
     <GreekSeq>12</GreekSeq>
    </word>
    <word seq="15">the [same]<GreekSeq>13</GreekSeq>
    </word>
    <word seq="16">which is made sorry<GreekSeq>14</GreekSeq>
    </word>
    <word seq="17">by<GreekSeq>15</GreekSeq>
    </word>
    <word seq="18">me?<GreekSeq>16</GreekSeq>
    </word>
   </KJV>
  </verse>
  <verse number="3">
   <KJV>
    <word seq="1">And<GreekSeq>1</GreekSeq>
    </word>
    <word seq="2">I wrote<GreekSeq>2</GreekSeq>
    </word>
    <word seq="3">this<GreekSeq>3</GreekSeq>
    </word>
    <word seq="4">same<GreekSeq>4</GreekSeq>
    </word>
    <word note="Base of different Greek: ὑμῖν(5213)" seq="5">unto you,</word>
    <word note="ἵνα μή Strong Code (3363)" seq="6">lest,<GreekSeq>5</GreekSeq>
     <GreekSeq>6</GreekSeq>
    </word>
    <word seq="7">when I came,<GreekSeq>7</GreekSeq>
    </word>
    <word seq="8">I should have<GreekSeq>9</GreekSeq>
    </word>
    <word seq="9">sorrow<GreekSeq>8</GreekSeq>
    </word>
    <word seq="10">from<GreekSeq>10</GreekSeq>
    </word>
    <word seq="11">them of whom<GreekSeq>11</GreekSeq>
    </word>
    <word seq="12">I<GreekSeq>13</GreekSeq>
    </word>
    <word seq="13">ought<GreekSeq>12</GreekSeq>
    </word>
    <word seq="14">to rejoice;<GreekSeq>14</GreekSeq>
    </word>
    <word seq="15">having confidence<GreekSeq>15</GreekSeq>
    </word>
    <word seq="16">in<GreekSeq>16</GreekSeq>
    </word>
    <word seq="17">you<GreekSeq>18</GreekSeq>
    </word>
    <word seq="18">all,<GreekSeq>17</GreekSeq>
    </word>
    <word seq="19">that<GreekSeq>19</GreekSeq>
    </word>
    <word seq="20">my<GreekSeq>21</GreekSeq>
    </word>
    <word seq="21">joy<GreekSeq>22</GreekSeq>
    </word>
    <word seq="22">is<GreekSeq>25</GreekSeq>
    </word>
    <word seq="23">the joy</word>
    <word seq="24">of you<GreekSeq>24</GreekSeq>
    </word>
    <word seq="25">all.<GreekSeq>23</GreekSeq>
    </word>
   </KJV>
  </verse>
  <verse number="4">
   <KJV>
    <word seq="1">For<GreekSeq>2</GreekSeq>
    </word>
    <word seq="2">out of<GreekSeq>1</GreekSeq>
    </word>
    <word seq="3">much<GreekSeq>3</GreekSeq>
    </word>
    <word seq="4">affliction<GreekSeq>4</GreekSeq>
    </word>
    <word seq="5">and<GreekSeq>5</GreekSeq>
    </word>
    <word seq="6">anguish<GreekSeq>6</GreekSeq>
    </word>
    <word seq="7">of heart<GreekSeq>7</GreekSeq>
    </word>
    <word seq="8">I wrote<GreekSeq>8</GreekSeq>
    </word>
    <word seq="9">unto you<GreekSeq>9</GreekSeq>
    </word>
    <word seq="10">with<GreekSeq>10</GreekSeq>
    </word>
    <word seq="11">many<GreekSeq>11</GreekSeq>
    </word>
    <word seq="12">tears;<GreekSeq>12</GreekSeq>
    </word>
    <word seq="13">not<GreekSeq>13</GreekSeq>
    </word>
    <word seq="14">that<GreekSeq>14</GreekSeq>
    </word>
    <word seq="15">ye should be grieved,<GreekSeq>15</GreekSeq>
    </word>
    <word seq="16">but<GreekSeq>16</GreekSeq>
    </word>
    <word seq="17">that<GreekSeq>19</GreekSeq>
    </word>
    <word seq="18">ye might know<GreekSeq>20</GreekSeq>
    </word>
    <word seq="19">the<GreekSeq>17</GreekSeq>
    </word>
    <word seq="20">love<GreekSeq>18</GreekSeq>
    </word>
    <word seq="21">which<GreekSeq>21</GreekSeq>
    </word>
    <word seq="22">I have<GreekSeq>22</GreekSeq>
    </word>
    <word seq="23">more abundantly<GreekSeq>23</GreekSeq>
    </word>
    <word seq="24">unto<GreekSeq>24</GreekSeq>
    </word>
    <word seq="25">you.<GreekSeq>25</GreekSeq>
    </word>
   </KJV>
  </verse>
  <verse number="5">
   <KJV>
    <word seq="1">But<GreekSeq>2</GreekSeq>
    </word>
    <word seq="2">if<GreekSeq>1</GreekSeq>
    </word>
    <word seq="3">any<GreekSeq>3</GreekSeq>
    </word>
    <word seq="4">have caused grief,<GreekSeq>4</GreekSeq>
    </word>
    <word seq="5">he hath<GreekSeq>7</GreekSeq>
    </word>
    <word seq="6">not<GreekSeq>5</GreekSeq>
    </word>
    <word seq="7">grieved<GreekSeq>7</GreekSeq>
    </word>
    <word seq="8">me,<GreekSeq>6</GreekSeq>
    </word>
    <word seq="9">but<GreekSeq>8</GreekSeq>
    </word>
    <word seq="10">in<GreekSeq>9</GreekSeq>
    </word>
    <word seq="11">part:<GreekSeq>10</GreekSeq>
    </word>
    <word seq="12">that<GreekSeq>11</GreekSeq>
    </word>
    <word seq="13">I may<GreekSeq>13</GreekSeq>
    </word>
    <word seq="14">not<GreekSeq>12</GreekSeq>
    </word>
    <word seq="15">overcharge<GreekSeq>13</GreekSeq>
    </word>
    <word seq="16">you<GreekSeq>15</GreekSeq>
    </word>
    <word seq="17">all.<GreekSeq>14</GreekSeq>
    </word>
   </KJV>
  </verse>
  <verse number="6">
   <KJV>
    <word seq="1">Sufficient<GreekSeq>1</GreekSeq>
    </word>
    <word seq="2">to such a man<GreekSeq>3</GreekSeq>
    </word>
    <word seq="3">is</word>
    <word seq="4">this<GreekSeq>6</GreekSeq>
    </word>
    <word seq="5">punishment,<GreekSeq>5</GreekSeq>
    </word>
    <word seq="6">which<GreekSeq>7</GreekSeq>
    </word>
    <word seq="7">was inflicted</word>
    <word seq="8">of<GreekSeq>8</GreekSeq>
    </word>
    <word seq="9">many.<GreekSeq>10</GreekSeq>
    </word>
   </KJV>
  </verse>
  <verse number="7">
   <KJV>
    <word seq="1">So that<GreekSeq>1</GreekSeq>
    </word>
    <word seq="2">contrariwise<GreekSeq>2</GreekSeq>
    </word>
    <word seq="3">ye<GreekSeq>4</GreekSeq>
    </word>
    <word seq="4">ought</word>
    <word seq="5">rather<GreekSeq>3</GreekSeq>
    </word>
    <word seq="6">to forgive<GreekSeq>5</GreekSeq>
    </word>
    <word seq="7">him,</word>
    <word seq="8">and<GreekSeq>6</GreekSeq>
    </word>
    <word seq="9">comfort<GreekSeq>7</GreekSeq>
    </word>
    <word seq="10">him,</word>
    <word seq="11">lest<GreekSeq>8</GreekSeq>
    </word>
    <word seq="12">perhaps<GreekSeq>9</GreekSeq>
    </word>
    <word seq="13">such a one<GreekSeq>15</GreekSeq>
    </word>
    <word seq="14">should be swallowed up<GreekSeq>13</GreekSeq>
    </word>
    <word seq="15">with overmuch<GreekSeq>11</GreekSeq>
    </word>
    <word seq="16">sorrow.<GreekSeq>12</GreekSeq>
    </word>
   </KJV>
  </verse>
  <verse number="8">
   <KJV>
    <word seq="1">Wherefore<GreekSeq>1</GreekSeq>
    </word>
    <word seq="2">I beseech<GreekSeq>2</GreekSeq>
    </word>
    <word seq="3">you<GreekSeq>3</GreekSeq>
    </word>
    <word seq="4">that ye <GreekSeq/>
    </word>
    <word seq="5">would confirm<GreekSeq>4</GreekSeq>
    </word>
    <word seq="6">your</word>
    <word seq="7">love<GreekSeq>7</GreekSeq>
    </word>
    <word seq="8">toward<GreekSeq>5</GreekSeq>
    </word>
    <word seq="9">him.<GreekSeq>6</GreekSeq>
    </word>
   </KJV>
  </verse>
  <verse number="9">
   <KJV>
    <word seq="1">For<GreekSeq>3</GreekSeq>
    </word>
    <word seq="2">to<GreekSeq>1</GreekSeq>
    </word>
    <word seq="3">this<GreekSeq>2</GreekSeq>
    </word>
    <word seq="4">end</word>
    <word seq="5">also<GreekSeq>4</GreekSeq>
    </word>
    <word seq="6">did I write,<GreekSeq>5</GreekSeq>
    </word>
    <word seq="7">that<GreekSeq>6</GreekSeq>
    </word>
    <word seq="8">I might know<GreekSeq>7</GreekSeq>
    </word>
    <word seq="9">the<GreekSeq>8</GreekSeq>
    </word>
    <word seq="10">proof<GreekSeq>9</GreekSeq>
    </word>
    <word seq="11">of you,<GreekSeq>10</GreekSeq>
    </word>
    <word seq="12">whether<GreekSeq>11</GreekSeq>
    </word>
    <word seq="13">ye be<GreekSeq>15</GreekSeq>
    </word>
    <word seq="14">obedient<GreekSeq>14</GreekSeq>
    </word>
    <word seq="15">in<GreekSeq>12</GreekSeq>
    </word>
    <word seq="16">all things.<GreekSeq>13</GreekSeq>
    </word>
   </KJV>
  </verse>
  <verse number="10">
   <KJV>
    <word seq="1">To whom<GreekSeq>1</GreekSeq>
    </word>
    <word seq="2">ye forgive<GreekSeq>4</GreekSeq>
    </word>
    <word seq="3">any thing, <GreekSeq>3</GreekSeq>
    </word>
    <word seq="4">I [forgive] also:<GreekSeq>5</GreekSeq>
    </word>
    <word seq="5">for<GreekSeq>7</GreekSeq>
    </word>
    <word seq="6">if<GreekSeq>11</GreekSeq>
    </word>
    <word seq="7">I<GreekSeq>8</GreekSeq>
    </word>
    <word seq="8">forgave<GreekSeq>10</GreekSeq>
    </word>
    <word seq="9">any thing, <GreekSeq>12</GreekSeq>
    </word>
    <word seq="10">to whom<GreekSeq>9</GreekSeq>
    </word>
    <word seq="11">I forgave<GreekSeq>13</GreekSeq>
    </word>
    <word seq="12">it,</word>
    <word seq="13">for<GreekSeq>14</GreekSeq>
    </word>
    <word seq="14">your<GreekSeq>15</GreekSeq>
    </word>
    <word seq="15">sakes<GreekSeq>14</GreekSeq>
    </word>
    <word seq="16">forgave I it</word>
    <word seq="17">in<GreekSeq>16</GreekSeq>
    </word>
    <word seq="18">the person<GreekSeq>17</GreekSeq>
    </word>
    <word seq="19">of Christ;<GreekSeq>18</GreekSeq>
    </word>
   </KJV>
  </verse>
  <verse number="11">
   <KJV>
    <word note="ἵνα μή Strong Code (3363)" seq="1">Lest<GreekSeq>1</GreekSeq>
     <GreekSeq>2</GreekSeq>
    </word>
    <word seq="2">Satan<GreekSeq>6</GreekSeq>
    </word>
    <word seq="3">should get an advantage of us:<GreekSeq>3</GreekSeq>
    </word>
    <word seq="4">for<GreekSeq>8</GreekSeq>
    </word>
    <word seq="5">we are<GreekSeq>12</GreekSeq>
    </word>
    <word seq="6">not<GreekSeq>7</GreekSeq>
    </word>
    <word seq="7">ignorant of<GreekSeq>12</GreekSeq>
    </word>
    <word seq="8">his<GreekSeq>9</GreekSeq>
    </word>
    <word seq="9">devices.<GreekSeq>11</GreekSeq>
    </word>
   </KJV>
  </verse>
  <verse number="12">
   <KJV>
    <word seq="1">Furthermore,<GreekSeq>2</GreekSeq>
    </word>
    <word seq="2">when I came<GreekSeq>1</GreekSeq>
    </word>
    <word seq="3">to<GreekSeq>3</GreekSeq>
    </word>
    <word seq="4">Troas<GreekSeq>5</GreekSeq>
    </word>
    <word seq="5">to [preach]<GreekSeq>6</GreekSeq>
    </word>
    <word seq="6">Christ's<GreekSeq>10</GreekSeq>
    </word>
    <word seq="7">gospel,<GreekSeq>8</GreekSeq>
    </word>
    <word seq="8">and<GreekSeq>11</GreekSeq>
    </word>
    <word seq="9">a door<GreekSeq>12</GreekSeq>
    </word>
    <word seq="10">was opened<GreekSeq>14</GreekSeq>
    </word>
    <word seq="11">unto me<GreekSeq>13</GreekSeq>
    </word>
    <word seq="12">of<GreekSeq>15</GreekSeq>
    </word>
    <word seq="13">the Lord,<GreekSeq>16</GreekSeq>
    </word>
   </KJV>
  </verse>
  <verse number="13">
   <KJV>
    <word seq="1">I had<GreekSeq>2</GreekSeq>
    </word>
    <word seq="2">no<GreekSeq>1</GreekSeq>
    </word>
    <word seq="3">rest<GreekSeq>3</GreekSeq>
    </word>
    <word seq="4">in<GreekSeq>5</GreekSeq>
    </word>
    <word seq="5">my<GreekSeq>6</GreekSeq>
    </word>
    <word seq="6">spirit,<GreekSeq>5</GreekSeq>
    </word>
    <word seq="7">because</word>
    <word seq="8">I<GreekSeq>10</GreekSeq>
    </word>
    <word seq="9">found<GreekSeq>9</GreekSeq>
    </word>
    <word seq="10">not<GreekSeq>8</GreekSeq>
    </word>
    <word seq="11">Titus<GreekSeq>11</GreekSeq>
    </word>
    <word seq="12">my<GreekSeq>14</GreekSeq>
    </word>
    <word seq="13">brother:<GreekSeq>13</GreekSeq>
    </word>
    <word seq="14">but<GreekSeq>15</GreekSeq>
    </word>
    <word seq="15">taking my leave<GreekSeq>16</GreekSeq>
    </word>
    <word seq="16">of them,<GreekSeq>17</GreekSeq>
    </word>
    <word seq="17">I went from<GreekSeq>18</GreekSeq>
    </word>
    <word seq="18">thence</word>
    <word seq="19">into<GreekSeq>19</GreekSeq>
    </word>
    <word seq="20">Macedonia.<GreekSeq>20</GreekSeq>
    </word>
   </KJV>
  </verse>
  <verse number="14">
   <KJV>
    <word seq="1">Now<GreekSeq>2</GreekSeq>
    </word>
    <word seq="2">thanks<GreekSeq>4</GreekSeq>
    </word>
    <word seq="3">be</word>
    <word seq="4">unto God,<GreekSeq>3</GreekSeq>
    </word>
    <word seq="5">which<GreekSeq>7</GreekSeq>
    </word>
    <word seq="6">always<GreekSeq>6</GreekSeq>
    </word>
    <word seq="7">causeth<GreekSeq>7</GreekSeq>
    </word>
    <word seq="8">us<GreekSeq>8</GreekSeq>
    </word>
    <word seq="9">to triumph<GreekSeq>7</GreekSeq>
    </word>
    <word seq="10">in<GreekSeq>9</GreekSeq>
    </word>
    <word seq="11">Christ,<GreekSeq>11</GreekSeq>
    </word>
    <word seq="12">and<GreekSeq>12</GreekSeq>
    </word>
    <word seq="13">maketh manifest<GreekSeq>18</GreekSeq>
    </word>
    <word seq="14">the<GreekSeq>13</GreekSeq>
    </word>
    <word seq="15">savour<GreekSeq>14</GreekSeq>
    </word>
    <word seq="16">of<GreekSeq>16</GreekSeq>
    </word>
    <word seq="17">his<GreekSeq>17</GreekSeq>
    </word>
    <word seq="18">knowledge<GreekSeq>16</GreekSeq>
    </word>
    <word seq="19">by<GreekSeq>19</GreekSeq>
    </word>
    <word seq="20">us<GreekSeq>20</GreekSeq>
    </word>
    <word seq="21">in<GreekSeq>21</GreekSeq>
    </word>
    <word seq="22">every<GreekSeq>22</GreekSeq>
    </word>
    <word seq="23">place.<GreekSeq>23</GreekSeq>
    </word>
   </KJV>
  </verse>
  <verse number="15">
   <KJV>
    <word seq="1">For<GreekSeq>1</GreekSeq>
    </word>
    <word seq="2">we are<GreekSeq>4</GreekSeq>
    </word>
    <word seq="3">unto God<GreekSeq>6</GreekSeq>
    </word>
    <word seq="4">a sweet savour<GreekSeq>3</GreekSeq>
    </word>
    <word seq="5">of Christ,<GreekSeq>2</GreekSeq>
    </word>
    <word seq="6">in<GreekSeq>7</GreekSeq>
    </word>
    <word seq="7">them<GreekSeq>8</GreekSeq>
    </word>
    <word seq="8">that are saved,<GreekSeq>9</GreekSeq>
    </word>
    <word seq="9">and<GreekSeq>10</GreekSeq>
    </word>
    <word seq="10">in<GreekSeq>11</GreekSeq>
    </word>
    <word seq="11">them<GreekSeq>12</GreekSeq>
    </word>
    <word seq="12">that perish:<GreekSeq>13</GreekSeq>
    </word>
   </KJV>
  </verse>
  <verse number="16">
   <KJV>
    <word seq="1">To the one<GreekSeq>1</GreekSeq>
    </word>
    <word seq="2">we are</word>
    <word seq="3">the savour<GreekSeq>3</GreekSeq>
    </word>
    <word seq="4">of<GreekSeq>4</GreekSeq>
    </word>
    <word seq="5">death<GreekSeq>5</GreekSeq>
    </word>
    <word seq="6">unto<GreekSeq>6</GreekSeq>
    </word>
    <word seq="7">death;<GreekSeq>7</GreekSeq>
    </word>
    <word seq="8">and<GreekSeq>9</GreekSeq>
    </word>
    <word seq="9">to the other<GreekSeq>8</GreekSeq>
    </word>
    <word seq="10">the savour<GreekSeq>10</GreekSeq>
    </word>
    <word seq="11">of<GreekSeq>11</GreekSeq>
    </word>
    <word seq="12">life<GreekSeq>12</GreekSeq>
    </word>
    <word seq="13">unto<GreekSeq>13</GreekSeq>
    </word>
    <word seq="14">life.<GreekSeq>14</GreekSeq>
    </word>
    <word seq="15">And<GreekSeq>15</GreekSeq>
    </word>
    <word seq="16">who<GreekSeq>18</GreekSeq>
    </word>
    <word seq="17">is</word>
    <word seq="18">sufficient<GreekSeq>19</GreekSeq>
    </word>
    <word seq="19">for<GreekSeq>16</GreekSeq>
    </word>
    <word seq="20">these things?<GreekSeq>17</GreekSeq>
    </word>
   </KJV>
  </verse>
  <verse number="17">
   <KJV>
    <word seq="1">For<GreekSeq>2</GreekSeq>
    </word>
    <word seq="2">we are<GreekSeq>3</GreekSeq>
    </word>
    <word seq="3">not<GreekSeq>1</GreekSeq>
    </word>
    <word seq="4">as<GreekSeq>4</GreekSeq>
    </word>
    <word seq="5">many,<GreekSeq>6</GreekSeq>
    </word>
    <word seq="6">which corrupt<GreekSeq>7</GreekSeq>
    </word>
    <word seq="7">the<GreekSeq>8</GreekSeq>
    </word>
    <word seq="8">word<GreekSeq>9</GreekSeq>
    </word>
    <word seq="9">of God:<GreekSeq>11</GreekSeq>
    </word>
    <word seq="10">but<GreekSeq>12</GreekSeq>
    </word>
    <word seq="11">as<GreekSeq>13</GreekSeq>
    </word>
    <word seq="12">of<GreekSeq>14</GreekSeq>
    </word>
    <word seq="13">sincerity,<GreekSeq>15</GreekSeq>
    </word>
    <word seq="14">but<GreekSeq>16</GreekSeq>
    </word>
    <word seq="15">as<GreekSeq>17</GreekSeq>
    </word>
    <word seq="16">of<GreekSeq>18</GreekSeq>
    </word>
    <word seq="17">God,<GreekSeq>19</GreekSeq>
    </word>
    <word note="Base of different Greek: κατενώπιον(2714)" seq="18">in the sight<GreekSeq>20</GreekSeq>
    </word>
    <word seq="19">of God<GreekSeq>21</GreekSeq>
    </word>
    <word seq="20">speak we<GreekSeq>24</GreekSeq>
    </word>
    <word seq="21">in<GreekSeq>22</GreekSeq>
    </word>
    <word seq="22">Christ.<GreekSeq>23</GreekSeq>
    </word>
   </KJV>
  </verse>
 </chapter>
</book>
