<?xml version="1.0" encoding="UTF-8" standalone="no"?>
<book>
 <chapter book="null" number="12">
  <verse number="1">
   <KJV>
    <word seq="1">It is<GreekSeq>2</GreekSeq>
    </word>
    <word seq="2">not<GreekSeq>3</GreekSeq>
    </word>
    <word seq="3">expedient<GreekSeq>4</GreekSeq>
    </word>
    <word note="Base of different Greek: μοι(3427)" seq="4">for me</word>
    <word note="Base of different Greek: δὴ(1211)" seq="5">doubtless<GreekSeq>2</GreekSeq>
    </word>
    <word seq="6">to glory.<GreekSeq>1</GreekSeq>
    </word>
    <word seq="7">I will come<GreekSeq>6</GreekSeq>
    </word>
    <word seq="8">to<GreekSeq>8</GreekSeq>
    </word>
    <word seq="9">visions<GreekSeq>9</GreekSeq>
    </word>
    <word seq="10">and<GreekSeq>10</GreekSeq>
    </word>
    <word seq="11">revelations<GreekSeq>11</GreekSeq>
    </word>
    <word seq="12">of the Lord.<GreekSeq>12</GreekSeq>
    </word>
   </KJV>
  </verse>
  <verse number="2">
   <KJV>
    <word seq="1">I knew<GreekSeq>1</GreekSeq>
    </word>
    <word seq="2">a man<GreekSeq>2</GreekSeq>
    </word>
    <word seq="3">in<GreekSeq>3</GreekSeq>
    </word>
    <word seq="4">Christ<GreekSeq>4</GreekSeq>
    </word>
    <word seq="5">above<GreekSeq>5</GreekSeq>
    </word>
    <word seq="6">fourteen<GreekSeq>7</GreekSeq>
    </word>
    <word seq="7">years<GreekSeq>6</GreekSeq>
    </word>
    <word seq="8">ago,<GreekSeq>5</GreekSeq>
    </word>
    <word seq="9">(whether<GreekSeq>8</GreekSeq>
    </word>
    <word seq="10">in<GreekSeq>9</GreekSeq>
    </word>
    <word seq="11">the body,<GreekSeq>10</GreekSeq>
    </word>
    <word seq="12">I<GreekSeq>12</GreekSeq>
    </word>
    <word seq="13">cannot<GreekSeq>11</GreekSeq>
    </word>
    <word seq="14">tell;<GreekSeq>12</GreekSeq>
    </word>
    <word seq="15">or whether<GreekSeq>13</GreekSeq>
    </word>
    <word seq="16">out<GreekSeq>14</GreekSeq>
    </word>
    <word seq="17">of the<GreekSeq>15</GreekSeq>
    </word>
    <word seq="18">body,<GreekSeq>16</GreekSeq>
    </word>
    <word seq="19">I<GreekSeq>18</GreekSeq>
    </word>
    <word seq="20">cannot<GreekSeq>17</GreekSeq>
    </word>
    <word seq="21">tell:<GreekSeq>18</GreekSeq>
    </word>
    <word seq="22">God<GreekSeq>20</GreekSeq>
    </word>
    <word seq="23">knoweth;)<GreekSeq>21</GreekSeq>
    </word>
    <word seq="24">such<GreekSeq>24</GreekSeq>
    </word>
    <word seq="25">an<GreekSeq>23</GreekSeq>
    </word>
    <word seq="26">one caught up<GreekSeq>22</GreekSeq>
    </word>
    <word seq="27">to<GreekSeq>25</GreekSeq>
    </word>
    <word seq="28">the<GreekSeq/>
    </word>
    <word seq="29">third<GreekSeq>26</GreekSeq>
    </word>
    <word seq="30">heaven.<GreekSeq>27</GreekSeq>
    </word>
   </KJV>
  </verse>
  <verse number="3">
   <KJV>
    <word seq="1">And<GreekSeq>1</GreekSeq>
    </word>
    <word seq="2">I knew<GreekSeq>2</GreekSeq>
    </word>
    <word seq="3">such<GreekSeq>4</GreekSeq>
    </word>
    <word seq="4">a<GreekSeq>3</GreekSeq>
    </word>
    <word seq="5">man,<GreekSeq>5</GreekSeq>
    </word>
    <word seq="6">(whether<GreekSeq>6</GreekSeq>
    </word>
    <word seq="7">in<GreekSeq>7</GreekSeq>
    </word>
    <word seq="8">the body,<GreekSeq>8</GreekSeq>
    </word>
    <word seq="9">or<GreekSeq>9</GreekSeq>
    </word>
    <word note="Base of different Greek: ἐκτὸς(1622)" seq="10">out of<GreekSeq>10</GreekSeq>
    </word>
    <word seq="11">the<GreekSeq>11</GreekSeq>
    </word>
    <word seq="12">body,<GreekSeq>12</GreekSeq>
    </word>
    <word seq="13">I<GreekSeq>14</GreekSeq>
    </word>
    <word seq="14">cannot<GreekSeq>13</GreekSeq>
    </word>
    <word seq="15">tell:<GreekSeq>14</GreekSeq>
    </word>
    <word seq="16">God<GreekSeq>16</GreekSeq>
    </word>
    <word seq="17">knoweth;)<GreekSeq>17</GreekSeq>
    </word>
   </KJV>
  </verse>
  <verse number="4">
   <KJV>
    <word seq="1">How</word>
    <word seq="2">that<GreekSeq>1</GreekSeq>
    </word>
    <word seq="3">he was caught up<GreekSeq>2</GreekSeq>
    </word>
    <word seq="4">into<GreekSeq>3</GreekSeq>
    </word>
    <word seq="5">paradise,<GreekSeq>5</GreekSeq>
    </word>
    <word seq="6">and<GreekSeq>6</GreekSeq>
    </word>
    <word seq="7">heard<GreekSeq>7</GreekSeq>
    </word>
    <word seq="8">unspeakable<GreekSeq>8</GreekSeq>
    </word>
    <word seq="9">words,<GreekSeq>9</GreekSeq>
    </word>
    <word seq="10">which<GreekSeq>10</GreekSeq>
    </word>
    <word seq="11">it is</word>
    <word seq="12">not<GreekSeq>11</GreekSeq>
    </word>
    <word seq="13">lawful<GreekSeq>12</GreekSeq>
    </word>
    <word seq="14">for a man<GreekSeq>13</GreekSeq>
    </word>
    <word seq="15">to utter.<GreekSeq>14</GreekSeq>
    </word>
   </KJV>
  </verse>
  <verse number="5">
   <KJV>
    <word seq="1">Of<GreekSeq>1</GreekSeq>
    </word>
    <word seq="2">such an<GreekSeq>3</GreekSeq>
    </word>
    <word seq="3">one<GreekSeq>2</GreekSeq>
    </word>
    <word seq="4">will I glory:<GreekSeq>4</GreekSeq>
    </word>
    <word seq="5">yet<GreekSeq>6</GreekSeq>
    </word>
    <word seq="6">of<GreekSeq>5</GreekSeq>
    </word>
    <word seq="7">myself<GreekSeq>7</GreekSeq>
    </word>
    <word seq="8">I will<GreekSeq>9</GreekSeq>
    </word>
    <word seq="9">not<GreekSeq>8</GreekSeq>
    </word>
    <word seq="10">glory,<GreekSeq>9</GreekSeq>
    </word>
    <word note="εἰ μή Strong Code (1508)" seq="11">but<GreekSeq>10</GreekSeq>
     <GreekSeq>11</GreekSeq>
    </word>
    <word seq="12">in<GreekSeq>12</GreekSeq>
    </word>
    <word note="Base of different Greek: μου(3450)" seq="13">mine</word>
    <word seq="14">infirmities.<GreekSeq>14</GreekSeq>
    </word>
   </KJV>
  </verse>
  <verse number="6">
   <KJV>
    <word seq="1">For<GreekSeq>2</GreekSeq>
    </word>
    <word seq="2">though<GreekSeq>1</GreekSeq>
    </word>
    <word seq="3">I would desire<GreekSeq>3</GreekSeq>
    </word>
    <word seq="4">to glory,<GreekSeq>4</GreekSeq>
    </word>
    <word seq="5">I shall<GreekSeq>6</GreekSeq>
    </word>
    <word seq="6">not<GreekSeq>5</GreekSeq>
    </word>
    <word seq="7">be<GreekSeq>6</GreekSeq>
    </word>
    <word seq="8">a fool;<GreekSeq>7</GreekSeq>
    </word>
    <word seq="9">for<GreekSeq>9</GreekSeq>
    </word>
    <word seq="10">I will say<GreekSeq>10</GreekSeq>
    </word>
    <word seq="11">the truth:<GreekSeq>8</GreekSeq>
    </word>
    <word seq="12">but<GreekSeq>12</GreekSeq>
    </word>
    <word seq="13">now</word>
    <word seq="14">I forbear,<GreekSeq>11</GreekSeq>
    </word>
    <word seq="15">lest<GreekSeq>13</GreekSeq>
    </word>
    <word seq="16">any<GreekSeq>14</GreekSeq>
    </word>
    <word seq="17">man should think<GreekSeq>17</GreekSeq>
    </word>
    <word seq="18">of<GreekSeq>15</GreekSeq>
    </word>
    <word seq="19">me<GreekSeq>16</GreekSeq>
    </word>
    <word seq="20">above<GreekSeq>18</GreekSeq>
    </word>
    <word seq="21">that<GreekSeq>19</GreekSeq>
    </word>
    <word seq="22">which he seeth<GreekSeq>20</GreekSeq>
    </word>
    <word seq="23">me<GreekSeq>21</GreekSeq>
    </word>
    <word seq="24">to be,</word>
    <word seq="25">or<GreekSeq>22</GreekSeq>
    </word>
    <word seq="26">that<GreekSeq>24</GreekSeq>
    </word>
    <word seq="27">he heareth<GreekSeq>23</GreekSeq>
    </word>
    <word seq="28">of<GreekSeq>25</GreekSeq>
    </word>
    <word seq="29">me.<GreekSeq>26</GreekSeq>
    </word>
   </KJV>
  </verse>
  <verse number="7">
   <KJV>
    <word seq="1">And<GreekSeq>1</GreekSeq>
    </word>
    <word note="ἵνα μή Strong Code (3363)" seq="2">lest<GreekSeq>7</GreekSeq>
     <GreekSeq>8</GreekSeq>
    </word>
    <word seq="3">I should be exalted above measure<GreekSeq>9</GreekSeq>
    </word>
    <word seq="4">[through] the<GreekSeq>2</GreekSeq>
    </word>
    <word seq="5">abundance<GreekSeq>3</GreekSeq>
    </word>
    <word seq="6">of the<GreekSeq>4</GreekSeq>
    </word>
    <word seq="7">revelations,<GreekSeq>5</GreekSeq>
    </word>
    <word seq="8">there was given<GreekSeq>10</GreekSeq>
    </word>
    <word seq="9">to me<GreekSeq>11</GreekSeq>
    </word>
    <word seq="10">a thorn<GreekSeq>12</GreekSeq>
    </word>
    <word seq="11">in the<GreekSeq>13</GreekSeq>
    </word>
    <word seq="12">flesh,<GreekSeq>14</GreekSeq>
    </word>
    <word seq="13">the messenger<GreekSeq>15</GreekSeq>
    </word>
    <word note="Base of different Greek: Σατᾶν(4566)" seq="14">of Satan<GreekSeq>16</GreekSeq>
    </word>
    <word seq="15">to buffet<GreekSeq>17</GreekSeq>
     <GreekSeq>19</GreekSeq>
    </word>
    <word seq="16">me,<GreekSeq>18</GreekSeq>
    </word>
    <word note="ἵνα μή Strong Code (3363)" seq="17">lest<GreekSeq>20</GreekSeq>
     <GreekSeq>21</GreekSeq>
    </word>
    <word seq="18">I should be exalted above measure.<GreekSeq>22</GreekSeq>
    </word>
   </KJV>
  </verse>
  <verse number="8">
   <KJV>
    <word seq="1">For<GreekSeq>1</GreekSeq>
    </word>
    <word seq="2">this thing <GreekSeq>2</GreekSeq>
    </word>
    <word seq="3">I besought<GreekSeq>6</GreekSeq>
    </word>
    <word seq="4">the<GreekSeq>4</GreekSeq>
    </word>
    <word seq="5">Lord<GreekSeq>5</GreekSeq>
    </word>
    <word seq="6">thrice,<GreekSeq>3</GreekSeq>
    </word>
    <word seq="7">that<GreekSeq>7</GreekSeq>
    </word>
    <word seq="8">it might depart<GreekSeq>8</GreekSeq>
    </word>
    <word seq="9">from<GreekSeq>9</GreekSeq>
    </word>
    <word seq="10">me.<GreekSeq>10</GreekSeq>
    </word>
   </KJV>
  </verse>
  <verse number="9">
   <KJV>
    <word seq="1">And<GreekSeq>1</GreekSeq>
    </word>
    <word seq="2">he said<GreekSeq>2</GreekSeq>
    </word>
    <word seq="3">unto me,<GreekSeq>3</GreekSeq>
    </word>
    <word seq="4">My<GreekSeq>8</GreekSeq>
    </word>
    <word seq="5">grace<GreekSeq>7</GreekSeq>
    </word>
    <word seq="6">is sufficient<GreekSeq>4</GreekSeq>
    </word>
    <word seq="7">for thee:<GreekSeq>5</GreekSeq>
    </word>
    <word seq="8">for<GreekSeq>10</GreekSeq>
    </word>
    <word note="Base of different Greek: μου(3450)" seq="9">my</word>
    <word seq="10">strength<GreekSeq>11</GreekSeq>
    </word>
    <word note="Base of different Greek: τελειοῦται(5048)" seq="11">is made perfect<GreekSeq>14</GreekSeq>
    </word>
    <word seq="12">in<GreekSeq>12</GreekSeq>
    </word>
    <word seq="13">weakness.<GreekSeq>13</GreekSeq>
    </word>
    <word seq="14">Most gladly<GreekSeq>15</GreekSeq>
    </word>
    <word seq="15">therefore<GreekSeq>16</GreekSeq>
    </word>
    <word seq="16">will I<GreekSeq>18</GreekSeq>
    </word>
    <word seq="17">rather<GreekSeq>17</GreekSeq>
    </word>
    <word seq="18">glory<GreekSeq>18</GreekSeq>
    </word>
    <word seq="19">in<GreekSeq>19</GreekSeq>
    </word>
    <word seq="20">my<GreekSeq>22</GreekSeq>
    </word>
    <word seq="21">infirmities,<GreekSeq>21</GreekSeq>
    </word>
    <word seq="22">that<GreekSeq>23</GreekSeq>
    </word>
    <word seq="23">the<GreekSeq>27</GreekSeq>
    </word>
    <word seq="24">power<GreekSeq>28</GreekSeq>
    </word>
    <word seq="25">of Christ<GreekSeq>30</GreekSeq>
    </word>
    <word seq="26">may rest<GreekSeq>24</GreekSeq>
    </word>
    <word seq="27">upon<GreekSeq>25</GreekSeq>
    </word>
    <word seq="28">me.<GreekSeq>26</GreekSeq>
    </word>
   </KJV>
  </verse>
  <verse number="10">
   <KJV>
    <word seq="1">Therefore<GreekSeq>1</GreekSeq>
    </word>
    <word seq="2">I take pleasure<GreekSeq>2</GreekSeq>
    </word>
    <word seq="3">in<GreekSeq>3</GreekSeq>
    </word>
    <word seq="4">infirmities,<GreekSeq>4</GreekSeq>
    </word>
    <word seq="5">in<GreekSeq>5</GreekSeq>
    </word>
    <word seq="6">reproaches,<GreekSeq>6</GreekSeq>
    </word>
    <word seq="7">in<GreekSeq>7</GreekSeq>
    </word>
    <word seq="8">necessities,<GreekSeq>8</GreekSeq>
    </word>
    <word seq="9">in<GreekSeq>9</GreekSeq>
    </word>
    <word seq="10">persecutions,<GreekSeq>10</GreekSeq>
    </word>
    <word note="Base of different Greek: ἐν(1722)" seq="11">in<GreekSeq>11</GreekSeq>
    </word>
    <word seq="12">distresses<GreekSeq>12</GreekSeq>
    </word>
    <word seq="13">for<GreekSeq>13</GreekSeq>
    </word>
    <word seq="14">Christ's<GreekSeq>14</GreekSeq>
    </word>
    <word seq="15">sake:<GreekSeq>13</GreekSeq>
    </word>
    <word seq="16">for<GreekSeq>16</GreekSeq>
    </word>
    <word seq="17">when<GreekSeq>15</GreekSeq>
    </word>
    <word seq="18">I am weak,<GreekSeq>17</GreekSeq>
    </word>
    <word seq="19">then<GreekSeq>18</GreekSeq>
    </word>
    <word seq="20">am I<GreekSeq>20</GreekSeq>
    </word>
    <word seq="21">strong.<GreekSeq>19</GreekSeq>
    </word>
   </KJV>
  </verse>
  <verse number="11">
   <KJV>
    <word seq="1">I am become<GreekSeq>1</GreekSeq>
    </word>
    <word seq="2">a fool<GreekSeq>2</GreekSeq>
    </word>
    <word note="Base of different Greek: καυχώμενος(2744)" seq="3">in glorying;</word>
    <word seq="4">ye<GreekSeq>3</GreekSeq>
    </word>
    <word seq="5">have compelled<GreekSeq>5</GreekSeq>
    </word>
    <word seq="6">me:<GreekSeq>4</GreekSeq>
    </word>
    <word seq="7">for<GreekSeq>7</GreekSeq>
    </word>
    <word seq="8">I<GreekSeq>6</GreekSeq>
    </word>
    <word seq="9">ought<GreekSeq>8</GreekSeq>
    </word>
    <word seq="10">to have been commended<GreekSeq>11</GreekSeq>
    </word>
    <word seq="11">of<GreekSeq>9</GreekSeq>
    </word>
    <word seq="12">you:<GreekSeq>10</GreekSeq>
    </word>
    <word seq="13">for<GreekSeq>13</GreekSeq>
    </word>
    <word seq="14">in nothing<GreekSeq>12</GreekSeq>
    </word>
    <word seq="15">am I behind<GreekSeq>14</GreekSeq>
    </word>
    <word seq="16">the<GreekSeq>15</GreekSeq>
    </word>
    <word seq="17">very chiefest<GreekSeq>16</GreekSeq>
    </word>
    <word seq="18">apostles,<GreekSeq>17</GreekSeq>
    </word>
    <word seq="19">though<GreekSeq>18</GreekSeq>
     <GreekSeq>19</GreekSeq>
    </word>
    <word seq="20">I be<GreekSeq>21</GreekSeq>
    </word>
    <word seq="21">nothing.<GreekSeq>20</GreekSeq>
    </word>
   </KJV>
  </verse>
  <verse number="12">
   <KJV>
    <word seq="1">Truly<GreekSeq>2</GreekSeq>
    </word>
    <word seq="2">the<GreekSeq>1</GreekSeq>
    </word>
    <word seq="3">signs<GreekSeq>3</GreekSeq>
    </word>
    <word seq="4">of an<GreekSeq>4</GreekSeq>
    </word>
    <word seq="5">apostle<GreekSeq>5</GreekSeq>
    </word>
    <word seq="6">were wrought<GreekSeq>6</GreekSeq>
    </word>
    <word seq="7">among<GreekSeq>7</GreekSeq>
    </word>
    <word seq="8">you<GreekSeq>8</GreekSeq>
    </word>
    <word seq="9">in<GreekSeq>9</GreekSeq>
    </word>
    <word seq="10">all<GreekSeq>10</GreekSeq>
    </word>
    <word seq="11">patience,<GreekSeq>11</GreekSeq>
    </word>
    <word seq="12">in signs,<GreekSeq>12</GreekSeq>
    </word>
    <word seq="13">and<GreekSeq>14</GreekSeq>
    </word>
    <word seq="14">wonders,<GreekSeq>15</GreekSeq>
    </word>
    <word seq="15">and<GreekSeq>16</GreekSeq>
    </word>
    <word seq="16">mighty deeds.<GreekSeq>17</GreekSeq>
    </word>
   </KJV>
  </verse>
  <verse number="13">
   <KJV>
    <word seq="1">For<GreekSeq>2</GreekSeq>
    </word>
    <word seq="2">what<GreekSeq>1</GreekSeq>
    </word>
    <word seq="3">is it<GreekSeq>3</GreekSeq>
    </word>
    <word seq="4">wherein<GreekSeq>4</GreekSeq>
    </word>
    <word seq="5">ye were inferior<GreekSeq>5</GreekSeq>
    </word>
    <word seq="6">to<GreekSeq>6</GreekSeq>
    </word>
    <word seq="7">other<GreekSeq>8</GreekSeq>
    </word>
    <word seq="8">churches,<GreekSeq>9</GreekSeq>
    </word>
    <word note="εἰ μή Strong Code (1508)" seq="9">except<GreekSeq>10</GreekSeq>
     <GreekSeq>11</GreekSeq>
    </word>
    <word seq="10">it be</word>
    <word seq="11">that<GreekSeq>12</GreekSeq>
    </word>
    <word seq="12">I<GreekSeq>14</GreekSeq>
    </word>
    <word seq="13">myself<GreekSeq>13</GreekSeq>
    </word>
    <word seq="14">was<GreekSeq/>
    </word>
    <word seq="15">not<GreekSeq>15</GreekSeq>
    </word>
    <word seq="16">burdensome<GreekSeq>16</GreekSeq>
    </word>
    <word seq="17">to you?<GreekSeq>17</GreekSeq>
    </word>
    <word seq="18">forgive<GreekSeq>18</GreekSeq>
    </word>
    <word seq="19">me<GreekSeq>19</GreekSeq>
    </word>
    <word seq="20">this<GreekSeq>22</GreekSeq>
    </word>
    <word seq="21">wrong.<GreekSeq>21</GreekSeq>
    </word>
   </KJV>
  </verse>
  <verse number="14">
   <KJV>
    <word seq="1">Behold,<GreekSeq>1</GreekSeq>
    </word>
    <word seq="2">the third time <GreekSeq>2</GreekSeq>
    </word>
    <word seq="3">I am<GreekSeq>5</GreekSeq>
    </word>
    <word seq="4">ready<GreekSeq>4</GreekSeq>
    </word>
    <word seq="5">to come<GreekSeq>6</GreekSeq>
    </word>
    <word seq="6">to<GreekSeq>7</GreekSeq>
    </word>
    <word seq="7">you;<GreekSeq>8</GreekSeq>
    </word>
    <word seq="8">and<GreekSeq>9</GreekSeq>
    </word>
    <word seq="9">I will<GreekSeq>11</GreekSeq>
    </word>
    <word seq="10">not<GreekSeq>10</GreekSeq>
    </word>
    <word seq="11">be burdensome<GreekSeq>11</GreekSeq>
    </word>
    <word seq="12">to you:</word>
    <word seq="13">for<GreekSeq>13</GreekSeq>
    </word>
    <word seq="14">I seek<GreekSeq>14</GreekSeq>
    </word>
    <word seq="15">not<GreekSeq>12</GreekSeq>
    </word>
    <word seq="16">yours,<GreekSeq>16</GreekSeq>
    </word>
    <word seq="17">but<GreekSeq>17</GreekSeq>
    </word>
    <word seq="18">you:<GreekSeq>18</GreekSeq>
    </word>
    <word seq="19">for<GreekSeq>20</GreekSeq>
    </word>
    <word seq="20">the<GreekSeq>22</GreekSeq>
    </word>
    <word seq="21">children<GreekSeq>23</GreekSeq>
    </word>
    <word seq="22">ought<GreekSeq>21</GreekSeq>
    </word>
    <word seq="23">not<GreekSeq>19</GreekSeq>
    </word>
    <word seq="24">to lay up<GreekSeq>26</GreekSeq>
    </word>
    <word seq="25">for the<GreekSeq>24</GreekSeq>
    </word>
    <word seq="26">parents,<GreekSeq>25</GreekSeq>
    </word>
    <word seq="27">but<GreekSeq>27</GreekSeq>
    </word>
    <word seq="28">the<GreekSeq>28</GreekSeq>
    </word>
    <word seq="29">parents<GreekSeq>29</GreekSeq>
    </word>
    <word seq="30">for the<GreekSeq>30</GreekSeq>
    </word>
    <word seq="31">children.<GreekSeq>31</GreekSeq>
    </word>
   </KJV>
  </verse>
  <verse number="15">
   <KJV>
    <word seq="1">And<GreekSeq>2</GreekSeq>
    </word>
    <word seq="2">I<GreekSeq>1</GreekSeq>
    </word>
    <word seq="3">will<GreekSeq>4</GreekSeq>
    </word>
    <word seq="4">very gladly<GreekSeq>3</GreekSeq>
    </word>
    <word seq="5">spend<GreekSeq>4</GreekSeq>
    </word>
    <word seq="6">and<GreekSeq>5</GreekSeq>
    </word>
    <word seq="7">be spent<GreekSeq>6</GreekSeq>
    </word>
    <word seq="8">for<GreekSeq>7</GreekSeq>
    </word>
    <word seq="9">you;<GreekSeq>10</GreekSeq>
    </word>
    <word note="Base of different Greek:  καὶ(2532)" seq="10">though<GreekSeq>11</GreekSeq>
    </word>
    <word seq="11">the more abundantly<GreekSeq>12</GreekSeq>
    </word>
    <word seq="12">[I] love<GreekSeq>14</GreekSeq>
    </word>
    <word seq="13">you,<GreekSeq>13</GreekSeq>
    </word>
    <word seq="14">the less<GreekSeq>15</GreekSeq>
    </word>
    <word seq="15">I be loved.<GreekSeq>16</GreekSeq>
    </word>
   </KJV>
  </verse>
  <verse number="16">
   <KJV>
    <word seq="1">But<GreekSeq>2</GreekSeq>
    </word>
    <word seq="2">be it<GreekSeq>1</GreekSeq>
    </word>
    <word seq="3">so,</word>
    <word seq="4">I<GreekSeq>3</GreekSeq>
    </word>
    <word seq="5">did<GreekSeq>5</GreekSeq>
    </word>
    <word seq="6">not<GreekSeq>4</GreekSeq>
    </word>
    <word seq="7">burden<GreekSeq>5</GreekSeq>
    </word>
    <word seq="8">you:<GreekSeq>6</GreekSeq>
    </word>
    <word seq="9">nevertheless,<GreekSeq>7</GreekSeq>
    </word>
    <word seq="10">being<GreekSeq>8</GreekSeq>
    </word>
    <word seq="11">crafty,<GreekSeq>9</GreekSeq>
    </word>
    <word seq="12">I caught<GreekSeq>12</GreekSeq>
    </word>
    <word seq="13">you<GreekSeq>11</GreekSeq>
    </word>
    <word seq="14">with guile.<GreekSeq>10</GreekSeq>
    </word>
   </KJV>
  </verse>
  <verse number="17">
   <KJV>
    <word seq="1">Did</word>
    <word seq="2">I make a gain of<GreekSeq>9</GreekSeq>
    </word>
    <word seq="3">you<GreekSeq>10</GreekSeq>
    </word>
    <word seq="4">by<GreekSeq>7</GreekSeq>
    </word>
    <word seq="5">any of them<GreekSeq>2</GreekSeq>
    </word>
    <word seq="6">whom<GreekSeq>3</GreekSeq>
    </word>
    <word seq="7">I sent<GreekSeq>4</GreekSeq>
    </word>
    <word seq="8">unto<GreekSeq>5</GreekSeq>
    </word>
    <word seq="9">you?<GreekSeq>6</GreekSeq>
    </word>
   </KJV>
  </verse>
  <verse number="18">
   <KJV>
    <word seq="1">I desired<GreekSeq>1</GreekSeq>
    </word>
    <word seq="2">Titus,<GreekSeq>2</GreekSeq>
    </word>
    <word seq="3">and<GreekSeq>3</GreekSeq>
    </word>
    <word seq="4">with<GreekSeq>4</GreekSeq>
    </word>
    <word seq="5">him</word>
    <word seq="6">I sent<GreekSeq>4</GreekSeq>
    </word>
    <word seq="7">a<GreekSeq>5</GreekSeq>
    </word>
    <word seq="8">brother.<GreekSeq>6</GreekSeq>
    </word>
    <word seq="9">Did<GreekSeq/>
    </word>
    <word seq="10">Titus<GreekSeq>10</GreekSeq>
    </word>
    <word seq="11">make a gain of<GreekSeq>8</GreekSeq>
    </word>
    <word seq="12">you?<GreekSeq>9</GreekSeq>
    </word>
    <word seq="13">walked we<GreekSeq>15</GreekSeq>
    </word>
    <word seq="14">not<GreekSeq>11</GreekSeq>
    </word>
    <word seq="15">in the <GreekSeq>12</GreekSeq>
    </word>
    <word seq="16">same<GreekSeq>13</GreekSeq>
    </word>
    <word seq="17">spirit?<GreekSeq>14</GreekSeq>
    </word>
    <word seq="18">walked we</word>
    <word seq="19">not<GreekSeq>16</GreekSeq>
    </word>
    <word seq="20">in the <GreekSeq>17</GreekSeq>
    </word>
    <word seq="21">same<GreekSeq>18</GreekSeq>
    </word>
    <word seq="22">steps?<GreekSeq>19</GreekSeq>
    </word>
   </KJV>
  </verse>
  <verse number="19">
   <KJV>
    <word note="Base of different Greek: Πάλιν(3825)" seq="1">Again,<GreekSeq>1</GreekSeq>
    </word>
    <word seq="2">think ye<GreekSeq>2</GreekSeq>
    </word>
    <word seq="3">that<GreekSeq>3</GreekSeq>
    </word>
    <word seq="4">we excuse ourselves<GreekSeq>5</GreekSeq>
    </word>
    <word seq="5">unto you?<GreekSeq>4</GreekSeq>
    </word>
    <word seq="6">we speak<GreekSeq>10</GreekSeq>
    </word>
    <word note="Base of different Greek: κατένωπιον(2714)" seq="7">before<GreekSeq>6</GreekSeq>
    </word>
    <word seq="8">God<GreekSeq>7</GreekSeq>
    </word>
    <word seq="9">in<GreekSeq>8</GreekSeq>
    </word>
    <word seq="10">Christ:<GreekSeq>9</GreekSeq>
    </word>
    <word seq="11">but<GreekSeq>12</GreekSeq>
    </word>
    <word seq="12">we do</word>
    <word seq="13">all things,<GreekSeq>11</GreekSeq>
     <GreekSeq>13</GreekSeq>
    </word>
    <word seq="14">dearly beloved,<GreekSeq>14</GreekSeq>
    </word>
    <word seq="15">for<GreekSeq>15</GreekSeq>
    </word>
    <word seq="16">your<GreekSeq>17</GreekSeq>
    </word>
    <word seq="17">edifying.<GreekSeq>18</GreekSeq>
    </word>
   </KJV>
  </verse>
  <verse number="20">
   <KJV>
    <word seq="1">For<GreekSeq>2</GreekSeq>
    </word>
    <word seq="2">I fear,<GreekSeq>1</GreekSeq>
    </word>
    <word note="μή πως Strong Code (3381)" seq="3">lest,<GreekSeq>3</GreekSeq>
     <GreekSeq>4</GreekSeq>
    </word>
    <word seq="4">when I come,<GreekSeq>5</GreekSeq>
    </word>
    <word seq="5">I shall<GreekSeq>9</GreekSeq>
    </word>
    <word seq="6">not<GreekSeq>6</GreekSeq>
    </word>
    <word seq="7">find<GreekSeq>9</GreekSeq>
    </word>
    <word seq="8">you<GreekSeq>10</GreekSeq>
    </word>
    <word seq="9">such as<GreekSeq>7</GreekSeq>
    </word>
    <word seq="10">I would,<GreekSeq>8</GreekSeq>
    </word>
    <word seq="11">and [that] I<GreekSeq>11</GreekSeq>
    </word>
    <word seq="12">shall be found<GreekSeq>12</GreekSeq>
    </word>
    <word seq="13">unto you<GreekSeq>13</GreekSeq>
    </word>
    <word seq="14">such as<GreekSeq>14</GreekSeq>
    </word>
    <word seq="15">ye would<GreekSeq>16</GreekSeq>
    </word>
    <word seq="16">not:<GreekSeq>15</GreekSeq>
    </word>
    <word note="μή πως Strong Code (3381)" seq="17">lest<GreekSeq>17</GreekSeq>
     <GreekSeq>18</GreekSeq>
    </word>
    <word seq="18">there be</word>
    <word seq="19">debates,<GreekSeq>19</GreekSeq>
    </word>
    <word seq="20">envyings,<GreekSeq>20</GreekSeq>
    </word>
    <word seq="21">wraths,<GreekSeq>21</GreekSeq>
    </word>
    <word seq="22">strifes,<GreekSeq>22</GreekSeq>
    </word>
    <word seq="23">backbitings,<GreekSeq>23</GreekSeq>
    </word>
    <word seq="24">whisperings,<GreekSeq>24</GreekSeq>
    </word>
    <word seq="25">swellings,<GreekSeq>25</GreekSeq>
    </word>
    <word seq="26">tumults:<GreekSeq>26</GreekSeq>
    </word>
   </KJV>
  </verse>
  <verse number="21">
   <KJV>
    <word seq="1">And</word>
    <word seq="2">lest,<GreekSeq>1</GreekSeq>
    </word>
    <word seq="3">when<GreekSeq/>
    </word>
    <word seq="4">I<GreekSeq>4</GreekSeq>
    </word>
    <word seq="5">come<GreekSeq>3</GreekSeq>
    </word>
    <word seq="6">again,<GreekSeq>2</GreekSeq>
    </word>
    <word seq="7">my<GreekSeq>9</GreekSeq>
    </word>
    <word seq="8">God<GreekSeq>8</GreekSeq>
    </word>
    <word seq="9">will humble<GreekSeq>5</GreekSeq>
    </word>
    <word seq="10">me<GreekSeq>6</GreekSeq>
    </word>
    <word seq="11">among<GreekSeq>10</GreekSeq>
    </word>
    <word seq="12">you,<GreekSeq>11</GreekSeq>
    </word>
    <word seq="13">and<GreekSeq>12</GreekSeq>
    </word>
    <word seq="14">that</word>
    <word seq="15">I shall bewail<GreekSeq>13</GreekSeq>
    </word>
    <word seq="16">many<GreekSeq>14</GreekSeq>
    </word>
    <word seq="17">which have sinned already,<GreekSeq>16</GreekSeq>
    </word>
    <word seq="18">and<GreekSeq>17</GreekSeq>
    </word>
    <word seq="19">have<GreekSeq/>
    </word>
    <word seq="20">not<GreekSeq>18</GreekSeq>
    </word>
    <word seq="21">repented<GreekSeq>19</GreekSeq>
    </word>
    <word seq="22">of<GreekSeq>20</GreekSeq>
    </word>
    <word seq="23">the<GreekSeq>21</GreekSeq>
    </word>
    <word seq="24">uncleanness<GreekSeq>22</GreekSeq>
    </word>
    <word seq="25">and<GreekSeq>23</GreekSeq>
    </word>
    <word seq="26">fornication<GreekSeq>24</GreekSeq>
    </word>
    <word seq="27">and<GreekSeq>25</GreekSeq>
    </word>
    <word seq="28">lasciviousness<GreekSeq>26</GreekSeq>
    </word>
    <word seq="29">which<GreekSeq>27</GreekSeq>
    </word>
    <word seq="30">they have committed.<GreekSeq>28</GreekSeq>
    </word>
   </KJV>
  </verse>
 </chapter>
</book>
