<?xml version="1.0" encoding="UTF-8" standalone="no"?>
<book>
 <chapter book="null" number="5">
  <verse number="1">
   <KJV>
    <word seq="1">For<GreekSeq>2</GreekSeq>
    </word>
    <word seq="2">we know<GreekSeq>1</GreekSeq>
    </word>
    <word seq="3">that<GreekSeq>3</GreekSeq>
    </word>
    <word seq="4">if<GreekSeq>4</GreekSeq>
    </word>
    <word seq="5">our<GreekSeq>7</GreekSeq>
    </word>
    <word seq="6">earthly<GreekSeq>6</GreekSeq>
    </word>
    <word seq="7">house<GreekSeq>8</GreekSeq>
    </word>
    <word seq="8">of this<GreekSeq>9</GreekSeq>
    </word>
    <word seq="9">tabernacle<GreekSeq>10</GreekSeq>
    </word>
    <word seq="10">were dissolved,<GreekSeq>11</GreekSeq>
    </word>
    <word seq="11">we have<GreekSeq>15</GreekSeq>
    </word>
    <word seq="12">a building<GreekSeq>12</GreekSeq>
    </word>
    <word seq="13">of<GreekSeq>13</GreekSeq>
    </word>
    <word seq="14">God,<GreekSeq>14</GreekSeq>
    </word>
    <word seq="15">an house<GreekSeq>16</GreekSeq>
    </word>
    <word seq="16">not made with hands,<GreekSeq>17</GreekSeq>
    </word>
    <word seq="17">eternal<GreekSeq>18</GreekSeq>
    </word>
    <word seq="18">in<GreekSeq>19</GreekSeq>
    </word>
    <word seq="19">the<GreekSeq>20</GreekSeq>
    </word>
    <word seq="20">heavens.<GreekSeq>21</GreekSeq>
    </word>
   </KJV>
  </verse>
  <verse number="2">
   <KJV>
    <word seq="1">For<GreekSeq>2</GreekSeq>
    </word>
    <word seq="2">in<GreekSeq>3</GreekSeq>
    </word>
    <word seq="3">this<GreekSeq>4</GreekSeq>
    </word>
    <word seq="4">we groan,<GreekSeq>5</GreekSeq>
    </word>
    <word seq="5">earnestly desiring<GreekSeq>13</GreekSeq>
    </word>
    <word seq="6">to be clothed upon with<GreekSeq>12</GreekSeq>
    </word>
    <word seq="7">our<GreekSeq>8</GreekSeq>
    </word>
    <word seq="8">house<GreekSeq>7</GreekSeq>
    </word>
    <word seq="9">which<GreekSeq>9</GreekSeq>
    </word>
    <word seq="10">is</word>
    <word seq="11">from<GreekSeq>10</GreekSeq>
    </word>
    <word seq="12">heaven:<GreekSeq>11</GreekSeq>
    </word>
   </KJV>
  </verse>
  <verse number="3">
   <KJV>
    <word seq="1">If<GreekSeq>1</GreekSeq>
    </word>
    <word seq="2">so be that<GreekSeq>2</GreekSeq>
    </word>
    <word seq="3">being clothed<GreekSeq>4</GreekSeq>
    </word>
    <word seq="4">we shall<GreekSeq>7</GreekSeq>
    </word>
    <word seq="5">not<GreekSeq>5</GreekSeq>
    </word>
    <word seq="6">be found<GreekSeq>7</GreekSeq>
    </word>
    <word seq="7">naked.<GreekSeq>6</GreekSeq>
    </word>
   </KJV>
  </verse>
  <verse number="4">
   <KJV>
    <word seq="1">For<GreekSeq>2</GreekSeq>
    </word>
    <word seq="2">we<GreekSeq>8</GreekSeq>
    </word>
    <word seq="3">that are<GreekSeq>4</GreekSeq>
    </word>
    <word seq="4">in<GreekSeq>5</GreekSeq>
    </word>
    <word seq="5">this<GreekSeq>6</GreekSeq>
    </word>
    <word seq="6">tabernacle<GreekSeq>7</GreekSeq>
    </word>
    <word seq="7">do groan,<GreekSeq>8</GreekSeq>
    </word>
    <word seq="8">being burdened:<GreekSeq>9</GreekSeq>
    </word>
    <word seq="9">not<GreekSeq>12</GreekSeq>
    </word>
    <word seq="10">for<GreekSeq>10</GreekSeq>
    </word>
    <word seq="11">that<GreekSeq>11</GreekSeq>
    </word>
    <word seq="12">we would<GreekSeq>13</GreekSeq>
    </word>
    <word seq="13">be unclothed,<GreekSeq>14</GreekSeq>
    </word>
    <word seq="14">but<GreekSeq>15</GreekSeq>
    </word>
    <word seq="15">clothed upon,<GreekSeq>16</GreekSeq>
    </word>
    <word seq="16">that<GreekSeq>17</GreekSeq>
    </word>
    <word seq="17">mortality<GreekSeq>19</GreekSeq>
     <GreekSeq>20</GreekSeq>
    </word>
    <word seq="18">might be swallowed up<GreekSeq>18</GreekSeq>
    </word>
    <word seq="19">of<GreekSeq>21</GreekSeq>
    </word>
    <word seq="20">life.<GreekSeq>23</GreekSeq>
    </word>
   </KJV>
  </verse>
  <verse number="5">
   <KJV>
    <word seq="1">Now<GreekSeq>2</GreekSeq>
    </word>
    <word seq="2">he<GreekSeq>1</GreekSeq>
    </word>
    <word seq="3">that hath wrought<GreekSeq>3</GreekSeq>
    </word>
    <word seq="4">us<GreekSeq>4</GreekSeq>
    </word>
    <word seq="5">for<GreekSeq>5</GreekSeq>
    </word>
    <word seq="6">the selfsame thing<GreekSeq>6</GreekSeq>
     <GreekSeq>7</GreekSeq>
    </word>
    <word seq="7">is</word>
    <word seq="8">God,<GreekSeq>8</GreekSeq>
    </word>
    <word seq="9">who<GreekSeq>9</GreekSeq>
    </word>
    <word note="Base of different Greek: καὶ(2532)" seq="10">also</word>
    <word seq="11">hath given<GreekSeq>10</GreekSeq>
    </word>
    <word seq="12">unto us<GreekSeq>11</GreekSeq>
    </word>
    <word seq="13">the<GreekSeq>12</GreekSeq>
    </word>
    <word seq="14">earnest<GreekSeq>13</GreekSeq>
    </word>
    <word seq="15">of the<GreekSeq>14</GreekSeq>
    </word>
    <word seq="16">Spirit.<GreekSeq>15</GreekSeq>
    </word>
   </KJV>
  </verse>
  <verse number="6">
   <KJV>
    <word seq="1">Therefore<GreekSeq>2</GreekSeq>
    </word>
    <word seq="2">we are</word>
    <word seq="3">always<GreekSeq>3</GreekSeq>
    </word>
    <word seq="4">confident,<GreekSeq>1</GreekSeq>
    </word>
    <word seq="5">knowing<GreekSeq>5</GreekSeq>
    </word>
    <word seq="6">that,<GreekSeq>6</GreekSeq>
    </word>
    <word seq="7">whilst we are at home<GreekSeq>7</GreekSeq>
    </word>
    <word seq="8">in<GreekSeq>8</GreekSeq>
    </word>
    <word seq="9">the<GreekSeq>9</GreekSeq>
    </word>
    <word seq="10">body,<GreekSeq>10</GreekSeq>
    </word>
    <word seq="11">we are absent<GreekSeq>11</GreekSeq>
    </word>
    <word seq="12">from<GreekSeq>12</GreekSeq>
    </word>
    <word seq="13">the<GreekSeq>13</GreekSeq>
    </word>
    <word seq="14">Lord:<GreekSeq>14</GreekSeq>
    </word>
   </KJV>
  </verse>
  <verse number="7">
   <KJV>
    <word seq="1">(For<GreekSeq>3</GreekSeq>
    </word>
    <word seq="2">we walk<GreekSeq>4</GreekSeq>
    </word>
    <word seq="3">by<GreekSeq>1</GreekSeq>
    </word>
    <word seq="4">faith,<GreekSeq>2</GreekSeq>
    </word>
    <word seq="5">not<GreekSeq>5</GreekSeq>
    </word>
    <word seq="6">by<GreekSeq>6</GreekSeq>
    </word>
    <word seq="7">sight:)<GreekSeq>7</GreekSeq>
    </word>
   </KJV>
  </verse>
  <verse number="8">
   <KJV>
    <word seq="1">We are confident,<GreekSeq>1</GreekSeq>
    </word>
    <word seq="2">I say,</word>
    <word seq="3">and<GreekSeq>3</GreekSeq>
    </word>
    <word seq="4">willing<GreekSeq>4</GreekSeq>
    </word>
    <word seq="5">rather<GreekSeq>5</GreekSeq>
    </word>
    <word seq="6">to be absent<GreekSeq>6</GreekSeq>
    </word>
    <word seq="7">from<GreekSeq>7</GreekSeq>
    </word>
    <word seq="8">the<GreekSeq>8</GreekSeq>
    </word>
    <word seq="9">body,<GreekSeq>9</GreekSeq>
    </word>
    <word seq="10">and<GreekSeq>10</GreekSeq>
    </word>
    <word seq="11">to be present<GreekSeq>11</GreekSeq>
    </word>
    <word seq="12">with<GreekSeq>12</GreekSeq>
    </word>
    <word seq="13">the<GreekSeq>13</GreekSeq>
    </word>
    <word seq="14">Lord.<GreekSeq>14</GreekSeq>
    </word>
   </KJV>
  </verse>
  <verse number="9">
   <KJV>
    <word seq="1">Wherefore<GreekSeq>1</GreekSeq>
    </word>
    <word seq="2">we labour,<GreekSeq>3</GreekSeq>
    </word>
    <word seq="3">that,</word>
    <word seq="4">whether<GreekSeq>4</GreekSeq>
    </word>
    <word seq="5">present<GreekSeq>5</GreekSeq>
    </word>
    <word seq="6">or<GreekSeq>6</GreekSeq>
    </word>
    <word seq="7">absent,<GreekSeq>7</GreekSeq>
    </word>
    <word seq="8">we</word>
    <word seq="9">may be<GreekSeq>10</GreekSeq>
    </word>
    <word seq="10">accepted<GreekSeq>8</GreekSeq>
    </word>
    <word seq="11">of him.<GreekSeq>9</GreekSeq>
    </word>
   </KJV>
  </verse>
  <verse number="10">
   <KJV>
    <word seq="1">For<GreekSeq>2</GreekSeq>
    </word>
    <word seq="2">we<GreekSeq>4</GreekSeq>
    </word>
    <word seq="3">must<GreekSeq>6</GreekSeq>
    </word>
    <word seq="4">all<GreekSeq>3</GreekSeq>
    </word>
    <word seq="5">appear<GreekSeq>5</GreekSeq>
    </word>
    <word seq="6">before<GreekSeq>7</GreekSeq>
    </word>
    <word seq="7">the<GreekSeq>8</GreekSeq>
    </word>
    <word seq="8">judgment seat<GreekSeq>9</GreekSeq>
    </word>
    <word seq="9">of Christ;<GreekSeq>11</GreekSeq>
    </word>
    <word seq="10">that<GreekSeq>12</GreekSeq>
    </word>
    <word seq="11">every one<GreekSeq>14</GreekSeq>
    </word>
    <word seq="12">may receive<GreekSeq>13</GreekSeq>
    </word>
    <word seq="13">the [things]<GreekSeq>15</GreekSeq>
    </word>
    <word seq="14">done</word>
    <word seq="15">in<GreekSeq>16</GreekSeq>
    </word>
    <word seq="16">his</word>
    <word seq="17">body,<GreekSeq>18</GreekSeq>
    </word>
    <word seq="18">according to<GreekSeq>19</GreekSeq>
    </word>
    <word seq="19">that<GreekSeq>20</GreekSeq>
    </word>
    <word seq="20">he hath done,<GreekSeq>21</GreekSeq>
    </word>
    <word seq="21">whether<GreekSeq>22</GreekSeq>
    </word>
    <word seq="22">it be</word>
    <word seq="23">good<GreekSeq>23</GreekSeq>
    </word>
    <word seq="24">or<GreekSeq>24</GreekSeq>
    </word>
    <word note="Base of different Greek: κακόν(2556)" seq="25">bad.<GreekSeq>25</GreekSeq>
    </word>
   </KJV>
  </verse>
  <verse number="11">
   <KJV>
    <word seq="1">Knowing<GreekSeq>1</GreekSeq>
    </word>
    <word seq="2">therefore<GreekSeq>2</GreekSeq>
    </word>
    <word seq="3">the<GreekSeq>3</GreekSeq>
    </word>
    <word seq="4">terror<GreekSeq>4</GreekSeq>
    </word>
    <word seq="5">of the<GreekSeq>5</GreekSeq>
    </word>
    <word seq="6">Lord,<GreekSeq>6</GreekSeq>
    </word>
    <word seq="7">we persuade<GreekSeq>8</GreekSeq>
    </word>
    <word seq="8">men;<GreekSeq>7</GreekSeq>
    </word>
    <word seq="9">but<GreekSeq>10</GreekSeq>
    </word>
    <word seq="10">we are made manifest<GreekSeq>11</GreekSeq>
    </word>
    <word seq="11">unto God;<GreekSeq>9</GreekSeq>
    </word>
    <word seq="12">and<GreekSeq>13</GreekSeq>
    </word>
    <word seq="13">I trust<GreekSeq>12</GreekSeq>
    </word>
    <word seq="14">also<GreekSeq>14</GreekSeq>
    </word>
    <word seq="15">are made manifest<GreekSeq>19</GreekSeq>
    </word>
    <word seq="16">in<GreekSeq>15</GreekSeq>
    </word>
    <word seq="17">your<GreekSeq>18</GreekSeq>
    </word>
    <word seq="18">consciences.<GreekSeq>17</GreekSeq>
    </word>
   </KJV>
  </verse>
  <verse number="12">
   <KJV>
    <word note="Base of different Greek: γὰρ(1063)" seq="1">For</word>
    <word seq="2">we commend<GreekSeq>4</GreekSeq>
    </word>
    <word seq="3">not<GreekSeq>1</GreekSeq>
    </word>
    <word seq="4">ourselves<GreekSeq>3</GreekSeq>
    </word>
    <word seq="5">again<GreekSeq>2</GreekSeq>
    </word>
    <word seq="6">unto you,<GreekSeq>5</GreekSeq>
    </word>
    <word seq="7">but<GreekSeq>6</GreekSeq>
    </word>
    <word seq="8">give<GreekSeq>8</GreekSeq>
    </word>
    <word seq="9">you<GreekSeq>9</GreekSeq>
    </word>
    <word seq="10">occasion<GreekSeq>7</GreekSeq>
    </word>
    <word seq="11">to glory<GreekSeq>10</GreekSeq>
    </word>
    <word seq="12">on<GreekSeq>11</GreekSeq>
    </word>
    <word seq="13">our<GreekSeq>12</GreekSeq>
    </word>
    <word seq="14">behalf,<GreekSeq>11</GreekSeq>
    </word>
    <word seq="15">that<GreekSeq>13</GreekSeq>
    </word>
    <word seq="16">ye may have [somewhat]<GreekSeq>14</GreekSeq>
    </word>
    <word seq="17">to [answer]<GreekSeq>15</GreekSeq>
    </word>
    <word seq="18">them<GreekSeq>16</GreekSeq>
    </word>
    <word seq="19">which glory<GreekSeq>19</GreekSeq>
    </word>
    <word seq="20">in<GreekSeq>17</GreekSeq>
    </word>
    <word seq="21">appearance,<GreekSeq>18</GreekSeq>
    </word>
    <word seq="22">and<GreekSeq>20</GreekSeq>
    </word>
    <word note="Base of different Greek: οὐ(3756)" seq="23">not<GreekSeq>21</GreekSeq>
    </word>
    <word seq="24">in<GreekSeq>22</GreekSeq>
    </word>
    <word seq="25">heart.<GreekSeq>23</GreekSeq>
    </word>
   </KJV>
  </verse>
  <verse number="13">
   <KJV>
    <word seq="1">For<GreekSeq>2</GreekSeq>
    </word>
    <word seq="2">whether<GreekSeq>1</GreekSeq>
    </word>
    <word seq="3">we be beside ourselves,<GreekSeq>3</GreekSeq>
    </word>
    <word seq="4">it is</word>
    <word seq="5">to God:<GreekSeq>4</GreekSeq>
    </word>
    <word seq="6">or whether<GreekSeq>5</GreekSeq>
    </word>
    <word seq="7">we be sober,<GreekSeq>6</GreekSeq>
    </word>
    <word seq="8">it is</word>
    <word seq="9">for your [cause].<GreekSeq>7</GreekSeq>
    </word>
   </KJV>
  </verse>
  <verse number="14">
   <KJV>
    <word seq="1">For<GreekSeq>2</GreekSeq>
    </word>
    <word seq="2">the<GreekSeq>1</GreekSeq>
    </word>
    <word seq="3">love<GreekSeq>3</GreekSeq>
    </word>
    <word seq="4">of Christ<GreekSeq>5</GreekSeq>
    </word>
    <word seq="5">constraineth<GreekSeq>6</GreekSeq>
    </word>
    <word seq="6">us;<GreekSeq>7</GreekSeq>
    </word>
    <word seq="7">because<GreekSeq>10</GreekSeq>
    </word>
    <word seq="8">we<GreekSeq/>
    </word>
    <word seq="9">thus<GreekSeq>9</GreekSeq>
    </word>
    <word seq="10">judge,<GreekSeq>8</GreekSeq>
    </word>
    <word note="Base of different Greek: εἰ(1487)" seq="11">that if</word>
    <word seq="12">one<GreekSeq>11</GreekSeq>
    </word>
    <word seq="13">died<GreekSeq>14</GreekSeq>
    </word>
    <word seq="14">for<GreekSeq>12</GreekSeq>
    </word>
    <word seq="15">all,<GreekSeq>13</GreekSeq>
    </word>
    <word seq="16">then<GreekSeq>15</GreekSeq>
    </word>
    <word seq="17">were<GreekSeq/>
    </word>
    <word seq="18">all<GreekSeq>17</GreekSeq>
    </word>
    <word seq="19">dead:<GreekSeq>18</GreekSeq>
    </word>
   </KJV>
  </verse>
  <verse number="15">
   <KJV>
    <word seq="1">And<GreekSeq>1</GreekSeq>
    </word>
    <word seq="2">that</word>
    <word seq="3">he died<GreekSeq>4</GreekSeq>
    </word>
    <word seq="4">for<GreekSeq>2</GreekSeq>
    </word>
    <word seq="5">all,<GreekSeq>3</GreekSeq>
    </word>
    <word seq="6">that<GreekSeq>5</GreekSeq>
    </word>
    <word seq="7">they<GreekSeq>6</GreekSeq>
    </word>
    <word seq="8">which live<GreekSeq>7</GreekSeq>
    </word>
    <word seq="9">should<GreekSeq>10</GreekSeq>
    </word>
    <word seq="10">not henceforth<GreekSeq>8</GreekSeq>
    </word>
    <word seq="11">live<GreekSeq>10</GreekSeq>
    </word>
    <word seq="12">unto themselves,<GreekSeq>9</GreekSeq>
    </word>
    <word seq="13">but<GreekSeq>11</GreekSeq>
    </word>
    <word seq="14">unto him<GreekSeq>12</GreekSeq>
    </word>
    <word seq="15">which died<GreekSeq>15</GreekSeq>
    </word>
    <word seq="16">for<GreekSeq>13</GreekSeq>
    </word>
    <word seq="17">them,<GreekSeq>14</GreekSeq>
    </word>
    <word seq="18">and<GreekSeq>16</GreekSeq>
    </word>
    <word seq="19">rose again.<GreekSeq>17</GreekSeq>
    </word>
   </KJV>
  </verse>
  <verse number="16">
   <KJV>
    <word seq="1">Wherefore<GreekSeq>1</GreekSeq>
    </word>
    <word seq="2">henceforth<GreekSeq>3</GreekSeq>
     <GreekSeq>5</GreekSeq>
    </word>
    <word seq="3">know<GreekSeq>7</GreekSeq>
    </word>
    <word seq="4">we<GreekSeq>2</GreekSeq>
    </word>
    <word seq="5">no man<GreekSeq>6</GreekSeq>
    </word>
    <word seq="6">after<GreekSeq>8</GreekSeq>
    </word>
    <word seq="7">the flesh:<GreekSeq>9</GreekSeq>
    </word>
    <word note="Base of different Greek: δὲ(1161)" seq="8">yea,<GreekSeq>11</GreekSeq>
    </word>
    <word seq="9">though<GreekSeq>10</GreekSeq>
    </word>
    <word seq="10">we have known<GreekSeq>12</GreekSeq>
    </word>
    <word seq="11">Christ<GreekSeq>15</GreekSeq>
    </word>
    <word seq="12">after<GreekSeq>13</GreekSeq>
    </word>
    <word seq="13">the flesh,<GreekSeq>14</GreekSeq>
    </word>
    <word seq="14">yet<GreekSeq>16</GreekSeq>
    </word>
    <word seq="15">now<GreekSeq>17</GreekSeq>
    </word>
    <word seq="16">henceforth</word>
    <word seq="17">know we<GreekSeq>19</GreekSeq>
    </word>
    <word seq="18">him</word>
    <word seq="19">no more.<GreekSeq>18</GreekSeq>
    </word>
   </KJV>
  </verse>
  <verse number="17">
   <KJV>
    <word seq="1">Therefore<GreekSeq>1</GreekSeq>
    </word>
    <word seq="2">if<GreekSeq>2</GreekSeq>
    </word>
    <word seq="3">any man<GreekSeq>3</GreekSeq>
    </word>
    <word seq="4">be</word>
    <word seq="5">in<GreekSeq>4</GreekSeq>
    </word>
    <word seq="6">Christ,<GreekSeq>5</GreekSeq>
    </word>
    <word seq="7">he is<GreekSeq/>
    </word>
    <word seq="8">a new<GreekSeq>6</GreekSeq>
    </word>
    <word seq="9">creature:<GreekSeq>7</GreekSeq>
    </word>
    <word seq="10">old<GreekSeq>9</GreekSeq>
    </word>
    <word seq="11">things are passed away;<GreekSeq>10</GreekSeq>
    </word>
    <word seq="12">behold,<GreekSeq>11</GreekSeq>
    </word>
    <word note="Base of different Greek: τὰ(3588) &amp;  πάντα(3956)" seq="13">all things</word>
    <word seq="14">are become<GreekSeq>12</GreekSeq>
    </word>
    <word seq="15">new.<GreekSeq>13</GreekSeq>
    </word>
   </KJV>
  </verse>
  <verse number="18">
   <KJV>
    <word seq="1">And<GreekSeq>2</GreekSeq>
    </word>
    <word seq="2">all things <GreekSeq>1</GreekSeq>
     <GreekSeq>3</GreekSeq>
    </word>
    <word seq="3">are</word>
    <word seq="4">of<GreekSeq>4</GreekSeq>
    </word>
    <word seq="5">God,<GreekSeq>6</GreekSeq>
    </word>
    <word seq="6">who hath reconciled<GreekSeq>8</GreekSeq>
    </word>
    <word seq="7">us<GreekSeq>9</GreekSeq>
    </word>
    <word seq="8">to himself<GreekSeq>10</GreekSeq>
    </word>
    <word seq="9">by<GreekSeq>11</GreekSeq>
    </word>
    <word note="Base of different Greek: Ἰησοῦ(2424)" seq="10">Jesus</word>
    <word seq="11">Christ,<GreekSeq>12</GreekSeq>
    </word>
    <word seq="12">and<GreekSeq>13</GreekSeq>
    </word>
    <word seq="13">hath given<GreekSeq>14</GreekSeq>
    </word>
    <word seq="14">to us<GreekSeq>15</GreekSeq>
    </word>
    <word seq="15">the<GreekSeq>16</GreekSeq>
    </word>
    <word seq="16">ministry<GreekSeq>17</GreekSeq>
    </word>
    <word seq="17">of reconciliation;<GreekSeq>19</GreekSeq>
    </word>
   </KJV>
  </verse>
  <verse number="19">
   <KJV>
    <word seq="1">To wit,<GreekSeq>1</GreekSeq>
    </word>
    <word seq="2">that<GreekSeq>2</GreekSeq>
    </word>
    <word seq="3">God<GreekSeq>3</GreekSeq>
    </word>
    <word seq="4">was<GreekSeq>4</GreekSeq>
    </word>
    <word seq="5">in<GreekSeq>5</GreekSeq>
    </word>
    <word seq="6">Christ,<GreekSeq>6</GreekSeq>
    </word>
    <word seq="7">reconciling<GreekSeq>8</GreekSeq>
    </word>
    <word seq="8">the world<GreekSeq>7</GreekSeq>
    </word>
    <word seq="9">unto himself,<GreekSeq>9</GreekSeq>
    </word>
    <word seq="10">not<GreekSeq>10</GreekSeq>
    </word>
    <word seq="11">imputing<GreekSeq>11</GreekSeq>
    </word>
    <word seq="12">their<GreekSeq>15</GreekSeq>
    </word>
    <word seq="13">trespasses<GreekSeq>14</GreekSeq>
    </word>
    <word seq="14">unto them;<GreekSeq>12</GreekSeq>
    </word>
    <word seq="15">and<GreekSeq>16</GreekSeq>
    </word>
    <word seq="16">hath committed<GreekSeq>17</GreekSeq>
    </word>
    <word seq="17">unto<GreekSeq>18</GreekSeq>
    </word>
    <word seq="18">us<GreekSeq>19</GreekSeq>
    </word>
    <word seq="19">the<GreekSeq>20</GreekSeq>
    </word>
    <word seq="20">word<GreekSeq>21</GreekSeq>
    </word>
    <word seq="21">of reconciliation.<GreekSeq>23</GreekSeq>
    </word>
   </KJV>
  </verse>
  <verse number="20">
   <KJV>
    <word seq="1">Now</word>
    <word seq="2">then<GreekSeq>3</GreekSeq>
    </word>
    <word seq="3">we are ambassadors<GreekSeq>4</GreekSeq>
    </word>
    <word seq="4">for<GreekSeq>1</GreekSeq>
    </word>
    <word seq="5">Christ,<GreekSeq>2</GreekSeq>
    </word>
    <word seq="6">as though<GreekSeq>5</GreekSeq>
    </word>
    <word seq="7">God<GreekSeq>7</GreekSeq>
    </word>
    <word seq="8">did beseech<GreekSeq>8</GreekSeq>
    </word>
    <word seq="9">you</word>
    <word seq="10">by<GreekSeq>9</GreekSeq>
    </word>
    <word seq="11">us:<GreekSeq>10</GreekSeq>
    </word>
    <word seq="12">we pray<GreekSeq>11</GreekSeq>
    </word>
    <word seq="13">you</word>
    <word seq="14">in<GreekSeq>12</GreekSeq>
    </word>
    <word seq="15">Christ's<GreekSeq>13</GreekSeq>
    </word>
    <word seq="16">stead,<GreekSeq>12</GreekSeq>
    </word>
    <word seq="17">be ye reconciled<GreekSeq>14</GreekSeq>
    </word>
    <word seq="18">to God.<GreekSeq>16</GreekSeq>
    </word>
   </KJV>
  </verse>
  <verse number="21">
   <KJV>
    <word note="Base of different Greek: γὰρ(1063)" seq="1">For</word>
    <word seq="2">he hath made<GreekSeq>8</GreekSeq>
    </word>
    <word seq="3">him<GreekSeq>1</GreekSeq>
    </word>
    <word seq="4">to be</word>
    <word seq="5">sin<GreekSeq>4</GreekSeq>
    </word>
    <word seq="6">for<GreekSeq>5</GreekSeq>
    </word>
    <word seq="7">us,<GreekSeq>6</GreekSeq>
    </word>
    <word seq="8">who knew<GreekSeq>3</GreekSeq>
    </word>
    <word seq="9">no<GreekSeq>2</GreekSeq>
    </word>
    <word seq="10">sin;<GreekSeq>7</GreekSeq>
    </word>
    <word seq="11">that<GreekSeq>9</GreekSeq>
    </word>
    <word seq="12">we<GreekSeq>10</GreekSeq>
    </word>
    <word seq="13">might be made<GreekSeq>11</GreekSeq>
    </word>
    <word seq="14">the righteousness<GreekSeq>12</GreekSeq>
    </word>
    <word seq="15">of God<GreekSeq>13</GreekSeq>
    </word>
    <word seq="16">in<GreekSeq>14</GreekSeq>
    </word>
    <word seq="17">him.<GreekSeq>15</GreekSeq>
    </word>
   </KJV>
  </verse>
 </chapter>
</book>
