<?xml version="1.0" encoding="UTF-8" standalone="no"?>
<book>
 <chapter book="null" number="9">
  <verse number="1">
   <KJV>
    <word seq="1">For<GreekSeq>3</GreekSeq>
    </word>
    <word seq="2">as touching<GreekSeq>1</GreekSeq>
    </word>
    <word seq="3">the<GreekSeq>4</GreekSeq>
    </word>
    <word seq="4">ministering<GreekSeq>5</GreekSeq>
    </word>
    <word seq="5">to<GreekSeq>7</GreekSeq>
    </word>
    <word seq="6">the<GreekSeq>8</GreekSeq>
    </word>
    <word seq="7">saints,<GreekSeq>9</GreekSeq>
    </word>
    <word seq="8">it is<GreekSeq>12</GreekSeq>
    </word>
    <word seq="9">superfluous<GreekSeq>10</GreekSeq>
    </word>
    <word seq="10">for me<GreekSeq>11</GreekSeq>
    </word>
    <word seq="11">to write<GreekSeq>14</GreekSeq>
    </word>
    <word seq="12">to you:<GreekSeq>15</GreekSeq>
    </word>
   </KJV>
  </verse>
  <verse number="2">
   <KJV>
    <word seq="1">For<GreekSeq>2</GreekSeq>
    </word>
    <word seq="2">I know<GreekSeq>1</GreekSeq>
    </word>
    <word seq="3">the<GreekSeq>3</GreekSeq>
    </word>
    <word seq="4">forwardness of<GreekSeq>4</GreekSeq>
    </word>
    <word seq="5">your<GreekSeq>5</GreekSeq>
    </word>
    <word seq="6">mind,<GreekSeq>4</GreekSeq>
    </word>
    <word seq="7">for<GreekSeq>7</GreekSeq>
    </word>
    <word seq="8">which<GreekSeq>6</GreekSeq>
    </word>
    <word seq="9">I boast<GreekSeq>9</GreekSeq>
    </word>
    <word seq="10">of you<GreekSeq>8</GreekSeq>
    </word>
    <word seq="11">to them of Macedonia,<GreekSeq>10</GreekSeq>
    </word>
    <word seq="12">that<GreekSeq>11</GreekSeq>
    </word>
    <word seq="13">Achaia<GreekSeq>12</GreekSeq>
    </word>
    <word seq="14">was ready<GreekSeq>13</GreekSeq>
    </word>
    <word seq="15">a year ago;<GreekSeq>14</GreekSeq>
     <GreekSeq>15</GreekSeq>
    </word>
    <word seq="16">and<GreekSeq>16</GreekSeq>
    </word>
    <word seq="17">your<GreekSeq>18</GreekSeq>
    </word>
    <word seq="18">zeal<GreekSeq>19</GreekSeq>
    </word>
    <word seq="19">hath provoked<GreekSeq>20</GreekSeq>
    </word>
    <word seq="20">very many.<GreekSeq>22</GreekSeq>
    </word>
   </KJV>
  </verse>
  <verse number="3">
   <KJV>
    <word seq="1">Yet<GreekSeq>2</GreekSeq>
    </word>
    <word seq="2">have I sent<GreekSeq>1</GreekSeq>
    </word>
    <word seq="3">the<GreekSeq>3</GreekSeq>
    </word>
    <word seq="4">brethren,<GreekSeq>4</GreekSeq>
    </word>
    <word note="ἵνα μή Strong Code (3363)" seq="5">lest<GreekSeq>5</GreekSeq>
     <GreekSeq>6</GreekSeq>
    </word>
    <word seq="6">our<GreekSeq>9</GreekSeq>
    </word>
    <word seq="7">boasting<GreekSeq>8</GreekSeq>
    </word>
    <word seq="8">of<GreekSeq>11</GreekSeq>
    </word>
    <word seq="9">you<GreekSeq>12</GreekSeq>
    </word>
    <word seq="10">should be in vain<GreekSeq>13</GreekSeq>
    </word>
    <word seq="11">in<GreekSeq>14</GreekSeq>
    </word>
    <word seq="12">this<GreekSeq>17</GreekSeq>
    </word>
    <word seq="13">behalf;<GreekSeq>16</GreekSeq>
    </word>
    <word seq="14">that,<GreekSeq>18</GreekSeq>
    </word>
    <word seq="15">as<GreekSeq>19</GreekSeq>
    </word>
    <word seq="16">I said,<GreekSeq>20</GreekSeq>
    </word>
    <word seq="17">ye may be<GreekSeq>22</GreekSeq>
    </word>
    <word seq="18">ready:<GreekSeq>21</GreekSeq>
    </word>
   </KJV>
  </verse>
  <verse number="4">
   <KJV>
    <word seq="1">Lest<GreekSeq>1</GreekSeq>
    </word>
    <word seq="2">haply<GreekSeq>2</GreekSeq>
    </word>
    <word seq="3">if<GreekSeq>3</GreekSeq>
    </word>
    <word seq="4">they of Macedonia<GreekSeq>7</GreekSeq>
    </word>
    <word seq="5">come<GreekSeq>4</GreekSeq>
    </word>
    <word seq="6">with<GreekSeq>5</GreekSeq>
    </word>
    <word seq="7">me,<GreekSeq>6</GreekSeq>
    </word>
    <word seq="8">and<GreekSeq>8</GreekSeq>
    </word>
    <word seq="9">find<GreekSeq>9</GreekSeq>
    </word>
    <word seq="10">you<GreekSeq>10</GreekSeq>
    </word>
    <word seq="11">unprepared,<GreekSeq>11</GreekSeq>
    </word>
    <word seq="12">we<GreekSeq>13</GreekSeq>
    </word>
    <word seq="13">(that<GreekSeq>14</GreekSeq>
    </word>
    <word seq="14">we say<GreekSeq>16</GreekSeq>
    </word>
    <word seq="15">not,<GreekSeq>15</GreekSeq>
    </word>
    <word seq="16">ye )<GreekSeq>17</GreekSeq>
    </word>
    <word seq="17">should be ashamed<GreekSeq>12</GreekSeq>
    </word>
    <word seq="18">in<GreekSeq>18</GreekSeq>
    </word>
    <word seq="19">this<GreekSeq>21</GreekSeq>
    </word>
    <word seq="20">same</word>
    <word seq="21">confident<GreekSeq>20</GreekSeq>
    </word>
    <word note="Base of different Greek: καυχήσεως(2746)" seq="22">boasting.</word>
   </KJV>
  </verse>
  <verse number="5">
   <KJV>
    <word seq="1">Therefore<GreekSeq>2</GreekSeq>
    </word>
    <word seq="2">I thought<GreekSeq>3</GreekSeq>
    </word>
    <word seq="3">it</word>
    <word seq="4">necessary<GreekSeq>1</GreekSeq>
    </word>
    <word seq="5">to exhort<GreekSeq>4</GreekSeq>
    </word>
    <word seq="6">the<GreekSeq>5</GreekSeq>
    </word>
    <word seq="7">brethren,<GreekSeq>6</GreekSeq>
    </word>
    <word seq="8">that<GreekSeq>7</GreekSeq>
    </word>
    <word seq="9">they would go before<GreekSeq>8</GreekSeq>
    </word>
    <word seq="10">unto<GreekSeq>9</GreekSeq>
    </word>
    <word seq="11">you,<GreekSeq>10</GreekSeq>
    </word>
    <word seq="12">and<GreekSeq>11</GreekSeq>
    </word>
    <word seq="13">make up beforehand<GreekSeq>12</GreekSeq>
    </word>
    <word seq="14">your<GreekSeq>16</GreekSeq>
    </word>
    <word seq="15">bounty,<GreekSeq>15</GreekSeq>
    </word>
    <word seq="16">whereof<GreekSeq/>
    </word>
    <word note="Base of different Greek:  προκατηγγελμένην(4293)" seq="17">[ye] had notice before,<GreekSeq>14</GreekSeq>
    </word>
    <word seq="18">that<GreekSeq>20</GreekSeq>
    </word>
    <word seq="19">the same<GreekSeq>17</GreekSeq>
    </word>
    <word seq="20">might be<GreekSeq>19</GreekSeq>
    </word>
    <word seq="21">ready,<GreekSeq>18</GreekSeq>
    </word>
    <word seq="22">as [a matter of]<GreekSeq>21</GreekSeq>
    </word>
    <word seq="23">bounty,<GreekSeq>22</GreekSeq>
    </word>
    <word seq="24">and<GreekSeq>23</GreekSeq>
    </word>
    <word seq="25">not<GreekSeq>24</GreekSeq>
    </word>
    <word note="Base of different Greek: ὡσπερ(5618)" seq="26">as [of]<GreekSeq>25</GreekSeq>
    </word>
    <word seq="27">covetousness.<GreekSeq>26</GreekSeq>
    </word>
   </KJV>
  </verse>
  <verse number="6">
   <KJV>
    <word seq="1">But<GreekSeq>2</GreekSeq>
    </word>
    <word seq="2">this<GreekSeq>1</GreekSeq>
    </word>
    <word seq="3">I say,</word>
    <word seq="4">He<GreekSeq>3</GreekSeq>
    </word>
    <word seq="5">which soweth<GreekSeq>4</GreekSeq>
    </word>
    <word seq="6">sparingly<GreekSeq>5</GreekSeq>
    </word>
    <word seq="7">shall reap<GreekSeq>8</GreekSeq>
    </word>
    <word seq="8">also<GreekSeq>7</GreekSeq>
    </word>
    <word seq="9">sparingly;<GreekSeq>6</GreekSeq>
    </word>
    <word seq="10">and<GreekSeq>9</GreekSeq>
    </word>
    <word seq="11">he<GreekSeq>10</GreekSeq>
    </word>
    <word seq="12">which soweth<GreekSeq>11</GreekSeq>
    </word>
    <word seq="13">bountifully<GreekSeq>12</GreekSeq>
     <GreekSeq>13</GreekSeq>
    </word>
    <word seq="14">shall reap<GreekSeq>17</GreekSeq>
    </word>
    <word seq="15">also<GreekSeq>16</GreekSeq>
    </word>
    <word seq="16">bountifully.<GreekSeq>14</GreekSeq>
     <GreekSeq>15</GreekSeq>
    </word>
   </KJV>
  </verse>
  <verse number="7">
   <KJV>
    <word seq="1">Every man<GreekSeq>1</GreekSeq>
    </word>
    <word seq="2">according as<GreekSeq>2</GreekSeq>
    </word>
    <word seq="3">he purposeth<GreekSeq>3</GreekSeq>
    </word>
    <word seq="4">in [his] heart,<GreekSeq>5</GreekSeq>
    </word>
    <word seq="5">so let him give;</word>
    <word seq="6">not<GreekSeq>6</GreekSeq>
    </word>
    <word seq="7">grudgingly,<GreekSeq>7</GreekSeq>
     <GreekSeq>8</GreekSeq>
    </word>
    <word seq="8">or<GreekSeq>9</GreekSeq>
    </word>
    <word seq="9">of<GreekSeq>10</GreekSeq>
    </word>
    <word seq="10">necessity:<GreekSeq>11</GreekSeq>
    </word>
    <word seq="11">for<GreekSeq>13</GreekSeq>
    </word>
    <word seq="12">God<GreekSeq>17</GreekSeq>
    </word>
    <word seq="13">loveth<GreekSeq>15</GreekSeq>
    </word>
    <word seq="14">a cheerful<GreekSeq>12</GreekSeq>
    </word>
    <word seq="15">giver.<GreekSeq>14</GreekSeq>
    </word>
   </KJV>
  </verse>
  <verse number="8">
   <KJV>
    <word seq="1">And<GreekSeq>2</GreekSeq>
    </word>
    <word seq="2">God<GreekSeq>4</GreekSeq>
    </word>
    <word seq="3">is</word>
    <word note="Base of different Greek: δυνατὸς(1415)" seq="4">able<GreekSeq>1</GreekSeq>
    </word>
    <word seq="5">to make<GreekSeq>7</GreekSeq>
    </word>
    <word seq="6">all<GreekSeq>5</GreekSeq>
    </word>
    <word seq="7">grace<GreekSeq>6</GreekSeq>
    </word>
    <word seq="8">abound<GreekSeq>7</GreekSeq>
    </word>
    <word seq="9">toward<GreekSeq>8</GreekSeq>
    </word>
    <word seq="10">you;<GreekSeq>9</GreekSeq>
    </word>
    <word seq="11">that<GreekSeq>10</GreekSeq>
    </word>
    <word seq="12">ye,<GreekSeq>17</GreekSeq>
    </word>
    <word seq="13">always<GreekSeq>13</GreekSeq>
    </word>
    <word seq="14">having<GreekSeq>16</GreekSeq>
    </word>
    <word seq="15">all<GreekSeq>12</GreekSeq>
    </word>
    <word seq="16">sufficiency<GreekSeq>15</GreekSeq>
    </word>
    <word seq="17">in<GreekSeq>11</GreekSeq>
    </word>
    <word seq="18">all<GreekSeq>14</GreekSeq>
    </word>
    <word seq="19">things,</word>
    <word seq="20">may abound<GreekSeq>17</GreekSeq>
    </word>
    <word seq="21">to<GreekSeq>18</GreekSeq>
    </word>
    <word seq="22">every<GreekSeq>19</GreekSeq>
    </word>
    <word seq="23">good<GreekSeq>21</GreekSeq>
    </word>
    <word seq="24">work:<GreekSeq>20</GreekSeq>
    </word>
   </KJV>
  </verse>
  <verse number="9">
   <KJV>
    <word seq="1">(As<GreekSeq>1</GreekSeq>
    </word>
    <word seq="2">it is written,<GreekSeq>2</GreekSeq>
    </word>
    <word seq="3">He hath dispersed abroad;<GreekSeq>3</GreekSeq>
    </word>
    <word seq="4">he hath given<GreekSeq>4</GreekSeq>
    </word>
    <word seq="5">to the<GreekSeq>5</GreekSeq>
    </word>
    <word seq="6">poor:<GreekSeq>6</GreekSeq>
    </word>
    <word seq="7">his<GreekSeq>9</GreekSeq>
    </word>
    <word seq="8">righteousness<GreekSeq>8</GreekSeq>
    </word>
    <word seq="9">remaineth<GreekSeq>10</GreekSeq>
    </word>
    <word seq="10">for<GreekSeq>11</GreekSeq>
    </word>
    <word seq="11">ever.<GreekSeq>13</GreekSeq>
    </word>
   </KJV>
  </verse>
  <verse number="10">
   <KJV>
    <word seq="1">Now<GreekSeq>2</GreekSeq>
    </word>
    <word seq="2">he<GreekSeq>1</GreekSeq>
    </word>
    <word seq="3">that ministereth<GreekSeq>3</GreekSeq>
    </word>
    <word note="Base of different Greek: σπέρμα(4690)" seq="4">seed<GreekSeq>4</GreekSeq>
    </word>
    <word seq="5">to the<GreekSeq>5</GreekSeq>
    </word>
    <word seq="6">sower<GreekSeq>6</GreekSeq>
    </word>
    <word seq="7">both<GreekSeq>7</GreekSeq>
    </word>
    <word seq="8">minister<GreekSeq>11</GreekSeq>
    </word>
    <word seq="9">bread<GreekSeq>8</GreekSeq>
    </word>
    <word seq="10">for<GreekSeq>9</GreekSeq>
    </word>
    <word seq="11">your</word>
    <word seq="12">food,<GreekSeq>10</GreekSeq>
    </word>
    <word seq="13">and<GreekSeq>12</GreekSeq>
    </word>
    <word seq="14">multiply<GreekSeq>13</GreekSeq>
    </word>
    <word seq="15">your<GreekSeq>16</GreekSeq>
    </word>
    <word seq="16">seed<GreekSeq>15</GreekSeq>
    </word>
    <word seq="17">sown,</word>
    <word seq="18">and<GreekSeq>17</GreekSeq>
    </word>
    <word seq="19">increase<GreekSeq>18</GreekSeq>
    </word>
    <word seq="20">the<GreekSeq>19</GreekSeq>
    </word>
    <word seq="21">fruits<GreekSeq>20</GreekSeq>
    </word>
    <word seq="22">of<GreekSeq>22</GreekSeq>
    </word>
    <word seq="23">your<GreekSeq>23</GreekSeq>
    </word>
    <word seq="24">righteousness;)<GreekSeq>22</GreekSeq>
    </word>
   </KJV>
  </verse>
  <verse number="11">
   <KJV>
    <word seq="1">Being enriched<GreekSeq>3</GreekSeq>
    </word>
    <word seq="2">in<GreekSeq>1</GreekSeq>
    </word>
    <word seq="3">every thing<GreekSeq>2</GreekSeq>
    </word>
    <word seq="4">to<GreekSeq>4</GreekSeq>
    </word>
    <word seq="5">all<GreekSeq>5</GreekSeq>
    </word>
    <word seq="6">bountifulness,<GreekSeq>6</GreekSeq>
    </word>
    <word seq="7">which<GreekSeq>7</GreekSeq>
    </word>
    <word seq="8">causeth<GreekSeq>8</GreekSeq>
    </word>
    <word seq="9">through<GreekSeq>9</GreekSeq>
    </word>
    <word seq="10">us<GreekSeq>10</GreekSeq>
    </word>
    <word seq="11">thanksgiving<GreekSeq>11</GreekSeq>
    </word>
    <word seq="12">to God.<GreekSeq>13</GreekSeq>
    </word>
   </KJV>
  </verse>
  <verse number="12">
   <KJV>
    <word seq="1">For<GreekSeq>1</GreekSeq>
    </word>
    <word seq="2">the<GreekSeq>2</GreekSeq>
    </word>
    <word seq="3">administration<GreekSeq>3</GreekSeq>
    </word>
    <word seq="4">of this<GreekSeq>6</GreekSeq>
    </word>
    <word seq="5">service<GreekSeq>5</GreekSeq>
    </word>
    <word seq="6">not<GreekSeq>7</GreekSeq>
    </word>
    <word seq="7">only<GreekSeq>8</GreekSeq>
    </word>
    <word seq="8">supplieth<GreekSeq>10</GreekSeq>
    </word>
    <word seq="9">the<GreekSeq>11</GreekSeq>
    </word>
    <word seq="10">want<GreekSeq>12</GreekSeq>
    </word>
    <word seq="11">of the<GreekSeq>13</GreekSeq>
    </word>
    <word seq="12">saints,<GreekSeq>14</GreekSeq>
    </word>
    <word seq="13">but<GreekSeq>15</GreekSeq>
    </word>
    <word seq="14">is abundant<GreekSeq>17</GreekSeq>
    </word>
    <word seq="15">also<GreekSeq>16</GreekSeq>
    </word>
    <word seq="16">by<GreekSeq>18</GreekSeq>
    </word>
    <word seq="17">many<GreekSeq>19</GreekSeq>
    </word>
    <word seq="18">thanksgivings<GreekSeq>20</GreekSeq>
    </word>
    <word seq="19">unto God;<GreekSeq>22</GreekSeq>
    </word>
   </KJV>
  </verse>
  <verse number="13">
   <KJV>
    <word seq="1">Whiles<GreekSeq/>
    </word>
    <word seq="2">by<GreekSeq>1</GreekSeq>
    </word>
    <word seq="3">the<GreekSeq>2</GreekSeq>
    </word>
    <word seq="4">experiment<GreekSeq>3</GreekSeq>
    </word>
    <word seq="5">of this<GreekSeq>6</GreekSeq>
    </word>
    <word seq="6">ministration<GreekSeq>5</GreekSeq>
    </word>
    <word seq="7">they glorify<GreekSeq>7</GreekSeq>
    </word>
    <word seq="8">God<GreekSeq>9</GreekSeq>
    </word>
    <word seq="9">for<GreekSeq>10</GreekSeq>
    </word>
    <word seq="10">your<GreekSeq>15</GreekSeq>
    </word>
    <word seq="11">professed<GreekSeq>14</GreekSeq>
    </word>
    <word seq="12">subjection<GreekSeq>12</GreekSeq>
    </word>
    <word seq="13">unto<GreekSeq>16</GreekSeq>
    </word>
    <word seq="14">the<GreekSeq>17</GreekSeq>
    </word>
    <word seq="15">gospel<GreekSeq>18</GreekSeq>
    </word>
    <word seq="16">of Christ,<GreekSeq>20</GreekSeq>
    </word>
    <word seq="17">and<GreekSeq>21</GreekSeq>
    </word>
    <word seq="18">for your</word>
    <word seq="19">liberal<GreekSeq>22</GreekSeq>
    </word>
    <word seq="20">distribution<GreekSeq>24</GreekSeq>
    </word>
    <word seq="21">unto<GreekSeq>25</GreekSeq>
    </word>
    <word seq="22">them,<GreekSeq>26</GreekSeq>
    </word>
    <word seq="23">and<GreekSeq>27</GreekSeq>
    </word>
    <word seq="24">unto<GreekSeq>28</GreekSeq>
    </word>
    <word seq="25">all men;<GreekSeq>29</GreekSeq>
    </word>
   </KJV>
  </verse>
  <verse number="14">
   <KJV>
    <word seq="1">And<GreekSeq>1</GreekSeq>
    </word>
    <word seq="2">by<GreekSeq>3</GreekSeq>
    </word>
    <word seq="3">their<GreekSeq>2</GreekSeq>
    </word>
    <word seq="4">prayer<GreekSeq>3</GreekSeq>
    </word>
    <word seq="5">for<GreekSeq>4</GreekSeq>
    </word>
    <word seq="6">you,<GreekSeq>5</GreekSeq>
    </word>
    <word seq="7">which long after<GreekSeq>6</GreekSeq>
    </word>
    <word seq="8">you<GreekSeq>7</GreekSeq>
    </word>
    <word seq="9">for<GreekSeq>8</GreekSeq>
    </word>
    <word seq="10">the<GreekSeq>9</GreekSeq>
    </word>
    <word seq="11">exceeding<GreekSeq>10</GreekSeq>
    </word>
    <word seq="12">grace<GreekSeq>11</GreekSeq>
    </word>
    <word seq="13">of God<GreekSeq>13</GreekSeq>
    </word>
    <word seq="14">in<GreekSeq>14</GreekSeq>
    </word>
    <word seq="15">you.<GreekSeq>15</GreekSeq>
    </word>
   </KJV>
  </verse>
  <verse number="15">
   <KJV>
    <word seq="1">Thanks<GreekSeq>1</GreekSeq>
    </word>
    <word seq="2">be</word>
    <word seq="3">unto God<GreekSeq>3</GreekSeq>
    </word>
    <word seq="4">for<GreekSeq>4</GreekSeq>
    </word>
    <word seq="5">his<GreekSeq>7</GreekSeq>
    </word>
    <word seq="6">unspeakable<GreekSeq>6</GreekSeq>
    </word>
    <word seq="7">gift.<GreekSeq>8</GreekSeq>
    </word>
   </KJV>
  </verse>
 </chapter>
</book>
