<?xml version="1.0" encoding="UTF-8" standalone="no"?>
<book>
 <chapter book="null" number="1">
  <verse number="1">
   <KJV>
    <word seq="1">The<GreekSeq>1</GreekSeq>
    </word>
    <word seq="2">elder<GreekSeq>2</GreekSeq>
    </word>
    <word seq="3">unto the elect<GreekSeq>3</GreekSeq>
    </word>
    <word seq="4">lady<GreekSeq>4</GreekSeq>
    </word>
    <word seq="5">and<GreekSeq>5</GreekSeq>
    </word>
    <word seq="6">her<GreekSeq>8</GreekSeq>
    </word>
    <word seq="7">children,<GreekSeq>7</GreekSeq>
    </word>
    <word seq="8">whom<GreekSeq>9</GreekSeq>
    </word>
    <word seq="9">I<GreekSeq>10</GreekSeq>
    </word>
    <word seq="10">love<GreekSeq>11</GreekSeq>
    </word>
    <word seq="11">in<GreekSeq>12</GreekSeq>
    </word>
    <word seq="12">the truth;<GreekSeq>13</GreekSeq>
    </word>
    <word seq="13">and<GreekSeq>14</GreekSeq>
    </word>
    <word seq="14">not<GreekSeq>15</GreekSeq>
    </word>
    <word seq="15">I<GreekSeq>16</GreekSeq>
    </word>
    <word seq="16">only,<GreekSeq>17</GreekSeq>
    </word>
    <word seq="17">but<GreekSeq>18</GreekSeq>
    </word>
    <word seq="18">also<GreekSeq>19</GreekSeq>
    </word>
    <word seq="19">all<GreekSeq>20</GreekSeq>
    </word>
    <word seq="20">they<GreekSeq>21</GreekSeq>
    </word>
    <word seq="21">that have known<GreekSeq>22</GreekSeq>
    </word>
    <word seq="22">the<GreekSeq>23</GreekSeq>
    </word>
    <word seq="23">truth;<GreekSeq>24</GreekSeq>
    </word>
   </KJV>
  </verse>
  <verse number="2">
   <KJV>
    <word seq="1">for<GreekSeq>1</GreekSeq>
    </word>
    <word seq="2">the<GreekSeq>2</GreekSeq>
    </word>
    <word seq="3">truth's<GreekSeq>3</GreekSeq>
    </word>
    <word seq="4">sake,<GreekSeq>1</GreekSeq>
    </word>
    <word seq="5">which dwelleth<GreekSeq>5</GreekSeq>
    </word>
    <word seq="6">in<GreekSeq>6</GreekSeq>
    </word>
    <word seq="7">us,<GreekSeq>7</GreekSeq>
    </word>
    <word seq="8">and<GreekSeq>8</GreekSeq>
    </word>
    <word seq="9">shall be<GreekSeq>11</GreekSeq>
    </word>
    <word seq="10">with<GreekSeq>9</GreekSeq>
    </word>
    <word seq="11">us<GreekSeq>10</GreekSeq>
    </word>
    <word seq="12">for ever.<GreekSeq>12</GreekSeq>
     <GreekSeq>13</GreekSeq>
     <GreekSeq>14</GreekSeq>
    </word>
   </KJV>
  </verse>
  <verse number="3">
   <KJV>
    <word seq="1">Grace<GreekSeq>4</GreekSeq>
    </word>
    <word seq="2">be<GreekSeq>1</GreekSeq>
    </word>
    <word seq="3">with<GreekSeq>2</GreekSeq>
    </word>
    <word note="Base of different Greek: ὑμῶν(5216)" seq="4">you,<GreekSeq>3</GreekSeq>
    </word>
    <word seq="5">mercy,<GreekSeq>5</GreekSeq>
    </word>
    <word seq="6">and</word>
    <word seq="7">peace,<GreekSeq>6</GreekSeq>
    </word>
    <word seq="8">from<GreekSeq>7</GreekSeq>
    </word>
    <word seq="9">God<GreekSeq>8</GreekSeq>
    </word>
    <word seq="10">the Father,<GreekSeq>9</GreekSeq>
    </word>
    <word seq="11">and<GreekSeq>10</GreekSeq>
    </word>
    <word seq="12">from<GreekSeq>11</GreekSeq>
    </word>
    <word note="Base of different Greek: Κυρίου(2962)" seq="13">the Lord</word>
    <word seq="14">Jesus<GreekSeq>12</GreekSeq>
    </word>
    <word seq="15">Christ,<GreekSeq>13</GreekSeq>
    </word>
    <word seq="16">the<GreekSeq>14</GreekSeq>
    </word>
    <word seq="17">Son<GreekSeq>15</GreekSeq>
    </word>
    <word seq="18">of the<GreekSeq>16</GreekSeq>
    </word>
    <word seq="19">Father,<GreekSeq>17</GreekSeq>
    </word>
    <word seq="20">in<GreekSeq>18</GreekSeq>
    </word>
    <word seq="21">truth<GreekSeq>19</GreekSeq>
    </word>
    <word seq="22">and<GreekSeq>20</GreekSeq>
    </word>
    <word seq="23">love.<GreekSeq>21</GreekSeq>
    </word>
   </KJV>
  </verse>
  <verse number="4">
   <KJV>
    <word seq="1">I rejoiced<GreekSeq>1</GreekSeq>
    </word>
    <word seq="2">greatly<GreekSeq>2</GreekSeq>
    </word>
    <word seq="3">that<GreekSeq>3</GreekSeq>
    </word>
    <word seq="4">I found<GreekSeq>4</GreekSeq>
    </word>
    <word seq="5">of<GreekSeq>5</GreekSeq>
    </word>
    <word seq="6">thy<GreekSeq>8</GreekSeq>
    </word>
    <word seq="7">children<GreekSeq>7</GreekSeq>
    </word>
    <word seq="8">walking<GreekSeq>9</GreekSeq>
    </word>
    <word seq="9">in<GreekSeq>10</GreekSeq>
    </word>
    <word seq="10">truth,<GreekSeq>11</GreekSeq>
    </word>
    <word seq="11">as<GreekSeq>12</GreekSeq>
    </word>
    <word seq="12">we have received<GreekSeq>14</GreekSeq>
    </word>
    <word seq="13">a commandment<GreekSeq>13</GreekSeq>
    </word>
    <word seq="14">from<GreekSeq>15</GreekSeq>
    </word>
    <word seq="15">the<GreekSeq>16</GreekSeq>
    </word>
    <word seq="16">Father.<GreekSeq>17</GreekSeq>
    </word>
   </KJV>
  </verse>
  <verse number="5">
   <KJV>
    <word seq="1">And<GreekSeq>1</GreekSeq>
    </word>
    <word seq="2">now<GreekSeq>2</GreekSeq>
    </word>
    <word seq="3">I beseech<GreekSeq>3</GreekSeq>
    </word>
    <word seq="4">thee,<GreekSeq>4</GreekSeq>
    </word>
    <word seq="5">lady,<GreekSeq>5</GreekSeq>
    </word>
    <word seq="6">not<GreekSeq>6</GreekSeq>
    </word>
    <word seq="7">as though<GreekSeq>7</GreekSeq>
    </word>
    <word seq="8">I wrote<GreekSeq>10</GreekSeq>
    </word>
    <word seq="9">a new<GreekSeq>9</GreekSeq>
    </word>
    <word seq="10">commandment<GreekSeq>8</GreekSeq>
    </word>
    <word seq="11">unto thee,<GreekSeq>11</GreekSeq>
    </word>
    <word seq="12">but<GreekSeq>12</GreekSeq>
    </word>
    <word seq="13">that which<GreekSeq>13</GreekSeq>
    </word>
    <word seq="14">we had<GreekSeq>14</GreekSeq>
    </word>
    <word seq="15">from<GreekSeq>15</GreekSeq>
    </word>
    <word seq="16">the beginning,<GreekSeq>16</GreekSeq>
    </word>
    <word seq="17">that<GreekSeq>17</GreekSeq>
    </word>
    <word seq="18">we love<GreekSeq>18</GreekSeq>
    </word>
    <word seq="19">one another.<GreekSeq>19</GreekSeq>
    </word>
   </KJV>
  </verse>
  <verse number="6">
   <KJV>
    <word seq="1">And<GreekSeq>1</GreekSeq>
    </word>
    <word seq="2">this<GreekSeq>2</GreekSeq>
    </word>
    <word seq="3">is<GreekSeq>3</GreekSeq>
    </word>
    <word seq="4">love,<GreekSeq>5</GreekSeq>
    </word>
    <word seq="5">that<GreekSeq>6</GreekSeq>
    </word>
    <word seq="6">we walk<GreekSeq>7</GreekSeq>
    </word>
    <word seq="7">after<GreekSeq>8</GreekSeq>
    </word>
    <word seq="8">his<GreekSeq>11</GreekSeq>
    </word>
    <word seq="9">commandments.<GreekSeq>10</GreekSeq>
    </word>
    <word seq="10">This<GreekSeq>12</GreekSeq>
    </word>
    <word seq="11">is<GreekSeq>15</GreekSeq>
    </word>
    <word seq="12">the<GreekSeq>13</GreekSeq>
    </word>
    <word seq="13">commandment,<GreekSeq>14</GreekSeq>
    </word>
    <word seq="14">That,<GreekSeq>20</GreekSeq>
    </word>
    <word seq="15">as<GreekSeq>16</GreekSeq>
    </word>
    <word seq="16">ye have heard<GreekSeq>17</GreekSeq>
    </word>
    <word seq="17">from<GreekSeq>18</GreekSeq>
    </word>
    <word seq="18">the beginning,<GreekSeq>19</GreekSeq>
    </word>
    <word seq="19">ye should walk<GreekSeq>23</GreekSeq>
    </word>
    <word seq="20">in<GreekSeq>21</GreekSeq>
    </word>
    <word seq="21">it.<GreekSeq>22</GreekSeq>
    </word>
   </KJV>
  </verse>
  <verse number="7">
   <KJV>
    <word seq="1">For<GreekSeq>1</GreekSeq>
    </word>
    <word seq="2">many<GreekSeq>2</GreekSeq>
    </word>
    <word seq="3">deceivers<GreekSeq>3</GreekSeq>
    </word>
    <word note="Base of different Greek: εἰσῆλθον(1525)" seq="4">are entered<GreekSeq>4</GreekSeq>
    </word>
    <word seq="5">into<GreekSeq>5</GreekSeq>
    </word>
    <word seq="6">the<GreekSeq>6</GreekSeq>
    </word>
    <word seq="7">world,<GreekSeq>7</GreekSeq>
    </word>
    <word seq="8">who<GreekSeq>8</GreekSeq>
    </word>
    <word seq="9">confess<GreekSeq>10</GreekSeq>
    </word>
    <word seq="10">not<GreekSeq>9</GreekSeq>
    </word>
    <word seq="11">that</word>
    <word seq="12">Jesus<GreekSeq>11</GreekSeq>
    </word>
    <word seq="13">Christ<GreekSeq>12</GreekSeq>
    </word>
    <word seq="14">is come<GreekSeq>13</GreekSeq>
    </word>
    <word seq="15">in<GreekSeq>14</GreekSeq>
    </word>
    <word seq="16">the flesh.<GreekSeq>15</GreekSeq>
    </word>
    <word seq="17">This<GreekSeq>16</GreekSeq>
    </word>
    <word seq="18">is<GreekSeq>17</GreekSeq>
    </word>
    <word seq="19">a<GreekSeq>18</GreekSeq>
    </word>
    <word seq="20">deceiver<GreekSeq>19</GreekSeq>
    </word>
    <word seq="21">and<GreekSeq>20</GreekSeq>
    </word>
    <word seq="22">an<GreekSeq>21</GreekSeq>
    </word>
    <word seq="23">antichrist.<GreekSeq>22</GreekSeq>
    </word>
   </KJV>
  </verse>
  <verse number="8">
   <KJV>
    <word seq="1">Look<GreekSeq>1</GreekSeq>
    </word>
    <word seq="2">to yourselves,<GreekSeq>2</GreekSeq>
    </word>
    <word seq="3">that<GreekSeq>3</GreekSeq>
    </word>
    <word seq="4">we lose<GreekSeq>5</GreekSeq>
    </word>
    <word seq="5">not<GreekSeq>4</GreekSeq>
    </word>
    <word seq="6">those things which<GreekSeq>6</GreekSeq>
    </word>
    <word seq="7">we have wrought,<GreekSeq>7</GreekSeq>
    </word>
    <word seq="8">but<GreekSeq>8</GreekSeq>
    </word>
    <word seq="9">that</word>
    <word note="base on Greek: απολαβωμεν(G618)(vsaa1p)" seq="10">we receive<GreekSeq>11</GreekSeq>
    </word>
    <word seq="11">a full<GreekSeq>10</GreekSeq>
    </word>
    <word seq="12">reward.<GreekSeq>9</GreekSeq>
    </word>
   </KJV>
  </verse>
  <verse number="9">
   <KJV>
    <word seq="1">Whosoever <GreekSeq>1</GreekSeq>
     <GreekSeq>2</GreekSeq>
    </word>
    <word note="Base of different Greek: παραβαίνω(3845)" seq="2">transgresseth,<GreekSeq>3</GreekSeq>
    </word>
    <word seq="3">and<GreekSeq>4</GreekSeq>
    </word>
    <word seq="4">abideth<GreekSeq>6</GreekSeq>
    </word>
    <word seq="5">not<GreekSeq>5</GreekSeq>
    </word>
    <word seq="6">in<GreekSeq>7</GreekSeq>
    </word>
    <word seq="7">the<GreekSeq>8</GreekSeq>
    </word>
    <word seq="8">doctrine<GreekSeq>9</GreekSeq>
    </word>
    <word seq="9">of Christ,<GreekSeq>11</GreekSeq>
    </word>
    <word seq="10">hath<GreekSeq>14</GreekSeq>
    </word>
    <word seq="11">not<GreekSeq>13</GreekSeq>
    </word>
    <word seq="12">God.<GreekSeq>12</GreekSeq>
    </word>
    <word seq="13">He<GreekSeq>15</GreekSeq>
    </word>
    <word seq="14">that abideth<GreekSeq>16</GreekSeq>
    </word>
    <word seq="15">in<GreekSeq>17</GreekSeq>
    </word>
    <word seq="16">the<GreekSeq>18</GreekSeq>
    </word>
    <word seq="17">doctrine<GreekSeq>19</GreekSeq>
    </word>
    <word note="Base of different Greek:  Χριστοῦ(5547)" seq="18">of Christ,</word>
    <word seq="19">he<GreekSeq>20</GreekSeq>
    </word>
    <word seq="20">hath<GreekSeq>27</GreekSeq>
    </word>
    <word seq="21">both<GreekSeq>21</GreekSeq>
    </word>
    <word seq="22">the<GreekSeq>22</GreekSeq>
    </word>
    <word seq="23">Father<GreekSeq>23</GreekSeq>
    </word>
    <word seq="24">and<GreekSeq>24</GreekSeq>
    </word>
    <word seq="25">the<GreekSeq>25</GreekSeq>
    </word>
    <word seq="26">Son.<GreekSeq>26</GreekSeq>
    </word>
   </KJV>
  </verse>
  <verse number="10">
   <KJV>
    <word seq="1">If<GreekSeq>1</GreekSeq>
    </word>
    <word seq="2">there come<GreekSeq>3</GreekSeq>
    </word>
    <word seq="3">any<GreekSeq>2</GreekSeq>
    </word>
    <word seq="4">unto<GreekSeq>4</GreekSeq>
    </word>
    <word seq="5">you,<GreekSeq>5</GreekSeq>
    </word>
    <word seq="6">and<GreekSeq>6</GreekSeq>
    </word>
    <word seq="7">bring<GreekSeq>11</GreekSeq>
    </word>
    <word seq="8">not<GreekSeq>10</GreekSeq>
    </word>
    <word seq="9">this<GreekSeq>7</GreekSeq>
    </word>
    <word seq="10">doctrine,<GreekSeq>9</GreekSeq>
    </word>
    <word seq="11">receive<GreekSeq>13</GreekSeq>
    </word>
    <word seq="12">him<GreekSeq>14</GreekSeq>
    </word>
    <word seq="13">not<GreekSeq>12</GreekSeq>
    </word>
    <word seq="14">into<GreekSeq>15</GreekSeq>
    </word>
    <word seq="15">your</word>
    <word seq="16">house,<GreekSeq>16</GreekSeq>
    </word>
    <word seq="17">neither<GreekSeq>17</GreekSeq>
     <GreekSeq>20</GreekSeq>
    </word>
    <word seq="18">bid<GreekSeq>21</GreekSeq>
    </word>
    <word seq="19">him<GreekSeq>19</GreekSeq>
    </word>
    <word seq="20">God speed:<GreekSeq>18</GreekSeq>
    </word>
   </KJV>
  </verse>
  <verse number="11">
   <KJV>
    <word seq="1">for<GreekSeq>3</GreekSeq>
    </word>
    <word seq="2">he<GreekSeq>1</GreekSeq>
    </word>
    <word seq="3">that biddeth<GreekSeq>2</GreekSeq>
    </word>
    <word seq="4">him<GreekSeq>4</GreekSeq>
    </word>
    <word seq="5">God speed<GreekSeq>5</GreekSeq>
    </word>
    <word seq="6">is partaker of<GreekSeq>6</GreekSeq>
    </word>
    <word seq="7">his<GreekSeq>9</GreekSeq>
    </word>
    <word seq="8">evil<GreekSeq>11</GreekSeq>
    </word>
    <word seq="9">deeds.<GreekSeq>8</GreekSeq>
    </word>
   </KJV>
  </verse>
  <verse number="12">
   <KJV>
    <word seq="1">Having<GreekSeq>2</GreekSeq>
    </word>
    <word seq="2">many things<GreekSeq>1</GreekSeq>
    </word>
    <word seq="3">to write<GreekSeq>4</GreekSeq>
    </word>
    <word seq="4">unto you,<GreekSeq>3</GreekSeq>
    </word>
    <word seq="5">I would<GreekSeq>6</GreekSeq>
    </word>
    <word seq="6">not<GreekSeq>5</GreekSeq>
    </word>
    <word seq="7">write</word>
    <word seq="8">with<GreekSeq>7</GreekSeq>
    </word>
    <word seq="9">paper<GreekSeq>8</GreekSeq>
    </word>
    <word seq="10">and<GreekSeq>9</GreekSeq>
    </word>
    <word seq="11">ink:<GreekSeq>10</GreekSeq>
    </word>
    <word seq="12">but<GreekSeq>11</GreekSeq>
    </word>
    <word seq="13">I trust<GreekSeq>12</GreekSeq>
    </word>
    <word note="Base of different Greek: ἐλθεῖν(2064)" seq="14">to come<GreekSeq>13</GreekSeq>
    </word>
    <word seq="15">unto<GreekSeq>14</GreekSeq>
    </word>
    <word seq="16">you,<GreekSeq>15</GreekSeq>
    </word>
    <word seq="17">and<GreekSeq>16</GreekSeq>
    </word>
    <word seq="18">speak<GreekSeq>20</GreekSeq>
    </word>
    <word seq="19">face<GreekSeq>17</GreekSeq>
    </word>
    <word seq="20">to<GreekSeq>18</GreekSeq>
    </word>
    <word seq="21">face,<GreekSeq>19</GreekSeq>
    </word>
    <word seq="22">that<GreekSeq>21</GreekSeq>
    </word>
    <word seq="23">our<GreekSeq>24</GreekSeq>
    </word>
    <word seq="24">joy<GreekSeq>23</GreekSeq>
    </word>
    <word seq="25">may be<GreekSeq>26</GreekSeq>
    </word>
    <word seq="26">full.<GreekSeq>25</GreekSeq>
    </word>
   </KJV>
  </verse>
  <verse number="13">
   <KJV>
    <word seq="1">The<GreekSeq>3</GreekSeq>
    </word>
    <word seq="2">children<GreekSeq>4</GreekSeq>
    </word>
    <word seq="3">of<GreekSeq>9</GreekSeq>
    </word>
    <word seq="4">thy<GreekSeq>7</GreekSeq>
    </word>
    <word seq="5">elect<GreekSeq>9</GreekSeq>
    </word>
    <word seq="6">sister<GreekSeq>6</GreekSeq>
    </word>
    <word seq="7">greet<GreekSeq>1</GreekSeq>
    </word>
    <word seq="8">thee.<GreekSeq>2</GreekSeq>
    </word>
    <word note="Base of different Greek: ἀμήν(281)" seq="9">Amen</word>
   </KJV>
  </verse>
 </chapter>
</book>
