<?xml version="1.0" encoding="UTF-8" standalone="no"?>
<book>
 <chapter book="null" number="3">
  <verse number="1">
   <KJV>
    <word seq="1">This<GreekSeq>1</GreekSeq>
    </word>
    <word seq="2">second<GreekSeq>4</GreekSeq>
    </word>
    <word seq="3">epistle,<GreekSeq>7</GreekSeq>
    </word>
    <word seq="4">beloved,<GreekSeq>3</GreekSeq>
    </word>
    <word seq="5">I<GreekSeq>6</GreekSeq>
    </word>
    <word seq="6">now<GreekSeq>2</GreekSeq>
    </word>
    <word seq="7">write<GreekSeq>6</GreekSeq>
    </word>
    <word seq="8">unto you;<GreekSeq>5</GreekSeq>
    </word>
    <word seq="9">in<GreekSeq>8</GreekSeq>
    </word>
    <word seq="10">[both] which<GreekSeq>9</GreekSeq>
    </word>
    <word seq="11">I stir up<GreekSeq>10</GreekSeq>
    </word>
    <word seq="12">your<GreekSeq>11</GreekSeq>
    </word>
    <word seq="13">pure<GreekSeq>15</GreekSeq>
    </word>
    <word seq="14">minds<GreekSeq>16</GreekSeq>
    </word>
    <word seq="15">by [way of]<GreekSeq>12</GreekSeq>
    </word>
    <word seq="16">remembrance:<GreekSeq>13</GreekSeq>
    </word>
   </KJV>
  </verse>
  <verse number="2">
   <KJV>
    <word seq="1">That ye <GreekSeq/>
    </word>
    <word seq="2">may be mindful<GreekSeq>1</GreekSeq>
    </word>
    <word seq="3">of the<GreekSeq>2</GreekSeq>
    </word>
    <word seq="4">words<GreekSeq>4</GreekSeq>
    </word>
    <word seq="5">which were spoken before<GreekSeq>3</GreekSeq>
    </word>
    <word seq="6">by<GreekSeq>5</GreekSeq>
    </word>
    <word seq="7">the<GreekSeq>6</GreekSeq>
    </word>
    <word seq="8">holy<GreekSeq>7</GreekSeq>
    </word>
    <word seq="9">prophets,<GreekSeq>8</GreekSeq>
    </word>
    <word seq="10">and<GreekSeq>9</GreekSeq>
    </word>
    <word seq="11">of the<GreekSeq>10</GreekSeq>
    </word>
    <word seq="12">commandment of<GreekSeq>14</GreekSeq>
    </word>
    <word note="Base of different Greek: ἡμῶν(2257)" seq="13">us<GreekSeq>13</GreekSeq>
    </word>
    <word seq="14">the<GreekSeq>11</GreekSeq>
    </word>
    <word seq="15">apostles of<GreekSeq>12</GreekSeq>
    </word>
    <word seq="16">the<GreekSeq>15</GreekSeq>
    </word>
    <word seq="17">Lord<GreekSeq>16</GreekSeq>
    </word>
    <word seq="18">and<GreekSeq>17</GreekSeq>
    </word>
    <word seq="19">Saviour:<GreekSeq>18</GreekSeq>
    </word>
   </KJV>
  </verse>
  <verse number="3">
   <KJV>
    <word seq="1">Knowing<GreekSeq>3</GreekSeq>
    </word>
    <word seq="2">this<GreekSeq>1</GreekSeq>
    </word>
    <word seq="3">first,<GreekSeq>2</GreekSeq>
    </word>
    <word seq="4">that<GreekSeq>4</GreekSeq>
    </word>
    <word seq="5">there shall come<GreekSeq>5</GreekSeq>
    </word>
    <word seq="6">in<GreekSeq>6</GreekSeq>
    </word>
    <word seq="7">the<GreekSeq>8</GreekSeq>
    </word>
    <word seq="8">last<GreekSeq>7</GreekSeq>
    </word>
    <word seq="9">days<GreekSeq>9</GreekSeq>
    </word>
    <word seq="10">scoffers,<GreekSeq>12</GreekSeq>
    </word>
    <word seq="11">walking<GreekSeq>18</GreekSeq>
    </word>
    <word seq="12">after<GreekSeq>13</GreekSeq>
    </word>
    <word seq="13">their<GreekSeq>17</GreekSeq>
    </word>
    <word seq="14">own<GreekSeq>15</GreekSeq>
    </word>
    <word seq="15">lusts,<GreekSeq>16</GreekSeq>
    </word>
   </KJV>
  </verse>
  <verse number="4">
   <KJV>
    <word seq="1">And<GreekSeq>1</GreekSeq>
    </word>
    <word seq="2">saying,<GreekSeq>2</GreekSeq>
    </word>
    <word seq="3">Where<GreekSeq>3</GreekSeq>
    </word>
    <word seq="4">is<GreekSeq>4</GreekSeq>
    </word>
    <word seq="5">the<GreekSeq>5</GreekSeq>
    </word>
    <word seq="6">promise<GreekSeq>6</GreekSeq>
    </word>
    <word seq="7">of<GreekSeq>8</GreekSeq>
    </word>
    <word seq="8">his<GreekSeq>9</GreekSeq>
    </word>
    <word seq="9">coming?<GreekSeq>8</GreekSeq>
    </word>
    <word seq="10">for<GreekSeq>12</GreekSeq>
    </word>
    <word seq="11">since<GreekSeq>10</GreekSeq>
     <GreekSeq>11</GreekSeq>
    </word>
    <word seq="12">the<GreekSeq>13</GreekSeq>
    </word>
    <word seq="13">fathers<GreekSeq>14</GreekSeq>
    </word>
    <word seq="14">fell asleep,<GreekSeq>15</GreekSeq>
    </word>
    <word seq="15">all<GreekSeq>16</GreekSeq>
    </word>
    <word seq="16">things continue<GreekSeq>18</GreekSeq>
    </word>
    <word seq="17">as<GreekSeq>17</GreekSeq>
    </word>
    <word seq="18">they were</word>
    <word seq="19">from<GreekSeq>19</GreekSeq>
    </word>
    <word seq="20">the beginning<GreekSeq>20</GreekSeq>
    </word>
    <word seq="21">of the creation.<GreekSeq>21</GreekSeq>
    </word>
   </KJV>
  </verse>
  <verse number="5">
   <KJV>
    <word seq="1">For<GreekSeq>2</GreekSeq>
    </word>
    <word seq="2">this<GreekSeq>4</GreekSeq>
    </word>
    <word seq="3">they<GreekSeq>3</GreekSeq>
    </word>
    <word seq="4">willingly<GreekSeq>5</GreekSeq>
    </word>
    <word seq="5">are ignorant of,<GreekSeq>1</GreekSeq>
    </word>
    <word seq="6">that<GreekSeq>6</GreekSeq>
    </word>
    <word seq="7">by the<GreekSeq>18</GreekSeq>
    </word>
    <word seq="8">word<GreekSeq>21</GreekSeq>
    </word>
    <word seq="9">of God<GreekSeq>20</GreekSeq>
    </word>
    <word seq="10">the heavens<GreekSeq>7</GreekSeq>
    </word>
    <word seq="11">were<GreekSeq>8</GreekSeq>
    </word>
    <word seq="12">of old,<GreekSeq>9</GreekSeq>
    </word>
    <word seq="13">and<GreekSeq>10</GreekSeq>
    </word>
    <word seq="14">the earth<GreekSeq>11</GreekSeq>
    </word>
    <word seq="15">standing<GreekSeq>17</GreekSeq>
    </word>
    <word seq="16">out of<GreekSeq>12</GreekSeq>
    </word>
    <word seq="17">the water<GreekSeq>13</GreekSeq>
    </word>
    <word seq="18">and<GreekSeq>14</GreekSeq>
    </word>
    <word seq="19">in<GreekSeq>15</GreekSeq>
    </word>
    <word seq="20">the water:<GreekSeq>16</GreekSeq>
    </word>
   </KJV>
  </verse>
  <verse number="6">
   <KJV>
    <word seq="1">Whereby<GreekSeq>1</GreekSeq>
     <GreekSeq>2</GreekSeq>
    </word>
    <word seq="2">the<GreekSeq>3</GreekSeq>
    </word>
    <word seq="3">world<GreekSeq>5</GreekSeq>
    </word>
    <word seq="4">that</word>
    <word seq="5">then<GreekSeq>4</GreekSeq>
    </word>
    <word seq="6">was,</word>
    <word seq="7">being overflowed<GreekSeq>7</GreekSeq>
    </word>
    <word seq="8">with water,<GreekSeq>6</GreekSeq>
    </word>
    <word seq="9">perished:<GreekSeq>8</GreekSeq>
    </word>
   </KJV>
  </verse>
  <verse number="7">
   <KJV>
    <word seq="1">But<GreekSeq>2</GreekSeq>
    </word>
    <word seq="2">the<GreekSeq>1</GreekSeq>
    </word>
    <word seq="3">heavens<GreekSeq>4</GreekSeq>
    </word>
    <word seq="4">and<GreekSeq>5</GreekSeq>
    </word>
    <word seq="5">the<GreekSeq>6</GreekSeq>
    </word>
    <word seq="6">earth,<GreekSeq>7</GreekSeq>
    </word>
    <word seq="7">which are</word>
    <word seq="8">now,<GreekSeq>3</GreekSeq>
    </word>
    <word seq="9">by the<GreekSeq>8</GreekSeq>
    </word>
    <word seq="10">same<GreekSeq>9</GreekSeq>
    </word>
    <word seq="11">word<GreekSeq>10</GreekSeq>
    </word>
    <word seq="12">are<GreekSeq>12</GreekSeq>
    </word>
    <word seq="13">kept in store,<GreekSeq>11</GreekSeq>
    </word>
    <word seq="14">reserved<GreekSeq>14</GreekSeq>
    </word>
    <word seq="15">unto fire<GreekSeq>13</GreekSeq>
    </word>
    <word seq="16">against<GreekSeq>15</GreekSeq>
    </word>
    <word seq="17">the day<GreekSeq>16</GreekSeq>
    </word>
    <word seq="18">of judgment<GreekSeq>17</GreekSeq>
    </word>
    <word seq="19">and<GreekSeq>18</GreekSeq>
    </word>
    <word seq="20">perdition<GreekSeq>19</GreekSeq>
    </word>
    <word seq="21">of<GreekSeq>22</GreekSeq>
    </word>
    <word seq="22">ungodly<GreekSeq>21</GreekSeq>
    </word>
    <word seq="23">men.<GreekSeq>22</GreekSeq>
    </word>
   </KJV>
  </verse>
  <verse number="8">
   <KJV>
    <word seq="1">But,<GreekSeq>2</GreekSeq>
    </word>
    <word seq="2">beloved,<GreekSeq>7</GreekSeq>
    </word>
    <word seq="3">be<GreekSeq>5</GreekSeq>
    </word>
    <word seq="4">not<GreekSeq>4</GreekSeq>
    </word>
    <word seq="5">ignorant of<GreekSeq>5</GreekSeq>
    </word>
    <word seq="6">this<GreekSeq>3</GreekSeq>
    </word>
    <word seq="7">one thing,<GreekSeq>1</GreekSeq>
    </word>
    <word seq="8">that<GreekSeq>8</GreekSeq>
    </word>
    <word seq="9">one<GreekSeq>9</GreekSeq>
    </word>
    <word seq="10">day<GreekSeq>10</GreekSeq>
    </word>
    <word seq="11">is</word>
    <word seq="12">with<GreekSeq>11</GreekSeq>
    </word>
    <word seq="13">the Lord<GreekSeq>12</GreekSeq>
    </word>
    <word seq="14">as<GreekSeq>13</GreekSeq>
    </word>
    <word seq="15">a thousand<GreekSeq>14</GreekSeq>
    </word>
    <word seq="16">years,<GreekSeq>15</GreekSeq>
    </word>
    <word seq="17">and<GreekSeq>16</GreekSeq>
    </word>
    <word seq="18">a thousand<GreekSeq>17</GreekSeq>
    </word>
    <word seq="19">years<GreekSeq>18</GreekSeq>
    </word>
    <word seq="20">as<GreekSeq>19</GreekSeq>
    </word>
    <word seq="21">one<GreekSeq>21</GreekSeq>
    </word>
    <word seq="22">day.<GreekSeq>20</GreekSeq>
    </word>
   </KJV>
  </verse>
  <verse number="9">
   <KJV>
    <word seq="1">The Lord<GreekSeq>3</GreekSeq>
    </word>
    <word seq="2">is<GreekSeq>2</GreekSeq>
    </word>
    <word seq="3">not<GreekSeq>1</GreekSeq>
    </word>
    <word seq="4">slack<GreekSeq>2</GreekSeq>
    </word>
    <word seq="5">concerning his<GreekSeq/>
    </word>
    <word seq="6">promise,<GreekSeq>5</GreekSeq>
    </word>
    <word seq="7">as<GreekSeq>6</GreekSeq>
    </word>
    <word seq="8">some men<GreekSeq>7</GreekSeq>
    </word>
    <word seq="9">count<GreekSeq>9</GreekSeq>
    </word>
    <word seq="10">slackness;<GreekSeq>8</GreekSeq>
    </word>
    <word seq="11">but<GreekSeq>10</GreekSeq>
    </word>
    <word seq="12">is longsuffering<GreekSeq>11</GreekSeq>
    </word>
    <word seq="13">to<GreekSeq>12</GreekSeq>
    </word>
    <word note="Base of different Greek: ἡμᾶς(2248)" seq="14">us-ward,<GreekSeq>13</GreekSeq>
    </word>
    <word seq="15">not<GreekSeq>14</GreekSeq>
    </word>
    <word seq="16">willing<GreekSeq>15</GreekSeq>
    </word>
    <word seq="17">that<GreekSeq/>
    </word>
    <word seq="18">any<GreekSeq>16</GreekSeq>
    </word>
    <word seq="19">should perish,<GreekSeq>17</GreekSeq>
    </word>
    <word seq="20">but<GreekSeq>18</GreekSeq>
    </word>
    <word seq="21">that</word>
    <word seq="22">all<GreekSeq>19</GreekSeq>
    </word>
    <word seq="23">should come<GreekSeq>22</GreekSeq>
    </word>
    <word seq="24">to<GreekSeq>20</GreekSeq>
    </word>
    <word seq="25">repentance.<GreekSeq>21</GreekSeq>
    </word>
   </KJV>
  </verse>
  <verse number="10">
   <KJV>
    <word seq="1">But<GreekSeq>2</GreekSeq>
    </word>
    <word seq="2">the day<GreekSeq>3</GreekSeq>
    </word>
    <word seq="3">of the Lord<GreekSeq>4</GreekSeq>
    </word>
    <word seq="4">will come<GreekSeq>1</GreekSeq>
    </word>
    <word seq="5">as<GreekSeq>5</GreekSeq>
    </word>
    <word seq="6">a thief<GreekSeq>6</GreekSeq>
    </word>
    <word note="Base on Greek: εν(1722)" seq="7">in</word>
    <word note="Base of different Greek: νυκτὶ(3571)" seq="8">the night;</word>
    <word seq="9">in<GreekSeq>7</GreekSeq>
    </word>
    <word seq="10">the which<GreekSeq>8</GreekSeq>
    </word>
    <word seq="11">the<GreekSeq>9</GreekSeq>
    </word>
    <word seq="12">heavens<GreekSeq>10</GreekSeq>
    </word>
    <word seq="13">shall pass away<GreekSeq>12</GreekSeq>
    </word>
    <word seq="14">with a great noise,<GreekSeq>11</GreekSeq>
    </word>
    <word seq="15">and<GreekSeq>14</GreekSeq>
    </word>
    <word seq="16">the elements<GreekSeq>13</GreekSeq>
    </word>
    <word seq="17">shall melt<GreekSeq>16</GreekSeq>
    </word>
    <word seq="18">with fervent heat,<GreekSeq>15</GreekSeq>
    </word>
    <word seq="19">the earth<GreekSeq>18</GreekSeq>
    </word>
    <word seq="20">also<GreekSeq>17</GreekSeq>
    </word>
    <word seq="21">and<GreekSeq>19</GreekSeq>
    </word>
    <word seq="22">the<GreekSeq>20</GreekSeq>
    </word>
    <word seq="23">works<GreekSeq>23</GreekSeq>
    </word>
    <word seq="24">that are</word>
    <word seq="25">therein<GreekSeq>21</GreekSeq>
     <GreekSeq>22</GreekSeq>
    </word>
    <word note="Base of different Greek: κατακαήσεται(2618)" seq="26">shall be burned up.<GreekSeq>24</GreekSeq>
    </word>
   </KJV>
  </verse>
  <verse number="11">
   <KJV>
    <word seq="1">Seeing</word>
    <word note="Base of different Greek: οὺν(3767)" seq="2">then<GreekSeq>2</GreekSeq>
    </word>
    <word seq="3">that</word>
    <word seq="4">all<GreekSeq>3</GreekSeq>
    </word>
    <word seq="5">these things<GreekSeq>1</GreekSeq>
    </word>
    <word seq="6">shall be dissolved,<GreekSeq>4</GreekSeq>
    </word>
    <word seq="7">what manner of persons<GreekSeq>5</GreekSeq>
    </word>
    <word seq="8">ought<GreekSeq>6</GreekSeq>
    </word>
    <word seq="9">ye<GreekSeq>8</GreekSeq>
    </word>
    <word seq="10">to be<GreekSeq>7</GreekSeq>
    </word>
    <word seq="11">in<GreekSeq>9</GreekSeq>
    </word>
    <word seq="12">all</word>
    <word seq="13">holy<GreekSeq>10</GreekSeq>
    </word>
    <word seq="14">conversation<GreekSeq>11</GreekSeq>
    </word>
    <word seq="15">and<GreekSeq>12</GreekSeq>
    </word>
    <word seq="16">godliness,<GreekSeq>13</GreekSeq>
    </word>
   </KJV>
  </verse>
  <verse number="12">
   <KJV>
    <word seq="1">Looking for<GreekSeq>1</GreekSeq>
    </word>
    <word seq="2">and<GreekSeq>2</GreekSeq>
    </word>
    <word seq="3">hasting<GreekSeq>3</GreekSeq>
    </word>
    <word seq="4">unto the<GreekSeq>4</GreekSeq>
    </word>
    <word seq="5">coming<GreekSeq>5</GreekSeq>
    </word>
    <word seq="6">of the<GreekSeq>6</GreekSeq>
    </word>
    <word seq="7">day<GreekSeq>9</GreekSeq>
    </word>
    <word seq="8">of God,<GreekSeq>8</GreekSeq>
    </word>
    <word seq="9">wherein<GreekSeq>10</GreekSeq>
     <GreekSeq>11</GreekSeq>
    </word>
    <word seq="10">the heavens<GreekSeq>12</GreekSeq>
    </word>
    <word seq="11">being on fire<GreekSeq>13</GreekSeq>
    </word>
    <word seq="12">shall be dissolved,<GreekSeq>14</GreekSeq>
    </word>
    <word seq="13">and<GreekSeq>15</GreekSeq>
    </word>
    <word seq="14">the elements<GreekSeq>16</GreekSeq>
    </word>
    <word seq="15">shall melt<GreekSeq>18</GreekSeq>
    </word>
    <word seq="16">with fervent heat?<GreekSeq>17</GreekSeq>
    </word>
   </KJV>
  </verse>
  <verse number="13">
   <KJV>
    <word seq="1">Nevertheless<GreekSeq>2</GreekSeq>
    </word>
    <word seq="2">we,<GreekSeq>11</GreekSeq>
    </word>
    <word seq="3">according to<GreekSeq>7</GreekSeq>
    </word>
    <word seq="4">his<GreekSeq>10</GreekSeq>
    </word>
    <word seq="5">promise,<GreekSeq>9</GreekSeq>
    </word>
    <word seq="6">look for<GreekSeq>11</GreekSeq>
    </word>
    <word seq="7">new<GreekSeq>1</GreekSeq>
    </word>
    <word seq="8">heavens<GreekSeq>3</GreekSeq>
    </word>
    <word seq="9">and<GreekSeq>4</GreekSeq>
    </word>
    <word seq="10">a new<GreekSeq>6</GreekSeq>
    </word>
    <word seq="11">earth,<GreekSeq>5</GreekSeq>
    </word>
    <word seq="12">wherein<GreekSeq>12</GreekSeq>
     <GreekSeq>13</GreekSeq>
    </word>
    <word seq="13">dwelleth<GreekSeq>15</GreekSeq>
    </word>
    <word seq="14">righteousness.<GreekSeq>14</GreekSeq>
    </word>
   </KJV>
  </verse>
  <verse number="14">
   <KJV>
    <word seq="1">Wherefore,<GreekSeq>1</GreekSeq>
    </word>
    <word seq="2">beloved,<GreekSeq>2</GreekSeq>
    </word>
    <word seq="3">seeing that</word>
    <word seq="4">[ye] look for<GreekSeq>4</GreekSeq>
    </word>
    <word seq="5">such things,<GreekSeq>3</GreekSeq>
    </word>
    <word seq="6">be diligent<GreekSeq>5</GreekSeq>
    </word>
    <word seq="7">that ye may be found<GreekSeq>10</GreekSeq>
    </word>
    <word seq="8">of him<GreekSeq>9</GreekSeq>
    </word>
    <word seq="9">in<GreekSeq>11</GreekSeq>
    </word>
    <word seq="10">peace,<GreekSeq>12</GreekSeq>
    </word>
    <word seq="11">without spot,<GreekSeq>6</GreekSeq>
    </word>
    <word seq="12">and<GreekSeq>7</GreekSeq>
    </word>
    <word seq="13">blameless.<GreekSeq>8</GreekSeq>
    </word>
   </KJV>
  </verse>
  <verse number="15">
   <KJV>
    <word seq="1">And<GreekSeq>1</GreekSeq>
    </word>
    <word seq="2">account<GreekSeq>8</GreekSeq>
    </word>
    <word seq="3">that</word>
    <word seq="4">the<GreekSeq>2</GreekSeq>
    </word>
    <word seq="5">longsuffering<GreekSeq>6</GreekSeq>
    </word>
    <word seq="6">of<GreekSeq>4</GreekSeq>
    </word>
    <word seq="7">our<GreekSeq>5</GreekSeq>
    </word>
    <word seq="8">Lord<GreekSeq>4</GreekSeq>
    </word>
    <word seq="9">is</word>
    <word seq="10">salvation;<GreekSeq>7</GreekSeq>
    </word>
    <word seq="11">even<GreekSeq>10</GreekSeq>
    </word>
    <word seq="12">as<GreekSeq>9</GreekSeq>
    </word>
    <word seq="13">our<GreekSeq>13</GreekSeq>
    </word>
    <word seq="14">beloved<GreekSeq>12</GreekSeq>
    </word>
    <word seq="15">brother<GreekSeq>14</GreekSeq>
    </word>
    <word seq="16">Paul<GreekSeq>15</GreekSeq>
    </word>
    <word seq="17">also</word>
    <word seq="18">according to<GreekSeq>16</GreekSeq>
    </word>
    <word seq="19">the<GreekSeq>17</GreekSeq>
    </word>
    <word seq="20">wisdom<GreekSeq>20</GreekSeq>
    </word>
    <word seq="21">given<GreekSeq>18</GreekSeq>
    </word>
    <word seq="22">unto him<GreekSeq>19</GreekSeq>
    </word>
    <word seq="23">hath written<GreekSeq>21</GreekSeq>
    </word>
    <word seq="24">unto you;<GreekSeq>22</GreekSeq>
    </word>
   </KJV>
  </verse>
  <verse number="16">
   <KJV>
    <word seq="1">As<GreekSeq>1</GreekSeq>
    </word>
    <word seq="2">also<GreekSeq>2</GreekSeq>
    </word>
    <word seq="3">in<GreekSeq>3</GreekSeq>
    </word>
    <word seq="4">all<GreekSeq>4</GreekSeq>
    </word>
    <word seq="5">[his] epistles,<GreekSeq>5</GreekSeq>
    </word>
    <word seq="6">speaking<GreekSeq>6</GreekSeq>
    </word>
    <word seq="7">in<GreekSeq>7</GreekSeq>
    </word>
    <word seq="8">them<GreekSeq>8</GreekSeq>
    </word>
    <word seq="9">of<GreekSeq>9</GreekSeq>
    </word>
    <word seq="10">these things;<GreekSeq>10</GreekSeq>
    </word>
    <word seq="11">in<GreekSeq>11</GreekSeq>
    </word>
    <word seq="12">which<GreekSeq>12</GreekSeq>
    </word>
    <word seq="13">are<GreekSeq>13</GreekSeq>
    </word>
    <word seq="14">some things <GreekSeq>15</GreekSeq>
    </word>
    <word seq="15">hard to be understood,<GreekSeq>14</GreekSeq>
    </word>
    <word seq="16">which<GreekSeq>16</GreekSeq>
    </word>
    <word seq="17">they<GreekSeq>17</GreekSeq>
    </word>
    <word seq="18">that are</word>
    <word seq="19">unlearned<GreekSeq>18</GreekSeq>
    </word>
    <word seq="20">and<GreekSeq>19</GreekSeq>
    </word>
    <word seq="21">unstable<GreekSeq>20</GreekSeq>
    </word>
    <word seq="22">wrest,<GreekSeq>21</GreekSeq>
    </word>
    <word seq="23">as<GreekSeq>22</GreekSeq>
    </word>
    <word seq="24">they do</word>
    <word seq="25">also<GreekSeq>23</GreekSeq>
    </word>
    <word seq="26">the<GreekSeq>24</GreekSeq>
    </word>
    <word seq="27">other<GreekSeq>25</GreekSeq>
    </word>
    <word seq="28">scriptures,<GreekSeq>26</GreekSeq>
    </word>
    <word seq="29">unto<GreekSeq>27</GreekSeq>
    </word>
    <word seq="30">their<GreekSeq>30</GreekSeq>
    </word>
    <word seq="31">own<GreekSeq>29</GreekSeq>
    </word>
    <word seq="32">destruction.<GreekSeq>31</GreekSeq>
    </word>
   </KJV>
  </verse>
  <verse number="17">
   <KJV>
    <word seq="1">Ye<GreekSeq>1</GreekSeq>
    </word>
    <word seq="2">therefore,<GreekSeq>2</GreekSeq>
    </word>
    <word seq="3">beloved,<GreekSeq>3</GreekSeq>
    </word>
    <word seq="4">seeing</word>
    <word seq="5">ye know [these things] before,<GreekSeq>4</GreekSeq>
    </word>
    <word seq="6">beware<GreekSeq>5</GreekSeq>
    </word>
    <word note="ἵνα μή Strong Code (3363)" seq="7">lest<GreekSeq>6</GreekSeq>
     <GreekSeq>7</GreekSeq>
    </word>
    <word seq="8">ye also, <GreekSeq/>
    </word>
    <word seq="9">being led away with<GreekSeq>12</GreekSeq>
    </word>
    <word seq="10">the<GreekSeq>8</GreekSeq>
    </word>
    <word seq="11">error<GreekSeq>11</GreekSeq>
    </word>
    <word seq="12">of the<GreekSeq>9</GreekSeq>
    </word>
    <word seq="13">wicked,<GreekSeq>10</GreekSeq>
    </word>
    <word seq="14">fall from<GreekSeq>13</GreekSeq>
    </word>
    <word seq="15">your</word>
    <word seq="16">own<GreekSeq>15</GreekSeq>
    </word>
    <word seq="17">stedfastness.<GreekSeq>16</GreekSeq>
    </word>
   </KJV>
  </verse>
  <verse number="18">
   <KJV>
    <word seq="1">But<GreekSeq>2</GreekSeq>
    </word>
    <word seq="2">grow<GreekSeq>1</GreekSeq>
    </word>
    <word seq="3">in<GreekSeq>3</GreekSeq>
    </word>
    <word seq="4">grace,<GreekSeq>4</GreekSeq>
    </word>
    <word seq="5">and<GreekSeq>5</GreekSeq>
    </word>
    <word seq="6">in</word>
    <word seq="7">the knowledge<GreekSeq>6</GreekSeq>
    </word>
    <word seq="8">of<GreekSeq>8</GreekSeq>
    </word>
    <word seq="9">our<GreekSeq>9</GreekSeq>
    </word>
    <word seq="10">Lord<GreekSeq>8</GreekSeq>
    </word>
    <word seq="11">and<GreekSeq>10</GreekSeq>
    </word>
    <word seq="12">Saviour<GreekSeq>11</GreekSeq>
    </word>
    <word seq="13">Jesus<GreekSeq>12</GreekSeq>
    </word>
    <word seq="14">Christ.<GreekSeq>13</GreekSeq>
    </word>
    <word seq="15">To him<GreekSeq>14</GreekSeq>
    </word>
    <word seq="16">be</word>
    <word seq="17">glory<GreekSeq>16</GreekSeq>
    </word>
    <word seq="18">both<GreekSeq>17</GreekSeq>
    </word>
    <word seq="19">now<GreekSeq>18</GreekSeq>
    </word>
    <word seq="20">and<GreekSeq>19</GreekSeq>
    </word>
    <word seq="21">for<GreekSeq>20</GreekSeq>
    </word>
    <word seq="22">ever.<GreekSeq>22</GreekSeq>
    </word>
    <word seq="23">Amen<GreekSeq>23</GreekSeq>
    </word>
   </KJV>
  </verse>
 </chapter>
</book>
