<?xml version="1.0" encoding="UTF-8" standalone="no"?>
<book>
 <chapter book="null" number="1">
  <verse number="1">
   <KJV>
    <word seq="1">Simon<GreekSeq>1</GreekSeq>
    </word>
    <word seq="2">Peter,<GreekSeq>2</GreekSeq>
    </word>
    <word seq="3">a servant<GreekSeq>3</GreekSeq>
    </word>
    <word seq="4">and<GreekSeq>4</GreekSeq>
    </word>
    <word seq="5">an apostle<GreekSeq>5</GreekSeq>
    </word>
    <word seq="6">of Jesus<GreekSeq>6</GreekSeq>
    </word>
    <word seq="7">Christ,<GreekSeq>7</GreekSeq>
    </word>
    <word seq="8">to them<GreekSeq>8</GreekSeq>
    </word>
    <word seq="9">that have obtained<GreekSeq>11</GreekSeq>
    </word>
    <word seq="10">like precious<GreekSeq>9</GreekSeq>
    </word>
    <word seq="11">faith<GreekSeq>12</GreekSeq>
    </word>
    <word seq="12">with us<GreekSeq>10</GreekSeq>
    </word>
    <word seq="13">through<GreekSeq>13</GreekSeq>
    </word>
    <word seq="14">the righteousness<GreekSeq>14</GreekSeq>
    </word>
    <word seq="15">of God<GreekSeq>16</GreekSeq>
    </word>
    <word seq="16">and<GreekSeq>18</GreekSeq>
    </word>
    <word seq="17">our<GreekSeq>17</GreekSeq>
    </word>
    <word seq="18">Saviour<GreekSeq>19</GreekSeq>
    </word>
    <word seq="19">Jesus<GreekSeq>20</GreekSeq>
    </word>
    <word seq="20">Christ:<GreekSeq>21</GreekSeq>
    </word>
   </KJV>
  </verse>
  <verse number="2">
   <KJV>
    <word seq="1">Grace<GreekSeq>1</GreekSeq>
    </word>
    <word seq="2">and<GreekSeq>3</GreekSeq>
    </word>
    <word seq="3">peace<GreekSeq>4</GreekSeq>
    </word>
    <word seq="4">be multiplied<GreekSeq>5</GreekSeq>
    </word>
    <word seq="5">unto you<GreekSeq>2</GreekSeq>
    </word>
    <word seq="6">through<GreekSeq>6</GreekSeq>
    </word>
    <word seq="7">the knowledge<GreekSeq>7</GreekSeq>
    </word>
    <word seq="8">of God,<GreekSeq>9</GreekSeq>
    </word>
    <word seq="9">and<GreekSeq>10</GreekSeq>
    </word>
    <word seq="10">of Jesus<GreekSeq>11</GreekSeq>
    </word>
    <word seq="11">our<GreekSeq>14</GreekSeq>
    </word>
    <word seq="12">Lord,<GreekSeq>13</GreekSeq>
    </word>
   </KJV>
  </verse>
  <verse number="3">
   <KJV>
    <word seq="1">According as<GreekSeq>1</GreekSeq>
    </word>
    <word seq="2">his<GreekSeq>7</GreekSeq>
    </word>
    <word seq="3">divine<GreekSeq>5</GreekSeq>
    </word>
    <word seq="4">power<GreekSeq>6</GreekSeq>
    </word>
    <word seq="5">hath given<GreekSeq>13</GreekSeq>
    </word>
    <word seq="6">unto us<GreekSeq>3</GreekSeq>
    </word>
    <word seq="7">all<GreekSeq>2</GreekSeq>
    </word>
    <word seq="8">things<GreekSeq>8</GreekSeq>
    </word>
    <word seq="9">that pertain</word>
    <word seq="10">unto<GreekSeq>9</GreekSeq>
    </word>
    <word seq="11">life<GreekSeq>10</GreekSeq>
    </word>
    <word seq="12">and<GreekSeq>11</GreekSeq>
    </word>
    <word seq="13">godliness,<GreekSeq>12</GreekSeq>
    </word>
    <word seq="14">through<GreekSeq>14</GreekSeq>
    </word>
    <word seq="15">the<GreekSeq>15</GreekSeq>
    </word>
    <word seq="16">knowledge of <GreekSeq>16</GreekSeq>
    </word>
    <word seq="17">him<GreekSeq>17</GreekSeq>
    </word>
    <word seq="18">that hath called<GreekSeq>18</GreekSeq>
    </word>
    <word seq="19">us<GreekSeq>19</GreekSeq>
    </word>
    <word seq="20">to glory<GreekSeq>21</GreekSeq>
    </word>
    <word seq="21">and<GreekSeq>22</GreekSeq>
    </word>
    <word seq="22">virtue:<GreekSeq>23</GreekSeq>
    </word>
   </KJV>
  </verse>
  <verse number="4">
   <KJV>
    <word seq="1">Whereby<GreekSeq>1</GreekSeq>
     <GreekSeq>2</GreekSeq>
    </word>
    <word seq="2">are given<GreekSeq>9</GreekSeq>
    </word>
    <word seq="3">unto us<GreekSeq>7</GreekSeq>
    </word>
    <word seq="4">exceeding great<GreekSeq>6</GreekSeq>
    </word>
    <word seq="5">and<GreekSeq>5</GreekSeq>
    </word>
    <word seq="6">precious<GreekSeq>4</GreekSeq>
    </word>
    <word seq="7">promises:<GreekSeq>8</GreekSeq>
    </word>
    <word seq="8">that<GreekSeq>10</GreekSeq>
    </word>
    <word seq="9">by<GreekSeq>11</GreekSeq>
    </word>
    <word seq="10">these<GreekSeq>12</GreekSeq>
    </word>
    <word seq="11">ye might be<GreekSeq>13</GreekSeq>
    </word>
    <word seq="12">partakers<GreekSeq>15</GreekSeq>
    </word>
    <word seq="13">of the<GreekSeq>16</GreekSeq>
    </word>
    <word seq="14">divine<GreekSeq>14</GreekSeq>
    </word>
    <word seq="15">nature,<GreekSeq>16</GreekSeq>
    </word>
    <word seq="16">having escaped<GreekSeq>17</GreekSeq>
    </word>
    <word seq="17">the<GreekSeq>18</GreekSeq>
    </word>
    <word seq="18">corruption<GreekSeq>24</GreekSeq>
    </word>
    <word seq="19">that is</word>
    <word seq="20">in<GreekSeq>19</GreekSeq>
    </word>
    <word seq="21">the<GreekSeq>20</GreekSeq>
    </word>
    <word seq="22">world<GreekSeq>21</GreekSeq>
    </word>
    <word seq="23">through<GreekSeq>22</GreekSeq>
    </word>
    <word seq="24">lust.<GreekSeq>23</GreekSeq>
    </word>
   </KJV>
  </verse>
  <verse number="5">
   <KJV>
    <word seq="1">And<GreekSeq>1</GreekSeq>
    </word>
    <word seq="2">beside this,<GreekSeq>2</GreekSeq>
     <GreekSeq>3</GreekSeq>
    </word>
    <word seq="3">giving<GreekSeq>7</GreekSeq>
    </word>
    <word seq="4">all<GreekSeq>6</GreekSeq>
    </word>
    <word seq="5">diligence,<GreekSeq>5</GreekSeq>
    </word>
    <word seq="6">add<GreekSeq>8</GreekSeq>
    </word>
    <word seq="7">to<GreekSeq>9</GreekSeq>
    </word>
    <word seq="8">your<GreekSeq>12</GreekSeq>
    </word>
    <word seq="9">faith<GreekSeq>11</GreekSeq>
    </word>
    <word seq="10">virtue;<GreekSeq>14</GreekSeq>
    </word>
    <word seq="11">and<GreekSeq>16</GreekSeq>
    </word>
    <word seq="12">to<GreekSeq>15</GreekSeq>
    </word>
    <word seq="13">virtue<GreekSeq>18</GreekSeq>
    </word>
    <word seq="14">knowledge;<GreekSeq>20</GreekSeq>
    </word>
   </KJV>
  </verse>
  <verse number="6">
   <KJV>
    <word seq="1">And<GreekSeq>2</GreekSeq>
    </word>
    <word seq="2">to<GreekSeq>1</GreekSeq>
    </word>
    <word seq="3">knowledge<GreekSeq>4</GreekSeq>
    </word>
    <word seq="4">temperance;<GreekSeq>6</GreekSeq>
    </word>
    <word seq="5">and<GreekSeq>8</GreekSeq>
    </word>
    <word seq="6">to<GreekSeq>7</GreekSeq>
    </word>
    <word seq="7">temperance<GreekSeq>10</GreekSeq>
    </word>
    <word seq="8">patience;<GreekSeq>12</GreekSeq>
    </word>
    <word seq="9">and<GreekSeq>14</GreekSeq>
    </word>
    <word seq="10">to<GreekSeq>13</GreekSeq>
    </word>
    <word seq="11">patience<GreekSeq>16</GreekSeq>
    </word>
    <word seq="12">godliness;<GreekSeq>18</GreekSeq>
    </word>
   </KJV>
  </verse>
  <verse number="7">
   <KJV>
    <word seq="1">And<GreekSeq>2</GreekSeq>
    </word>
    <word seq="2">to<GreekSeq>1</GreekSeq>
    </word>
    <word seq="3">godliness<GreekSeq>4</GreekSeq>
    </word>
    <word seq="4">brotherly kindness;<GreekSeq>6</GreekSeq>
    </word>
    <word seq="5">and<GreekSeq>8</GreekSeq>
    </word>
    <word seq="6">to<GreekSeq>7</GreekSeq>
    </word>
    <word seq="7">brotherly kindness<GreekSeq>10</GreekSeq>
    </word>
    <word seq="8">charity.<GreekSeq>12</GreekSeq>
    </word>
   </KJV>
  </verse>
  <verse number="8">
   <KJV>
    <word seq="1">For<GreekSeq>2</GreekSeq>
    </word>
    <word seq="2">if</word>
    <word seq="3">these things <GreekSeq>1</GreekSeq>
    </word>
    <word seq="4">be<GreekSeq>4</GreekSeq>
    </word>
    <word seq="5">in you,<GreekSeq>3</GreekSeq>
    </word>
    <word seq="6">and<GreekSeq>5</GreekSeq>
    </word>
    <word seq="7">abound,<GreekSeq>6</GreekSeq>
    </word>
    <word seq="8">they make<GreekSeq>11</GreekSeq>
    </word>
    <word seq="9">you that ye shall</word>
    <word seq="10">neither<GreekSeq>7</GreekSeq>
    </word>
    <word seq="11">be</word>
    <word seq="12">barren<GreekSeq>8</GreekSeq>
    </word>
    <word seq="13">nor<GreekSeq>9</GreekSeq>
    </word>
    <word seq="14">unfruitful<GreekSeq>10</GreekSeq>
    </word>
    <word seq="15">in<GreekSeq>12</GreekSeq>
    </word>
    <word seq="16">the<GreekSeq>13</GreekSeq>
    </word>
    <word seq="17">knowledge<GreekSeq>19</GreekSeq>
    </word>
    <word seq="18">of<GreekSeq>15</GreekSeq>
    </word>
    <word seq="19">our<GreekSeq>16</GreekSeq>
    </word>
    <word seq="20">Lord<GreekSeq>15</GreekSeq>
    </word>
    <word seq="21">Jesus<GreekSeq>17</GreekSeq>
    </word>
    <word seq="22">Christ.<GreekSeq>18</GreekSeq>
    </word>
   </KJV>
  </verse>
  <verse number="9">
   <KJV>
    <word seq="1">But<GreekSeq>2</GreekSeq>
    </word>
    <word seq="2">he<GreekSeq>1</GreekSeq>
    </word>
    <word seq="3">that lacketh<GreekSeq>3</GreekSeq>
     <GreekSeq>4</GreekSeq>
    </word>
    <word seq="4">these things <GreekSeq>5</GreekSeq>
    </word>
    <word seq="5">is<GreekSeq>7</GreekSeq>
    </word>
    <word seq="6">blind,<GreekSeq>6</GreekSeq>
    </word>
    <word seq="7">and</word>
    <word seq="8">cannot see afar off,<GreekSeq>8</GreekSeq>
    </word>
    <word seq="9">and</word>
    <word seq="10">hath forgotten<GreekSeq>9</GreekSeq>
    </word>
    <word seq="11">that<GreekSeq/>
    </word>
    <word seq="12">he was purged from<GreekSeq>10</GreekSeq>
     <GreekSeq>12</GreekSeq>
    </word>
    <word seq="13">his<GreekSeq>15</GreekSeq>
    </word>
    <word seq="14">old<GreekSeq>14</GreekSeq>
    </word>
    <word seq="15">sins.<GreekSeq>16</GreekSeq>
    </word>
   </KJV>
  </verse>
  <verse number="10">
   <KJV>
    <word seq="1">Wherefore<GreekSeq>1</GreekSeq>
    </word>
    <word seq="2">the rather,<GreekSeq>2</GreekSeq>
    </word>
    <word seq="3">brethren,<GreekSeq>3</GreekSeq>
    </word>
    <word seq="4">give diligence<GreekSeq>4</GreekSeq>
    </word>
    <word seq="5">to make<GreekSeq>11</GreekSeq>
    </word>
    <word seq="6">your<GreekSeq>6</GreekSeq>
    </word>
    <word seq="7">calling<GreekSeq>8</GreekSeq>
    </word>
    <word seq="8">and<GreekSeq>9</GreekSeq>
    </word>
    <word seq="9">election<GreekSeq>10</GreekSeq>
    </word>
    <word seq="10">sure:<GreekSeq>5</GreekSeq>
    </word>
    <word seq="11">for if<GreekSeq>13</GreekSeq>
    </word>
    <word seq="12">ye</word>
    <word seq="13">do<GreekSeq>14</GreekSeq>
    </word>
    <word seq="14">these things,<GreekSeq>12</GreekSeq>
    </word>
    <word seq="15">ye shall<GreekSeq>17</GreekSeq>
    </word>
    <word seq="16">never<GreekSeq>15</GreekSeq>
     <GreekSeq>16</GreekSeq>
     <GreekSeq>18</GreekSeq>
    </word>
    <word seq="17">fall:<GreekSeq>17</GreekSeq>
    </word>
   </KJV>
  </verse>
  <verse number="11">
   <KJV>
    <word seq="1">For<GreekSeq>2</GreekSeq>
    </word>
    <word seq="2">so<GreekSeq>1</GreekSeq>
    </word>
    <word seq="3">an<GreekSeq>6</GreekSeq>
    </word>
    <word seq="4">entrance<GreekSeq>7</GreekSeq>
    </word>
    <word seq="5">shall be ministered<GreekSeq>4</GreekSeq>
    </word>
    <word seq="6">unto you<GreekSeq>5</GreekSeq>
    </word>
    <word seq="7">abundantly<GreekSeq>3</GreekSeq>
    </word>
    <word seq="8">into<GreekSeq>8</GreekSeq>
    </word>
    <word seq="9">the<GreekSeq>9</GreekSeq>
    </word>
    <word seq="10">everlasting<GreekSeq>10</GreekSeq>
    </word>
    <word seq="11">kingdom<GreekSeq>11</GreekSeq>
    </word>
    <word seq="12">of<GreekSeq>13</GreekSeq>
    </word>
    <word seq="13">our<GreekSeq>14</GreekSeq>
    </word>
    <word seq="14">Lord<GreekSeq>13</GreekSeq>
    </word>
    <word seq="15">and<GreekSeq>15</GreekSeq>
    </word>
    <word seq="16">Saviour<GreekSeq>16</GreekSeq>
    </word>
    <word seq="17">Jesus<GreekSeq>17</GreekSeq>
    </word>
    <word seq="18">Christ.<GreekSeq>18</GreekSeq>
    </word>
   </KJV>
  </verse>
  <verse number="12">
   <KJV>
    <word seq="1">Wherefore<GreekSeq>1</GreekSeq>
    </word>
    <word note="Base of different Greek: οὐκ(3756) ἀμελήσω(272)" seq="2">I will not be negligent<GreekSeq>2</GreekSeq>
    </word>
    <word seq="3">to put<GreekSeq>5</GreekSeq>
    </word>
    <word seq="4">you<GreekSeq>4</GreekSeq>
    </word>
    <word seq="5">always<GreekSeq>3</GreekSeq>
    </word>
    <word seq="6">in remembrance<GreekSeq>5</GreekSeq>
    </word>
    <word seq="7">of<GreekSeq>6</GreekSeq>
    </word>
    <word seq="8">these things,<GreekSeq>7</GreekSeq>
    </word>
    <word seq="9">though<GreekSeq>8</GreekSeq>
    </word>
    <word seq="10">ye</word>
    <word seq="11">know<GreekSeq>9</GreekSeq>
    </word>
    <word seq="12">them,</word>
    <word seq="13">and<GreekSeq>10</GreekSeq>
    </word>
    <word seq="14">be established<GreekSeq>11</GreekSeq>
    </word>
    <word seq="15">in<GreekSeq>12</GreekSeq>
    </word>
    <word seq="16">the<GreekSeq>13</GreekSeq>
    </word>
    <word seq="17">present<GreekSeq>14</GreekSeq>
    </word>
    <word seq="18">truth.<GreekSeq>15</GreekSeq>
    </word>
   </KJV>
  </verse>
  <verse number="13">
   <KJV>
    <word seq="1">Yea,<GreekSeq>2</GreekSeq>
    </word>
    <word seq="2">I think<GreekSeq>3</GreekSeq>
    </word>
    <word seq="3">it</word>
    <word seq="4">meet,<GreekSeq>1</GreekSeq>
    </word>
    <word seq="5">as long as<GreekSeq>4</GreekSeq>
     <GreekSeq>5</GreekSeq>
    </word>
    <word seq="6">I am<GreekSeq>6</GreekSeq>
    </word>
    <word seq="7">in<GreekSeq>7</GreekSeq>
    </word>
    <word seq="8">this<GreekSeq>8</GreekSeq>
    </word>
    <word seq="9">tabernacle,<GreekSeq>10</GreekSeq>
    </word>
    <word seq="10">to stir<GreekSeq>11</GreekSeq>
    </word>
    <word seq="11">you<GreekSeq>12</GreekSeq>
    </word>
    <word seq="12">up<GreekSeq>11</GreekSeq>
    </word>
    <word seq="13">by<GreekSeq>13</GreekSeq>
    </word>
    <word seq="14">putting [you] in remembrance;<GreekSeq>14</GreekSeq>
    </word>
   </KJV>
  </verse>
  <verse number="14">
   <KJV>
    <word seq="1">Knowing<GreekSeq>1</GreekSeq>
    </word>
    <word seq="2">that<GreekSeq>2</GreekSeq>
    </word>
    <word seq="3">shortly<GreekSeq>3</GreekSeq>
    </word>
    <word seq="4">I must</word>
    <word seq="5">put off<GreekSeq>6</GreekSeq>
    </word>
    <word seq="6">this</word>
    <word seq="7">my<GreekSeq>9</GreekSeq>
    </word>
    <word seq="8">tabernacle,<GreekSeq>8</GreekSeq>
    </word>
    <word seq="9">even<GreekSeq>11</GreekSeq>
    </word>
    <word seq="10">as<GreekSeq>10</GreekSeq>
    </word>
    <word seq="11">our<GreekSeq>14</GreekSeq>
    </word>
    <word seq="12">Lord<GreekSeq>13</GreekSeq>
    </word>
    <word seq="13">Jesus<GreekSeq>15</GreekSeq>
    </word>
    <word seq="14">Christ<GreekSeq>16</GreekSeq>
    </word>
    <word seq="15">hath shewed<GreekSeq>17</GreekSeq>
    </word>
    <word seq="16">me.<GreekSeq>18</GreekSeq>
    </word>
   </KJV>
  </verse>
  <verse number="15">
   <KJV>
    <word seq="1">Moreover<GreekSeq>2</GreekSeq>
    </word>
    <word seq="2">I will endeavour<GreekSeq>1</GreekSeq>
    </word>
    <word seq="3">that</word>
    <word seq="4">ye<GreekSeq>6</GreekSeq>
    </word>
    <word seq="5">may be able<GreekSeq>5</GreekSeq>
    </word>
    <word seq="6">after<GreekSeq>7</GreekSeq>
    </word>
    <word seq="7">my<GreekSeq>9</GreekSeq>
    </word>
    <word seq="8">decease<GreekSeq>10</GreekSeq>
    </word>
    <word seq="9">to have<GreekSeq>14</GreekSeq>
    </word>
    <word seq="10">these things <GreekSeq>12</GreekSeq>
    </word>
    <word seq="11">always<GreekSeq>4</GreekSeq>
    </word>
    <word seq="12">in remembrance.<GreekSeq>13</GreekSeq>
    </word>
   </KJV>
  </verse>
  <verse number="16">
   <KJV>
    <word seq="1">For<GreekSeq>2</GreekSeq>
    </word>
    <word seq="2">we have<GreekSeq/>
    </word>
    <word seq="3">not<GreekSeq>1</GreekSeq>
    </word>
    <word seq="4">followed<GreekSeq>5</GreekSeq>
    </word>
    <word seq="5">cunningly devised<GreekSeq>3</GreekSeq>
    </word>
    <word seq="6">fables,<GreekSeq>4</GreekSeq>
    </word>
    <word seq="7">when</word>
    <word seq="8">we made known<GreekSeq>6</GreekSeq>
    </word>
    <word seq="9">unto you<GreekSeq>7</GreekSeq>
    </word>
    <word seq="10">the<GreekSeq>8</GreekSeq>
    </word>
    <word seq="11">power<GreekSeq>14</GreekSeq>
    </word>
    <word seq="12">and<GreekSeq>15</GreekSeq>
    </word>
    <word seq="13">coming<GreekSeq>16</GreekSeq>
    </word>
    <word seq="14">of<GreekSeq>10</GreekSeq>
    </word>
    <word seq="15">our<GreekSeq>11</GreekSeq>
    </word>
    <word seq="16">Lord<GreekSeq>10</GreekSeq>
    </word>
    <word seq="17">Jesus<GreekSeq>12</GreekSeq>
    </word>
    <word seq="18">Christ,<GreekSeq>13</GreekSeq>
    </word>
    <word seq="19">but<GreekSeq>17</GreekSeq>
    </word>
    <word seq="20">were<GreekSeq>19</GreekSeq>
    </word>
    <word seq="21">eyewitnesses<GreekSeq>18</GreekSeq>
    </word>
    <word seq="22">of<GreekSeq>22</GreekSeq>
    </word>
    <word seq="23">his<GreekSeq>21</GreekSeq>
    </word>
    <word seq="24">majesty.<GreekSeq>22</GreekSeq>
    </word>
   </KJV>
  </verse>
  <verse number="17">
   <KJV>
    <word seq="1">For<GreekSeq>2</GreekSeq>
    </word>
    <word seq="2">he received<GreekSeq>1</GreekSeq>
    </word>
    <word seq="3">from<GreekSeq>3</GreekSeq>
    </word>
    <word seq="4">God<GreekSeq>4</GreekSeq>
    </word>
    <word seq="5">the Father<GreekSeq>5</GreekSeq>
    </word>
    <word seq="6">honour<GreekSeq>6</GreekSeq>
    </word>
    <word seq="7">and<GreekSeq>7</GreekSeq>
    </word>
    <word seq="8">glory,<GreekSeq>8</GreekSeq>
    </word>
    <word seq="9">when there came<GreekSeq>10</GreekSeq>
    </word>
    <word seq="10">such<GreekSeq>12</GreekSeq>
    </word>
    <word seq="11">a voice<GreekSeq>9</GreekSeq>
    </word>
    <word seq="12">to him<GreekSeq>11</GreekSeq>
    </word>
    <word seq="13">from<GreekSeq>13</GreekSeq>
    </word>
    <word seq="14">the<GreekSeq>14</GreekSeq>
    </word>
    <word seq="15">excellent<GreekSeq>15</GreekSeq>
    </word>
    <word seq="16">glory,<GreekSeq>16</GreekSeq>
    </word>
    <word seq="17">This<GreekSeq>23</GreekSeq>
    </word>
    <word seq="18">is<GreekSeq>24</GreekSeq>
    </word>
    <word seq="19">my<GreekSeq>22</GreekSeq>
    </word>
    <word seq="20">beloved<GreekSeq>21</GreekSeq>
    </word>
    <word seq="21">Son,<GreekSeq>18</GreekSeq>
    </word>
    <word seq="22">in<GreekSeq>25</GreekSeq>
    </word>
    <word seq="23">whom<GreekSeq>26</GreekSeq>
    </word>
    <word seq="24">I<GreekSeq>27</GreekSeq>
    </word>
    <word seq="25">am well pleased.<GreekSeq>28</GreekSeq>
    </word>
   </KJV>
  </verse>
  <verse number="18">
   <KJV>
    <word seq="1">And<GreekSeq>1</GreekSeq>
    </word>
    <word seq="2">this<GreekSeq>2</GreekSeq>
    </word>
    <word seq="3">voice<GreekSeq>4</GreekSeq>
    </word>
    <word seq="4">which came<GreekSeq>9</GreekSeq>
    </word>
    <word seq="5">from<GreekSeq>7</GreekSeq>
    </word>
    <word seq="6">heaven<GreekSeq>8</GreekSeq>
    </word>
    <word seq="7">we<GreekSeq>5</GreekSeq>
    </word>
    <word seq="8">heard,<GreekSeq>6</GreekSeq>
    </word>
    <word seq="9">when [we] were<GreekSeq>12</GreekSeq>
    </word>
    <word seq="10">with<GreekSeq>10</GreekSeq>
    </word>
    <word seq="11">him<GreekSeq>11</GreekSeq>
    </word>
    <word seq="12">in<GreekSeq>13</GreekSeq>
    </word>
    <word seq="13">the<GreekSeq>14</GreekSeq>
    </word>
    <word seq="14">holy<GreekSeq>15</GreekSeq>
    </word>
    <word seq="15">mount.<GreekSeq>16</GreekSeq>
    </word>
   </KJV>
  </verse>
  <verse number="19">
   <KJV>
    <word seq="1">We have<GreekSeq>2</GreekSeq>
    </word>
    <word seq="2">also<GreekSeq>1</GreekSeq>
    </word>
    <word seq="3">a<GreekSeq>4</GreekSeq>
    </word>
    <word seq="4">more sure<GreekSeq>3</GreekSeq>
    </word>
    <word seq="5">word<GreekSeq>6</GreekSeq>
    </word>
    <word seq="6">of prophecy;<GreekSeq>5</GreekSeq>
    </word>
    <word seq="7">whereunto<GreekSeq>7</GreekSeq>
    </word>
    <word seq="8">ye do<GreekSeq>9</GreekSeq>
    </word>
    <word seq="9">well<GreekSeq>8</GreekSeq>
    </word>
    <word seq="10">that ye take heed,<GreekSeq>10</GreekSeq>
    </word>
    <word seq="11">as<GreekSeq>11</GreekSeq>
    </word>
    <word seq="12">unto a light<GreekSeq>12</GreekSeq>
    </word>
    <word seq="13">that shineth<GreekSeq>13</GreekSeq>
    </word>
    <word seq="14">in<GreekSeq>14</GreekSeq>
    </word>
    <word seq="15">a dark<GreekSeq>15</GreekSeq>
    </word>
    <word seq="16">place,<GreekSeq>16</GreekSeq>
    </word>
    <word seq="17">until<GreekSeq>17</GreekSeq>
    </word>
    <word seq="18">[the]<GreekSeq>18</GreekSeq>
    </word>
    <word seq="19">day<GreekSeq>19</GreekSeq>
    </word>
    <word seq="20">dawn,<GreekSeq>20</GreekSeq>
    </word>
    <word seq="21">and<GreekSeq>21</GreekSeq>
    </word>
    <word seq="22">the day star<GreekSeq>22</GreekSeq>
    </word>
    <word seq="23">arise<GreekSeq>23</GreekSeq>
    </word>
    <word seq="24">in<GreekSeq>24</GreekSeq>
    </word>
    <word seq="25">your<GreekSeq>27</GreekSeq>
    </word>
    <word seq="26">hearts:<GreekSeq>26</GreekSeq>
    </word>
   </KJV>
  </verse>
  <verse number="20">
   <KJV>
    <word seq="1">Knowing<GreekSeq>3</GreekSeq>
    </word>
    <word seq="2">this<GreekSeq>1</GreekSeq>
    </word>
    <word seq="3">first,<GreekSeq>2</GreekSeq>
    </word>
    <word seq="4">that<GreekSeq>4</GreekSeq>
    </word>
    <word seq="5">no<GreekSeq>5</GreekSeq>
     <GreekSeq>10</GreekSeq>
    </word>
    <word seq="6">prophecy<GreekSeq>6</GreekSeq>
    </word>
    <word seq="7">of the scripture<GreekSeq>7</GreekSeq>
    </word>
    <word seq="8">is<GreekSeq>11</GreekSeq>
    </word>
    <word seq="9">of<GreekSeq>9</GreekSeq>
    </word>
    <word seq="10">any</word>
    <word seq="11">private<GreekSeq>8</GreekSeq>
    </word>
    <word seq="12">interpretation.<GreekSeq>9</GreekSeq>
    </word>
   </KJV>
  </verse>
  <verse number="21">
   <KJV>
    <word seq="1">For<GreekSeq>2</GreekSeq>
    </word>
    <word seq="2">the prophecy<GreekSeq>6</GreekSeq>
    </word>
    <word seq="3">came<GreekSeq>5</GreekSeq>
    </word>
    <word seq="4">not<GreekSeq>1</GreekSeq>
    </word>
    <word seq="5">in old time<GreekSeq>7</GreekSeq>
    </word>
    <word seq="6">by the will<GreekSeq>3</GreekSeq>
    </word>
    <word seq="7">of man:<GreekSeq>4</GreekSeq>
    </word>
    <word seq="8">but<GreekSeq>8</GreekSeq>
    </word>
    <word note="Base of different Greek: Ἁγίου(40)" seq="9">holy</word>
    <word seq="10">men<GreekSeq>16</GreekSeq>
    </word>
    <word seq="11">of<GreekSeq>14</GreekSeq>
    </word>
    <word seq="12">God<GreekSeq>15</GreekSeq>
    </word>
    <word seq="13">spake<GreekSeq>13</GreekSeq>
    </word>
    <word seq="14">as they were moved<GreekSeq>12</GreekSeq>
    </word>
    <word seq="15">by<GreekSeq>9</GreekSeq>
    </word>
    <word seq="16">the<GreekSeq/>
    </word>
    <word seq="17">Holy<GreekSeq>11</GreekSeq>
    </word>
    <word seq="18">Ghost.<GreekSeq>10</GreekSeq>
    </word>
   </KJV>
  </verse>
 </chapter>
</book>
