<?xml version="1.0" encoding="UTF-8" standalone="no"?>
<book>
 <chapter book="null" number="2">
  <verse number="1">
   <KJV>
    <word seq="1">But<GreekSeq>2</GreekSeq>
    </word>
    <word seq="2">there were<GreekSeq>1</GreekSeq>
    </word>
    <word seq="3">false prophets<GreekSeq>4</GreekSeq>
    </word>
    <word seq="4">also<GreekSeq>3</GreekSeq>
    </word>
    <word seq="5">among<GreekSeq>5</GreekSeq>
    </word>
    <word seq="6">the<GreekSeq>6</GreekSeq>
    </word>
    <word seq="7">people,<GreekSeq>7</GreekSeq>
    </word>
    <word seq="8">even<GreekSeq>9</GreekSeq>
    </word>
    <word seq="9">as<GreekSeq>8</GreekSeq>
    </word>
    <word seq="10">there shall be<GreekSeq>12</GreekSeq>
    </word>
    <word seq="11">false teachers<GreekSeq>13</GreekSeq>
    </word>
    <word seq="12">among<GreekSeq>10</GreekSeq>
    </word>
    <word seq="13">you,<GreekSeq>11</GreekSeq>
    </word>
    <word seq="14">who<GreekSeq>14</GreekSeq>
    </word>
    <word seq="15">privily shall bring in<GreekSeq>15</GreekSeq>
    </word>
    <word seq="16">damnable<GreekSeq>17</GreekSeq>
    </word>
    <word seq="17">heresies,<GreekSeq>16</GreekSeq>
    </word>
    <word seq="18">even<GreekSeq>18</GreekSeq>
    </word>
    <word seq="19">denying<GreekSeq>23</GreekSeq>
    </word>
    <word seq="20">the<GreekSeq>19</GreekSeq>
    </word>
    <word seq="21">Lord<GreekSeq>22</GreekSeq>
    </word>
    <word seq="22">that bought<GreekSeq>20</GreekSeq>
    </word>
    <word seq="23">them,<GreekSeq>21</GreekSeq>
    </word>
    <word seq="24">and</word>
    <word seq="25">bring<GreekSeq>24</GreekSeq>
    </word>
    <word seq="26">upon themselves<GreekSeq>25</GreekSeq>
    </word>
    <word seq="27">swift<GreekSeq>26</GreekSeq>
    </word>
    <word seq="28">destruction.<GreekSeq>27</GreekSeq>
    </word>
   </KJV>
  </verse>
  <verse number="2">
   <KJV>
    <word seq="1">And<GreekSeq>1</GreekSeq>
    </word>
    <word seq="2">many<GreekSeq>2</GreekSeq>
    </word>
    <word seq="3">shall follow<GreekSeq>3</GreekSeq>
    </word>
    <word seq="4">their<GreekSeq>4</GreekSeq>
    </word>
    <word note="Base of different Greek:  ἀπωλείαις(684)" seq="5">pernicious ways;<GreekSeq>6</GreekSeq>
    </word>
    <word seq="6">by reason of<GreekSeq>7</GreekSeq>
    </word>
    <word seq="7">whom<GreekSeq>8</GreekSeq>
    </word>
    <word seq="8">the<GreekSeq>9</GreekSeq>
    </word>
    <word seq="9">way<GreekSeq>10</GreekSeq>
    </word>
    <word seq="10">of truth<GreekSeq>12</GreekSeq>
    </word>
    <word seq="11">shall be evil spoken of.<GreekSeq>13</GreekSeq>
    </word>
   </KJV>
  </verse>
  <verse number="3">
   <KJV>
    <word seq="1">And<GreekSeq>1</GreekSeq>
    </word>
    <word seq="2">through<GreekSeq>2</GreekSeq>
    </word>
    <word seq="3">covetousness<GreekSeq>3</GreekSeq>
    </word>
    <word seq="4">shall they<GreekSeq>7</GreekSeq>
    </word>
    <word seq="5">with feigned<GreekSeq>4</GreekSeq>
    </word>
    <word seq="6">words<GreekSeq>5</GreekSeq>
    </word>
    <word seq="7">make merchandise of<GreekSeq>7</GreekSeq>
    </word>
    <word seq="8">you:<GreekSeq>6</GreekSeq>
    </word>
    <word seq="9">whose<GreekSeq>8</GreekSeq>
    </word>
    <word seq="10">judgment<GreekSeq>10</GreekSeq>
    </word>
    <word seq="11">now of a long time<GreekSeq>11</GreekSeq>
    </word>
    <word seq="12">lingereth<GreekSeq>13</GreekSeq>
    </word>
    <word seq="13">not,<GreekSeq>12</GreekSeq>
    </word>
    <word seq="14">and<GreekSeq>14</GreekSeq>
    </word>
    <word seq="15">their<GreekSeq>17</GreekSeq>
    </word>
    <word seq="16">damnation<GreekSeq>16</GreekSeq>
    </word>
    <word seq="17">slumbereth<GreekSeq>19</GreekSeq>
    </word>
    <word seq="18">not.<GreekSeq>18</GreekSeq>
    </word>
   </KJV>
  </verse>
  <verse number="4">
   <KJV>
    <word seq="1">For<GreekSeq>2</GreekSeq>
    </word>
    <word seq="2">if<GreekSeq>1</GreekSeq>
    </word>
    <word seq="3">God<GreekSeq>4</GreekSeq>
    </word>
    <word seq="4">spared<GreekSeq>8</GreekSeq>
    </word>
    <word seq="5">not<GreekSeq>7</GreekSeq>
    </word>
    <word seq="6">the angels<GreekSeq>5</GreekSeq>
    </word>
    <word seq="7">that sinned,<GreekSeq>6</GreekSeq>
    </word>
    <word seq="8">but<GreekSeq>9</GreekSeq>
    </word>
    <word seq="9">cast [them] down to hell,<GreekSeq>12</GreekSeq>
    </word>
    <word seq="10">and</word>
    <word seq="11">delivered<GreekSeq>13</GreekSeq>
    </word>
    <word seq="12">them</word>
    <word seq="13">into chains<GreekSeq>10</GreekSeq>
    </word>
    <word seq="14">of darkness,<GreekSeq>11</GreekSeq>
    </word>
    <word seq="15">to be reserved<GreekSeq>16</GreekSeq>
    </word>
    <word seq="16">unto<GreekSeq>14</GreekSeq>
    </word>
    <word seq="17">judgment;<GreekSeq>15</GreekSeq>
    </word>
   </KJV>
  </verse>
  <verse number="5">
   <KJV>
    <word seq="1">And<GreekSeq>1</GreekSeq>
    </word>
    <word seq="2">spared<GreekSeq>5</GreekSeq>
    </word>
    <word seq="3">not<GreekSeq>4</GreekSeq>
    </word>
    <word seq="4">the<GreekSeq/>
    </word>
    <word seq="5">old<GreekSeq>2</GreekSeq>
    </word>
    <word seq="6">world,<GreekSeq>3</GreekSeq>
    </word>
    <word seq="7">but<GreekSeq>6</GreekSeq>
    </word>
    <word seq="8">saved<GreekSeq>11</GreekSeq>
    </word>
    <word seq="9">Noah<GreekSeq>8</GreekSeq>
    </word>
    <word seq="10">the eighth [person],<GreekSeq>7</GreekSeq>
    </word>
    <word seq="11">a preacher<GreekSeq>10</GreekSeq>
    </word>
    <word seq="12">of righteousness,<GreekSeq>9</GreekSeq>
    </word>
    <word seq="13">bringing in<GreekSeq>15</GreekSeq>
    </word>
    <word seq="14">the flood<GreekSeq>12</GreekSeq>
    </word>
    <word seq="15">upon the world<GreekSeq>13</GreekSeq>
    </word>
    <word seq="16">of the ungodly;<GreekSeq>14</GreekSeq>
    </word>
   </KJV>
  </verse>
  <verse number="6">
   <KJV>
    <word seq="1">And<GreekSeq>1</GreekSeq>
    </word>
    <word seq="2">turning<GreekSeq>6</GreekSeq>
    </word>
    <word seq="3">the cities<GreekSeq>2</GreekSeq>
    </word>
    <word seq="4">of Sodom<GreekSeq>3</GreekSeq>
    </word>
    <word seq="5">and<GreekSeq>4</GreekSeq>
    </word>
    <word seq="6">Gomorrha<GreekSeq>5</GreekSeq>
    </word>
    <word seq="7">into ashes<GreekSeq>6</GreekSeq>
    </word>
    <word seq="8">condemned<GreekSeq>8</GreekSeq>
    </word>
    <word seq="9">them</word>
    <word seq="10">with an overthrow,<GreekSeq>7</GreekSeq>
    </word>
    <word seq="11">making<GreekSeq>12</GreekSeq>
    </word>
    <word seq="12">them</word>
    <word seq="13">an ensample<GreekSeq>9</GreekSeq>
    </word>
    <word seq="14">unto those</word>
    <word seq="15">that after should<GreekSeq>10</GreekSeq>
    </word>
    <word seq="16">live</word>
    <word seq="17">ungodly;<GreekSeq>11</GreekSeq>
    </word>
   </KJV>
  </verse>
  <verse number="7">
   <KJV>
    <word seq="1">And<GreekSeq>1</GreekSeq>
    </word>
    <word seq="2">delivered<GreekSeq>12</GreekSeq>
    </word>
    <word seq="3">just<GreekSeq>2</GreekSeq>
    </word>
    <word seq="4">Lot,<GreekSeq>3</GreekSeq>
    </word>
    <word seq="5">vexed<GreekSeq>4</GreekSeq>
    </word>
    <word seq="6">with<GreekSeq>5</GreekSeq>
    </word>
    <word seq="7">the<GreekSeq>6</GreekSeq>
    </word>
    <word seq="8">filthy<GreekSeq>10</GreekSeq>
    </word>
    <word seq="9">conversation<GreekSeq>11</GreekSeq>
    </word>
    <word seq="10">of the<GreekSeq>7</GreekSeq>
    </word>
    <word seq="11">wicked:<GreekSeq>8</GreekSeq>
    </word>
   </KJV>
  </verse>
  <verse number="8">
   <KJV>
    <word seq="1">(For<GreekSeq>2</GreekSeq>
    </word>
    <word seq="2">that<GreekSeq>5</GreekSeq>
    </word>
    <word seq="3">righteous<GreekSeq>6</GreekSeq>
    </word>
    <word seq="4">man dwelling<GreekSeq>7</GreekSeq>
    </word>
    <word seq="5">among<GreekSeq>8</GreekSeq>
    </word>
    <word seq="6">them,<GreekSeq>9</GreekSeq>
    </word>
    <word seq="7">in seeing<GreekSeq>1</GreekSeq>
    </word>
    <word seq="8">and<GreekSeq>3</GreekSeq>
    </word>
    <word seq="9">hearing,<GreekSeq>4</GreekSeq>
    </word>
    <word seq="10">vexed<GreekSeq>17</GreekSeq>
    </word>
    <word seq="11">his</word>
    <word seq="12">righteous<GreekSeq>14</GreekSeq>
    </word>
    <word seq="13">soul<GreekSeq>13</GreekSeq>
    </word>
    <word seq="14">from day<GreekSeq>10</GreekSeq>
    </word>
    <word seq="15">to<GreekSeq>11</GreekSeq>
    </word>
    <word seq="16">day<GreekSeq>12</GreekSeq>
    </word>
    <word seq="17">with [their] unlawful<GreekSeq>15</GreekSeq>
    </word>
    <word seq="18">deeds;)<GreekSeq>16</GreekSeq>
    </word>
   </KJV>
  </verse>
  <verse number="9">
   <KJV>
    <word seq="1">The Lord<GreekSeq>2</GreekSeq>
    </word>
    <word seq="2">knoweth<GreekSeq>1</GreekSeq>
    </word>
    <word seq="3">how</word>
    <word seq="4">to deliver<GreekSeq>6</GreekSeq>
    </word>
    <word seq="5">the</word>
    <word seq="6">godly<GreekSeq>3</GreekSeq>
    </word>
    <word seq="7">out of<GreekSeq>4</GreekSeq>
    </word>
    <word seq="8">temptations,<GreekSeq>5</GreekSeq>
    </word>
    <word seq="9">and<GreekSeq>8</GreekSeq>
    </word>
    <word seq="10">to reserve<GreekSeq>13</GreekSeq>
    </word>
    <word seq="11">the</word>
    <word seq="12">unjust<GreekSeq>7</GreekSeq>
    </word>
    <word seq="13">unto<GreekSeq>9</GreekSeq>
    </word>
    <word seq="14">the day<GreekSeq>10</GreekSeq>
    </word>
    <word seq="15">of judgment<GreekSeq>11</GreekSeq>
    </word>
    <word seq="16">to be punished:<GreekSeq>12</GreekSeq>
    </word>
   </KJV>
  </verse>
  <verse number="10">
   <KJV>
    <word seq="1">But<GreekSeq>2</GreekSeq>
    </word>
    <word seq="2">chiefly<GreekSeq>1</GreekSeq>
    </word>
    <word seq="3">them<GreekSeq>3</GreekSeq>
    </word>
    <word seq="4">that walk<GreekSeq>9</GreekSeq>
    </word>
    <word seq="5">after<GreekSeq>4</GreekSeq>
    </word>
    <word seq="6">the flesh<GreekSeq>5</GreekSeq>
    </word>
    <word seq="7">in<GreekSeq>6</GreekSeq>
    </word>
    <word seq="8">the lust<GreekSeq>7</GreekSeq>
    </word>
    <word seq="9">of uncleanness,<GreekSeq>8</GreekSeq>
    </word>
    <word seq="10">and<GreekSeq>10</GreekSeq>
    </word>
    <word seq="11">despise<GreekSeq>12</GreekSeq>
    </word>
    <word seq="12">government.<GreekSeq>11</GreekSeq>
    </word>
    <word seq="13">Presumptuous<GreekSeq>13</GreekSeq>
    </word>
    <word seq="14">are they,</word>
    <word seq="15">selfwilled,<GreekSeq>14</GreekSeq>
    </word>
    <word seq="16">they are<GreekSeq>17</GreekSeq>
    </word>
    <word seq="17">not<GreekSeq>16</GreekSeq>
    </word>
    <word seq="18">afraid<GreekSeq>17</GreekSeq>
    </word>
    <word seq="19">to speak evil of<GreekSeq>18</GreekSeq>
    </word>
    <word seq="20">dignities.<GreekSeq>15</GreekSeq>
    </word>
   </KJV>
  </verse>
  <verse number="11">
   <KJV>
    <word seq="1">Whereas<GreekSeq>1</GreekSeq>
    </word>
    <word seq="2">angels,<GreekSeq>2</GreekSeq>
    </word>
    <word seq="3">which are<GreekSeq>7</GreekSeq>
    </word>
    <word seq="4">greater<GreekSeq>6</GreekSeq>
    </word>
    <word seq="5">in power<GreekSeq>3</GreekSeq>
    </word>
    <word seq="6">and<GreekSeq>4</GreekSeq>
    </word>
    <word seq="7">might,<GreekSeq>5</GreekSeq>
    </word>
    <word seq="8">bring<GreekSeq>9</GreekSeq>
    </word>
    <word seq="9">not<GreekSeq>8</GreekSeq>
    </word>
    <word seq="10">railing<GreekSeq>14</GreekSeq>
    </word>
    <word seq="11">accusation<GreekSeq>15</GreekSeq>
    </word>
    <word seq="12">against<GreekSeq>10</GreekSeq>
    </word>
    <word seq="13">them<GreekSeq>11</GreekSeq>
    </word>
    <word seq="14">before<GreekSeq>12</GreekSeq>
    </word>
    <word seq="15">the Lord.<GreekSeq>13</GreekSeq>
    </word>
   </KJV>
  </verse>
  <verse number="12">
   <KJV>
    <word seq="1">But<GreekSeq>2</GreekSeq>
    </word>
    <word seq="2">these,<GreekSeq>1</GreekSeq>
    </word>
    <word seq="3">as<GreekSeq>3</GreekSeq>
    </word>
    <word seq="4">natural<GreekSeq>7</GreekSeq>
    </word>
    <word seq="5">brute<GreekSeq>4</GreekSeq>
    </word>
    <word seq="6">beasts,<GreekSeq>5</GreekSeq>
    </word>
    <word seq="7">made<GreekSeq>6</GreekSeq>
    </word>
    <word seq="8">to be taken<GreekSeq>8</GreekSeq>
     <GreekSeq>9</GreekSeq>
    </word>
    <word seq="9">and<GreekSeq>10</GreekSeq>
    </word>
    <word seq="10">destroyed,<GreekSeq>11</GreekSeq>
    </word>
    <word seq="11">speak evil<GreekSeq>15</GreekSeq>
    </word>
    <word seq="12">of<GreekSeq>12</GreekSeq>
    </word>
    <word seq="13">the things<GreekSeq>13</GreekSeq>
    </word>
    <word seq="14">that</word>
    <word seq="15">they understand not;<GreekSeq>14</GreekSeq>
    </word>
    <word seq="16">and<GreekSeq>20</GreekSeq>
    </word>
    <word note="Base of different Greek: καταφθαρήσονται(2704)" seq="17">shall utterly perish<GreekSeq>21</GreekSeq>
    </word>
    <word seq="18">in<GreekSeq>16</GreekSeq>
    </word>
    <word seq="19">their own<GreekSeq>19</GreekSeq>
    </word>
    <word seq="20">corruption;<GreekSeq>18</GreekSeq>
    </word>
   </KJV>
  </verse>
  <verse number="13">
   <KJV>
    <word seq="1"> And </word>
    <word note="Base of different Greek: κομιούμενοι(2865)" seq="2">shall receive</word>
    <word seq="3">the reward<GreekSeq>2</GreekSeq>
    </word>
    <word seq="4">of unrighteousness,<GreekSeq>3</GreekSeq>
    </word>
    <word seq="5">as they</word>
    <word seq="6">that count it<GreekSeq>5</GreekSeq>
    </word>
    <word seq="7">pleasure<GreekSeq>4</GreekSeq>
    </word>
    <word seq="8">to riot<GreekSeq>9</GreekSeq>
    </word>
    <word seq="9">in<GreekSeq>7</GreekSeq>
    </word>
    <word seq="10">the day time.<GreekSeq>8</GreekSeq>
    </word>
    <word seq="11">Spots<GreekSeq>10</GreekSeq>
    </word>
    <word seq="12">they are</word>
    <word seq="13">and<GreekSeq>11</GreekSeq>
    </word>
    <word seq="14">blemishes,<GreekSeq>12</GreekSeq>
    </word>
    <word seq="15">sporting themselves<GreekSeq>13</GreekSeq>
    </word>
    <word seq="16">with<GreekSeq>14</GreekSeq>
    </word>
    <word seq="17">their own<GreekSeq>17</GreekSeq>
    </word>
    <word seq="18">deceivings<GreekSeq>16</GreekSeq>
    </word>
    <word seq="19">while they feast<GreekSeq>18</GreekSeq>
    </word>
    <word seq="20">with you;<GreekSeq>19</GreekSeq>
    </word>
   </KJV>
  </verse>
  <verse number="14">
   <KJV>
    <word seq="1">Having<GreekSeq>2</GreekSeq>
    </word>
    <word seq="2">eyes<GreekSeq>1</GreekSeq>
    </word>
    <word seq="3">full<GreekSeq>3</GreekSeq>
    </word>
    <word seq="4">of adultery,<GreekSeq>4</GreekSeq>
    </word>
    <word seq="5">and<GreekSeq>5</GreekSeq>
    </word>
    <word seq="6">that cannot cease from<GreekSeq>6</GreekSeq>
    </word>
    <word seq="7">sin;<GreekSeq>7</GreekSeq>
    </word>
    <word seq="8">beguiling<GreekSeq>8</GreekSeq>
    </word>
    <word seq="9">unstable<GreekSeq>10</GreekSeq>
    </word>
    <word seq="10">souls:<GreekSeq>9</GreekSeq>
    </word>
    <word seq="11">an heart<GreekSeq>11</GreekSeq>
    </word>
    <word seq="12">they have exercised<GreekSeq>12</GreekSeq>
    </word>
    <word seq="13">with covetous practices;<GreekSeq>13</GreekSeq>
    </word>
    <word seq="14">cursed<GreekSeq>15</GreekSeq>
    </word>
    <word seq="15">children:<GreekSeq>16</GreekSeq>
    </word>
   </KJV>
  </verse>
  <verse number="15">
   <KJV>
    <word seq="1">Which have forsaken<GreekSeq>1</GreekSeq>
    </word>
    <word seq="2">the</word>
    <word seq="3">right<GreekSeq>2</GreekSeq>
    </word>
    <word seq="4">way,<GreekSeq>3</GreekSeq>
    </word>
    <word seq="5">and</word>
    <word seq="6">are gone astray,<GreekSeq>4</GreekSeq>
    </word>
    <word seq="7">following<GreekSeq>5</GreekSeq>
    </word>
    <word seq="8">the<GreekSeq>6</GreekSeq>
    </word>
    <word seq="9">way<GreekSeq>7</GreekSeq>
    </word>
    <word seq="10">of Balaam<GreekSeq>8</GreekSeq>
     <GreekSeq>9</GreekSeq>
    </word>
    <word seq="11">the [son] of<GreekSeq>10</GreekSeq>
    </word>
    <word seq="12">Bosor,<GreekSeq>11</GreekSeq>
    </word>
    <word seq="13">who<GreekSeq>12</GreekSeq>
    </word>
    <word seq="14">loved<GreekSeq>15</GreekSeq>
    </word>
    <word seq="15">the wages<GreekSeq>13</GreekSeq>
    </word>
    <word seq="16">of unrighteousness;<GreekSeq>14</GreekSeq>
    </word>
   </KJV>
  </verse>
  <verse number="16">
   <KJV>
    <word seq="1">But<GreekSeq>2</GreekSeq>
    </word>
    <word seq="2">was rebuked for<GreekSeq>1</GreekSeq>
     <GreekSeq>3</GreekSeq>
    </word>
    <word seq="3">his<GreekSeq>4</GreekSeq>
    </word>
    <word seq="4">iniquity:<GreekSeq>5</GreekSeq>
    </word>
    <word seq="5">the dumb<GreekSeq>7</GreekSeq>
    </word>
    <word seq="6">ass<GreekSeq>6</GreekSeq>
    </word>
    <word seq="7">speaking<GreekSeq>11</GreekSeq>
    </word>
    <word seq="8">with<GreekSeq>8</GreekSeq>
    </word>
    <word seq="9">man's<GreekSeq>9</GreekSeq>
    </word>
    <word seq="10">voice<GreekSeq>10</GreekSeq>
    </word>
    <word seq="11">forbad<GreekSeq>12</GreekSeq>
    </word>
    <word seq="12">the<GreekSeq>13</GreekSeq>
    </word>
    <word seq="13">madness<GreekSeq>16</GreekSeq>
    </word>
    <word seq="14">of the<GreekSeq>14</GreekSeq>
    </word>
    <word seq="15">prophet.<GreekSeq>15</GreekSeq>
    </word>
   </KJV>
  </verse>
  <verse number="17">
   <KJV>
    <word seq="1">These<GreekSeq>1</GreekSeq>
    </word>
    <word seq="2">are<GreekSeq>2</GreekSeq>
    </word>
    <word seq="3">wells<GreekSeq>3</GreekSeq>
    </word>
    <word seq="4">without water,<GreekSeq>4</GreekSeq>
    </word>
    <word seq="5">clouds<GreekSeq>6</GreekSeq>
    </word>
    <word seq="6">that are carried<GreekSeq>9</GreekSeq>
    </word>
    <word seq="7">with<GreekSeq>7</GreekSeq>
    </word>
    <word seq="8">a tempest;<GreekSeq>8</GreekSeq>
    </word>
    <word seq="9">to whom<GreekSeq>10</GreekSeq>
    </word>
    <word seq="10">the<GreekSeq>11</GreekSeq>
    </word>
    <word seq="11">mist<GreekSeq>12</GreekSeq>
    </word>
    <word seq="12">of darkness<GreekSeq>14</GreekSeq>
    </word>
    <word seq="13">is reserved<GreekSeq>15</GreekSeq>
    </word>
    <word note="Base of different Greek: εἰς(1519)" seq="14">for</word>
    <word note="Base of different Greek:  αἰῶνα(165)" seq="15">ever.</word>
   </KJV>
  </verse>
  <verse number="18">
   <KJV>
    <word seq="1">For<GreekSeq>2</GreekSeq>
    </word>
    <word seq="2">when they speak<GreekSeq>4</GreekSeq>
    </word>
    <word seq="3">great swelling<GreekSeq>1</GreekSeq>
    </word>
    <word seq="4">words</word>
    <word seq="5">of vanity,<GreekSeq>3</GreekSeq>
    </word>
    <word seq="6">they allure<GreekSeq>5</GreekSeq>
    </word>
    <word seq="7">through<GreekSeq>6</GreekSeq>
    </word>
    <word seq="8">the lusts<GreekSeq>7</GreekSeq>
    </word>
    <word seq="9">of the flesh,<GreekSeq>8</GreekSeq>
    </word>
    <word seq="10">through much wantonness,<GreekSeq>9</GreekSeq>
    </word>
    <word seq="11">those<GreekSeq>10</GreekSeq>
    </word>
    <word seq="12">that were<GreekSeq>12</GreekSeq>
    </word>
    <word note="Base of different Greek: ὄντως(3689)" seq="13">clean<GreekSeq>11</GreekSeq>
    </word>
    <word seq="14">escaped from <GreekSeq>12</GreekSeq>
    </word>
    <word seq="15">them<GreekSeq>13</GreekSeq>
    </word>
    <word seq="16">who live<GreekSeq>16</GreekSeq>
    </word>
    <word seq="17">in<GreekSeq>14</GreekSeq>
    </word>
    <word seq="18">error.<GreekSeq>15</GreekSeq>
    </word>
   </KJV>
  </verse>
  <verse number="19">
   <KJV>
    <word seq="1">While they promise<GreekSeq>3</GreekSeq>
    </word>
    <word seq="2">them<GreekSeq>2</GreekSeq>
    </word>
    <word seq="3">liberty,<GreekSeq>1</GreekSeq>
    </word>
    <word seq="4">they themselves<GreekSeq>4</GreekSeq>
    </word>
    <word seq="5">are<GreekSeq>6</GreekSeq>
    </word>
    <word seq="6">the servants<GreekSeq>5</GreekSeq>
    </word>
    <word seq="7">of corruption:<GreekSeq>8</GreekSeq>
    </word>
    <word seq="8">for<GreekSeq>10</GreekSeq>
    </word>
    <word seq="9">of whom<GreekSeq>9</GreekSeq>
    </word>
    <word seq="10">a man<GreekSeq>11</GreekSeq>
    </word>
    <word seq="11">is overcome,<GreekSeq>12</GreekSeq>
    </word>
    <word seq="12">of the same<GreekSeq>13</GreekSeq>
    </word>
    <word seq="13">is he brought in bondage.<GreekSeq>14</GreekSeq>
    </word>
   </KJV>
  </verse>
  <verse number="20">
   <KJV>
    <word seq="1">For<GreekSeq>2</GreekSeq>
    </word>
    <word seq="2">if<GreekSeq>1</GreekSeq>
    </word>
    <word seq="3">after they have escaped<GreekSeq>3</GreekSeq>
    </word>
    <word seq="4">the<GreekSeq>4</GreekSeq>
    </word>
    <word seq="5">pollutions<GreekSeq>5</GreekSeq>
    </word>
    <word seq="6">of the<GreekSeq>6</GreekSeq>
    </word>
    <word seq="7">world<GreekSeq>7</GreekSeq>
    </word>
    <word seq="8">through<GreekSeq>8</GreekSeq>
    </word>
    <word seq="9">the knowledge<GreekSeq>9</GreekSeq>
    </word>
    <word seq="10">of the<GreekSeq>10</GreekSeq>
    </word>
    <word seq="11">Lord<GreekSeq>11</GreekSeq>
    </word>
    <word seq="12">and<GreekSeq>13</GreekSeq>
    </word>
    <word seq="13">Saviour<GreekSeq>14</GreekSeq>
    </word>
    <word seq="14">Jesus<GreekSeq>15</GreekSeq>
    </word>
    <word seq="15">Christ,<GreekSeq>16</GreekSeq>
    </word>
    <word seq="16">they are<GreekSeq>21</GreekSeq>
    </word>
    <word seq="17">again<GreekSeq>19</GreekSeq>
    </word>
    <word seq="18">entangled<GreekSeq>20</GreekSeq>
    </word>
    <word seq="19">therein,<GreekSeq>17</GreekSeq>
    </word>
    <word seq="20">and</word>
    <word seq="21">overcome,<GreekSeq>21</GreekSeq>
    </word>
    <word seq="22">the<GreekSeq>24</GreekSeq>
    </word>
    <word seq="23">latter [end]<GreekSeq>25</GreekSeq>
    </word>
    <word seq="24">is<GreekSeq>22</GreekSeq>
    </word>
    <word seq="25">worse<GreekSeq>26</GreekSeq>
    </word>
    <word seq="26">with them<GreekSeq>23</GreekSeq>
    </word>
    <word seq="27">than<GreekSeq>26</GreekSeq>
    </word>
    <word seq="28">the<GreekSeq>27</GreekSeq>
    </word>
    <word seq="29">beginning.<GreekSeq>28</GreekSeq>
    </word>
   </KJV>
  </verse>
  <verse number="21">
   <KJV>
    <word seq="1">For<GreekSeq>2</GreekSeq>
    </word>
    <word seq="2">it had been<GreekSeq>3</GreekSeq>
    </word>
    <word seq="3">better<GreekSeq>1</GreekSeq>
    </word>
    <word seq="4">for them<GreekSeq>4</GreekSeq>
    </word>
    <word seq="5">not<GreekSeq>5</GreekSeq>
    </word>
    <word seq="6">to have known<GreekSeq>6</GreekSeq>
    </word>
    <word seq="7">the<GreekSeq>7</GreekSeq>
    </word>
    <word seq="8">way<GreekSeq>8</GreekSeq>
    </word>
    <word seq="9">of righteousness,<GreekSeq>10</GreekSeq>
    </word>
    <word seq="10">than,<GreekSeq>11</GreekSeq>
    </word>
    <word seq="11">[after] they have known<GreekSeq>12</GreekSeq>
    </word>
    <word seq="12">it,</word>
    <word note="Base of different Greek: ἐπιστρέψαι(1994)" seq="13">to turn<GreekSeq>13</GreekSeq>
    </word>
    <word seq="14">from<GreekSeq>14</GreekSeq>
    </word>
    <word seq="15">the<GreekSeq>15</GreekSeq>
    </word>
    <word seq="16">holy<GreekSeq>18</GreekSeq>
    </word>
    <word seq="17">commandment<GreekSeq>19</GreekSeq>
    </word>
    <word seq="18">delivered<GreekSeq>16</GreekSeq>
    </word>
    <word seq="19">unto them.<GreekSeq>17</GreekSeq>
    </word>
   </KJV>
  </verse>
  <verse number="22">
   <KJV>
    <word note="Base of different Greek: δὲ(1161)" seq="1">But</word>
    <word seq="2">it is happened<GreekSeq>1</GreekSeq>
    </word>
    <word seq="3">unto them<GreekSeq>2</GreekSeq>
    </word>
    <word seq="4">[according] to the <GreekSeq>4</GreekSeq>
    </word>
    <word seq="5">true<GreekSeq>5</GreekSeq>
    </word>
    <word seq="6">proverb,<GreekSeq>6</GreekSeq>
    </word>
    <word seq="7">The dog<GreekSeq>7</GreekSeq>
    </word>
    <word seq="8">is turned<GreekSeq>8</GreekSeq>
    </word>
    <word seq="9">to<GreekSeq>9</GreekSeq>
    </word>
    <word seq="10">his own<GreekSeq>11</GreekSeq>
    </word>
    <word seq="11">vomit<GreekSeq>12</GreekSeq>
    </word>
    <word seq="12">again;<GreekSeq>8</GreekSeq>
    </word>
    <word seq="13">and<GreekSeq>13</GreekSeq>
    </word>
    <word seq="14">the sow<GreekSeq>14</GreekSeq>
    </word>
    <word seq="15">that was washed<GreekSeq>15</GreekSeq>
    </word>
    <word seq="16">to<GreekSeq>16</GreekSeq>
    </word>
    <word seq="17">her</word>
    <word seq="18">wallowing<GreekSeq>17</GreekSeq>
    </word>
    <word seq="19">in the mire.<GreekSeq>18</GreekSeq>
    </word>
   </KJV>
  </verse>
 </chapter>
</book>
