<?xml version="1.0" encoding="UTF-8" standalone="no"?>
<book>
 <chapter book="null" number="3">
  <verse number="1">
   <KJV>
    <word seq="1">Finally,<GreekSeq>2</GreekSeq>
    </word>
    <word seq="2">brethren,<GreekSeq>4</GreekSeq>
    </word>
    <word seq="3">pray<GreekSeq>3</GreekSeq>
    </word>
    <word seq="4">for<GreekSeq>5</GreekSeq>
    </word>
    <word seq="5">us,<GreekSeq>6</GreekSeq>
    </word>
    <word seq="6">that<GreekSeq>7</GreekSeq>
    </word>
    <word seq="7">the<GreekSeq>8</GreekSeq>
    </word>
    <word seq="8">word<GreekSeq>9</GreekSeq>
    </word>
    <word seq="10">of the<GreekSeq>10</GreekSeq>
    </word>
    <word seq="10">Lord<GreekSeq>11</GreekSeq>
    </word>
    <word seq="11">may have free course,<GreekSeq>12</GreekSeq>
    </word>
    <word seq="12">and<GreekSeq>13</GreekSeq>
    </word>
    <word seq="13">be glorified,<GreekSeq>14</GreekSeq>
    </word>
    <word seq="14">even<GreekSeq>16</GreekSeq>
    </word>
    <word seq="15">as<GreekSeq>15</GreekSeq>
    </word>
    <word seq="16">it is</word>
    <word seq="17">with<GreekSeq>17</GreekSeq>
    </word>
    <word seq="18">you:<GreekSeq>18</GreekSeq>
    </word>
   </KJV>
  </verse>
  <verse number="2">
   <KJV>
    <word seq="1">And<GreekSeq>1</GreekSeq>
    </word>
    <word seq="2">that<GreekSeq>2</GreekSeq>
    </word>
    <word seq="3">we may be delivered<GreekSeq>3</GreekSeq>
    </word>
    <word seq="4">from<GreekSeq>4</GreekSeq>
    </word>
    <word seq="5">unreasonable<GreekSeq>6</GreekSeq>
    </word>
    <word seq="6">and<GreekSeq>7</GreekSeq>
    </word>
    <word seq="7">wicked<GreekSeq>8</GreekSeq>
    </word>
    <word seq="8">men:<GreekSeq>9</GreekSeq>
    </word>
    <word seq="9">for<GreekSeq>11</GreekSeq>
    </word>
    <word seq="10">all men [have]<GreekSeq>12</GreekSeq>
    </word>
    <word seq="11">not<GreekSeq>10</GreekSeq>
    </word>
    <word seq="12">faith.<GreekSeq>14</GreekSeq>
    </word>
   </KJV>
  </verse>
  <verse number="3">
   <KJV>
    <word seq="1">But<GreekSeq>2</GreekSeq>
    </word>
    <word seq="2">the<GreekSeq>4</GreekSeq>
    </word>
    <word seq="3">Lord<GreekSeq>5</GreekSeq>
    </word>
    <word seq="4">is<GreekSeq>3</GreekSeq>
    </word>
    <word seq="5">faithful,<GreekSeq>1</GreekSeq>
    </word>
    <word seq="6">who<GreekSeq>6</GreekSeq>
    </word>
    <word seq="7">shall stablish<GreekSeq>7</GreekSeq>
    </word>
    <word seq="8">you,<GreekSeq>8</GreekSeq>
    </word>
    <word seq="9">and<GreekSeq>9</GreekSeq>
    </word>
    <word seq="10">keep [you]<GreekSeq>10</GreekSeq>
    </word>
    <word seq="11">from<GreekSeq>11</GreekSeq>
    </word>
    <word seq="12">evil.<GreekSeq>13</GreekSeq>
    </word>
   </KJV>
  </verse>
  <verse number="4">
   <KJV>
    <word seq="1">And<GreekSeq>2</GreekSeq>
    </word>
    <word seq="2">we have confidence<GreekSeq>1</GreekSeq>
    </word>
    <word seq="3">in<GreekSeq>3</GreekSeq>
    </word>
    <word seq="4">the Lord<GreekSeq>4</GreekSeq>
    </word>
    <word seq="5">touching<GreekSeq>5</GreekSeq>
    </word>
    <word seq="6">you,<GreekSeq>6</GreekSeq>
    </word>
    <word seq="7">that<GreekSeq>7</GreekSeq>
    </word>
    <word seq="8">ye<GreekSeq>11</GreekSeq>
    </word>
    <word seq="9">both<GreekSeq>10</GreekSeq>
    </word>
    <word seq="10">do<GreekSeq>11</GreekSeq>
    </word>
    <word seq="11">and<GreekSeq>12</GreekSeq>
    </word>
    <word seq="12">will do<GreekSeq>13</GreekSeq>
    </word>
    <word seq="13">the things<GreekSeq>8</GreekSeq>
    </word>
    <word seq="14">which</word>
    <word seq="15">we command<GreekSeq>9</GreekSeq>
    </word>
    <word note="Base of different Greek: ὑμῖν(5213)" seq="16">you.</word>
   </KJV>
  </verse>
  <verse number="5">
   <KJV>
    <word seq="1">And<GreekSeq>2</GreekSeq>
    </word>
    <word seq="2">the<GreekSeq>1</GreekSeq>
    </word>
    <word seq="3">Lord<GreekSeq>3</GreekSeq>
    </word>
    <word seq="4">direct<GreekSeq>4</GreekSeq>
    </word>
    <word seq="5">your<GreekSeq>5</GreekSeq>
    </word>
    <word seq="6">hearts<GreekSeq>7</GreekSeq>
    </word>
    <word seq="7">into<GreekSeq>8</GreekSeq>
    </word>
    <word seq="8">the<GreekSeq>9</GreekSeq>
    </word>
    <word seq="9">love<GreekSeq>10</GreekSeq>
    </word>
    <word seq="10">of God,<GreekSeq>12</GreekSeq>
    </word>
    <word seq="11">and<GreekSeq>13</GreekSeq>
    </word>
    <word seq="12">into<GreekSeq>14</GreekSeq>
    </word>
    <word seq="13">the<GreekSeq>15</GreekSeq>
    </word>
    <word seq="14">patient<GreekSeq>16</GreekSeq>
    </word>
    <word seq="15">[waiting for] Christ.<GreekSeq>18</GreekSeq>
    </word>
   </KJV>
  </verse>
  <verse number="6">
   <KJV>
    <word seq="1">Now<GreekSeq>2</GreekSeq>
    </word>
    <word seq="2">we command<GreekSeq>1</GreekSeq>
    </word>
    <word seq="3">you,<GreekSeq>3</GreekSeq>
    </word>
    <word seq="4">brethren,<GreekSeq>4</GreekSeq>
    </word>
    <word seq="5">in<GreekSeq>5</GreekSeq>
    </word>
    <word seq="6">the name<GreekSeq>6</GreekSeq>
    </word>
    <word seq="7">of<GreekSeq>8</GreekSeq>
    </word>
    <word seq="8">our<GreekSeq>9</GreekSeq>
    </word>
    <word seq="9">Lord<GreekSeq>8</GreekSeq>
    </word>
    <word seq="10">Jesus<GreekSeq>10</GreekSeq>
    </word>
    <word seq="11">Christ,<GreekSeq>11</GreekSeq>
    </word>
    <word seq="12">that ye<GreekSeq/>
    </word>
    <word seq="13">withdraw<GreekSeq>12</GreekSeq>
    </word>
    <word seq="14">yourselves<GreekSeq>13</GreekSeq>
    </word>
    <word seq="15">from<GreekSeq>14</GreekSeq>
    </word>
    <word seq="16">every<GreekSeq>15</GreekSeq>
    </word>
    <word seq="17">brother<GreekSeq>16</GreekSeq>
    </word>
    <word seq="18">that walketh<GreekSeq>18</GreekSeq>
    </word>
    <word seq="19">disorderly,<GreekSeq>17</GreekSeq>
    </word>
    <word seq="20">and<GreekSeq>19</GreekSeq>
    </word>
    <word seq="21">not<GreekSeq>20</GreekSeq>
    </word>
    <word seq="22">after<GreekSeq>21</GreekSeq>
    </word>
    <word seq="23">the<GreekSeq>22</GreekSeq>
    </word>
    <word seq="24">tradition<GreekSeq>23</GreekSeq>
    </word>
    <word seq="25">which<GreekSeq>24</GreekSeq>
    </word>
    <word seq="26">he received<GreekSeq>25</GreekSeq>
    </word>
    <word seq="27">of<GreekSeq>26</GreekSeq>
    </word>
    <word seq="28">us.<GreekSeq>27</GreekSeq>
    </word>
   </KJV>
  </verse>
  <verse number="7">
   <KJV>
    <word seq="1">For<GreekSeq>2</GreekSeq>
    </word>
    <word seq="2">yourselves<GreekSeq>1</GreekSeq>
    </word>
    <word seq="3">know<GreekSeq>3</GreekSeq>
    </word>
    <word seq="4">how<GreekSeq>4</GreekSeq>
    </word>
    <word seq="5">ye ought<GreekSeq>5</GreekSeq>
    </word>
    <word seq="6">to follow<GreekSeq>6</GreekSeq>
    </word>
    <word seq="7">us:<GreekSeq>7</GreekSeq>
    </word>
    <word seq="8">for<GreekSeq>8</GreekSeq>
    </word>
    <word seq="9">we behaved<GreekSeq>10</GreekSeq>
    </word>
    <word seq="10">not<GreekSeq>9</GreekSeq>
    </word>
    <word seq="11">ourselves</word>
    <word seq="12">disorderly<GreekSeq>10</GreekSeq>
    </word>
    <word seq="13">among<GreekSeq>11</GreekSeq>
    </word>
    <word seq="14">you;<GreekSeq>12</GreekSeq>
    </word>
   </KJV>
  </verse>
  <verse number="8">
   <KJV>
    <word seq="1">Neither<GreekSeq>1</GreekSeq>
    </word>
    <word seq="2">did we eat<GreekSeq>4</GreekSeq>
    </word>
    <word seq="3">any man's <GreekSeq>6</GreekSeq>
    </word>
    <word seq="4">bread<GreekSeq>3</GreekSeq>
    </word>
    <word seq="5">for nought;<GreekSeq>2</GreekSeq>
    </word>
    <word seq="6">but<GreekSeq>7</GreekSeq>
    </word>
    <word seq="7">wrought<GreekSeq>15</GreekSeq>
    </word>
    <word seq="8">with<GreekSeq>8</GreekSeq>
    </word>
    <word seq="9">labour<GreekSeq>9</GreekSeq>
    </word>
    <word seq="10">and<GreekSeq>10</GreekSeq>
    </word>
    <word seq="11">travail<GreekSeq>11</GreekSeq>
    </word>
    <word seq="12">night<GreekSeq>12</GreekSeq>
    </word>
    <word seq="13">and<GreekSeq>13</GreekSeq>
    </word>
    <word seq="14">day,<GreekSeq>14</GreekSeq>
    </word>
    <word seq="15">that<GreekSeq>16</GreekSeq>
     <GreekSeq>17</GreekSeq>
    </word>
    <word seq="16">we might<GreekSeq/>
    </word>
    <word seq="17">not<GreekSeq>18</GreekSeq>
    </word>
    <word seq="18">be chargeable<GreekSeq>19</GreekSeq>
    </word>
    <word seq="19">to any<GreekSeq>20</GreekSeq>
    </word>
    <word seq="20">of you:<GreekSeq>21</GreekSeq>
    </word>
   </KJV>
  </verse>
  <verse number="9">
   <KJV>
    <word seq="1">Not<GreekSeq>1</GreekSeq>
    </word>
    <word seq="2">because<GreekSeq>2</GreekSeq>
    </word>
    <word seq="3">we have<GreekSeq>4</GreekSeq>
    </word>
    <word seq="4">not<GreekSeq>3</GreekSeq>
    </word>
    <word seq="5">power,<GreekSeq>5</GreekSeq>
    </word>
    <word seq="6">but<GreekSeq>6</GreekSeq>
    </word>
    <word seq="7">to make<GreekSeq>7</GreekSeq>
     <GreekSeq>10</GreekSeq>
    </word>
    <word seq="8">ourselves<GreekSeq>8</GreekSeq>
    </word>
    <word seq="9">an ensample<GreekSeq>9</GreekSeq>
    </word>
    <word seq="10">unto you<GreekSeq>11</GreekSeq>
    </word>
    <word seq="11">to follow<GreekSeq>14</GreekSeq>
    </word>
    <word seq="12">us.<GreekSeq>15</GreekSeq>
    </word>
   </KJV>
  </verse>
  <verse number="10">
   <KJV>
    <word seq="1">For<GreekSeq>2</GreekSeq>
    </word>
    <word seq="2">even<GreekSeq>1</GreekSeq>
    </word>
    <word seq="3">when<GreekSeq>3</GreekSeq>
    </word>
    <word seq="4">we were<GreekSeq>4</GreekSeq>
    </word>
    <word seq="5">with<GreekSeq>5</GreekSeq>
    </word>
    <word seq="6">you,<GreekSeq>6</GreekSeq>
    </word>
    <word seq="7">this<GreekSeq>7</GreekSeq>
    </word>
    <word seq="8">we commanded<GreekSeq>8</GreekSeq>
    </word>
    <word seq="9">you,<GreekSeq>9</GreekSeq>
    </word>
    <word seq="10">that<GreekSeq>10</GreekSeq>
    </word>
    <word seq="11">if<GreekSeq>11</GreekSeq>
    </word>
    <word seq="12">any<GreekSeq>12</GreekSeq>
    </word>
    <word seq="13">would<GreekSeq>14</GreekSeq>
    </word>
    <word seq="14">not<GreekSeq>13</GreekSeq>
    </word>
    <word seq="15">work,<GreekSeq>15</GreekSeq>
    </word>
    <word seq="16">neither<GreekSeq>16</GreekSeq>
    </word>
    <word seq="17">should he eat.<GreekSeq>17</GreekSeq>
    </word>
   </KJV>
  </verse>
  <verse number="11">
   <KJV>
    <word seq="1">For<GreekSeq>2</GreekSeq>
    </word>
    <word seq="2">we hear<GreekSeq>1</GreekSeq>
    </word>
    <word seq="3">that there are</word>
    <word seq="4">some<GreekSeq>3</GreekSeq>
    </word>
    <word seq="5">which walk<GreekSeq>4</GreekSeq>
    </word>
    <word seq="6">among<GreekSeq>5</GreekSeq>
    </word>
    <word seq="7">you<GreekSeq>6</GreekSeq>
    </word>
    <word seq="8">disorderly,<GreekSeq>7</GreekSeq>
    </word>
    <word seq="9">working<GreekSeq>9</GreekSeq>
    </word>
    <word seq="10">not at all,<GreekSeq>8</GreekSeq>
    </word>
    <word seq="11">but<GreekSeq>10</GreekSeq>
    </word>
    <word seq="12">are busybodies.<GreekSeq>11</GreekSeq>
    </word>
   </KJV>
  </verse>
  <verse number="12">
   <KJV>
    <word seq="1">Now<GreekSeq>2</GreekSeq>
    </word>
    <word seq="2">them<GreekSeq>1</GreekSeq>
    </word>
    <word seq="3">that are</word>
    <word seq="4">such<GreekSeq>3</GreekSeq>
    </word>
    <word seq="5">we command<GreekSeq>4</GreekSeq>
    </word>
    <word seq="6">and<GreekSeq>5</GreekSeq>
    </word>
    <word seq="7">exhort<GreekSeq>6</GreekSeq>
    </word>
    <word note="Base of different Greek: διὰ(1223)" seq="8">by<GreekSeq>7</GreekSeq>
    </word>
    <word note="Base of different Greek: ἡμῶν(2257)" seq="9">our</word>
    <word seq="10">Lord<GreekSeq>8</GreekSeq>
    </word>
    <word seq="11">Jesus<GreekSeq>9</GreekSeq>
    </word>
    <word seq="12">Christ,<GreekSeq>10</GreekSeq>
    </word>
    <word seq="13">that<GreekSeq>11</GreekSeq>
    </word>
    <word seq="14">with<GreekSeq>12</GreekSeq>
    </word>
    <word seq="15">quietness<GreekSeq>13</GreekSeq>
    </word>
    <word seq="16">they work,<GreekSeq>14</GreekSeq>
    </word>
    <word seq="17">and</word>
    <word seq="18">eat<GreekSeq>18</GreekSeq>
    </word>
    <word seq="19">their own<GreekSeq>16</GreekSeq>
    </word>
    <word seq="20">bread.<GreekSeq>17</GreekSeq>
    </word>
   </KJV>
  </verse>
  <verse number="13">
   <KJV>
    <word seq="1">But<GreekSeq>2</GreekSeq>
    </word>
    <word seq="2">ye,<GreekSeq>1</GreekSeq>
    </word>
    <word seq="3">brethren,<GreekSeq>3</GreekSeq>
    </word>
    <word seq="4">be<GreekSeq>5</GreekSeq>
    </word>
    <word seq="5">not<GreekSeq>4</GreekSeq>
    </word>
    <word seq="6">weary in <GreekSeq>5</GreekSeq>
    </word>
    <word seq="7">well doing.<GreekSeq>6</GreekSeq>
    </word>
   </KJV>
  </verse>
  <verse number="14">
   <KJV>
    <word seq="1">And<GreekSeq>2</GreekSeq>
    </word>
    <word seq="2">if<GreekSeq>1</GreekSeq>
    </word>
    <word seq="3">any man <GreekSeq>3</GreekSeq>
    </word>
    <word seq="4">obey<GreekSeq>5</GreekSeq>
    </word>
    <word seq="5">not<GreekSeq>4</GreekSeq>
    </word>
    <word seq="6">our<GreekSeq>8</GreekSeq>
    </word>
    <word seq="7">word<GreekSeq>7</GreekSeq>
    </word>
    <word seq="8">by<GreekSeq>9</GreekSeq>
    </word>
    <word seq="9">this<GreekSeq>10</GreekSeq>
    </word>
    <word seq="10">epistle,<GreekSeq>11</GreekSeq>
    </word>
    <word seq="11">note<GreekSeq>13</GreekSeq>
    </word>
    <word seq="12">that man, <GreekSeq>12</GreekSeq>
    </word>
    <word note="Base of different Greek: καὶ(2532)" seq="13">and</word>
    <word seq="14">have<GreekSeq>15</GreekSeq>
    </word>
    <word seq="15">no<GreekSeq>14</GreekSeq>
    </word>
    <word seq="16">company with <GreekSeq>15</GreekSeq>
    </word>
    <word seq="17">him,<GreekSeq>16</GreekSeq>
    </word>
    <word seq="18">that<GreekSeq>17</GreekSeq>
    </word>
    <word seq="19">he may be ashamed.<GreekSeq>18</GreekSeq>
    </word>
   </KJV>
  </verse>
  <verse number="15">
   <KJV>
    <word seq="1">Yet<GreekSeq>1</GreekSeq>
    </word>
    <word seq="2">count<GreekSeq>5</GreekSeq>
    </word>
    <word seq="3">him</word>
    <word seq="4">not<GreekSeq>2</GreekSeq>
    </word>
    <word seq="5">as<GreekSeq>3</GreekSeq>
    </word>
    <word seq="6">an enemy,<GreekSeq>4</GreekSeq>
    </word>
    <word seq="7">but<GreekSeq>6</GreekSeq>
    </word>
    <word seq="8">admonish<GreekSeq>7</GreekSeq>
    </word>
    <word seq="9">him</word>
    <word seq="10">as<GreekSeq>8</GreekSeq>
    </word>
    <word seq="11">a brother.<GreekSeq>9</GreekSeq>
    </word>
   </KJV>
  </verse>
  <verse number="16">
   <KJV>
    <word seq="1">Now<GreekSeq>2</GreekSeq>
    </word>
    <word seq="2">the<GreekSeq>3</GreekSeq>
    </word>
    <word seq="3">Lord<GreekSeq>4</GreekSeq>
    </word>
    <word seq="4">of peace<GreekSeq>6</GreekSeq>
    </word>
    <word seq="5">himself<GreekSeq>1</GreekSeq>
    </word>
    <word seq="6">give<GreekSeq>7</GreekSeq>
    </word>
    <word seq="7">you<GreekSeq>8</GreekSeq>
    </word>
    <word seq="8">peace<GreekSeq>10</GreekSeq>
    </word>
    <word seq="9">always<GreekSeq>11</GreekSeq>
     <GreekSeq>12</GreekSeq>
    </word>
    <word seq="10">by<GreekSeq>13</GreekSeq>
    </word>
    <word seq="11">all<GreekSeq>14</GreekSeq>
    </word>
    <word seq="12">means.<GreekSeq>15</GreekSeq>
    </word>
    <word seq="13">The<GreekSeq>16</GreekSeq>
    </word>
    <word seq="14">Lord<GreekSeq>17</GreekSeq>
    </word>
    <word seq="15">be</word>
    <word seq="16">with<GreekSeq>18</GreekSeq>
    </word>
    <word seq="17">you<GreekSeq>20</GreekSeq>
    </word>
    <word seq="18">all.<GreekSeq>19</GreekSeq>
    </word>
   </KJV>
  </verse>
  <verse number="17">
   <KJV>
    <word seq="1">The<GreekSeq>1</GreekSeq>
    </word>
    <word seq="2">salutation<GreekSeq>2</GreekSeq>
    </word>
    <word seq="3">of Paul<GreekSeq>6</GreekSeq>
    </word>
    <word seq="4">with mine own<GreekSeq>4</GreekSeq>
    </word>
    <word seq="5">hand,<GreekSeq>5</GreekSeq>
    </word>
    <word seq="6">which<GreekSeq>7</GreekSeq>
    </word>
    <word seq="7">is<GreekSeq>8</GreekSeq>
    </word>
    <word seq="8">the token<GreekSeq>9</GreekSeq>
    </word>
    <word seq="9">in<GreekSeq>10</GreekSeq>
    </word>
    <word seq="10">every<GreekSeq>11</GreekSeq>
    </word>
    <word seq="11">epistle:<GreekSeq>12</GreekSeq>
    </word>
    <word seq="12">so<GreekSeq>13</GreekSeq>
    </word>
    <word seq="13">I write.<GreekSeq>14</GreekSeq>
    </word>
   </KJV>
  </verse>
  <verse number="18">
   <KJV>
    <word seq="1">The<GreekSeq>1</GreekSeq>
    </word>
    <word seq="2">grace<GreekSeq>2</GreekSeq>
    </word>
    <word seq="3">of<GreekSeq>4</GreekSeq>
    </word>
    <word seq="4">our<GreekSeq>5</GreekSeq>
    </word>
    <word seq="5">Lord<GreekSeq>4</GreekSeq>
    </word>
    <word seq="6">Jesus<GreekSeq>6</GreekSeq>
    </word>
    <word seq="7">Christ<GreekSeq>7</GreekSeq>
    </word>
    <word seq="8">be</word>
    <word seq="9">with<GreekSeq>8</GreekSeq>
    </word>
    <word seq="10">you<GreekSeq>10</GreekSeq>
    </word>
    <word seq="11">all.<GreekSeq>9</GreekSeq>
    </word>
    <word note="Base of different Greek: ἀμήν(281)" seq="12">Amen</word>
   </KJV>
  </verse>
 </chapter>
</book>
