<?xml version="1.0" encoding="UTF-8" standalone="no"?>
<book>
 <chapter book="null" number="1">
  <verse number="1">
   <KJV>
    <word seq="1">Paul,<GreekSeq>1</GreekSeq>
    </word>
    <word seq="2">and<GreekSeq>2</GreekSeq>
    </word>
    <word seq="3">Silvanus,<GreekSeq>3</GreekSeq>
    </word>
    <word seq="4">and<GreekSeq>4</GreekSeq>
    </word>
    <word seq="5">Timotheus,<GreekSeq>5</GreekSeq>
    </word>
    <word seq="6">unto the<GreekSeq>6</GreekSeq>
    </word>
    <word seq="7">church<GreekSeq>7</GreekSeq>
    </word>
    <word seq="8">of the Thessalonians<GreekSeq>8</GreekSeq>
    </word>
    <word seq="9">in<GreekSeq>9</GreekSeq>
    </word>
    <word seq="10">God<GreekSeq>10</GreekSeq>
    </word>
    <word seq="11">our<GreekSeq>12</GreekSeq>
    </word>
    <word seq="12">Father<GreekSeq>11</GreekSeq>
    </word>
    <word seq="13">and<GreekSeq>13</GreekSeq>
    </word>
    <word seq="14">the Lord<GreekSeq>14</GreekSeq>
    </word>
    <word seq="15">Jesus<GreekSeq>15</GreekSeq>
    </word>
    <word seq="16">Christ:<GreekSeq>16</GreekSeq>
    </word>
   </KJV>
  </verse>
  <verse number="2">
   <KJV>
    <word seq="1">Grace<GreekSeq>1</GreekSeq>
    </word>
    <word seq="2">unto you,<GreekSeq>2</GreekSeq>
    </word>
    <word seq="3">and<GreekSeq>3</GreekSeq>
    </word>
    <word seq="4">peace,<GreekSeq>4</GreekSeq>
    </word>
    <word seq="5">from<GreekSeq>5</GreekSeq>
    </word>
    <word seq="6">God<GreekSeq>6</GreekSeq>
    </word>
    <word seq="7">our<GreekSeq>8</GreekSeq>
    </word>
    <word seq="8">Father<GreekSeq>7</GreekSeq>
    </word>
    <word seq="9">and<GreekSeq>9</GreekSeq>
    </word>
    <word seq="10">the Lord<GreekSeq>10</GreekSeq>
    </word>
    <word seq="11">Jesus<GreekSeq>11</GreekSeq>
    </word>
    <word seq="12">Christ.<GreekSeq>12</GreekSeq>
    </word>
   </KJV>
  </verse>
  <verse number="3">
   <KJV>
    <word seq="1">We are bound<GreekSeq>2</GreekSeq>
    </word>
    <word seq="2">to thank<GreekSeq>1</GreekSeq>
    </word>
    <word seq="3">God<GreekSeq>4</GreekSeq>
    </word>
    <word seq="4">always<GreekSeq>5</GreekSeq>
    </word>
    <word seq="5">for<GreekSeq>6</GreekSeq>
    </word>
    <word seq="6">you,<GreekSeq>7</GreekSeq>
    </word>
    <word seq="7">brethren,<GreekSeq>8</GreekSeq>
    </word>
    <word seq="8">as<GreekSeq>9</GreekSeq>
    </word>
    <word seq="9">it is<GreekSeq>11</GreekSeq>
    </word>
    <word seq="10">meet,<GreekSeq>10</GreekSeq>
    </word>
    <word seq="11">because<GreekSeq>12</GreekSeq>
    </word>
    <word seq="12">that<GreekSeq/>
    </word>
    <word seq="13">your<GreekSeq>16</GreekSeq>
    </word>
    <word seq="14">faith<GreekSeq>15</GreekSeq>
    </word>
    <word seq="15">groweth exceedingly,<GreekSeq>13</GreekSeq>
    </word>
    <word seq="16">and<GreekSeq>17</GreekSeq>
    </word>
    <word seq="17">the<GreekSeq>19</GreekSeq>
    </word>
    <word seq="18">charity<GreekSeq>20</GreekSeq>
    </word>
    <word seq="19">of every<GreekSeq>22</GreekSeq>
    </word>
    <word seq="20">one<GreekSeq>21</GreekSeq>
    </word>
    <word seq="21">of you<GreekSeq>24</GreekSeq>
    </word>
    <word seq="22">all<GreekSeq>23</GreekSeq>
    </word>
    <word seq="23">toward<GreekSeq>25</GreekSeq>
    </word>
    <word seq="24">each other<GreekSeq>26</GreekSeq>
    </word>
    <word seq="25">aboundeth;<GreekSeq>18</GreekSeq>
    </word>
   </KJV>
  </verse>
  <verse number="4">
   <KJV>
    <word seq="1">So that<GreekSeq>1</GreekSeq>
    </word>
    <word seq="2">we<GreekSeq>3</GreekSeq>
    </word>
    <word seq="3">ourselves<GreekSeq>2</GreekSeq>
    </word>
    <word seq="4">glory<GreekSeq>6</GreekSeq>
    </word>
    <word seq="5">in<GreekSeq>4</GreekSeq>
    </word>
    <word seq="6">you<GreekSeq>5</GreekSeq>
    </word>
    <word seq="7">in<GreekSeq>7</GreekSeq>
    </word>
    <word seq="8">the<GreekSeq>8</GreekSeq>
    </word>
    <word seq="9">churches<GreekSeq>9</GreekSeq>
    </word>
    <word seq="10">of God<GreekSeq>11</GreekSeq>
    </word>
    <word seq="11">for<GreekSeq>12</GreekSeq>
    </word>
    <word seq="12">your<GreekSeq>15</GreekSeq>
    </word>
    <word seq="13">patience<GreekSeq>14</GreekSeq>
    </word>
    <word seq="14">and<GreekSeq>16</GreekSeq>
    </word>
    <word seq="15">faith<GreekSeq>17</GreekSeq>
    </word>
    <word seq="16">in<GreekSeq>18</GreekSeq>
    </word>
    <word seq="17">all<GreekSeq>19</GreekSeq>
    </word>
    <word seq="18">your<GreekSeq>22</GreekSeq>
    </word>
    <word seq="19">persecutions<GreekSeq>21</GreekSeq>
    </word>
    <word seq="20">and<GreekSeq>23</GreekSeq>
    </word>
    <word seq="21">tribulations<GreekSeq>25</GreekSeq>
    </word>
    <word seq="22">that<GreekSeq>26</GreekSeq>
    </word>
    <word seq="23">ye endure:<GreekSeq>27</GreekSeq>
    </word>
   </KJV>
  </verse>
  <verse number="5">
   <KJV>
    <word seq="1">Which is</word>
    <word seq="2">a manifest token<GreekSeq>1</GreekSeq>
    </word>
    <word seq="4">of the<GreekSeq>2</GreekSeq>
    </word>
    <word seq="4">righteous<GreekSeq>3</GreekSeq>
    </word>
    <word seq="5">judgment<GreekSeq>4</GreekSeq>
    </word>
    <word seq="6">of God,<GreekSeq>6</GreekSeq>
    </word>
    <word seq="7">that<GreekSeq>7</GreekSeq>
     <GreekSeq>8</GreekSeq>
    </word>
    <word seq="8">ye<GreekSeq>10</GreekSeq>
    </word>
    <word seq="9">may be counted worthy<GreekSeq>9</GreekSeq>
    </word>
    <word seq="10">of the<GreekSeq>11</GreekSeq>
    </word>
    <word seq="11">kingdom of <GreekSeq>12</GreekSeq>
    </word>
    <word seq="12">God,<GreekSeq>14</GreekSeq>
    </word>
    <word seq="13">for<GreekSeq>15</GreekSeq>
    </word>
    <word seq="14">which<GreekSeq>16</GreekSeq>
    </word>
    <word seq="15">ye<GreekSeq>18</GreekSeq>
    </word>
    <word seq="16">also<GreekSeq>17</GreekSeq>
    </word>
    <word seq="17">suffer:<GreekSeq>18</GreekSeq>
    </word>
   </KJV>
  </verse>
  <verse number="6">
   <KJV>
    <word seq="1">Seeing<GreekSeq>1</GreekSeq>
    </word>
    <word seq="2">it is</word>
    <word seq="3">a righteous [thing]<GreekSeq>2</GreekSeq>
    </word>
    <word seq="4">with<GreekSeq>3</GreekSeq>
    </word>
    <word seq="5">God<GreekSeq>4</GreekSeq>
    </word>
    <word seq="6">to recompense<GreekSeq>5</GreekSeq>
    </word>
    <word seq="7">tribulation<GreekSeq>9</GreekSeq>
    </word>
    <word seq="8">to them<GreekSeq>6</GreekSeq>
    </word>
    <word seq="9">that trouble<GreekSeq>7</GreekSeq>
    </word>
    <word seq="10">you;<GreekSeq>8</GreekSeq>
    </word>
   </KJV>
  </verse>
  <verse number="7">
   <KJV>
    <word seq="1">And<GreekSeq>1</GreekSeq>
    </word>
    <word seq="2">to you<GreekSeq>2</GreekSeq>
    </word>
    <word seq="3">who are troubled<GreekSeq>4</GreekSeq>
    </word>
    <word seq="4">rest<GreekSeq>5</GreekSeq>
    </word>
    <word seq="5">with<GreekSeq>6</GreekSeq>
    </word>
    <word seq="6">us,<GreekSeq>7</GreekSeq>
    </word>
    <word seq="7">when<GreekSeq/>
    </word>
    <word seq="8">the<GreekSeq>11</GreekSeq>
    </word>
    <word seq="9">Lord<GreekSeq>12</GreekSeq>
    </word>
    <word seq="10">Jesus<GreekSeq>13</GreekSeq>
    </word>
    <word seq="11">shall be revealed<GreekSeq>8</GreekSeq>
     <GreekSeq>9</GreekSeq>
     <GreekSeq>10</GreekSeq>
    </word>
    <word seq="12">from<GreekSeq>14</GreekSeq>
    </word>
    <word seq="13">heaven<GreekSeq>15</GreekSeq>
    </word>
    <word seq="14">with<GreekSeq>16</GreekSeq>
    </word>
    <word seq="15">his<GreekSeq>19</GreekSeq>
    </word>
    <word seq="16">mighty<GreekSeq>18</GreekSeq>
    </word>
    <word seq="17">angels,<GreekSeq>17</GreekSeq>
    </word>
   </KJV>
  </verse>
  <verse number="8">
   <KJV>
    <word seq="1">In<GreekSeq>1</GreekSeq>
    </word>
    <word seq="2">flaming<GreekSeq>3</GreekSeq>
    </word>
    <word seq="3">fire<GreekSeq>2</GreekSeq>
    </word>
    <word seq="4">taking<GreekSeq>4</GreekSeq>
    </word>
    <word seq="5">vengeance<GreekSeq>5</GreekSeq>
    </word>
    <word seq="6">on them<GreekSeq>6</GreekSeq>
    </word>
    <word seq="7">that know<GreekSeq>8</GreekSeq>
    </word>
    <word seq="8">not<GreekSeq>7</GreekSeq>
    </word>
    <word seq="9">God,<GreekSeq>9</GreekSeq>
    </word>
    <word seq="10">and<GreekSeq>10</GreekSeq>
    </word>
    <word seq="11">that obey<GreekSeq>13</GreekSeq>
    </word>
    <word seq="12">not<GreekSeq>12</GreekSeq>
    </word>
    <word seq="13">the<GreekSeq>14</GreekSeq>
    </word>
    <word seq="14">gospel<GreekSeq>15</GreekSeq>
    </word>
    <word seq="15">of<GreekSeq>17</GreekSeq>
    </word>
    <word seq="16">our<GreekSeq>18</GreekSeq>
    </word>
    <word seq="17">Lord<GreekSeq>17</GreekSeq>
    </word>
    <word seq="18">Jesus<GreekSeq>19</GreekSeq>
    </word>
    <word note="Base of different Greek: Χριστοῦ(5547)" seq="19">Christ:</word>
   </KJV>
  </verse>
  <verse number="9">
   <KJV>
    <word seq="1">Who<GreekSeq>1</GreekSeq>
    </word>
    <word seq="2">shall be punished<GreekSeq>2</GreekSeq>
     <GreekSeq>3</GreekSeq>
    </word>
    <word seq="3">with everlasting<GreekSeq>5</GreekSeq>
    </word>
    <word seq="4">destruction<GreekSeq>4</GreekSeq>
    </word>
    <word seq="5">from<GreekSeq>6</GreekSeq>
    </word>
    <word seq="6">the presence<GreekSeq>7</GreekSeq>
    </word>
    <word seq="8">of the<GreekSeq>8</GreekSeq>
    </word>
    <word seq="8">Lord,<GreekSeq>9</GreekSeq>
    </word>
    <word seq="9">and<GreekSeq>10</GreekSeq>
    </word>
    <word seq="10">from<GreekSeq>11</GreekSeq>
    </word>
    <word seq="11">the<GreekSeq>12</GreekSeq>
    </word>
    <word seq="12">glory<GreekSeq>13</GreekSeq>
    </word>
    <word seq="13">of<GreekSeq>15</GreekSeq>
    </word>
    <word seq="14">his<GreekSeq>16</GreekSeq>
    </word>
    <word seq="15">power;<GreekSeq>15</GreekSeq>
    </word>
   </KJV>
  </verse>
  <verse number="10">
   <KJV>
    <word seq="1">When<GreekSeq>1</GreekSeq>
    </word>
    <word seq="2">he shall come<GreekSeq>2</GreekSeq>
    </word>
    <word seq="3">to be glorified<GreekSeq>3</GreekSeq>
    </word>
    <word seq="4">in<GreekSeq>4</GreekSeq>
    </word>
    <word seq="5">his<GreekSeq>7</GreekSeq>
    </word>
    <word seq="6">saints,<GreekSeq>5</GreekSeq>
     <GreekSeq>6</GreekSeq>
    </word>
    <word seq="7">and<GreekSeq>8</GreekSeq>
    </word>
    <word seq="8">to be admired<GreekSeq>9</GreekSeq>
    </word>
    <word seq="9">in<GreekSeq>10</GreekSeq>
    </word>
    <word seq="10">all<GreekSeq>11</GreekSeq>
    </word>
    <word seq="11">them<GreekSeq>12</GreekSeq>
    </word>
    <word seq="12">that believe<GreekSeq>13</GreekSeq>
    </word>
    <word seq="13">(because<GreekSeq>14</GreekSeq>
    </word>
    <word seq="14">our<GreekSeq>18</GreekSeq>
    </word>
    <word seq="15">testimony<GreekSeq>17</GreekSeq>
    </word>
    <word seq="16">among<GreekSeq>19</GreekSeq>
    </word>
    <word seq="17">you<GreekSeq>20</GreekSeq>
    </word>
    <word seq="18">was believed)<GreekSeq>15</GreekSeq>
    </word>
    <word seq="19">in<GreekSeq>21</GreekSeq>
    </word>
    <word seq="20">that<GreekSeq>24</GreekSeq>
    </word>
    <word seq="21">day.<GreekSeq>23</GreekSeq>
    </word>
   </KJV>
  </verse>
  <verse number="11">
   <KJV>
    <word seq="1">Wherefore<GreekSeq>1</GreekSeq>
     <GreekSeq>2</GreekSeq>
    </word>
    <word seq="2">also<GreekSeq>3</GreekSeq>
    </word>
    <word seq="3">we pray<GreekSeq>4</GreekSeq>
    </word>
    <word seq="4">always<GreekSeq>5</GreekSeq>
    </word>
    <word seq="5">for<GreekSeq>6</GreekSeq>
    </word>
    <word seq="6">you,<GreekSeq>7</GreekSeq>
    </word>
    <word seq="7">that<GreekSeq>8</GreekSeq>
    </word>
    <word seq="8">our<GreekSeq>15</GreekSeq>
    </word>
    <word seq="9">God<GreekSeq>14</GreekSeq>
    </word>
    <word seq="10">would count<GreekSeq>10</GreekSeq>
    </word>
    <word seq="11">you<GreekSeq>9</GreekSeq>
    </word>
    <word seq="12">worthy<GreekSeq>10</GreekSeq>
    </word>
    <word seq="14">of this<GreekSeq>11</GreekSeq>
    </word>
    <word seq="14">calling,<GreekSeq>12</GreekSeq>
    </word>
    <word seq="15">and<GreekSeq>16</GreekSeq>
    </word>
    <word seq="16">fulfil<GreekSeq>17</GreekSeq>
    </word>
    <word seq="17">all<GreekSeq>18</GreekSeq>
    </word>
    <word seq="18">the good pleasure<GreekSeq>19</GreekSeq>
    </word>
    <word seq="19">of [his] goodness,<GreekSeq>20</GreekSeq>
    </word>
    <word seq="20">and<GreekSeq>21</GreekSeq>
    </word>
    <word seq="21">the work<GreekSeq>22</GreekSeq>
    </word>
    <word seq="22">of faith<GreekSeq>23</GreekSeq>
    </word>
    <word seq="23">with<GreekSeq>24</GreekSeq>
    </word>
    <word seq="24">power:<GreekSeq>25</GreekSeq>
    </word>
   </KJV>
  </verse>
  <verse number="12">
   <KJV>
    <word seq="1">That<GreekSeq>1</GreekSeq>
    </word>
    <word seq="2">the<GreekSeq>3</GreekSeq>
    </word>
    <word seq="3">name<GreekSeq>4</GreekSeq>
    </word>
    <word seq="4">of<GreekSeq>6</GreekSeq>
    </word>
    <word seq="5">our<GreekSeq>7</GreekSeq>
    </word>
    <word seq="6">Lord<GreekSeq>6</GreekSeq>
    </word>
    <word seq="7">Jesus<GreekSeq>8</GreekSeq>
    </word>
    <word seq="8">Christ</word>
    <word seq="9">may be glorified<GreekSeq>2</GreekSeq>
    </word>
    <word seq="10">in<GreekSeq>9</GreekSeq>
    </word>
    <word seq="11">you,<GreekSeq>10</GreekSeq>
    </word>
    <word seq="12">and<GreekSeq>11</GreekSeq>
    </word>
    <word seq="13">ye<GreekSeq>12</GreekSeq>
    </word>
    <word seq="14">in<GreekSeq>13</GreekSeq>
    </word>
    <word seq="15">him,<GreekSeq>14</GreekSeq>
    </word>
    <word seq="16">according to<GreekSeq>15</GreekSeq>
    </word>
    <word seq="17">the<GreekSeq>16</GreekSeq>
    </word>
    <word seq="18">grace<GreekSeq>17</GreekSeq>
    </word>
    <word seq="19">of<GreekSeq>19</GreekSeq>
    </word>
    <word seq="20">our<GreekSeq>20</GreekSeq>
    </word>
    <word seq="21">God<GreekSeq>19</GreekSeq>
    </word>
    <word seq="22">and<GreekSeq>21</GreekSeq>
    </word>
    <word seq="23">the Lord<GreekSeq>22</GreekSeq>
    </word>
    <word seq="24">Jesus<GreekSeq>23</GreekSeq>
    </word>
    <word seq="25">Christ.<GreekSeq>24</GreekSeq>
    </word>
   </KJV>
  </verse>
 </chapter>
</book>
