<?xml version="1.0" encoding="UTF-8" standalone="no"?>
<book>
 <chapter book="null" number="4">
  <verse number="1">
   <KJV>
    <word seq="1">I charge<GreekSeq>1</GreekSeq>
    </word>
    <word seq="2">thee</word>
    <word note="Base of different Greek: οὖν(3767)" seq="3">therefore</word>
    <word seq="4">before<GreekSeq>2</GreekSeq>
    </word>
    <word seq="5">God,<GreekSeq>4</GreekSeq>
    </word>
    <word seq="6">and<GreekSeq>5</GreekSeq>
    </word>
    <word note="Base of different Greek: Κυρίου(2962)" seq="7">the Lord</word>
    <word seq="8">Jesus<GreekSeq>7</GreekSeq>
    </word>
    <word seq="9">Christ,<GreekSeq>6</GreekSeq>
    </word>
    <word seq="10">who shall<GreekSeq>9</GreekSeq>
    </word>
    <word seq="11">judge<GreekSeq>10</GreekSeq>
    </word>
    <word seq="12">the quick<GreekSeq>11</GreekSeq>
    </word>
    <word seq="13">and<GreekSeq>12</GreekSeq>
    </word>
    <word seq="14">the dead<GreekSeq>13</GreekSeq>
    </word>
    <word note="Base of different Greek: κατὰ(2596)" seq="15">at</word>
    <word seq="16">his<GreekSeq>17</GreekSeq>
    </word>
    <word seq="17">appearing<GreekSeq>16</GreekSeq>
    </word>
    <word seq="18">and<GreekSeq>18</GreekSeq>
    </word>
    <word seq="19">his<GreekSeq>21</GreekSeq>
    </word>
    <word seq="20">kingdom;<GreekSeq>20</GreekSeq>
    </word>
   </KJV>
  </verse>
  <verse number="2">
   <KJV>
    <word seq="1">Preach<GreekSeq>1</GreekSeq>
    </word>
    <word seq="2">the<GreekSeq>2</GreekSeq>
    </word>
    <word seq="3">word;<GreekSeq>3</GreekSeq>
    </word>
    <word seq="4">be instant<GreekSeq>4</GreekSeq>
    </word>
    <word seq="5">in season,<GreekSeq>5</GreekSeq>
    </word>
    <word seq="6">out of season;<GreekSeq>6</GreekSeq>
    </word>
    <word seq="7">reprove,<GreekSeq>7</GreekSeq>
    </word>
    <word seq="8">rebuke,<GreekSeq>8</GreekSeq>
    </word>
    <word seq="9">exhort<GreekSeq>9</GreekSeq>
    </word>
    <word seq="10">with<GreekSeq>10</GreekSeq>
    </word>
    <word seq="11">all<GreekSeq>11</GreekSeq>
    </word>
    <word seq="12">longsuffering<GreekSeq>12</GreekSeq>
    </word>
    <word seq="13">and<GreekSeq>13</GreekSeq>
    </word>
    <word seq="14">doctrine.<GreekSeq>14</GreekSeq>
    </word>
   </KJV>
  </verse>
  <verse number="3">
   <KJV>
    <word seq="1">For<GreekSeq>2</GreekSeq>
    </word>
    <word seq="2">the time<GreekSeq>3</GreekSeq>
    </word>
    <word seq="3">will come<GreekSeq>1</GreekSeq>
    </word>
    <word seq="4">when<GreekSeq>4</GreekSeq>
    </word>
    <word seq="5">they will<GreekSeq>9</GreekSeq>
    </word>
    <word seq="6">not<GreekSeq>8</GreekSeq>
    </word>
    <word seq="7">endure<GreekSeq>9</GreekSeq>
    </word>
    <word seq="8">sound<GreekSeq>6</GreekSeq>
    </word>
    <word seq="9">doctrine;<GreekSeq>7</GreekSeq>
    </word>
    <word seq="10">but<GreekSeq>10</GreekSeq>
    </word>
    <word seq="11">after<GreekSeq>11</GreekSeq>
    </word>
    <word seq="12">their own<GreekSeq>13</GreekSeq>
    </word>
    <word seq="13">lusts<GreekSeq>14</GreekSeq>
    </word>
    <word seq="14">shall they heap<GreekSeq>16</GreekSeq>
    </word>
    <word seq="15">to themselves<GreekSeq>15</GreekSeq>
    </word>
    <word seq="16">teachers,<GreekSeq>17</GreekSeq>
    </word>
    <word seq="17">having itching<GreekSeq>18</GreekSeq>
    </word>
    <word seq="18">ears;<GreekSeq>20</GreekSeq>
    </word>
   </KJV>
  </verse>
  <verse number="4">
   <KJV>
    <word seq="1">And<GreekSeq>1</GreekSeq>
    </word>
    <word seq="2">they shall turn away<GreekSeq>8</GreekSeq>
    </word>
    <word seq="3">their</word>
    <word seq="4">ears<GreekSeq>7</GreekSeq>
    </word>
    <word seq="5">from<GreekSeq>2</GreekSeq>
    </word>
    <word seq="6">the<GreekSeq>6</GreekSeq>
    </word>
    <word seq="7">truth,<GreekSeq>5</GreekSeq>
    </word>
    <word seq="8">and<GreekSeq>10</GreekSeq>
    </word>
    <word seq="9">shall be turned<GreekSeq>13</GreekSeq>
    </word>
    <word seq="10">unto<GreekSeq>9</GreekSeq>
    </word>
    <word seq="11">fables.<GreekSeq>12</GreekSeq>
    </word>
   </KJV>
  </verse>
  <verse number="5">
   <KJV>
    <word seq="1">But<GreekSeq>2</GreekSeq>
    </word>
    <word seq="2">watch<GreekSeq>3</GreekSeq>
    </word>
    <word seq="3">thou<GreekSeq>1</GreekSeq>
    </word>
    <word seq="4">in<GreekSeq>4</GreekSeq>
    </word>
    <word seq="5">all things,<GreekSeq>5</GreekSeq>
    </word>
    <word seq="6">endure afflictions,<GreekSeq>6</GreekSeq>
    </word>
    <word seq="7">do<GreekSeq>8</GreekSeq>
    </word>
    <word seq="8">the work<GreekSeq>7</GreekSeq>
    </word>
    <word seq="9">of an evangelist,<GreekSeq>9</GreekSeq>
    </word>
    <word seq="10">make full proof of<GreekSeq>13</GreekSeq>
    </word>
    <word seq="11">thy<GreekSeq>12</GreekSeq>
    </word>
    <word seq="12">ministry.<GreekSeq>11</GreekSeq>
    </word>
   </KJV>
  </verse>
  <verse number="6">
   <KJV>
    <word seq="1">For<GreekSeq>2</GreekSeq>
    </word>
    <word seq="2">I<GreekSeq>1</GreekSeq>
    </word>
    <word seq="3">am<GreekSeq>4</GreekSeq>
    </word>
    <word seq="4">now ready <GreekSeq>3</GreekSeq>
    </word>
    <word seq="5">to be offered,<GreekSeq>4</GreekSeq>
    </word>
    <word seq="6">and<GreekSeq>5</GreekSeq>
    </word>
    <word seq="7">the<GreekSeq>6</GreekSeq>
    </word>
    <word seq="8">time<GreekSeq>7</GreekSeq>
    </word>
    <word seq="9">of<GreekSeq>9</GreekSeq>
    </word>
    <word note="Base of different Greek: ἐμῆς(1699)" seq="10">my<GreekSeq>10</GreekSeq>
    </word>
    <word seq="11">departure<GreekSeq>9</GreekSeq>
    </word>
    <word seq="12">is at hand.<GreekSeq>11</GreekSeq>
    </word>
   </KJV>
  </verse>
  <verse number="7">
   <KJV>
    <word seq="1">I have fought<GreekSeq>4</GreekSeq>
    </word>
    <word seq="2">a<GreekSeq>1</GreekSeq>
    </word>
    <word seq="3">good<GreekSeq>2</GreekSeq>
    </word>
    <word seq="4">fight,<GreekSeq>3</GreekSeq>
    </word>
    <word seq="5">I have finished<GreekSeq>7</GreekSeq>
    </word>
    <word seq="6">my</word>
    <word seq="7">course,<GreekSeq>6</GreekSeq>
    </word>
    <word seq="8">I have kept<GreekSeq>10</GreekSeq>
    </word>
    <word seq="9">the<GreekSeq>8</GreekSeq>
    </word>
    <word seq="10">faith:<GreekSeq>9</GreekSeq>
    </word>
   </KJV>
  </verse>
  <verse number="8">
   <KJV>
    <word seq="1">Henceforth<GreekSeq>1</GreekSeq>
    </word>
    <word seq="2">there is laid up<GreekSeq>2</GreekSeq>
    </word>
    <word seq="3">for me<GreekSeq>3</GreekSeq>
    </word>
    <word seq="4">a<GreekSeq>4</GreekSeq>
    </word>
    <word seq="5">crown<GreekSeq>7</GreekSeq>
    </word>
    <word seq="6">of righteousness,<GreekSeq>6</GreekSeq>
    </word>
    <word seq="7">which<GreekSeq>8</GreekSeq>
    </word>
    <word seq="8">the<GreekSeq>11</GreekSeq>
    </word>
    <word seq="9">Lord,<GreekSeq>12</GreekSeq>
    </word>
    <word seq="10">the<GreekSeq>17</GreekSeq>
    </word>
    <word seq="11">righteous<GreekSeq>18</GreekSeq>
    </word>
    <word seq="12">judge,<GreekSeq>19</GreekSeq>
    </word>
    <word seq="13">shall give<GreekSeq>9</GreekSeq>
    </word>
    <word seq="14">me<GreekSeq>10</GreekSeq>
    </word>
    <word seq="15">at<GreekSeq>13</GreekSeq>
    </word>
    <word seq="16">that<GreekSeq>14</GreekSeq>
    </word>
    <word seq="17">day:<GreekSeq>16</GreekSeq>
    </word>
    <word seq="18">and<GreekSeq>22</GreekSeq>
    </word>
    <word seq="19">not<GreekSeq>20</GreekSeq>
    </word>
    <word seq="20">to me<GreekSeq>23</GreekSeq>
    </word>
    <word seq="21">only,<GreekSeq>21</GreekSeq>
    </word>
    <word seq="22">but<GreekSeq>24</GreekSeq>
    </word>
    <word seq="23">unto all<GreekSeq>26</GreekSeq>
    </word>
    <word seq="24">them<GreekSeq>27</GreekSeq>
    </word>
    <word seq="25">also<GreekSeq>25</GreekSeq>
    </word>
    <word seq="26">that love<GreekSeq>28</GreekSeq>
    </word>
    <word seq="27">his<GreekSeq>31</GreekSeq>
    </word>
    <word seq="28">appearing.<GreekSeq>30</GreekSeq>
    </word>
   </KJV>
  </verse>
  <verse number="9">
   <KJV>
    <word seq="1">Do thy diligence<GreekSeq>1</GreekSeq>
    </word>
    <word seq="2">to come<GreekSeq>2</GreekSeq>
    </word>
    <word seq="3">shortly<GreekSeq>5</GreekSeq>
    </word>
    <word seq="4">unto<GreekSeq>3</GreekSeq>
    </word>
    <word seq="5">me:<GreekSeq>4</GreekSeq>
    </word>
   </KJV>
  </verse>
  <verse number="10">
   <KJV>
    <word seq="1">For<GreekSeq>2</GreekSeq>
    </word>
    <word seq="2">Demas<GreekSeq>1</GreekSeq>
    </word>
    <word seq="3">hath forsaken<GreekSeq>4</GreekSeq>
    </word>
    <word seq="4">me,<GreekSeq>3</GreekSeq>
    </word>
    <word seq="5">having loved<GreekSeq>5</GreekSeq>
    </word>
    <word seq="6">this present<GreekSeq>7</GreekSeq>
    </word>
    <word seq="7">world,<GreekSeq>8</GreekSeq>
    </word>
    <word seq="8">and<GreekSeq>9</GreekSeq>
    </word>
    <word seq="9">is departed<GreekSeq>10</GreekSeq>
    </word>
    <word seq="10">unto<GreekSeq>11</GreekSeq>
    </word>
    <word seq="11">Thessalonica;<GreekSeq>12</GreekSeq>
    </word>
    <word seq="12">Crescens<GreekSeq>13</GreekSeq>
    </word>
    <word seq="13">to<GreekSeq>14</GreekSeq>
    </word>
    <word seq="14">Galatia,<GreekSeq>15</GreekSeq>
    </word>
    <word seq="15">Titus<GreekSeq>16</GreekSeq>
    </word>
    <word seq="16">unto<GreekSeq>17</GreekSeq>
    </word>
    <word seq="17">Dalmatia.<GreekSeq>18</GreekSeq>
    </word>
   </KJV>
  </verse>
  <verse number="11">
   <KJV>
    <word seq="1">Only<GreekSeq>3</GreekSeq>
    </word>
    <word seq="2">Luke<GreekSeq>1</GreekSeq>
    </word>
    <word seq="3">is<GreekSeq>2</GreekSeq>
    </word>
    <word seq="4">with<GreekSeq>4</GreekSeq>
    </word>
    <word seq="5">me.<GreekSeq>5</GreekSeq>
    </word>
    <word seq="6">Take<GreekSeq>7</GreekSeq>
    </word>
    <word seq="7">Mark,<GreekSeq>6</GreekSeq>
    </word>
    <word seq="8">and</word>
    <word seq="9">bring<GreekSeq>8</GreekSeq>
    </word>
    <word seq="10">him</word>
    <word seq="11">with<GreekSeq>9</GreekSeq>
    </word>
    <word seq="12">thee:<GreekSeq>10</GreekSeq>
    </word>
    <word seq="13">for<GreekSeq>12</GreekSeq>
    </word>
    <word seq="14">he is<GreekSeq>11</GreekSeq>
    </word>
    <word seq="15">profitable<GreekSeq>14</GreekSeq>
    </word>
    <word seq="16">to me<GreekSeq>13</GreekSeq>
    </word>
    <word seq="17">for<GreekSeq>15</GreekSeq>
    </word>
    <word seq="18">the ministry.<GreekSeq>16</GreekSeq>
    </word>
   </KJV>
  </verse>
  <verse number="12">
   <KJV>
    <word seq="1">And<GreekSeq>2</GreekSeq>
    </word>
    <word seq="2">Tychicus<GreekSeq>1</GreekSeq>
    </word>
    <word seq="3">have I sent<GreekSeq>3</GreekSeq>
    </word>
    <word seq="4">to<GreekSeq>4</GreekSeq>
    </word>
    <word seq="5">Ephesus.<GreekSeq>5</GreekSeq>
    </word>
   </KJV>
  </verse>
  <verse number="13">
   <KJV>
    <word seq="1">The<GreekSeq>1</GreekSeq>
    </word>
    <word seq="2">cloke<GreekSeq>2</GreekSeq>
    </word>
    <word seq="3">that<GreekSeq>3</GreekSeq>
    </word>
    <word seq="4">I left<GreekSeq>4</GreekSeq>
    </word>
    <word seq="5">at<GreekSeq>5</GreekSeq>
    </word>
    <word seq="6">Troas<GreekSeq>6</GreekSeq>
    </word>
    <word seq="7">with<GreekSeq>7</GreekSeq>
    </word>
    <word seq="8">Carpus,<GreekSeq>8</GreekSeq>
    </word>
    <word seq="9">when [thou] comest,<GreekSeq>9</GreekSeq>
    </word>
    <word seq="10">bring<GreekSeq>10</GreekSeq>
    </word>
    <word seq="11">with thee,</word>
    <word seq="12">and<GreekSeq>11</GreekSeq>
    </word>
    <word seq="13">the<GreekSeq>12</GreekSeq>
    </word>
    <word seq="14">books,<GreekSeq>13</GreekSeq>
    </word>
    <word seq="15">but</word>
    <word seq="16">especially<GreekSeq>14</GreekSeq>
    </word>
    <word seq="17">the<GreekSeq>15</GreekSeq>
    </word>
    <word seq="18">parchments.<GreekSeq>16</GreekSeq>
    </word>
   </KJV>
  </verse>
  <verse number="14">
   <KJV>
    <word seq="1">Alexander<GreekSeq>1</GreekSeq>
    </word>
    <word seq="2">the<GreekSeq>2</GreekSeq>
    </word>
    <word seq="3">coppersmith<GreekSeq>3</GreekSeq>
    </word>
    <word seq="4">did<GreekSeq>7</GreekSeq>
    </word>
    <word seq="5">me<GreekSeq>5</GreekSeq>
    </word>
    <word seq="6">much<GreekSeq>4</GreekSeq>
    </word>
    <word seq="7">evil:<GreekSeq>6</GreekSeq>
    </word>
    <word seq="8">the<GreekSeq>10</GreekSeq>
    </word>
    <word seq="9">Lord<GreekSeq>11</GreekSeq>
    </word>
    <word seq="10">reward<GreekSeq>8</GreekSeq>
    </word>
    <word seq="11">him<GreekSeq>9</GreekSeq>
    </word>
    <word seq="12">according to<GreekSeq>12</GreekSeq>
    </word>
    <word seq="13">his<GreekSeq>15</GreekSeq>
    </word>
    <word seq="14">works:<GreekSeq>14</GreekSeq>
    </word>
   </KJV>
  </verse>
  <verse number="15">
   <KJV>
    <word seq="1">Of whom<GreekSeq>1</GreekSeq>
    </word>
    <word seq="2">be<GreekSeq>4</GreekSeq>
    </word>
    <word seq="3">thou<GreekSeq>3</GreekSeq>
    </word>
    <word seq="4">ware<GreekSeq>4</GreekSeq>
    </word>
    <word seq="5">also;<GreekSeq>2</GreekSeq>
    </word>
    <word seq="6">for<GreekSeq>6</GreekSeq>
    </word>
    <word seq="7">he hath<GreekSeq>7</GreekSeq>
    </word>
    <word seq="8">greatly<GreekSeq>5</GreekSeq>
    </word>
    <word seq="9">withstood<GreekSeq>7</GreekSeq>
    </word>
    <word seq="10">our<GreekSeq>9</GreekSeq>
    </word>
    <word seq="11">words.<GreekSeq>10</GreekSeq>
    </word>
   </KJV>
  </verse>
  <verse number="16">
   <KJV>
    <word seq="1">At<GreekSeq>1</GreekSeq>
    </word>
    <word seq="2">my<GreekSeq>4</GreekSeq>
    </word>
    <word seq="3">first<GreekSeq>3</GreekSeq>
    </word>
    <word seq="4">answer<GreekSeq>5</GreekSeq>
    </word>
    <word seq="5">no man<GreekSeq>6</GreekSeq>
    </word>
    <word note="Base of different Greek: συμπαρεγένετο(4836)" seq="6">stood with <GreekSeq>8</GreekSeq>
    </word>
    <word seq="7">me,<GreekSeq>7</GreekSeq>
    </word>
    <word seq="8">but<GreekSeq>9</GreekSeq>
    </word>
    <word seq="9">all men<GreekSeq>10</GreekSeq>
    </word>
    <word seq="10">forsook<GreekSeq>12</GreekSeq>
    </word>
    <word seq="11">me:<GreekSeq>11</GreekSeq>
    </word>
    <word seq="12">I pray God that<GreekSeq/>
    </word>
    <word seq="13">it may<GreekSeq>15</GreekSeq>
    </word>
    <word seq="14">not<GreekSeq>13</GreekSeq>
    </word>
    <word seq="15">be laid to<GreekSeq>15</GreekSeq>
    </word>
    <word seq="16">their<GreekSeq>14</GreekSeq>
    </word>
    <word seq="17">charge.<GreekSeq>15</GreekSeq>
    </word>
   </KJV>
  </verse>
  <verse number="17">
   <KJV>
    <word seq="1">Notwithstanding<GreekSeq>2</GreekSeq>
    </word>
    <word seq="2">the<GreekSeq>1</GreekSeq>
    </word>
    <word seq="3">Lord<GreekSeq>3</GreekSeq>
    </word>
    <word seq="4">stood with <GreekSeq>5</GreekSeq>
    </word>
    <word seq="5">me,<GreekSeq>4</GreekSeq>
    </word>
    <word seq="6">and<GreekSeq>6</GreekSeq>
    </word>
    <word seq="7">strengthened<GreekSeq>7</GreekSeq>
    </word>
    <word seq="8">me;<GreekSeq>8</GreekSeq>
    </word>
    <word seq="9">that<GreekSeq>9</GreekSeq>
    </word>
    <word seq="10">by<GreekSeq>10</GreekSeq>
    </word>
    <word seq="11">me<GreekSeq>11</GreekSeq>
    </word>
    <word seq="12">the<GreekSeq>12</GreekSeq>
    </word>
    <word seq="13">preaching<GreekSeq>13</GreekSeq>
    </word>
    <word seq="14">might be fully known,<GreekSeq>14</GreekSeq>
    </word>
    <word seq="15">and<GreekSeq>15</GreekSeq>
    </word>
    <word seq="16">that</word>
    <word seq="17">all<GreekSeq>17</GreekSeq>
    </word>
    <word seq="18">the<GreekSeq>18</GreekSeq>
    </word>
    <word seq="19">Gentiles<GreekSeq>19</GreekSeq>
    </word>
    <word seq="20">might hear:<GreekSeq>16</GreekSeq>
    </word>
    <word seq="21">and<GreekSeq>20</GreekSeq>
    </word>
    <word seq="22">I was delivered<GreekSeq>21</GreekSeq>
    </word>
    <word seq="23">out of<GreekSeq>22</GreekSeq>
    </word>
    <word seq="24">the mouth of <GreekSeq>23</GreekSeq>
    </word>
    <word seq="25">the lion.<GreekSeq>24</GreekSeq>
    </word>
   </KJV>
  </verse>
  <verse number="18">
   <KJV>
    <word note="Base of different Greek: καὶ(2532)" seq="1">And</word>
    <word seq="2">the<GreekSeq>3</GreekSeq>
    </word>
    <word seq="3">Lord<GreekSeq>4</GreekSeq>
    </word>
    <word seq="4">shall deliver<GreekSeq>1</GreekSeq>
    </word>
    <word seq="5">me<GreekSeq>2</GreekSeq>
    </word>
    <word seq="6">from<GreekSeq>5</GreekSeq>
    </word>
    <word seq="7">every<GreekSeq>6</GreekSeq>
    </word>
    <word seq="8">evil<GreekSeq>8</GreekSeq>
    </word>
    <word seq="9">work,<GreekSeq>7</GreekSeq>
    </word>
    <word seq="10">and<GreekSeq>9</GreekSeq>
    </word>
    <word seq="11">will preserve<GreekSeq>10</GreekSeq>
    </word>
    <word seq="12">me</word>
    <word seq="13">unto<GreekSeq>11</GreekSeq>
    </word>
    <word seq="14">his<GreekSeq>14</GreekSeq>
    </word>
    <word seq="15">heavenly<GreekSeq>16</GreekSeq>
    </word>
    <word seq="16">kingdom:<GreekSeq>13</GreekSeq>
    </word>
    <word seq="17">to whom<GreekSeq>17</GreekSeq>
    </word>
    <word seq="18">be</word>
    <word seq="19">glory<GreekSeq>19</GreekSeq>
    </word>
    <word seq="20">for<GreekSeq>20</GreekSeq>
    </word>
    <word seq="21">ever<GreekSeq>22</GreekSeq>
    </word>
    <word seq="22">and</word>
    <word seq="23">ever.<GreekSeq>24</GreekSeq>
    </word>
    <word seq="24">Amen.<GreekSeq>25</GreekSeq>
    </word>
   </KJV>
  </verse>
  <verse number="19">
   <KJV>
    <word seq="1">Salute<GreekSeq>1</GreekSeq>
    </word>
    <word seq="2">Prisca<GreekSeq>2</GreekSeq>
    </word>
    <word seq="3">and<GreekSeq>3</GreekSeq>
    </word>
    <word seq="4">Aquila,<GreekSeq>4</GreekSeq>
    </word>
    <word seq="5">and<GreekSeq>5</GreekSeq>
    </word>
    <word seq="6">the<GreekSeq>6</GreekSeq>
    </word>
    <word seq="7">household<GreekSeq>8</GreekSeq>
    </word>
    <word seq="8">of Onesiphorus.<GreekSeq>7</GreekSeq>
    </word>
   </KJV>
  </verse>
  <verse number="20">
   <KJV>
    <word seq="1">Erastus<GreekSeq>1</GreekSeq>
    </word>
    <word seq="2">abode<GreekSeq>2</GreekSeq>
    </word>
    <word seq="3">at<GreekSeq>3</GreekSeq>
    </word>
    <word seq="4">Corinth:<GreekSeq>4</GreekSeq>
    </word>
    <word seq="5">but<GreekSeq>6</GreekSeq>
    </word>
    <word seq="6">Trophimus<GreekSeq>5</GreekSeq>
    </word>
    <word seq="7">have I left<GreekSeq>7</GreekSeq>
    </word>
    <word seq="8">at<GreekSeq>8</GreekSeq>
    </word>
    <word seq="9">Miletum<GreekSeq>9</GreekSeq>
    </word>
    <word seq="10">sick.<GreekSeq>10</GreekSeq>
    </word>
   </KJV>
  </verse>
  <verse number="21">
   <KJV>
    <word seq="1">Do thy diligence<GreekSeq>1</GreekSeq>
    </word>
    <word seq="2">to come<GreekSeq>4</GreekSeq>
    </word>
    <word seq="3">before<GreekSeq>2</GreekSeq>
    </word>
    <word seq="4">winter.<GreekSeq>3</GreekSeq>
    </word>
    <word seq="5">Eubulus<GreekSeq>7</GreekSeq>
    </word>
    <word seq="6">greeteth<GreekSeq>5</GreekSeq>
    </word>
    <word seq="7">thee,<GreekSeq>6</GreekSeq>
    </word>
    <word seq="8">and<GreekSeq>8</GreekSeq>
    </word>
    <word seq="9">Pudens,<GreekSeq>9</GreekSeq>
    </word>
    <word seq="10">and<GreekSeq>10</GreekSeq>
    </word>
    <word seq="11">Linus,<GreekSeq>11</GreekSeq>
    </word>
    <word seq="12">and<GreekSeq>12</GreekSeq>
    </word>
    <word seq="13">Claudia,<GreekSeq>13</GreekSeq>
    </word>
    <word seq="14">and<GreekSeq>14</GreekSeq>
    </word>
    <word seq="15">all<GreekSeq>17</GreekSeq>
    </word>
    <word seq="16">the<GreekSeq>15</GreekSeq>
    </word>
    <word seq="17">brethren.<GreekSeq>16</GreekSeq>
    </word>
   </KJV>
  </verse>
  <verse number="22">
   <KJV>
    <word seq="1">The<GreekSeq>1</GreekSeq>
    </word>
    <word seq="2">Lord<GreekSeq>2</GreekSeq>
    </word>
    <word note="Base of different Greek: Ἰησοῦς(2424)" seq="3">Jesus</word>
    <word note="Base of different Greek: Χριστὸς(5547)" seq="4">Christ</word>
    <word seq="5">be</word>
    <word seq="6">with<GreekSeq>3</GreekSeq>
    </word>
    <word seq="7">thy<GreekSeq>6</GreekSeq>
    </word>
    <word seq="8">spirit.<GreekSeq>5</GreekSeq>
    </word>
    <word seq="9">Grace<GreekSeq>8</GreekSeq>
    </word>
    <word seq="10">be</word>
    <word seq="11">with<GreekSeq>9</GreekSeq>
    </word>
    <word seq="12">you.<GreekSeq>10</GreekSeq>
    </word>
    <word note="Base of different Greek: ἀμήν(281)" seq="13">Amen</word>
   </KJV>
  </verse>
 </chapter>
</book>
