<?xml version="1.0" encoding="UTF-8" standalone="no"?>
<book>
 <chapter book="null" number="2">
  <verse number="1">
   <KJV>
    <word seq="1">Thou<GreekSeq>1</GreekSeq>
    </word>
    <word seq="2">therefore,<GreekSeq>2</GreekSeq>
    </word>
    <word seq="3">my<GreekSeq>4</GreekSeq>
    </word>
    <word seq="4">son,<GreekSeq>3</GreekSeq>
    </word>
    <word seq="5">be strong<GreekSeq>5</GreekSeq>
    </word>
    <word seq="6">in<GreekSeq>6</GreekSeq>
    </word>
    <word seq="7">the<GreekSeq>7</GreekSeq>
    </word>
    <word seq="8">grace<GreekSeq>8</GreekSeq>
    </word>
    <word seq="9">that<GreekSeq>9</GreekSeq>
    </word>
    <word seq="10">is</word>
    <word seq="11">in<GreekSeq>10</GreekSeq>
    </word>
    <word seq="12">Christ<GreekSeq>11</GreekSeq>
    </word>
    <word seq="13">Jesus.<GreekSeq>12</GreekSeq>
    </word>
   </KJV>
  </verse>
  <verse number="2">
   <KJV>
    <word seq="1">And<GreekSeq>1</GreekSeq>
    </word>
    <word seq="2">the things<GreekSeq>2</GreekSeq>
    </word>
    <word seq="3">that</word>
    <word seq="4">thou hast heard<GreekSeq>3</GreekSeq>
    </word>
    <word seq="5">of<GreekSeq>4</GreekSeq>
    </word>
    <word seq="6">me<GreekSeq>5</GreekSeq>
    </word>
    <word seq="7">among<GreekSeq>6</GreekSeq>
    </word>
    <word seq="8">many<GreekSeq>7</GreekSeq>
    </word>
    <word seq="9">witnesses,<GreekSeq>8</GreekSeq>
    </word>
    <word seq="10">the same<GreekSeq>9</GreekSeq>
    </word>
    <word seq="11">commit thou<GreekSeq>10</GreekSeq>
    </word>
    <word seq="12">to faithful<GreekSeq>11</GreekSeq>
    </word>
    <word seq="13">men,<GreekSeq>12</GreekSeq>
    </word>
    <word seq="14">who<GreekSeq>13</GreekSeq>
    </word>
    <word seq="15">shall be<GreekSeq>15</GreekSeq>
    </word>
    <word seq="16">able<GreekSeq>14</GreekSeq>
    </word>
    <word seq="17">to teach<GreekSeq>18</GreekSeq>
    </word>
    <word seq="18">others<GreekSeq>17</GreekSeq>
    </word>
    <word seq="19">also.<GreekSeq>16</GreekSeq>
    </word>
   </KJV>
  </verse>
  <verse number="3">
   <KJV>
    <word note="Base of different Greek: σὺ(4771)" seq="1">Thou</word>
    <word note="Base of different Greek: οὖν(3767)" seq="2">therefore</word>
    <word note="Base of different Greek: κακοπάθησον(2553)" seq="3">endure hardness,<GreekSeq>1</GreekSeq>
    </word>
    <word seq="4">as<GreekSeq>2</GreekSeq>
    </word>
    <word seq="5">a good<GreekSeq>3</GreekSeq>
    </word>
    <word seq="6">soldier<GreekSeq>4</GreekSeq>
    </word>
    <word seq="7">of Jesus<GreekSeq>6</GreekSeq>
    </word>
    <word seq="8">Christ.<GreekSeq>5</GreekSeq>
    </word>
   </KJV>
  </verse>
  <verse number="4">
   <KJV>
    <word seq="1">No man<GreekSeq>1</GreekSeq>
    </word>
    <word seq="2">that warreth<GreekSeq>2</GreekSeq>
    </word>
    <word seq="3">entangleth himself<GreekSeq>3</GreekSeq>
    </word>
    <word seq="4">with the<GreekSeq>4</GreekSeq>
    </word>
    <word seq="5">affairs<GreekSeq>7</GreekSeq>
    </word>
    <word seq="6">of this<GreekSeq>5</GreekSeq>
    </word>
    <word seq="7">life;<GreekSeq>6</GreekSeq>
    </word>
    <word seq="8">that<GreekSeq>8</GreekSeq>
    </word>
    <word seq="9">he may please<GreekSeq>11</GreekSeq>
    </word>
    <word seq="10">him<GreekSeq>9</GreekSeq>
    </word>
    <word seq="11">who hath chosen him to be a soldier.<GreekSeq>10</GreekSeq>
    </word>
   </KJV>
  </verse>
  <verse number="5">
   <KJV>
    <word seq="1">And<GreekSeq>2</GreekSeq>
    </word>
    <word seq="2">if<GreekSeq>1</GreekSeq>
    </word>
    <word seq="3">a man<GreekSeq>5</GreekSeq>
    </word>
    <word seq="4">also<GreekSeq>3</GreekSeq>
    </word>
    <word seq="5">strive for masteries,<GreekSeq>4</GreekSeq>
    </word>
    <word seq="6">yet<GreekSeq/>
    </word>
    <word seq="7">is he<GreekSeq>7</GreekSeq>
    </word>
    <word seq="8">not<GreekSeq>6</GreekSeq>
    </word>
    <word seq="9">crowned,<GreekSeq>7</GreekSeq>
    </word>
    <word note="ἐὰν μή Strong Code (3362)" seq="10">except<GreekSeq>8</GreekSeq>
     <GreekSeq>9</GreekSeq>
    </word>
    <word seq="11">he strive<GreekSeq>11</GreekSeq>
    </word>
    <word seq="12">lawfully.<GreekSeq>10</GreekSeq>
    </word>
   </KJV>
  </verse>
  <verse number="6">
   <KJV>
    <word seq="1">The<GreekSeq>1</GreekSeq>
    </word>
    <word seq="2">husbandman<GreekSeq>3</GreekSeq>
    </word>
    <word seq="3">that laboureth<GreekSeq>2</GreekSeq>
    </word>
    <word seq="4">must be<GreekSeq>4</GreekSeq>
    </word>
    <word seq="5">first<GreekSeq>5</GreekSeq>
    </word>
    <word seq="6">partaker<GreekSeq>8</GreekSeq>
    </word>
    <word seq="7">of the<GreekSeq>6</GreekSeq>
    </word>
    <word seq="8">fruits.<GreekSeq>7</GreekSeq>
    </word>
   </KJV>
  </verse>
  <verse number="7">
   <KJV>
    <word seq="1">Consider<GreekSeq>1</GreekSeq>
    </word>
    <word note="Base of different Greek: ἃ(3739)" seq="2">what<GreekSeq>2</GreekSeq>
    </word>
    <word seq="3">I say;<GreekSeq>3</GreekSeq>
    </word>
    <word seq="4">and<GreekSeq>5</GreekSeq>
    </word>
    <word seq="5">the<GreekSeq>7</GreekSeq>
    </word>
    <word seq="6">Lord<GreekSeq>8</GreekSeq>
    </word>
    <word seq="7">give<GreekSeq>4</GreekSeq>
    </word>
    <word seq="8">thee<GreekSeq>6</GreekSeq>
    </word>
    <word seq="9">understanding<GreekSeq>9</GreekSeq>
    </word>
    <word seq="10">in<GreekSeq>10</GreekSeq>
    </word>
    <word seq="11">all things.<GreekSeq>11</GreekSeq>
    </word>
   </KJV>
  </verse>
  <verse number="8">
   <KJV>
    <word seq="1">Remember<GreekSeq>1</GreekSeq>
    </word>
    <word seq="2">that</word>
    <word seq="3">Jesus<GreekSeq>2</GreekSeq>
    </word>
    <word seq="4">Christ<GreekSeq>3</GreekSeq>
    </word>
    <word seq="5">of<GreekSeq>7</GreekSeq>
    </word>
    <word seq="6">the seed of <GreekSeq>8</GreekSeq>
    </word>
    <word seq="7">David<GreekSeq>9</GreekSeq>
    </word>
    <word seq="8">was raised<GreekSeq>4</GreekSeq>
    </word>
    <word seq="9">from<GreekSeq>5</GreekSeq>
    </word>
    <word seq="10">the</word>
    <word seq="11">dead<GreekSeq>6</GreekSeq>
    </word>
    <word seq="12">according to<GreekSeq>10</GreekSeq>
    </word>
    <word seq="13">my<GreekSeq>13</GreekSeq>
    </word>
    <word seq="14">gospel:<GreekSeq>12</GreekSeq>
    </word>
   </KJV>
  </verse>
  <verse number="9">
   <KJV>
    <word seq="1">Wherein<GreekSeq>1</GreekSeq>
     <GreekSeq>2</GreekSeq>
    </word>
    <word seq="2">I suffer trouble,<GreekSeq>3</GreekSeq>
    </word>
    <word seq="3">as<GreekSeq>6</GreekSeq>
    </word>
    <word seq="4">an evil doer,<GreekSeq>7</GreekSeq>
    </word>
    <word seq="5">even</word>
    <word seq="6">unto<GreekSeq>4</GreekSeq>
    </word>
    <word seq="7">bonds;<GreekSeq>5</GreekSeq>
    </word>
    <word seq="8">but<GreekSeq>8</GreekSeq>
    </word>
    <word seq="9">the<GreekSeq>9</GreekSeq>
    </word>
    <word seq="10">word<GreekSeq>10</GreekSeq>
    </word>
    <word seq="11">of God<GreekSeq>12</GreekSeq>
    </word>
    <word seq="12">is<GreekSeq>14</GreekSeq>
    </word>
    <word seq="13">not<GreekSeq>13</GreekSeq>
    </word>
    <word seq="14">bound.<GreekSeq>14</GreekSeq>
    </word>
   </KJV>
  </verse>
  <verse number="10">
   <KJV>
    <word seq="1">Therefore<GreekSeq>1</GreekSeq>
     <GreekSeq>2</GreekSeq>
    </word>
    <word seq="2">I endure<GreekSeq>4</GreekSeq>
    </word>
    <word seq="3">all things<GreekSeq>3</GreekSeq>
    </word>
    <word seq="4">for<GreekSeq>5</GreekSeq>
    </word>
    <word seq="5">the<GreekSeq>6</GreekSeq>
    </word>
    <word seq="6">elect's<GreekSeq>7</GreekSeq>
    </word>
    <word seq="7">sakes,<GreekSeq>5</GreekSeq>
    </word>
    <word seq="8">that<GreekSeq>8</GreekSeq>
    </word>
    <word seq="9">they<GreekSeq>10</GreekSeq>
    </word>
    <word seq="10">may<GreekSeq>12</GreekSeq>
    </word>
    <word seq="11">also<GreekSeq>9</GreekSeq>
    </word>
    <word seq="12">obtain<GreekSeq>12</GreekSeq>
    </word>
    <word seq="13">the salvation<GreekSeq>11</GreekSeq>
    </word>
    <word seq="14">which<GreekSeq>13</GreekSeq>
    </word>
    <word seq="15">is</word>
    <word seq="16">in<GreekSeq>14</GreekSeq>
    </word>
    <word seq="17">Christ<GreekSeq>15</GreekSeq>
    </word>
    <word seq="18">Jesus<GreekSeq>16</GreekSeq>
    </word>
    <word seq="19">with<GreekSeq>17</GreekSeq>
    </word>
    <word seq="20">eternal<GreekSeq>19</GreekSeq>
    </word>
    <word seq="21">glory.<GreekSeq>18</GreekSeq>
    </word>
   </KJV>
  </verse>
  <verse number="11">
   <KJV>
    <word seq="1">It is</word>
    <word seq="2">a<GreekSeq>2</GreekSeq>
    </word>
    <word seq="3">faithful<GreekSeq>1</GreekSeq>
    </word>
    <word seq="4">saying:<GreekSeq>3</GreekSeq>
    </word>
    <word seq="5">For<GreekSeq>5</GreekSeq>
    </word>
    <word seq="6">if<GreekSeq>4</GreekSeq>
    </word>
    <word seq="7">we be dead with<GreekSeq>6</GreekSeq>
    </word>
    <word seq="8">him,</word>
    <word seq="9">we shall<GreekSeq>8</GreekSeq>
    </word>
    <word seq="10">also<GreekSeq>7</GreekSeq>
    </word>
    <word seq="11">live with<GreekSeq>8</GreekSeq>
    </word>
    <word seq="12">him:</word>
   </KJV>
  </verse>
  <verse number="12">
   <KJV>
    <word seq="1">If<GreekSeq>1</GreekSeq>
    </word>
    <word seq="2">we suffer,<GreekSeq>2</GreekSeq>
    </word>
    <word seq="3">we shall<GreekSeq>4</GreekSeq>
    </word>
    <word seq="4">also<GreekSeq>3</GreekSeq>
    </word>
    <word seq="5">reign with [him]:<GreekSeq>4</GreekSeq>
    </word>
    <word seq="6">if<GreekSeq>5</GreekSeq>
    </word>
    <word seq="7">we deny<GreekSeq>6</GreekSeq>
    </word>
    <word seq="8">him,</word>
    <word seq="9">he also<GreekSeq>7</GreekSeq>
    </word>
    <word seq="10">will deny<GreekSeq>8</GreekSeq>
    </word>
    <word seq="11">us:<GreekSeq>9</GreekSeq>
    </word>
   </KJV>
  </verse>
  <verse number="13">
   <KJV>
    <word seq="1">If<GreekSeq>1</GreekSeq>
    </word>
    <word seq="2">we believe not,<GreekSeq>2</GreekSeq>
    </word>
    <word seq="3">yet</word>
    <word seq="4">he<GreekSeq>3</GreekSeq>
    </word>
    <word seq="5">abideth<GreekSeq>5</GreekSeq>
    </word>
    <word seq="6">faithful:<GreekSeq>4</GreekSeq>
    </word>
    <word seq="7">he cannot<GreekSeq>9</GreekSeq>
     <GreekSeq>10</GreekSeq>
    </word>
    <word seq="8">deny<GreekSeq>6</GreekSeq>
    </word>
    <word seq="9">himself.<GreekSeq>8</GreekSeq>
    </word>
   </KJV>
  </verse>
  <verse number="14">
   <KJV>
    <word seq="1">Of these things <GreekSeq>1</GreekSeq>
    </word>
    <word seq="2">put [them] in remembrance,<GreekSeq>2</GreekSeq>
    </word>
    <word seq="3">charging [them]<GreekSeq>3</GreekSeq>
    </word>
    <word seq="4">before<GreekSeq>4</GreekSeq>
    </word>
    <word seq="5">the<GreekSeq>5</GreekSeq>
    </word>
    <word note="Base of different Greek: Κυρίοῦ(2962)" seq="6">Lord<GreekSeq>6</GreekSeq>
    </word>
    <word seq="7">that they strive<GreekSeq>8</GreekSeq>
    </word>
    <word seq="8">not<GreekSeq>7</GreekSeq>
    </word>
    <word seq="9">about words<GreekSeq>8</GreekSeq>
    </word>
    <word note="Base of different Greek: εἰς(1519)" seq="10">to<GreekSeq>9</GreekSeq>
    </word>
    <word seq="11">no<GreekSeq>10</GreekSeq>
    </word>
    <word seq="12">profit,<GreekSeq>11</GreekSeq>
    </word>
    <word seq="13">but</word>
    <word seq="14">to<GreekSeq>12</GreekSeq>
    </word>
    <word seq="15">the subverting<GreekSeq>13</GreekSeq>
    </word>
    <word seq="16">of the<GreekSeq>14</GreekSeq>
    </word>
    <word seq="17">hearers.<GreekSeq>15</GreekSeq>
    </word>
   </KJV>
  </verse>
  <verse number="15">
   <KJV>
    <word seq="1">Study<GreekSeq>1</GreekSeq>
    </word>
    <word seq="2">to shew<GreekSeq>4</GreekSeq>
    </word>
    <word seq="3">thyself<GreekSeq>2</GreekSeq>
    </word>
    <word seq="4">approved<GreekSeq>3</GreekSeq>
    </word>
    <word seq="5">unto God,<GreekSeq>6</GreekSeq>
    </word>
    <word seq="6">a workman<GreekSeq>7</GreekSeq>
    </word>
    <word seq="7">that needeth not to be ashamed,<GreekSeq>8</GreekSeq>
    </word>
    <word seq="8">rightly dividing<GreekSeq>9</GreekSeq>
    </word>
    <word seq="9">the<GreekSeq>10</GreekSeq>
    </word>
    <word seq="10">word<GreekSeq>11</GreekSeq>
    </word>
    <word seq="11">of truth.<GreekSeq>13</GreekSeq>
    </word>
   </KJV>
  </verse>
  <verse number="16">
   <KJV>
    <word seq="1">But<GreekSeq>2</GreekSeq>
    </word>
    <word seq="2">shun<GreekSeq>5</GreekSeq>
    </word>
    <word seq="3">profane<GreekSeq>3</GreekSeq>
    </word>
    <word seq="4">and</word>
    <word seq="5">vain babblings:<GreekSeq>4</GreekSeq>
    </word>
    <word seq="6">for<GreekSeq>8</GreekSeq>
    </word>
    <word seq="7">they will increase<GreekSeq>9</GreekSeq>
    </word>
    <word seq="8">unto<GreekSeq>6</GreekSeq>
    </word>
    <word seq="9">more<GreekSeq>7</GreekSeq>
    </word>
    <word seq="10">ungodliness.<GreekSeq>10</GreekSeq>
    </word>
   </KJV>
  </verse>
  <verse number="17">
   <KJV>
    <word seq="1">And<GreekSeq>1</GreekSeq>
    </word>
    <word seq="2">their<GreekSeq>4</GreekSeq>
    </word>
    <word seq="3">word<GreekSeq>3</GreekSeq>
    </word>
    <word seq="4">will eat<GreekSeq>7</GreekSeq>
     <GreekSeq>8</GreekSeq>
    </word>
    <word seq="5">as<GreekSeq>5</GreekSeq>
    </word>
    <word seq="6">doth</word>
    <word seq="7">a canker:<GreekSeq>6</GreekSeq>
    </word>
    <word seq="8">of whom<GreekSeq>9</GreekSeq>
    </word>
    <word seq="9">is<GreekSeq>10</GreekSeq>
    </word>
    <word seq="10">Hymenaeus<GreekSeq>11</GreekSeq>
    </word>
    <word seq="11">and<GreekSeq>12</GreekSeq>
    </word>
    <word seq="12">Philetus;<GreekSeq>13</GreekSeq>
    </word>
   </KJV>
  </verse>
  <verse number="18">
   <KJV>
    <word seq="1">Who<GreekSeq>1</GreekSeq>
    </word>
    <word seq="2">concerning<GreekSeq>2</GreekSeq>
    </word>
    <word seq="3">the<GreekSeq>3</GreekSeq>
    </word>
    <word seq="4">truth<GreekSeq>4</GreekSeq>
    </word>
    <word seq="5">have erred,<GreekSeq>5</GreekSeq>
    </word>
    <word seq="6">saying<GreekSeq>6</GreekSeq>
    </word>
    <word seq="7">that</word>
    <word seq="8">the<GreekSeq>7</GreekSeq>
    </word>
    <word seq="9">resurrection<GreekSeq>8</GreekSeq>
    </word>
    <word seq="10">is past<GreekSeq>10</GreekSeq>
    </word>
    <word seq="11">already;<GreekSeq>9</GreekSeq>
    </word>
    <word seq="12">and<GreekSeq>11</GreekSeq>
    </word>
    <word seq="13">overthrow<GreekSeq>12</GreekSeq>
    </word>
    <word seq="14">the<GreekSeq>13</GreekSeq>
    </word>
    <word seq="15">faith<GreekSeq>15</GreekSeq>
    </word>
    <word seq="16">of some.<GreekSeq>14</GreekSeq>
    </word>
   </KJV>
  </verse>
  <verse number="19">
   <KJV>
    <word seq="1">Nevertheless<GreekSeq>2</GreekSeq>
    </word>
    <word seq="2">the<GreekSeq>1</GreekSeq>
    </word>
    <word seq="3">foundation<GreekSeq>4</GreekSeq>
    </word>
    <word seq="4">of God<GreekSeq>6</GreekSeq>
    </word>
    <word seq="5">standeth<GreekSeq>7</GreekSeq>
    </word>
    <word seq="6">sure,<GreekSeq>3</GreekSeq>
    </word>
    <word seq="7">having<GreekSeq>8</GreekSeq>
    </word>
    <word seq="8">this<GreekSeq>11</GreekSeq>
    </word>
    <word seq="9">seal,<GreekSeq>10</GreekSeq>
    </word>
    <word seq="10">The Lord<GreekSeq>13</GreekSeq>
    </word>
    <word seq="11">knoweth<GreekSeq>12</GreekSeq>
    </word>
    <word seq="12">them<GreekSeq>14</GreekSeq>
    </word>
    <word seq="13">that are<GreekSeq>15</GreekSeq>
    </word>
    <word seq="14">his.<GreekSeq>16</GreekSeq>
    </word>
    <word seq="15">And,<GreekSeq>17</GreekSeq>
    </word>
    <word seq="16">Let<GreekSeq>18</GreekSeq>
    </word>
    <word seq="17">every one<GreekSeq>21</GreekSeq>
    </word>
    <word seq="18">that nameth<GreekSeq>23</GreekSeq>
    </word>
    <word seq="19">the<GreekSeq>24</GreekSeq>
    </word>
    <word seq="20">name<GreekSeq>25</GreekSeq>
    </word>
    <word note="Base of different Greek: Χριστ́ου(5547)" seq="21">of Christ<GreekSeq>26</GreekSeq>
    </word>
    <word seq="22">depart<GreekSeq>18</GreekSeq>
    </word>
    <word seq="23">from<GreekSeq>19</GreekSeq>
    </word>
    <word seq="24">iniquity.<GreekSeq>20</GreekSeq>
    </word>
   </KJV>
  </verse>
  <verse number="20">
   <KJV>
    <word seq="1">But<GreekSeq>3</GreekSeq>
    </word>
    <word seq="2">in<GreekSeq>1</GreekSeq>
    </word>
    <word seq="3">a great<GreekSeq>2</GreekSeq>
    </word>
    <word seq="4">house<GreekSeq>4</GreekSeq>
    </word>
    <word seq="5">there are<GreekSeq>6</GreekSeq>
    </word>
    <word seq="6">not<GreekSeq>5</GreekSeq>
    </word>
    <word seq="7">only<GreekSeq>7</GreekSeq>
    </word>
    <word seq="8">vessels<GreekSeq>8</GreekSeq>
    </word>
    <word seq="9">of gold<GreekSeq>9</GreekSeq>
    </word>
    <word seq="10">and<GreekSeq>10</GreekSeq>
    </word>
    <word seq="11">of silver,<GreekSeq>11</GreekSeq>
    </word>
    <word seq="12">but<GreekSeq>12</GreekSeq>
    </word>
    <word seq="13">also<GreekSeq>13</GreekSeq>
    </word>
    <word seq="14">of wood<GreekSeq>14</GreekSeq>
    </word>
    <word seq="15">and<GreekSeq>15</GreekSeq>
    </word>
    <word seq="16">of earth;<GreekSeq>16</GreekSeq>
    </word>
    <word seq="17">and<GreekSeq>17</GreekSeq>
    </word>
    <word seq="18">some<GreekSeq>18</GreekSeq>
    </word>
    <word seq="19">to<GreekSeq>20</GreekSeq>
    </word>
    <word seq="20">honour,<GreekSeq>21</GreekSeq>
    </word>
    <word seq="21">and<GreekSeq>23</GreekSeq>
    </word>
    <word seq="22">some<GreekSeq>22</GreekSeq>
    </word>
    <word seq="23">to<GreekSeq>24</GreekSeq>
    </word>
    <word seq="24">dishonour.<GreekSeq>25</GreekSeq>
    </word>
   </KJV>
  </verse>
  <verse number="21">
   <KJV>
    <word seq="1">If<GreekSeq>1</GreekSeq>
    </word>
    <word seq="2">a man<GreekSeq>3</GreekSeq>
    </word>
    <word seq="3">therefore<GreekSeq>2</GreekSeq>
    </word>
    <word seq="4">purge<GreekSeq>4</GreekSeq>
    </word>
    <word seq="5">himself<GreekSeq>5</GreekSeq>
    </word>
    <word seq="6">from<GreekSeq>6</GreekSeq>
    </word>
    <word seq="7">these,<GreekSeq>7</GreekSeq>
    </word>
    <word seq="8">he shall be<GreekSeq>8</GreekSeq>
    </word>
    <word seq="9">a vessel<GreekSeq>9</GreekSeq>
    </word>
    <word seq="10">unto<GreekSeq>10</GreekSeq>
    </word>
    <word seq="11">honour,<GreekSeq>11</GreekSeq>
    </word>
    <word seq="12">sanctified,<GreekSeq>12</GreekSeq>
    </word>
    <word note="Base of different Greek: καὶ(2532)" seq="13">and</word>
    <word seq="14">meet<GreekSeq>13</GreekSeq>
    </word>
    <word seq="15">for the<GreekSeq>14</GreekSeq>
    </word>
    <word seq="16">master's<GreekSeq>15</GreekSeq>
    </word>
    <word seq="17">use,<GreekSeq>13</GreekSeq>
    </word>
    <word seq="18">and</word>
    <word seq="19">prepared<GreekSeq>20</GreekSeq>
    </word>
    <word seq="20">unto<GreekSeq>16</GreekSeq>
    </word>
    <word seq="21">every<GreekSeq>17</GreekSeq>
    </word>
    <word seq="22">good<GreekSeq>19</GreekSeq>
    </word>
    <word seq="23">work.<GreekSeq>18</GreekSeq>
    </word>
   </KJV>
  </verse>
  <verse number="22">
   <KJV>
    <word seq="1">Flee<GreekSeq>5</GreekSeq>
    </word>
    <word seq="2">also<GreekSeq>2</GreekSeq>
    </word>
    <word seq="3">youthful<GreekSeq>3</GreekSeq>
    </word>
    <word seq="4">lusts:<GreekSeq>4</GreekSeq>
    </word>
    <word seq="5">but<GreekSeq>7</GreekSeq>
    </word>
    <word seq="6">follow<GreekSeq>6</GreekSeq>
    </word>
    <word seq="7">righteousness,<GreekSeq>8</GreekSeq>
    </word>
    <word seq="8">faith,<GreekSeq>9</GreekSeq>
    </word>
    <word seq="9">charity,<GreekSeq>10</GreekSeq>
    </word>
    <word seq="10">peace,<GreekSeq>11</GreekSeq>
    </word>
    <word seq="11">with<GreekSeq>12</GreekSeq>
    </word>
    <word seq="12">them <GreekSeq>13</GreekSeq>
    </word>
    <word seq="13">that call on<GreekSeq>14</GreekSeq>
    </word>
    <word seq="14">the<GreekSeq>15</GreekSeq>
    </word>
    <word seq="15">Lord<GreekSeq>16</GreekSeq>
    </word>
    <word seq="16">out of<GreekSeq>17</GreekSeq>
    </word>
    <word seq="17">a pure<GreekSeq>18</GreekSeq>
    </word>
    <word seq="18">heart.<GreekSeq>19</GreekSeq>
    </word>
   </KJV>
  </verse>
  <verse number="23">
   <KJV>
    <word seq="1">But<GreekSeq>2</GreekSeq>
    </word>
    <word seq="2">foolish<GreekSeq>3</GreekSeq>
    </word>
    <word seq="3">and<GreekSeq>4</GreekSeq>
    </word>
    <word seq="4">unlearned<GreekSeq>5</GreekSeq>
    </word>
    <word seq="5">questions<GreekSeq>6</GreekSeq>
    </word>
    <word seq="6">avoid,<GreekSeq>7</GreekSeq>
    </word>
    <word seq="7">knowing<GreekSeq>8</GreekSeq>
    </word>
    <word seq="8">that<GreekSeq>9</GreekSeq>
    </word>
    <word seq="9">they do gender<GreekSeq>10</GreekSeq>
    </word>
    <word seq="10">strifes.<GreekSeq>11</GreekSeq>
    </word>
   </KJV>
  </verse>
  <verse number="24">
   <KJV>
    <word seq="1">And<GreekSeq>2</GreekSeq>
    </word>
    <word seq="2">the servant<GreekSeq>1</GreekSeq>
    </word>
    <word seq="3">of the Lord<GreekSeq>3</GreekSeq>
    </word>
    <word seq="4">must<GreekSeq>5</GreekSeq>
    </word>
    <word seq="5">not<GreekSeq>4</GreekSeq>
    </word>
    <word seq="6">strive;<GreekSeq>6</GreekSeq>
    </word>
    <word seq="7">but<GreekSeq>7</GreekSeq>
    </word>
    <word seq="8">be<GreekSeq>9</GreekSeq>
    </word>
    <word seq="9">gentle<GreekSeq>8</GreekSeq>
    </word>
    <word seq="10">unto<GreekSeq>10</GreekSeq>
    </word>
    <word seq="11">all men,<GreekSeq>11</GreekSeq>
    </word>
    <word seq="12">apt to teach,<GreekSeq>12</GreekSeq>
    </word>
    <word seq="13">patient,<GreekSeq>13</GreekSeq>
    </word>
   </KJV>
  </verse>
  <verse number="25">
   <KJV>
    <word seq="1">In<GreekSeq>1</GreekSeq>
    </word>
    <word note="Base of different Greek: πρᾶότητι(4236)" seq="2">meekness<GreekSeq>2</GreekSeq>
    </word>
    <word seq="3">instructing<GreekSeq>3</GreekSeq>
    </word>
    <word seq="4">those<GreekSeq>4</GreekSeq>
    </word>
    <word seq="5">that oppose themselves;<GreekSeq>5</GreekSeq>
    </word>
    <word seq="6">if<GreekSeq>6</GreekSeq>
    </word>
    <word seq="7">God<GreekSeq>10</GreekSeq>
    </word>
    <word seq="8">peradventure<GreekSeq>6</GreekSeq>
    </word>
    <word seq="9">will give<GreekSeq>7</GreekSeq>
    </word>
    <word seq="10">them<GreekSeq>8</GreekSeq>
    </word>
    <word seq="11">repentance<GreekSeq>11</GreekSeq>
    </word>
    <word seq="12">to<GreekSeq>12</GreekSeq>
    </word>
    <word seq="13">the acknowledging<GreekSeq>13</GreekSeq>
    </word>
    <word seq="14">of the truth;<GreekSeq>14</GreekSeq>
    </word>
   </KJV>
  </verse>
  <verse number="26">
   <KJV>
    <word seq="1">And<GreekSeq>1</GreekSeq>
    </word>
    <word seq="2">that</word>
    <word seq="3">they may recover themselves<GreekSeq>2</GreekSeq>
    </word>
    <word seq="4">out of<GreekSeq>3</GreekSeq>
    </word>
    <word seq="5">the<GreekSeq>4</GreekSeq>
    </word>
    <word seq="6">snare of<GreekSeq>7</GreekSeq>
    </word>
    <word seq="7">the<GreekSeq>5</GreekSeq>
    </word>
    <word seq="8">devil,<GreekSeq>6</GreekSeq>
    </word>
    <word seq="9">who are taken captive<GreekSeq>8</GreekSeq>
    </word>
    <word seq="10">by<GreekSeq>9</GreekSeq>
    </word>
    <word seq="11">him<GreekSeq>10</GreekSeq>
    </word>
    <word seq="12">at<GreekSeq>11</GreekSeq>
    </word>
    <word seq="13">his<GreekSeq>13</GreekSeq>
    </word>
    <word seq="14">will.<GreekSeq>14</GreekSeq>
    </word>
   </KJV>
  </verse>
 </chapter>
</book>
