<?xml version="1.0" encoding="UTF-8" standalone="no"?>
<book>
 <chapter book="null" number="1">
  <verse number="1">
   <KJV>
    <word seq="1">The<GreekSeq>1</GreekSeq>
    </word>
    <word seq="2">elder<GreekSeq>2</GreekSeq>
    </word>
    <word seq="3">unto the<GreekSeq>4</GreekSeq>
    </word>
    <word seq="4">well beloved<GreekSeq>5</GreekSeq>
    </word>
    <word seq="5">Gaius,<GreekSeq>3</GreekSeq>
    </word>
    <word seq="6">whom<GreekSeq>6</GreekSeq>
    </word>
    <word seq="7">I<GreekSeq>7</GreekSeq>
    </word>
    <word seq="8">love<GreekSeq>8</GreekSeq>
    </word>
    <word seq="9">in<GreekSeq>9</GreekSeq>
    </word>
    <word seq="10">the truth.<GreekSeq>10</GreekSeq>
    </word>
   </KJV>
  </verse>
  <verse number="2">
   <KJV>
    <word seq="1">Beloved,<GreekSeq>1</GreekSeq>
    </word>
    <word seq="2">I wish<GreekSeq>4</GreekSeq>
    </word>
    <word seq="3">above<GreekSeq>2</GreekSeq>
    </word>
    <word seq="4">all things<GreekSeq>3</GreekSeq>
    </word>
    <word seq="5">that</word>
    <word seq="6">thou<GreekSeq>5</GreekSeq>
    </word>
    <word seq="7">mayest prosper<GreekSeq>6</GreekSeq>
    </word>
    <word seq="8">and<GreekSeq>7</GreekSeq>
    </word>
    <word seq="9">be in health,<GreekSeq>8</GreekSeq>
    </word>
    <word seq="10">even as<GreekSeq>9</GreekSeq>
    </word>
    <word seq="11">thy<GreekSeq>11</GreekSeq>
    </word>
    <word seq="12">soul<GreekSeq>13</GreekSeq>
    </word>
    <word seq="13">prospereth.<GreekSeq>10</GreekSeq>
    </word>
   </KJV>
  </verse>
  <verse number="3">
   <KJV>
    <word seq="1">For<GreekSeq>2</GreekSeq>
    </word>
    <word seq="2">I rejoiced<GreekSeq>1</GreekSeq>
    </word>
    <word seq="3">greatly,<GreekSeq>3</GreekSeq>
    </word>
    <word seq="4">when<GreekSeq/>
    </word>
    <word seq="5">the brethren<GreekSeq>5</GreekSeq>
    </word>
    <word seq="6">came<GreekSeq>4</GreekSeq>
    </word>
    <word seq="7">and<GreekSeq>6</GreekSeq>
    </word>
    <word seq="8">testified<GreekSeq>7</GreekSeq>
    </word>
    <word seq="9">of the<GreekSeq>9</GreekSeq>
    </word>
    <word seq="10">truth<GreekSeq>10</GreekSeq>
    </word>
    <word seq="11">that is</word>
    <word seq="12">in thee,<GreekSeq>8</GreekSeq>
    </word>
    <word seq="13">even as<GreekSeq>11</GreekSeq>
    </word>
    <word seq="14">thou<GreekSeq>12</GreekSeq>
    </word>
    <word seq="15">walkest<GreekSeq>15</GreekSeq>
    </word>
    <word seq="16">in<GreekSeq>13</GreekSeq>
    </word>
    <word seq="17">the truth.<GreekSeq>14</GreekSeq>
    </word>
   </KJV>
  </verse>
  <verse number="4">
   <KJV>
    <word seq="1">I have<GreekSeq>4</GreekSeq>
    </word>
    <word seq="2">no<GreekSeq>3</GreekSeq>
    </word>
    <word seq="3">greater<GreekSeq>1</GreekSeq>
    </word>
    <word seq="4">joy<GreekSeq>5</GreekSeq>
    </word>
    <word seq="5">than<GreekSeq>1</GreekSeq>
    </word>
    <word seq="6">to hear<GreekSeq>6</GreekSeq>
     <GreekSeq>7</GreekSeq>
    </word>
    <word seq="7">that</word>
    <word seq="8">my<GreekSeq>9</GreekSeq>
    </word>
    <word seq="9">children<GreekSeq>10</GreekSeq>
    </word>
    <word seq="10">walk<GreekSeq>14</GreekSeq>
    </word>
    <word seq="11">in<GreekSeq>11</GreekSeq>
    </word>
    <word seq="12">truth.<GreekSeq>13</GreekSeq>
    </word>
   </KJV>
  </verse>
  <verse number="5">
   <KJV>
    <word seq="1">Beloved,<GreekSeq>1</GreekSeq>
    </word>
    <word seq="2">thou doest<GreekSeq>3</GreekSeq>
    </word>
    <word seq="3">faithfully<GreekSeq>2</GreekSeq>
    </word>
    <word seq="4">whatsoever <GreekSeq>4</GreekSeq>
     <GreekSeq>5</GreekSeq>
    </word>
    <word seq="5">thou doest<GreekSeq>6</GreekSeq>
    </word>
    <word seq="6">to<GreekSeq>7</GreekSeq>
    </word>
    <word seq="7">the<GreekSeq>8</GreekSeq>
    </word>
    <word seq="8">brethren, <GreekSeq>9</GreekSeq>
    </word>
    <word seq="9">and<GreekSeq>10</GreekSeq>
    </word>
    <word note="Base of different Greek: εἰς(1519)" seq="10">to</word>
    <word seq="11">strangers<GreekSeq>12</GreekSeq>
    </word>
   </KJV>
  </verse>
  <verse number="6">
   <KJV>
    <word seq="1">which<GreekSeq>1</GreekSeq>
    </word>
    <word seq="2">have borne witness of<GreekSeq>2</GreekSeq>
    </word>
    <word seq="3">thy<GreekSeq>3</GreekSeq>
    </word>
    <word seq="4">charity <GreekSeq>5</GreekSeq>
    </word>
    <word seq="5">before<GreekSeq>6</GreekSeq>
    </word>
    <word seq="6">the church:<GreekSeq>7</GreekSeq>
    </word>
    <word seq="7">whom<GreekSeq>8</GreekSeq>
    </word>
    <word seq="8">if</word>
    <word seq="9">thou bring forward on their journey<GreekSeq>11</GreekSeq>
    </word>
    <word seq="10">after a<GreekSeq>12</GreekSeq>
    </word>
    <word seq="11">godly <GreekSeq>14</GreekSeq>
    </word>
    <word seq="12">sort,<GreekSeq>12</GreekSeq>
    </word>
    <word seq="13">thou shalt do<GreekSeq>10</GreekSeq>
    </word>
    <word seq="14">well:<GreekSeq>9</GreekSeq>
    </word>
   </KJV>
  </verse>
  <verse number="7">
   <KJV>
    <word seq="1">because that<GreekSeq>2</GreekSeq>
    </word>
    <word seq="2">for<GreekSeq>1</GreekSeq>
    </word>
    <word note="Base of different Greek: αὐτοῦ(846)" seq="3">his<GreekSeq>3</GreekSeq>
    </word>
    <word seq="4">name's<GreekSeq>4</GreekSeq>
    </word>
    <word seq="5">sake<GreekSeq>1</GreekSeq>
    </word>
    <word seq="6">they went forth,<GreekSeq>5</GreekSeq>
    </word>
    <word seq="7">taking<GreekSeq>7</GreekSeq>
    </word>
    <word seq="8">nothing<GreekSeq>6</GreekSeq>
    </word>
    <word seq="9">of<GreekSeq>8</GreekSeq>
    </word>
    <word seq="10">the<GreekSeq>9</GreekSeq>
    </word>
    <word seq="11">Gentiles.<GreekSeq>10</GreekSeq>
    </word>
   </KJV>
  </verse>
  <verse number="8">
   <KJV>
    <word seq="1">We<GreekSeq>1</GreekSeq>
    </word>
    <word seq="2">therefore<GreekSeq>2</GreekSeq>
    </word>
    <word seq="3">ought<GreekSeq>3</GreekSeq>
    </word>
    <word note="Base of different Greek: ἀπολαμβάνειν(618)" seq="4">to receive<GreekSeq>4</GreekSeq>
    </word>
    <word seq="5">such,<GreekSeq>6</GreekSeq>
    </word>
    <word seq="6">that<GreekSeq>7</GreekSeq>
    </word>
    <word seq="7">we might be<GreekSeq>9</GreekSeq>
    </word>
    <word seq="8">fellowhelpers<GreekSeq>8</GreekSeq>
    </word>
    <word seq="9">to the<GreekSeq>10</GreekSeq>
    </word>
    <word seq="10">truth.<GreekSeq>11</GreekSeq>
    </word>
   </KJV>
  </verse>
  <verse number="9">
   <KJV>
    <word seq="1">I wrote<GreekSeq>1</GreekSeq>
    </word>
    <word seq="2">unto the<GreekSeq>3</GreekSeq>
    </word>
    <word seq="3">church:<GreekSeq>4</GreekSeq>
    </word>
    <word seq="4">but<GreekSeq>5</GreekSeq>
    </word>
    <word seq="5">Diotrephes,<GreekSeq>9</GreekSeq>
    </word>
    <word seq="6">who loveth to have the preeminence<GreekSeq>7</GreekSeq>
    </word>
    <word seq="7">among them,<GreekSeq>8</GreekSeq>
    </word>
    <word seq="8">receiveth<GreekSeq>11</GreekSeq>
    </word>
    <word seq="9">us<GreekSeq>12</GreekSeq>
    </word>
    <word seq="10">not.<GreekSeq>10</GreekSeq>
    </word>
   </KJV>
  </verse>
  <verse number="10">
   <KJV>
    <word seq="1">Wherefore,<GreekSeq>1</GreekSeq>
     <GreekSeq>2</GreekSeq>
    </word>
    <word seq="2">if<GreekSeq>3</GreekSeq>
    </word>
    <word seq="3">I come,<GreekSeq>4</GreekSeq>
    </word>
    <word seq="4">I will remember<GreekSeq>5</GreekSeq>
    </word>
    <word seq="5">his<GreekSeq>6</GreekSeq>
    </word>
    <word seq="6">deeds <GreekSeq>8</GreekSeq>
    </word>
    <word seq="7">which<GreekSeq>9</GreekSeq>
    </word>
    <word seq="8">he doeth,<GreekSeq>10</GreekSeq>
    </word>
    <word seq="9">prating against<GreekSeq>13</GreekSeq>
    </word>
    <word seq="10">us<GreekSeq>14</GreekSeq>
    </word>
    <word seq="11">with malicious<GreekSeq>12</GreekSeq>
    </word>
    <word seq="12">words:<GreekSeq>11</GreekSeq>
    </word>
    <word seq="13">and<GreekSeq>15</GreekSeq>
    </word>
    <word seq="14">not<GreekSeq>16</GreekSeq>
    </word>
    <word seq="15">content<GreekSeq>17</GreekSeq>
    </word>
    <word seq="16">therewith,<GreekSeq>18</GreekSeq>
     <GreekSeq>19</GreekSeq>
    </word>
    <word seq="17">neither<GreekSeq>20</GreekSeq>
    </word>
    <word seq="18">doth he<GreekSeq>22</GreekSeq>
    </word>
    <word seq="19">himself<GreekSeq>21</GreekSeq>
    </word>
    <word seq="20">receive<GreekSeq>22</GreekSeq>
    </word>
    <word seq="21">the<GreekSeq>23</GreekSeq>
    </word>
    <word seq="22">brethren,<GreekSeq>24</GreekSeq>
    </word>
    <word seq="23">and<GreekSeq>25</GreekSeq>
    </word>
    <word seq="24">forbiddeth<GreekSeq>28</GreekSeq>
    </word>
    <word seq="25">them<GreekSeq>26</GreekSeq>
    </word>
    <word seq="26">that would,<GreekSeq>27</GreekSeq>
    </word>
    <word seq="27">and<GreekSeq>29</GreekSeq>
    </word>
    <word seq="28">casteth<GreekSeq>33</GreekSeq>
    </word>
    <word seq="29">them</word>
    <word seq="30">out of<GreekSeq>30</GreekSeq>
    </word>
    <word seq="31">the<GreekSeq>31</GreekSeq>
    </word>
    <word seq="32">church.<GreekSeq>32</GreekSeq>
    </word>
   </KJV>
  </verse>
  <verse number="11">
   <KJV>
    <word seq="1">Beloved,<GreekSeq>1</GreekSeq>
    </word>
    <word seq="2">follow<GreekSeq>3</GreekSeq>
    </word>
    <word seq="3">not<GreekSeq>2</GreekSeq>
    </word>
    <word seq="4">that<GreekSeq>4</GreekSeq>
    </word>
    <word seq="5">which is</word>
    <word seq="6">evil,<GreekSeq>5</GreekSeq>
    </word>
    <word seq="7">but<GreekSeq>6</GreekSeq>
    </word>
    <word seq="8">that<GreekSeq>7</GreekSeq>
    </word>
    <word seq="9">which is</word>
    <word seq="10">good.<GreekSeq>8</GreekSeq>
    </word>
    <word seq="11">He<GreekSeq>9</GreekSeq>
    </word>
    <word seq="12">that doeth good<GreekSeq>10</GreekSeq>
    </word>
    <word seq="13">is<GreekSeq>14</GreekSeq>
    </word>
    <word seq="14">of<GreekSeq>11</GreekSeq>
    </word>
    <word seq="15">God:<GreekSeq>13</GreekSeq>
    </word>
    <word note="Base of different Greek: δὲ(1161)" seq="16">but</word>
    <word seq="17">he<GreekSeq>15</GreekSeq>
    </word>
    <word seq="18">that doeth evil<GreekSeq>16</GreekSeq>
    </word>
    <word seq="19">hath<GreekSeq>18</GreekSeq>
    </word>
    <word seq="20">not<GreekSeq>17</GreekSeq>
    </word>
    <word seq="21">seen<GreekSeq>18</GreekSeq>
    </word>
    <word seq="22">God.<GreekSeq>20</GreekSeq>
    </word>
   </KJV>
  </verse>
  <verse number="12">
   <KJV>
    <word seq="1">Demetrius<GreekSeq>1</GreekSeq>
    </word>
    <word seq="2">hath good report<GreekSeq>2</GreekSeq>
    </word>
    <word seq="3">of<GreekSeq>3</GreekSeq>
    </word>
    <word seq="4">all men,<GreekSeq>4</GreekSeq>
    </word>
    <word seq="5">and<GreekSeq>5</GreekSeq>
    </word>
    <word seq="6">of<GreekSeq>6</GreekSeq>
    </word>
    <word seq="7">the<GreekSeq>8</GreekSeq>
    </word>
    <word seq="8">truth<GreekSeq>9</GreekSeq>
    </word>
    <word seq="9">itself:<GreekSeq>7</GreekSeq>
    </word>
    <word seq="10">yea, and<GreekSeq>12</GreekSeq>
    </word>
    <word seq="11">we<GreekSeq>11</GreekSeq>
    </word>
    <word seq="12">also<GreekSeq>10</GreekSeq>
    </word>
    <word seq="13">bear record;<GreekSeq>13</GreekSeq>
    </word>
    <word seq="14">and<GreekSeq>14</GreekSeq>
    </word>
    <word seq="15">ye know<GreekSeq>15</GreekSeq>
    </word>
    <word seq="16">that<GreekSeq>16</GreekSeq>
    </word>
    <word seq="17">our<GreekSeq>19</GreekSeq>
    </word>
    <word seq="18">record <GreekSeq>18</GreekSeq>
    </word>
    <word seq="19">is<GreekSeq>21</GreekSeq>
    </word>
    <word seq="20">true.<GreekSeq>20</GreekSeq>
    </word>
   </KJV>
  </verse>
  <verse number="13">
   <KJV>
    <word seq="1">I had<GreekSeq>2</GreekSeq>
    </word>
    <word seq="2">many things<GreekSeq>1</GreekSeq>
    </word>
    <word seq="3">to write,<GreekSeq>3</GreekSeq>
    </word>
    <word seq="4">but<GreekSeq>5</GreekSeq>
    </word>
    <word seq="5">I will<GreekSeq>7</GreekSeq>
    </word>
    <word seq="6">not<GreekSeq>6</GreekSeq>
    </word>
    <word seq="7">with<GreekSeq>8</GreekSeq>
    </word>
    <word seq="8">ink<GreekSeq>9</GreekSeq>
    </word>
    <word seq="9">and<GreekSeq>10</GreekSeq>
    </word>
    <word seq="10">pen<GreekSeq>11</GreekSeq>
    </word>
    <word seq="11">write<GreekSeq>13</GreekSeq>
    </word>
    <word seq="12">unto thee:<GreekSeq>12</GreekSeq>
    </word>
   </KJV>
  </verse>
  <verse number="14">
   <KJV>
    <word seq="1">but<GreekSeq>2</GreekSeq>
    </word>
    <word seq="2">I trust<GreekSeq>1</GreekSeq>
    </word>
    <word seq="3">I shall<GreekSeq/>
    </word>
    <word seq="4">shortly<GreekSeq>3</GreekSeq>
    </word>
    <word seq="5">see<GreekSeq>5</GreekSeq>
    </word>
    <word seq="6">thee,<GreekSeq>4</GreekSeq>
    </word>
    <word seq="7">and<GreekSeq>6</GreekSeq>
    </word>
    <word seq="8">we shall speak<GreekSeq>10</GreekSeq>
    </word>
    <word seq="9">face<GreekSeq>7</GreekSeq>
    </word>
    <word seq="10">to<GreekSeq>8</GreekSeq>
    </word>
    <word seq="11">face.<GreekSeq>9</GreekSeq>
    </word>
   </KJV>
  </verse>
  <verse number="15">
   <KJV>
    <word seq="1">Peace<GreekSeq>1</GreekSeq>
    </word>
    <word seq="2">be</word>
    <word seq="3">to thee.<GreekSeq>2</GreekSeq>
    </word>
    <word seq="4">Our</word>
    <word seq="5">friends<GreekSeq>6</GreekSeq>
    </word>
    <word seq="6">salute<GreekSeq>3</GreekSeq>
    </word>
    <word seq="7">thee.<GreekSeq>4</GreekSeq>
    </word>
    <word seq="8">Greet<GreekSeq>7</GreekSeq>
    </word>
    <word seq="9">the<GreekSeq>8</GreekSeq>
    </word>
    <word seq="10">friends<GreekSeq>9</GreekSeq>
    </word>
    <word seq="11">by<GreekSeq>10</GreekSeq>
    </word>
    <word seq="12">name<GreekSeq>11</GreekSeq>
    </word>
   </KJV>
  </verse>
 </chapter>
</book>
