<?xml version="1.0" encoding="UTF-8" standalone="no"?>
<book>
 <chapter book="null" number="7">
  <verse number="1">
   <KJV>
    <word seq="1">Then<GreekSeq>2</GreekSeq>
    </word>
    <word seq="2">said<GreekSeq>1</GreekSeq>
    </word>
    <word seq="3">the<GreekSeq>3</GreekSeq>
    </word>
    <word seq="4">high priest,<GreekSeq>4</GreekSeq>
    </word>
    <word seq="5">Are<GreekSeq>8</GreekSeq>
    </word>
    <word seq="6">these things<GreekSeq>6</GreekSeq>
    </word>
    <word seq="7">so?<GreekSeq>7</GreekSeq>
    </word>
   </KJV>
  </verse>
  <verse number="2">
   <KJV>
    <word seq="1">And<GreekSeq>2</GreekSeq>
    </word>
    <word seq="2">he<GreekSeq>1</GreekSeq>
    </word>
    <word seq="3">said,<GreekSeq>3</GreekSeq>
    </word>
    <word seq="4">Men,<GreekSeq>4</GreekSeq>
    </word>
    <word seq="5">brethren,<GreekSeq>5</GreekSeq>
    </word>
    <word seq="6">and<GreekSeq>6</GreekSeq>
    </word>
    <word seq="7">fathers,<GreekSeq>7</GreekSeq>
    </word>
    <word seq="8">hearken;<GreekSeq>8</GreekSeq>
    </word>
    <word seq="9">The<GreekSeq>9</GreekSeq>
    </word>
    <word seq="10">God<GreekSeq>10</GreekSeq>
    </word>
    <word seq="11">of glory<GreekSeq>12</GreekSeq>
    </word>
    <word seq="12">appeared<GreekSeq>13</GreekSeq>
    </word>
    <word seq="13">unto<GreekSeq>15</GreekSeq>
    </word>
    <word seq="14">our<GreekSeq>16</GreekSeq>
    </word>
    <word seq="15">father<GreekSeq>15</GreekSeq>
    </word>
    <word seq="16">Abraham,<GreekSeq>17</GreekSeq>
    </word>
    <word seq="17">when he was<GreekSeq>18</GreekSeq>
    </word>
    <word seq="18">in<GreekSeq>19</GreekSeq>
    </word>
    <word seq="19">Mesopotamia,<GreekSeq>21</GreekSeq>
    </word>
    <word seq="20">before<GreekSeq>22</GreekSeq>
    </word>
    <word seq="21">he<GreekSeq>25</GreekSeq>
    </word>
    <word seq="22">dwelt<GreekSeq>24</GreekSeq>
    </word>
    <word seq="23">in<GreekSeq>26</GreekSeq>
    </word>
    <word seq="24">Charran,<GreekSeq>27</GreekSeq>
    </word>
   </KJV>
  </verse>
  <verse number="3">
   <KJV>
    <word seq="1">And<GreekSeq>1</GreekSeq>
    </word>
    <word seq="2">said<GreekSeq>2</GreekSeq>
    </word>
    <word seq="3">unto<GreekSeq>3</GreekSeq>
    </word>
    <word seq="4">him,<GreekSeq>4</GreekSeq>
    </word>
    <word seq="5">Get thee out<GreekSeq>5</GreekSeq>
    </word>
    <word seq="6">of<GreekSeq>6</GreekSeq>
    </word>
    <word seq="7">thy<GreekSeq>9</GreekSeq>
    </word>
    <word seq="8">country,<GreekSeq>8</GreekSeq>
    </word>
    <word seq="9">and<GreekSeq>10</GreekSeq>
    </word>
    <word seq="10">from<GreekSeq>11</GreekSeq>
    </word>
    <word seq="11">thy<GreekSeq>14</GreekSeq>
    </word>
    <word seq="12">kindred,<GreekSeq>13</GreekSeq>
    </word>
    <word seq="13">and<GreekSeq>15</GreekSeq>
    </word>
    <word seq="14">come<GreekSeq>16</GreekSeq>
    </word>
    <word seq="15">into<GreekSeq>17</GreekSeq>
    </word>
    <word seq="16">the<GreekSeq>18</GreekSeq>
    </word>
    <word seq="17">land<GreekSeq>19</GreekSeq>
    </word>
    <word seq="18">which<GreekSeq>20</GreekSeq>
    </word>
    <word seq="19">I shall shew<GreekSeq>23</GreekSeq>
    </word>
    <word seq="20">thee.<GreekSeq>22</GreekSeq>
    </word>
   </KJV>
  </verse>
  <verse number="4">
   <KJV>
    <word seq="1">Then<GreekSeq>1</GreekSeq>
    </word>
    <word seq="2">came he out<GreekSeq>2</GreekSeq>
    </word>
    <word seq="3">of<GreekSeq>3</GreekSeq>
    </word>
    <word seq="4">the land<GreekSeq>4</GreekSeq>
    </word>
    <word seq="5">of the Chaldaeans,<GreekSeq>5</GreekSeq>
    </word>
    <word seq="6">and</word>
    <word seq="7">dwelt<GreekSeq>6</GreekSeq>
    </word>
    <word seq="8">in<GreekSeq>7</GreekSeq>
    </word>
    <word seq="9">Charran:<GreekSeq>8</GreekSeq>
    </word>
    <word seq="10">and from thence,<GreekSeq>9</GreekSeq>
    </word>
    <word seq="11">when<GreekSeq>10</GreekSeq>
    </word>
    <word seq="12">his<GreekSeq>15</GreekSeq>
    </word>
    <word seq="13">father<GreekSeq>14</GreekSeq>
    </word>
    <word seq="14">was dead,<GreekSeq>12</GreekSeq>
    </word>
    <word seq="15">he removed<GreekSeq>16</GreekSeq>
    </word>
    <word seq="16">him<GreekSeq>17</GreekSeq>
    </word>
    <word seq="17">into<GreekSeq>18</GreekSeq>
    </word>
    <word seq="18">this<GreekSeq>21</GreekSeq>
    </word>
    <word seq="19">land,<GreekSeq>20</GreekSeq>
    </word>
    <word seq="20">wherein<GreekSeq>22</GreekSeq>
     <GreekSeq>23</GreekSeq>
    </word>
    <word seq="21">ye<GreekSeq>24</GreekSeq>
    </word>
    <word seq="22">now<GreekSeq>25</GreekSeq>
    </word>
    <word seq="23">dwell.<GreekSeq>26</GreekSeq>
    </word>
   </KJV>
  </verse>
  <verse number="5">
   <KJV>
    <word seq="1">And<GreekSeq>1</GreekSeq>
    </word>
    <word seq="2">he gave<GreekSeq>3</GreekSeq>
    </word>
    <word seq="3">him<GreekSeq>4</GreekSeq>
    </word>
    <word seq="4">none<GreekSeq>2</GreekSeq>
    </word>
    <word seq="5">inheritance<GreekSeq>5</GreekSeq>
    </word>
    <word seq="6">in<GreekSeq>6</GreekSeq>
    </word>
    <word seq="7">it,<GreekSeq>7</GreekSeq>
    </word>
    <word seq="8">no,</word>
    <word seq="9">not so much as<GreekSeq>8</GreekSeq>
    </word>
    <word seq="10">to set his foot on:<GreekSeq>9</GreekSeq>
     <GreekSeq>10</GreekSeq>
    </word>
    <word seq="11">yet<GreekSeq>11</GreekSeq>
    </word>
    <word seq="12">he promised<GreekSeq>12</GreekSeq>
    </word>
    <word seq="13">that he would</word>
    <word seq="14">give<GreekSeq>13</GreekSeq>
    </word>
    <word seq="15">it<GreekSeq>17</GreekSeq>
    </word>
    <word seq="16">to him<GreekSeq>14</GreekSeq>
    </word>
    <word seq="17">for<GreekSeq>15</GreekSeq>
    </word>
    <word seq="18">a possession,<GreekSeq>16</GreekSeq>
    </word>
    <word seq="19">and<GreekSeq>18</GreekSeq>
    </word>
    <word seq="20">to<GreekSeq>20</GreekSeq>
    </word>
    <word seq="21">his<GreekSeq>21</GreekSeq>
    </word>
    <word seq="22">seed<GreekSeq>20</GreekSeq>
    </word>
    <word seq="23">after<GreekSeq>22</GreekSeq>
    </word>
    <word seq="24">him,<GreekSeq>23</GreekSeq>
    </word>
    <word seq="25">when as yet he had<GreekSeq>25</GreekSeq>
     <GreekSeq>26</GreekSeq>
    </word>
    <word seq="26">no<GreekSeq>24</GreekSeq>
    </word>
    <word seq="27">child.<GreekSeq>27</GreekSeq>
    </word>
   </KJV>
  </verse>
  <verse number="6">
   <KJV>
    <word seq="1">And<GreekSeq>2</GreekSeq>
    </word>
    <word seq="2">God<GreekSeq>5</GreekSeq>
    </word>
    <word seq="3">spake<GreekSeq>1</GreekSeq>
    </word>
    <word seq="4">on this wise,<GreekSeq>3</GreekSeq>
    </word>
    <word seq="5">That<GreekSeq>6</GreekSeq>
    </word>
    <word seq="6">his<GreekSeq>10</GreekSeq>
    </word>
    <word seq="7">seed<GreekSeq>9</GreekSeq>
    </word>
    <word seq="8">should<GreekSeq>7</GreekSeq>
    </word>
    <word seq="9">sojourn<GreekSeq>11</GreekSeq>
    </word>
    <word seq="10">in<GreekSeq>12</GreekSeq>
    </word>
    <word seq="11">a strange<GreekSeq>14</GreekSeq>
    </word>
    <word seq="12">land;<GreekSeq>13</GreekSeq>
    </word>
    <word seq="13">and<GreekSeq>15</GreekSeq>
    </word>
    <word seq="14">that</word>
    <word seq="15">they should bring<GreekSeq>16</GreekSeq>
    </word>
    <word seq="16">them<GreekSeq>17</GreekSeq>
    </word>
    <word seq="17">into bondage,<GreekSeq>16</GreekSeq>
    </word>
    <word seq="18">and<GreekSeq>18</GreekSeq>
    </word>
    <word seq="19">entreat [them] evil<GreekSeq>19</GreekSeq>
    </word>
    <word seq="20">four hundred<GreekSeq>21</GreekSeq>
    </word>
    <word seq="21">years.<GreekSeq>20</GreekSeq>
    </word>
   </KJV>
  </verse>
  <verse number="7">
   <KJV>
    <word seq="1">And<GreekSeq>1</GreekSeq>
    </word>
    <word seq="2">the<GreekSeq>2</GreekSeq>
    </word>
    <word seq="3">nation<GreekSeq>3</GreekSeq>
    </word>
    <word seq="4">to whom<GreekSeq>4</GreekSeq>
    </word>
    <word seq="5">they shall be in bondage<GreekSeq>6</GreekSeq>
    </word>
    <word seq="6">will<GreekSeq>7</GreekSeq>
    </word>
    <word seq="7">I<GreekSeq>8</GreekSeq>
    </word>
    <word seq="8">judge,<GreekSeq>7</GreekSeq>
    </word>
    <word seq="9">said<GreekSeq>11</GreekSeq>
    </word>
    <word seq="10">God:<GreekSeq>10</GreekSeq>
    </word>
    <word seq="11">and<GreekSeq>12</GreekSeq>
    </word>
    <word seq="12">after<GreekSeq>13</GreekSeq>
    </word>
    <word seq="13">that<GreekSeq>14</GreekSeq>
    </word>
    <word seq="14">shall they come forth,<GreekSeq>15</GreekSeq>
    </word>
    <word seq="15">and<GreekSeq>16</GreekSeq>
    </word>
    <word seq="16">serve<GreekSeq>17</GreekSeq>
    </word>
    <word seq="17">me<GreekSeq>18</GreekSeq>
    </word>
    <word seq="18">in<GreekSeq>19</GreekSeq>
    </word>
    <word seq="19">this<GreekSeq>22</GreekSeq>
    </word>
    <word seq="20">place.<GreekSeq>21</GreekSeq>
    </word>
   </KJV>
  </verse>
  <verse number="8">
   <KJV>
    <word seq="1">And<GreekSeq>1</GreekSeq>
    </word>
    <word seq="2">he gave<GreekSeq>2</GreekSeq>
    </word>
    <word seq="3">him<GreekSeq>3</GreekSeq>
    </word>
    <word seq="4">the covenant<GreekSeq>4</GreekSeq>
    </word>
    <word seq="5">of circumcision:<GreekSeq>5</GreekSeq>
    </word>
    <word seq="6">and<GreekSeq>6</GreekSeq>
    </word>
    <word seq="7">so<GreekSeq>7</GreekSeq>
    </word>
    <word seq="8">[Abraham] begat<GreekSeq>8</GreekSeq>
    </word>
    <word seq="9">Isaac,<GreekSeq>10</GreekSeq>
    </word>
    <word seq="10">and<GreekSeq>11</GreekSeq>
    </word>
    <word seq="11">circumcised<GreekSeq>12</GreekSeq>
    </word>
    <word seq="12">him<GreekSeq>13</GreekSeq>
    </word>
    <word seq="13">the<GreekSeq>14</GreekSeq>
    </word>
    <word seq="14">eighth<GreekSeq>17</GreekSeq>
    </word>
    <word seq="15">day;<GreekSeq>15</GreekSeq>
    </word>
    <word seq="16">and<GreekSeq>18</GreekSeq>
    </word>
    <word seq="17">Isaac<GreekSeq>19</GreekSeq>
    </word>
    <word seq="18">begat</word>
    <word seq="19">Jacob;<GreekSeq>21</GreekSeq>
    </word>
    <word seq="20">and<GreekSeq>22</GreekSeq>
    </word>
    <word seq="21">Jacob<GreekSeq>23</GreekSeq>
    </word>
    <word seq="22">begat</word>
    <word seq="23">the<GreekSeq>24</GreekSeq>
    </word>
    <word seq="24">twelve<GreekSeq>25</GreekSeq>
    </word>
    <word seq="25">patriarchs.<GreekSeq>26</GreekSeq>
    </word>
   </KJV>
  </verse>
  <verse number="9">
   <KJV>
    <word seq="1">And<GreekSeq>1</GreekSeq>
    </word>
    <word seq="2">the<GreekSeq>2</GreekSeq>
    </word>
    <word seq="3">patriarchs,<GreekSeq>3</GreekSeq>
    </word>
    <word seq="4">moved with envy,<GreekSeq>4</GreekSeq>
    </word>
    <word seq="5">sold<GreekSeq>7</GreekSeq>
    </word>
    <word seq="6">Joseph<GreekSeq>6</GreekSeq>
    </word>
    <word seq="7">into<GreekSeq>8</GreekSeq>
    </word>
    <word seq="8">Egypt:<GreekSeq>9</GreekSeq>
    </word>
    <word seq="9">but<GreekSeq>10</GreekSeq>
    </word>
    <word seq="10">God<GreekSeq>13</GreekSeq>
    </word>
    <word seq="11">was<GreekSeq>11</GreekSeq>
    </word>
    <word seq="12">with<GreekSeq>14</GreekSeq>
    </word>
    <word seq="13">him,<GreekSeq>15</GreekSeq>
    </word>
   </KJV>
  </verse>
  <verse number="10">
   <KJV>
    <word seq="1">And<GreekSeq>1</GreekSeq>
    </word>
    <word seq="2">delivered<GreekSeq>2</GreekSeq>
    </word>
    <word seq="3">him<GreekSeq>3</GreekSeq>
    </word>
    <word seq="4">out of<GreekSeq>4</GreekSeq>
    </word>
    <word seq="5">all<GreekSeq>5</GreekSeq>
    </word>
    <word seq="6">his<GreekSeq>8</GreekSeq>
    </word>
    <word seq="7">afflictions,<GreekSeq>7</GreekSeq>
    </word>
    <word seq="8">and<GreekSeq>9</GreekSeq>
    </word>
    <word seq="9">gave<GreekSeq>10</GreekSeq>
    </word>
    <word seq="10">him<GreekSeq>11</GreekSeq>
    </word>
    <word seq="11">favour<GreekSeq>12</GreekSeq>
    </word>
    <word seq="12">and<GreekSeq>13</GreekSeq>
    </word>
    <word seq="13">wisdom<GreekSeq>14</GreekSeq>
    </word>
    <word seq="14">in the sight of<GreekSeq>15</GreekSeq>
    </word>
    <word seq="15">Pharaoh<GreekSeq>16</GreekSeq>
    </word>
    <word seq="16">king<GreekSeq>17</GreekSeq>
    </word>
    <word seq="17">of Egypt;<GreekSeq>18</GreekSeq>
    </word>
    <word seq="18">and<GreekSeq>19</GreekSeq>
    </word>
    <word seq="19">he made<GreekSeq>20</GreekSeq>
    </word>
    <word seq="20">him<GreekSeq>21</GreekSeq>
    </word>
    <word seq="21">governor<GreekSeq>22</GreekSeq>
    </word>
    <word seq="22">over<GreekSeq>23</GreekSeq>
    </word>
    <word seq="23">Egypt<GreekSeq>24</GreekSeq>
    </word>
    <word seq="24">and<GreekSeq>25</GreekSeq>
    </word>
    <word seq="25">all<GreekSeq>27</GreekSeq>
    </word>
    <word seq="26">his<GreekSeq>30</GreekSeq>
    </word>
    <word seq="27">house.<GreekSeq>29</GreekSeq>
    </word>
   </KJV>
  </verse>
  <verse number="11">
   <KJV>
    <word seq="1">Now<GreekSeq>2</GreekSeq>
    </word>
    <word seq="2">there came<GreekSeq>1</GreekSeq>
    </word>
    <word seq="3">a dearth<GreekSeq>3</GreekSeq>
    </word>
    <word seq="4">over<GreekSeq>4</GreekSeq>
    </word>
    <word seq="5">all<GreekSeq>5</GreekSeq>
    </word>
    <word seq="6">the<GreekSeq>6</GreekSeq>
    </word>
    <word note="Base of different Greek: γῆν(1093)" seq="7">land</word>
    <word seq="8">of Egypt<GreekSeq>7</GreekSeq>
    </word>
    <word seq="9">and<GreekSeq>8</GreekSeq>
    </word>
    <word seq="10">Chanaan,<GreekSeq>9</GreekSeq>
    </word>
    <word seq="11">and<GreekSeq>10</GreekSeq>
    </word>
    <word seq="12">great<GreekSeq>12</GreekSeq>
    </word>
    <word seq="13">affliction:<GreekSeq>11</GreekSeq>
    </word>
    <word seq="14">and<GreekSeq>13</GreekSeq>
    </word>
    <word seq="15">our<GreekSeq>19</GreekSeq>
    </word>
    <word seq="16">fathers<GreekSeq>18</GreekSeq>
    </word>
    <word seq="17">found<GreekSeq>15</GreekSeq>
    </word>
    <word seq="18">no<GreekSeq>14</GreekSeq>
    </word>
    <word seq="19">sustenance.<GreekSeq>16</GreekSeq>
    </word>
   </KJV>
  </verse>
  <verse number="12">
   <KJV>
    <word seq="1">But<GreekSeq>2</GreekSeq>
    </word>
    <word seq="2">when<GreekSeq>1</GreekSeq>
    </word>
    <word seq="3">Jacob<GreekSeq>3</GreekSeq>
    </word>
    <word seq="4">heard<GreekSeq>1</GreekSeq>
    </word>
    <word seq="5">that</word>
    <word seq="6">there was<GreekSeq>4</GreekSeq>
    </word>
    <word seq="7">corn<GreekSeq>5</GreekSeq>
    </word>
    <word note="Base of different Greek: ἕν(1722)" seq="8">in<GreekSeq>6</GreekSeq>
    </word>
    <word seq="9">Egypt,<GreekSeq>7</GreekSeq>
    </word>
    <word seq="10">he sent out<GreekSeq>8</GreekSeq>
    </word>
    <word seq="11">our<GreekSeq>11</GreekSeq>
    </word>
    <word seq="12">fathers<GreekSeq>10</GreekSeq>
    </word>
    <word seq="13">first.<GreekSeq>12</GreekSeq>
    </word>
   </KJV>
  </verse>
  <verse number="13">
   <KJV>
    <word seq="1">And<GreekSeq>1</GreekSeq>
    </word>
    <word seq="2">at<GreekSeq>2</GreekSeq>
    </word>
    <word seq="3">the<GreekSeq>3</GreekSeq>
    </word>
    <word seq="4">second time<GreekSeq>4</GreekSeq>
    </word>
    <word seq="5">Joseph<GreekSeq>6</GreekSeq>
    </word>
    <word seq="6">was made known<GreekSeq>5</GreekSeq>
    </word>
    <word seq="7">to<GreekSeq>8</GreekSeq>
    </word>
    <word seq="8">his<GreekSeq>9</GreekSeq>
    </word>
    <word seq="9">brethren;<GreekSeq>8</GreekSeq>
    </word>
    <word seq="10">and<GreekSeq>10</GreekSeq>
    </word>
    <word seq="11">Joseph's<GreekSeq>17</GreekSeq>
     <GreekSeq>18</GreekSeq>
    </word>
    <word seq="12">kindred<GreekSeq>16</GreekSeq>
    </word>
    <word seq="13">was made<GreekSeq>12</GreekSeq>
    </word>
    <word seq="14">known<GreekSeq>11</GreekSeq>
    </word>
    <word seq="15">unto Pharaoh.<GreekSeq>14</GreekSeq>
    </word>
   </KJV>
  </verse>
  <verse number="14">
   <KJV>
    <word seq="1">Then<GreekSeq>2</GreekSeq>
    </word>
    <word seq="2">sent<GreekSeq>1</GreekSeq>
    </word>
    <word seq="3">Joseph,<GreekSeq>3</GreekSeq>
    </word>
    <word seq="4">and</word>
    <word seq="5">called<GreekSeq>4</GreekSeq>
    </word>
    <word seq="6">his<GreekSeq>8</GreekSeq>
    </word>
    <word seq="7">father<GreekSeq>7</GreekSeq>
    </word>
    <word seq="8">Jacob<GreekSeq>5</GreekSeq>
    </word>
    <word seq="9">to him,</word>
    <word seq="10">and<GreekSeq>9</GreekSeq>
    </word>
    <word seq="11">all<GreekSeq>10</GreekSeq>
    </word>
    <word note="Base of different Greek: αὐτοῦ(846)" seq="12">his</word>
    <word seq="13">kindred,<GreekSeq>12</GreekSeq>
    </word>
    <word seq="14">threescore and fifteen<GreekSeq>15</GreekSeq>
     <GreekSeq>16</GreekSeq>
    </word>
    <word seq="15">souls.<GreekSeq>14</GreekSeq>
    </word>
   </KJV>
  </verse>
  <verse number="15">
   <KJV>
    <word note="Base of different Greek: δὲ(1161)" seq="1">So<GreekSeq>1</GreekSeq>
    </word>
    <word seq="2">Jacob<GreekSeq>3</GreekSeq>
    </word>
    <word seq="3">went down<GreekSeq>2</GreekSeq>
    </word>
    <word seq="4">into<GreekSeq>4</GreekSeq>
    </word>
    <word seq="5">Egypt,<GreekSeq>5</GreekSeq>
    </word>
    <word seq="6">and<GreekSeq>6</GreekSeq>
    </word>
    <word seq="7">died,<GreekSeq>7</GreekSeq>
    </word>
    <word seq="8">he,<GreekSeq>8</GreekSeq>
    </word>
    <word seq="9">and<GreekSeq>9</GreekSeq>
    </word>
    <word seq="10">our<GreekSeq>12</GreekSeq>
    </word>
    <word seq="11">fathers,<GreekSeq>11</GreekSeq>
    </word>
   </KJV>
  </verse>
  <verse number="16">
   <KJV>
    <word seq="1">And<GreekSeq>1</GreekSeq>
    </word>
    <word seq="2">were carried over<GreekSeq>2</GreekSeq>
    </word>
    <word seq="3">into<GreekSeq>3</GreekSeq>
    </word>
    <word seq="4">Sychem,<GreekSeq>4</GreekSeq>
    </word>
    <word seq="5">and<GreekSeq>5</GreekSeq>
    </word>
    <word seq="6">laid<GreekSeq>6</GreekSeq>
    </word>
    <word seq="7">in<GreekSeq>7</GreekSeq>
    </word>
    <word seq="8">the<GreekSeq>8</GreekSeq>
    </word>
    <word seq="9">sepulchre<GreekSeq>9</GreekSeq>
    </word>
    <word seq="10">that<GreekSeq>10</GreekSeq>
    </word>
    <word seq="11">Abraham<GreekSeq>12</GreekSeq>
    </word>
    <word seq="12">bought<GreekSeq>11</GreekSeq>
    </word>
    <word seq="13">for a sum<GreekSeq>13</GreekSeq>
    </word>
    <word seq="14">of money<GreekSeq>14</GreekSeq>
    </word>
    <word seq="15">of<GreekSeq>15</GreekSeq>
    </word>
    <word seq="16">the<GreekSeq>16</GreekSeq>
    </word>
    <word seq="17">sons of <GreekSeq>17</GreekSeq>
    </word>
    <word seq="18">Emmor<GreekSeq>18</GreekSeq>
    </word>
    <word seq="19">the father of </word>
    <word seq="20">Sychem.<GreekSeq>20</GreekSeq>
    </word>
   </KJV>
  </verse>
  <verse number="17">
   <KJV>
    <word seq="1">But<GreekSeq>2</GreekSeq>
    </word>
    <word seq="2">when<GreekSeq>1</GreekSeq>
    </word>
    <word seq="3">the<GreekSeq>4</GreekSeq>
    </word>
    <word seq="4">time<GreekSeq>5</GreekSeq>
    </word>
    <word seq="5">of the<GreekSeq>6</GreekSeq>
    </word>
    <word seq="6">promise<GreekSeq>7</GreekSeq>
    </word>
    <word seq="7">drew nigh,<GreekSeq>3</GreekSeq>
    </word>
    <word seq="8">which<GreekSeq>8</GreekSeq>
    </word>
    <word seq="9">God<GreekSeq>11</GreekSeq>
    </word>
    <word note="Base of different Greek: ὤμοσεν(3660)" seq="10">had sworn<GreekSeq>9</GreekSeq>
    </word>
    <word seq="11">to Abraham,<GreekSeq>12</GreekSeq>
     <GreekSeq>13</GreekSeq>
    </word>
    <word seq="12">the<GreekSeq>15</GreekSeq>
    </word>
    <word seq="13">people<GreekSeq>16</GreekSeq>
    </word>
    <word seq="14">grew<GreekSeq>14</GreekSeq>
    </word>
    <word seq="15">and<GreekSeq>17</GreekSeq>
    </word>
    <word seq="16">multiplied<GreekSeq>18</GreekSeq>
    </word>
    <word seq="17">in<GreekSeq>19</GreekSeq>
    </word>
    <word seq="18">Egypt,<GreekSeq>20</GreekSeq>
    </word>
   </KJV>
  </verse>
  <verse number="18">
   <KJV>
    <word seq="1">Till<GreekSeq>1</GreekSeq>
    </word>
    <word seq="2">another<GreekSeq>5</GreekSeq>
    </word>
    <word seq="3">king<GreekSeq>4</GreekSeq>
    </word>
    <word seq="4">arose,<GreekSeq>3</GreekSeq>
    </word>
    <word seq="5">which<GreekSeq>8</GreekSeq>
    </word>
    <word seq="6">knew<GreekSeq>10</GreekSeq>
    </word>
    <word seq="7">not<GreekSeq>9</GreekSeq>
    </word>
    <word seq="8">Joseph.<GreekSeq>12</GreekSeq>
    </word>
   </KJV>
  </verse>
  <verse number="19">
   <KJV>
    <word seq="1">The same<GreekSeq>1</GreekSeq>
    </word>
    <word seq="2">dealt subtilly with<GreekSeq>2</GreekSeq>
    </word>
    <word seq="3">our<GreekSeq>5</GreekSeq>
    </word>
    <word seq="4">kindred,<GreekSeq>4</GreekSeq>
    </word>
    <word seq="5">and</word>
    <word seq="6">evil entreated<GreekSeq>6</GreekSeq>
    </word>
    <word seq="7">our<GreekSeq>9</GreekSeq>
    </word>
    <word seq="8">fathers,<GreekSeq>8</GreekSeq>
    </word>
    <word seq="9">so that<GreekSeq>10</GreekSeq>
    </word>
    <word seq="10">they</word>
    <word seq="11">cast<GreekSeq>11</GreekSeq>
    </word>
    <word seq="12">out<GreekSeq>14</GreekSeq>
    </word>
    <word seq="13">their<GreekSeq>15</GreekSeq>
    </word>
    <word seq="14">young children,<GreekSeq>13</GreekSeq>
    </word>
    <word seq="15">to the end<GreekSeq>16</GreekSeq>
     <GreekSeq>17</GreekSeq>
    </word>
    <word seq="16">they might<GreekSeq/>
    </word>
    <word seq="17">not<GreekSeq>18</GreekSeq>
    </word>
    <word seq="18">live.<GreekSeq>19</GreekSeq>
    </word>
   </KJV>
  </verse>
  <verse number="20">
   <KJV>
    <word seq="1">In<GreekSeq>1</GreekSeq>
    </word>
    <word seq="2">which<GreekSeq>2</GreekSeq>
    </word>
    <word seq="3">time<GreekSeq>3</GreekSeq>
    </word>
    <word seq="4">Moses<GreekSeq>5</GreekSeq>
    </word>
    <word seq="5">was born,<GreekSeq>4</GreekSeq>
    </word>
    <word seq="6">and<GreekSeq>6</GreekSeq>
    </word>
    <word seq="7">was<GreekSeq>7</GreekSeq>
    </word>
    <word seq="8">exceeding fair,<GreekSeq>8</GreekSeq>
    </word>
    <word seq="9">and</word>
    <word seq="10">nourished up<GreekSeq>12</GreekSeq>
    </word>
    <word seq="11">in<GreekSeq>15</GreekSeq>
    </word>
    <word note="Base of different Greek: αὐτοῦ(846)" seq="12">his</word>
    <word seq="13">father's<GreekSeq>19</GreekSeq>
    </word>
    <word seq="14">house<GreekSeq>17</GreekSeq>
    </word>
    <word seq="15">three<GreekSeq>14</GreekSeq>
    </word>
    <word seq="16">months:<GreekSeq>13</GreekSeq>
    </word>
   </KJV>
  </verse>
  <verse number="21">
   <KJV>
    <word seq="1">And<GreekSeq>2</GreekSeq>
    </word>
    <word seq="2">when<GreekSeq>1</GreekSeq>
    </word>
    <word seq="3">he<GreekSeq>3</GreekSeq>
    </word>
    <word seq="4">was cast out,<GreekSeq>1</GreekSeq>
    </word>
    <word seq="5">Pharaoh's<GreekSeq>8</GreekSeq>
    </word>
    <word seq="6">daughter<GreekSeq>7</GreekSeq>
    </word>
    <word seq="7">took<GreekSeq>4</GreekSeq>
    </word>
    <word seq="8">him<GreekSeq>5</GreekSeq>
    </word>
    <word seq="9">up,<GreekSeq>4</GreekSeq>
    </word>
    <word seq="10">and<GreekSeq>9</GreekSeq>
    </word>
    <word seq="11">nourished<GreekSeq>10</GreekSeq>
    </word>
    <word seq="12">him<GreekSeq>11</GreekSeq>
    </word>
    <word seq="13">for<GreekSeq>13</GreekSeq>
    </word>
    <word seq="14">her own<GreekSeq>12</GreekSeq>
    </word>
    <word seq="15">son.<GreekSeq>14</GreekSeq>
    </word>
   </KJV>
  </verse>
  <verse number="22">
   <KJV>
    <word seq="1">And<GreekSeq>1</GreekSeq>
    </word>
    <word seq="2">Moses<GreekSeq>3</GreekSeq>
    </word>
    <word seq="3">was learned<GreekSeq>2</GreekSeq>
    </word>
    <word seq="4">all<GreekSeq>5</GreekSeq>
    </word>
    <word seq="5">the wisdom<GreekSeq>6</GreekSeq>
    </word>
    <word seq="6">of the Egyptians,<GreekSeq>7</GreekSeq>
    </word>
    <word seq="7">and<GreekSeq>9</GreekSeq>
    </word>
    <word seq="8">was<GreekSeq>8</GreekSeq>
    </word>
    <word seq="9">mighty<GreekSeq>10</GreekSeq>
    </word>
    <word seq="10">in<GreekSeq>4</GreekSeq>
    </word>
    <word seq="11">words<GreekSeq>12</GreekSeq>
    </word>
    <word seq="12">and<GreekSeq>13</GreekSeq>
    </word>
    <word seq="13">in<GreekSeq>11</GreekSeq>
    </word>
    <word seq="14">deeds.<GreekSeq>14</GreekSeq>
    </word>
   </KJV>
  </verse>
  <verse number="23">
   <KJV>
    <word seq="1">And<GreekSeq>2</GreekSeq>
    </word>
    <word seq="2">when<GreekSeq>1</GreekSeq>
    </word>
    <word seq="3">he<GreekSeq>4</GreekSeq>
    </word>
    <word seq="4">was full<GreekSeq>3</GreekSeq>
    </word>
    <word seq="5">forty<GreekSeq>5</GreekSeq>
    </word>
    <word seq="6">years old,<GreekSeq>6</GreekSeq>
    </word>
    <word seq="7">it came<GreekSeq>7</GreekSeq>
    </word>
    <word seq="8">into<GreekSeq>8</GreekSeq>
    </word>
    <word seq="9">his<GreekSeq>11</GreekSeq>
    </word>
    <word seq="10">heart<GreekSeq>10</GreekSeq>
    </word>
    <word seq="11">to visit<GreekSeq>12</GreekSeq>
    </word>
    <word seq="12">his<GreekSeq>15</GreekSeq>
    </word>
    <word seq="13">brethren<GreekSeq>14</GreekSeq>
    </word>
    <word seq="14">the<GreekSeq>16</GreekSeq>
    </word>
    <word seq="15">children<GreekSeq>17</GreekSeq>
    </word>
    <word seq="16">of Israel.<GreekSeq>18</GreekSeq>
    </word>
   </KJV>
  </verse>
  <verse number="24">
   <KJV>
    <word seq="1">And<GreekSeq>1</GreekSeq>
    </word>
    <word seq="2">seeing<GreekSeq>2</GreekSeq>
    </word>
    <word seq="3">one of them<GreekSeq>3</GreekSeq>
    </word>
    <word seq="4">suffer wrong,<GreekSeq>4</GreekSeq>
    </word>
    <word seq="5">he defended<GreekSeq>5</GreekSeq>
    </word>
    <word seq="6">him,</word>
    <word seq="7">and<GreekSeq>6</GreekSeq>
    </word>
    <word seq="8">avenged<GreekSeq>7</GreekSeq>
     <GreekSeq>8</GreekSeq>
    </word>
    <word seq="9">him<GreekSeq>9</GreekSeq>
    </word>
    <word seq="10">that was oppressed,<GreekSeq>10</GreekSeq>
    </word>
    <word seq="11">and</word>
    <word seq="12">smote<GreekSeq>11</GreekSeq>
    </word>
    <word seq="13">the<GreekSeq>12</GreekSeq>
    </word>
    <word seq="14">Egyptian:<GreekSeq>13</GreekSeq>
    </word>
   </KJV>
  </verse>
  <verse number="25">
   <KJV>
    <word seq="1">For<GreekSeq>2</GreekSeq>
    </word>
    <word seq="2">he supposed<GreekSeq>1</GreekSeq>
    </word>
    <word seq="3">his<GreekSeq>6</GreekSeq>
    </word>
    <word seq="4">brethren<GreekSeq>5</GreekSeq>
    </word>
    <word seq="5">would have understood<GreekSeq>3</GreekSeq>
    </word>
    <word seq="6">how that<GreekSeq>7</GreekSeq>
    </word>
    <word seq="7">God<GreekSeq>9</GreekSeq>
    </word>
    <word seq="8">by<GreekSeq>10</GreekSeq>
    </word>
    <word seq="9">his<GreekSeq>12</GreekSeq>
    </word>
    <word seq="10">hand<GreekSeq>11</GreekSeq>
    </word>
    <word seq="11">would deliver<GreekSeq>13</GreekSeq>
     <GreekSeq>14</GreekSeq>
    </word>
    <word seq="12">them:<GreekSeq>15</GreekSeq>
    </word>
    <word seq="13">but<GreekSeq>17</GreekSeq>
    </word>
    <word seq="14">they<GreekSeq>16</GreekSeq>
    </word>
    <word seq="15">understood<GreekSeq>19</GreekSeq>
    </word>
    <word seq="16">not.<GreekSeq>18</GreekSeq>
    </word>
   </KJV>
  </verse>
  <verse number="26">
   <KJV>
    <word note="Base of different Greek: δὲ(1161)" seq="1">And<GreekSeq>2</GreekSeq>
    </word>
    <word seq="2">the<GreekSeq>1</GreekSeq>
    </word>
    <word seq="3">next<GreekSeq>3</GreekSeq>
    </word>
    <word seq="4">day<GreekSeq>4</GreekSeq>
    </word>
    <word seq="5">he shewed himself<GreekSeq>5</GreekSeq>
    </word>
    <word seq="6">unto them<GreekSeq>6</GreekSeq>
    </word>
    <word seq="7">as they strove,<GreekSeq>7</GreekSeq>
    </word>
    <word seq="8">and<GreekSeq>8</GreekSeq>
    </word>
    <word seq="9">would have set<GreekSeq>9</GreekSeq>
    </word>
    <word seq="10">them<GreekSeq>10</GreekSeq>
    </word>
    <word seq="11">at one again,<GreekSeq>9</GreekSeq>
    </word>
    <word seq="12">saying,<GreekSeq>13</GreekSeq>
    </word>
    <word seq="13">Sirs,<GreekSeq>14</GreekSeq>
    </word>
    <word note="Base of different Greek: ὑμεῖς(5210)" seq="14">ye</word>
    <word seq="15">are<GreekSeq>16</GreekSeq>
    </word>
    <word seq="16">brethren;<GreekSeq>15</GreekSeq>
    </word>
    <word seq="17">why<GreekSeq>17</GreekSeq>
    </word>
    <word seq="18">do ye wrong<GreekSeq>18</GreekSeq>
    </word>
    <word seq="19">one to another?<GreekSeq>19</GreekSeq>
    </word>
   </KJV>
  </verse>
  <verse number="27">
   <KJV>
    <word seq="1">But<GreekSeq>2</GreekSeq>
    </word>
    <word seq="2">he<GreekSeq>1</GreekSeq>
    </word>
    <word seq="3">that did<GreekSeq>3</GreekSeq>
    </word>
    <word seq="4">his neighbour<GreekSeq>5</GreekSeq>
    </word>
    <word seq="5">wrong<GreekSeq>3</GreekSeq>
    </word>
    <word seq="6">thrust<GreekSeq>6</GreekSeq>
    </word>
    <word seq="7">him<GreekSeq>7</GreekSeq>
    </word>
    <word seq="8">away,<GreekSeq>6</GreekSeq>
    </word>
    <word seq="9">saying,<GreekSeq>8</GreekSeq>
    </word>
    <word seq="10">Who<GreekSeq>9</GreekSeq>
    </word>
    <word seq="11">made<GreekSeq>11</GreekSeq>
    </word>
    <word seq="12">thee<GreekSeq>10</GreekSeq>
    </word>
    <word seq="13">a ruler<GreekSeq>12</GreekSeq>
    </word>
    <word seq="14">and<GreekSeq>13</GreekSeq>
    </word>
    <word seq="15">a judge<GreekSeq>14</GreekSeq>
    </word>
    <word seq="16">over<GreekSeq>15</GreekSeq>
    </word>
    <word seq="17">us?<GreekSeq>16</GreekSeq>
    </word>
   </KJV>
  </verse>
  <verse number="28">
   <KJV>
    <word seq="1">Wilt<GreekSeq>5</GreekSeq>
    </word>
    <word seq="2">thou<GreekSeq>4</GreekSeq>
    </word>
    <word seq="3">kill<GreekSeq>2</GreekSeq>
    </word>
    <word seq="4">me,<GreekSeq>3</GreekSeq>
    </word>
    <word seq="5">as<GreekSeq>6</GreekSeq>
     <GreekSeq>7</GreekSeq>
    </word>
    <word seq="6">thou diddest<GreekSeq>8</GreekSeq>
    </word>
    <word seq="7">the<GreekSeq>10</GreekSeq>
    </word>
    <word seq="8">Egyptian<GreekSeq>11</GreekSeq>
    </word>
    <word seq="9">yesterday?<GreekSeq>9</GreekSeq>
    </word>
   </KJV>
  </verse>
  <verse number="29">
   <KJV>
    <word seq="1">Then<GreekSeq>2</GreekSeq>
    </word>
    <word seq="2">fled<GreekSeq>1</GreekSeq>
    </word>
    <word seq="3">Moses<GreekSeq>3</GreekSeq>
    </word>
    <word seq="4">at<GreekSeq>4</GreekSeq>
    </word>
    <word seq="5">this<GreekSeq>7</GreekSeq>
    </word>
    <word seq="6">saying,<GreekSeq>6</GreekSeq>
    </word>
    <word seq="7">and<GreekSeq>8</GreekSeq>
    </word>
    <word seq="8">was<GreekSeq>9</GreekSeq>
    </word>
    <word seq="9">a stranger<GreekSeq>10</GreekSeq>
    </word>
    <word seq="10">in<GreekSeq>11</GreekSeq>
    </word>
    <word seq="11">the land<GreekSeq>12</GreekSeq>
    </word>
    <word seq="12">of Madian,<GreekSeq>13</GreekSeq>
    </word>
    <word seq="13">where<GreekSeq>14</GreekSeq>
    </word>
    <word seq="14">he begat<GreekSeq>15</GreekSeq>
    </word>
    <word seq="15">two<GreekSeq>17</GreekSeq>
    </word>
    <word seq="16">sons.<GreekSeq>16</GreekSeq>
    </word>
   </KJV>
  </verse>
  <verse number="30">
   <KJV>
    <word seq="1">And<GreekSeq>1</GreekSeq>
    </word>
    <word seq="2">when<GreekSeq>2</GreekSeq>
    </word>
    <word seq="3">forty<GreekSeq>4</GreekSeq>
    </word>
    <word seq="4">years<GreekSeq>3</GreekSeq>
    </word>
    <word seq="5">were expired,<GreekSeq>2</GreekSeq>
    </word>
    <word seq="6">there appeared<GreekSeq>5</GreekSeq>
    </word>
    <word seq="7">to him<GreekSeq>6</GreekSeq>
    </word>
    <word seq="8">in<GreekSeq>7</GreekSeq>
    </word>
    <word seq="9">the<GreekSeq>8</GreekSeq>
    </word>
    <word seq="10">wilderness<GreekSeq>9</GreekSeq>
    </word>
    <word seq="11">of mount<GreekSeq>11</GreekSeq>
    </word>
    <word seq="12">Sina<GreekSeq>12</GreekSeq>
    </word>
    <word seq="13">an angel<GreekSeq>13</GreekSeq>
    </word>
    <word note="Base of different Greek: Κυρίου(2962)" seq="14">of the Lord</word>
    <word seq="15">in<GreekSeq>14</GreekSeq>
    </word>
    <word seq="16">a flame<GreekSeq>15</GreekSeq>
    </word>
    <word seq="17">of fire<GreekSeq>16</GreekSeq>
    </word>
    <word seq="18">in a bush.<GreekSeq>17</GreekSeq>
    </word>
   </KJV>
  </verse>
  <verse number="31">
   <KJV>
    <word seq="1">When<GreekSeq>4</GreekSeq>
    </word>
    <word seq="2">Moses<GreekSeq>3</GreekSeq>
    </word>
    <word seq="3">saw<GreekSeq>4</GreekSeq>
    </word>
    <word seq="4">it,</word>
    <word seq="5">he wondered at<GreekSeq>5</GreekSeq>
    </word>
    <word seq="6">the<GreekSeq>6</GreekSeq>
    </word>
    <word seq="7">sight:<GreekSeq>7</GreekSeq>
    </word>
    <word seq="8">and<GreekSeq>9</GreekSeq>
    </word>
    <word seq="9">as<GreekSeq>8</GreekSeq>
    </word>
    <word seq="10">he<GreekSeq>10</GreekSeq>
    </word>
    <word seq="11">drew near<GreekSeq>8</GreekSeq>
    </word>
    <word seq="12">to behold<GreekSeq>11</GreekSeq>
    </word>
    <word seq="13">it,</word>
    <word seq="14">the voice<GreekSeq>13</GreekSeq>
    </word>
    <word seq="15">of the Lord<GreekSeq>14</GreekSeq>
    </word>
    <word seq="16">came<GreekSeq>12</GreekSeq>
    </word>
    <word note="Base of different Greek: πρὸς(4314)" seq="17">unto</word>
    <word note="Base of different Greek: αὐτόν(846)" seq="18">him,</word>
   </KJV>
  </verse>
  <verse number="32">
   <KJV>
    <word seq="1">Saying,</word>
    <word seq="2">I<GreekSeq>1</GreekSeq>
    </word>
    <word seq="3">am</word>
    <word seq="4">the<GreekSeq>2</GreekSeq>
    </word>
    <word seq="5">God<GreekSeq>3</GreekSeq>
    </word>
    <word seq="6">of<GreekSeq>5</GreekSeq>
    </word>
    <word seq="7">thy<GreekSeq>6</GreekSeq>
    </word>
    <word seq="8">fathers,<GreekSeq>5</GreekSeq>
    </word>
    <word seq="9">the<GreekSeq>7</GreekSeq>
    </word>
    <word seq="10">God<GreekSeq>8</GreekSeq>
    </word>
    <word seq="11">of Abraham,<GreekSeq>9</GreekSeq>
    </word>
    <word seq="12">and<GreekSeq>10</GreekSeq>
    </word>
    <word note="Base of different Greek: ὁ(3588)" seq="13">the</word>
    <word note="Base of different Greek: Θεὸς(2316)" seq="14">God</word>
    <word seq="15">of Isaac,<GreekSeq>11</GreekSeq>
    </word>
    <word seq="16">and<GreekSeq>12</GreekSeq>
    </word>
    <word note="Base of different Greek: ὁ(3588)" seq="17">the</word>
    <word note="Base of different Greek: Θεὸς(2316)" seq="18">God</word>
    <word seq="19">of Jacob.<GreekSeq>13</GreekSeq>
    </word>
    <word seq="20">Then<GreekSeq>15</GreekSeq>
    </word>
    <word seq="21">Moses<GreekSeq>17</GreekSeq>
    </word>
    <word seq="22">trembled,<GreekSeq>14</GreekSeq>
     <GreekSeq>16</GreekSeq>
    </word>
    <word seq="23">and</word>
    <word seq="24">durst<GreekSeq>19</GreekSeq>
    </word>
    <word seq="25">not<GreekSeq>18</GreekSeq>
    </word>
    <word seq="26">behold.<GreekSeq>20</GreekSeq>
    </word>
   </KJV>
  </verse>
  <verse number="33">
   <KJV>
    <word seq="1">Then<GreekSeq>2</GreekSeq>
    </word>
    <word seq="2">said<GreekSeq>1</GreekSeq>
    </word>
    <word seq="3">the<GreekSeq>4</GreekSeq>
    </word>
    <word seq="4">Lord<GreekSeq>5</GreekSeq>
    </word>
    <word seq="5">to him,<GreekSeq>3</GreekSeq>
    </word>
    <word seq="6">Put off<GreekSeq>6</GreekSeq>
    </word>
    <word seq="7">thy shoes<GreekSeq>8</GreekSeq>
    </word>
    <word seq="8">from<GreekSeq/>
    </word>
    <word seq="9">thy<GreekSeq>11</GreekSeq>
    </word>
    <word seq="10">feet:<GreekSeq>10</GreekSeq>
    </word>
    <word seq="11">for<GreekSeq>13</GreekSeq>
    </word>
    <word seq="12">the<GreekSeq>12</GreekSeq>
    </word>
    <word seq="13">place<GreekSeq>14</GreekSeq>
    </word>
    <word note="Base of different Greek: ἐν(1722)+(3739)" seq="14">where<GreekSeq>15</GreekSeq>
     <GreekSeq>16</GreekSeq>
    </word>
    <word seq="15">thou standest<GreekSeq>17</GreekSeq>
    </word>
    <word seq="16">is<GreekSeq>20</GreekSeq>
    </word>
    <word seq="17">holy<GreekSeq>19</GreekSeq>
    </word>
    <word seq="18">ground.<GreekSeq>18</GreekSeq>
    </word>
   </KJV>
  </verse>
  <verse number="34">
   <KJV>
    <word seq="1">I have seen<GreekSeq>2</GreekSeq>
    </word>
    <word seq="2">the<GreekSeq>3</GreekSeq>
    </word>
    <word seq="3">affliction<GreekSeq>4</GreekSeq>
    </word>
    <word seq="4">of<GreekSeq/>
    </word>
    <word seq="5">my<GreekSeq>7</GreekSeq>
    </word>
    <word seq="6">people<GreekSeq>6</GreekSeq>
    </word>
    <word seq="7">which<GreekSeq>8</GreekSeq>
    </word>
    <word seq="8">is</word>
    <word seq="9">in<GreekSeq>9</GreekSeq>
    </word>
    <word seq="10">Egypt,<GreekSeq>10</GreekSeq>
    </word>
    <word seq="11">and<GreekSeq>11</GreekSeq>
    </word>
    <word seq="12">I have heard<GreekSeq>15</GreekSeq>
    </word>
    <word seq="13">their<GreekSeq>14</GreekSeq>
    </word>
    <word seq="14">groaning,<GreekSeq>13</GreekSeq>
    </word>
    <word seq="15">and<GreekSeq>16</GreekSeq>
    </word>
    <word seq="16">am come down<GreekSeq>17</GreekSeq>
    </word>
    <word seq="17">to deliver<GreekSeq>18</GreekSeq>
    </word>
    <word seq="18">them.<GreekSeq>19</GreekSeq>
    </word>
    <word seq="19">And<GreekSeq>20</GreekSeq>
    </word>
    <word seq="20">now<GreekSeq>21</GreekSeq>
    </word>
    <word seq="21">come,<GreekSeq>22</GreekSeq>
    </word>
    <word seq="22">I will send<GreekSeq>23</GreekSeq>
    </word>
    <word seq="23">thee<GreekSeq>24</GreekSeq>
    </word>
    <word seq="24">into<GreekSeq>25</GreekSeq>
    </word>
    <word seq="25">Egypt.<GreekSeq>26</GreekSeq>
    </word>
   </KJV>
  </verse>
  <verse number="35">
   <KJV>
    <word seq="1">This<GreekSeq>1</GreekSeq>
    </word>
    <word seq="2">Moses<GreekSeq>3</GreekSeq>
    </word>
    <word seq="3">whom<GreekSeq>4</GreekSeq>
    </word>
    <word seq="4">they refused,<GreekSeq>5</GreekSeq>
    </word>
    <word seq="5">saying,<GreekSeq>6</GreekSeq>
    </word>
    <word seq="6">Who<GreekSeq>7</GreekSeq>
    </word>
    <word seq="7">made<GreekSeq>9</GreekSeq>
    </word>
    <word seq="8">thee<GreekSeq>8</GreekSeq>
    </word>
    <word seq="9">a ruler<GreekSeq>10</GreekSeq>
    </word>
    <word seq="10">and<GreekSeq>11</GreekSeq>
    </word>
    <word seq="11">a judge?<GreekSeq>12</GreekSeq>
    </word>
    <word seq="12">the same<GreekSeq>13</GreekSeq>
    </word>
    <word seq="13">did<GreekSeq/>
    </word>
    <word seq="14">God<GreekSeq>15</GreekSeq>
    </word>
    <word seq="15">send<GreekSeq>20</GreekSeq>
    </word>
    <word seq="16">to be</word>
    <word seq="17">a ruler<GreekSeq>17</GreekSeq>
    </word>
    <word seq="18">and<GreekSeq>18</GreekSeq>
    </word>
    <word seq="19">a deliverer<GreekSeq>19</GreekSeq>
    </word>
    <word note="Base of different Greek: ἐν(1722)" seq="20">by<GreekSeq>21</GreekSeq>
    </word>
    <word seq="21">the hand<GreekSeq>22</GreekSeq>
    </word>
    <word seq="22">of the angel<GreekSeq>23</GreekSeq>
    </word>
    <word seq="23">which appeared<GreekSeq>25</GreekSeq>
    </word>
    <word seq="24">to him<GreekSeq>26</GreekSeq>
    </word>
    <word seq="25">in<GreekSeq>27</GreekSeq>
    </word>
    <word seq="26">the<GreekSeq>28</GreekSeq>
    </word>
    <word seq="27">bush.<GreekSeq>29</GreekSeq>
    </word>
   </KJV>
  </verse>
  <verse number="36">
   <KJV>
    <word seq="1">He<GreekSeq>1</GreekSeq>
    </word>
    <word seq="2">brought<GreekSeq>2</GreekSeq>
    </word>
    <word seq="3">them<GreekSeq>3</GreekSeq>
    </word>
    <word seq="4">out,<GreekSeq>2</GreekSeq>
    </word>
    <word seq="5">after that he had shewed<GreekSeq>4</GreekSeq>
    </word>
    <word seq="6">wonders<GreekSeq>5</GreekSeq>
    </word>
    <word seq="7">and<GreekSeq>6</GreekSeq>
    </word>
    <word seq="8">signs<GreekSeq>7</GreekSeq>
    </word>
    <word seq="9">in<GreekSeq>8</GreekSeq>
    </word>
    <word seq="10">the land<GreekSeq>9</GreekSeq>
    </word>
    <word seq="11">of Egypt,<GreekSeq>10</GreekSeq>
    </word>
    <word seq="12">and<GreekSeq>11</GreekSeq>
    </word>
    <word seq="13">in<GreekSeq>12</GreekSeq>
    </word>
    <word seq="14">the<GreekSeq/>
    </word>
    <word seq="15">Red<GreekSeq>13</GreekSeq>
    </word>
    <word seq="16">sea,<GreekSeq>14</GreekSeq>
    </word>
    <word seq="17">and<GreekSeq>15</GreekSeq>
    </word>
    <word seq="18">in<GreekSeq>16</GreekSeq>
    </word>
    <word seq="19">the<GreekSeq>17</GreekSeq>
    </word>
    <word seq="20">wilderness<GreekSeq>18</GreekSeq>
    </word>
    <word seq="21">forty<GreekSeq>20</GreekSeq>
    </word>
    <word seq="22">years.<GreekSeq>19</GreekSeq>
    </word>
   </KJV>
  </verse>
  <verse number="37">
   <KJV>
    <word seq="1">This<GreekSeq>1</GreekSeq>
    </word>
    <word seq="2">is<GreekSeq>2</GreekSeq>
    </word>
    <word seq="3">that<GreekSeq>3</GreekSeq>
    </word>
    <word seq="4">Moses,<GreekSeq>4</GreekSeq>
    </word>
    <word seq="5">which said<GreekSeq>6</GreekSeq>
    </word>
    <word seq="6">unto the<GreekSeq>7</GreekSeq>
    </word>
    <word seq="7">children<GreekSeq>8</GreekSeq>
    </word>
    <word seq="8">of Israel,<GreekSeq>9</GreekSeq>
    </word>
    <word seq="9">A prophet<GreekSeq>10</GreekSeq>
    </word>
    <word seq="10">shall<GreekSeq>12</GreekSeq>
    </word>
    <word note="Base of different Greek: Κύριος(2962)" seq="11">the Lord</word>
    <word note="Base of different Greek: ὑμῶν(5216)" seq="12">your</word>
    <word seq="13">God<GreekSeq>14</GreekSeq>
    </word>
    <word seq="14">raise up<GreekSeq>12</GreekSeq>
    </word>
    <word seq="15">unto you<GreekSeq>11</GreekSeq>
    </word>
    <word seq="16">of<GreekSeq>15</GreekSeq>
    </word>
    <word seq="17">your<GreekSeq>18</GreekSeq>
    </word>
    <word seq="18">brethren,<GreekSeq>17</GreekSeq>
    </word>
    <word seq="19">like unto<GreekSeq>19</GreekSeq>
    </word>
    <word seq="20">me;<GreekSeq>20</GreekSeq>
    </word>
    <word note="Base of different Greek: αὐτοῦ(846)" seq="21">him</word>
    <word note="Base of different Greek: ἀκούσεσθε(191)" seq="22">shall ye hear.</word>
   </KJV>
  </verse>
  <verse number="38">
   <KJV>
    <word seq="1">This<GreekSeq>1</GreekSeq>
    </word>
    <word seq="2">is<GreekSeq>2</GreekSeq>
    </word>
    <word seq="3">he,<GreekSeq>3</GreekSeq>
    </word>
    <word seq="4">that was<GreekSeq>4</GreekSeq>
    </word>
    <word seq="5">in<GreekSeq>5</GreekSeq>
    </word>
    <word seq="6">the<GreekSeq>6</GreekSeq>
    </word>
    <word seq="7">church<GreekSeq>7</GreekSeq>
    </word>
    <word seq="8">in<GreekSeq>8</GreekSeq>
    </word>
    <word seq="9">the<GreekSeq>9</GreekSeq>
    </word>
    <word seq="10">wilderness<GreekSeq>10</GreekSeq>
    </word>
    <word seq="11">with<GreekSeq>11</GreekSeq>
    </word>
    <word seq="12">the<GreekSeq>12</GreekSeq>
    </word>
    <word seq="13">angel<GreekSeq>13</GreekSeq>
    </word>
    <word seq="14">which spake<GreekSeq>15</GreekSeq>
    </word>
    <word seq="15">to him<GreekSeq>16</GreekSeq>
    </word>
    <word seq="16">in<GreekSeq>17</GreekSeq>
    </word>
    <word seq="17">the<GreekSeq>18</GreekSeq>
    </word>
    <word seq="18">mount<GreekSeq>19</GreekSeq>
    </word>
    <word seq="19">Sina,<GreekSeq>20</GreekSeq>
    </word>
    <word seq="20">and<GreekSeq>21</GreekSeq>
    </word>
    <word seq="21">with</word>
    <word seq="22">our<GreekSeq>24</GreekSeq>
    </word>
    <word seq="23">fathers:<GreekSeq>23</GreekSeq>
    </word>
    <word seq="24">who<GreekSeq>25</GreekSeq>
    </word>
    <word seq="25">received<GreekSeq>26</GreekSeq>
    </word>
    <word seq="26">the lively<GreekSeq>28</GreekSeq>
    </word>
    <word seq="27">oracles<GreekSeq>27</GreekSeq>
    </word>
    <word seq="28">to give<GreekSeq>29</GreekSeq>
    </word>
    <word seq="29">unto us:<GreekSeq>30</GreekSeq>
    </word>
   </KJV>
  </verse>
  <verse number="39">
   <KJV>
    <word seq="1">To whom<GreekSeq>1</GreekSeq>
    </word>
    <word seq="2">our<GreekSeq>8</GreekSeq>
    </word>
    <word seq="3">fathers<GreekSeq>7</GreekSeq>
    </word>
    <word seq="4">would<GreekSeq>3</GreekSeq>
    </word>
    <word seq="5">not<GreekSeq>2</GreekSeq>
    </word>
    <word seq="6">obey,<GreekSeq>4</GreekSeq>
     <GreekSeq>5</GreekSeq>
    </word>
    <word seq="7">but<GreekSeq>9</GreekSeq>
    </word>
    <word seq="8">thrust [him] from them,<GreekSeq>10</GreekSeq>
    </word>
    <word seq="9">and<GreekSeq>11</GreekSeq>
    </word>
    <word seq="10">in<GreekSeq>13</GreekSeq>
    </word>
    <word seq="11">their<GreekSeq>16</GreekSeq>
    </word>
    <word seq="12">hearts<GreekSeq>15</GreekSeq>
    </word>
    <word seq="13">turned back again <GreekSeq>12</GreekSeq>
    </word>
    <word seq="14">into<GreekSeq>17</GreekSeq>
    </word>
    <word seq="15">Egypt,<GreekSeq>18</GreekSeq>
    </word>
   </KJV>
  </verse>
  <verse number="40">
   <KJV>
    <word seq="1">Saying<GreekSeq>1</GreekSeq>
    </word>
    <word seq="2">unto Aaron,<GreekSeq>3</GreekSeq>
    </word>
    <word seq="3">Make<GreekSeq>4</GreekSeq>
    </word>
    <word seq="4">us<GreekSeq>5</GreekSeq>
    </word>
    <word seq="5">gods<GreekSeq>6</GreekSeq>
    </word>
    <word seq="6">to go before<GreekSeq>8</GreekSeq>
    </word>
    <word seq="7">us:<GreekSeq>9</GreekSeq>
    </word>
    <word seq="8">for<GreekSeq>11</GreekSeq>
    </word>
    <word seq="9">as for</word>
    <word seq="10">this<GreekSeq>13</GreekSeq>
    </word>
    <word seq="11">Moses,<GreekSeq>12</GreekSeq>
    </word>
    <word seq="12">which<GreekSeq>14</GreekSeq>
    </word>
    <word seq="13">brought<GreekSeq>15</GreekSeq>
    </word>
    <word seq="14">us<GreekSeq>16</GreekSeq>
    </word>
    <word seq="15">out of<GreekSeq>17</GreekSeq>
    </word>
    <word seq="16">the land<GreekSeq>18</GreekSeq>
    </word>
    <word seq="17">of Egypt,<GreekSeq>19</GreekSeq>
    </word>
    <word seq="18">we wot<GreekSeq>21</GreekSeq>
    </word>
    <word seq="19">not<GreekSeq>20</GreekSeq>
    </word>
    <word seq="20">what<GreekSeq>22</GreekSeq>
    </word>
    <word seq="21">is become<GreekSeq>23</GreekSeq>
    </word>
    <word seq="22">of him.<GreekSeq>24</GreekSeq>
    </word>
   </KJV>
  </verse>
  <verse number="41">
   <KJV>
    <word seq="1">And<GreekSeq>1</GreekSeq>
    </word>
    <word seq="2">they made a calf<GreekSeq>2</GreekSeq>
    </word>
    <word seq="3">in<GreekSeq>3</GreekSeq>
    </word>
    <word seq="4">those<GreekSeq>6</GreekSeq>
    </word>
    <word seq="5">days,<GreekSeq>5</GreekSeq>
    </word>
    <word seq="6">and<GreekSeq>7</GreekSeq>
    </word>
    <word seq="7">offered<GreekSeq>8</GreekSeq>
    </word>
    <word seq="8">sacrifice<GreekSeq>9</GreekSeq>
    </word>
    <word seq="9">unto the<GreekSeq>10</GreekSeq>
    </word>
    <word seq="10">idol,<GreekSeq>11</GreekSeq>
    </word>
    <word seq="11">and<GreekSeq>12</GreekSeq>
    </word>
    <word seq="12">rejoiced<GreekSeq>13</GreekSeq>
    </word>
    <word seq="13">in<GreekSeq>14</GreekSeq>
    </word>
    <word seq="14">the<GreekSeq>15</GreekSeq>
    </word>
    <word seq="15">works<GreekSeq>16</GreekSeq>
    </word>
    <word seq="16">of<GreekSeq>18</GreekSeq>
    </word>
    <word seq="17">their own<GreekSeq>19</GreekSeq>
    </word>
    <word seq="18">hands.<GreekSeq>18</GreekSeq>
    </word>
   </KJV>
  </verse>
  <verse number="42">
   <KJV>
    <word seq="1">Then<GreekSeq>2</GreekSeq>
    </word>
    <word seq="2">God<GreekSeq>4</GreekSeq>
    </word>
    <word seq="3">turned,<GreekSeq>1</GreekSeq>
    </word>
    <word seq="4">and<GreekSeq>5</GreekSeq>
    </word>
    <word seq="5">gave<GreekSeq>6</GreekSeq>
    </word>
    <word seq="6">them<GreekSeq>7</GreekSeq>
    </word>
    <word seq="7">up<GreekSeq>6</GreekSeq>
    </word>
    <word seq="8">to worship<GreekSeq>8</GreekSeq>
    </word>
    <word seq="9">the<GreekSeq>9</GreekSeq>
    </word>
    <word seq="10">host<GreekSeq>10</GreekSeq>
    </word>
    <word seq="11">of heaven;<GreekSeq>12</GreekSeq>
    </word>
    <word seq="12">as<GreekSeq>13</GreekSeq>
    </word>
    <word seq="13">it is written<GreekSeq>14</GreekSeq>
    </word>
    <word seq="14">in<GreekSeq>15</GreekSeq>
    </word>
    <word seq="15">the book<GreekSeq>16</GreekSeq>
    </word>
    <word seq="16">of the<GreekSeq>17</GreekSeq>
    </word>
    <word seq="17">prophets,<GreekSeq>18</GreekSeq>
    </word>
    <word seq="18">O ye house<GreekSeq>30</GreekSeq>
    </word>
    <word seq="19">of Israel,<GreekSeq>31</GreekSeq>
    </word>
    <word seq="20">have ye offered<GreekSeq>19</GreekSeq>
     <GreekSeq>23</GreekSeq>
    </word>
    <word seq="21">to me<GreekSeq>24</GreekSeq>
    </word>
    <word seq="22">slain beasts<GreekSeq>20</GreekSeq>
    </word>
    <word seq="23">and<GreekSeq>21</GreekSeq>
    </word>
    <word seq="24">sacrifices<GreekSeq>22</GreekSeq>
    </word>
    <word seq="25">by the space of</word>
    <word seq="26">forty<GreekSeq>26</GreekSeq>
    </word>
    <word seq="27">years<GreekSeq>25</GreekSeq>
    </word>
    <word seq="28">in<GreekSeq>27</GreekSeq>
    </word>
    <word seq="29">the<GreekSeq>28</GreekSeq>
    </word>
    <word seq="30">wilderness?<GreekSeq>29</GreekSeq>
    </word>
   </KJV>
  </verse>
  <verse number="43">
   <KJV>
    <word seq="1">Yea,<GreekSeq>1</GreekSeq>
    </word>
    <word seq="2">ye took up<GreekSeq>2</GreekSeq>
    </word>
    <word seq="3">the<GreekSeq>3</GreekSeq>
    </word>
    <word seq="4">tabernacle<GreekSeq>4</GreekSeq>
    </word>
    <word seq="5">of Moloch,<GreekSeq>6</GreekSeq>
    </word>
    <word seq="6">and<GreekSeq>7</GreekSeq>
    </word>
    <word seq="7">the<GreekSeq>8</GreekSeq>
    </word>
    <word seq="8">star<GreekSeq>9</GreekSeq>
    </word>
    <word seq="9">of<GreekSeq>11</GreekSeq>
    </word>
    <word seq="10">your<GreekSeq>12</GreekSeq>
    </word>
    <word seq="11">god<GreekSeq>11</GreekSeq>
    </word>
    <word seq="12">Remphan,<GreekSeq>13</GreekSeq>
    </word>
    <word seq="13">figures<GreekSeq>15</GreekSeq>
    </word>
    <word seq="14">which<GreekSeq>16</GreekSeq>
    </word>
    <word seq="15">ye made<GreekSeq>17</GreekSeq>
    </word>
    <word seq="16">to worship<GreekSeq>18</GreekSeq>
    </word>
    <word seq="17">them:<GreekSeq>19</GreekSeq>
    </word>
    <word seq="18">and<GreekSeq>20</GreekSeq>
    </word>
    <word seq="19">I will carry<GreekSeq>21</GreekSeq>
    </word>
    <word seq="20">you<GreekSeq>22</GreekSeq>
    </word>
    <word seq="21">away<GreekSeq>21</GreekSeq>
    </word>
    <word seq="22">beyond<GreekSeq>23</GreekSeq>
    </word>
    <word seq="23">Babylon.<GreekSeq>24</GreekSeq>
    </word>
   </KJV>
  </verse>
  <verse number="44">
   <KJV>
    <word seq="1">Our<GreekSeq>8</GreekSeq>
    </word>
    <word seq="2">fathers<GreekSeq>7</GreekSeq>
    </word>
    <word seq="3">had<GreekSeq>5</GreekSeq>
    </word>
    <word seq="4">the<GreekSeq>1</GreekSeq>
    </word>
    <word seq="5">tabernacle<GreekSeq>2</GreekSeq>
    </word>
    <word seq="6">of witness<GreekSeq>4</GreekSeq>
    </word>
    <word seq="7">in<GreekSeq>9</GreekSeq>
    </word>
    <word seq="8">the<GreekSeq>10</GreekSeq>
    </word>
    <word seq="9">wilderness,<GreekSeq>11</GreekSeq>
    </word>
    <word seq="10">as<GreekSeq>12</GreekSeq>
    </word>
    <word seq="11">he<GreekSeq>14</GreekSeq>
    </word>
    <word seq="12">had appointed,<GreekSeq>13</GreekSeq>
    </word>
    <word seq="13">speaking<GreekSeq>15</GreekSeq>
    </word>
    <word seq="14">unto Moses,<GreekSeq>17</GreekSeq>
    </word>
    <word seq="15">that he <GreekSeq/>
    </word>
    <word seq="16">should make<GreekSeq>18</GreekSeq>
    </word>
    <word seq="17">it<GreekSeq>19</GreekSeq>
    </word>
    <word seq="18">according to<GreekSeq>20</GreekSeq>
    </word>
    <word seq="19">the<GreekSeq>21</GreekSeq>
    </word>
    <word seq="20">fashion<GreekSeq>22</GreekSeq>
    </word>
    <word seq="21">that<GreekSeq>23</GreekSeq>
    </word>
    <word seq="22">he had seen.<GreekSeq>24</GreekSeq>
    </word>
   </KJV>
  </verse>
  <verse number="45">
   <KJV>
    <word seq="1">Which<GreekSeq>1</GreekSeq>
    </word>
    <word seq="2">also<GreekSeq>2</GreekSeq>
    </word>
    <word seq="3">our<GreekSeq>7</GreekSeq>
    </word>
    <word seq="4">fathers<GreekSeq>6</GreekSeq>
    </word>
    <word seq="5">that came after<GreekSeq>4</GreekSeq>
    </word>
    <word seq="6">brought in<GreekSeq>3</GreekSeq>
    </word>
    <word seq="7">with<GreekSeq>8</GreekSeq>
    </word>
    <word seq="8">Jesus<GreekSeq>9</GreekSeq>
    </word>
    <word seq="9">into<GreekSeq>10</GreekSeq>
    </word>
    <word seq="10">the<GreekSeq>11</GreekSeq>
    </word>
    <word seq="11">possession<GreekSeq>12</GreekSeq>
    </word>
    <word seq="12">of the<GreekSeq>13</GreekSeq>
    </word>
    <word seq="13">Gentiles,<GreekSeq>14</GreekSeq>
    </word>
    <word seq="14">whom<GreekSeq>15</GreekSeq>
    </word>
    <word seq="15">God<GreekSeq>18</GreekSeq>
    </word>
    <word seq="16">drave out<GreekSeq>16</GreekSeq>
    </word>
    <word seq="17">before<GreekSeq>19</GreekSeq>
    </word>
    <word seq="18">the face of<GreekSeq>20</GreekSeq>
    </word>
    <word seq="19">our<GreekSeq>23</GreekSeq>
    </word>
    <word seq="20">fathers,<GreekSeq>22</GreekSeq>
    </word>
    <word seq="21">unto<GreekSeq>24</GreekSeq>
    </word>
    <word seq="22">the<GreekSeq>25</GreekSeq>
    </word>
    <word seq="23">days of <GreekSeq>26</GreekSeq>
    </word>
    <word seq="24">David;<GreekSeq>27</GreekSeq>
    </word>
   </KJV>
  </verse>
  <verse number="46">
   <KJV>
    <word seq="1">Who<GreekSeq>1</GreekSeq>
    </word>
    <word seq="2">found<GreekSeq>2</GreekSeq>
    </word>
    <word seq="3">favour<GreekSeq>3</GreekSeq>
    </word>
    <word seq="4">before<GreekSeq>4</GreekSeq>
    </word>
    <word seq="5">God,<GreekSeq>6</GreekSeq>
    </word>
    <word seq="6">and<GreekSeq>7</GreekSeq>
    </word>
    <word seq="7">desired<GreekSeq>8</GreekSeq>
    </word>
    <word seq="8">to find<GreekSeq>9</GreekSeq>
    </word>
    <word seq="9">a tabernacle<GreekSeq>10</GreekSeq>
    </word>
    <word seq="10">for the<GreekSeq>11</GreekSeq>
    </word>
    <word seq="11">God<GreekSeq>12</GreekSeq>
    </word>
    <word seq="12">of Jacob.<GreekSeq>13</GreekSeq>
    </word>
   </KJV>
  </verse>
  <verse number="47">
   <KJV>
    <word seq="1">But<GreekSeq>2</GreekSeq>
    </word>
    <word seq="2">Solomon<GreekSeq>1</GreekSeq>
    </word>
    <word seq="3">built<GreekSeq>3</GreekSeq>
    </word>
    <word seq="4">him<GreekSeq>4</GreekSeq>
    </word>
    <word seq="5">an house.<GreekSeq>5</GreekSeq>
    </word>
   </KJV>
  </verse>
  <verse number="48">
   <KJV>
    <word seq="1">Howbeit<GreekSeq>1</GreekSeq>
    </word>
    <word seq="2">the<GreekSeq>3</GreekSeq>
    </word>
    <word seq="3">most High<GreekSeq>4</GreekSeq>
    </word>
    <word seq="4">dwelleth<GreekSeq>7</GreekSeq>
    </word>
    <word seq="5">not<GreekSeq>2</GreekSeq>
    </word>
    <word seq="6">in<GreekSeq>5</GreekSeq>
    </word>
    <word note="Base of different Greek: ναοῖς(3485)" seq="7">temples</word>
    <word seq="8">made with hands;<GreekSeq>6</GreekSeq>
    </word>
    <word seq="9">as<GreekSeq>8</GreekSeq>
    </word>
    <word seq="10">saith<GreekSeq>11</GreekSeq>
    </word>
    <word seq="11">the<GreekSeq>9</GreekSeq>
    </word>
    <word seq="12">prophet,<GreekSeq>10</GreekSeq>
    </word>
   </KJV>
  </verse>
  <verse number="49">
   <KJV>
    <word seq="1">Heaven<GreekSeq>2</GreekSeq>
    </word>
    <word seq="2">is</word>
    <word seq="3">my<GreekSeq>3</GreekSeq>
    </word>
    <word seq="4">throne,<GreekSeq>4</GreekSeq>
    </word>
    <word seq="5">and<GreekSeq>6</GreekSeq>
    </word>
    <word seq="6">earth<GreekSeq>7</GreekSeq>
    </word>
    <word seq="7">is</word>
    <word seq="8">my<GreekSeq>11</GreekSeq>
    </word>
    <word seq="9">footstool:<GreekSeq>8</GreekSeq>
    </word>
    <word seq="10">what<GreekSeq>12</GreekSeq>
    </word>
    <word seq="11">house<GreekSeq>13</GreekSeq>
    </word>
    <word seq="12">will ye build<GreekSeq>14</GreekSeq>
    </word>
    <word seq="13">me?<GreekSeq>15</GreekSeq>
    </word>
    <word seq="14">saith<GreekSeq>16</GreekSeq>
    </word>
    <word seq="15">the Lord:<GreekSeq>17</GreekSeq>
    </word>
    <word seq="16">or<GreekSeq>18</GreekSeq>
    </word>
    <word seq="17">what<GreekSeq>19</GreekSeq>
    </word>
    <word seq="18">is</word>
    <word seq="19">the place<GreekSeq>20</GreekSeq>
    </word>
    <word seq="20">of<GreekSeq>22</GreekSeq>
    </word>
    <word seq="21">my<GreekSeq>23</GreekSeq>
    </word>
    <word seq="22">rest?<GreekSeq>22</GreekSeq>
    </word>
   </KJV>
  </verse>
  <verse number="50">
   <KJV>
    <word seq="1">Hath<GreekSeq>5</GreekSeq>
    </word>
    <word seq="2">not<GreekSeq>1</GreekSeq>
    </word>
    <word seq="3">my<GreekSeq>4</GreekSeq>
    </word>
    <word seq="4">hand<GreekSeq>3</GreekSeq>
    </word>
    <word seq="5">made<GreekSeq>5</GreekSeq>
    </word>
    <word seq="6">all<GreekSeq>7</GreekSeq>
    </word>
    <word seq="7">these things?<GreekSeq>6</GreekSeq>
    </word>
   </KJV>
  </verse>
  <verse number="51">
   <KJV>
    <word seq="1">Ye stiffnecked<GreekSeq>1</GreekSeq>
    </word>
    <word seq="2">and<GreekSeq>2</GreekSeq>
    </word>
    <word seq="3">uncircumcised<GreekSeq>3</GreekSeq>
    </word>
    <word seq="4">in heart<GreekSeq>4</GreekSeq>
    </word>
    <word seq="5">and<GreekSeq>5</GreekSeq>
    </word>
    <word seq="6">ears,<GreekSeq>7</GreekSeq>
    </word>
    <word seq="7">ye<GreekSeq>8</GreekSeq>
    </word>
    <word seq="8">do<GreekSeq/>
    </word>
    <word seq="9">always<GreekSeq>9</GreekSeq>
    </word>
    <word seq="10">resist<GreekSeq>14</GreekSeq>
    </word>
    <word seq="11">the<GreekSeq>10</GreekSeq>
    </word>
    <word seq="12">Holy<GreekSeq>13</GreekSeq>
    </word>
    <word seq="13">Ghost:<GreekSeq>11</GreekSeq>
    </word>
    <word seq="14">as<GreekSeq>15</GreekSeq>
    </word>
    <word seq="15">your<GreekSeq>18</GreekSeq>
    </word>
    <word seq="16">fathers<GreekSeq>17</GreekSeq>
    </word>
    <word seq="17">did,</word>
    <word seq="18">so<GreekSeq>19</GreekSeq>
    </word>
    <word seq="19">do</word>
    <word seq="20">ye.<GreekSeq>20</GreekSeq>
    </word>
   </KJV>
  </verse>
  <verse number="52">
   <KJV>
    <word seq="1">Which<GreekSeq>1</GreekSeq>
    </word>
    <word seq="2">of the<GreekSeq>2</GreekSeq>
    </word>
    <word seq="3">prophets<GreekSeq>3</GreekSeq>
    </word>
    <word seq="4">have<GreekSeq/>
    </word>
    <word seq="5">not<GreekSeq>4</GreekSeq>
    </word>
    <word seq="6">your<GreekSeq>8</GreekSeq>
    </word>
    <word seq="7">fathers<GreekSeq>7</GreekSeq>
    </word>
    <word seq="8">persecuted?<GreekSeq>5</GreekSeq>
    </word>
    <word seq="9">and<GreekSeq>9</GreekSeq>
    </word>
    <word seq="10">they have slain<GreekSeq>10</GreekSeq>
    </word>
    <word seq="11">them <GreekSeq>11</GreekSeq>
    </word>
    <word seq="12">which shewed before<GreekSeq>12</GreekSeq>
    </word>
    <word seq="13">of<GreekSeq>13</GreekSeq>
    </word>
    <word seq="14">the<GreekSeq>14</GreekSeq>
    </word>
    <word seq="15">coming<GreekSeq>15</GreekSeq>
    </word>
    <word seq="16">of the<GreekSeq>16</GreekSeq>
    </word>
    <word seq="17">Just One;<GreekSeq>17</GreekSeq>
    </word>
    <word seq="18">of whom<GreekSeq>18</GreekSeq>
    </word>
    <word seq="19">ye<GreekSeq>20</GreekSeq>
    </word>
    <word seq="20">have been<GreekSeq>24</GreekSeq>
    </word>
    <word seq="21">now<GreekSeq>19</GreekSeq>
    </word>
    <word seq="22">the betrayers<GreekSeq>21</GreekSeq>
    </word>
    <word seq="23">and<GreekSeq>22</GreekSeq>
    </word>
    <word seq="24">murderers:<GreekSeq>23</GreekSeq>
    </word>
   </KJV>
  </verse>
  <verse number="53">
   <KJV>
    <word seq="1">Who<GreekSeq>1</GreekSeq>
    </word>
    <word seq="2">have received<GreekSeq>2</GreekSeq>
    </word>
    <word seq="3">the<GreekSeq>3</GreekSeq>
    </word>
    <word seq="4">law<GreekSeq>4</GreekSeq>
    </word>
    <word seq="5">by<GreekSeq>5</GreekSeq>
    </word>
    <word seq="6">the disposition<GreekSeq>6</GreekSeq>
    </word>
    <word seq="7">of angels,<GreekSeq>7</GreekSeq>
    </word>
    <word seq="8">and<GreekSeq>8</GreekSeq>
    </word>
    <word seq="9">have<GreekSeq/>
    </word>
    <word seq="10">not<GreekSeq>9</GreekSeq>
    </word>
    <word seq="11">kept<GreekSeq>10</GreekSeq>
    </word>
    <word seq="12">it.</word>
   </KJV>
  </verse>
  <verse number="54">
   <KJV>
    <word seq="1">When they heard<GreekSeq>1</GreekSeq>
    </word>
    <word seq="2">these things, <GreekSeq>3</GreekSeq>
    </word>
    <word seq="3">they were cut<GreekSeq>4</GreekSeq>
    </word>
    <word seq="4">to the<GreekSeq>5</GreekSeq>
    </word>
    <word seq="5">heart,<GreekSeq>6</GreekSeq>
    </word>
    <word seq="6">and<GreekSeq>8</GreekSeq>
    </word>
    <word seq="7">they gnashed<GreekSeq>9</GreekSeq>
    </word>
    <word seq="8">on<GreekSeq>12</GreekSeq>
    </word>
    <word seq="9">him<GreekSeq>13</GreekSeq>
    </word>
    <word seq="10">with [their] teeth.<GreekSeq>11</GreekSeq>
    </word>
   </KJV>
  </verse>
  <verse number="55">
   <KJV>
    <word seq="1">But<GreekSeq>2</GreekSeq>
    </word>
    <word seq="2">he,<GreekSeq>10</GreekSeq>
    </word>
    <word seq="3">being<GreekSeq>1</GreekSeq>
    </word>
    <word seq="4">full<GreekSeq>3</GreekSeq>
    </word>
    <word seq="5">of the<GreekSeq/>
    </word>
    <word seq="6">Holy<GreekSeq>5</GreekSeq>
    </word>
    <word seq="7">Ghost,<GreekSeq>4</GreekSeq>
    </word>
    <word seq="8">looked up stedfastly<GreekSeq>6</GreekSeq>
    </word>
    <word seq="9">into<GreekSeq>7</GreekSeq>
    </word>
    <word seq="10">heaven,<GreekSeq>9</GreekSeq>
    </word>
    <word seq="11">and</word>
    <word seq="12">saw<GreekSeq>10</GreekSeq>
    </word>
    <word seq="13">the glory<GreekSeq>11</GreekSeq>
    </word>
    <word seq="14">of God,<GreekSeq>12</GreekSeq>
    </word>
    <word seq="15">and<GreekSeq>13</GreekSeq>
    </word>
    <word seq="16">Jesus<GreekSeq>14</GreekSeq>
    </word>
    <word seq="17">standing<GreekSeq>15</GreekSeq>
    </word>
    <word seq="18">on<GreekSeq>16</GreekSeq>
    </word>
    <word seq="19">the right hand<GreekSeq>17</GreekSeq>
    </word>
    <word seq="20">of God,<GreekSeq>19</GreekSeq>
    </word>
   </KJV>
  </verse>
  <verse number="56">
   <KJV>
    <word seq="1">And<GreekSeq>1</GreekSeq>
    </word>
    <word seq="2">said,<GreekSeq>2</GreekSeq>
    </word>
    <word seq="3">Behold,<GreekSeq>3</GreekSeq>
    </word>
    <word seq="4">I see<GreekSeq>4</GreekSeq>
    </word>
    <word seq="5">the<GreekSeq>5</GreekSeq>
    </word>
    <word seq="6">heavens<GreekSeq>6</GreekSeq>
    </word>
    <word note="Base of different Greek: ἀνεῳγμένους(455)" seq="7">opened,<GreekSeq>7</GreekSeq>
    </word>
    <word seq="8">and<GreekSeq>8</GreekSeq>
    </word>
    <word seq="9">the<GreekSeq>9</GreekSeq>
    </word>
    <word seq="10">Son<GreekSeq>10</GreekSeq>
    </word>
    <word seq="11">of man<GreekSeq>12</GreekSeq>
    </word>
    <word seq="12">standing<GreekSeq>15</GreekSeq>
    </word>
    <word seq="13">on<GreekSeq>13</GreekSeq>
    </word>
    <word seq="14">the right hand<GreekSeq>14</GreekSeq>
    </word>
    <word seq="15">of God.<GreekSeq>17</GreekSeq>
    </word>
   </KJV>
  </verse>
  <verse number="57">
   <KJV>
    <word seq="1">Then<GreekSeq>2</GreekSeq>
    </word>
    <word seq="2">they cried out<GreekSeq>1</GreekSeq>
    </word>
    <word seq="3">with a loud<GreekSeq>4</GreekSeq>
    </word>
    <word seq="4">voice,<GreekSeq>3</GreekSeq>
    </word>
    <word seq="5">and</word>
    <word seq="6">stopped<GreekSeq>5</GreekSeq>
    </word>
    <word seq="7">their<GreekSeq>8</GreekSeq>
    </word>
    <word seq="8">ears,<GreekSeq>7</GreekSeq>
    </word>
    <word seq="9">and<GreekSeq>9</GreekSeq>
    </word>
    <word seq="10">ran<GreekSeq>10</GreekSeq>
    </word>
    <word seq="11">upon<GreekSeq>12</GreekSeq>
    </word>
    <word seq="12">him<GreekSeq>13</GreekSeq>
    </word>
    <word seq="13">with one accord,<GreekSeq>11</GreekSeq>
    </word>
   </KJV>
  </verse>
  <verse number="58">
   <KJV>
    <word seq="1">And<GreekSeq>1</GreekSeq>
    </word>
    <word seq="2">cast<GreekSeq>2</GreekSeq>
    </word>
    <word seq="3">him</word>
    <word seq="4">out of<GreekSeq>3</GreekSeq>
    </word>
    <word seq="5">the<GreekSeq>4</GreekSeq>
    </word>
    <word seq="6">city,<GreekSeq>5</GreekSeq>
    </word>
    <word seq="7">and</word>
    <word seq="8">stoned<GreekSeq>6</GreekSeq>
    </word>
    <word seq="9">him:</word>
    <word seq="10">and<GreekSeq>7</GreekSeq>
    </word>
    <word seq="11">the<GreekSeq>8</GreekSeq>
    </word>
    <word seq="12">witnesses<GreekSeq>9</GreekSeq>
    </word>
    <word seq="13">laid down<GreekSeq>10</GreekSeq>
    </word>
    <word seq="14">their<GreekSeq>13</GreekSeq>
    </word>
    <word seq="15">clothes<GreekSeq>12</GreekSeq>
    </word>
    <word seq="16">at<GreekSeq>14</GreekSeq>
    </word>
    <word seq="17">a young man's<GreekSeq>17</GreekSeq>
    </word>
    <word seq="18">feet,<GreekSeq>16</GreekSeq>
    </word>
    <word seq="19">whose name was <GreekSeq>18</GreekSeq>
    </word>
    <word seq="20">Saul.<GreekSeq>19</GreekSeq>
    </word>
   </KJV>
  </verse>
  <verse number="59">
   <KJV>
    <word seq="1">And<GreekSeq>1</GreekSeq>
    </word>
    <word seq="2">they stoned<GreekSeq>2</GreekSeq>
    </word>
    <word seq="3">Stephen,<GreekSeq>4</GreekSeq>
    </word>
    <word seq="4">calling upon<GreekSeq>5</GreekSeq>
    </word>
    <word seq="5">God,</word>
    <word seq="6">and<GreekSeq>6</GreekSeq>
    </word>
    <word seq="7">saying,<GreekSeq>7</GreekSeq>
    </word>
    <word seq="8">Lord<GreekSeq>8</GreekSeq>
    </word>
    <word seq="9">Jesus,<GreekSeq>9</GreekSeq>
    </word>
    <word seq="10">receive<GreekSeq>10</GreekSeq>
    </word>
    <word seq="11">my<GreekSeq>13</GreekSeq>
    </word>
    <word seq="12">spirit.<GreekSeq>12</GreekSeq>
    </word>
   </KJV>
  </verse>
  <verse number="60">
   <KJV>
    <word seq="1">And<GreekSeq>2</GreekSeq>
    </word>
    <word seq="2">he kneeled down,<GreekSeq>1</GreekSeq>
     <GreekSeq>4</GreekSeq>
    </word>
    <word seq="3">and</word>
    <word seq="4">cried<GreekSeq>5</GreekSeq>
    </word>
    <word seq="5">with a loud<GreekSeq>7</GreekSeq>
    </word>
    <word seq="6">voice,<GreekSeq>6</GreekSeq>
    </word>
    <word seq="7">Lord,<GreekSeq>8</GreekSeq>
    </word>
    <word seq="8">lay<GreekSeq>10</GreekSeq>
    </word>
    <word seq="9">not<GreekSeq>9</GreekSeq>
    </word>
    <word seq="10">this<GreekSeq>12</GreekSeq>
    </word>
    <word seq="11">sin<GreekSeq>14</GreekSeq>
    </word>
    <word seq="12">to their [charge].<GreekSeq>11</GreekSeq>
    </word>
    <word seq="13">And<GreekSeq>15</GreekSeq>
    </word>
    <word seq="14">when he had said<GreekSeq>17</GreekSeq>
    </word>
    <word seq="15">this,<GreekSeq>16</GreekSeq>
    </word>
    <word seq="16">he fell asleep.<GreekSeq>18</GreekSeq>
    </word>
   </KJV>
  </verse>
 </chapter>
</book>
