<?xml version="1.0" encoding="UTF-8" standalone="no"?>
<book>
 <chapter book="null" number="20">
  <verse number="1">
   <KJV>
    <word seq="1">And<GreekSeq>2</GreekSeq>
    </word>
    <word seq="2">after<GreekSeq>1</GreekSeq>
    </word>
    <word seq="3">the<GreekSeq>5</GreekSeq>
    </word>
    <word seq="4">uproar<GreekSeq>6</GreekSeq>
    </word>
    <word seq="5">was ceased,<GreekSeq>4</GreekSeq>
    </word>
    <word seq="6">Paul<GreekSeq>9</GreekSeq>
    </word>
    <word note="Base of different Greek: προσκαλεσάμενος(4341)" seq="7">called unto him<GreekSeq>7</GreekSeq>
    </word>
    <word seq="8">the<GreekSeq>10</GreekSeq>
    </word>
    <word seq="9">disciples,<GreekSeq>11</GreekSeq>
    </word>
    <word seq="10">and<GreekSeq>12</GreekSeq>
    </word>
    <word seq="11">embraced<GreekSeq>14</GreekSeq>
    </word>
    <word seq="12">them, and</word>
    <word seq="13">departed<GreekSeq>15</GreekSeq>
    </word>
    <word seq="14">for</word>
    <word seq="15">to go<GreekSeq>16</GreekSeq>
    </word>
    <word seq="16">into<GreekSeq>17</GreekSeq>
    </word>
    <word seq="17">Macedonia.<GreekSeq>18</GreekSeq>
    </word>
   </KJV>
  </verse>
  <verse number="2">
   <KJV>
    <word seq="1">And<GreekSeq>2</GreekSeq>
    </word>
    <word seq="2">when he had gone over<GreekSeq>1</GreekSeq>
    </word>
    <word seq="3">those<GreekSeq>5</GreekSeq>
    </word>
    <word seq="4">parts,<GreekSeq>4</GreekSeq>
    </word>
    <word seq="5">and<GreekSeq>6</GreekSeq>
    </word>
    <word seq="6">had given<GreekSeq>7</GreekSeq>
    </word>
    <word seq="7">them<GreekSeq>8</GreekSeq>
    </word>
    <word seq="8">much<GreekSeq>10</GreekSeq>
    </word>
    <word seq="9">[exhortation],<GreekSeq>9</GreekSeq>
    </word>
    <word seq="10">he came<GreekSeq>11</GreekSeq>
    </word>
    <word seq="11">into<GreekSeq>12</GreekSeq>
    </word>
    <word seq="12">Greece,<GreekSeq>14</GreekSeq>
    </word>
   </KJV>
  </verse>
  <verse number="3">
   <KJV>
    <word seq="1">And<GreekSeq>2</GreekSeq>
    </word>
    <word seq="2">there</word>
    <word seq="3">abode<GreekSeq>1</GreekSeq>
    </word>
    <word seq="4">three<GreekSeq>4</GreekSeq>
    </word>
    <word seq="5">months.<GreekSeq>3</GreekSeq>
    </word>
    <word seq="6">And when<GreekSeq/>
    </word>
    <word seq="7">the<GreekSeq>9</GreekSeq>
    </word>
    <word seq="8">Jews<GreekSeq>10</GreekSeq>
    </word>
    <word seq="9">laid wait<GreekSeq>5</GreekSeq>
     <GreekSeq>6</GreekSeq>
    </word>
    <word seq="10">for him,<GreekSeq>7</GreekSeq>
    </word>
    <word seq="11">as he was about<GreekSeq>11</GreekSeq>
    </word>
    <word seq="12">to sail<GreekSeq>12</GreekSeq>
    </word>
    <word seq="13">into<GreekSeq>13</GreekSeq>
    </word>
    <word seq="14">Syria,<GreekSeq>15</GreekSeq>
    </word>
    <word seq="15">he purposed<GreekSeq>16</GreekSeq>
     <GreekSeq>17</GreekSeq>
    </word>
    <word seq="16">to return<GreekSeq>19</GreekSeq>
    </word>
    <word seq="17">through<GreekSeq>20</GreekSeq>
    </word>
    <word seq="18">Macedonia.<GreekSeq>21</GreekSeq>
    </word>
   </KJV>
  </verse>
  <verse number="4">
   <KJV>
    <word seq="1">And<GreekSeq>2</GreekSeq>
    </word>
    <word seq="2">there accompanied<GreekSeq>1</GreekSeq>
    </word>
    <word seq="3">him<GreekSeq>3</GreekSeq>
    </word>
    <word note="Base of different Greek: ἄχρι(891)" seq="4">into</word>
    <word note="Base of different Greek: τῆς(3588) &amp;  Ἀσίας(773)" seq="5">Asia</word>
    <word seq="6">Sopater<GreekSeq>4</GreekSeq>
    </word>
    <word seq="7">of Berea;<GreekSeq>6</GreekSeq>
    </word>
    <word seq="8">and<GreekSeq>8</GreekSeq>
    </word>
    <word seq="9">of the Thessalonians,<GreekSeq>7</GreekSeq>
    </word>
    <word seq="10">Aristarchus<GreekSeq>9</GreekSeq>
    </word>
    <word seq="11">and<GreekSeq>10</GreekSeq>
    </word>
    <word seq="12">Secundus;<GreekSeq>11</GreekSeq>
    </word>
    <word seq="13">and<GreekSeq>12</GreekSeq>
    </word>
    <word seq="14">Gaius<GreekSeq>13</GreekSeq>
    </word>
    <word seq="15">of Derbe,<GreekSeq>14</GreekSeq>
    </word>
    <word seq="16">and<GreekSeq>15</GreekSeq>
    </word>
    <word seq="17">Timotheus;<GreekSeq>16</GreekSeq>
    </word>
    <word seq="18">and<GreekSeq>18</GreekSeq>
    </word>
    <word seq="19">of Asia,<GreekSeq>17</GreekSeq>
    </word>
    <word seq="20">Tychicus<GreekSeq>19</GreekSeq>
    </word>
    <word seq="21">and<GreekSeq>20</GreekSeq>
    </word>
    <word seq="22">Trophimus.<GreekSeq>21</GreekSeq>
    </word>
   </KJV>
  </verse>
  <verse number="5">
   <KJV>
    <word seq="1">These<GreekSeq>1</GreekSeq>
    </word>
    <word seq="2">going before<GreekSeq>3</GreekSeq>
    </word>
    <word seq="3">tarried<GreekSeq>4</GreekSeq>
    </word>
    <word seq="4">for us<GreekSeq>5</GreekSeq>
    </word>
    <word seq="5">at<GreekSeq>6</GreekSeq>
    </word>
    <word seq="6">Troas.<GreekSeq>7</GreekSeq>
    </word>
   </KJV>
  </verse>
  <verse number="6">
   <KJV>
    <word seq="1">And<GreekSeq>2</GreekSeq>
    </word>
    <word seq="2">we<GreekSeq>1</GreekSeq>
    </word>
    <word seq="3">sailed away<GreekSeq>3</GreekSeq>
    </word>
    <word seq="4">from<GreekSeq>9</GreekSeq>
    </word>
    <word seq="5">Philippi<GreekSeq>10</GreekSeq>
    </word>
    <word seq="6">after<GreekSeq>4</GreekSeq>
    </word>
    <word seq="7">the<GreekSeq>5</GreekSeq>
    </word>
    <word seq="8">days<GreekSeq>6</GreekSeq>
    </word>
    <word seq="9">of unleavened bread,<GreekSeq>8</GreekSeq>
    </word>
    <word seq="10">and<GreekSeq>11</GreekSeq>
    </word>
    <word seq="11">came<GreekSeq>12</GreekSeq>
    </word>
    <word seq="12">unto<GreekSeq>13</GreekSeq>
    </word>
    <word seq="13">them<GreekSeq>14</GreekSeq>
    </word>
    <word seq="14">to<GreekSeq>15</GreekSeq>
    </word>
    <word seq="15">Troas<GreekSeq>17</GreekSeq>
    </word>
    <word seq="16">in<GreekSeq>18</GreekSeq>
    </word>
    <word seq="17">five<GreekSeq>20</GreekSeq>
    </word>
    <word seq="18">days;<GreekSeq>19</GreekSeq>
    </word>
    <word note="Base of different Greek: οὗ(3757)" seq="19">where<GreekSeq>21</GreekSeq>
    </word>
    <word seq="20">we abode<GreekSeq>22</GreekSeq>
    </word>
    <word seq="21">seven<GreekSeq>24</GreekSeq>
    </word>
    <word seq="22">days.<GreekSeq>23</GreekSeq>
    </word>
   </KJV>
  </verse>
  <verse number="7">
   <KJV>
    <word seq="1">And<GreekSeq>2</GreekSeq>
    </word>
    <word seq="2">upon<GreekSeq>1</GreekSeq>
    </word>
    <word seq="3">the<GreekSeq>3</GreekSeq>
    </word>
    <word seq="4">first<GreekSeq>4</GreekSeq>
    </word>
    <word seq="5">day</word>
    <word seq="7">of the<GreekSeq>5</GreekSeq>
    </word>
    <word seq="7">week,<GreekSeq>6</GreekSeq>
    </word>
    <word seq="8">when<GreekSeq/>
    </word>
    <word note="Base of different Greek: μαθητῶν(3101)" seq="9">the disciples<GreekSeq>8</GreekSeq>
    </word>
    <word seq="10">came together<GreekSeq>7</GreekSeq>
    </word>
    <word seq="11">to break<GreekSeq>9</GreekSeq>
    </word>
    <word seq="12">bread,<GreekSeq>10</GreekSeq>
    </word>
    <word seq="13">Paul<GreekSeq>12</GreekSeq>
    </word>
    <word seq="14">preached<GreekSeq>13</GreekSeq>
    </word>
    <word seq="15">unto them,<GreekSeq>14</GreekSeq>
    </word>
    <word seq="16">ready<GreekSeq>15</GreekSeq>
    </word>
    <word seq="17">to depart<GreekSeq>16</GreekSeq>
    </word>
    <word seq="18">on the<GreekSeq>17</GreekSeq>
    </word>
    <word seq="19">morrow;<GreekSeq>18</GreekSeq>
    </word>
    <word seq="20">and<GreekSeq>20</GreekSeq>
    </word>
    <word seq="21">continued<GreekSeq>19</GreekSeq>
    </word>
    <word seq="22">his</word>
    <word seq="23">speech<GreekSeq>22</GreekSeq>
    </word>
    <word seq="24">until<GreekSeq>23</GreekSeq>
    </word>
    <word seq="25">midnight.<GreekSeq>24</GreekSeq>
    </word>
   </KJV>
  </verse>
  <verse number="8">
   <KJV>
    <word seq="1">And<GreekSeq>2</GreekSeq>
    </word>
    <word seq="2">there were<GreekSeq>1</GreekSeq>
    </word>
    <word seq="3">many<GreekSeq>4</GreekSeq>
    </word>
    <word seq="4">lights<GreekSeq>3</GreekSeq>
    </word>
    <word seq="5">in<GreekSeq>5</GreekSeq>
    </word>
    <word seq="6">the<GreekSeq>6</GreekSeq>
    </word>
    <word seq="7">upper chamber,<GreekSeq>7</GreekSeq>
    </word>
    <word seq="8">where<GreekSeq>8</GreekSeq>
    </word>
    <word seq="9">they were<GreekSeq>9</GreekSeq>
    </word>
    <word seq="10">gathered together.<GreekSeq>10</GreekSeq>
    </word>
   </KJV>
  </verse>
  <verse number="9">
   <KJV>
    <word seq="1">And<GreekSeq>2</GreekSeq>
    </word>
    <word note="Base of different Greek: καθήμενος(2521)" seq="2">there sat<GreekSeq>1</GreekSeq>
    </word>
    <word seq="3">in<GreekSeq>7</GreekSeq>
    </word>
    <word seq="4">a<GreekSeq>8</GreekSeq>
    </word>
    <word seq="5">window<GreekSeq>9</GreekSeq>
    </word>
    <word seq="7">a certain<GreekSeq>3</GreekSeq>
    </word>
    <word seq="7">young man<GreekSeq>4</GreekSeq>
    </word>
    <word seq="8">named<GreekSeq>5</GreekSeq>
    </word>
    <word seq="9">Eutychus,<GreekSeq>6</GreekSeq>
    </word>
    <word seq="10">being fallen into<GreekSeq>10</GreekSeq>
    </word>
    <word seq="12">a deep<GreekSeq>12</GreekSeq>
    </word>
    <word seq="12">sleep:<GreekSeq>11</GreekSeq>
    </word>
    <word seq="13">and as<GreekSeq/>
    </word>
    <word seq="14">Paul<GreekSeq>15</GreekSeq>
    </word>
    <word seq="15">was<GreekSeq/>
    </word>
    <word seq="16">long<GreekSeq>16</GreekSeq>
     <GreekSeq>17</GreekSeq>
    </word>
    <word seq="17">preaching,<GreekSeq>13</GreekSeq>
    </word>
    <word seq="18">he sunk down<GreekSeq>18</GreekSeq>
    </word>
    <word seq="19">with<GreekSeq>19</GreekSeq>
    </word>
    <word seq="20">sleep,<GreekSeq>21</GreekSeq>
    </word>
    <word seq="21">and</word>
    <word seq="22">fell<GreekSeq>22</GreekSeq>
    </word>
    <word seq="23">down<GreekSeq>26</GreekSeq>
    </word>
    <word seq="24">from<GreekSeq>23</GreekSeq>
    </word>
    <word seq="25">the<GreekSeq>24</GreekSeq>
    </word>
    <word seq="26">third loft,<GreekSeq>25</GreekSeq>
    </word>
    <word seq="27">and<GreekSeq>27</GreekSeq>
    </word>
    <word seq="28">was taken up<GreekSeq>28</GreekSeq>
    </word>
    <word seq="29">dead.<GreekSeq>29</GreekSeq>
    </word>
   </KJV>
  </verse>
  <verse number="10">
   <KJV>
    <word seq="1">And<GreekSeq>2</GreekSeq>
    </word>
    <word seq="2">Paul<GreekSeq>4</GreekSeq>
    </word>
    <word seq="3">went down,<GreekSeq>1</GreekSeq>
    </word>
    <word seq="4">and</word>
    <word seq="5">fell on<GreekSeq>5</GreekSeq>
    </word>
    <word seq="6">him,<GreekSeq>6</GreekSeq>
    </word>
    <word seq="7">and<GreekSeq>7</GreekSeq>
    </word>
    <word seq="8">embracing<GreekSeq>8</GreekSeq>
    </word>
    <word seq="9">him</word>
    <word seq="10">said,<GreekSeq>9</GreekSeq>
    </word>
    <word seq="11">Trouble<GreekSeq>11</GreekSeq>
    </word>
    <word seq="12">not<GreekSeq>10</GreekSeq>
    </word>
    <word seq="13">yourselves;<GreekSeq>11</GreekSeq>
    </word>
    <word seq="14">for<GreekSeq>13</GreekSeq>
    </word>
    <word seq="15">his<GreekSeq>15</GreekSeq>
    </word>
    <word seq="16">life<GreekSeq>14</GreekSeq>
    </word>
    <word seq="17">is<GreekSeq>18</GreekSeq>
    </word>
    <word seq="18">in<GreekSeq>16</GreekSeq>
    </word>
    <word seq="19">him.<GreekSeq>17</GreekSeq>
    </word>
   </KJV>
  </verse>
  <verse number="11">
   <KJV>
    <word seq="2">When he [therefore] was come up again,<GreekSeq>1</GreekSeq>
    </word>
    <word seq="2">and<GreekSeq>3</GreekSeq>
    </word>
    <word seq="3">had broken<GreekSeq>4</GreekSeq>
    </word>
    <word seq="4">bread,<GreekSeq>6</GreekSeq>
    </word>
    <word seq="5">and<GreekSeq>7</GreekSeq>
    </word>
    <word seq="6">eaten,<GreekSeq>8</GreekSeq>
    </word>
    <word seq="7">and<GreekSeq>11</GreekSeq>
    </word>
    <word seq="8">talked<GreekSeq>12</GreekSeq>
    </word>
    <word seq="9">a long while,<GreekSeq>9</GreekSeq>
     <GreekSeq>10</GreekSeq>
    </word>
    <word seq="10">even</word>
    <word seq="11">till<GreekSeq>13</GreekSeq>
    </word>
    <word seq="12">break of day,<GreekSeq>14</GreekSeq>
    </word>
    <word seq="13">so<GreekSeq>15</GreekSeq>
    </word>
    <word seq="14">he departed.<GreekSeq>16</GreekSeq>
    </word>
   </KJV>
  </verse>
  <verse number="12">
   <KJV>
    <word seq="1">And<GreekSeq>2</GreekSeq>
    </word>
    <word seq="2">they brought<GreekSeq>1</GreekSeq>
    </word>
    <word seq="3">the<GreekSeq>3</GreekSeq>
    </word>
    <word seq="4">young man<GreekSeq>4</GreekSeq>
    </word>
    <word seq="5">alive,<GreekSeq>5</GreekSeq>
    </word>
    <word seq="6">and<GreekSeq>6</GreekSeq>
    </word>
    <word seq="7">were<GreekSeq/>
    </word>
    <word seq="8">not<GreekSeq>8</GreekSeq>
    </word>
    <word seq="9">a little<GreekSeq>9</GreekSeq>
    </word>
    <word seq="10">comforted.<GreekSeq>7</GreekSeq>
    </word>
   </KJV>
  </verse>
  <verse number="13">
   <KJV>
    <word seq="1">And<GreekSeq>2</GreekSeq>
    </word>
    <word seq="2">we<GreekSeq>1</GreekSeq>
    </word>
    <word seq="3">went before<GreekSeq>3</GreekSeq>
    </word>
    <word seq="4">to<GreekSeq>4</GreekSeq>
    </word>
    <word seq="5">ship,<GreekSeq>6</GreekSeq>
    </word>
    <word seq="6">and</word>
    <word seq="7">sailed<GreekSeq>7</GreekSeq>
    </word>
    <word note="Base of different Greek: εἰσ̀(1519)" seq="8">unto<GreekSeq>8</GreekSeq>
    </word>
    <word seq="9">Assos,<GreekSeq>10</GreekSeq>
    </word>
    <word seq="10">there<GreekSeq>11</GreekSeq>
    </word>
    <word seq="11">intending<GreekSeq>12</GreekSeq>
    </word>
    <word seq="12">to take in<GreekSeq>13</GreekSeq>
    </word>
    <word seq="13">Paul:<GreekSeq>15</GreekSeq>
    </word>
    <word seq="14">for<GreekSeq>17</GreekSeq>
    </word>
    <word seq="15">so<GreekSeq>16</GreekSeq>
    </word>
    <word seq="16">had he<GreekSeq>19</GreekSeq>
    </word>
    <word seq="17">appointed,<GreekSeq>18</GreekSeq>
    </word>
    <word seq="18">minding<GreekSeq>20</GreekSeq>
    </word>
    <word seq="19">himself<GreekSeq>21</GreekSeq>
    </word>
    <word seq="20">to go afoot.<GreekSeq>22</GreekSeq>
    </word>
   </KJV>
  </verse>
  <verse number="14">
   <KJV>
    <word seq="1">And<GreekSeq>2</GreekSeq>
    </word>
    <word seq="2">when<GreekSeq>1</GreekSeq>
    </word>
    <word seq="3">he met with<GreekSeq>3</GreekSeq>
    </word>
    <word seq="4">us<GreekSeq>4</GreekSeq>
    </word>
    <word seq="5">at<GreekSeq>5</GreekSeq>
    </word>
    <word seq="6">Assos,<GreekSeq>7</GreekSeq>
    </word>
    <word seq="7">we took<GreekSeq>8</GreekSeq>
    </word>
    <word seq="8">him<GreekSeq>9</GreekSeq>
    </word>
    <word seq="9">in,<GreekSeq>8</GreekSeq>
    </word>
    <word seq="10">and</word>
    <word seq="11">came<GreekSeq>10</GreekSeq>
    </word>
    <word seq="12">to<GreekSeq>11</GreekSeq>
    </word>
    <word seq="13">Mitylene.<GreekSeq>12</GreekSeq>
    </word>
   </KJV>
  </verse>
  <verse number="15">
   <KJV>
    <word seq="1">And<GreekSeq>1</GreekSeq>
    </word>
    <word seq="2">we sailed<GreekSeq>2</GreekSeq>
    </word>
    <word seq="3">thence,<GreekSeq>1</GreekSeq>
    </word>
    <word seq="4">and</word>
    <word seq="5">came<GreekSeq>5</GreekSeq>
    </word>
    <word seq="6">the<GreekSeq>3</GreekSeq>
    </word>
    <word seq="7">next [day]<GreekSeq>4</GreekSeq>
    </word>
    <word seq="8">over against<GreekSeq>6</GreekSeq>
    </word>
    <word seq="9">Chios;<GreekSeq>7</GreekSeq>
    </word>
    <word seq="10">and<GreekSeq>9</GreekSeq>
    </word>
    <word seq="11">the<GreekSeq>8</GreekSeq>
    </word>
    <word seq="12">next [day]<GreekSeq>10</GreekSeq>
    </word>
    <word seq="13">we arrived<GreekSeq>11</GreekSeq>
    </word>
    <word seq="14">at<GreekSeq>12</GreekSeq>
    </word>
    <word seq="15">Samos,<GreekSeq>13</GreekSeq>
    </word>
    <word note="Base of different Greek: καὶ(2532)" seq="16">and</word>
    <word note="Base of different Greek: μείναντες(3306)" seq="17">tarried</word>
    <word note="Base of different Greek: ἐν(1722)" seq="18">at</word>
    <word note="Base of different Greek: Τρωγυλλίῳ(5175)" seq="19">Trogyllium;</word>
    <word seq="20">and<GreekSeq>15</GreekSeq>
    </word>
    <word seq="21">the<GreekSeq>14</GreekSeq>
    </word>
    <word seq="22">next [day]<GreekSeq>16</GreekSeq>
    </word>
    <word seq="23">we came<GreekSeq>17</GreekSeq>
    </word>
    <word seq="24">to<GreekSeq>18</GreekSeq>
    </word>
    <word seq="25">Miletus.<GreekSeq>19</GreekSeq>
    </word>
   </KJV>
  </verse>
  <verse number="16">
   <KJV>
    <word seq="1">For<GreekSeq>2</GreekSeq>
    </word>
    <word seq="2">Paul<GreekSeq>4</GreekSeq>
    </word>
    <word seq="3">had determined<GreekSeq>1</GreekSeq>
    </word>
    <word seq="4">to sail by<GreekSeq>5</GreekSeq>
    </word>
    <word seq="5">Ephesus,<GreekSeq>7</GreekSeq>
    </word>
    <word seq="6">because<GreekSeq>8</GreekSeq>
    </word>
    <word seq="7">he would<GreekSeq>10</GreekSeq>
    </word>
    <word seq="8">not<GreekSeq>9</GreekSeq>
    </word>
    <word seq="9">spend the time<GreekSeq>12</GreekSeq>
    </word>
    <word seq="10">in<GreekSeq>13</GreekSeq>
    </word>
    <word seq="11">Asia:<GreekSeq>15</GreekSeq>
    </word>
    <word seq="12">for<GreekSeq>17</GreekSeq>
    </word>
    <word seq="13">he hasted,<GreekSeq>16</GreekSeq>
    </word>
    <word seq="14">if<GreekSeq>18</GreekSeq>
    </word>
    <word note="Base of different Greek: ἦν(2258)" seq="15">it were<GreekSeq>20</GreekSeq>
    </word>
    <word seq="16">possible<GreekSeq>19</GreekSeq>
    </word>
    <word seq="17">for him,<GreekSeq>21</GreekSeq>
    </word>
    <word seq="18">to be<GreekSeq>26</GreekSeq>
    </word>
    <word seq="19">at<GreekSeq>27</GreekSeq>
    </word>
    <word seq="20">Jerusalem<GreekSeq>28</GreekSeq>
    </word>
    <word seq="21">the<GreekSeq>22</GreekSeq>
    </word>
    <word seq="22">day<GreekSeq>23</GreekSeq>
    </word>
    <word seq="23">of Pentecost.<GreekSeq>25</GreekSeq>
    </word>
   </KJV>
  </verse>
  <verse number="17">
   <KJV>
    <word seq="1">And<GreekSeq>2</GreekSeq>
    </word>
    <word seq="2">from<GreekSeq>1</GreekSeq>
    </word>
    <word seq="3">Miletus<GreekSeq>4</GreekSeq>
    </word>
    <word seq="4">he sent<GreekSeq>5</GreekSeq>
    </word>
    <word seq="5">to<GreekSeq>6</GreekSeq>
    </word>
    <word seq="6">Ephesus,<GreekSeq>7</GreekSeq>
    </word>
    <word seq="7">and</word>
    <word seq="8">called<GreekSeq>8</GreekSeq>
    </word>
    <word seq="9">the<GreekSeq>9</GreekSeq>
    </word>
    <word seq="10">elders<GreekSeq>10</GreekSeq>
    </word>
    <word seq="12">of the<GreekSeq>11</GreekSeq>
    </word>
    <word seq="12">church.<GreekSeq>12</GreekSeq>
    </word>
   </KJV>
  </verse>
  <verse number="18">
   <KJV>
    <word seq="1">And<GreekSeq>2</GreekSeq>
    </word>
    <word seq="2">when<GreekSeq>1</GreekSeq>
    </word>
    <word seq="3">they were come<GreekSeq>3</GreekSeq>
    </word>
    <word seq="4">to<GreekSeq>4</GreekSeq>
    </word>
    <word seq="5">him,<GreekSeq>5</GreekSeq>
    </word>
    <word seq="6">he said<GreekSeq>6</GreekSeq>
    </word>
    <word seq="7">unto them,<GreekSeq>7</GreekSeq>
    </word>
    <word seq="8">Ye<GreekSeq>8</GreekSeq>
    </word>
    <word seq="9">know,<GreekSeq>9</GreekSeq>
    </word>
    <word seq="10">from<GreekSeq>10</GreekSeq>
    </word>
    <word seq="11">the<GreekSeq/>
    </word>
    <word seq="12">first<GreekSeq>11</GreekSeq>
    </word>
    <word seq="13">day<GreekSeq>12</GreekSeq>
    </word>
    <word seq="14">that<GreekSeq>13</GreekSeq>
     <GreekSeq>14</GreekSeq>
    </word>
    <word seq="15">I came<GreekSeq>15</GreekSeq>
    </word>
    <word seq="16">into<GreekSeq>16</GreekSeq>
    </word>
    <word seq="17">Asia,<GreekSeq>18</GreekSeq>
    </word>
    <word seq="18">after what manner<GreekSeq>19</GreekSeq>
    </word>
    <word seq="19">I have been<GreekSeq>25</GreekSeq>
    </word>
    <word seq="20">with<GreekSeq>20</GreekSeq>
    </word>
    <word seq="21">you<GreekSeq>21</GreekSeq>
    </word>
    <word seq="23">at all<GreekSeq>23</GreekSeq>
    </word>
    <word seq="24">seasons,<GreekSeq>24</GreekSeq>
    </word>
   </KJV>
  </verse>
  <verse number="19">
   <KJV>
    <word seq="1">Serving<GreekSeq>1</GreekSeq>
    </word>
    <word seq="2">the<GreekSeq>2</GreekSeq>
    </word>
    <word seq="3">Lord<GreekSeq>3</GreekSeq>
    </word>
    <word seq="4">with<GreekSeq>4</GreekSeq>
    </word>
    <word seq="5">all<GreekSeq>5</GreekSeq>
    </word>
    <word seq="6">humility of mind,<GreekSeq>6</GreekSeq>
    </word>
    <word seq="7">and<GreekSeq>7</GreekSeq>
    </word>
    <word note="Base of different Greek: πολλῶν(4183)" seq="8">with many</word>
    <word seq="9">tears,<GreekSeq>8</GreekSeq>
    </word>
    <word seq="10">and<GreekSeq>9</GreekSeq>
    </word>
    <word seq="11">temptations,<GreekSeq>10</GreekSeq>
    </word>
    <word seq="12">which befell<GreekSeq>12</GreekSeq>
    </word>
    <word seq="13">me<GreekSeq>13</GreekSeq>
    </word>
    <word seq="14">by<GreekSeq>14</GreekSeq>
    </word>
    <word seq="15">the<GreekSeq>15</GreekSeq>
    </word>
    <word seq="16">lying in wait<GreekSeq>16</GreekSeq>
    </word>
    <word seq="18">of the<GreekSeq>17</GreekSeq>
    </word>
    <word seq="18">Jews:<GreekSeq>18</GreekSeq>
    </word>
   </KJV>
  </verse>
  <verse number="20">
   <KJV>
    <word seq="1">And</word>
    <word seq="2">how<GreekSeq>1</GreekSeq>
    </word>
    <word seq="3">I kept back<GreekSeq>3</GreekSeq>
    </word>
    <word seq="4">nothing<GreekSeq>2</GreekSeq>
    </word>
    <word seq="5">that was profitable<GreekSeq>5</GreekSeq>
    </word>
    <word seq="6">unto you,</word>
    <word seq="7">but<GreekSeq>7</GreekSeq>
    </word>
    <word seq="8">have shewed<GreekSeq>8</GreekSeq>
    </word>
    <word seq="9">you,<GreekSeq>9</GreekSeq>
    </word>
    <word seq="10">and<GreekSeq>10</GreekSeq>
    </word>
    <word seq="11">have taught<GreekSeq>11</GreekSeq>
    </word>
    <word seq="12">you<GreekSeq>12</GreekSeq>
    </word>
    <word seq="13">publickly,<GreekSeq>13</GreekSeq>
    </word>
    <word seq="14">and<GreekSeq>14</GreekSeq>
    </word>
    <word seq="15">from house to house,<GreekSeq>15</GreekSeq>
     <GreekSeq>16</GreekSeq>
    </word>
   </KJV>
  </verse>
  <verse number="21">
   <KJV>
    <word seq="1">Testifying<GreekSeq>1</GreekSeq>
    </word>
    <word seq="2">both<GreekSeq>3</GreekSeq>
    </word>
    <word seq="3">to the Jews,<GreekSeq>2</GreekSeq>
    </word>
    <word seq="4">and also<GreekSeq>4</GreekSeq>
    </word>
    <word seq="5">to the Greeks,<GreekSeq>5</GreekSeq>
    </word>
    <word seq="6">repentance<GreekSeq>9</GreekSeq>
    </word>
    <word seq="7">toward<GreekSeq>7</GreekSeq>
    </word>
    <word seq="8">God,<GreekSeq>8</GreekSeq>
    </word>
    <word seq="9">and<GreekSeq>10</GreekSeq>
    </word>
    <word seq="10">faith<GreekSeq>11</GreekSeq>
    </word>
    <word seq="11">toward<GreekSeq>12</GreekSeq>
    </word>
    <word seq="12">our<GreekSeq>15</GreekSeq>
    </word>
    <word seq="13">Lord<GreekSeq>14</GreekSeq>
    </word>
    <word seq="14">Jesus<GreekSeq>16</GreekSeq>
    </word>
    <word note="Base of different Greek: Χριστόν(5547)" seq="15">Christ.</word>
   </KJV>
  </verse>
  <verse number="22">
   <KJV>
    <word seq="1">And<GreekSeq>1</GreekSeq>
    </word>
    <word seq="2">now,<GreekSeq>2</GreekSeq>
    </word>
    <word seq="3">behold,<GreekSeq>3</GreekSeq>
    </word>
    <word seq="4">I<GreekSeq>5</GreekSeq>
    </word>
    <word seq="5">go<GreekSeq>8</GreekSeq>
    </word>
    <word seq="6">bound<GreekSeq>4</GreekSeq>
    </word>
    <word seq="8">in the<GreekSeq>6</GreekSeq>
    </word>
    <word seq="8">spirit<GreekSeq>7</GreekSeq>
    </word>
    <word seq="9">unto<GreekSeq>9</GreekSeq>
    </word>
    <word seq="10">Jerusalem,<GreekSeq>10</GreekSeq>
    </word>
    <word seq="11">not<GreekSeq>16</GreekSeq>
    </word>
    <word seq="12">knowing<GreekSeq>17</GreekSeq>
    </word>
    <word seq="13">the things<GreekSeq>11</GreekSeq>
    </word>
    <word seq="14">that shall befall<GreekSeq>14</GreekSeq>
    </word>
    <word seq="15">me<GreekSeq>15</GreekSeq>
    </word>
    <word seq="16">there:<GreekSeq>12</GreekSeq>
     <GreekSeq>13</GreekSeq>
    </word>
   </KJV>
  </verse>
  <verse number="23">
   <KJV>
    <word seq="1">Save<GreekSeq>1</GreekSeq>
    </word>
    <word seq="2">that<GreekSeq>2</GreekSeq>
    </word>
    <word seq="3">the<GreekSeq>3</GreekSeq>
    </word>
    <word seq="4">Holy<GreekSeq>6</GreekSeq>
    </word>
    <word seq="5">Ghost<GreekSeq>4</GreekSeq>
    </word>
    <word seq="6">witnesseth<GreekSeq>9</GreekSeq>
    </word>
    <word seq="7">in every city,<GreekSeq>7</GreekSeq>
     <GreekSeq>8</GreekSeq>
    </word>
    <word seq="8">saying<GreekSeq>11</GreekSeq>
    </word>
    <word seq="9">that<GreekSeq>12</GreekSeq>
    </word>
    <word seq="10">bonds<GreekSeq>13</GreekSeq>
    </word>
    <word seq="11">and<GreekSeq>14</GreekSeq>
    </word>
    <word seq="12">afflictions<GreekSeq>15</GreekSeq>
    </word>
    <word seq="13">abide<GreekSeq>17</GreekSeq>
    </word>
    <word seq="14">me.<GreekSeq>16</GreekSeq>
    </word>
   </KJV>
  </verse>
  <verse number="24">
   <KJV>
    <word seq="1">But<GreekSeq>1</GreekSeq>
    </word>
    <word seq="2">none of these<GreekSeq>2</GreekSeq>
    </word>
    <word seq="3">things<GreekSeq>3</GreekSeq>
    </word>
    <word seq="4">move me,<GreekSeq>4</GreekSeq>
    </word>
    <word note="Base of different Greek: οὐδὲ(3761)" seq="5">neither</word>
    <word note="Base of different Greek: ἔχω(2192)" seq="6">count I</word>
    <word note="Base of different Greek: μου(3450)" seq="7">my</word>
    <word seq="8">life<GreekSeq>6</GreekSeq>
    </word>
    <word seq="9">dear<GreekSeq>7</GreekSeq>
    </word>
    <word seq="10">unto myself,<GreekSeq>8</GreekSeq>
    </word>
    <word seq="11">so that<GreekSeq>9</GreekSeq>
    </word>
    <word seq="12">I might finish<GreekSeq>10</GreekSeq>
    </word>
    <word seq="13">my<GreekSeq>13</GreekSeq>
    </word>
    <word seq="14">course<GreekSeq>12</GreekSeq>
    </word>
    <word note="Base of different Greek: μετὰ(3326)" seq="15">with</word>
    <word note="Base of different Greek: χαρᾶς(5479)" seq="16">joy,</word>
    <word seq="17">and<GreekSeq>14</GreekSeq>
    </word>
    <word seq="18">the<GreekSeq>15</GreekSeq>
    </word>
    <word seq="19">ministry,<GreekSeq>16</GreekSeq>
    </word>
    <word seq="20">which<GreekSeq>17</GreekSeq>
    </word>
    <word seq="21">I have received<GreekSeq>18</GreekSeq>
    </word>
    <word seq="22">of<GreekSeq>19</GreekSeq>
    </word>
    <word seq="23">the<GreekSeq>20</GreekSeq>
    </word>
    <word seq="24">Lord<GreekSeq>21</GreekSeq>
    </word>
    <word seq="25">Jesus,<GreekSeq>22</GreekSeq>
    </word>
    <word seq="26">to testify<GreekSeq>23</GreekSeq>
    </word>
    <word seq="27">the<GreekSeq>24</GreekSeq>
    </word>
    <word seq="28">gospel<GreekSeq>25</GreekSeq>
    </word>
    <word seq="30">of the<GreekSeq>26</GreekSeq>
    </word>
    <word seq="30">grace<GreekSeq>27</GreekSeq>
    </word>
    <word seq="31">of God.<GreekSeq>29</GreekSeq>
    </word>
   </KJV>
  </verse>
  <verse number="25">
   <KJV>
    <word seq="1">And<GreekSeq>1</GreekSeq>
    </word>
    <word seq="2">now,<GreekSeq>2</GreekSeq>
    </word>
    <word seq="3">behold,<GreekSeq>3</GreekSeq>
    </word>
    <word seq="4">I<GreekSeq>4</GreekSeq>
    </word>
    <word seq="5">know<GreekSeq>5</GreekSeq>
    </word>
    <word seq="6">that<GreekSeq>6</GreekSeq>
    </word>
    <word seq="7">ye<GreekSeq>12</GreekSeq>
    </word>
    <word seq="8">all,<GreekSeq>13</GreekSeq>
    </word>
    <word seq="9">among<GreekSeq>14</GreekSeq>
    </word>
    <word seq="10">whom<GreekSeq>15</GreekSeq>
    </word>
    <word seq="11">I have gone<GreekSeq>16</GreekSeq>
    </word>
    <word seq="12">preaching<GreekSeq>17</GreekSeq>
    </word>
    <word seq="13">the<GreekSeq>18</GreekSeq>
    </word>
    <word seq="14">kingdom<GreekSeq>19</GreekSeq>
    </word>
    <word note="Base of different Greek:  Θεοῦ(2316)" seq="15">of God,</word>
    <word seq="16">shall see<GreekSeq>8</GreekSeq>
    </word>
    <word seq="17">my<GreekSeq>11</GreekSeq>
    </word>
    <word seq="18">face<GreekSeq>10</GreekSeq>
    </word>
    <word seq="19">no more.<GreekSeq>7</GreekSeq>
    </word>
   </KJV>
  </verse>
  <verse number="26">
   <KJV>
    <word note="Base of different Greek: διὸ(1352)" seq="1">Wherefore<GreekSeq>1</GreekSeq>
    </word>
    <word seq="2">I take<GreekSeq>2</GreekSeq>
    </word>
    <word seq="3">you<GreekSeq>3</GreekSeq>
    </word>
    <word seq="4">to record<GreekSeq>2</GreekSeq>
    </word>
    <word seq="5">this day,<GreekSeq>6</GreekSeq>
    </word>
    <word seq="6">that<GreekSeq>8</GreekSeq>
    </word>
    <word note="Base of different Greek: ἐγὼ(1473)" seq="7">I</word>
    <word seq="8">am<GreekSeq>10</GreekSeq>
    </word>
    <word seq="9">pure<GreekSeq>9</GreekSeq>
    </word>
    <word seq="10">from<GreekSeq>11</GreekSeq>
    </word>
    <word seq="11">the<GreekSeq>12</GreekSeq>
    </word>
    <word seq="12">blood<GreekSeq>13</GreekSeq>
    </word>
    <word seq="13">of all men.<GreekSeq>14</GreekSeq>
    </word>
   </KJV>
  </verse>
  <verse number="27">
   <KJV>
    <word seq="1">For<GreekSeq>2</GreekSeq>
    </word>
    <word seq="2">I have<GreekSeq>3</GreekSeq>
    </word>
    <word seq="3">not<GreekSeq>1</GreekSeq>
    </word>
    <word seq="4">shunned<GreekSeq>3</GreekSeq>
    </word>
    <word seq="6">to declare<GreekSeq>6</GreekSeq>
    </word>
    <word seq="6">unto you<GreekSeq>12</GreekSeq>
    </word>
    <word seq="7">all<GreekSeq>7</GreekSeq>
    </word>
    <word seq="8">the<GreekSeq>8</GreekSeq>
    </word>
    <word seq="9">counsel<GreekSeq>9</GreekSeq>
    </word>
    <word seq="10">of God.<GreekSeq>11</GreekSeq>
    </word>
   </KJV>
  </verse>
  <verse number="28">
   <KJV>
    <word seq="1">Take heed<GreekSeq>1</GreekSeq>
    </word>
    <word note="Base of different Greek: οὖν(3767)" seq="2">therefore</word>
    <word seq="3">unto yourselves,<GreekSeq>2</GreekSeq>
    </word>
    <word seq="4">and<GreekSeq>3</GreekSeq>
    </word>
    <word seq="5">to all<GreekSeq>4</GreekSeq>
    </word>
    <word seq="6">the<GreekSeq>5</GreekSeq>
    </word>
    <word seq="7">flock,<GreekSeq>6</GreekSeq>
    </word>
    <word seq="8">over,<GreekSeq>7</GreekSeq>
    </word>
    <word seq="9">the which<GreekSeq>8</GreekSeq>
    </word>
    <word seq="10">the<GreekSeq>10</GreekSeq>
    </word>
    <word seq="11">Holy<GreekSeq>13</GreekSeq>
    </word>
    <word seq="12">Ghost<GreekSeq>11</GreekSeq>
    </word>
    <word seq="13">hath made<GreekSeq>14</GreekSeq>
    </word>
    <word seq="14">you<GreekSeq>9</GreekSeq>
    </word>
    <word seq="15">overseers,<GreekSeq>15</GreekSeq>
    </word>
    <word seq="16">to feed<GreekSeq>16</GreekSeq>
    </word>
    <word seq="17">the<GreekSeq>17</GreekSeq>
    </word>
    <word seq="18">church<GreekSeq>18</GreekSeq>
    </word>
    <word seq="19">of God,<GreekSeq>20</GreekSeq>
    </word>
    <word seq="20">which<GreekSeq>21</GreekSeq>
    </word>
    <word seq="21">he hath purchased<GreekSeq>22</GreekSeq>
    </word>
    <word seq="22">with<GreekSeq>23</GreekSeq>
    </word>
    <word seq="23">his own<GreekSeq>27</GreekSeq>
    </word>
    <word seq="24">blood.<GreekSeq>25</GreekSeq>
    </word>
   </KJV>
  </verse>
  <verse number="29">
   <KJV>
    <word note="Base of different Greek: γὰρ(1063)" seq="1">For</word>
    <word seq="2">I<GreekSeq>1</GreekSeq>
    </word>
    <word seq="3">know<GreekSeq>2</GreekSeq>
    </word>
    <word note="Base of different Greek: τοῦτο(5124)" seq="4">this,</word>
    <word seq="5">that<GreekSeq>3</GreekSeq>
    </word>
    <word seq="6">after<GreekSeq>5</GreekSeq>
    </word>
    <word seq="7">my<GreekSeq>8</GreekSeq>
    </word>
    <word seq="8">departing<GreekSeq>7</GreekSeq>
    </word>
    <word seq="9">shall<GreekSeq/>
    </word>
    <word seq="10">grievous<GreekSeq>10</GreekSeq>
    </word>
    <word seq="11">wolves<GreekSeq>9</GreekSeq>
    </word>
    <word seq="12">enter in<GreekSeq>4</GreekSeq>
    </word>
    <word seq="13">among<GreekSeq>11</GreekSeq>
    </word>
    <word seq="14">you,<GreekSeq>12</GreekSeq>
    </word>
    <word seq="15">not<GreekSeq>13</GreekSeq>
    </word>
    <word seq="16">sparing<GreekSeq>14</GreekSeq>
    </word>
    <word seq="17">the<GreekSeq>15</GreekSeq>
    </word>
    <word seq="18">flock.<GreekSeq>16</GreekSeq>
    </word>
   </KJV>
  </verse>
  <verse number="30">
   <KJV>
    <word seq="1">Also<GreekSeq>1</GreekSeq>
    </word>
    <word seq="2">of<GreekSeq>2</GreekSeq>
    </word>
    <word seq="3">your own<GreekSeq>3</GreekSeq>
    </word>
    <word seq="4">selves<GreekSeq>4</GreekSeq>
    </word>
    <word seq="5">shall<GreekSeq>5</GreekSeq>
    </word>
    <word seq="6">men<GreekSeq>6</GreekSeq>
    </word>
    <word seq="7">arise,<GreekSeq>5</GreekSeq>
    </word>
    <word seq="8">speaking<GreekSeq>7</GreekSeq>
    </word>
    <word seq="9">perverse things,<GreekSeq>8</GreekSeq>
    </word>
    <word seq="10">to draw away<GreekSeq>10</GreekSeq>
    </word>
    <word seq="11">disciples<GreekSeq>12</GreekSeq>
    </word>
    <word seq="12">after<GreekSeq>13</GreekSeq>
    </word>
    <word seq="13">them.<GreekSeq>14</GreekSeq>
    </word>
   </KJV>
  </verse>
  <verse number="31">
   <KJV>
    <word seq="1">Therefore<GreekSeq>1</GreekSeq>
    </word>
    <word seq="2">watch,<GreekSeq>2</GreekSeq>
    </word>
    <word seq="3">and</word>
    <word seq="4">remember,<GreekSeq>3</GreekSeq>
    </word>
    <word seq="5">that<GreekSeq>4</GreekSeq>
    </word>
    <word seq="6">by the space of</word>
    <word seq="7">three years<GreekSeq>5</GreekSeq>
    </word>
    <word seq="8">I ceased<GreekSeq>10</GreekSeq>
    </word>
    <word seq="9">not<GreekSeq>9</GreekSeq>
    </word>
    <word seq="10">to warn<GreekSeq>13</GreekSeq>
    </word>
    <word seq="11">every<GreekSeq>15</GreekSeq>
    </word>
    <word seq="12">one<GreekSeq>14</GreekSeq>
    </word>
    <word seq="13">night<GreekSeq>6</GreekSeq>
    </word>
    <word seq="14">and<GreekSeq>7</GreekSeq>
    </word>
    <word seq="15">day<GreekSeq>8</GreekSeq>
    </word>
    <word seq="16">with<GreekSeq>11</GreekSeq>
    </word>
    <word seq="17">tears.<GreekSeq>12</GreekSeq>
    </word>
   </KJV>
  </verse>
  <verse number="32">
   <KJV>
    <word seq="1">And<GreekSeq>1</GreekSeq>
    </word>
    <word seq="2">now,<GreekSeq>3</GreekSeq>
    </word>
    <word note="Base of different Greek: ἀδελφοὶ(80)" seq="3">brethren,</word>
    <word seq="4">I commend<GreekSeq>4</GreekSeq>
    </word>
    <word seq="5">you<GreekSeq>5</GreekSeq>
    </word>
    <word seq="6">to God,<GreekSeq>7</GreekSeq>
    </word>
    <word seq="7">and<GreekSeq>8</GreekSeq>
    </word>
    <word seq="9">to the<GreekSeq>9</GreekSeq>
    </word>
    <word seq="9">word<GreekSeq>10</GreekSeq>
    </word>
    <word seq="10">of<GreekSeq>12</GreekSeq>
    </word>
    <word seq="11">his<GreekSeq>13</GreekSeq>
    </word>
    <word seq="12">grace,<GreekSeq>12</GreekSeq>
    </word>
    <word seq="14">which is able<GreekSeq>15</GreekSeq>
    </word>
    <word note="Base of different Greek: ἐποἰκοδομῆσαι(2026)" seq="14">to build [you] up,<GreekSeq>16</GreekSeq>
    </word>
    <word seq="15">and<GreekSeq>17</GreekSeq>
    </word>
    <word seq="16">to give<GreekSeq>18</GreekSeq>
    </word>
    <word note="Base of different Greek: ὑμῖν(5213)" seq="17">you</word>
    <word seq="18">an<GreekSeq>19</GreekSeq>
    </word>
    <word seq="19">inheritance<GreekSeq>20</GreekSeq>
    </word>
    <word seq="20">among<GreekSeq>21</GreekSeq>
    </word>
    <word seq="21">all<GreekSeq>24</GreekSeq>
    </word>
    <word seq="22">them<GreekSeq>22</GreekSeq>
    </word>
    <word seq="23">which are sanctified.<GreekSeq>23</GreekSeq>
    </word>
   </KJV>
  </verse>
  <verse number="33">
   <KJV>
    <word seq="1">I have coveted<GreekSeq>7</GreekSeq>
    </word>
    <word seq="2">no man's<GreekSeq>6</GreekSeq>
    </word>
    <word seq="3">silver,<GreekSeq>1</GreekSeq>
    </word>
    <word seq="4">or<GreekSeq>2</GreekSeq>
    </word>
    <word seq="5">gold,<GreekSeq>3</GreekSeq>
    </word>
    <word seq="6">or<GreekSeq>4</GreekSeq>
    </word>
    <word seq="7">apparel.<GreekSeq>5</GreekSeq>
    </word>
   </KJV>
  </verse>
  <verse number="34">
   <KJV>
    <word seq="1">Yea,<GreekSeq/>
    </word>
    <word seq="2">ye<GreekSeq>2</GreekSeq>
    </word>
    <word seq="3">yourselves<GreekSeq>1</GreekSeq>
    </word>
    <word seq="4">know,<GreekSeq>2</GreekSeq>
    </word>
    <word seq="5">that<GreekSeq>3</GreekSeq>
    </word>
    <word seq="6">these<GreekSeq>15</GreekSeq>
    </word>
    <word seq="7">hands<GreekSeq>14</GreekSeq>
    </word>
    <word seq="8">have ministered unto<GreekSeq>12</GreekSeq>
    </word>
    <word seq="9">my<GreekSeq>6</GreekSeq>
    </word>
    <word seq="10">necessities,<GreekSeq>5</GreekSeq>
    </word>
    <word seq="11">and<GreekSeq>7</GreekSeq>
    </word>
    <word seq="12">to them<GreekSeq>8</GreekSeq>
    </word>
    <word seq="13">that were<GreekSeq>9</GreekSeq>
    </word>
    <word seq="14">with<GreekSeq>10</GreekSeq>
    </word>
    <word seq="15">me.<GreekSeq>11</GreekSeq>
    </word>
   </KJV>
  </verse>
  <verse number="35">
   <KJV>
    <word seq="1">I have shewed<GreekSeq>2</GreekSeq>
    </word>
    <word seq="2">you<GreekSeq>3</GreekSeq>
    </word>
    <word seq="3">all things,<GreekSeq>1</GreekSeq>
    </word>
    <word seq="4">how that<GreekSeq>4</GreekSeq>
    </word>
    <word seq="5">so<GreekSeq>5</GreekSeq>
    </word>
    <word seq="6">labouring<GreekSeq>6</GreekSeq>
    </word>
    <word seq="7">ye</word>
    <word seq="8">ought<GreekSeq>7</GreekSeq>
    </word>
    <word seq="9">to support<GreekSeq>8</GreekSeq>
    </word>
    <word seq="10">the<GreekSeq>9</GreekSeq>
    </word>
    <word seq="11">weak,<GreekSeq>10</GreekSeq>
    </word>
    <word seq="12">and<GreekSeq>12</GreekSeq>
    </word>
    <word seq="13">to remember<GreekSeq>11</GreekSeq>
    </word>
    <word seq="14">the<GreekSeq>13</GreekSeq>
    </word>
    <word seq="15">words<GreekSeq>14</GreekSeq>
    </word>
    <word seq="17">of the<GreekSeq>15</GreekSeq>
    </word>
    <word seq="17">Lord<GreekSeq>16</GreekSeq>
    </word>
    <word seq="18">Jesus,<GreekSeq>17</GreekSeq>
    </word>
    <word seq="19">how<GreekSeq>18</GreekSeq>
    </word>
    <word seq="20">he<GreekSeq>19</GreekSeq>
    </word>
    <word seq="21">said,<GreekSeq>20</GreekSeq>
    </word>
    <word seq="22">It is<GreekSeq>22</GreekSeq>
    </word>
    <word seq="23">more<GreekSeq>23</GreekSeq>
    </word>
    <word seq="24">blessed<GreekSeq>21</GreekSeq>
    </word>
    <word seq="25">to give<GreekSeq>24</GreekSeq>
    </word>
    <word seq="26">than<GreekSeq>25</GreekSeq>
    </word>
    <word seq="27">to receive.<GreekSeq>26</GreekSeq>
    </word>
   </KJV>
  </verse>
  <verse number="36">
   <KJV>
    <word seq="1">And<GreekSeq>1</GreekSeq>
    </word>
    <word seq="2">when he had<GreekSeq>3</GreekSeq>
    </word>
    <word seq="3">thus<GreekSeq>2</GreekSeq>
    </word>
    <word seq="4">spoken,<GreekSeq>3</GreekSeq>
    </word>
    <word seq="5">he kneeled down,<GreekSeq>4</GreekSeq>
     <GreekSeq>5</GreekSeq>
     <GreekSeq>6</GreekSeq>
     <GreekSeq>7</GreekSeq>
    </word>
    <word seq="6">and</word>
    <word seq="7">prayed<GreekSeq>11</GreekSeq>
    </word>
    <word seq="8">with<GreekSeq>8</GreekSeq>
    </word>
    <word seq="9">them<GreekSeq>10</GreekSeq>
    </word>
    <word seq="10">all.<GreekSeq>9</GreekSeq>
    </word>
   </KJV>
  </verse>
  <verse number="37">
   <KJV>
    <word seq="1">And<GreekSeq>2</GreekSeq>
    </word>
    <word seq="2">they</word>
    <word seq="3">all<GreekSeq>5</GreekSeq>
    </word>
    <word seq="4">wept sore,<GreekSeq>1</GreekSeq>
     <GreekSeq>4</GreekSeq>
     <GreekSeq>3</GreekSeq>
    </word>
    <word seq="5">and<GreekSeq>6</GreekSeq>
    </word>
    <word seq="6">fell<GreekSeq>7</GreekSeq>
    </word>
    <word seq="7">on<GreekSeq>8</GreekSeq>
    </word>
    <word seq="8">Paul's<GreekSeq>12</GreekSeq>
    </word>
    <word seq="9">neck,<GreekSeq>10</GreekSeq>
    </word>
    <word seq="10">and</word>
    <word seq="11">kissed<GreekSeq>13</GreekSeq>
    </word>
    <word seq="12">him,<GreekSeq>14</GreekSeq>
    </word>
   </KJV>
  </verse>
  <verse number="38">
   <KJV>
    <word seq="1">Sorrowing<GreekSeq>1</GreekSeq>
    </word>
    <word seq="2">most of all<GreekSeq>2</GreekSeq>
    </word>
    <word seq="3">for<GreekSeq>3</GreekSeq>
    </word>
    <word seq="4">the<GreekSeq>4</GreekSeq>
    </word>
    <word seq="5">words<GreekSeq>5</GreekSeq>
    </word>
    <word seq="6">which<GreekSeq>6</GreekSeq>
    </word>
    <word seq="7">he spake,<GreekSeq>7</GreekSeq>
    </word>
    <word seq="8">that<GreekSeq>8</GreekSeq>
    </word>
    <word seq="9">they should<GreekSeq>10</GreekSeq>
    </word>
    <word seq="10">see<GreekSeq>14</GreekSeq>
    </word>
    <word seq="11">his<GreekSeq>13</GreekSeq>
    </word>
    <word seq="12">face<GreekSeq>12</GreekSeq>
    </word>
    <word seq="13">no more.<GreekSeq>9</GreekSeq>
    </word>
    <word seq="14">And<GreekSeq>16</GreekSeq>
    </word>
    <word seq="15">they accompanied<GreekSeq>15</GreekSeq>
    </word>
    <word seq="16">him<GreekSeq>17</GreekSeq>
    </word>
    <word seq="17">unto<GreekSeq>18</GreekSeq>
    </word>
    <word seq="18">the<GreekSeq>19</GreekSeq>
    </word>
    <word seq="19">ship<GreekSeq>20</GreekSeq>
    </word>
   </KJV>
  </verse>
 </chapter>
</book>
