<?xml version="1.0" encoding="UTF-8" standalone="no"?>
<book>
 <chapter book="null" number="15">
  <verse number="1">
   <KJV>
    <word seq="1">And<GreekSeq>1</GreekSeq>
    </word>
    <word seq="2">certain men<GreekSeq>2</GreekSeq>
    </word>
    <word seq="3">which came down<GreekSeq>3</GreekSeq>
    </word>
    <word seq="4">from<GreekSeq>4</GreekSeq>
    </word>
    <word seq="5">Judaea<GreekSeq>6</GreekSeq>
    </word>
    <word seq="6">taught<GreekSeq>7</GreekSeq>
    </word>
    <word seq="7">the<GreekSeq>8</GreekSeq>
    </word>
    <word seq="8">brethren,<GreekSeq>9</GreekSeq>
    </word>
    <word seq="9">and said,</word>
    <word note="ἐὰν μή Strong Code (3362)" seq="10">Except<GreekSeq>11</GreekSeq>
     <GreekSeq>12</GreekSeq>
    </word>
    <word seq="11">ye be circumcised<GreekSeq>13</GreekSeq>
    </word>
    <word seq="12">after the<GreekSeq>14</GreekSeq>
    </word>
    <word seq="13">manner<GreekSeq>15</GreekSeq>
    </word>
    <word seq="14">of Moses,<GreekSeq>17</GreekSeq>
    </word>
    <word seq="15">ye cannot<GreekSeq>18</GreekSeq>
     <GreekSeq>19</GreekSeq>
    </word>
    <word seq="16">be saved.<GreekSeq>20</GreekSeq>
    </word>
   </KJV>
  </verse>
  <verse number="2">
   <KJV>
    <word seq="1">When<GreekSeq>1</GreekSeq>
    </word>
    <word note="Base of different Greek: οὖν(3767)" seq="2">therefore<GreekSeq>2</GreekSeq>
    </word>
    <word seq="3">Paul<GreekSeq>9</GreekSeq>
    </word>
    <word seq="4">and<GreekSeq>10</GreekSeq>
    </word>
    <word seq="5">Barnabas<GreekSeq>12</GreekSeq>
    </word>
    <word seq="6">had<GreekSeq>1</GreekSeq>
    </word>
    <word seq="7">no<GreekSeq>6</GreekSeq>
    </word>
    <word seq="8">small<GreekSeq>7</GreekSeq>
    </word>
    <word seq="9">dissension<GreekSeq>3</GreekSeq>
    </word>
    <word seq="10">and<GreekSeq>4</GreekSeq>
    </word>
    <word note="Base of different Greek: συζητήσεως(4803)" seq="11">disputation<GreekSeq>5</GreekSeq>
    </word>
    <word seq="12">with<GreekSeq>13</GreekSeq>
    </word>
    <word seq="13">them,<GreekSeq>14</GreekSeq>
    </word>
    <word seq="14">they determined<GreekSeq>15</GreekSeq>
    </word>
    <word seq="15">that</word>
    <word seq="16">Paul<GreekSeq>17</GreekSeq>
    </word>
    <word seq="17">and<GreekSeq>18</GreekSeq>
    </word>
    <word seq="18">Barnabas,<GreekSeq>19</GreekSeq>
    </word>
    <word seq="19">and<GreekSeq>20</GreekSeq>
    </word>
    <word seq="20">certain<GreekSeq>21</GreekSeq>
    </word>
    <word seq="21">other<GreekSeq>22</GreekSeq>
    </word>
    <word seq="22">of<GreekSeq>23</GreekSeq>
    </word>
    <word seq="23">them,<GreekSeq>24</GreekSeq>
    </word>
    <word seq="24">should go up<GreekSeq>16</GreekSeq>
    </word>
    <word seq="25">to<GreekSeq>30</GreekSeq>
    </word>
    <word seq="26">Jerusalem<GreekSeq>31</GreekSeq>
    </word>
    <word seq="27">unto<GreekSeq>25</GreekSeq>
    </word>
    <word seq="28">the<GreekSeq>26</GreekSeq>
    </word>
    <word seq="29">apostles<GreekSeq>27</GreekSeq>
    </word>
    <word seq="30">and<GreekSeq>28</GreekSeq>
    </word>
    <word seq="31">elders<GreekSeq>29</GreekSeq>
    </word>
    <word seq="32">about<GreekSeq>32</GreekSeq>
    </word>
    <word seq="33">this<GreekSeq>35</GreekSeq>
    </word>
    <word seq="34">question.<GreekSeq>34</GreekSeq>
    </word>
   </KJV>
  </verse>
  <verse number="3">
   <KJV>
    <word seq="1">And<GreekSeq>3</GreekSeq>
    </word>
    <word seq="2">being brought on their way<GreekSeq>4</GreekSeq>
    </word>
    <word seq="3">by<GreekSeq>5</GreekSeq>
    </word>
    <word seq="4">the<GreekSeq>6</GreekSeq>
    </word>
    <word seq="5">church,<GreekSeq>7</GreekSeq>
    </word>
    <word seq="6">they passed through<GreekSeq>8</GreekSeq>
    </word>
    <word seq="7">Phenice<GreekSeq>11</GreekSeq>
    </word>
    <word seq="8">and<GreekSeq>12</GreekSeq>
    </word>
    <word seq="9">Samaria,<GreekSeq>13</GreekSeq>
    </word>
    <word seq="10">declaring<GreekSeq>14</GreekSeq>
    </word>
    <word seq="11">the<GreekSeq>15</GreekSeq>
    </word>
    <word seq="12">conversion<GreekSeq>16</GreekSeq>
    </word>
    <word seq="13">of the<GreekSeq>17</GreekSeq>
    </word>
    <word seq="14">Gentiles:<GreekSeq>18</GreekSeq>
    </word>
    <word seq="15">and<GreekSeq>19</GreekSeq>
    </word>
    <word seq="16">they caused<GreekSeq>20</GreekSeq>
    </word>
    <word seq="17">great<GreekSeq>22</GreekSeq>
    </word>
    <word seq="18">joy<GreekSeq>21</GreekSeq>
    </word>
    <word seq="19">unto all<GreekSeq>23</GreekSeq>
    </word>
    <word seq="20">the<GreekSeq>24</GreekSeq>
    </word>
    <word seq="21">brethren.<GreekSeq>25</GreekSeq>
    </word>
   </KJV>
  </verse>
  <verse number="4">
   <KJV>
    <word seq="1">And<GreekSeq>2</GreekSeq>
    </word>
    <word seq="2">when they were come<GreekSeq>1</GreekSeq>
    </word>
    <word seq="3">to<GreekSeq>3</GreekSeq>
    </word>
    <word seq="4">Jerusalem,<GreekSeq>4</GreekSeq>
    </word>
    <word note="Base of different Greek: ἀπεδέχθησαν(588)" seq="5">they were received<GreekSeq>5</GreekSeq>
    </word>
    <word note="Base of different Greek: ὑπὸ(5259)" seq="6">of<GreekSeq>6</GreekSeq>
    </word>
    <word seq="7">the<GreekSeq>7</GreekSeq>
    </word>
    <word seq="8">church,<GreekSeq>8</GreekSeq>
    </word>
    <word seq="9">and<GreekSeq>9</GreekSeq>
    </word>
    <word seq="10">of the<GreekSeq>10</GreekSeq>
    </word>
    <word seq="11">apostles<GreekSeq>11</GreekSeq>
    </word>
    <word seq="12">and<GreekSeq>12</GreekSeq>
    </word>
    <word seq="13">elders,<GreekSeq>14</GreekSeq>
    </word>
    <word seq="14">and<GreekSeq>16</GreekSeq>
    </word>
    <word seq="15">they declared<GreekSeq>15</GreekSeq>
    </word>
    <word seq="16">all things that<GreekSeq>17</GreekSeq>
    </word>
    <word seq="17">God<GreekSeq>19</GreekSeq>
    </word>
    <word seq="18">had done<GreekSeq>20</GreekSeq>
    </word>
    <word seq="19">with<GreekSeq>21</GreekSeq>
    </word>
    <word seq="20">them.<GreekSeq>22</GreekSeq>
    </word>
   </KJV>
  </verse>
  <verse number="5">
   <KJV>
    <word seq="1">But<GreekSeq>2</GreekSeq>
    </word>
    <word seq="2">there rose up<GreekSeq>1</GreekSeq>
    </word>
    <word seq="3">certain<GreekSeq>3</GreekSeq>
    </word>
    <word seq="4">of<GreekSeq>5</GreekSeq>
    </word>
    <word seq="5">the<GreekSeq>6</GreekSeq>
    </word>
    <word seq="6">sect<GreekSeq>7</GreekSeq>
    </word>
    <word seq="7">of the<GreekSeq>8</GreekSeq>
    </word>
    <word seq="8">Pharisees<GreekSeq>9</GreekSeq>
    </word>
    <word seq="9">which believed,<GreekSeq>10</GreekSeq>
    </word>
    <word seq="10">saying,<GreekSeq>11</GreekSeq>
    </word>
    <word seq="11">That<GreekSeq>12</GreekSeq>
    </word>
    <word seq="12">it was needful<GreekSeq>13</GreekSeq>
    </word>
    <word seq="13">to circumcise<GreekSeq>14</GreekSeq>
    </word>
    <word seq="14">them,<GreekSeq>15</GreekSeq>
    </word>
    <word seq="15">and<GreekSeq>17</GreekSeq>
    </word>
    <word seq="16">to command<GreekSeq>16</GreekSeq>
    </word>
    <word seq="17">them</word>
    <word seq="18">to keep<GreekSeq>18</GreekSeq>
    </word>
    <word seq="19">the<GreekSeq>19</GreekSeq>
    </word>
    <word seq="20">law<GreekSeq>20</GreekSeq>
    </word>
    <word seq="21">of Moses.<GreekSeq>21</GreekSeq>
    </word>
   </KJV>
  </verse>
  <verse number="6">
   <KJV>
    <word note="Base of different Greek: δὲ(1161)" seq="1">And<GreekSeq>2</GreekSeq>
    </word>
    <word seq="2">the<GreekSeq>3</GreekSeq>
    </word>
    <word seq="3">apostles<GreekSeq>4</GreekSeq>
    </word>
    <word seq="4">and<GreekSeq>5</GreekSeq>
    </word>
    <word seq="5">elders<GreekSeq>7</GreekSeq>
    </word>
    <word seq="6">came together<GreekSeq>1</GreekSeq>
    </word>
    <word seq="7">for<GreekSeq>9</GreekSeq>
    </word>
    <word seq="8">to consider<GreekSeq>8</GreekSeq>
    </word>
    <word seq="9">of this<GreekSeq>12</GreekSeq>
    </word>
    <word seq="10">matter.<GreekSeq>11</GreekSeq>
    </word>
   </KJV>
  </verse>
  <verse number="7">
   <KJV>
    <word seq="1">And<GreekSeq>2</GreekSeq>
    </word>
    <word seq="2">when there had been<GreekSeq>4</GreekSeq>
    </word>
    <word seq="3">much<GreekSeq>1</GreekSeq>
    </word>
    <word note="Base of different Greek: συζητήσεως(4803)" seq="4">disputing,<GreekSeq>3</GreekSeq>
    </word>
    <word seq="5">Peter<GreekSeq>6</GreekSeq>
    </word>
    <word seq="6">rose up,<GreekSeq>5</GreekSeq>
    </word>
    <word seq="7">and</word>
    <word seq="8">said<GreekSeq>7</GreekSeq>
    </word>
    <word seq="9">unto<GreekSeq>8</GreekSeq>
    </word>
    <word seq="10">them,<GreekSeq>9</GreekSeq>
    </word>
    <word seq="11">Men<GreekSeq>10</GreekSeq>
    </word>
    <word seq="12">and</word>
    <word seq="13">brethren,<GreekSeq>11</GreekSeq>
    </word>
    <word seq="14">ye<GreekSeq>12</GreekSeq>
    </word>
    <word seq="15">know<GreekSeq>13</GreekSeq>
    </word>
    <word seq="16">how that<GreekSeq>14</GreekSeq>
    </word>
    <word seq="17">a good while ago<GreekSeq>15</GreekSeq>
     <GreekSeq>16</GreekSeq>
     <GreekSeq>17</GreekSeq>
    </word>
    <word seq="18">God<GreekSeq>22</GreekSeq>
    </word>
    <word seq="19">made choice<GreekSeq>20</GreekSeq>
    </word>
    <word seq="20">among<GreekSeq>18</GreekSeq>
    </word>
    <word note="Base of different Greek: ἡμῖν(2254)" seq="21">us,<GreekSeq>19</GreekSeq>
    </word>
    <word seq="22">that</word>
    <word seq="23">the<GreekSeq>28</GreekSeq>
    </word>
    <word seq="24">Gentiles<GreekSeq>29</GreekSeq>
    </word>
    <word seq="25">by<GreekSeq>23</GreekSeq>
    </word>
    <word seq="26">my<GreekSeq>26</GreekSeq>
    </word>
    <word seq="27">mouth<GreekSeq>25</GreekSeq>
    </word>
    <word seq="28">should hear<GreekSeq>27</GreekSeq>
    </word>
    <word seq="29">the<GreekSeq>30</GreekSeq>
    </word>
    <word seq="30">word<GreekSeq>31</GreekSeq>
    </word>
    <word seq="31">of the<GreekSeq>32</GreekSeq>
    </word>
    <word seq="32">gospel,<GreekSeq>33</GreekSeq>
    </word>
    <word seq="33">and<GreekSeq>34</GreekSeq>
    </word>
    <word seq="34">believe.<GreekSeq>35</GreekSeq>
    </word>
   </KJV>
  </verse>
  <verse number="8">
   <KJV>
    <word seq="1">And<GreekSeq>1</GreekSeq>
    </word>
    <word seq="2">God,<GreekSeq>4</GreekSeq>
    </word>
    <word seq="3">which knoweth the hearts,<GreekSeq>3</GreekSeq>
    </word>
    <word seq="4">bare<GreekSeq>5</GreekSeq>
    </word>
    <word seq="5">them<GreekSeq>6</GreekSeq>
    </word>
    <word seq="6">witness,<GreekSeq>5</GreekSeq>
    </word>
    <word seq="7">giving<GreekSeq>7</GreekSeq>
    </word>
    <word note="Base of different Greek: αὐτοῖς(846)" seq="8">them</word>
    <word seq="9">the<GreekSeq>8</GreekSeq>
    </word>
    <word seq="10">Holy<GreekSeq>11</GreekSeq>
    </word>
    <word seq="11">Ghost,<GreekSeq>9</GreekSeq>
    </word>
    <word seq="12">even<GreekSeq>13</GreekSeq>
    </word>
    <word seq="13">as<GreekSeq>12</GreekSeq>
    </word>
    <word seq="14">he did</word>
    <word seq="15">unto us;<GreekSeq>14</GreekSeq>
    </word>
   </KJV>
  </verse>
  <verse number="9">
   <KJV>
    <word seq="1">And<GreekSeq>1</GreekSeq>
    </word>
    <word seq="2">put<GreekSeq>3</GreekSeq>
    </word>
    <word seq="3">no<GreekSeq>2</GreekSeq>
    </word>
    <word seq="4">difference<GreekSeq>3</GreekSeq>
    </word>
    <word seq="5">between<GreekSeq>4</GreekSeq>
    </word>
    <word seq="6">us<GreekSeq>5</GreekSeq>
    </word>
    <word seq="7">and<GreekSeq>7</GreekSeq>
    </word>
    <word seq="8">them,<GreekSeq>8</GreekSeq>
    </word>
    <word seq="9">purifying<GreekSeq>11</GreekSeq>
    </word>
    <word seq="10">their<GreekSeq>14</GreekSeq>
    </word>
    <word seq="11">hearts<GreekSeq>13</GreekSeq>
    </word>
    <word seq="12">by faith.<GreekSeq>10</GreekSeq>
    </word>
   </KJV>
  </verse>
  <verse number="10">
   <KJV>
    <word seq="1">Now<GreekSeq>1</GreekSeq>
    </word>
    <word seq="2">therefore<GreekSeq>2</GreekSeq>
    </word>
    <word seq="3">why<GreekSeq>3</GreekSeq>
    </word>
    <word seq="4">tempt ye<GreekSeq>4</GreekSeq>
    </word>
    <word seq="5">God,<GreekSeq>6</GreekSeq>
    </word>
    <word seq="6">to put<GreekSeq>7</GreekSeq>
    </word>
    <word seq="7">a yoke<GreekSeq>8</GreekSeq>
    </word>
    <word seq="8">upon<GreekSeq>9</GreekSeq>
    </word>
    <word seq="9">the<GreekSeq>10</GreekSeq>
    </word>
    <word seq="10">neck<GreekSeq>11</GreekSeq>
    </word>
    <word seq="11">of the<GreekSeq>12</GreekSeq>
    </word>
    <word seq="12">disciples,<GreekSeq>13</GreekSeq>
    </word>
    <word seq="13">which<GreekSeq>14</GreekSeq>
    </word>
    <word seq="14">neither<GreekSeq>15</GreekSeq>
    </word>
    <word seq="15">our<GreekSeq>18</GreekSeq>
    </word>
    <word seq="16">fathers<GreekSeq>17</GreekSeq>
    </word>
    <word seq="17">nor<GreekSeq>19</GreekSeq>
    </word>
    <word seq="18">we<GreekSeq>20</GreekSeq>
    </word>
    <word seq="19">were able<GreekSeq>21</GreekSeq>
    </word>
    <word seq="20">to bear?<GreekSeq>22</GreekSeq>
    </word>
   </KJV>
  </verse>
  <verse number="11">
   <KJV>
    <word seq="1">But<GreekSeq>1</GreekSeq>
    </word>
    <word seq="2">we believe<GreekSeq>8</GreekSeq>
    </word>
    <word seq="3">that</word>
    <word seq="4">through<GreekSeq>2</GreekSeq>
    </word>
    <word seq="5">the<GreekSeq>3</GreekSeq>
    </word>
    <word seq="6">grace<GreekSeq>4</GreekSeq>
    </word>
    <word seq="7">of the<GreekSeq>5</GreekSeq>
    </word>
    <word seq="8">Lord<GreekSeq>6</GreekSeq>
    </word>
    <word seq="9">Jesus<GreekSeq>7</GreekSeq>
    </word>
    <word note="Base of different Greek: Χριστοῦ(5547)" seq="10">Christ</word>
    <word seq="11">we</word>
    <word seq="12">shall be saved,<GreekSeq>9</GreekSeq>
    </word>
    <word seq="13">even as<GreekSeq>10</GreekSeq>
     <GreekSeq>11</GreekSeq>
     <GreekSeq>12</GreekSeq>
    </word>
    <word seq="14">they.<GreekSeq>13</GreekSeq>
    </word>
   </KJV>
  </verse>
  <verse number="12">
   <KJV>
    <word seq="1">Then<GreekSeq>2</GreekSeq>
    </word>
    <word seq="2">all<GreekSeq>3</GreekSeq>
    </word>
    <word seq="3">the<GreekSeq>4</GreekSeq>
    </word>
    <word seq="4">multitude<GreekSeq>5</GreekSeq>
    </word>
    <word seq="5">kept silence,<GreekSeq>1</GreekSeq>
    </word>
    <word seq="6">and<GreekSeq>6</GreekSeq>
    </word>
    <word seq="7">gave audience to<GreekSeq>7</GreekSeq>
    </word>
    <word seq="8">Barnabas<GreekSeq>8</GreekSeq>
    </word>
    <word seq="9">and<GreekSeq>9</GreekSeq>
    </word>
    <word seq="10">Paul,<GreekSeq>10</GreekSeq>
    </word>
    <word seq="11">declaring<GreekSeq>11</GreekSeq>
    </word>
    <word seq="12">what<GreekSeq>12</GreekSeq>
    </word>
    <word seq="13">miracles<GreekSeq>16</GreekSeq>
    </word>
    <word seq="14">and<GreekSeq>17</GreekSeq>
    </word>
    <word seq="15">wonders<GreekSeq>18</GreekSeq>
    </word>
    <word seq="16">God<GreekSeq>15</GreekSeq>
    </word>
    <word seq="17">had wrought<GreekSeq>13</GreekSeq>
    </word>
    <word seq="18">among<GreekSeq>19</GreekSeq>
    </word>
    <word seq="19">the<GreekSeq>20</GreekSeq>
    </word>
    <word seq="20">Gentiles<GreekSeq>21</GreekSeq>
    </word>
    <word seq="21">by<GreekSeq>22</GreekSeq>
    </word>
    <word seq="22">them.<GreekSeq>23</GreekSeq>
    </word>
   </KJV>
  </verse>
  <verse number="13">
   <KJV>
    <word seq="1">And<GreekSeq>2</GreekSeq>
    </word>
    <word seq="2">after<GreekSeq>1</GreekSeq>
    </word>
    <word seq="3">they<GreekSeq>5</GreekSeq>
    </word>
    <word seq="4">had held their peace,<GreekSeq>4</GreekSeq>
    </word>
    <word seq="5">James<GreekSeq>7</GreekSeq>
    </word>
    <word seq="6">answered,<GreekSeq>6</GreekSeq>
    </word>
    <word seq="7">saying,<GreekSeq>8</GreekSeq>
    </word>
    <word seq="8">Men<GreekSeq>9</GreekSeq>
    </word>
    <word seq="9">and</word>
    <word seq="10">brethren,<GreekSeq>10</GreekSeq>
    </word>
    <word seq="11">hearken unto<GreekSeq>11</GreekSeq>
    </word>
    <word seq="12">me:<GreekSeq>12</GreekSeq>
    </word>
   </KJV>
  </verse>
  <verse number="14">
   <KJV>
    <word seq="1">Simeon<GreekSeq>1</GreekSeq>
    </word>
    <word seq="2">hath declared<GreekSeq>2</GreekSeq>
    </word>
    <word seq="3">how<GreekSeq>3</GreekSeq>
    </word>
    <word seq="4">God<GreekSeq>6</GreekSeq>
    </word>
    <word seq="5">at the first<GreekSeq>4</GreekSeq>
    </word>
    <word seq="6">did visit<GreekSeq>7</GreekSeq>
    </word>
    <word seq="7">the Gentiles,<GreekSeq>10</GreekSeq>
    </word>
    <word seq="8">to take<GreekSeq>8</GreekSeq>
    </word>
    <word seq="9">out of<GreekSeq>9</GreekSeq>
    </word>
    <word seq="10">them</word>
    <word seq="11">a people<GreekSeq>11</GreekSeq>
    </word>
    <word note="Base of different Greek: ἐπὶ(1909)" seq="12">for</word>
    <word seq="13">his<GreekSeq>14</GreekSeq>
    </word>
    <word seq="14">name.<GreekSeq>13</GreekSeq>
    </word>
   </KJV>
  </verse>
  <verse number="15">
   <KJV>
    <word seq="1">And<GreekSeq>1</GreekSeq>
    </word>
    <word seq="2">to this<GreekSeq>2</GreekSeq>
    </word>
    <word seq="3">agree<GreekSeq>3</GreekSeq>
    </word>
    <word seq="4">the<GreekSeq>4</GreekSeq>
    </word>
    <word seq="5">words<GreekSeq>5</GreekSeq>
    </word>
    <word seq="6">of the<GreekSeq>6</GreekSeq>
    </word>
    <word seq="7">prophets;<GreekSeq>7</GreekSeq>
    </word>
    <word seq="8">as<GreekSeq>8</GreekSeq>
    </word>
    <word seq="9">it is written,<GreekSeq>9</GreekSeq>
    </word>
   </KJV>
  </verse>
  <verse number="16">
   <KJV>
    <word seq="1">After<GreekSeq>1</GreekSeq>
    </word>
    <word seq="2">this<GreekSeq>2</GreekSeq>
    </word>
    <word seq="3">I will return,<GreekSeq>3</GreekSeq>
    </word>
    <word seq="4">and<GreekSeq>4</GreekSeq>
    </word>
    <word seq="5">will build again<GreekSeq>5</GreekSeq>
    </word>
    <word seq="6">the<GreekSeq>6</GreekSeq>
    </word>
    <word seq="7">tabernacle<GreekSeq>7</GreekSeq>
    </word>
    <word seq="8">of David,<GreekSeq>8</GreekSeq>
    </word>
    <word seq="9">which is fallen down;<GreekSeq>10</GreekSeq>
    </word>
    <word seq="10">and<GreekSeq>11</GreekSeq>
    </word>
    <word seq="11">I will build again<GreekSeq>15</GreekSeq>
    </word>
    <word seq="12">the<GreekSeq>12</GreekSeq>
    </word>
    <word seq="13">ruins<GreekSeq>13</GreekSeq>
    </word>
    <word seq="14">thereof,<GreekSeq>14</GreekSeq>
    </word>
    <word seq="15">and<GreekSeq>16</GreekSeq>
    </word>
    <word seq="16">I will set<GreekSeq>17</GreekSeq>
    </word>
    <word seq="17">it<GreekSeq>18</GreekSeq>
    </word>
    <word seq="18">up:<GreekSeq>17</GreekSeq>
    </word>
   </KJV>
  </verse>
  <verse number="17">
   <KJV>
    <word seq="1">That<GreekSeq>1</GreekSeq>
    </word>
    <word seq="2">the<GreekSeq>4</GreekSeq>
    </word>
    <word seq="3">residue<GreekSeq>5</GreekSeq>
    </word>
    <word seq="4">of men<GreekSeq>7</GreekSeq>
    </word>
    <word seq="5">might seek after<GreekSeq>3</GreekSeq>
    </word>
    <word seq="6">the<GreekSeq>8</GreekSeq>
    </word>
    <word seq="7">Lord,<GreekSeq>9</GreekSeq>
    </word>
    <word seq="8">and<GreekSeq>10</GreekSeq>
    </word>
    <word seq="9">all<GreekSeq>11</GreekSeq>
    </word>
    <word seq="10">the<GreekSeq>12</GreekSeq>
    </word>
    <word seq="11">Gentiles,<GreekSeq>13</GreekSeq>
    </word>
    <word seq="12">upon<GreekSeq>14</GreekSeq>
    </word>
    <word seq="13">whom<GreekSeq>15</GreekSeq>
    </word>
    <word seq="14">my<GreekSeq>19</GreekSeq>
    </word>
    <word seq="15">name<GreekSeq>18</GreekSeq>
    </word>
    <word seq="16">is called,<GreekSeq>16</GreekSeq>
    </word>
    <word seq="17">saith<GreekSeq>22</GreekSeq>
    </word>
    <word seq="18">the Lord,<GreekSeq>23</GreekSeq>
    </word>
    <word seq="19">who doeth<GreekSeq>24</GreekSeq>
    </word>
    <word note="Base of different Greek: παν́τα(3956)" seq="20">all</word>
    <word seq="21">these things.<GreekSeq>25</GreekSeq>
    </word>
   </KJV>
  </verse>
  <verse number="18">
   <KJV>
    <word seq="1">Known<GreekSeq>1</GreekSeq>
    </word>
    <word note="Base of different Greek: τῷ(3588) &amp;  Θεῷ(2316)" seq="2">unto God</word>
    <word note="Base of different Greek: ἐστι(2076)" seq="3">are</word>
    <word note="Base of different Greek: πάντα(3956)" seq="4">all</word>
    <word note="Base of different Greek: αὑτοῦ(846)" seq="5">his</word>
    <word note="Base of different Greek: τὰ(3588) &amp;  ἔργα(2041)" seq="6">works</word>
    <word seq="7">from<GreekSeq>2</GreekSeq>
    </word>
    <word seq="8">the beginning of the world.<GreekSeq>3</GreekSeq>
    </word>
   </KJV>
  </verse>
  <verse number="19">
   <KJV>
    <word seq="1">Wherefore<GreekSeq>1</GreekSeq>
    </word>
    <word seq="2">my sentence is,<GreekSeq>2</GreekSeq>
     <GreekSeq>3</GreekSeq>
    </word>
    <word seq="3">that we</word>
    <word seq="4">trouble<GreekSeq>5</GreekSeq>
    </word>
    <word seq="5">not<GreekSeq>4</GreekSeq>
    </word>
    <word seq="6">them, <GreekSeq>6</GreekSeq>
    </word>
    <word seq="7">which<GreekSeq>10</GreekSeq>
    </word>
    <word seq="8">from<GreekSeq>7</GreekSeq>
    </word>
    <word seq="9">among<GreekSeq/>
    </word>
    <word seq="10">the<GreekSeq>8</GreekSeq>
    </word>
    <word seq="11">Gentiles<GreekSeq>9</GreekSeq>
    </word>
    <word seq="12">are turned<GreekSeq>10</GreekSeq>
    </word>
    <word seq="13">to<GreekSeq>11</GreekSeq>
    </word>
    <word seq="14">God:<GreekSeq>13</GreekSeq>
    </word>
   </KJV>
  </verse>
  <verse number="20">
   <KJV>
    <word seq="1">But<GreekSeq>1</GreekSeq>
    </word>
    <word seq="2">that we</word>
    <word seq="3">write<GreekSeq>2</GreekSeq>
    </word>
    <word seq="4">unto them,<GreekSeq>3</GreekSeq>
    </word>
    <word seq="5">that they</word>
    <word seq="6">abstain<GreekSeq>5</GreekSeq>
    </word>
    <word note="Base of different Greek: ἀπὸ(575)" seq="7">from</word>
    <word seq="8">pollutions<GreekSeq>7</GreekSeq>
    </word>
    <word seq="9">of idols,<GreekSeq>9</GreekSeq>
    </word>
    <word seq="10">and<GreekSeq>10</GreekSeq>
    </word>
    <word seq="11">from</word>
    <word seq="12">fornication,<GreekSeq>12</GreekSeq>
    </word>
    <word seq="13">and<GreekSeq>13</GreekSeq>
    </word>
    <word seq="14">from</word>
    <word seq="15">things<GreekSeq>14</GreekSeq>
    </word>
    <word seq="16">strangled,<GreekSeq>15</GreekSeq>
    </word>
    <word seq="17">and<GreekSeq>16</GreekSeq>
    </word>
    <word seq="18">from</word>
    <word seq="19">blood.<GreekSeq>18</GreekSeq>
    </word>
   </KJV>
  </verse>
  <verse number="21">
   <KJV>
    <word seq="1">For<GreekSeq>2</GreekSeq>
    </word>
    <word seq="2">Moses<GreekSeq>1</GreekSeq>
    </word>
    <word seq="3">of<GreekSeq>3</GreekSeq>
    </word>
    <word seq="4">old<GreekSeq>5</GreekSeq>
    </word>
    <word seq="5">time<GreekSeq>4</GreekSeq>
    </word>
    <word seq="6">hath<GreekSeq>11</GreekSeq>
    </word>
    <word seq="7">in every<GreekSeq>6</GreekSeq>
    </word>
    <word seq="8">city<GreekSeq>7</GreekSeq>
    </word>
    <word seq="9">them<GreekSeq>8</GreekSeq>
    </word>
    <word seq="10">that preach<GreekSeq>9</GreekSeq>
    </word>
    <word seq="11">him,<GreekSeq>10</GreekSeq>
    </word>
    <word seq="12">being read<GreekSeq>18</GreekSeq>
    </word>
    <word seq="13">in<GreekSeq>12</GreekSeq>
    </word>
    <word seq="14">the<GreekSeq>13</GreekSeq>
    </word>
    <word seq="15">synagogues<GreekSeq>14</GreekSeq>
    </word>
    <word seq="16">every<GreekSeq>16</GreekSeq>
    </word>
    <word seq="17">sabbath day.<GreekSeq>17</GreekSeq>
    </word>
   </KJV>
  </verse>
  <verse number="22">
   <KJV>
    <word seq="1">Then<GreekSeq>1</GreekSeq>
    </word>
    <word seq="2">pleased it<GreekSeq>2</GreekSeq>
    </word>
    <word seq="3">the<GreekSeq>3</GreekSeq>
    </word>
    <word seq="4">apostles<GreekSeq>4</GreekSeq>
    </word>
    <word seq="5">and<GreekSeq>5</GreekSeq>
    </word>
    <word seq="6">elders,<GreekSeq>7</GreekSeq>
    </word>
    <word seq="7">with<GreekSeq>8</GreekSeq>
    </word>
    <word seq="8">the<GreekSeq>10</GreekSeq>
    </word>
    <word seq="9">whole<GreekSeq>9</GreekSeq>
    </word>
    <word seq="10">church,<GreekSeq>11</GreekSeq>
    </word>
    <word seq="11">to send<GreekSeq>16</GreekSeq>
    </word>
    <word seq="12">chosen<GreekSeq>12</GreekSeq>
    </word>
    <word seq="13">men<GreekSeq>13</GreekSeq>
    </word>
    <word seq="14">of<GreekSeq>14</GreekSeq>
    </word>
    <word seq="15">their own<GreekSeq>15</GreekSeq>
    </word>
    <word seq="16">company</word>
    <word seq="17">to<GreekSeq>17</GreekSeq>
    </word>
    <word seq="18">Antioch<GreekSeq>18</GreekSeq>
    </word>
    <word seq="19">with<GreekSeq>19</GreekSeq>
    </word>
    <word seq="20">Paul<GreekSeq>21</GreekSeq>
    </word>
    <word seq="21">and<GreekSeq>22</GreekSeq>
    </word>
    <word seq="22">Barnabas;<GreekSeq>23</GreekSeq>
    </word>
    <word seq="23">namely,</word>
    <word seq="24">Judas<GreekSeq>24</GreekSeq>
    </word>
    <word note="Base of different Greek:  ἐπικαλούμενον(1941)" seq="25">surnamed<GreekSeq>26</GreekSeq>
    </word>
    <word seq="26">Barsabas,<GreekSeq>27</GreekSeq>
    </word>
    <word seq="27">and<GreekSeq>28</GreekSeq>
    </word>
    <word seq="28">Silas,<GreekSeq>29</GreekSeq>
    </word>
    <word seq="29">chief<GreekSeq>31</GreekSeq>
    </word>
    <word seq="30">men<GreekSeq>30</GreekSeq>
    </word>
    <word seq="31">among<GreekSeq>32</GreekSeq>
    </word>
    <word seq="32">the<GreekSeq>33</GreekSeq>
    </word>
    <word seq="33">brethren:<GreekSeq>34</GreekSeq>
    </word>
   </KJV>
  </verse>
  <verse number="23">
   <KJV>
    <word seq="1">And</word>
    <word seq="2">they wrote<GreekSeq>1</GreekSeq>
    </word>
    <word seq="3">letters</word>
    <word seq="4">by<GreekSeq>2</GreekSeq>
    </word>
    <word seq="5">them<GreekSeq>4</GreekSeq>
    </word>
    <word note="Base of different Greek: τάδε(3592)" seq="6">after this manner;</word>
    <word seq="7">The<GreekSeq>5</GreekSeq>
    </word>
    <word seq="8">apostles<GreekSeq>6</GreekSeq>
    </word>
    <word seq="9">and<GreekSeq>7</GreekSeq>
    </word>
    <word seq="10">elders<GreekSeq>9</GreekSeq>
    </word>
    <word note="Base of different Greek: καὶ(2532)" seq="11">and</word>
    <word seq="12">brethren<GreekSeq>10</GreekSeq>
    </word>
    <word seq="13">send greeting<GreekSeq>23</GreekSeq>
    </word>
    <word seq="14">unto the<GreekSeq>11</GreekSeq>
    </word>
    <word seq="15">brethren<GreekSeq>19</GreekSeq>
    </word>
    <word seq="16">which<GreekSeq>20</GreekSeq>
    </word>
    <word seq="17">are</word>
    <word seq="18">of<GreekSeq>21</GreekSeq>
    </word>
    <word seq="19">the Gentiles<GreekSeq>22</GreekSeq>
    </word>
    <word seq="20">in<GreekSeq>12</GreekSeq>
    </word>
    <word seq="21">Antioch<GreekSeq>14</GreekSeq>
    </word>
    <word seq="22">and<GreekSeq>15</GreekSeq>
    </word>
    <word seq="23">Syria<GreekSeq>16</GreekSeq>
    </word>
    <word note="Base of different Greek: καὶ(2532)" seq="24">and<GreekSeq>17</GreekSeq>
    </word>
    <word seq="25">Cilicia:<GreekSeq>18</GreekSeq>
    </word>
   </KJV>
  </verse>
  <verse number="24">
   <KJV>
    <word seq="1">Forasmuch as<GreekSeq>1</GreekSeq>
    </word>
    <word seq="2">we have heard,<GreekSeq>2</GreekSeq>
    </word>
    <word seq="3">that<GreekSeq>3</GreekSeq>
    </word>
    <word seq="4">certain<GreekSeq>4</GreekSeq>
    </word>
    <word seq="5">which went out<GreekSeq>7</GreekSeq>
    </word>
    <word seq="6">from<GreekSeq>5</GreekSeq>
    </word>
    <word seq="7">us<GreekSeq>6</GreekSeq>
    </word>
    <word seq="8">have troubled<GreekSeq>8</GreekSeq>
    </word>
    <word seq="9">you<GreekSeq>9</GreekSeq>
    </word>
    <word seq="10">with words,<GreekSeq>10</GreekSeq>
    </word>
    <word seq="11">subverting<GreekSeq>11</GreekSeq>
    </word>
    <word seq="12">your<GreekSeq>14</GreekSeq>
    </word>
    <word seq="13">souls,<GreekSeq>13</GreekSeq>
    </word>
    <word note="Base of different Greek: λέγοντες(3004)" seq="14">saying,</word>
    <word seq="15">Ye</word>
    <word seq="16">must</word>
    <word note="Base of different Greek: περιτέμνεσθαι(4059)" seq="17">be circumcised,</word>
    <word note="Base of different Greek: καὶ(2532)" seq="18">and</word>
    <word note="Base of different Greek: τηρεῖν(5083)" seq="19">keep</word>
    <word note="Base of different Greek: τὸν(3588)" seq="20">the</word>
    <word note="Base of different Greek: νόμον(3551)" seq="21">law:</word>
    <word seq="22">to whom<GreekSeq>15</GreekSeq>
    </word>
    <word seq="23">we gave<GreekSeq>17</GreekSeq>
    </word>
    <word seq="24">no<GreekSeq>16</GreekSeq>
    </word>
    <word seq="25">such</word>
    <word seq="26">commandment:<GreekSeq>17</GreekSeq>
    </word>
   </KJV>
  </verse>
  <verse number="25">
   <KJV>
    <word seq="1">It seemed good<GreekSeq>1</GreekSeq>
    </word>
    <word seq="2">unto us,<GreekSeq>2</GreekSeq>
    </word>
    <word seq="3">being assembled<GreekSeq>3</GreekSeq>
    </word>
    <word seq="4">with one accord,<GreekSeq>4</GreekSeq>
    </word>
    <word seq="5">to send<GreekSeq>7</GreekSeq>
    </word>
    <word seq="6">chosen<GreekSeq>5</GreekSeq>
    </word>
    <word seq="7">men<GreekSeq>6</GreekSeq>
    </word>
    <word seq="8">unto<GreekSeq>8</GreekSeq>
    </word>
    <word seq="9">you<GreekSeq>9</GreekSeq>
    </word>
    <word seq="10">with<GreekSeq>10</GreekSeq>
    </word>
    <word seq="11">our<GreekSeq>13</GreekSeq>
    </word>
    <word seq="12">beloved<GreekSeq>12</GreekSeq>
    </word>
    <word seq="13">Barnabas<GreekSeq>14</GreekSeq>
    </word>
    <word seq="14">and<GreekSeq>15</GreekSeq>
    </word>
    <word seq="15">Paul,<GreekSeq>16</GreekSeq>
    </word>
   </KJV>
  </verse>
  <verse number="26">
   <KJV>
    <word seq="1">Men<GreekSeq>1</GreekSeq>
    </word>
    <word seq="2">that have hazarded<GreekSeq>2</GreekSeq>
    </word>
    <word seq="3">their<GreekSeq>5</GreekSeq>
    </word>
    <word seq="4">lives<GreekSeq>4</GreekSeq>
    </word>
    <word seq="5">for<GreekSeq>6</GreekSeq>
    </word>
    <word seq="6">the<GreekSeq>7</GreekSeq>
    </word>
    <word seq="7">name<GreekSeq>8</GreekSeq>
    </word>
    <word seq="8">of<GreekSeq>10</GreekSeq>
    </word>
    <word seq="9">our<GreekSeq>11</GreekSeq>
    </word>
    <word seq="10">Lord<GreekSeq>10</GreekSeq>
    </word>
    <word seq="11">Jesus<GreekSeq>12</GreekSeq>
    </word>
    <word seq="12">Christ.<GreekSeq>13</GreekSeq>
    </word>
   </KJV>
  </verse>
  <verse number="27">
   <KJV>
    <word seq="1">We have sent<GreekSeq>1</GreekSeq>
    </word>
    <word seq="2">therefore<GreekSeq>2</GreekSeq>
    </word>
    <word seq="3">Judas<GreekSeq>3</GreekSeq>
    </word>
    <word seq="4">and<GreekSeq>4</GreekSeq>
    </word>
    <word seq="5">Silas,<GreekSeq>5</GreekSeq>
    </word>
    <word seq="6">who shall<GreekSeq>10</GreekSeq>
    </word>
    <word seq="7">also<GreekSeq>6</GreekSeq>
    </word>
    <word seq="8">tell<GreekSeq>10</GreekSeq>
    </word>
    <word seq="9">you</word>
    <word seq="10">the<GreekSeq>11</GreekSeq>
    </word>
    <word seq="11">same things <GreekSeq>12</GreekSeq>
    </word>
    <word seq="12">by<GreekSeq>8</GreekSeq>
    </word>
    <word seq="13">[mouth].<GreekSeq>9</GreekSeq>
    </word>
   </KJV>
  </verse>
  <verse number="28">
   <KJV>
    <word seq="1">For<GreekSeq>2</GreekSeq>
    </word>
    <word seq="2">it seemed good<GreekSeq>1</GreekSeq>
    </word>
    <word seq="3">to the<GreekSeq>3</GreekSeq>
    </word>
    <word seq="4">Holy<GreekSeq>6</GreekSeq>
    </word>
    <word seq="5">Ghost,<GreekSeq>4</GreekSeq>
    </word>
    <word seq="6">and<GreekSeq>7</GreekSeq>
    </word>
    <word seq="7">to us,<GreekSeq>8</GreekSeq>
    </word>
    <word seq="8">to lay upon<GreekSeq>11</GreekSeq>
    </word>
    <word seq="9">you<GreekSeq>12</GreekSeq>
    </word>
    <word seq="10">no<GreekSeq>9</GreekSeq>
    </word>
    <word seq="11">greater<GreekSeq>10</GreekSeq>
    </word>
    <word seq="12">burden<GreekSeq>13</GreekSeq>
    </word>
    <word seq="13">than<GreekSeq>14</GreekSeq>
    </word>
    <word seq="14">these<GreekSeq>15</GreekSeq>
    </word>
    <word seq="15">necessary<GreekSeq>17</GreekSeq>
    </word>
    <word seq="16">things;<GreekSeq>16</GreekSeq>
    </word>
   </KJV>
  </verse>
  <verse number="29">
   <KJV>
    <word seq="1">[That ye] abstain from<GreekSeq>1</GreekSeq>
    </word>
    <word seq="2">meats offered to idols,<GreekSeq>2</GreekSeq>
    </word>
    <word seq="3">and<GreekSeq>3</GreekSeq>
    </word>
    <word seq="4">from</word>
    <word seq="5">blood,<GreekSeq>4</GreekSeq>
    </word>
    <word seq="6">and<GreekSeq>5</GreekSeq>
    </word>
    <word seq="7">from things </word>
    <word seq="8">strangled,<GreekSeq>6</GreekSeq>
    </word>
    <word seq="9">and<GreekSeq>7</GreekSeq>
    </word>
    <word seq="10">from</word>
    <word seq="11">fornication:<GreekSeq>8</GreekSeq>
    </word>
    <word seq="12">from<GreekSeq>9</GreekSeq>
    </word>
    <word seq="13">which<GreekSeq>10</GreekSeq>
    </word>
    <word seq="14">if ye keep<GreekSeq>11</GreekSeq>
    </word>
    <word seq="15">yourselves,<GreekSeq>12</GreekSeq>
    </word>
    <word seq="16">ye shall do<GreekSeq>14</GreekSeq>
    </word>
    <word seq="17">well.<GreekSeq>13</GreekSeq>
    </word>
    <word seq="18">Fare ye well.<GreekSeq>15</GreekSeq>
    </word>
   </KJV>
  </verse>
  <verse number="30">
   <KJV>
    <word seq="1">So<GreekSeq>3</GreekSeq>
    </word>
    <word seq="2">when</word>
    <word seq="3">they<GreekSeq>1</GreekSeq>
    </word>
    <word seq="4">were dismissed,<GreekSeq>4</GreekSeq>
    </word>
    <word note="Base of different Greek: ἦλθον(2064)" seq="5">they came<GreekSeq>5</GreekSeq>
    </word>
    <word seq="6">to<GreekSeq>6</GreekSeq>
    </word>
    <word seq="7">Antioch:<GreekSeq>7</GreekSeq>
    </word>
    <word seq="8">and<GreekSeq>8</GreekSeq>
    </word>
    <word seq="9">when they had gathered<GreekSeq>9</GreekSeq>
    </word>
    <word seq="10">the<GreekSeq>10</GreekSeq>
    </word>
    <word seq="11">multitude<GreekSeq>11</GreekSeq>
    </word>
    <word seq="12">together,<GreekSeq>9</GreekSeq>
    </word>
    <word seq="13">they delivered<GreekSeq>12</GreekSeq>
    </word>
    <word seq="14">the<GreekSeq>13</GreekSeq>
    </word>
    <word seq="15">epistle:<GreekSeq>14</GreekSeq>
    </word>
   </KJV>
  </verse>
  <verse number="31">
   <KJV>
    <word seq="1">Which</word>
    <word seq="2">when they had read,<GreekSeq>1</GreekSeq>
    </word>
    <word seq="3">they rejoiced<GreekSeq>3</GreekSeq>
    </word>
    <word seq="4">for<GreekSeq>4</GreekSeq>
    </word>
    <word seq="5">the<GreekSeq>5</GreekSeq>
    </word>
    <word seq="6">consolation.<GreekSeq>6</GreekSeq>
    </word>
   </KJV>
  </verse>
  <verse number="32">
   <KJV>
    <word note="Base of different Greek: δὲ(1161)" seq="1">And</word>
    <word seq="2">Judas<GreekSeq>1</GreekSeq>
    </word>
    <word seq="3">and<GreekSeq>3</GreekSeq>
    </word>
    <word seq="4">Silas,<GreekSeq>4</GreekSeq>
    </word>
    <word seq="5">being<GreekSeq>8</GreekSeq>
    </word>
    <word seq="6">prophets<GreekSeq>7</GreekSeq>
    </word>
    <word seq="7">also<GreekSeq>5</GreekSeq>
    </word>
    <word seq="8">themselves,<GreekSeq>6</GreekSeq>
    </word>
    <word seq="9">exhorted<GreekSeq>12</GreekSeq>
    </word>
    <word seq="10">the<GreekSeq>13</GreekSeq>
    </word>
    <word seq="11">brethren<GreekSeq>14</GreekSeq>
    </word>
    <word seq="12">with<GreekSeq>9</GreekSeq>
    </word>
    <word seq="13">many<GreekSeq>11</GreekSeq>
    </word>
    <word seq="14">words,<GreekSeq>10</GreekSeq>
    </word>
    <word seq="15">and<GreekSeq>15</GreekSeq>
    </word>
    <word seq="16">confirmed<GreekSeq>16</GreekSeq>
    </word>
    <word seq="17">them.</word>
   </KJV>
  </verse>
  <verse number="33">
   <KJV>
    <word seq="1">And<GreekSeq>2</GreekSeq>
    </word>
    <word seq="2">after</word>
    <word seq="3">they had tarried there a space,<GreekSeq>1</GreekSeq>
     <GreekSeq>3</GreekSeq>
    </word>
    <word seq="4">they were let go<GreekSeq>4</GreekSeq>
    </word>
    <word seq="5">in<GreekSeq>5</GreekSeq>
    </word>
    <word seq="6">peace<GreekSeq>6</GreekSeq>
    </word>
    <word seq="7">from<GreekSeq>7</GreekSeq>
    </word>
    <word seq="8">the<GreekSeq>8</GreekSeq>
    </word>
    <word seq="9">brethren<GreekSeq>9</GreekSeq>
    </word>
    <word seq="10">unto<GreekSeq>10</GreekSeq>
    </word>
    <word seq="11">the<GreekSeq>11</GreekSeq>
    </word>
    <word note="Base of different Greek: ἀποστόλους(652)" seq="12">apostles.<GreekSeq>12</GreekSeq>
    </word>
   </KJV>
  </verse>
  <verse number="34">
   <KJV>
    <word note="Base of different Greek: δὲ(1161)" seq="1">Notwithstanding<GreekSeq>1</GreekSeq>
    </word>
    <word note="Base of different Greek: ἔδοξε(1380)" seq="2">it pleased</word>
    <word note="Base of different Greek: τῷ(3588) &amp;  Σίλᾳ(4609)" seq="3">Silas</word>
    <word note="Base of different Greek: ἐπιμεῖναι(1961)" seq="4">to abide</word>
    <word note="Base of different Greek: αὐτοῦ(847)" seq="5">there still.</word>
   </KJV>
  </verse>
  <verse number="35">
   <KJV>
    <word seq="1">Paul<GreekSeq>1</GreekSeq>
    </word>
    <word seq="2">also<GreekSeq>3</GreekSeq>
    </word>
    <word seq="3">and<GreekSeq>2</GreekSeq>
    </word>
    <word seq="4">Barnabas<GreekSeq>4</GreekSeq>
    </word>
    <word seq="5">continued<GreekSeq>5</GreekSeq>
    </word>
    <word seq="6">in<GreekSeq>6</GreekSeq>
    </word>
    <word seq="7">Antioch,<GreekSeq>7</GreekSeq>
    </word>
    <word seq="8">teaching<GreekSeq>8</GreekSeq>
    </word>
    <word seq="9">and<GreekSeq>9</GreekSeq>
    </word>
    <word seq="10">preaching<GreekSeq>10</GreekSeq>
    </word>
    <word seq="11">the<GreekSeq>15</GreekSeq>
    </word>
    <word seq="12">word<GreekSeq>16</GreekSeq>
    </word>
    <word seq="13">of the<GreekSeq>17</GreekSeq>
    </word>
    <word seq="14">Lord,<GreekSeq>18</GreekSeq>
    </word>
    <word seq="15">with<GreekSeq>11</GreekSeq>
    </word>
    <word seq="16">many<GreekSeq>14</GreekSeq>
    </word>
    <word seq="17">others<GreekSeq>13</GreekSeq>
    </word>
    <word seq="18">also.<GreekSeq>12</GreekSeq>
    </word>
   </KJV>
  </verse>
  <verse number="36">
   <KJV>
    <word seq="1">And<GreekSeq>2</GreekSeq>
    </word>
    <word seq="2">some<GreekSeq>3</GreekSeq>
    </word>
    <word seq="3">days<GreekSeq>4</GreekSeq>
    </word>
    <word seq="4">after<GreekSeq>1</GreekSeq>
    </word>
    <word seq="5">Paul<GreekSeq>8</GreekSeq>
    </word>
    <word seq="6">said<GreekSeq>5</GreekSeq>
    </word>
    <word seq="7">unto<GreekSeq>6</GreekSeq>
    </word>
    <word seq="8">Barnabas,<GreekSeq>7</GreekSeq>
    </word>
    <word seq="9">Let us<GreekSeq>11</GreekSeq>
    </word>
    <word seq="10">go<GreekSeq>9</GreekSeq>
    </word>
    <word seq="11">again<GreekSeq>10</GreekSeq>
    </word>
    <word seq="12">and</word>
    <word seq="13">visit<GreekSeq>11</GreekSeq>
    </word>
    <word note="Base of different Greek: ἡμῶν(2257)" seq="14">our<GreekSeq>12</GreekSeq>
    </word>
    <word seq="15">brethren<GreekSeq>13</GreekSeq>
    </word>
    <word seq="16">in<GreekSeq>14</GreekSeq>
    </word>
    <word seq="17">every<GreekSeq>16</GreekSeq>
    </word>
    <word seq="18">city<GreekSeq>15</GreekSeq>
    </word>
    <word seq="19">where<GreekSeq>17</GreekSeq>
     <GreekSeq>18</GreekSeq>
    </word>
    <word seq="20">we have preached<GreekSeq>19</GreekSeq>
    </word>
    <word seq="21">the<GreekSeq>20</GreekSeq>
    </word>
    <word seq="22">word<GreekSeq>21</GreekSeq>
    </word>
    <word seq="23">of the<GreekSeq>22</GreekSeq>
    </word>
    <word seq="24">Lord,<GreekSeq>23</GreekSeq>
    </word>
    <word seq="25">and see</word>
    <word seq="26">how<GreekSeq>24</GreekSeq>
    </word>
    <word seq="27">they do.<GreekSeq>25</GreekSeq>
    </word>
   </KJV>
  </verse>
  <verse number="37">
   <KJV>
    <word seq="1">And<GreekSeq>2</GreekSeq>
    </word>
    <word seq="2">Barnabas<GreekSeq>1</GreekSeq>
    </word>
    <word note="Base of different Greek: ἐβουλεύσατο(1011)" seq="3">determined<GreekSeq>3</GreekSeq>
    </word>
    <word seq="4">to take with<GreekSeq>4</GreekSeq>
    </word>
    <word seq="5">them</word>
    <word seq="6">John,<GreekSeq>7</GreekSeq>
    </word>
    <word seq="7">whose surname was <GreekSeq>9</GreekSeq>
    </word>
    <word seq="8">Mark.<GreekSeq>10</GreekSeq>
    </word>
   </KJV>
  </verse>
  <verse number="38">
   <KJV>
    <word seq="1">But<GreekSeq>2</GreekSeq>
    </word>
    <word seq="2">Paul<GreekSeq>1</GreekSeq>
    </word>
    <word seq="3">thought<GreekSeq>3</GreekSeq>
    </word>
    <word seq="4">not<GreekSeq>17</GreekSeq>
    </word>
    <word seq="5">good<GreekSeq>3</GreekSeq>
    </word>
    <word seq="6">to take<GreekSeq>18</GreekSeq>
    </word>
    <word seq="7">him<GreekSeq>19</GreekSeq>
    </word>
    <word seq="8">with<GreekSeq>18</GreekSeq>
    </word>
    <word seq="9">them,</word>
    <word seq="10">who departed<GreekSeq>5</GreekSeq>
    </word>
    <word seq="11">from<GreekSeq>6</GreekSeq>
    </word>
    <word seq="12">them<GreekSeq>7</GreekSeq>
    </word>
    <word seq="13">from<GreekSeq>8</GreekSeq>
    </word>
    <word seq="14">Pamphylia,<GreekSeq>9</GreekSeq>
    </word>
    <word seq="15">and<GreekSeq>10</GreekSeq>
    </word>
    <word seq="16">went<GreekSeq>12</GreekSeq>
    </word>
    <word seq="17">not<GreekSeq>11</GreekSeq>
    </word>
    <word seq="18">with<GreekSeq>12</GreekSeq>
    </word>
    <word seq="19">them<GreekSeq>13</GreekSeq>
    </word>
    <word seq="20">to<GreekSeq>14</GreekSeq>
    </word>
    <word seq="21">the<GreekSeq>15</GreekSeq>
    </word>
    <word seq="22">work.<GreekSeq>16</GreekSeq>
    </word>
   </KJV>
  </verse>
  <verse number="39">
   <KJV>
    <word note="Base of different Greek: οὖν(3767)" seq="1">And<GreekSeq>2</GreekSeq>
    </word>
    <word seq="2">the contention<GreekSeq>3</GreekSeq>
    </word>
    <word seq="3">was<GreekSeq>1</GreekSeq>
    </word>
    <word seq="4">so [sharp between them,] that<GreekSeq>4</GreekSeq>
    </word>
    <word seq="5">they<GreekSeq>6</GreekSeq>
    </word>
    <word seq="6">departed asunder<GreekSeq>5</GreekSeq>
    </word>
    <word seq="7">one<GreekSeq>8</GreekSeq>
    </word>
    <word seq="8">from<GreekSeq>7</GreekSeq>
    </word>
    <word seq="9">the other:<GreekSeq>8</GreekSeq>
    </word>
    <word seq="10">and<GreekSeq>10</GreekSeq>
    </word>
    <word seq="11">so</word>
    <word seq="12">Barnabas<GreekSeq>11</GreekSeq>
    </word>
    <word seq="13">took<GreekSeq>12</GreekSeq>
    </word>
    <word seq="14">Mark,<GreekSeq>14</GreekSeq>
    </word>
    <word seq="15">and</word>
    <word seq="16">sailed<GreekSeq>15</GreekSeq>
    </word>
    <word seq="17">unto<GreekSeq>16</GreekSeq>
    </word>
    <word seq="18">Cyprus;<GreekSeq>17</GreekSeq>
    </word>
   </KJV>
  </verse>
  <verse number="40">
   <KJV>
    <word seq="1">And<GreekSeq>2</GreekSeq>
    </word>
    <word seq="2">Paul<GreekSeq>1</GreekSeq>
    </word>
    <word seq="3">chose<GreekSeq>3</GreekSeq>
    </word>
    <word seq="4">Silas,<GreekSeq>4</GreekSeq>
    </word>
    <word seq="5">and</word>
    <word seq="6">departed,<GreekSeq>5</GreekSeq>
    </word>
    <word seq="7">being recommended<GreekSeq>6</GreekSeq>
    </word>
    <word seq="8">by<GreekSeq>11</GreekSeq>
    </word>
    <word seq="9">the<GreekSeq>12</GreekSeq>
    </word>
    <word seq="10">brethren<GreekSeq>13</GreekSeq>
    </word>
    <word seq="11">unto the<GreekSeq>7</GreekSeq>
    </word>
    <word seq="12">grace<GreekSeq>8</GreekSeq>
    </word>
    <word note="Base of different Greek:  Θεοῦ(2316)" seq="13">of God.<GreekSeq>10</GreekSeq>
    </word>
   </KJV>
  </verse>
  <verse number="41">
   <KJV>
    <word seq="1">And<GreekSeq>2</GreekSeq>
    </word>
    <word seq="2">he went through<GreekSeq>1</GreekSeq>
    </word>
    <word seq="3">Syria<GreekSeq>4</GreekSeq>
    </word>
    <word seq="4">and<GreekSeq>5</GreekSeq>
    </word>
    <word seq="5">Cilicia,<GreekSeq>7</GreekSeq>
    </word>
    <word seq="6">confirming<GreekSeq>8</GreekSeq>
    </word>
    <word seq="7">the<GreekSeq>9</GreekSeq>
    </word>
    <word seq="8">churches.<GreekSeq>10</GreekSeq>
    </word>
   </KJV>
  </verse>
 </chapter>
</book>
