<?xml version="1.0" encoding="UTF-8" standalone="no"?>
<book>
 <chapter book="null" number="8">
  <verse number="1">
   <KJV>
    <word seq="1">And<GreekSeq>2</GreekSeq>
    </word>
    <word seq="2">Saul<GreekSeq>1</GreekSeq>
    </word>
    <word seq="3">was<GreekSeq>3</GreekSeq>
    </word>
    <word seq="4">consenting<GreekSeq>4</GreekSeq>
    </word>
    <word seq="5">unto<GreekSeq/>
    </word>
    <word seq="6">his<GreekSeq>7</GreekSeq>
    </word>
    <word seq="7">death.<GreekSeq>6</GreekSeq>
    </word>
    <word seq="8">And<GreekSeq>9</GreekSeq>
    </word>
    <word seq="9">at<GreekSeq>10</GreekSeq>
    </word>
    <word seq="10">that<GreekSeq>11</GreekSeq>
    </word>
    <word seq="11">time<GreekSeq>13</GreekSeq>
    </word>
    <word seq="12">there was<GreekSeq>8</GreekSeq>
    </word>
    <word seq="13">a great<GreekSeq>15</GreekSeq>
    </word>
    <word seq="14">persecution<GreekSeq>14</GreekSeq>
    </word>
    <word seq="15">against<GreekSeq>16</GreekSeq>
    </word>
    <word seq="16">the<GreekSeq>17</GreekSeq>
    </word>
    <word seq="17">church<GreekSeq>18</GreekSeq>
    </word>
    <word seq="18">which<GreekSeq>19</GreekSeq>
    </word>
    <word seq="19">was</word>
    <word seq="20">at<GreekSeq>20</GreekSeq>
    </word>
    <word seq="21">Jerusalem;<GreekSeq>21</GreekSeq>
    </word>
    <word note="Base of different Greek: τε(5037)" seq="22">and<GreekSeq>23</GreekSeq>
    </word>
    <word seq="23">they were<GreekSeq>24</GreekSeq>
    </word>
    <word seq="24">all<GreekSeq>22</GreekSeq>
    </word>
    <word seq="25">scattered abroad<GreekSeq>24</GreekSeq>
    </word>
    <word seq="26">throughout<GreekSeq>25</GreekSeq>
    </word>
    <word seq="27">the<GreekSeq>26</GreekSeq>
    </word>
    <word seq="28">regions<GreekSeq>27</GreekSeq>
    </word>
    <word seq="29">of Judaea<GreekSeq>29</GreekSeq>
    </word>
    <word seq="30">and<GreekSeq>30</GreekSeq>
    </word>
    <word seq="31">Samaria,<GreekSeq>31</GreekSeq>
    </word>
    <word seq="32">except<GreekSeq>32</GreekSeq>
    </word>
    <word seq="33">the<GreekSeq>33</GreekSeq>
    </word>
    <word seq="34">apostles.<GreekSeq>34</GreekSeq>
    </word>
   </KJV>
  </verse>
  <verse number="2">
   <KJV>
    <word seq="1">And<GreekSeq>2</GreekSeq>
    </word>
    <word seq="2">devout<GreekSeq>6</GreekSeq>
    </word>
    <word seq="3">men<GreekSeq>5</GreekSeq>
    </word>
    <word seq="4">carried<GreekSeq>1</GreekSeq>
    </word>
    <word seq="5">Stephen<GreekSeq>4</GreekSeq>
    </word>
    <word seq="6">to his burial,<GreekSeq>1</GreekSeq>
    </word>
    <word seq="7">and<GreekSeq>7</GreekSeq>
    </word>
    <word seq="8">made<GreekSeq>8</GreekSeq>
    </word>
    <word seq="9">great<GreekSeq>10</GreekSeq>
    </word>
    <word seq="10">lamentation<GreekSeq>9</GreekSeq>
    </word>
    <word seq="11">over<GreekSeq>11</GreekSeq>
    </word>
    <word seq="12">him.<GreekSeq>12</GreekSeq>
    </word>
   </KJV>
  </verse>
  <verse number="3">
   <KJV>
    <word seq="1">As for<GreekSeq>2</GreekSeq>
    </word>
    <word seq="2">Saul,<GreekSeq>1</GreekSeq>
    </word>
    <word seq="3">he made havock of<GreekSeq>3</GreekSeq>
    </word>
    <word seq="4">the<GreekSeq>4</GreekSeq>
    </word>
    <word seq="5">church,<GreekSeq>5</GreekSeq>
    </word>
    <word seq="6">entering into<GreekSeq>9</GreekSeq>
    </word>
    <word seq="7">every house,<GreekSeq>6</GreekSeq>
     <GreekSeq>8</GreekSeq>
    </word>
    <word seq="8">and<GreekSeq>11</GreekSeq>
    </word>
    <word seq="9">haling<GreekSeq>10</GreekSeq>
    </word>
    <word seq="10">men<GreekSeq>12</GreekSeq>
    </word>
    <word seq="11">and<GreekSeq>13</GreekSeq>
    </word>
    <word seq="12">women<GreekSeq>14</GreekSeq>
    </word>
    <word seq="13">committed<GreekSeq>15</GreekSeq>
    </word>
    <word seq="14">them</word>
    <word seq="15">to<GreekSeq>16</GreekSeq>
    </word>
    <word seq="16">prison.<GreekSeq>17</GreekSeq>
    </word>
   </KJV>
  </verse>
  <verse number="4">
   <KJV>
    <word seq="1">Therefore<GreekSeq>3</GreekSeq>
    </word>
    <word seq="2">they<GreekSeq>1</GreekSeq>
    </word>
    <word seq="3">that were scattered abroad<GreekSeq>4</GreekSeq>
    </word>
    <word seq="4">went every where<GreekSeq>5</GreekSeq>
    </word>
    <word seq="5">preaching<GreekSeq>6</GreekSeq>
    </word>
    <word seq="6">the<GreekSeq>7</GreekSeq>
    </word>
    <word seq="7">word.<GreekSeq>8</GreekSeq>
    </word>
   </KJV>
  </verse>
  <verse number="5">
   <KJV>
    <word seq="1">Then<GreekSeq>2</GreekSeq>
    </word>
    <word seq="2">Philip<GreekSeq>1</GreekSeq>
    </word>
    <word seq="3">went down<GreekSeq>3</GreekSeq>
    </word>
    <word seq="4">to<GreekSeq>4</GreekSeq>
    </word>
    <word seq="5">the<GreekSeq>5</GreekSeq>
    </word>
    <word seq="6">city<GreekSeq>6</GreekSeq>
    </word>
    <word seq="7">of Samaria,<GreekSeq>8</GreekSeq>
    </word>
    <word seq="8">and</word>
    <word seq="9">preached<GreekSeq>9</GreekSeq>
    </word>
    <word seq="10">Christ<GreekSeq>12</GreekSeq>
    </word>
    <word seq="11">unto them.<GreekSeq>10</GreekSeq>
    </word>
   </KJV>
  </verse>
  <verse number="6">
   <KJV>
    <word note="Base of different Greek: τε(5037)" seq="1">And<GreekSeq>2</GreekSeq>
    </word>
    <word seq="2">the<GreekSeq>3</GreekSeq>
    </word>
    <word seq="3">people<GreekSeq>4</GreekSeq>
    </word>
    <word seq="4">with one accord<GreekSeq>10</GreekSeq>
    </word>
    <word seq="5">gave heed<GreekSeq>1</GreekSeq>
    </word>
    <word seq="6">unto those things<GreekSeq>5</GreekSeq>
    </word>
    <word seq="7">which<GreekSeq>6</GreekSeq>
    </word>
    <word seq="8">Philip<GreekSeq>9</GreekSeq>
    </word>
    <word seq="9">spake,<GreekSeq>6</GreekSeq>
    </word>
    <word seq="10">hearing<GreekSeq>13</GreekSeq>
    </word>
    <word seq="11">and<GreekSeq>15</GreekSeq>
    </word>
    <word seq="12">seeing<GreekSeq>16</GreekSeq>
    </word>
    <word seq="13">the<GreekSeq>17</GreekSeq>
    </word>
    <word seq="14">miracles<GreekSeq>18</GreekSeq>
    </word>
    <word seq="15">which<GreekSeq>19</GreekSeq>
    </word>
    <word seq="16">he did.<GreekSeq>20</GreekSeq>
    </word>
   </KJV>
  </verse>
  <verse number="7">
   <KJV>
    <word seq="1">For<GreekSeq>2</GreekSeq>
    </word>
    <word seq="2">unclean<GreekSeq>6</GreekSeq>
    </word>
    <word seq="3">spirits,<GreekSeq>5</GreekSeq>
    </word>
    <word seq="4">crying<GreekSeq>7</GreekSeq>
    </word>
    <word seq="5">with loud<GreekSeq>9</GreekSeq>
    </word>
    <word seq="6">voice,<GreekSeq>8</GreekSeq>
    </word>
    <word seq="7">came out of <GreekSeq>10</GreekSeq>
    </word>
    <word seq="8">many<GreekSeq>1</GreekSeq>
    </word>
    <word seq="9">that were possessed<GreekSeq>4</GreekSeq>
    </word>
    <word seq="10">with them:</word>
    <word seq="11">and<GreekSeq>12</GreekSeq>
    </word>
    <word seq="12">many<GreekSeq>11</GreekSeq>
    </word>
    <word seq="13">taken with palsies,<GreekSeq>13</GreekSeq>
    </word>
    <word seq="14">and<GreekSeq>14</GreekSeq>
    </word>
    <word seq="15">that were lame,<GreekSeq>15</GreekSeq>
    </word>
    <word seq="16">were healed.<GreekSeq>16</GreekSeq>
    </word>
   </KJV>
  </verse>
  <verse number="8">
   <KJV>
    <word note="Base of different Greek: καὶ(2532)" seq="1">And<GreekSeq>2</GreekSeq>
    </word>
    <word seq="2">there was<GreekSeq>1</GreekSeq>
    </word>
    <word note="Base of different Greek: μεγάλη(3173)" seq="3">great<GreekSeq>3</GreekSeq>
    </word>
    <word seq="4">joy<GreekSeq>4</GreekSeq>
    </word>
    <word seq="5">in<GreekSeq>5</GreekSeq>
    </word>
    <word seq="6">that<GreekSeq>8</GreekSeq>
    </word>
    <word seq="7">city.<GreekSeq>7</GreekSeq>
    </word>
   </KJV>
  </verse>
  <verse number="9">
   <KJV>
    <word seq="1">But<GreekSeq>2</GreekSeq>
    </word>
    <word seq="2">there was</word>
    <word seq="3">a certain<GreekSeq>3</GreekSeq>
    </word>
    <word seq="4">man,<GreekSeq>1</GreekSeq>
    </word>
    <word seq="5">called<GreekSeq>4</GreekSeq>
    </word>
    <word seq="6">Simon,<GreekSeq>5</GreekSeq>
    </word>
    <word seq="7">which beforetime<GreekSeq>6</GreekSeq>
    </word>
    <word seq="8">in<GreekSeq>7</GreekSeq>
    </word>
    <word seq="9">the<GreekSeq>8</GreekSeq>
    </word>
    <word seq="10">same</word>
    <word seq="11">city<GreekSeq>9</GreekSeq>
    </word>
    <word seq="12">used sorcery,<GreekSeq>10</GreekSeq>
    </word>
    <word seq="13">and<GreekSeq>11</GreekSeq>
    </word>
    <word seq="14">bewitched<GreekSeq>12</GreekSeq>
    </word>
    <word seq="15">the<GreekSeq>13</GreekSeq>
    </word>
    <word seq="16">people<GreekSeq>14</GreekSeq>
    </word>
    <word seq="17">of Samaria,<GreekSeq>16</GreekSeq>
    </word>
    <word seq="18">giving out<GreekSeq>17</GreekSeq>
    </word>
    <word seq="19">that</word>
    <word seq="20">himself<GreekSeq>20</GreekSeq>
    </word>
    <word seq="21">was<GreekSeq>18</GreekSeq>
    </word>
    <word seq="22">some<GreekSeq>19</GreekSeq>
    </word>
    <word seq="23">great one:<GreekSeq>21</GreekSeq>
    </word>
   </KJV>
  </verse>
  <verse number="10">
   <KJV>
    <word seq="1">To whom<GreekSeq>1</GreekSeq>
    </word>
    <word seq="2">they<GreekSeq>2</GreekSeq>
    </word>
    <word seq="3">all<GreekSeq>3</GreekSeq>
    </word>
    <word seq="4">gave heed,<GreekSeq>2</GreekSeq>
    </word>
    <word seq="5">from<GreekSeq>4</GreekSeq>
    </word>
    <word seq="6">the least<GreekSeq>5</GreekSeq>
    </word>
    <word seq="7">to<GreekSeq>6</GreekSeq>
    </word>
    <word seq="8">the greatest,<GreekSeq>7</GreekSeq>
    </word>
    <word seq="9">saying,<GreekSeq>8</GreekSeq>
    </word>
    <word seq="10">This man <GreekSeq>9</GreekSeq>
    </word>
    <word seq="11">is<GreekSeq>10</GreekSeq>
    </word>
    <word seq="12">the<GreekSeq>11</GreekSeq>
    </word>
    <word seq="13">great<GreekSeq>17</GreekSeq>
    </word>
    <word seq="14">power<GreekSeq>12</GreekSeq>
    </word>
    <word seq="15">of God.<GreekSeq>14</GreekSeq>
    </word>
   </KJV>
  </verse>
  <verse number="11">
   <KJV>
    <word seq="1">And<GreekSeq>2</GreekSeq>
    </word>
    <word seq="2">to him<GreekSeq>3</GreekSeq>
    </word>
    <word seq="3">they had regard,<GreekSeq>1</GreekSeq>
    </word>
    <word seq="4">because<GreekSeq>4</GreekSeq>
    </word>
    <word seq="5">that<GreekSeq>5</GreekSeq>
    </word>
    <word seq="6">of<GreekSeq>4</GreekSeq>
    </word>
    <word seq="7">long<GreekSeq>6</GreekSeq>
    </word>
    <word seq="8">time<GreekSeq>7</GreekSeq>
    </word>
    <word seq="9">he</word>
    <word seq="10">had bewitched<GreekSeq>10</GreekSeq>
    </word>
    <word seq="11">them<GreekSeq>11</GreekSeq>
    </word>
    <word seq="12">with sorceries.<GreekSeq>9</GreekSeq>
    </word>
   </KJV>
  </verse>
  <verse number="12">
   <KJV>
    <word seq="1">But<GreekSeq>2</GreekSeq>
    </word>
    <word seq="2">when<GreekSeq>1</GreekSeq>
    </word>
    <word seq="3">they believed<GreekSeq>3</GreekSeq>
    </word>
    <word seq="4">Philip<GreekSeq>5</GreekSeq>
    </word>
    <word seq="5">preaching<GreekSeq>6</GreekSeq>
    </word>
    <word seq="6">the things</word>
    <word seq="7">concerning<GreekSeq>7</GreekSeq>
    </word>
    <word seq="8">the<GreekSeq>8</GreekSeq>
    </word>
    <word seq="9">kingdom<GreekSeq>9</GreekSeq>
    </word>
    <word seq="10">of God,<GreekSeq>11</GreekSeq>
    </word>
    <word seq="11">and<GreekSeq>12</GreekSeq>
    </word>
    <word seq="12">the<GreekSeq>13</GreekSeq>
    </word>
    <word seq="13">name<GreekSeq>14</GreekSeq>
    </word>
    <word seq="14">of Jesus<GreekSeq>15</GreekSeq>
    </word>
    <word seq="15">Christ,<GreekSeq>16</GreekSeq>
    </word>
    <word seq="16">they were baptized,<GreekSeq>17</GreekSeq>
    </word>
    <word seq="17">both<GreekSeq>19</GreekSeq>
    </word>
    <word seq="18">men<GreekSeq>18</GreekSeq>
    </word>
    <word seq="19">and<GreekSeq>20</GreekSeq>
    </word>
    <word seq="20">women.<GreekSeq>21</GreekSeq>
    </word>
   </KJV>
  </verse>
  <verse number="13">
   <KJV>
    <word seq="1">Then<GreekSeq>2</GreekSeq>
    </word>
    <word seq="2">Simon<GreekSeq>3</GreekSeq>
    </word>
    <word seq="3">himself<GreekSeq>5</GreekSeq>
    </word>
    <word seq="4">believed<GreekSeq>6</GreekSeq>
    </word>
    <word seq="5">also:<GreekSeq>4</GreekSeq>
    </word>
    <word seq="6">and<GreekSeq>7</GreekSeq>
    </word>
    <word seq="7">when<GreekSeq>8</GreekSeq>
    </word>
    <word seq="8">he was<GreekSeq>9</GreekSeq>
    </word>
    <word seq="9">baptized,<GreekSeq>8</GreekSeq>
    </word>
    <word seq="10">he continued<GreekSeq>10</GreekSeq>
    </word>
    <word seq="11">with Philip,<GreekSeq>12</GreekSeq>
    </word>
    <word seq="12">and<GreekSeq>14</GreekSeq>
    </word>
    <word seq="13">wondered,<GreekSeq>20</GreekSeq>
    </word>
    <word seq="14">beholding<GreekSeq>13</GreekSeq>
    </word>
    <word seq="15">the miracles<GreekSeq>17</GreekSeq>
    </word>
    <word seq="16">and<GreekSeq>16</GreekSeq>
    </word>
    <word seq="17">signs<GreekSeq>15</GreekSeq>
    </word>
    <word seq="18">which were done.<GreekSeq>19</GreekSeq>
    </word>
   </KJV>
  </verse>
  <verse number="14">
   <KJV>
    <word seq="1">Now<GreekSeq>2</GreekSeq>
    </word>
    <word seq="2">when<GreekSeq>1</GreekSeq>
    </word>
    <word seq="3">the<GreekSeq>3</GreekSeq>
    </word>
    <word seq="4">apostles<GreekSeq>6</GreekSeq>
    </word>
    <word seq="5">which were</word>
    <word seq="6">at<GreekSeq>4</GreekSeq>
    </word>
    <word seq="7">Jerusalem<GreekSeq>5</GreekSeq>
    </word>
    <word seq="8">heard<GreekSeq>1</GreekSeq>
    </word>
    <word seq="9">that<GreekSeq>7</GreekSeq>
    </word>
    <word seq="10">Samaria<GreekSeq>10</GreekSeq>
    </word>
    <word seq="11">had received<GreekSeq>8</GreekSeq>
    </word>
    <word seq="12">the<GreekSeq>11</GreekSeq>
    </word>
    <word seq="13">word<GreekSeq>12</GreekSeq>
    </word>
    <word seq="14">of God,<GreekSeq>14</GreekSeq>
    </word>
    <word seq="15">they sent<GreekSeq>15</GreekSeq>
    </word>
    <word seq="16">unto<GreekSeq>16</GreekSeq>
    </word>
    <word seq="17">them<GreekSeq>17</GreekSeq>
    </word>
    <word seq="18">Peter<GreekSeq>18</GreekSeq>
    </word>
    <word seq="19">and<GreekSeq>19</GreekSeq>
    </word>
    <word seq="20">John:<GreekSeq>20</GreekSeq>
    </word>
   </KJV>
  </verse>
  <verse number="15">
   <KJV>
    <word seq="1">Who,<GreekSeq>1</GreekSeq>
    </word>
    <word seq="2">when they were come down,<GreekSeq>2</GreekSeq>
    </word>
    <word seq="3">prayed<GreekSeq>3</GreekSeq>
    </word>
    <word seq="4">for<GreekSeq>4</GreekSeq>
    </word>
    <word seq="5">them,<GreekSeq>5</GreekSeq>
    </word>
    <word seq="6">that<GreekSeq>6</GreekSeq>
    </word>
    <word seq="7">they might receive<GreekSeq>7</GreekSeq>
    </word>
    <word seq="8">the<GreekSeq/>
    </word>
    <word seq="9">Holy<GreekSeq>9</GreekSeq>
    </word>
    <word seq="10">Ghost:<GreekSeq>8</GreekSeq>
    </word>
   </KJV>
  </verse>
  <verse number="16">
   <KJV>
    <word seq="1">(For<GreekSeq>2</GreekSeq>
    </word>
    <word note="Base of different Greek: οὔπω(3768)" seq="2">as yet<GreekSeq>1</GreekSeq>
    </word>
    <word seq="3">he was<GreekSeq>3</GreekSeq>
    </word>
    <word seq="4">fallen<GreekSeq>7</GreekSeq>
    </word>
    <word seq="5">upon<GreekSeq>4</GreekSeq>
    </word>
    <word seq="6">none<GreekSeq>5</GreekSeq>
    </word>
    <word seq="7">of them:<GreekSeq>6</GreekSeq>
    </word>
    <word seq="8">only<GreekSeq>8</GreekSeq>
    </word>
    <word seq="9">they were baptized<GreekSeq>10</GreekSeq>
    </word>
    <word seq="10">in<GreekSeq>12</GreekSeq>
    </word>
    <word seq="11">the<GreekSeq>13</GreekSeq>
    </word>
    <word seq="12">name<GreekSeq>14</GreekSeq>
    </word>
    <word seq="13">of the<GreekSeq>15</GreekSeq>
    </word>
    <word seq="14">Lord<GreekSeq>16</GreekSeq>
    </word>
    <word seq="15">Jesus.)<GreekSeq>17</GreekSeq>
    </word>
   </KJV>
  </verse>
  <verse number="17">
   <KJV>
    <word seq="1">Then<GreekSeq>1</GreekSeq>
    </word>
    <word seq="2">laid they<GreekSeq>2</GreekSeq>
    </word>
    <word seq="3">[their]<GreekSeq>3</GreekSeq>
    </word>
    <word seq="4">hands<GreekSeq>4</GreekSeq>
    </word>
    <word seq="5">on<GreekSeq>5</GreekSeq>
    </word>
    <word seq="6">them,<GreekSeq>6</GreekSeq>
    </word>
    <word seq="7">and<GreekSeq>7</GreekSeq>
    </word>
    <word seq="8">they received<GreekSeq>8</GreekSeq>
    </word>
    <word seq="9">the<GreekSeq/>
    </word>
    <word seq="10">Holy<GreekSeq>10</GreekSeq>
    </word>
    <word seq="11">Ghost.<GreekSeq>9</GreekSeq>
    </word>
   </KJV>
  </verse>
  <verse number="18">
   <KJV>
    <word seq="1">And<GreekSeq>2</GreekSeq>
    </word>
    <word seq="2">when<GreekSeq>1</GreekSeq>
    </word>
    <word seq="3">Simon<GreekSeq>4</GreekSeq>
    </word>
    <word note="Base of different Greek: θεασάμενος(2300)" seq="4">saw<GreekSeq>1</GreekSeq>
    </word>
    <word seq="5">that<GreekSeq>5</GreekSeq>
    </word>
    <word seq="6">through<GreekSeq>6</GreekSeq>
    </word>
    <word seq="7">laying on<GreekSeq>8</GreekSeq>
    </word>
    <word seq="8">of the<GreekSeq>9</GreekSeq>
    </word>
    <word seq="9">apostles' <GreekSeq>12</GreekSeq>
    </word>
    <word seq="10">hands<GreekSeq>10</GreekSeq>
    </word>
    <word seq="11">the<GreekSeq>14</GreekSeq>
    </word>
    <word note="Base of different Greek: Ἅγιον(40)" seq="12">Holy</word>
    <word seq="13">Ghost<GreekSeq>15</GreekSeq>
    </word>
    <word seq="14">was given,<GreekSeq>13</GreekSeq>
    </word>
    <word seq="15">he offered<GreekSeq>16</GreekSeq>
    </word>
    <word seq="16">them<GreekSeq>17</GreekSeq>
    </word>
    <word seq="17">money,<GreekSeq>18</GreekSeq>
    </word>
   </KJV>
  </verse>
  <verse number="19">
   <KJV>
    <word seq="1">Saying,<GreekSeq>1</GreekSeq>
    </word>
    <word seq="2">Give<GreekSeq>2</GreekSeq>
    </word>
    <word seq="3">me also<GreekSeq>3</GreekSeq>
    </word>
    <word seq="4">this<GreekSeq>6</GreekSeq>
    </word>
    <word seq="5">power,<GreekSeq>5</GreekSeq>
    </word>
    <word seq="6">that<GreekSeq>7</GreekSeq>
    </word>
    <word seq="7">on whomsoever<GreekSeq>8</GreekSeq>
     <GreekSeq>9</GreekSeq>
    </word>
    <word seq="8">I lay<GreekSeq>10</GreekSeq>
    </word>
    <word seq="9">hands,<GreekSeq>12</GreekSeq>
    </word>
    <word seq="10">he may receive<GreekSeq>13</GreekSeq>
    </word>
    <word seq="11">the<GreekSeq/>
    </word>
    <word seq="12">Holy<GreekSeq>15</GreekSeq>
    </word>
    <word seq="13">Ghost.<GreekSeq>14</GreekSeq>
    </word>
   </KJV>
  </verse>
  <verse number="20">
   <KJV>
    <word seq="1">But<GreekSeq>2</GreekSeq>
    </word>
    <word seq="2">Peter<GreekSeq>1</GreekSeq>
    </word>
    <word seq="3">said<GreekSeq>3</GreekSeq>
    </word>
    <word seq="4">unto<GreekSeq>4</GreekSeq>
    </word>
    <word seq="5">him,<GreekSeq>5</GreekSeq>
    </word>
    <word seq="6">Thy<GreekSeq>8</GreekSeq>
    </word>
    <word seq="7">money<GreekSeq>7</GreekSeq>
    </word>
    <word seq="8">perish<GreekSeq>11</GreekSeq>
     <GreekSeq>12</GreekSeq>
     <GreekSeq>13</GreekSeq>
    </word>
    <word seq="9">with<GreekSeq>9</GreekSeq>
    </word>
    <word seq="10">thee,<GreekSeq>10</GreekSeq>
    </word>
    <word seq="11">because<GreekSeq>14</GreekSeq>
    </word>
    <word seq="12">thou hast thought<GreekSeq>19</GreekSeq>
    </word>
    <word seq="13">that</word>
    <word seq="14">the<GreekSeq>15</GreekSeq>
    </word>
    <word seq="15">gift<GreekSeq>16</GreekSeq>
    </word>
    <word seq="16">of God<GreekSeq>18</GreekSeq>
    </word>
    <word seq="17">may be purchased<GreekSeq>22</GreekSeq>
    </word>
    <word seq="18">with<GreekSeq>20</GreekSeq>
    </word>
    <word seq="19">money.<GreekSeq>21</GreekSeq>
    </word>
   </KJV>
  </verse>
  <verse number="21">
   <KJV>
    <word seq="1">Thou<GreekSeq>3</GreekSeq>
    </word>
    <word seq="2">hast<GreekSeq>2</GreekSeq>
    </word>
    <word seq="3">neither<GreekSeq>1</GreekSeq>
    </word>
    <word seq="4">part<GreekSeq>4</GreekSeq>
    </word>
    <word seq="5">nor<GreekSeq>5</GreekSeq>
    </word>
    <word seq="6">lot<GreekSeq>6</GreekSeq>
    </word>
    <word seq="7">in<GreekSeq>7</GreekSeq>
    </word>
    <word seq="8">this<GreekSeq>10</GreekSeq>
    </word>
    <word seq="9">matter:<GreekSeq>9</GreekSeq>
    </word>
    <word seq="10">for<GreekSeq>12</GreekSeq>
    </word>
    <word seq="11">thy<GreekSeq>14</GreekSeq>
    </word>
    <word seq="12">heart<GreekSeq>13</GreekSeq>
    </word>
    <word seq="13">is<GreekSeq>16</GreekSeq>
    </word>
    <word seq="14">not<GreekSeq>15</GreekSeq>
    </word>
    <word seq="15">right<GreekSeq>17</GreekSeq>
    </word>
    <word note="Base of different Greek: ἐνώπιον(1799)" seq="16">in the sight<GreekSeq>18</GreekSeq>
    </word>
    <word seq="17">of God.<GreekSeq>20</GreekSeq>
    </word>
   </KJV>
  </verse>
  <verse number="22">
   <KJV>
    <word seq="1">Repent<GreekSeq>1</GreekSeq>
    </word>
    <word seq="2">therefore<GreekSeq>2</GreekSeq>
    </word>
    <word seq="3">of<GreekSeq>3</GreekSeq>
    </word>
    <word seq="4">this<GreekSeq>7</GreekSeq>
    </word>
    <word seq="5">thy<GreekSeq>6</GreekSeq>
    </word>
    <word seq="6">wickedness,<GreekSeq>5</GreekSeq>
    </word>
    <word seq="7">and<GreekSeq>8</GreekSeq>
    </word>
    <word seq="8">pray<GreekSeq>9</GreekSeq>
    </word>
    <word note="Base of different Greek:  Θεοῦ(2316)" seq="9">God,<GreekSeq>11</GreekSeq>
    </word>
    <word seq="10">if<GreekSeq>12</GreekSeq>
    </word>
    <word seq="11">perhaps<GreekSeq>13</GreekSeq>
    </word>
    <word seq="12">the<GreekSeq>16</GreekSeq>
    </word>
    <word seq="13">thought<GreekSeq>17</GreekSeq>
    </word>
    <word seq="14">of<GreekSeq>19</GreekSeq>
    </word>
    <word seq="15">thine<GreekSeq>20</GreekSeq>
    </word>
    <word seq="16">heart<GreekSeq>19</GreekSeq>
    </word>
    <word seq="17">may be forgiven<GreekSeq>14</GreekSeq>
    </word>
    <word seq="18">thee.<GreekSeq>15</GreekSeq>
    </word>
   </KJV>
  </verse>
  <verse number="23">
   <KJV>
    <word seq="1">For<GreekSeq>2</GreekSeq>
    </word>
    <word seq="2">I perceive<GreekSeq>8</GreekSeq>
    </word>
    <word seq="3">that<GreekSeq>10</GreekSeq>
    </word>
    <word seq="4">thou<GreekSeq>9</GreekSeq>
    </word>
    <word seq="5">art<GreekSeq>10</GreekSeq>
    </word>
    <word seq="6">in<GreekSeq>1</GreekSeq>
    </word>
    <word seq="7">the gall<GreekSeq>3</GreekSeq>
    </word>
    <word seq="8">of bitterness,<GreekSeq>4</GreekSeq>
    </word>
    <word seq="9">and<GreekSeq>5</GreekSeq>
    </word>
    <word seq="10">in the bond<GreekSeq>6</GreekSeq>
    </word>
    <word seq="11">of iniquity.<GreekSeq>7</GreekSeq>
    </word>
   </KJV>
  </verse>
  <verse number="24">
   <KJV>
    <word seq="1">Then<GreekSeq>2</GreekSeq>
    </word>
    <word seq="2">answered<GreekSeq>1</GreekSeq>
    </word>
    <word seq="3">Simon,<GreekSeq>4</GreekSeq>
    </word>
    <word seq="4">and</word>
    <word seq="5">said,<GreekSeq>5</GreekSeq>
    </word>
    <word seq="6">Pray<GreekSeq>6</GreekSeq>
    </word>
    <word seq="7">ye<GreekSeq>7</GreekSeq>
    </word>
    <word seq="8">to<GreekSeq>10</GreekSeq>
    </word>
    <word seq="9">the<GreekSeq>11</GreekSeq>
    </word>
    <word seq="10">Lord<GreekSeq>12</GreekSeq>
    </word>
    <word seq="11">for<GreekSeq>8</GreekSeq>
    </word>
    <word seq="12">me,<GreekSeq>9</GreekSeq>
    </word>
    <word seq="13">that<GreekSeq>13</GreekSeq>
    </word>
    <word seq="14">none<GreekSeq>14</GreekSeq>
    </word>
    <word seq="15">of these things which<GreekSeq>18</GreekSeq>
    </word>
    <word seq="16">ye have spoken<GreekSeq>19</GreekSeq>
    </word>
    <word seq="17">come<GreekSeq>15</GreekSeq>
    </word>
    <word seq="18">upon<GreekSeq>16</GreekSeq>
    </word>
    <word seq="19">me.<GreekSeq>17</GreekSeq>
    </word>
   </KJV>
  </verse>
  <verse number="25">
   <KJV>
    <word seq="1">And<GreekSeq>3</GreekSeq>
    </word>
    <word seq="2">they,<GreekSeq>1</GreekSeq>
    </word>
    <word seq="3">when they had testified<GreekSeq>4</GreekSeq>
    </word>
    <word seq="4">and<GreekSeq>5</GreekSeq>
    </word>
    <word seq="5">preached<GreekSeq>6</GreekSeq>
    </word>
    <word seq="6">the<GreekSeq>7</GreekSeq>
    </word>
    <word seq="7">word<GreekSeq>8</GreekSeq>
    </word>
    <word seq="8">of the<GreekSeq>9</GreekSeq>
    </word>
    <word seq="9">Lord,<GreekSeq>10</GreekSeq>
    </word>
    <word seq="10">returned<GreekSeq>11</GreekSeq>
    </word>
    <word seq="11">to<GreekSeq>12</GreekSeq>
    </word>
    <word note="Base of different Greek: Ἱερουσαλήμ(2419)" seq="12">Jerusalem,<GreekSeq>13</GreekSeq>
    </word>
    <word seq="13">and<GreekSeq>15</GreekSeq>
    </word>
    <word seq="14">preached the gospel<GreekSeq>19</GreekSeq>
    </word>
    <word seq="15">in many<GreekSeq>14</GreekSeq>
    </word>
    <word seq="16">villages<GreekSeq>16</GreekSeq>
    </word>
    <word seq="17">of the<GreekSeq>17</GreekSeq>
    </word>
    <word seq="18">Samaritans.<GreekSeq>18</GreekSeq>
    </word>
   </KJV>
  </verse>
  <verse number="26">
   <KJV>
    <word seq="1">And<GreekSeq>2</GreekSeq>
    </word>
    <word seq="2">the angel<GreekSeq>1</GreekSeq>
    </word>
    <word seq="3">of the Lord<GreekSeq>3</GreekSeq>
    </word>
    <word seq="4">spake<GreekSeq>4</GreekSeq>
    </word>
    <word seq="5">unto<GreekSeq>5</GreekSeq>
    </word>
    <word seq="6">Philip,<GreekSeq>6</GreekSeq>
    </word>
    <word seq="7">saying,<GreekSeq>7</GreekSeq>
    </word>
    <word seq="8">Arise,<GreekSeq>8</GreekSeq>
    </word>
    <word seq="9">and<GreekSeq>9</GreekSeq>
    </word>
    <word seq="10">go<GreekSeq>10</GreekSeq>
    </word>
    <word seq="11">toward<GreekSeq>11</GreekSeq>
    </word>
    <word seq="12">the south<GreekSeq>12</GreekSeq>
    </word>
    <word seq="13">unto<GreekSeq>13</GreekSeq>
    </word>
    <word seq="14">the<GreekSeq>14</GreekSeq>
    </word>
    <word seq="15">way<GreekSeq>15</GreekSeq>
    </word>
    <word seq="16">that goeth down<GreekSeq>17</GreekSeq>
    </word>
    <word seq="17">from<GreekSeq>18</GreekSeq>
    </word>
    <word seq="18">Jerusalem<GreekSeq>19</GreekSeq>
    </word>
    <word seq="19">unto<GreekSeq>20</GreekSeq>
    </word>
    <word seq="20">Gaza,<GreekSeq>21</GreekSeq>
    </word>
    <word seq="21">which<GreekSeq>22</GreekSeq>
    </word>
    <word seq="22">is<GreekSeq>23</GreekSeq>
    </word>
    <word seq="23">desert.<GreekSeq>24</GreekSeq>
    </word>
   </KJV>
  </verse>
  <verse number="27">
   <KJV>
    <word seq="1">And<GreekSeq>1</GreekSeq>
    </word>
    <word seq="2">he arose<GreekSeq>2</GreekSeq>
    </word>
    <word seq="3">and</word>
    <word seq="4">went:<GreekSeq>3</GreekSeq>
    </word>
    <word seq="5">and,<GreekSeq>4</GreekSeq>
    </word>
    <word seq="6">behold,<GreekSeq>5</GreekSeq>
    </word>
    <word seq="7">a man<GreekSeq>6</GreekSeq>
    </word>
    <word seq="8">of</word>
    <word seq="9">Ethiopia,<GreekSeq>7</GreekSeq>
    </word>
    <word seq="10">an eunuch<GreekSeq>8</GreekSeq>
    </word>
    <word seq="11">of great authority<GreekSeq>9</GreekSeq>
    </word>
    <word seq="12">under Candace<GreekSeq>10</GreekSeq>
    </word>
    <word seq="13">queen<GreekSeq>11</GreekSeq>
    </word>
    <word seq="14">of the Ethiopians,<GreekSeq>12</GreekSeq>
    </word>
    <word seq="15">who<GreekSeq>13</GreekSeq>
    </word>
    <word seq="16">had the charge of<GreekSeq>14</GreekSeq>
     <GreekSeq>15</GreekSeq>
    </word>
    <word seq="17">all<GreekSeq>16</GreekSeq>
    </word>
    <word seq="18">her<GreekSeq>19</GreekSeq>
    </word>
    <word seq="19">treasure,<GreekSeq>18</GreekSeq>
    </word>
    <word seq="20">and</word>
    <word seq="21">had come<GreekSeq>21</GreekSeq>
    </word>
    <word seq="22">to<GreekSeq>23</GreekSeq>
    </word>
    <word seq="23">Jerusalem<GreekSeq>24</GreekSeq>
    </word>
    <word seq="24">for</word>
    <word seq="25">to worship,<GreekSeq>22</GreekSeq>
    </word>
   </KJV>
  </verse>
  <verse number="28">
   <KJV>
    <word seq="1">Was<GreekSeq>1</GreekSeq>
    </word>
    <word seq="2">returning,<GreekSeq>3</GreekSeq>
    </word>
    <word seq="3">and<GreekSeq>4</GreekSeq>
    </word>
    <word seq="4">sitting<GreekSeq>5</GreekSeq>
    </word>
    <word seq="5">in<GreekSeq>6</GreekSeq>
    </word>
    <word seq="6">his<GreekSeq>9</GreekSeq>
    </word>
    <word seq="7">chariot<GreekSeq>8</GreekSeq>
    </word>
    <word seq="8">read<GreekSeq>11</GreekSeq>
    </word>
    <word seq="9">Esaias<GreekSeq>14</GreekSeq>
    </word>
    <word seq="10">the<GreekSeq>12</GreekSeq>
    </word>
    <word seq="11">prophet.<GreekSeq>13</GreekSeq>
    </word>
   </KJV>
  </verse>
  <verse number="29">
   <KJV>
    <word seq="1">Then<GreekSeq>2</GreekSeq>
    </word>
    <word seq="2">the<GreekSeq>3</GreekSeq>
    </word>
    <word seq="3">Spirit<GreekSeq>4</GreekSeq>
    </word>
    <word seq="4">said<GreekSeq>1</GreekSeq>
    </word>
    <word seq="5">unto Philip,<GreekSeq>6</GreekSeq>
    </word>
    <word seq="6">Go near,<GreekSeq>7</GreekSeq>
    </word>
    <word seq="7">and<GreekSeq>8</GreekSeq>
    </word>
    <word seq="8">join thyself<GreekSeq>9</GreekSeq>
    </word>
    <word seq="9">to this<GreekSeq>12</GreekSeq>
    </word>
    <word seq="10">chariot.<GreekSeq>11</GreekSeq>
    </word>
   </KJV>
  </verse>
  <verse number="30">
   <KJV>
    <word seq="1">And<GreekSeq>2</GreekSeq>
    </word>
    <word seq="2">Philip<GreekSeq>4</GreekSeq>
    </word>
    <word seq="3">ran thither to<GreekSeq>1</GreekSeq>
    </word>
    <word seq="4">him, and</word>
    <word seq="5">heard<GreekSeq>5</GreekSeq>
    </word>
    <word seq="6">him<GreekSeq>6</GreekSeq>
    </word>
    <word seq="7">read<GreekSeq>7</GreekSeq>
    </word>
    <word seq="8">the<GreekSeq>9</GreekSeq>
    </word>
    <word seq="9">prophet<GreekSeq>10</GreekSeq>
    </word>
    <word seq="10">Esaias,<GreekSeq>8</GreekSeq>
    </word>
    <word seq="11">and<GreekSeq>11</GreekSeq>
    </word>
    <word seq="12">said,<GreekSeq>12</GreekSeq>
    </word>
    <word seq="13">Understandest thou<GreekSeq>15</GreekSeq>
    </word>
    <word seq="14">what<GreekSeq>16</GreekSeq>
    </word>
    <word seq="15">thou readest?<GreekSeq>17</GreekSeq>
    </word>
   </KJV>
  </verse>
  <verse number="31">
   <KJV>
    <word seq="1">And<GreekSeq>2</GreekSeq>
    </word>
    <word seq="2">he<GreekSeq>1</GreekSeq>
    </word>
    <word seq="3">said,<GreekSeq>3</GreekSeq>
    </word>
    <word seq="4">How<GreekSeq>4</GreekSeq>
    </word>
    <word seq="5">can I,<GreekSeq>7</GreekSeq>
    </word>
    <word note="ἐὰν μή Strong Code (3362)" seq="6">except<GreekSeq>8</GreekSeq>
     <GreekSeq>9</GreekSeq>
    </word>
    <word seq="7">some man <GreekSeq>10</GreekSeq>
    </word>
    <word seq="8">should guide<GreekSeq>11</GreekSeq>
    </word>
    <word seq="9">me?<GreekSeq>12</GreekSeq>
    </word>
    <word seq="10">And<GreekSeq>14</GreekSeq>
    </word>
    <word seq="11">he desired<GreekSeq>13</GreekSeq>
    </word>
    <word seq="12">Philip<GreekSeq>16</GreekSeq>
    </word>
    <word seq="13">that he would come up<GreekSeq>17</GreekSeq>
    </word>
    <word seq="14">and</word>
    <word seq="15">sit<GreekSeq>18</GreekSeq>
    </word>
    <word seq="16">with<GreekSeq>19</GreekSeq>
    </word>
    <word seq="17">him.<GreekSeq>20</GreekSeq>
    </word>
   </KJV>
  </verse>
  <verse number="32">
   <KJV>
    <word seq="1">The<GreekSeq>1</GreekSeq>
    </word>
    <word seq="2">place<GreekSeq>3</GreekSeq>
    </word>
    <word seq="3">of the<GreekSeq>4</GreekSeq>
    </word>
    <word seq="4">scripture<GreekSeq>5</GreekSeq>
    </word>
    <word seq="5">which<GreekSeq>6</GreekSeq>
    </word>
    <word seq="6">he read<GreekSeq>7</GreekSeq>
    </word>
    <word seq="7">was<GreekSeq>8</GreekSeq>
    </word>
    <word seq="8">this,<GreekSeq>9</GreekSeq>
    </word>
    <word seq="9">He was led<GreekSeq>14</GreekSeq>
    </word>
    <word seq="10">as<GreekSeq>10</GreekSeq>
    </word>
    <word seq="11">a sheep<GreekSeq>11</GreekSeq>
    </word>
    <word seq="12">to<GreekSeq>12</GreekSeq>
    </word>
    <word seq="13">the slaughter;<GreekSeq>13</GreekSeq>
    </word>
    <word seq="14">and<GreekSeq>15</GreekSeq>
    </word>
    <word seq="15">like<GreekSeq>16</GreekSeq>
    </word>
    <word seq="16">a lamb<GreekSeq>17</GreekSeq>
    </word>
    <word seq="17">dumb<GreekSeq>22</GreekSeq>
    </word>
    <word seq="18">before<GreekSeq>18</GreekSeq>
    </word>
    <word seq="19">his<GreekSeq>21</GreekSeq>
    </word>
    <word seq="20">shearer,<GreekSeq>20</GreekSeq>
    </word>
    <word seq="21">so<GreekSeq>23</GreekSeq>
    </word>
    <word seq="22">opened he<GreekSeq>25</GreekSeq>
    </word>
    <word seq="23">not<GreekSeq>24</GreekSeq>
    </word>
    <word seq="24">his<GreekSeq>28</GreekSeq>
    </word>
    <word seq="25">mouth:<GreekSeq>27</GreekSeq>
    </word>
   </KJV>
  </verse>
  <verse number="33">
   <KJV>
    <word seq="1">In<GreekSeq>1</GreekSeq>
    </word>
    <word seq="2">his<GreekSeq>4</GreekSeq>
    </word>
    <word seq="3">humiliation<GreekSeq>3</GreekSeq>
    </word>
    <word seq="4">his<GreekSeq>7</GreekSeq>
    </word>
    <word seq="5">judgment<GreekSeq>6</GreekSeq>
    </word>
    <word seq="6">was taken away:<GreekSeq>8</GreekSeq>
    </word>
    <word note="Base of different Greek: δὲ(1161)" seq="7">and</word>
    <word seq="8">who<GreekSeq>12</GreekSeq>
    </word>
    <word seq="9">shall declare<GreekSeq>13</GreekSeq>
    </word>
    <word seq="10">his<GreekSeq>11</GreekSeq>
    </word>
    <word seq="11">generation?<GreekSeq>10</GreekSeq>
    </word>
    <word seq="12">for<GreekSeq>14</GreekSeq>
    </word>
    <word seq="13">his<GreekSeq>21</GreekSeq>
    </word>
    <word seq="14">life<GreekSeq>20</GreekSeq>
    </word>
    <word seq="15">is taken<GreekSeq>15</GreekSeq>
    </word>
    <word seq="16">from<GreekSeq>16</GreekSeq>
    </word>
    <word seq="17">the<GreekSeq>17</GreekSeq>
    </word>
    <word seq="18">earth.<GreekSeq>18</GreekSeq>
    </word>
   </KJV>
  </verse>
  <verse number="34">
   <KJV>
    <word seq="1">And<GreekSeq>2</GreekSeq>
    </word>
    <word seq="2">the<GreekSeq>3</GreekSeq>
    </word>
    <word seq="3">eunuch<GreekSeq>4</GreekSeq>
    </word>
    <word seq="4">answered<GreekSeq>1</GreekSeq>
    </word>
    <word seq="5">Philip,<GreekSeq>6</GreekSeq>
    </word>
    <word seq="6">and</word>
    <word seq="7">said,<GreekSeq>7</GreekSeq>
    </word>
    <word seq="8">I pray<GreekSeq>8</GreekSeq>
    </word>
    <word seq="9">thee,<GreekSeq>9</GreekSeq>
    </word>
    <word seq="10">of<GreekSeq>10</GreekSeq>
    </word>
    <word seq="11">whom<GreekSeq>11</GreekSeq>
    </word>
    <word seq="12">speaketh<GreekSeq>14</GreekSeq>
    </word>
    <word seq="13">the<GreekSeq>12</GreekSeq>
    </word>
    <word seq="14">prophet<GreekSeq>13</GreekSeq>
    </word>
    <word seq="15">this?<GreekSeq>15</GreekSeq>
    </word>
    <word seq="16">of<GreekSeq>16</GreekSeq>
    </word>
    <word seq="17">himself,<GreekSeq>17</GreekSeq>
    </word>
    <word seq="18">or<GreekSeq>18</GreekSeq>
    </word>
    <word seq="19">of<GreekSeq>19</GreekSeq>
    </word>
    <word seq="20">some<GreekSeq>21</GreekSeq>
    </word>
    <word seq="21">other man?<GreekSeq>20</GreekSeq>
    </word>
   </KJV>
  </verse>
  <verse number="35">
   <KJV>
    <word seq="1">Then<GreekSeq>2</GreekSeq>
    </word>
    <word seq="2">Philip<GreekSeq>4</GreekSeq>
    </word>
    <word seq="3">opened<GreekSeq>1</GreekSeq>
    </word>
    <word seq="4">his<GreekSeq>7</GreekSeq>
    </word>
    <word seq="5">mouth,<GreekSeq>6</GreekSeq>
    </word>
    <word seq="6">and<GreekSeq>8</GreekSeq>
    </word>
    <word seq="7">began<GreekSeq>9</GreekSeq>
    </word>
    <word seq="8">at<GreekSeq>10</GreekSeq>
    </word>
    <word seq="9">the<GreekSeq>11</GreekSeq>
    </word>
    <word seq="10">same<GreekSeq>13</GreekSeq>
    </word>
    <word seq="11">scripture,<GreekSeq>12</GreekSeq>
    </word>
    <word seq="12">and</word>
    <word seq="13">preached<GreekSeq>14</GreekSeq>
    </word>
    <word seq="14">unto him<GreekSeq>15</GreekSeq>
    </word>
    <word seq="15">Jesus.<GreekSeq>17</GreekSeq>
    </word>
   </KJV>
  </verse>
  <verse number="36">
   <KJV>
    <word seq="1">And<GreekSeq>2</GreekSeq>
    </word>
    <word seq="2">as<GreekSeq>1</GreekSeq>
    </word>
    <word seq="3">they went<GreekSeq>3</GreekSeq>
    </word>
    <word seq="4">on<GreekSeq>4</GreekSeq>
    </word>
    <word seq="5">[their]<GreekSeq>5</GreekSeq>
    </word>
    <word seq="6">way,<GreekSeq>6</GreekSeq>
    </word>
    <word seq="7">they came<GreekSeq>7</GreekSeq>
    </word>
    <word seq="8">unto<GreekSeq>8</GreekSeq>
    </word>
    <word seq="9">a certain<GreekSeq>9</GreekSeq>
    </word>
    <word seq="10">water:<GreekSeq>10</GreekSeq>
    </word>
    <word seq="11">and<GreekSeq>11</GreekSeq>
    </word>
    <word seq="12">the<GreekSeq>13</GreekSeq>
    </word>
    <word seq="13">eunuch<GreekSeq>14</GreekSeq>
    </word>
    <word seq="14">said,<GreekSeq>12</GreekSeq>
    </word>
    <word seq="15">See,<GreekSeq>15</GreekSeq>
    </word>
    <word seq="16">here is</word>
    <word seq="17">water;<GreekSeq>16</GreekSeq>
    </word>
    <word seq="18">what<GreekSeq>17</GreekSeq>
    </word>
    <word seq="19">doth hinder<GreekSeq>18</GreekSeq>
    </word>
    <word seq="20">me<GreekSeq>19</GreekSeq>
    </word>
    <word seq="21">to be baptized?<GreekSeq>20</GreekSeq>
    </word>
   </KJV>
  </verse>
  <verse number="37">
   <KJV>
    <word note="Base of different Greek: δὲ(1161)" seq="1">And<GreekSeq>1</GreekSeq>
    </word>
    <word note="Base of different Greek: ὁ(3588) &amp;  Φίλιππος(5376)" seq="2">Philip</word>
    <word note="Base of different Greek: εἰπε(2036)" seq="3">said,</word>
    <word note="Base of different Greek: Εἰ(1487)" seq="4">If</word>
    <word note="Base of different Greek: πιστεύεις(4100)" seq="5">thou believest</word>
    <word note="Base of different Greek: ἐξ(1537)" seq="6">with</word>
    <word note="Base of different Greek: ὅλης(3650)" seq="7">all</word>
    <word note="Base of different Greek: τὴς(3588) &amp;  καρδίας(2588)" seq="8">thine heart,</word>
    <word note="Base of different Greek: ἔξεστιν(1832)" seq="9">thou mayest.</word>
    <word note="Base of different Greek: δὲ(1161)" seq="10">And</word>
    <word note="Base of different Greek: ἀποκριθεὶς(611)" seq="11">he answered</word>
    <word note="Base of different Greek: εἰ̔͂πε(2036)" seq="12">and said,</word>
    <word note="Base of different Greek: Πιστεύω(4100)" seq="13">I believe</word>
    <word note="Base of different Greek: τὸν(3588) &amp;  Ἰησοῦν(2424)" seq="14">that Jesus</word>
    <word note="Base of different Greek: Χριστόν(5547)" seq="15">Christ</word>
    <word note="Base of different Greek: ἐιναι(1511)" seq="16">is</word>
    <word note="Base of different Greek: τὸν(3588)" seq="17">the</word>
    <word note="Base of different Greek: ὑιὸν(5207)" seq="18">Son</word>
    <word note="Base of different Greek: τοῦ(3588) &amp;  Θεοῦ(2316)" seq="19">of God.</word>
   </KJV>
  </verse>
  <verse number="38">
   <KJV>
    <word seq="1">And<GreekSeq>1</GreekSeq>
    </word>
    <word seq="2">he commanded<GreekSeq>2</GreekSeq>
    </word>
    <word seq="3">the<GreekSeq>4</GreekSeq>
    </word>
    <word seq="4">chariot<GreekSeq>5</GreekSeq>
    </word>
    <word seq="5">to stand still:<GreekSeq>3</GreekSeq>
    </word>
    <word seq="6">and<GreekSeq>6</GreekSeq>
    </word>
    <word seq="7">they went down<GreekSeq>7</GreekSeq>
    </word>
    <word seq="8">both<GreekSeq>8</GreekSeq>
    </word>
    <word seq="9">into<GreekSeq>9</GreekSeq>
    </word>
    <word seq="10">the<GreekSeq>10</GreekSeq>
    </word>
    <word seq="11">water,<GreekSeq>11</GreekSeq>
    </word>
    <word seq="12">both<GreekSeq>13</GreekSeq>
    </word>
    <word seq="13">Philip<GreekSeq>14</GreekSeq>
    </word>
    <word seq="14">and<GreekSeq>15</GreekSeq>
    </word>
    <word seq="15">the<GreekSeq>16</GreekSeq>
    </word>
    <word seq="16">eunuch;<GreekSeq>17</GreekSeq>
    </word>
    <word seq="17">and<GreekSeq>18</GreekSeq>
    </word>
    <word seq="18">he<GreekSeq>12</GreekSeq>
    </word>
    <word seq="19">baptized<GreekSeq>19</GreekSeq>
    </word>
    <word seq="20">him.<GreekSeq>20</GreekSeq>
    </word>
   </KJV>
  </verse>
  <verse number="39">
   <KJV>
    <word seq="1">And<GreekSeq>2</GreekSeq>
    </word>
    <word seq="2">when<GreekSeq>1</GreekSeq>
    </word>
    <word seq="3">they were come up<GreekSeq>3</GreekSeq>
    </word>
    <word seq="4">out of<GreekSeq>4</GreekSeq>
    </word>
    <word seq="5">the<GreekSeq>5</GreekSeq>
    </word>
    <word seq="6">water,<GreekSeq>6</GreekSeq>
    </word>
    <word seq="7">the Spirit<GreekSeq>7</GreekSeq>
    </word>
    <word seq="8">of the Lord<GreekSeq>8</GreekSeq>
    </word>
    <word seq="9">caught away<GreekSeq>9</GreekSeq>
    </word>
    <word seq="10">Philip,<GreekSeq>11</GreekSeq>
    </word>
    <word seq="11">that<GreekSeq>12</GreekSeq>
    </word>
    <word seq="12">the<GreekSeq>17</GreekSeq>
    </word>
    <word seq="13">eunuch<GreekSeq>18</GreekSeq>
    </word>
    <word seq="14">saw<GreekSeq>14</GreekSeq>
    </word>
    <word seq="15">him<GreekSeq>15</GreekSeq>
    </word>
    <word seq="16">no<GreekSeq>13</GreekSeq>
    </word>
    <word seq="17">more:<GreekSeq>16</GreekSeq>
    </word>
    <word seq="18">and<GreekSeq>20</GreekSeq>
    </word>
    <word seq="19">he went on <GreekSeq>19</GreekSeq>
    </word>
    <word seq="20">his<GreekSeq>23</GreekSeq>
    </word>
    <word seq="21">way<GreekSeq>22</GreekSeq>
    </word>
    <word seq="22">rejoicing.<GreekSeq>24</GreekSeq>
    </word>
   </KJV>
  </verse>
  <verse number="40">
   <KJV>
    <word seq="1">But<GreekSeq>2</GreekSeq>
    </word>
    <word seq="2">Philip<GreekSeq>1</GreekSeq>
    </word>
    <word seq="3">was found<GreekSeq>3</GreekSeq>
    </word>
    <word seq="4">at<GreekSeq>4</GreekSeq>
    </word>
    <word seq="5">Azotus:<GreekSeq>5</GreekSeq>
    </word>
    <word seq="6">and<GreekSeq>6</GreekSeq>
    </word>
    <word seq="7">passing through<GreekSeq>7</GreekSeq>
    </word>
    <word seq="8">he preached<GreekSeq>8</GreekSeq>
    </word>
    <word seq="9">in all<GreekSeq>11</GreekSeq>
    </word>
    <word seq="10">the<GreekSeq>9</GreekSeq>
    </word>
    <word seq="11">cities,<GreekSeq>10</GreekSeq>
    </word>
    <word seq="12">till<GreekSeq>12</GreekSeq>
    </word>
    <word seq="13">he<GreekSeq>15</GreekSeq>
    </word>
    <word seq="14">came<GreekSeq>14</GreekSeq>
    </word>
    <word seq="15">to<GreekSeq>16</GreekSeq>
    </word>
    <word seq="16">Caesarea.<GreekSeq>17</GreekSeq>
    </word>
   </KJV>
  </verse>
 </chapter>
</book>
