<?xml version="1.0" encoding="UTF-8" standalone="no"?>
<book>
 <chapter book="null" number="17">
  <verse number="1">
   <KJV>
    <word seq="1">Now<GreekSeq>2</GreekSeq>
    </word>
    <word seq="2">when they had passed through<GreekSeq>1</GreekSeq>
    </word>
    <word seq="3">Amphipolis<GreekSeq>4</GreekSeq>
    </word>
    <word seq="4">and<GreekSeq>5</GreekSeq>
    </word>
    <word seq="5">Apollonia,<GreekSeq>7</GreekSeq>
    </word>
    <word seq="6">they came<GreekSeq>8</GreekSeq>
    </word>
    <word seq="7">to<GreekSeq>9</GreekSeq>
    </word>
    <word seq="8">Thessalonica,<GreekSeq>10</GreekSeq>
    </word>
    <word seq="9">where<GreekSeq>11</GreekSeq>
    </word>
    <word seq="10">was<GreekSeq>12</GreekSeq>
    </word>
    <word seq="11">a synagogue<GreekSeq>13</GreekSeq>
    </word>
    <word seq="12">of the<GreekSeq>14</GreekSeq>
    </word>
    <word seq="13">Jews:<GreekSeq>15</GreekSeq>
    </word>
   </KJV>
  </verse>
  <verse number="2">
   <KJV>
    <word seq="1">And<GreekSeq>2</GreekSeq>
    </word>
    <word seq="2">Paul,<GreekSeq>6</GreekSeq>
    </word>
    <word seq="3">as<GreekSeq>1</GreekSeq>
    </word>
    <word seq="4">his manner was,<GreekSeq>4</GreekSeq>
    </word>
    <word seq="5">went in<GreekSeq>7</GreekSeq>
    </word>
    <word seq="6">unto<GreekSeq>8</GreekSeq>
    </word>
    <word seq="7">them,<GreekSeq>9</GreekSeq>
    </word>
    <word seq="8">and<GreekSeq>10</GreekSeq>
    </word>
    <word seq="9">three<GreekSeq>13</GreekSeq>
    </word>
    <word seq="10">sabbath days<GreekSeq>12</GreekSeq>
    </word>
    <word seq="11">reasoned<GreekSeq>14</GreekSeq>
    </word>
    <word seq="12">with them<GreekSeq>15</GreekSeq>
    </word>
    <word seq="13">out of<GreekSeq>16</GreekSeq>
    </word>
    <word seq="14">the<GreekSeq>17</GreekSeq>
    </word>
    <word seq="15">scriptures,<GreekSeq>18</GreekSeq>
    </word>
   </KJV>
  </verse>
  <verse number="3">
   <KJV>
    <word seq="1">Opening<GreekSeq>1</GreekSeq>
    </word>
    <word seq="2">and<GreekSeq>2</GreekSeq>
    </word>
    <word seq="3">alleging,<GreekSeq>3</GreekSeq>
    </word>
    <word seq="4">that<GreekSeq>4</GreekSeq>
    </word>
    <word seq="5">Christ<GreekSeq>6</GreekSeq>
    </word>
    <word seq="6">must needs<GreekSeq>7</GreekSeq>
    </word>
    <word seq="7">have suffered,<GreekSeq>8</GreekSeq>
    </word>
    <word seq="8">and<GreekSeq>9</GreekSeq>
    </word>
    <word seq="9">risen again<GreekSeq>10</GreekSeq>
    </word>
    <word seq="10">from<GreekSeq>11</GreekSeq>
    </word>
    <word seq="11">the dead;<GreekSeq>12</GreekSeq>
    </word>
    <word seq="12">and<GreekSeq>13</GreekSeq>
    </word>
    <word seq="13">that<GreekSeq>14</GreekSeq>
    </word>
    <word seq="14">this<GreekSeq>15</GreekSeq>
    </word>
    <word seq="15">Jesus,<GreekSeq>20</GreekSeq>
    </word>
    <word seq="16">whom<GreekSeq>21</GreekSeq>
    </word>
    <word seq="17">I<GreekSeq>22</GreekSeq>
    </word>
    <word seq="18">preach<GreekSeq>23</GreekSeq>
    </word>
    <word seq="19">unto you,<GreekSeq>24</GreekSeq>
    </word>
    <word seq="20">is<GreekSeq>16</GreekSeq>
    </word>
    <word seq="21">Christ.<GreekSeq>18</GreekSeq>
    </word>
   </KJV>
  </verse>
  <verse number="4">
   <KJV>
    <word seq="1">And<GreekSeq>1</GreekSeq>
    </word>
    <word seq="2">some<GreekSeq>2</GreekSeq>
    </word>
    <word seq="3">of<GreekSeq>3</GreekSeq>
    </word>
    <word seq="4">them<GreekSeq>4</GreekSeq>
    </word>
    <word seq="5">believed,<GreekSeq>5</GreekSeq>
    </word>
    <word seq="6">and<GreekSeq>6</GreekSeq>
    </word>
    <word seq="7">consorted<GreekSeq>7</GreekSeq>
    </word>
    <word seq="8">with Paul<GreekSeq>9</GreekSeq>
    </word>
    <word seq="9">and<GreekSeq>10</GreekSeq>
    </word>
    <word seq="10">Silas;<GreekSeq>12</GreekSeq>
    </word>
    <word seq="11">and<GreekSeq>14</GreekSeq>
    </word>
    <word seq="12">of the<GreekSeq>13</GreekSeq>
    </word>
    <word seq="13">devout<GreekSeq>15</GreekSeq>
    </word>
    <word seq="14">Greeks<GreekSeq>16</GreekSeq>
    </word>
    <word seq="15">a great<GreekSeq>18</GreekSeq>
    </word>
    <word seq="16">multitude,<GreekSeq>17</GreekSeq>
    </word>
    <word seq="17">and<GreekSeq>20</GreekSeq>
    </word>
    <word seq="18">of the<GreekSeq>21</GreekSeq>
    </word>
    <word seq="19">chief<GreekSeq>22</GreekSeq>
    </word>
    <word seq="20">women<GreekSeq>19</GreekSeq>
    </word>
    <word seq="21">not<GreekSeq>23</GreekSeq>
    </word>
    <word seq="22">a few.<GreekSeq>24</GreekSeq>
    </word>
   </KJV>
  </verse>
  <verse number="5">
   <KJV>
    <word seq="1">But<GreekSeq>2</GreekSeq>
    </word>
    <word seq="2">the<GreekSeq>3</GreekSeq>
    </word>
    <word seq="3">Jews<GreekSeq>4</GreekSeq>
    </word>
    <word note="Base of different Greek: ἀπειθοῦντες(544)" seq="4">which believed not,</word>
    <word seq="5">moved with envy,<GreekSeq>1</GreekSeq>
    </word>
    <word seq="6">took unto<GreekSeq>6</GreekSeq>
    </word>
    <word seq="7">them</word>
    <word seq="8">certain<GreekSeq>10</GreekSeq>
    </word>
    <word seq="9">lewd<GreekSeq>11</GreekSeq>
    </word>
    <word seq="10">fellows<GreekSeq>9</GreekSeq>
    </word>
    <word seq="11">of the<GreekSeq>7</GreekSeq>
    </word>
    <word seq="12">baser sort,<GreekSeq>8</GreekSeq>
    </word>
    <word seq="13">and<GreekSeq>12</GreekSeq>
    </word>
    <word seq="14">gathered a company,<GreekSeq>13</GreekSeq>
    </word>
    <word seq="15">and</word>
    <word seq="16">set<GreekSeq>14</GreekSeq>
    </word>
    <word seq="17">all</word>
    <word seq="18">the<GreekSeq>15</GreekSeq>
    </word>
    <word seq="19">city<GreekSeq>16</GreekSeq>
    </word>
    <word seq="20">on an uproar,<GreekSeq>14</GreekSeq>
    </word>
    <word note="Base of different Greek: τε(5037)" seq="21">and<GreekSeq>17</GreekSeq>
    </word>
    <word seq="22">assaulted<GreekSeq>18</GreekSeq>
    </word>
    <word seq="23">the<GreekSeq>19</GreekSeq>
    </word>
    <word seq="24">house<GreekSeq>20</GreekSeq>
    </word>
    <word seq="25">of Jason,<GreekSeq>21</GreekSeq>
    </word>
    <word seq="26">and</word>
    <word seq="27">sought<GreekSeq>22</GreekSeq>
    </word>
    <word note="Base of different Greek: ἀγαγεῖν(71)" seq="28">to bring<GreekSeq>24</GreekSeq>
    </word>
    <word seq="29">them<GreekSeq>23</GreekSeq>
    </word>
    <word seq="30">out<GreekSeq/>
    </word>
    <word seq="31">to<GreekSeq>25</GreekSeq>
    </word>
    <word seq="32">the<GreekSeq>26</GreekSeq>
    </word>
    <word seq="33">people.<GreekSeq>27</GreekSeq>
    </word>
   </KJV>
  </verse>
  <verse number="6">
   <KJV>
    <word seq="1">And<GreekSeq>3</GreekSeq>
    </word>
    <word seq="2">when they found<GreekSeq>2</GreekSeq>
    </word>
    <word seq="3">them<GreekSeq>4</GreekSeq>
    </word>
    <word seq="4">not,<GreekSeq>1</GreekSeq>
    </word>
    <word seq="5">they drew<GreekSeq>5</GreekSeq>
    </word>
    <word seq="6">Jason<GreekSeq>6</GreekSeq>
    </word>
    <word seq="7">and<GreekSeq>7</GreekSeq>
    </word>
    <word seq="8">certain<GreekSeq>8</GreekSeq>
    </word>
    <word seq="9">brethren<GreekSeq>9</GreekSeq>
    </word>
    <word seq="10">unto<GreekSeq>10</GreekSeq>
    </word>
    <word seq="11">the<GreekSeq>11</GreekSeq>
    </word>
    <word seq="12">rulers of the city,<GreekSeq>12</GreekSeq>
    </word>
    <word seq="13">crying,<GreekSeq>13</GreekSeq>
    </word>
    <word seq="14">These<GreekSeq>19</GreekSeq>
    </word>
    <word seq="15">that<GreekSeq>14</GreekSeq>
    </word>
    <word seq="16">have turned<GreekSeq>18</GreekSeq>
    </word>
    <word seq="17">the<GreekSeq>16</GreekSeq>
    </word>
    <word seq="18">world<GreekSeq>17</GreekSeq>
    </word>
    <word seq="19">upside down<GreekSeq>18</GreekSeq>
    </word>
    <word seq="20">are come<GreekSeq>22</GreekSeq>
    </word>
    <word seq="21">hither<GreekSeq>21</GreekSeq>
    </word>
    <word seq="22">also;<GreekSeq>20</GreekSeq>
    </word>
   </KJV>
  </verse>
  <verse number="7">
   <KJV>
    <word seq="1">Whom<GreekSeq>1</GreekSeq>
    </word>
    <word seq="2">Jason<GreekSeq>3</GreekSeq>
    </word>
    <word seq="3">hath received:<GreekSeq>2</GreekSeq>
    </word>
    <word seq="4">and<GreekSeq>4</GreekSeq>
    </word>
    <word seq="5">these<GreekSeq>5</GreekSeq>
    </word>
    <word seq="6">all<GreekSeq>6</GreekSeq>
    </word>
    <word seq="7">do<GreekSeq>11</GreekSeq>
    </word>
    <word seq="8">contrary to<GreekSeq>7</GreekSeq>
    </word>
    <word seq="9">the<GreekSeq>8</GreekSeq>
    </word>
    <word seq="10">decrees<GreekSeq>9</GreekSeq>
    </word>
    <word seq="11">of Caesar,<GreekSeq>10</GreekSeq>
    </word>
    <word seq="12">saying<GreekSeq>14</GreekSeq>
    </word>
    <word seq="13">that</word>
    <word seq="14">there is<GreekSeq>15</GreekSeq>
    </word>
    <word seq="15">another<GreekSeq>13</GreekSeq>
    </word>
    <word seq="16">king,<GreekSeq>12</GreekSeq>
    </word>
    <word seq="17">one</word>
    <word seq="18">Jesus.<GreekSeq>16</GreekSeq>
    </word>
   </KJV>
  </verse>
  <verse number="8">
   <KJV>
    <word seq="1">And<GreekSeq>2</GreekSeq>
    </word>
    <word seq="2">they troubled<GreekSeq>1</GreekSeq>
    </word>
    <word seq="3">the<GreekSeq>3</GreekSeq>
    </word>
    <word seq="4">people<GreekSeq>4</GreekSeq>
    </word>
    <word seq="5">and<GreekSeq>5</GreekSeq>
    </word>
    <word seq="6">the<GreekSeq>6</GreekSeq>
    </word>
    <word seq="7">rulers of the city,<GreekSeq>7</GreekSeq>
    </word>
    <word seq="8">when they heard<GreekSeq>8</GreekSeq>
    </word>
    <word seq="9">these things.<GreekSeq>9</GreekSeq>
    </word>
   </KJV>
  </verse>
  <verse number="9">
   <KJV>
    <word seq="1">And<GreekSeq>1</GreekSeq>
    </word>
    <word seq="2">when they had taken<GreekSeq>2</GreekSeq>
    </word>
    <word seq="3">security<GreekSeq>3</GreekSeq>
     <GreekSeq>4</GreekSeq>
    </word>
    <word seq="4">of<GreekSeq>5</GreekSeq>
    </word>
    <word seq="5">Jason,<GreekSeq>7</GreekSeq>
    </word>
    <word seq="6">and<GreekSeq>8</GreekSeq>
    </word>
    <word seq="7">of the<GreekSeq>9</GreekSeq>
    </word>
    <word seq="8">other,<GreekSeq>10</GreekSeq>
    </word>
    <word seq="9">they let<GreekSeq>11</GreekSeq>
    </word>
    <word seq="10">them<GreekSeq>12</GreekSeq>
    </word>
    <word seq="11">go.<GreekSeq>11</GreekSeq>
    </word>
   </KJV>
  </verse>
  <verse number="10">
   <KJV>
    <word seq="1">And<GreekSeq>2</GreekSeq>
    </word>
    <word seq="2">the<GreekSeq>1</GreekSeq>
    </word>
    <word seq="3">brethren<GreekSeq>3</GreekSeq>
    </word>
    <word seq="4">immediately<GreekSeq>4</GreekSeq>
    </word>
    <word seq="5">sent away<GreekSeq>7</GreekSeq>
    </word>
    <word seq="6">Paul<GreekSeq>10</GreekSeq>
    </word>
    <word seq="7">and<GreekSeq>11</GreekSeq>
    </word>
    <word seq="8">Silas<GreekSeq>13</GreekSeq>
    </word>
    <word seq="9">by<GreekSeq>5</GreekSeq>
    </word>
    <word seq="10">night<GreekSeq>6</GreekSeq>
    </word>
    <word seq="11">unto<GreekSeq>14</GreekSeq>
    </word>
    <word seq="12">Berea:<GreekSeq>15</GreekSeq>
    </word>
    <word seq="13">who<GreekSeq>16</GreekSeq>
    </word>
    <word seq="14">coming<GreekSeq>17</GreekSeq>
    </word>
    <word seq="15">thither</word>
    <word seq="16">went<GreekSeq>23</GreekSeq>
    </word>
    <word seq="17">into<GreekSeq>18</GreekSeq>
    </word>
    <word seq="18">the<GreekSeq>19</GreekSeq>
    </word>
    <word seq="19">synagogue<GreekSeq>20</GreekSeq>
    </word>
    <word seq="20">of the<GreekSeq>21</GreekSeq>
    </word>
    <word seq="21">Jews.<GreekSeq>22</GreekSeq>
    </word>
   </KJV>
  </verse>
  <verse number="11">
   <KJV>
    <word seq="1">These<GreekSeq>1</GreekSeq>
    </word>
    <word seq="2">were<GreekSeq>3</GreekSeq>
    </word>
    <word seq="3">more noble than<GreekSeq>4</GreekSeq>
    </word>
    <word seq="4">those<GreekSeq>5</GreekSeq>
    </word>
    <word seq="5">in<GreekSeq>6</GreekSeq>
    </word>
    <word seq="6">Thessalonica,<GreekSeq>7</GreekSeq>
    </word>
    <word seq="7">in that</word>
    <word seq="8">they<GreekSeq>8</GreekSeq>
    </word>
    <word seq="9">received<GreekSeq>9</GreekSeq>
    </word>
    <word seq="10">the<GreekSeq>10</GreekSeq>
    </word>
    <word seq="11">word<GreekSeq>11</GreekSeq>
    </word>
    <word seq="12">with<GreekSeq>12</GreekSeq>
    </word>
    <word seq="13">all<GreekSeq>13</GreekSeq>
    </word>
    <word seq="14">readiness of mind,<GreekSeq>14</GreekSeq>
    </word>
    <word seq="15">and</word>
    <word seq="16">searched<GreekSeq>17</GreekSeq>
    </word>
    <word seq="17">the<GreekSeq>18</GreekSeq>
    </word>
    <word seq="18">scriptures<GreekSeq>19</GreekSeq>
    </word>
    <word seq="19">daily,<GreekSeq>15</GreekSeq>
     <GreekSeq>16</GreekSeq>
    </word>
    <word seq="20">whether<GreekSeq>20</GreekSeq>
    </word>
    <word seq="21">those things <GreekSeq>22</GreekSeq>
    </word>
    <word seq="22">were<GreekSeq>21</GreekSeq>
    </word>
    <word seq="23">so.<GreekSeq>23</GreekSeq>
    </word>
   </KJV>
  </verse>
  <verse number="12">
   <KJV>
    <word seq="1">Therefore<GreekSeq>3</GreekSeq>
    </word>
    <word seq="2">many<GreekSeq>1</GreekSeq>
    </word>
    <word seq="3">of<GreekSeq>4</GreekSeq>
    </word>
    <word seq="4">them<GreekSeq>5</GreekSeq>
    </word>
    <word seq="5">believed;<GreekSeq>6</GreekSeq>
    </word>
    <word seq="6">also<GreekSeq>7</GreekSeq>
    </word>
    <word seq="7">of honourable<GreekSeq>12</GreekSeq>
    </word>
    <word seq="8">women<GreekSeq>10</GreekSeq>
    </word>
    <word seq="9">which were</word>
    <word seq="10">Greeks,<GreekSeq>9</GreekSeq>
    </word>
    <word seq="11">and<GreekSeq>13</GreekSeq>
    </word>
    <word seq="12">of men,<GreekSeq>14</GreekSeq>
    </word>
    <word seq="13">not<GreekSeq>15</GreekSeq>
    </word>
    <word seq="14">a few.<GreekSeq>16</GreekSeq>
    </word>
   </KJV>
  </verse>
  <verse number="13">
   <KJV>
    <word seq="1">But<GreekSeq>2</GreekSeq>
    </word>
    <word seq="2">when<GreekSeq>1</GreekSeq>
    </word>
    <word seq="3">the<GreekSeq>4</GreekSeq>
    </word>
    <word seq="4">Jews<GreekSeq>8</GreekSeq>
    </word>
    <word seq="5">of<GreekSeq>5</GreekSeq>
    </word>
    <word seq="6">Thessalonica<GreekSeq>7</GreekSeq>
    </word>
    <word seq="7">had knowledge<GreekSeq>3</GreekSeq>
    </word>
    <word seq="8">that<GreekSeq>9</GreekSeq>
    </word>
    <word seq="9">the<GreekSeq>18</GreekSeq>
    </word>
    <word seq="10">word<GreekSeq>19</GreekSeq>
    </word>
    <word seq="11">of God<GreekSeq>21</GreekSeq>
    </word>
    <word seq="12">was preached<GreekSeq>14</GreekSeq>
    </word>
    <word seq="13">of<GreekSeq>15</GreekSeq>
    </word>
    <word seq="14">Paul<GreekSeq>17</GreekSeq>
    </word>
    <word seq="15">at<GreekSeq>11</GreekSeq>
    </word>
    <word seq="16">Berea,<GreekSeq>13</GreekSeq>
    </word>
    <word seq="17">they came<GreekSeq>22</GreekSeq>
    </word>
    <word seq="18">thither also,<GreekSeq>23</GreekSeq>
    </word>
    <word seq="19">and<GreekSeq>25</GreekSeq>
    </word>
    <word seq="20">stirred up<GreekSeq>24</GreekSeq>
    </word>
    <word seq="21">the<GreekSeq>27</GreekSeq>
    </word>
    <word seq="22">people.<GreekSeq>28</GreekSeq>
    </word>
   </KJV>
  </verse>
  <verse number="14">
   <KJV>
    <word seq="1">And<GreekSeq>2</GreekSeq>
    </word>
    <word seq="2">then<GreekSeq>3</GreekSeq>
    </word>
    <word seq="3">immediately<GreekSeq>1</GreekSeq>
    </word>
    <word seq="4">the<GreekSeq>7</GreekSeq>
    </word>
    <word seq="5">brethren<GreekSeq>8</GreekSeq>
    </word>
    <word seq="6">sent away<GreekSeq>6</GreekSeq>
    </word>
    <word seq="7">Paul<GreekSeq>5</GreekSeq>
    </word>
    <word seq="8">to go<GreekSeq>9</GreekSeq>
    </word>
    <word note="Base of different Greek: ὡς(5613)" seq="9">as<GreekSeq>10</GreekSeq>
    </word>
    <word seq="10">it were</word>
    <word seq="11">to<GreekSeq>11</GreekSeq>
    </word>
    <word seq="12">the<GreekSeq>12</GreekSeq>
    </word>
    <word seq="13">sea:<GreekSeq>13</GreekSeq>
    </word>
    <word note="Base of different Greek: δὲ(1161)" seq="14">but<GreekSeq>15</GreekSeq>
    </word>
    <word seq="15">Silas<GreekSeq>18</GreekSeq>
    </word>
    <word seq="16">and<GreekSeq>19</GreekSeq>
    </word>
    <word seq="17">Timotheus<GreekSeq>21</GreekSeq>
    </word>
    <word seq="18">abode<GreekSeq>14</GreekSeq>
    </word>
    <word seq="19">there<GreekSeq>22</GreekSeq>
    </word>
    <word seq="20">still.</word>
   </KJV>
  </verse>
  <verse number="15">
   <KJV>
    <word seq="1">And<GreekSeq>2</GreekSeq>
    </word>
    <word seq="2">they<GreekSeq>1</GreekSeq>
    </word>
    <word seq="3">that conducted<GreekSeq>3</GreekSeq>
    </word>
    <word seq="4">Paul<GreekSeq>5</GreekSeq>
    </word>
    <word seq="5">brought<GreekSeq>6</GreekSeq>
    </word>
    <word seq="6">him<GreekSeq>23</GreekSeq>
    </word>
    <word seq="7">unto<GreekSeq>7</GreekSeq>
    </word>
    <word seq="8">Athens:<GreekSeq>8</GreekSeq>
    </word>
    <word seq="9">and<GreekSeq>9</GreekSeq>
    </word>
    <word seq="10">receiving<GreekSeq>10</GreekSeq>
    </word>
    <word seq="11">a commandment<GreekSeq>11</GreekSeq>
    </word>
    <word seq="12">unto<GreekSeq>12</GreekSeq>
    </word>
    <word seq="13">Silas<GreekSeq>14</GreekSeq>
    </word>
    <word seq="14">and<GreekSeq>15</GreekSeq>
    </word>
    <word seq="15">Timotheus<GreekSeq>17</GreekSeq>
    </word>
    <word seq="16">for<GreekSeq>18</GreekSeq>
    </word>
    <word seq="17">to come<GreekSeq>21</GreekSeq>
    </word>
    <word seq="18">to<GreekSeq>22</GreekSeq>
    </word>
    <word note="Base of different Greek: αὐτόν(846)" seq="19">him</word>
    <word seq="20">with all speed,<GreekSeq>19</GreekSeq>
     <GreekSeq>20</GreekSeq>
    </word>
    <word seq="21">they departed.<GreekSeq>24</GreekSeq>
    </word>
   </KJV>
  </verse>
  <verse number="16">
   <KJV>
    <word seq="1">Now<GreekSeq>2</GreekSeq>
    </word>
    <word seq="2">while<GreekSeq>5</GreekSeq>
    </word>
    <word seq="3">Paul<GreekSeq>8</GreekSeq>
    </word>
    <word seq="4">waited for<GreekSeq>5</GreekSeq>
    </word>
    <word seq="5">them<GreekSeq>6</GreekSeq>
    </word>
    <word seq="6">at<GreekSeq>1</GreekSeq>
    </word>
    <word seq="7">Athens,<GreekSeq>4</GreekSeq>
    </word>
    <word seq="8">his<GreekSeq>12</GreekSeq>
    </word>
    <word seq="9">spirit<GreekSeq>11</GreekSeq>
    </word>
    <word seq="10">was stirred<GreekSeq>9</GreekSeq>
    </word>
    <word seq="11">in<GreekSeq>13</GreekSeq>
    </word>
    <word seq="12">him,<GreekSeq>14</GreekSeq>
    </word>
    <word seq="13">when he saw<GreekSeq>15</GreekSeq>
    </word>
    <word seq="14">the<GreekSeq>18</GreekSeq>
    </word>
    <word seq="15">city<GreekSeq>19</GreekSeq>
    </word>
    <word seq="16">wholly given to idolatry.<GreekSeq>16</GreekSeq>
     <GreekSeq>17</GreekSeq>
    </word>
   </KJV>
  </verse>
  <verse number="17">
   <KJV>
    <word seq="1">Therefore<GreekSeq>3</GreekSeq>
    </word>
    <word seq="2">disputed he<GreekSeq>1</GreekSeq>
    </word>
    <word seq="3">in<GreekSeq>4</GreekSeq>
    </word>
    <word seq="4">the<GreekSeq>5</GreekSeq>
    </word>
    <word seq="5">synagogue<GreekSeq>6</GreekSeq>
    </word>
    <word seq="6">with the<GreekSeq>7</GreekSeq>
    </word>
    <word seq="7">Jews,<GreekSeq>8</GreekSeq>
    </word>
    <word seq="8">and<GreekSeq>9</GreekSeq>
    </word>
    <word seq="9">with the<GreekSeq>10</GreekSeq>
    </word>
    <word seq="10">devout persons, <GreekSeq>11</GreekSeq>
    </word>
    <word seq="11">and<GreekSeq>12</GreekSeq>
    </word>
    <word seq="12">in<GreekSeq>13</GreekSeq>
    </word>
    <word seq="13">the<GreekSeq>14</GreekSeq>
    </word>
    <word seq="14">market<GreekSeq>15</GreekSeq>
    </word>
    <word seq="15">daily<GreekSeq>16</GreekSeq>
     <GreekSeq>17</GreekSeq>
     <GreekSeq>18</GreekSeq>
    </word>
    <word seq="16">with<GreekSeq>19</GreekSeq>
    </word>
    <word seq="17">them <GreekSeq>20</GreekSeq>
    </word>
    <word seq="18">that met with him.<GreekSeq>21</GreekSeq>
    </word>
   </KJV>
  </verse>
  <verse number="18">
   <KJV>
    <word seq="1">Then<GreekSeq>2</GreekSeq>
    </word>
    <word seq="2">certain<GreekSeq>1</GreekSeq>
    </word>
    <word seq="3">philosophers<GreekSeq>8</GreekSeq>
    </word>
    <word seq="4">of the<GreekSeq>4</GreekSeq>
    </word>
    <word seq="5">Epicureans,<GreekSeq>5</GreekSeq>
    </word>
    <word seq="6">and<GreekSeq>6</GreekSeq>
    </word>
    <word note="Base of different Greek: τὴν(3588)" seq="7">of the</word>
    <word seq="8">Stoicks,<GreekSeq>7</GreekSeq>
    </word>
    <word seq="9">encountered<GreekSeq>9</GreekSeq>
    </word>
    <word seq="10">him.<GreekSeq>10</GreekSeq>
    </word>
    <word seq="11">And<GreekSeq>11</GreekSeq>
    </word>
    <word seq="12">some<GreekSeq>12</GreekSeq>
    </word>
    <word seq="13">said,<GreekSeq>13</GreekSeq>
    </word>
    <word seq="14">What<GreekSeq>14</GreekSeq>
    </word>
    <word seq="15">will<GreekSeq>16</GreekSeq>
    </word>
    <word seq="16">this<GreekSeq>19</GreekSeq>
    </word>
    <word seq="17">babbler<GreekSeq>18</GreekSeq>
    </word>
    <word seq="18">say?<GreekSeq>20</GreekSeq>
    </word>
    <word seq="19">other some, <GreekSeq>21</GreekSeq>
     <GreekSeq>22</GreekSeq>
    </word>
    <word seq="20">He seemeth<GreekSeq>25</GreekSeq>
    </word>
    <word seq="21">to be<GreekSeq>27</GreekSeq>
    </word>
    <word seq="22">a setter forth<GreekSeq>26</GreekSeq>
    </word>
    <word seq="23">of strange<GreekSeq>23</GreekSeq>
    </word>
    <word seq="24">gods:<GreekSeq>24</GreekSeq>
    </word>
    <word seq="25">because<GreekSeq>28</GreekSeq>
    </word>
    <word seq="26">he preached<GreekSeq>34</GreekSeq>
    </word>
    <word note="Base of different Greek: αὐτοῖς(846)" seq="27">unto them</word>
    <word seq="28">Jesus,<GreekSeq>30</GreekSeq>
    </word>
    <word seq="29">and<GreekSeq>31</GreekSeq>
    </word>
    <word seq="30">the<GreekSeq>32</GreekSeq>
    </word>
    <word seq="31">resurrection.<GreekSeq>33</GreekSeq>
    </word>
   </KJV>
  </verse>
  <verse number="19">
   <KJV>
    <word seq="1">And<GreekSeq>2</GreekSeq>
    </word>
    <word seq="2">they took<GreekSeq>1</GreekSeq>
    </word>
    <word seq="3">him,<GreekSeq>3</GreekSeq>
    </word>
    <word seq="4">and</word>
    <word seq="5">brought<GreekSeq>7</GreekSeq>
    </word>
    <word seq="6">him</word>
    <word seq="7">unto<GreekSeq>4</GreekSeq>
    </word>
    <word seq="8">Areopagus,<GreekSeq>6</GreekSeq>
    </word>
    <word seq="9">saying,<GreekSeq>8</GreekSeq>
    </word>
    <word seq="10">May we<GreekSeq>9</GreekSeq>
    </word>
    <word seq="11">know<GreekSeq>10</GreekSeq>
    </word>
    <word seq="12">what<GreekSeq>11</GreekSeq>
    </word>
    <word seq="13">this<GreekSeq>14</GreekSeq>
    </word>
    <word seq="14">new<GreekSeq>13</GreekSeq>
    </word>
    <word seq="15">doctrine,<GreekSeq>19</GreekSeq>
    </word>
    <word seq="16">whereof<GreekSeq>16</GreekSeq>
    </word>
    <word seq="17">thou<GreekSeq>17</GreekSeq>
    </word>
    <word seq="18">speakest,<GreekSeq>18</GreekSeq>
    </word>
    <word seq="19">is?</word>
   </KJV>
  </verse>
  <verse number="20">
   <KJV>
    <word seq="1">For<GreekSeq>2</GreekSeq>
    </word>
    <word seq="2">thou bringest<GreekSeq>4</GreekSeq>
    </word>
    <word seq="3">certain<GreekSeq>3</GreekSeq>
    </word>
    <word seq="4">strange things<GreekSeq>1</GreekSeq>
    </word>
    <word seq="5">to<GreekSeq>5</GreekSeq>
    </word>
    <word seq="6">our<GreekSeq>8</GreekSeq>
    </word>
    <word seq="7">ears:<GreekSeq>7</GreekSeq>
    </word>
    <word seq="8">we would<GreekSeq>9</GreekSeq>
    </word>
    <word seq="9">know<GreekSeq>11</GreekSeq>
    </word>
    <word seq="10">therefore<GreekSeq>10</GreekSeq>
    </word>
    <word note="Base of different Greek: τί(5101)" seq="11">what<GreekSeq>12</GreekSeq>
    </word>
    <word seq="12">these things <GreekSeq>14</GreekSeq>
    </word>
    <word seq="13">mean.<GreekSeq>13</GreekSeq>
    </word>
   </KJV>
  </verse>
  <verse number="21">
   <KJV>
    <word seq="1">(For<GreekSeq>2</GreekSeq>
    </word>
    <word seq="2">all<GreekSeq>3</GreekSeq>
    </word>
    <word seq="3">the Athenians<GreekSeq>1</GreekSeq>
    </word>
    <word seq="4">and<GreekSeq>4</GreekSeq>
    </word>
    <word seq="5">strangers<GreekSeq>7</GreekSeq>
    </word>
    <word seq="6">which were there<GreekSeq>6</GreekSeq>
    </word>
    <word seq="7">spent their time<GreekSeq>11</GreekSeq>
    </word>
    <word seq="8">in<GreekSeq>8</GreekSeq>
    </word>
    <word seq="9">nothing<GreekSeq>9</GreekSeq>
    </word>
    <word seq="10">else,<GreekSeq>10</GreekSeq>
    </word>
    <word seq="11">but either<GreekSeq>12</GreekSeq>
    </word>
    <word seq="12">to tell,<GreekSeq>13</GreekSeq>
    </word>
    <word note="Base of different Greek:  καὶ(2532)" seq="13">or<GreekSeq>15</GreekSeq>
    </word>
    <word seq="14">to hear<GreekSeq>16</GreekSeq>
    </word>
    <word seq="15">some<GreekSeq>17</GreekSeq>
    </word>
    <word seq="16">new thing.)<GreekSeq>18</GreekSeq>
    </word>
   </KJV>
  </verse>
  <verse number="22">
   <KJV>
    <word seq="1">Then<GreekSeq>2</GreekSeq>
    </word>
    <word seq="2">Paul<GreekSeq>4</GreekSeq>
    </word>
    <word seq="3">stood<GreekSeq>1</GreekSeq>
    </word>
    <word seq="4">in<GreekSeq>5</GreekSeq>
    </word>
    <word seq="5">the midst<GreekSeq>6</GreekSeq>
    </word>
    <word seq="6">of Mars' hill,<GreekSeq>8</GreekSeq>
    </word>
    <word seq="7">and</word>
    <word seq="8">said,<GreekSeq>9</GreekSeq>
    </word>
    <word seq="9">Ye men<GreekSeq>10</GreekSeq>
    </word>
    <word seq="10">of Athens,<GreekSeq>11</GreekSeq>
    </word>
    <word seq="11">I perceive<GreekSeq>17</GreekSeq>
    </word>
    <word seq="12">that<GreekSeq>14</GreekSeq>
    </word>
    <word seq="13">in<GreekSeq>12</GreekSeq>
    </word>
    <word seq="14">all things<GreekSeq>13</GreekSeq>
    </word>
    <word seq="15">ye<GreekSeq>16</GreekSeq>
    </word>
    <word seq="16">are</word>
    <word seq="17">too superstitious.<GreekSeq>15</GreekSeq>
    </word>
   </KJV>
  </verse>
  <verse number="23">
   <KJV>
    <word seq="1">For<GreekSeq>2</GreekSeq>
    </word>
    <word seq="2">as I passed by,<GreekSeq>1</GreekSeq>
    </word>
    <word seq="3">and<GreekSeq>3</GreekSeq>
    </word>
    <word seq="4">beheld<GreekSeq>4</GreekSeq>
    </word>
    <word seq="5">your<GreekSeq>7</GreekSeq>
    </word>
    <word seq="6">devotions,<GreekSeq>6</GreekSeq>
    </word>
    <word seq="7">I found<GreekSeq>8</GreekSeq>
    </word>
    <word seq="8">an altar<GreekSeq>10</GreekSeq>
    </word>
    <word seq="9">with<GreekSeq>11</GreekSeq>
    </word>
    <word seq="10">this<GreekSeq>12</GreekSeq>
    </word>
    <word seq="11">inscription,<GreekSeq>13</GreekSeq>
    </word>
    <word seq="12">TO THE UNKNOWN<GreekSeq>14</GreekSeq>
    </word>
    <word seq="13">GOD.<GreekSeq>15</GreekSeq>
    </word>
    <word seq="14">Whom<GreekSeq>16</GreekSeq>
    </word>
    <word seq="15">therefore<GreekSeq>17</GreekSeq>
    </word>
    <word seq="16">ye<GreekSeq>19</GreekSeq>
    </word>
    <word seq="17">ignorantly<GreekSeq>18</GreekSeq>
    </word>
    <word seq="18">worship,<GreekSeq>19</GreekSeq>
    </word>
    <word note="Base of different Greek: τοῦτον(5126)" seq="19">him<GreekSeq>20</GreekSeq>
    </word>
    <word seq="20">declare<GreekSeq>22</GreekSeq>
    </word>
    <word seq="21">I<GreekSeq>21</GreekSeq>
    </word>
    <word seq="22">unto you.<GreekSeq>23</GreekSeq>
    </word>
   </KJV>
  </verse>
  <verse number="24">
   <KJV>
    <word seq="1">God<GreekSeq>2</GreekSeq>
    </word>
    <word seq="2">that made<GreekSeq>4</GreekSeq>
    </word>
    <word seq="3">the<GreekSeq>5</GreekSeq>
    </word>
    <word seq="4">world<GreekSeq>6</GreekSeq>
    </word>
    <word seq="5">and<GreekSeq>7</GreekSeq>
    </word>
    <word seq="6">all<GreekSeq>8</GreekSeq>
    </word>
    <word seq="7">things<GreekSeq>9</GreekSeq>
    </word>
    <word seq="8">therein,<GreekSeq>10</GreekSeq>
     <GreekSeq>11</GreekSeq>
    </word>
    <word seq="9">seeing that</word>
    <word seq="10">he<GreekSeq>12</GreekSeq>
    </word>
    <word seq="11">is<GreekSeq>16</GreekSeq>
    </word>
    <word seq="12">Lord<GreekSeq>17</GreekSeq>
    </word>
    <word seq="13">of heaven<GreekSeq>13</GreekSeq>
    </word>
    <word seq="14">and<GreekSeq>14</GreekSeq>
    </word>
    <word seq="15">earth,<GreekSeq>15</GreekSeq>
    </word>
    <word seq="16">dwelleth<GreekSeq>22</GreekSeq>
    </word>
    <word seq="17">not<GreekSeq>18</GreekSeq>
    </word>
    <word seq="18">in<GreekSeq>19</GreekSeq>
    </word>
    <word seq="19">temples<GreekSeq>21</GreekSeq>
    </word>
    <word seq="20">made with hands;<GreekSeq>20</GreekSeq>
    </word>
   </KJV>
  </verse>
  <verse number="25">
   <KJV>
    <word seq="1">Neither<GreekSeq>1</GreekSeq>
    </word>
    <word seq="2">is worshipped<GreekSeq>5</GreekSeq>
    </word>
    <word seq="3">with<GreekSeq>2</GreekSeq>
    </word>
    <word note="Base of different Greek: ἀνθρώπων(444)" seq="4">men's<GreekSeq>4</GreekSeq>
    </word>
    <word seq="5">hands,<GreekSeq>3</GreekSeq>
    </word>
    <word seq="6">as though</word>
    <word seq="7">he needed<GreekSeq>6</GreekSeq>
    </word>
    <word seq="8">any thing, <GreekSeq>7</GreekSeq>
    </word>
    <word seq="9">seeing</word>
    <word seq="10">he<GreekSeq>8</GreekSeq>
    </word>
    <word seq="11">giveth<GreekSeq>9</GreekSeq>
    </word>
    <word seq="12">to all<GreekSeq>10</GreekSeq>
    </word>
    <word seq="13">life,<GreekSeq>11</GreekSeq>
    </word>
    <word seq="14">and<GreekSeq>12</GreekSeq>
    </word>
    <word seq="15">breath,<GreekSeq>13</GreekSeq>
    </word>
    <word seq="16">and<GreekSeq>14</GreekSeq>
    </word>
    <word seq="17">all<GreekSeq>16</GreekSeq>
    </word>
    <word seq="18">things;<GreekSeq>15</GreekSeq>
    </word>
   </KJV>
  </verse>
  <verse number="26">
   <KJV>
    <word seq="1">And<GreekSeq>2</GreekSeq>
    </word>
    <word seq="2">hath made<GreekSeq>1</GreekSeq>
    </word>
    <word seq="3">of<GreekSeq>3</GreekSeq>
    </word>
    <word seq="4">one<GreekSeq>4</GreekSeq>
    </word>
    <word note="Base of different Greek: αἵματός(129)" seq="5">blood</word>
    <word seq="6">all<GreekSeq>5</GreekSeq>
    </word>
    <word seq="7">nations<GreekSeq>6</GreekSeq>
    </word>
    <word seq="8">of men<GreekSeq>7</GreekSeq>
    </word>
    <word seq="9">for</word>
    <word seq="10">to dwell<GreekSeq>8</GreekSeq>
    </word>
    <word seq="11">on<GreekSeq>9</GreekSeq>
    </word>
    <word seq="12">all<GreekSeq>10</GreekSeq>
    </word>
    <word seq="13">the face of<GreekSeq>11</GreekSeq>
    </word>
    <word seq="14">the<GreekSeq>12</GreekSeq>
    </word>
    <word seq="15">earth,<GreekSeq>13</GreekSeq>
    </word>
    <word seq="16">and</word>
    <word seq="17">hath determined<GreekSeq>14</GreekSeq>
    </word>
    <word seq="18">the times<GreekSeq>16</GreekSeq>
    </word>
    <word note="Base of different Greek: προτεταγμένους(4384)" seq="19">before appointed,<GreekSeq>15</GreekSeq>
    </word>
    <word seq="20">and<GreekSeq>17</GreekSeq>
    </word>
    <word seq="21">the<GreekSeq>18</GreekSeq>
    </word>
    <word seq="22">bounds<GreekSeq>19</GreekSeq>
    </word>
    <word seq="23">of<GreekSeq>21</GreekSeq>
    </word>
    <word seq="24">their<GreekSeq>22</GreekSeq>
    </word>
    <word seq="25">habitation;<GreekSeq>21</GreekSeq>
    </word>
   </KJV>
  </verse>
  <verse number="27">
   <KJV>
    <word seq="1">That they should seek<GreekSeq>1</GreekSeq>
    </word>
    <word seq="2">the<GreekSeq>2</GreekSeq>
    </word>
    <word note="Base of different Greek: Κύριον(2962)" seq="3">Lord,<GreekSeq>3</GreekSeq>
    </word>
    <word seq="4">if<GreekSeq>4</GreekSeq>
    </word>
    <word seq="5">haply<GreekSeq>5</GreekSeq>
    </word>
    <word seq="6">they might feel after<GreekSeq>7</GreekSeq>
    </word>
    <word seq="7">him,<GreekSeq>8</GreekSeq>
    </word>
    <word seq="8">and<GreekSeq>9</GreekSeq>
    </word>
    <word seq="9">find<GreekSeq>10</GreekSeq>
    </word>
    <word seq="10">him,</word>
    <word note="Base of different Greek: καίτοιγε(2544)" seq="11">though<GreekSeq>12</GreekSeq>
    </word>
    <word seq="12">he be<GreekSeq>19</GreekSeq>
    </word>
    <word seq="13">not<GreekSeq>13</GreekSeq>
    </word>
    <word seq="14">far<GreekSeq>14</GreekSeq>
    </word>
    <word seq="15">from<GreekSeq>15</GreekSeq>
    </word>
    <word seq="16">every<GreekSeq>17</GreekSeq>
    </word>
    <word seq="17">one<GreekSeq>16</GreekSeq>
    </word>
    <word seq="18">of us:<GreekSeq>18</GreekSeq>
    </word>
   </KJV>
  </verse>
  <verse number="28">
   <KJV>
    <word seq="1">For<GreekSeq>3</GreekSeq>
    </word>
    <word seq="2">in<GreekSeq>1</GreekSeq>
    </word>
    <word seq="3">him<GreekSeq>2</GreekSeq>
    </word>
    <word seq="4">we live,<GreekSeq>4</GreekSeq>
    </word>
    <word seq="5">and<GreekSeq>5</GreekSeq>
    </word>
    <word seq="6">move,<GreekSeq>6</GreekSeq>
    </word>
    <word seq="7">and<GreekSeq>7</GreekSeq>
    </word>
    <word seq="8">have our being;<GreekSeq>8</GreekSeq>
    </word>
    <word seq="9">as<GreekSeq>9</GreekSeq>
    </word>
    <word seq="10">certain<GreekSeq>11</GreekSeq>
    </word>
    <word seq="11">also<GreekSeq>10</GreekSeq>
    </word>
    <word seq="12">of<GreekSeq>13</GreekSeq>
    </word>
    <word seq="13">your own<GreekSeq>14</GreekSeq>
    </word>
    <word seq="14">poets<GreekSeq>15</GreekSeq>
    </word>
    <word seq="15">have said,<GreekSeq>16</GreekSeq>
    </word>
    <word seq="16">For<GreekSeq>18</GreekSeq>
    </word>
    <word seq="17">we are<GreekSeq>21</GreekSeq>
    </word>
    <word seq="18">also<GreekSeq>19</GreekSeq>
    </word>
    <word seq="19">his<GreekSeq>17</GreekSeq>
    </word>
    <word seq="20">offspring.<GreekSeq>20</GreekSeq>
    </word>
   </KJV>
  </verse>
  <verse number="29">
   <KJV>
    <word seq="1">Forasmuch then<GreekSeq>2</GreekSeq>
    </word>
    <word seq="2">as we are<GreekSeq>3</GreekSeq>
    </word>
    <word seq="3">the offspring<GreekSeq>1</GreekSeq>
    </word>
    <word seq="4">of God,<GreekSeq>5</GreekSeq>
    </word>
    <word seq="5">we ought<GreekSeq>7</GreekSeq>
    </word>
    <word seq="6">not<GreekSeq>6</GreekSeq>
    </word>
    <word seq="7">to think<GreekSeq>8</GreekSeq>
    </word>
    <word seq="8">that</word>
    <word seq="9">the<GreekSeq>19</GreekSeq>
    </word>
    <word seq="10">Godhead<GreekSeq>20</GreekSeq>
    </word>
    <word seq="11">is<GreekSeq>21</GreekSeq>
    </word>
    <word seq="12">like<GreekSeq>22</GreekSeq>
    </word>
    <word seq="13">unto gold,<GreekSeq>9</GreekSeq>
    </word>
    <word seq="14">or<GreekSeq>10</GreekSeq>
    </word>
    <word seq="15">silver,<GreekSeq>11</GreekSeq>
    </word>
    <word seq="16">or<GreekSeq>12</GreekSeq>
    </word>
    <word seq="17">stone,<GreekSeq>13</GreekSeq>
    </word>
    <word seq="18">graven<GreekSeq>14</GreekSeq>
    </word>
    <word seq="19">by art<GreekSeq>15</GreekSeq>
    </word>
    <word seq="20">and<GreekSeq>16</GreekSeq>
    </word>
    <word seq="21">man's<GreekSeq>18</GreekSeq>
    </word>
    <word seq="22">device.<GreekSeq>17</GreekSeq>
    </word>
   </KJV>
  </verse>
  <verse number="30">
   <KJV>
    <word seq="1">And<GreekSeq>3</GreekSeq>
    </word>
    <word seq="2">the<GreekSeq>1</GreekSeq>
    </word>
    <word seq="3">times<GreekSeq>4</GreekSeq>
    </word>
    <word seq="4">of this ignorance<GreekSeq>6</GreekSeq>
    </word>
    <word seq="5">God<GreekSeq>9</GreekSeq>
    </word>
    <word seq="6">winked at;<GreekSeq>7</GreekSeq>
    </word>
    <word seq="7">but</word>
    <word seq="8">now<GreekSeq>11</GreekSeq>
    </word>
    <word seq="9">commandeth<GreekSeq>12</GreekSeq>
    </word>
    <word seq="10">all<GreekSeq>15</GreekSeq>
    </word>
    <word seq="11">men<GreekSeq>14</GreekSeq>
    </word>
    <word seq="12">every where<GreekSeq>16</GreekSeq>
    </word>
    <word seq="13">to repent:<GreekSeq>17</GreekSeq>
    </word>
   </KJV>
  </verse>
  <verse number="31">
   <KJV>
    <word note="Base of different Greek: διότι(1360)" seq="1">Because<GreekSeq>1</GreekSeq>
    </word>
    <word seq="2">he hath appointed<GreekSeq>2</GreekSeq>
    </word>
    <word seq="3">a day,<GreekSeq>3</GreekSeq>
    </word>
    <word seq="4">in<GreekSeq>4</GreekSeq>
    </word>
    <word seq="5">the which<GreekSeq>5</GreekSeq>
    </word>
    <word seq="6">he will<GreekSeq>6</GreekSeq>
    </word>
    <word seq="7">judge<GreekSeq>7</GreekSeq>
    </word>
    <word seq="8">the<GreekSeq>8</GreekSeq>
    </word>
    <word seq="9">world<GreekSeq>9</GreekSeq>
    </word>
    <word seq="10">in<GreekSeq>10</GreekSeq>
    </word>
    <word seq="11">righteousness<GreekSeq>11</GreekSeq>
    </word>
    <word seq="12">by<GreekSeq>12</GreekSeq>
    </word>
    <word seq="13">that man<GreekSeq>13</GreekSeq>
    </word>
    <word seq="14">whom<GreekSeq>14</GreekSeq>
    </word>
    <word seq="15">he hath ordained;<GreekSeq>15</GreekSeq>
    </word>
    <word seq="16">whereof</word>
    <word seq="17">he hath given<GreekSeq>17</GreekSeq>
    </word>
    <word seq="18">assurance<GreekSeq>16</GreekSeq>
    </word>
    <word seq="19">unto all men,<GreekSeq>18</GreekSeq>
    </word>
    <word seq="20">in that he hath raised<GreekSeq>19</GreekSeq>
    </word>
    <word seq="21">him<GreekSeq>20</GreekSeq>
    </word>
    <word seq="22">from<GreekSeq>21</GreekSeq>
    </word>
    <word seq="23">the dead.<GreekSeq>22</GreekSeq>
    </word>
   </KJV>
  </verse>
  <verse number="32">
   <KJV>
    <word seq="1">And<GreekSeq>2</GreekSeq>
    </word>
    <word seq="2">when they heard of<GreekSeq>1</GreekSeq>
    </word>
    <word seq="3">the resurrection<GreekSeq>3</GreekSeq>
    </word>
    <word seq="4">of the dead,<GreekSeq>4</GreekSeq>
    </word>
    <word seq="5">some<GreekSeq>5</GreekSeq>
    </word>
    <word seq="6">mocked:<GreekSeq>7</GreekSeq>
    </word>
    <word seq="7">and<GreekSeq>9</GreekSeq>
    </word>
    <word seq="8">others<GreekSeq>8</GreekSeq>
    </word>
    <word seq="9">said,<GreekSeq>10</GreekSeq>
    </word>
    <word seq="10">We will hear<GreekSeq>11</GreekSeq>
    </word>
    <word seq="11">thee<GreekSeq>12</GreekSeq>
    </word>
    <word seq="12">again<GreekSeq>16</GreekSeq>
    </word>
    <word seq="13">of<GreekSeq>13</GreekSeq>
    </word>
    <word seq="14">this matter.<GreekSeq>14</GreekSeq>
    </word>
   </KJV>
  </verse>
  <verse number="33">
   <KJV>
    <word seq="1">So<GreekSeq>1</GreekSeq>
    </word>
    <word seq="2">Paul<GreekSeq>3</GreekSeq>
    </word>
    <word seq="3">departed<GreekSeq>4</GreekSeq>
    </word>
    <word seq="4">from<GreekSeq>5</GreekSeq>
    </word>
    <word seq="5">among<GreekSeq>6</GreekSeq>
    </word>
    <word seq="6">them.<GreekSeq>7</GreekSeq>
    </word>
   </KJV>
  </verse>
  <verse number="34">
   <KJV>
    <word seq="1">Howbeit<GreekSeq>2</GreekSeq>
    </word>
    <word seq="2">certain<GreekSeq>1</GreekSeq>
    </word>
    <word seq="3">men<GreekSeq>3</GreekSeq>
    </word>
    <word seq="4">clave<GreekSeq>4</GreekSeq>
    </word>
    <word seq="5">unto him,<GreekSeq>5</GreekSeq>
    </word>
    <word seq="6">and</word>
    <word seq="7">believed:<GreekSeq>6</GreekSeq>
    </word>
    <word seq="8">among<GreekSeq>7</GreekSeq>
    </word>
    <word seq="9">the which<GreekSeq>8</GreekSeq>
    </word>
    <word seq="10">was</word>
    <word seq="11">Dionysius<GreekSeq>10</GreekSeq>
    </word>
    <word seq="12">the<GreekSeq>11</GreekSeq>
    </word>
    <word seq="13">Areopagite,<GreekSeq>12</GreekSeq>
    </word>
    <word seq="14">and<GreekSeq>13</GreekSeq>
    </word>
    <word seq="15">a woman<GreekSeq>14</GreekSeq>
    </word>
    <word seq="16">named<GreekSeq>15</GreekSeq>
    </word>
    <word seq="17">Damaris,<GreekSeq>16</GreekSeq>
    </word>
    <word seq="18">and<GreekSeq>17</GreekSeq>
    </word>
    <word seq="19">others<GreekSeq>18</GreekSeq>
    </word>
    <word seq="20">with<GreekSeq>19</GreekSeq>
    </word>
    <word seq="21">them.<GreekSeq>20</GreekSeq>
    </word>
   </KJV>
  </verse>
 </chapter>
</book>
