<?xml version="1.0" encoding="UTF-8" standalone="no"?>
<book>
 <chapter book="null" number="3">
  <verse number="1">
   <KJV>
    <word seq="1">Now<GreekSeq>2</GreekSeq>
    </word>
    <word seq="2">Peter<GreekSeq>1</GreekSeq>
    </word>
    <word seq="3">and<GreekSeq>3</GreekSeq>
    </word>
    <word seq="4">John<GreekSeq>4</GreekSeq>
    </word>
    <word seq="5">went up<GreekSeq>5</GreekSeq>
    </word>
    <word note="Base of different Greek:  ἐπὶ(1909) αὐτὸ(846)" seq="6">together</word>
    <word seq="7">into<GreekSeq>6</GreekSeq>
    </word>
    <word seq="8">the<GreekSeq>7</GreekSeq>
    </word>
    <word seq="9">temple<GreekSeq>8</GreekSeq>
    </word>
    <word seq="10">at<GreekSeq>9</GreekSeq>
    </word>
    <word seq="11">the<GreekSeq>10</GreekSeq>
    </word>
    <word seq="12">hour<GreekSeq>11</GreekSeq>
    </word>
    <word seq="13">of prayer,<GreekSeq>13</GreekSeq>
    </word>
    <word seq="14">being</word>
    <word seq="15">the<GreekSeq>14</GreekSeq>
    </word>
    <word seq="16">ninth [hour].<GreekSeq>15</GreekSeq>
    </word>
   </KJV>
  </verse>
  <verse number="2">
   <KJV>
    <word seq="1">And<GreekSeq>1</GreekSeq>
    </word>
    <word seq="2">a certain<GreekSeq>2</GreekSeq>
    </word>
    <word seq="3">man<GreekSeq>3</GreekSeq>
    </word>
    <word seq="4">lame<GreekSeq>4</GreekSeq>
    </word>
    <word seq="5">from<GreekSeq>5</GreekSeq>
    </word>
    <word seq="6">his<GreekSeq>8</GreekSeq>
    </word>
    <word seq="7">mother's<GreekSeq>7</GreekSeq>
    </word>
    <word seq="8">womb<GreekSeq>6</GreekSeq>
    </word>
    <word seq="9">was carried,<GreekSeq>10</GreekSeq>
    </word>
    <word seq="10">whom<GreekSeq>11</GreekSeq>
    </word>
    <word seq="11">they laid<GreekSeq>12</GreekSeq>
    </word>
    <word seq="12">daily<GreekSeq>13</GreekSeq>
     <GreekSeq>14</GreekSeq>
    </word>
    <word seq="13">at<GreekSeq>15</GreekSeq>
    </word>
    <word seq="14">the<GreekSeq>16</GreekSeq>
    </word>
    <word seq="15">gate<GreekSeq>17</GreekSeq>
    </word>
    <word seq="16">of the<GreekSeq>18</GreekSeq>
    </word>
    <word seq="17">temple<GreekSeq>19</GreekSeq>
    </word>
    <word seq="18">which is called<GreekSeq>21</GreekSeq>
    </word>
    <word seq="19">Beautiful,<GreekSeq>22</GreekSeq>
    </word>
    <word seq="20">to ask<GreekSeq>24</GreekSeq>
    </word>
    <word seq="21">alms<GreekSeq>25</GreekSeq>
    </word>
    <word seq="22">of<GreekSeq>26</GreekSeq>
    </word>
    <word seq="23">them<GreekSeq>27</GreekSeq>
    </word>
    <word seq="24">that entered<GreekSeq>28</GreekSeq>
    </word>
    <word seq="25">into<GreekSeq>29</GreekSeq>
    </word>
    <word seq="26">the<GreekSeq>30</GreekSeq>
    </word>
    <word seq="27">temple;<GreekSeq>31</GreekSeq>
    </word>
   </KJV>
  </verse>
  <verse number="3">
   <KJV>
    <word seq="1">Who<GreekSeq>1</GreekSeq>
    </word>
    <word seq="2">seeing<GreekSeq>2</GreekSeq>
    </word>
    <word seq="3">Peter<GreekSeq>3</GreekSeq>
    </word>
    <word seq="4">and<GreekSeq>4</GreekSeq>
    </word>
    <word seq="5">John<GreekSeq>5</GreekSeq>
    </word>
    <word seq="6">about<GreekSeq>6</GreekSeq>
    </word>
    <word seq="7">to go<GreekSeq>7</GreekSeq>
    </word>
    <word seq="8">into<GreekSeq>8</GreekSeq>
    </word>
    <word seq="9">the<GreekSeq>9</GreekSeq>
    </word>
    <word seq="10">temple<GreekSeq>10</GreekSeq>
    </word>
    <word seq="11">asked<GreekSeq>11</GreekSeq>
    </word>
    <word seq="12">an alms.<GreekSeq>12</GreekSeq>
    </word>
   </KJV>
  </verse>
  <verse number="4">
   <KJV>
    <word seq="1">And<GreekSeq>2</GreekSeq>
    </word>
    <word seq="2">Peter,<GreekSeq>3</GreekSeq>
    </word>
    <word seq="3">fastening his eyes<GreekSeq>1</GreekSeq>
    </word>
    <word seq="4">upon<GreekSeq>4</GreekSeq>
    </word>
    <word seq="5">him<GreekSeq>5</GreekSeq>
    </word>
    <word seq="6">with<GreekSeq>6</GreekSeq>
    </word>
    <word seq="7">John,<GreekSeq>8</GreekSeq>
    </word>
    <word seq="8">said,<GreekSeq>9</GreekSeq>
    </word>
    <word seq="9">Look<GreekSeq>10</GreekSeq>
    </word>
    <word seq="10">on<GreekSeq>11</GreekSeq>
    </word>
    <word seq="11">us.<GreekSeq>12</GreekSeq>
    </word>
   </KJV>
  </verse>
  <verse number="5">
   <KJV>
    <word seq="1">And<GreekSeq>2</GreekSeq>
    </word>
    <word seq="2">he<GreekSeq>1</GreekSeq>
    </word>
    <word seq="3">gave heed<GreekSeq>3</GreekSeq>
    </word>
    <word seq="4">unto them,<GreekSeq>4</GreekSeq>
    </word>
    <word seq="5">expecting<GreekSeq>5</GreekSeq>
    </word>
    <word seq="6">to receive<GreekSeq>9</GreekSeq>
    </word>
    <word seq="7">something<GreekSeq>6</GreekSeq>
    </word>
    <word seq="8">of<GreekSeq>7</GreekSeq>
    </word>
    <word seq="9">them.<GreekSeq>8</GreekSeq>
    </word>
   </KJV>
  </verse>
  <verse number="6">
   <KJV>
    <word seq="1">Then<GreekSeq>2</GreekSeq>
    </word>
    <word seq="2">Peter<GreekSeq>3</GreekSeq>
    </word>
    <word seq="3">said,<GreekSeq>1</GreekSeq>
    </word>
    <word seq="4">Silver<GreekSeq>4</GreekSeq>
    </word>
    <word seq="5">and<GreekSeq>5</GreekSeq>
    </word>
    <word seq="6">gold<GreekSeq>6</GreekSeq>
    </word>
    <word seq="7">have<GreekSeq>8</GreekSeq>
    </word>
    <word seq="8">I<GreekSeq>9</GreekSeq>
    </word>
    <word seq="9">none;<GreekSeq>7</GreekSeq>
    </word>
    <word seq="10">but<GreekSeq>11</GreekSeq>
    </word>
    <word seq="11">such as<GreekSeq>10</GreekSeq>
     <GreekSeq>13</GreekSeq>
    </word>
    <word seq="12">I have<GreekSeq>12</GreekSeq>
    </word>
    <word seq="13">give I<GreekSeq>15</GreekSeq>
    </word>
    <word seq="14">thee:<GreekSeq>14</GreekSeq>
    </word>
    <word seq="15">In<GreekSeq>16</GreekSeq>
    </word>
    <word seq="16">the<GreekSeq>17</GreekSeq>
    </word>
    <word seq="17">name<GreekSeq>18</GreekSeq>
    </word>
    <word seq="18">of Jesus<GreekSeq>19</GreekSeq>
    </word>
    <word seq="19">Christ<GreekSeq>20</GreekSeq>
    </word>
    <word seq="20">of Nazareth<GreekSeq>22</GreekSeq>
    </word>
    <word seq="21">rise up<GreekSeq>23</GreekSeq>
    </word>
    <word seq="22">and<GreekSeq>24</GreekSeq>
    </word>
    <word seq="23">walk.<GreekSeq>25</GreekSeq>
    </word>
   </KJV>
  </verse>
  <verse number="7">
   <KJV>
    <word seq="1">And<GreekSeq>1</GreekSeq>
    </word>
    <word seq="2">he took<GreekSeq>2</GreekSeq>
    </word>
    <word seq="3">him<GreekSeq>3</GreekSeq>
    </word>
    <word seq="4">by the<GreekSeq>4</GreekSeq>
    </word>
    <word seq="5">right<GreekSeq>5</GreekSeq>
    </word>
    <word seq="6">hand,<GreekSeq>6</GreekSeq>
    </word>
    <word seq="7">and</word>
    <word seq="8">lifted<GreekSeq>7</GreekSeq>
    </word>
    <word seq="9">him<GreekSeq>8</GreekSeq>
    </word>
    <word seq="10">up:<GreekSeq>7</GreekSeq>
    </word>
    <word seq="11">and<GreekSeq>10</GreekSeq>
    </word>
    <word seq="12">immediately<GreekSeq>9</GreekSeq>
    </word>
    <word seq="13">his<GreekSeq>14</GreekSeq>
    </word>
    <word seq="14">feet<GreekSeq>13</GreekSeq>
    </word>
    <word seq="15">and<GreekSeq>15</GreekSeq>
    </word>
    <word seq="16">ancle bones<GreekSeq>17</GreekSeq>
    </word>
    <word seq="17">received strength.<GreekSeq>11</GreekSeq>
    </word>
   </KJV>
  </verse>
  <verse number="8">
   <KJV>
    <word seq="1">And<GreekSeq>1</GreekSeq>
    </word>
    <word seq="2">he leaping up<GreekSeq>2</GreekSeq>
    </word>
    <word seq="3">stood,<GreekSeq>3</GreekSeq>
    </word>
    <word seq="4">and<GreekSeq>4</GreekSeq>
    </word>
    <word seq="5">walked,<GreekSeq>5</GreekSeq>
    </word>
    <word seq="6">and<GreekSeq>6</GreekSeq>
    </word>
    <word seq="7">entered<GreekSeq>7</GreekSeq>
    </word>
    <word seq="8">with<GreekSeq>8</GreekSeq>
    </word>
    <word seq="9">them<GreekSeq>9</GreekSeq>
    </word>
    <word seq="10">into<GreekSeq>10</GreekSeq>
    </word>
    <word seq="11">the<GreekSeq>11</GreekSeq>
    </word>
    <word seq="12">temple,<GreekSeq>12</GreekSeq>
    </word>
    <word seq="13">walking,<GreekSeq>13</GreekSeq>
    </word>
    <word seq="14">and<GreekSeq>14</GreekSeq>
    </word>
    <word seq="15">leaping,<GreekSeq>15</GreekSeq>
    </word>
    <word seq="16">and<GreekSeq>16</GreekSeq>
    </word>
    <word seq="17">praising<GreekSeq>17</GreekSeq>
    </word>
    <word seq="18">God.<GreekSeq>19</GreekSeq>
    </word>
   </KJV>
  </verse>
  <verse number="9">
   <KJV>
    <word seq="1">And<GreekSeq>1</GreekSeq>
    </word>
    <word seq="2">all<GreekSeq>3</GreekSeq>
    </word>
    <word seq="3">the<GreekSeq>4</GreekSeq>
    </word>
    <word seq="4">people<GreekSeq>5</GreekSeq>
    </word>
    <word seq="5">saw<GreekSeq>2</GreekSeq>
    </word>
    <word seq="6">him<GreekSeq>6</GreekSeq>
    </word>
    <word seq="7">walking<GreekSeq>7</GreekSeq>
    </word>
    <word seq="8">and<GreekSeq>8</GreekSeq>
    </word>
    <word seq="9">praising<GreekSeq>9</GreekSeq>
    </word>
    <word seq="10">God:<GreekSeq>11</GreekSeq>
    </word>
   </KJV>
  </verse>
  <verse number="10">
   <KJV>
    <word note="Base of different Greek: τε(5037)" seq="1">And<GreekSeq>2</GreekSeq>
    </word>
    <word seq="2">they knew<GreekSeq>1</GreekSeq>
    </word>
    <word seq="3">that<GreekSeq>4</GreekSeq>
    </word>
    <word seq="4">it was<GreekSeq>6</GreekSeq>
    </word>
    <word seq="5">he<GreekSeq>5</GreekSeq>
    </word>
    <word seq="6">which sat<GreekSeq>11</GreekSeq>
    </word>
    <word seq="7">for<GreekSeq>8</GreekSeq>
    </word>
    <word seq="8">alms<GreekSeq>10</GreekSeq>
    </word>
    <word seq="9">at<GreekSeq>12</GreekSeq>
    </word>
    <word seq="10">the<GreekSeq>13</GreekSeq>
    </word>
    <word seq="11">Beautiful<GreekSeq>14</GreekSeq>
    </word>
    <word seq="12">gate<GreekSeq>15</GreekSeq>
    </word>
    <word seq="13">of the<GreekSeq>16</GreekSeq>
    </word>
    <word seq="14">temple:<GreekSeq>17</GreekSeq>
    </word>
    <word seq="15">and<GreekSeq>18</GreekSeq>
    </word>
    <word seq="16">they were filled<GreekSeq>19</GreekSeq>
    </word>
    <word seq="17">with wonder<GreekSeq>20</GreekSeq>
    </word>
    <word seq="18">and<GreekSeq>21</GreekSeq>
    </word>
    <word seq="19">amazement<GreekSeq>22</GreekSeq>
    </word>
    <word seq="20">at<GreekSeq>23</GreekSeq>
    </word>
    <word seq="21">that<GreekSeq>24</GreekSeq>
    </word>
    <word seq="22">which had happened<GreekSeq>25</GreekSeq>
    </word>
    <word seq="23">unto him.<GreekSeq>26</GreekSeq>
    </word>
   </KJV>
  </verse>
  <verse number="11">
   <KJV>
    <word seq="1">And<GreekSeq>2</GreekSeq>
    </word>
    <word seq="2">as<GreekSeq>1</GreekSeq>
    </word>
    <word note="Base of different Greek: χωλοῦ(5560)" seq="3">the lame man</word>
    <word note="Base of different Greek: ἰαθέντος(2390)" seq="4">which was healed</word>
    <word seq="5">held<GreekSeq>1</GreekSeq>
    </word>
    <word seq="6">Peter<GreekSeq>5</GreekSeq>
    </word>
    <word seq="7">and<GreekSeq>6</GreekSeq>
    </word>
    <word seq="8">John,<GreekSeq>8</GreekSeq>
    </word>
    <word seq="9">all<GreekSeq>10</GreekSeq>
    </word>
    <word seq="10">the<GreekSeq>11</GreekSeq>
    </word>
    <word seq="11">people<GreekSeq>12</GreekSeq>
    </word>
    <word seq="12">ran together<GreekSeq>9</GreekSeq>
    </word>
    <word seq="13">unto<GreekSeq>13</GreekSeq>
    </word>
    <word seq="14">them<GreekSeq>14</GreekSeq>
    </word>
    <word seq="15">in<GreekSeq>15</GreekSeq>
    </word>
    <word seq="16">the<GreekSeq>16</GreekSeq>
    </word>
    <word seq="17">porch<GreekSeq>17</GreekSeq>
    </word>
    <word seq="18">that is called<GreekSeq>19</GreekSeq>
    </word>
    <word seq="19">Solomon's,<GreekSeq>20</GreekSeq>
    </word>
    <word seq="20">greatly wondering.<GreekSeq>21</GreekSeq>
    </word>
   </KJV>
  </verse>
  <verse number="12">
   <KJV>
    <word seq="1">And<GreekSeq>2</GreekSeq>
    </word>
    <word seq="2">when<GreekSeq>1</GreekSeq>
    </word>
    <word seq="3">Peter<GreekSeq>4</GreekSeq>
    </word>
    <word seq="4">saw<GreekSeq>1</GreekSeq>
    </word>
    <word seq="5">it,</word>
    <word seq="6">he answered<GreekSeq>5</GreekSeq>
    </word>
    <word seq="7">unto<GreekSeq>6</GreekSeq>
    </word>
    <word seq="8">the<GreekSeq>7</GreekSeq>
    </word>
    <word seq="9">people,<GreekSeq>8</GreekSeq>
    </word>
    <word seq="10">Ye men<GreekSeq>9</GreekSeq>
    </word>
    <word seq="11">of Israel,<GreekSeq>10</GreekSeq>
    </word>
    <word seq="12">why<GreekSeq>11</GreekSeq>
    </word>
    <word seq="13">marvel ye<GreekSeq>12</GreekSeq>
    </word>
    <word seq="14">at<GreekSeq>13</GreekSeq>
    </word>
    <word seq="15">this?<GreekSeq>14</GreekSeq>
    </word>
    <word seq="16">or<GreekSeq>15</GreekSeq>
    </word>
    <word seq="17">why<GreekSeq>17</GreekSeq>
    </word>
    <word seq="18">look ye so earnestly<GreekSeq>18</GreekSeq>
    </word>
    <word seq="19">on us,<GreekSeq>16</GreekSeq>
    </word>
    <word seq="20">as though<GreekSeq>19</GreekSeq>
    </word>
    <word seq="21">by our own<GreekSeq>20</GreekSeq>
    </word>
    <word seq="22">power<GreekSeq>21</GreekSeq>
    </word>
    <word seq="23">or<GreekSeq>22</GreekSeq>
    </word>
    <word seq="24">holiness<GreekSeq>23</GreekSeq>
    </word>
    <word seq="25">[we] had made<GreekSeq>24</GreekSeq>
    </word>
    <word seq="26">this man<GreekSeq>27</GreekSeq>
    </word>
    <word seq="27">to walk?<GreekSeq>26</GreekSeq>
    </word>
   </KJV>
  </verse>
  <verse number="13">
   <KJV>
    <word seq="1">The<GreekSeq>1</GreekSeq>
    </word>
    <word seq="2">God<GreekSeq>2</GreekSeq>
    </word>
    <word seq="3">of Abraham,<GreekSeq>3</GreekSeq>
    </word>
    <word seq="4">and<GreekSeq>4</GreekSeq>
    </word>
    <word seq="5">of Isaac,<GreekSeq>7</GreekSeq>
    </word>
    <word seq="6">and<GreekSeq>8</GreekSeq>
    </word>
    <word seq="7">of Jacob,<GreekSeq>11</GreekSeq>
    </word>
    <word seq="8">the<GreekSeq>12</GreekSeq>
    </word>
    <word seq="9">God<GreekSeq>13</GreekSeq>
    </word>
    <word seq="10">of<GreekSeq>15</GreekSeq>
    </word>
    <word seq="11">our<GreekSeq>16</GreekSeq>
    </word>
    <word seq="12">fathers,<GreekSeq>15</GreekSeq>
    </word>
    <word seq="13">hath glorified<GreekSeq>17</GreekSeq>
    </word>
    <word seq="14">his<GreekSeq>20</GreekSeq>
    </word>
    <word seq="15">Son<GreekSeq>19</GreekSeq>
    </word>
    <word seq="16">Jesus;<GreekSeq>21</GreekSeq>
    </word>
    <word seq="17">whom<GreekSeq>22</GreekSeq>
    </word>
    <word seq="18">ye<GreekSeq>23</GreekSeq>
    </word>
    <word seq="19">delivered up,<GreekSeq>25</GreekSeq>
    </word>
    <word seq="20">and<GreekSeq>26</GreekSeq>
    </word>
    <word seq="21">denied<GreekSeq>27</GreekSeq>
    </word>
    <word note="Base of different Greek: αὐτὸν(846)" seq="22">him</word>
    <word seq="23">in<GreekSeq>28</GreekSeq>
    </word>
    <word seq="24">the presence<GreekSeq>29</GreekSeq>
    </word>
    <word seq="25">of Pilate,<GreekSeq>30</GreekSeq>
    </word>
    <word seq="26">when<GreekSeq>31</GreekSeq>
    </word>
    <word seq="27">he<GreekSeq>32</GreekSeq>
    </word>
    <word seq="28">was determined<GreekSeq>31</GreekSeq>
    </word>
    <word seq="29">to let [him] go.<GreekSeq>33</GreekSeq>
    </word>
   </KJV>
  </verse>
  <verse number="14">
   <KJV>
    <word seq="1">But<GreekSeq>2</GreekSeq>
    </word>
    <word seq="2">ye<GreekSeq>1</GreekSeq>
    </word>
    <word seq="3">denied<GreekSeq>7</GreekSeq>
    </word>
    <word seq="4">the<GreekSeq>3</GreekSeq>
    </word>
    <word seq="5">Holy One<GreekSeq>4</GreekSeq>
    </word>
    <word seq="6">and<GreekSeq>5</GreekSeq>
    </word>
    <word seq="7">the Just,<GreekSeq>6</GreekSeq>
    </word>
    <word seq="8">and<GreekSeq>8</GreekSeq>
    </word>
    <word seq="9">desired<GreekSeq>9</GreekSeq>
    </word>
    <word seq="10">a murderer<GreekSeq>10</GreekSeq>
     <GreekSeq>11</GreekSeq>
    </word>
    <word seq="11">to be granted<GreekSeq>12</GreekSeq>
    </word>
    <word seq="12">unto you;<GreekSeq>13</GreekSeq>
    </word>
   </KJV>
  </verse>
  <verse number="15">
   <KJV>
    <word seq="1">And<GreekSeq>2</GreekSeq>
    </word>
    <word seq="2">killed<GreekSeq>6</GreekSeq>
    </word>
    <word seq="3">the<GreekSeq>1</GreekSeq>
    </word>
    <word seq="4">Prince<GreekSeq>3</GreekSeq>
    </word>
    <word seq="5">of life,<GreekSeq>5</GreekSeq>
    </word>
    <word seq="6">whom<GreekSeq>7</GreekSeq>
    </word>
    <word seq="7">God<GreekSeq>9</GreekSeq>
    </word>
    <word seq="8">hath raised<GreekSeq>10</GreekSeq>
    </word>
    <word seq="9">from<GreekSeq>11</GreekSeq>
    </word>
    <word seq="10">the dead;<GreekSeq>12</GreekSeq>
    </word>
    <word seq="11">whereof<GreekSeq>13</GreekSeq>
    </word>
    <word seq="12">we<GreekSeq>14</GreekSeq>
    </word>
    <word seq="13">are<GreekSeq>16</GreekSeq>
    </word>
    <word seq="14">witnesses.<GreekSeq>15</GreekSeq>
    </word>
   </KJV>
  </verse>
  <verse number="16">
   <KJV>
    <word seq="1">And<GreekSeq>1</GreekSeq>
    </word>
    <word seq="2">his<GreekSeq>16</GreekSeq>
    </word>
    <word seq="3">name<GreekSeq>15</GreekSeq>
    </word>
    <word seq="4">through<GreekSeq>2</GreekSeq>
    </word>
    <word seq="5">faith<GreekSeq>4</GreekSeq>
    </word>
    <word seq="6">in<GreekSeq/>
    </word>
    <word seq="7">his<GreekSeq>7</GreekSeq>
    </word>
    <word seq="8">name<GreekSeq>6</GreekSeq>
    </word>
    <word seq="9">hath made<GreekSeq>13</GreekSeq>
    </word>
    <word seq="10">this man <GreekSeq>8</GreekSeq>
    </word>
    <word seq="11">strong,<GreekSeq>13</GreekSeq>
    </word>
    <word seq="12">whom<GreekSeq>9</GreekSeq>
    </word>
    <word seq="13">ye see<GreekSeq>10</GreekSeq>
    </word>
    <word seq="14">and<GreekSeq>11</GreekSeq>
    </word>
    <word seq="15">know:<GreekSeq>12</GreekSeq>
    </word>
    <word seq="16">yea,<GreekSeq>17</GreekSeq>
    </word>
    <word seq="17">the<GreekSeq>18</GreekSeq>
    </word>
    <word seq="18">faith<GreekSeq>19</GreekSeq>
    </word>
    <word seq="19">which<GreekSeq>20</GreekSeq>
    </word>
    <word seq="20">is</word>
    <word seq="21">by<GreekSeq>21</GreekSeq>
    </word>
    <word seq="22">him<GreekSeq>22</GreekSeq>
    </word>
    <word seq="23">hath given<GreekSeq>23</GreekSeq>
    </word>
    <word seq="24">him<GreekSeq>24</GreekSeq>
    </word>
    <word seq="25">this<GreekSeq>27</GreekSeq>
    </word>
    <word seq="26">perfect soundness<GreekSeq>26</GreekSeq>
    </word>
    <word seq="27">in the presence<GreekSeq>28</GreekSeq>
    </word>
    <word seq="28">of you<GreekSeq>30</GreekSeq>
    </word>
    <word seq="29">all.<GreekSeq>29</GreekSeq>
    </word>
   </KJV>
  </verse>
  <verse number="17">
   <KJV>
    <word seq="1">And<GreekSeq>1</GreekSeq>
    </word>
    <word seq="2">now,<GreekSeq>2</GreekSeq>
    </word>
    <word seq="3">brethren,<GreekSeq>3</GreekSeq>
    </word>
    <word seq="4">I wot<GreekSeq>4</GreekSeq>
    </word>
    <word seq="5">that<GreekSeq>5</GreekSeq>
    </word>
    <word seq="6">through<GreekSeq>6</GreekSeq>
    </word>
    <word seq="7">ignorance<GreekSeq>7</GreekSeq>
    </word>
    <word seq="8">ye did<GreekSeq>8</GreekSeq>
    </word>
    <word seq="9">it,</word>
    <word seq="10">as<GreekSeq>9</GreekSeq>
    </word>
    <word seq="11">did</word>
    <word seq="12">also<GreekSeq>10</GreekSeq>
    </word>
    <word seq="13">your<GreekSeq>13</GreekSeq>
    </word>
    <word seq="14">rulers.<GreekSeq>12</GreekSeq>
    </word>
   </KJV>
  </verse>
  <verse number="18">
   <KJV>
    <word seq="1">But<GreekSeq>2</GreekSeq>
    </word>
    <word seq="2">those things,<GreekSeq>4</GreekSeq>
    </word>
    <word seq="3">which</word>
    <word seq="4">God<GreekSeq>3</GreekSeq>
    </word>
    <word seq="5">before had shewed<GreekSeq>5</GreekSeq>
    </word>
    <word seq="6">by<GreekSeq>6</GreekSeq>
    </word>
    <word seq="7">the mouth<GreekSeq>7</GreekSeq>
    </word>
    <word seq="8">of all<GreekSeq>8</GreekSeq>
    </word>
    <word seq="9">his<GreekSeq>14</GreekSeq>
    </word>
    <word seq="10">prophets,<GreekSeq>10</GreekSeq>
    </word>
    <word seq="11">that</word>
    <word seq="12">Christ<GreekSeq>13</GreekSeq>
    </word>
    <word seq="13">should suffer,<GreekSeq>11</GreekSeq>
    </word>
    <word seq="14">he hath<GreekSeq>15</GreekSeq>
    </word>
    <word seq="15">so<GreekSeq>16</GreekSeq>
    </word>
    <word seq="16">fulfilled.<GreekSeq>15</GreekSeq>
    </word>
   </KJV>
  </verse>
  <verse number="19">
   <KJV>
    <word seq="1">Repent ye<GreekSeq>1</GreekSeq>
    </word>
    <word seq="2">therefore,<GreekSeq>2</GreekSeq>
    </word>
    <word seq="3">and<GreekSeq>3</GreekSeq>
    </word>
    <word seq="4">be converted,<GreekSeq>4</GreekSeq>
    </word>
    <word seq="5">that<GreekSeq>5</GreekSeq>
     <GreekSeq>6</GreekSeq>
    </word>
    <word seq="6">your<GreekSeq>8</GreekSeq>
    </word>
    <word seq="7">sins<GreekSeq>10</GreekSeq>
    </word>
    <word seq="8">may be blotted out,<GreekSeq>7</GreekSeq>
    </word>
    <word note="see next verse" seq="9">when the times of refreshing shall come from the presence of the Lord;</word>
   </KJV>
  </verse>
  <verse number="20">
   <KJV>
    <word note="from previous verse" seq="1">when<GreekSeq>1</GreekSeq>
    </word>
    <word note="fromprevious verse" seq="2">the times<GreekSeq>4</GreekSeq>
    </word>
    <word note="fromprevious verse" seq="3">of refreshing<GreekSeq>5</GreekSeq>
    </word>
    <word note="fromprevious verse" seq="4">shall come<GreekSeq>3</GreekSeq>
    </word>
    <word note="fromprevious verse" seq="5">from<GreekSeq>6</GreekSeq>
    </word>
    <word note="fromprevious verse" seq="6">the presence<GreekSeq>7</GreekSeq>
    </word>
    <word note="fromprevious verse" seq="7">of the<GreekSeq>8</GreekSeq>
    </word>
    <word note="fromprevious verse" seq="8">Lord;<GreekSeq>9</GreekSeq>
    </word>
    <word seq="9">And<GreekSeq>10</GreekSeq>
    </word>
    <word seq="10">he shall send<GreekSeq>11</GreekSeq>
    </word>
    <word seq="11">Jesus<GreekSeq>16</GreekSeq>
    </word>
    <word seq="12">Christ,<GreekSeq>15</GreekSeq>
    </word>
    <word note="Base of different Greek:  προκεκηρυγμένον(4296)" seq="13">which before was preached<GreekSeq>13</GreekSeq>
    </word>
    <word seq="14">unto you:<GreekSeq>14</GreekSeq>
    </word>
   </KJV>
  </verse>
  <verse number="21">
   <KJV>
    <word seq="1">Whom<GreekSeq>1</GreekSeq>
    </word>
    <word seq="2">the heaven<GreekSeq>3</GreekSeq>
    </word>
    <word seq="3">must<GreekSeq>2</GreekSeq>
    </word>
    <word seq="4">receive<GreekSeq>5</GreekSeq>
    </word>
    <word seq="5">until<GreekSeq>6</GreekSeq>
    </word>
    <word seq="6">the times<GreekSeq>7</GreekSeq>
    </word>
    <word seq="7">of restitution<GreekSeq>8</GreekSeq>
    </word>
    <word seq="8">of all things,<GreekSeq>9</GreekSeq>
    </word>
    <word seq="9">which<GreekSeq>10</GreekSeq>
    </word>
    <word seq="10">God<GreekSeq>13</GreekSeq>
    </word>
    <word seq="11">hath spoken<GreekSeq>11</GreekSeq>
    </word>
    <word seq="12">by<GreekSeq>14</GreekSeq>
    </word>
    <word seq="13">the mouth<GreekSeq>15</GreekSeq>
    </word>
    <word note="Base of different Greek: πάντων(3956)" seq="14">of all</word>
    <word seq="15">his<GreekSeq>20</GreekSeq>
    </word>
    <word seq="16">holy<GreekSeq>17</GreekSeq>
    </word>
    <word seq="17">prophets<GreekSeq>21</GreekSeq>
    </word>
    <word seq="18">since<GreekSeq>18</GreekSeq>
    </word>
    <word seq="19">the world began.<GreekSeq>19</GreekSeq>
    </word>
   </KJV>
  </verse>
  <verse number="22">
   <KJV>
    <word note="Base of different Greek: γὰρ(1063)" seq="1">For<GreekSeq>4</GreekSeq>
    </word>
    <word seq="2">Moses<GreekSeq>1</GreekSeq>
    </word>
    <word seq="3">truly<GreekSeq>2</GreekSeq>
    </word>
    <word seq="4">said<GreekSeq>3</GreekSeq>
    </word>
    <word note="Base of different Greek: πρὸς(4314)" seq="5">unto</word>
    <word note="Base of different Greek: πατέρας(3962)" seq="6">the fathers,</word>
    <word seq="7">A prophet<GreekSeq>5</GreekSeq>
    </word>
    <word seq="8">shall<GreekSeq>7</GreekSeq>
    </word>
    <word seq="9">the Lord<GreekSeq>8</GreekSeq>
    </word>
    <word seq="10">your<GreekSeq>11</GreekSeq>
    </word>
    <word seq="11">God<GreekSeq>10</GreekSeq>
    </word>
    <word seq="12">raise up<GreekSeq>7</GreekSeq>
    </word>
    <word seq="13">unto you<GreekSeq>6</GreekSeq>
    </word>
    <word seq="14">of<GreekSeq>12</GreekSeq>
    </word>
    <word seq="15">your<GreekSeq>15</GreekSeq>
    </word>
    <word seq="16">brethren,<GreekSeq>14</GreekSeq>
    </word>
    <word seq="17">like<GreekSeq>16</GreekSeq>
    </word>
    <word seq="18">unto me;<GreekSeq>17</GreekSeq>
    </word>
    <word seq="19">him<GreekSeq>18</GreekSeq>
    </word>
    <word seq="20">shall ye hear<GreekSeq>19</GreekSeq>
    </word>
    <word seq="21">in<GreekSeq>20</GreekSeq>
    </word>
    <word seq="22">all things<GreekSeq>21</GreekSeq>
    </word>
    <word seq="23">whatsoever<GreekSeq>22</GreekSeq>
     <GreekSeq>23</GreekSeq>
    </word>
    <word seq="24">he shall say<GreekSeq>24</GreekSeq>
    </word>
    <word seq="25">unto<GreekSeq>25</GreekSeq>
    </word>
    <word seq="26">you.<GreekSeq>26</GreekSeq>
    </word>
   </KJV>
  </verse>
  <verse number="23">
   <KJV>
    <word seq="1">And<GreekSeq>2</GreekSeq>
    </word>
    <word seq="2">it shall come to pass,<GreekSeq>1</GreekSeq>
    </word>
    <word seq="3">that</word>
    <word seq="4">every<GreekSeq>3</GreekSeq>
    </word>
    <word seq="5">soul,<GreekSeq>4</GreekSeq>
    </word>
    <word seq="6">which<GreekSeq>5</GreekSeq>
    </word>
    <word seq="7">will<GreekSeq>8</GreekSeq>
    </word>
    <word seq="8">not<GreekSeq>7</GreekSeq>
    </word>
    <word seq="9">hear<GreekSeq>8</GreekSeq>
    </word>
    <word seq="10">that<GreekSeq>11</GreekSeq>
    </word>
    <word seq="11">prophet,<GreekSeq>10</GreekSeq>
    </word>
    <word seq="12">shall be destroyed<GreekSeq>12</GreekSeq>
    </word>
    <word seq="13">from among<GreekSeq>13</GreekSeq>
    </word>
    <word seq="14">the<GreekSeq>14</GreekSeq>
    </word>
    <word seq="15">people.<GreekSeq>15</GreekSeq>
    </word>
   </KJV>
  </verse>
  <verse number="24">
   <KJV>
    <word seq="1">Yea,<GreekSeq>1</GreekSeq>
    </word>
    <word seq="2">and<GreekSeq>3</GreekSeq>
    </word>
    <word seq="3">all<GreekSeq>2</GreekSeq>
    </word>
    <word seq="4">the<GreekSeq>4</GreekSeq>
    </word>
    <word seq="5">prophets<GreekSeq>5</GreekSeq>
    </word>
    <word seq="6">from<GreekSeq>6</GreekSeq>
    </word>
    <word seq="7">Samuel<GreekSeq>7</GreekSeq>
    </word>
    <word seq="8">and<GreekSeq>8</GreekSeq>
    </word>
    <word seq="9">those<GreekSeq>9</GreekSeq>
    </word>
    <word seq="10">that follow after,<GreekSeq>10</GreekSeq>
    </word>
    <word seq="11">as many as<GreekSeq>11</GreekSeq>
    </word>
    <word seq="12">have spoken,<GreekSeq>12</GreekSeq>
    </word>
    <word seq="13">have<GreekSeq>14</GreekSeq>
    </word>
    <word seq="14">likewise<GreekSeq>13</GreekSeq>
    </word>
    <word note="Base of different Greek: προκατήγγειλαν(4293)" seq="15">foretold<GreekSeq>14</GreekSeq>
    </word>
    <word seq="16">of these<GreekSeq>17</GreekSeq>
    </word>
    <word seq="17">days.<GreekSeq>16</GreekSeq>
    </word>
   </KJV>
  </verse>
  <verse number="25">
   <KJV>
    <word seq="1">Ye<GreekSeq>1</GreekSeq>
    </word>
    <word seq="2">are<GreekSeq>2</GreekSeq>
    </word>
    <word seq="3">the<GreekSeq>3</GreekSeq>
    </word>
    <word seq="4">children<GreekSeq>4</GreekSeq>
    </word>
    <word seq="5">of the<GreekSeq>5</GreekSeq>
    </word>
    <word seq="6">prophets,<GreekSeq>6</GreekSeq>
    </word>
    <word seq="7">and<GreekSeq>7</GreekSeq>
    </word>
    <word seq="8">of the<GreekSeq>8</GreekSeq>
    </word>
    <word seq="9">covenant<GreekSeq>9</GreekSeq>
    </word>
    <word seq="10">which<GreekSeq>10</GreekSeq>
    </word>
    <word seq="11">God<GreekSeq>13</GreekSeq>
    </word>
    <word seq="12">made<GreekSeq>11</GreekSeq>
    </word>
    <word seq="13">with<GreekSeq>14</GreekSeq>
    </word>
    <word note="Base of different Greek: ἡμῶν(2257)" seq="14">our<GreekSeq>17</GreekSeq>
    </word>
    <word seq="15">fathers,<GreekSeq>16</GreekSeq>
    </word>
    <word seq="16">saying<GreekSeq>18</GreekSeq>
    </word>
    <word seq="17">unto<GreekSeq>19</GreekSeq>
    </word>
    <word seq="18">Abraham,<GreekSeq>20</GreekSeq>
    </word>
    <word seq="19">And<GreekSeq>21</GreekSeq>
    </word>
    <word seq="20">in<GreekSeq>22</GreekSeq>
    </word>
    <word seq="21">thy<GreekSeq>25</GreekSeq>
    </word>
    <word seq="22">seed<GreekSeq>24</GreekSeq>
    </word>
    <word seq="23">shall<GreekSeq>26</GreekSeq>
    </word>
    <word seq="24">all<GreekSeq>27</GreekSeq>
    </word>
    <word seq="25">the<GreekSeq>28</GreekSeq>
    </word>
    <word seq="26">kindreds<GreekSeq>29</GreekSeq>
    </word>
    <word seq="27">of the<GreekSeq>30</GreekSeq>
    </word>
    <word seq="28">earth<GreekSeq>31</GreekSeq>
    </word>
    <word seq="29">be blessed.<GreekSeq>26</GreekSeq>
    </word>
   </KJV>
  </verse>
  <verse number="26">
   <KJV>
    <word seq="1">Unto you<GreekSeq>1</GreekSeq>
    </word>
    <word seq="2">first<GreekSeq>2</GreekSeq>
    </word>
    <word seq="3">God,<GreekSeq>5</GreekSeq>
    </word>
    <word seq="4">having raised up<GreekSeq>3</GreekSeq>
    </word>
    <word seq="5">his<GreekSeq>8</GreekSeq>
    </word>
    <word seq="6">Son<GreekSeq>7</GreekSeq>
    </word>
    <word note="Base of different Greek: Ἰησοῦν(2424)" seq="7">Jesus,</word>
    <word seq="8">sent<GreekSeq>9</GreekSeq>
    </word>
    <word seq="9">him<GreekSeq>10</GreekSeq>
    </word>
    <word seq="10">to bless<GreekSeq>11</GreekSeq>
    </word>
    <word seq="11">you,<GreekSeq>12</GreekSeq>
    </word>
    <word seq="12">in<GreekSeq>13</GreekSeq>
    </word>
    <word seq="13">turning away<GreekSeq>15</GreekSeq>
    </word>
    <word seq="14">every one of<GreekSeq>16</GreekSeq>
    </word>
    <word seq="15">you</word>
    <word seq="16">from<GreekSeq>17</GreekSeq>
    </word>
    <word seq="17">[his]<GreekSeq>20</GreekSeq>
    </word>
    <word seq="18">iniquities.<GreekSeq>19</GreekSeq>
    </word>
   </KJV>
  </verse>
 </chapter>
</book>
