<?xml version="1.0" encoding="UTF-8" standalone="no"?>
<book>
 <chapter book="null" number="5">
  <verse number="1">
   <KJV>
    <word seq="1">But<GreekSeq>2</GreekSeq>
    </word>
    <word seq="2">a certain<GreekSeq>3</GreekSeq>
    </word>
    <word seq="3">man<GreekSeq>1</GreekSeq>
    </word>
    <word seq="4">named<GreekSeq>5</GreekSeq>
    </word>
    <word seq="5">Ananias,<GreekSeq>4</GreekSeq>
    </word>
    <word seq="6">with<GreekSeq>6</GreekSeq>
    </word>
    <word seq="7">Sapphira<GreekSeq>7</GreekSeq>
    </word>
    <word seq="8">his<GreekSeq>10</GreekSeq>
    </word>
    <word seq="9">wife,<GreekSeq>9</GreekSeq>
    </word>
    <word seq="10">sold<GreekSeq>11</GreekSeq>
    </word>
    <word seq="11">a possession,<GreekSeq>12</GreekSeq>
    </word>
   </KJV>
  </verse>
  <verse number="2">
   <KJV>
    <word seq="1">And<GreekSeq>1</GreekSeq>
    </word>
    <word seq="2">kept back [part]<GreekSeq>2</GreekSeq>
    </word>
    <word seq="3">of<GreekSeq>3</GreekSeq>
    </word>
    <word seq="4">the<GreekSeq>4</GreekSeq>
    </word>
    <word seq="5">price,<GreekSeq>5</GreekSeq>
    </word>
    <word note="Base of different Greek: αὐτοῦ(846)" seq="6">his<GreekSeq>8</GreekSeq>
    </word>
    <word seq="7">wife<GreekSeq>9</GreekSeq>
    </word>
    <word seq="8">also<GreekSeq>7</GreekSeq>
    </word>
    <word seq="9">being privy<GreekSeq>6</GreekSeq>
    </word>
    <word seq="10">to it,</word>
    <word seq="11">and<GreekSeq>10</GreekSeq>
    </word>
    <word seq="12">brought<GreekSeq>11</GreekSeq>
    </word>
    <word seq="13">a certain<GreekSeq>13</GreekSeq>
    </word>
    <word seq="14">part,<GreekSeq>12</GreekSeq>
    </word>
    <word seq="15">and</word>
    <word seq="16">laid<GreekSeq>19</GreekSeq>
    </word>
    <word seq="17">it</word>
    <word seq="18">at<GreekSeq>14</GreekSeq>
    </word>
    <word seq="19">the<GreekSeq>15</GreekSeq>
    </word>
    <word seq="20">apostles' <GreekSeq>18</GreekSeq>
    </word>
    <word seq="21">feet.<GreekSeq>16</GreekSeq>
    </word>
   </KJV>
  </verse>
  <verse number="3">
   <KJV>
    <word seq="1">But<GreekSeq>2</GreekSeq>
    </word>
    <word seq="2">Peter<GreekSeq>4</GreekSeq>
    </word>
    <word seq="3">said,<GreekSeq>1</GreekSeq>
    </word>
    <word seq="4">Ananias,<GreekSeq>5</GreekSeq>
    </word>
    <word note="Base of different Greek: διατί(1302)" seq="5">why<GreekSeq>6</GreekSeq>
     <GreekSeq>7</GreekSeq>
    </word>
    <word seq="6">hath<GreekSeq>8</GreekSeq>
    </word>
    <word seq="7">Satan<GreekSeq>10</GreekSeq>
    </word>
    <word seq="8">filled<GreekSeq>8</GreekSeq>
    </word>
    <word seq="9">thine<GreekSeq>13</GreekSeq>
    </word>
    <word seq="10">heart<GreekSeq>12</GreekSeq>
    </word>
    <word seq="11">to lie<GreekSeq>14</GreekSeq>
    </word>
    <word seq="12">to the<GreekSeq>16</GreekSeq>
    </word>
    <word seq="13">Holy<GreekSeq>19</GreekSeq>
    </word>
    <word seq="14">Ghost,<GreekSeq>17</GreekSeq>
    </word>
    <word seq="15">and<GreekSeq>20</GreekSeq>
    </word>
    <word seq="16">to keep back<GreekSeq>21</GreekSeq>
    </word>
    <word seq="17">[part] of<GreekSeq>22</GreekSeq>
    </word>
    <word seq="18">the<GreekSeq>23</GreekSeq>
    </word>
    <word seq="19">price<GreekSeq>24</GreekSeq>
    </word>
    <word seq="20">of the<GreekSeq>25</GreekSeq>
    </word>
    <word seq="21">land?<GreekSeq>26</GreekSeq>
    </word>
   </KJV>
  </verse>
  <verse number="4">
   <KJV>
    <word seq="1">Whiles it remained,<GreekSeq>2</GreekSeq>
    </word>
    <word seq="2">was it<GreekSeq>4</GreekSeq>
    </word>
    <word seq="3">not<GreekSeq>1</GreekSeq>
    </word>
    <word seq="4">thine<GreekSeq>3</GreekSeq>
    </word>
    <word seq="5">own?<GreekSeq>4</GreekSeq>
    </word>
    <word seq="6">and<GreekSeq>5</GreekSeq>
    </word>
    <word seq="7">after it was sold,<GreekSeq>6</GreekSeq>
    </word>
    <word seq="8">was it<GreekSeq>11</GreekSeq>
    </word>
    <word seq="9">not</word>
    <word seq="10">in<GreekSeq>7</GreekSeq>
    </word>
    <word seq="11">thine own<GreekSeq>9</GreekSeq>
    </word>
    <word seq="12">power?<GreekSeq>10</GreekSeq>
    </word>
    <word seq="13">why<GreekSeq>12</GreekSeq>
     <GreekSeq>13</GreekSeq>
    </word>
    <word seq="14">hast thou conceived<GreekSeq>14</GreekSeq>
    </word>
    <word seq="15">this<GreekSeq>21</GreekSeq>
    </word>
    <word seq="16">thing<GreekSeq>20</GreekSeq>
    </word>
    <word seq="17">in<GreekSeq>15</GreekSeq>
    </word>
    <word seq="18">thine<GreekSeq>18</GreekSeq>
    </word>
    <word seq="19">heart?<GreekSeq>17</GreekSeq>
    </word>
    <word seq="20">thou hast<GreekSeq>23</GreekSeq>
    </word>
    <word seq="21">not<GreekSeq>22</GreekSeq>
    </word>
    <word seq="22">lied<GreekSeq>23</GreekSeq>
    </word>
    <word seq="23">unto men,<GreekSeq>24</GreekSeq>
    </word>
    <word seq="24">but<GreekSeq>25</GreekSeq>
    </word>
    <word seq="25">unto God.<GreekSeq>27</GreekSeq>
    </word>
   </KJV>
  </verse>
  <verse number="5">
   <KJV>
    <word seq="1">And<GreekSeq>2</GreekSeq>
    </word>
    <word seq="2">Ananias<GreekSeq>4</GreekSeq>
    </word>
    <word seq="3">hearing<GreekSeq>1</GreekSeq>
    </word>
    <word seq="4">these<GreekSeq>7</GreekSeq>
    </word>
    <word seq="5">words<GreekSeq>6</GreekSeq>
    </word>
    <word seq="6">fell down,<GreekSeq>8</GreekSeq>
    </word>
    <word seq="7">and<GreekSeq>10</GreekSeq>
    </word>
    <word seq="8">gave up the ghost:<GreekSeq>9</GreekSeq>
    </word>
    <word seq="9">and</word>
    <word seq="10">great<GreekSeq>13</GreekSeq>
    </word>
    <word seq="11">fear<GreekSeq>12</GreekSeq>
    </word>
    <word seq="12">came<GreekSeq>11</GreekSeq>
    </word>
    <word seq="13">on<GreekSeq>14</GreekSeq>
    </word>
    <word seq="14">all<GreekSeq>15</GreekSeq>
    </word>
    <word seq="15">them<GreekSeq>16</GreekSeq>
    </word>
    <word seq="16">that heard<GreekSeq>17</GreekSeq>
    </word>
    <word note="Base of different Greek: ταῦτα(5023)" seq="17">these things.</word>
   </KJV>
  </verse>
  <verse number="6">
   <KJV>
    <word seq="1">And<GreekSeq>2</GreekSeq>
    </word>
    <word seq="2">the<GreekSeq>3</GreekSeq>
    </word>
    <word seq="3">young men<GreekSeq>4</GreekSeq>
    </word>
    <word seq="4">arose,<GreekSeq>1</GreekSeq>
    </word>
    <word seq="5">wound<GreekSeq>5</GreekSeq>
    </word>
    <word seq="6">him<GreekSeq>6</GreekSeq>
    </word>
    <word seq="7">up,<GreekSeq>5</GreekSeq>
    </word>
    <word seq="8">and<GreekSeq>7</GreekSeq>
    </word>
    <word seq="9">carried [him] out,<GreekSeq>8</GreekSeq>
    </word>
    <word seq="10">and</word>
    <word seq="11">buried<GreekSeq>9</GreekSeq>
    </word>
    <word seq="12">him.</word>
   </KJV>
  </verse>
  <verse number="7">
   <KJV>
    <word seq="1">And<GreekSeq>2</GreekSeq>
    </word>
    <word seq="2">it was<GreekSeq>1</GreekSeq>
    </word>
    <word seq="3">about<GreekSeq>3</GreekSeq>
    </word>
    <word seq="4">the space<GreekSeq>6</GreekSeq>
    </word>
    <word seq="5">of three<GreekSeq>5</GreekSeq>
    </word>
    <word seq="6">hours<GreekSeq>4</GreekSeq>
    </word>
    <word seq="7">after,</word>
    <word seq="8">when<GreekSeq>12</GreekSeq>
    </word>
    <word seq="9">his<GreekSeq>10</GreekSeq>
    </word>
    <word seq="10">wife,<GreekSeq>9</GreekSeq>
    </word>
    <word seq="11">not<GreekSeq>11</GreekSeq>
    </word>
    <word seq="12">knowing<GreekSeq>12</GreekSeq>
    </word>
    <word seq="13">what was done,<GreekSeq>13</GreekSeq>
     <GreekSeq>14</GreekSeq>
    </word>
    <word seq="14">came in.<GreekSeq>15</GreekSeq>
    </word>
   </KJV>
  </verse>
  <verse number="8">
   <KJV>
    <word seq="1">And<GreekSeq>2</GreekSeq>
    </word>
    <word seq="2">Peter<GreekSeq>5</GreekSeq>
    </word>
    <word seq="3">answered<GreekSeq>1</GreekSeq>
    </word>
    <word seq="4">unto<GreekSeq>3</GreekSeq>
    </word>
    <word seq="5">her,<GreekSeq>4</GreekSeq>
    </word>
    <word seq="6">Tell<GreekSeq>6</GreekSeq>
    </word>
    <word seq="7">me<GreekSeq>7</GreekSeq>
    </word>
    <word seq="8">whether<GreekSeq>8</GreekSeq>
    </word>
    <word seq="9">ye sold<GreekSeq>12</GreekSeq>
    </word>
    <word seq="10">the<GreekSeq>10</GreekSeq>
    </word>
    <word seq="11">land<GreekSeq>11</GreekSeq>
    </word>
    <word seq="12">for so much?<GreekSeq>9</GreekSeq>
    </word>
    <word seq="13">And<GreekSeq>14</GreekSeq>
    </word>
    <word seq="14">she<GreekSeq>13</GreekSeq>
    </word>
    <word seq="15">said,<GreekSeq>15</GreekSeq>
    </word>
    <word seq="16">Yea,<GreekSeq>16</GreekSeq>
    </word>
    <word seq="17">for so much.<GreekSeq>17</GreekSeq>
    </word>
   </KJV>
  </verse>
  <verse number="9">
   <KJV>
    <word seq="1">Then<GreekSeq>2</GreekSeq>
    </word>
    <word seq="2">Peter<GreekSeq>3</GreekSeq>
    </word>
    <word note="Base of different Greek: εἰπε(2036)" seq="3">said</word>
    <word seq="4">unto<GreekSeq>4</GreekSeq>
    </word>
    <word seq="5">her,<GreekSeq>5</GreekSeq>
    </word>
    <word seq="6">How<GreekSeq>6</GreekSeq>
    </word>
    <word seq="7">is it</word>
    <word seq="8">that<GreekSeq>7</GreekSeq>
    </word>
    <word seq="9">ye<GreekSeq>9</GreekSeq>
    </word>
    <word seq="10">have agreed together<GreekSeq>8</GreekSeq>
    </word>
    <word seq="11">to tempt<GreekSeq>10</GreekSeq>
    </word>
    <word seq="12">the<GreekSeq>11</GreekSeq>
    </word>
    <word seq="13">Spirit<GreekSeq>12</GreekSeq>
    </word>
    <word seq="14">of the Lord?<GreekSeq>13</GreekSeq>
    </word>
    <word seq="15">behold,<GreekSeq>14</GreekSeq>
    </word>
    <word seq="16">the<GreekSeq>15</GreekSeq>
    </word>
    <word seq="17">feet<GreekSeq>16</GreekSeq>
    </word>
    <word seq="18">of them<GreekSeq>17</GreekSeq>
    </word>
    <word seq="19">which have buried<GreekSeq>18</GreekSeq>
    </word>
    <word seq="20">thy<GreekSeq>21</GreekSeq>
    </word>
    <word seq="21">husband<GreekSeq>20</GreekSeq>
    </word>
    <word seq="22">are</word>
    <word seq="23">at<GreekSeq>22</GreekSeq>
    </word>
    <word seq="24">the<GreekSeq>23</GreekSeq>
    </word>
    <word seq="25">door,<GreekSeq>24</GreekSeq>
    </word>
    <word seq="26">and<GreekSeq>25</GreekSeq>
    </word>
    <word seq="27">shall carry<GreekSeq>26</GreekSeq>
    </word>
    <word seq="28">thee<GreekSeq>27</GreekSeq>
    </word>
    <word seq="29">out.<GreekSeq>26</GreekSeq>
    </word>
   </KJV>
  </verse>
  <verse number="10">
   <KJV>
    <word seq="1">Then<GreekSeq>2</GreekSeq>
    </word>
    <word seq="2">fell she down<GreekSeq>1</GreekSeq>
    </word>
    <word seq="3">straightway<GreekSeq>3</GreekSeq>
    </word>
    <word note="Base of different Greek: παρὰ(3844)" seq="4">at<GreekSeq>4</GreekSeq>
    </word>
    <word seq="5">his<GreekSeq>7</GreekSeq>
    </word>
    <word seq="6">feet,<GreekSeq>6</GreekSeq>
    </word>
    <word seq="7">and<GreekSeq>8</GreekSeq>
    </word>
    <word seq="8">yielded up the ghost:<GreekSeq>9</GreekSeq>
    </word>
    <word seq="9">and<GreekSeq>11</GreekSeq>
    </word>
    <word seq="10">the<GreekSeq>12</GreekSeq>
    </word>
    <word seq="11">young men<GreekSeq>13</GreekSeq>
    </word>
    <word seq="12">came in,<GreekSeq>10</GreekSeq>
    </word>
    <word seq="13">and</word>
    <word seq="14">found<GreekSeq>14</GreekSeq>
    </word>
    <word seq="15">her<GreekSeq>15</GreekSeq>
    </word>
    <word seq="16">dead,<GreekSeq>16</GreekSeq>
    </word>
    <word seq="17">and,<GreekSeq>17</GreekSeq>
    </word>
    <word seq="18">carrying [her] forth,<GreekSeq>18</GreekSeq>
    </word>
    <word seq="19">buried<GreekSeq>19</GreekSeq>
    </word>
    <word seq="20">her</word>
    <word seq="21">by<GreekSeq>20</GreekSeq>
    </word>
    <word seq="22">her<GreekSeq>23</GreekSeq>
    </word>
    <word seq="23">husband.<GreekSeq>22</GreekSeq>
    </word>
   </KJV>
  </verse>
  <verse number="11">
   <KJV>
    <word seq="1">And<GreekSeq>1</GreekSeq>
    </word>
    <word seq="2">great<GreekSeq>4</GreekSeq>
    </word>
    <word seq="3">fear<GreekSeq>3</GreekSeq>
    </word>
    <word seq="4">came<GreekSeq>2</GreekSeq>
    </word>
    <word seq="5">upon<GreekSeq>5</GreekSeq>
    </word>
    <word seq="6">all<GreekSeq>6</GreekSeq>
    </word>
    <word seq="7">the<GreekSeq>7</GreekSeq>
    </word>
    <word seq="8">church,<GreekSeq>8</GreekSeq>
    </word>
    <word seq="9">and<GreekSeq>9</GreekSeq>
    </word>
    <word seq="10">upon<GreekSeq>10</GreekSeq>
    </word>
    <word seq="11">as many as<GreekSeq>11</GreekSeq>
    </word>
    <word seq="12">heard<GreekSeq>13</GreekSeq>
    </word>
    <word seq="13">these things.<GreekSeq>14</GreekSeq>
    </word>
   </KJV>
  </verse>
  <verse number="12">
   <KJV>
    <word seq="1">And<GreekSeq>2</GreekSeq>
    </word>
    <word seq="2">by<GreekSeq>1</GreekSeq>
    </word>
    <word seq="3">the<GreekSeq>3</GreekSeq>
    </word>
    <word seq="4">hands<GreekSeq>4</GreekSeq>
    </word>
    <word seq="5">of the<GreekSeq>5</GreekSeq>
    </word>
    <word seq="6">apostles<GreekSeq>6</GreekSeq>
    </word>
    <word seq="7">were<GreekSeq/>
    </word>
    <word seq="8">many<GreekSeq>11</GreekSeq>
    </word>
    <word seq="9">signs<GreekSeq>8</GreekSeq>
    </word>
    <word seq="10">and<GreekSeq>9</GreekSeq>
    </word>
    <word seq="11">wonders<GreekSeq>10</GreekSeq>
    </word>
    <word seq="12">wrought<GreekSeq>7</GreekSeq>
    </word>
    <word seq="13">among<GreekSeq>12</GreekSeq>
    </word>
    <word seq="14">the<GreekSeq>13</GreekSeq>
    </word>
    <word seq="15">people;<GreekSeq>14</GreekSeq>
    </word>
    <word seq="16">(and<GreekSeq>15</GreekSeq>
    </word>
    <word seq="17">they were<GreekSeq>16</GreekSeq>
    </word>
    <word seq="18">all<GreekSeq>18</GreekSeq>
    </word>
    <word seq="19">with one accord<GreekSeq>17</GreekSeq>
    </word>
    <word seq="20">in<GreekSeq>19</GreekSeq>
    </word>
    <word seq="21">Solomon's<GreekSeq>22</GreekSeq>
    </word>
    <word seq="22">porch.<GreekSeq>21</GreekSeq>
    </word>
   </KJV>
  </verse>
  <verse number="13">
   <KJV>
    <word seq="1">And<GreekSeq>2</GreekSeq>
    </word>
    <word seq="2">of the<GreekSeq>1</GreekSeq>
    </word>
    <word seq="3">rest<GreekSeq>3</GreekSeq>
    </word>
    <word seq="4">durst<GreekSeq>5</GreekSeq>
    </word>
    <word seq="5">no man<GreekSeq>4</GreekSeq>
    </word>
    <word seq="6">join himself<GreekSeq>6</GreekSeq>
    </word>
    <word seq="7">to them:<GreekSeq>7</GreekSeq>
    </word>
    <word seq="8">but<GreekSeq>8</GreekSeq>
    </word>
    <word seq="9">the<GreekSeq>11</GreekSeq>
    </word>
    <word seq="10">people<GreekSeq>12</GreekSeq>
    </word>
    <word seq="11">magnified<GreekSeq>9</GreekSeq>
    </word>
    <word seq="12">them.<GreekSeq>10</GreekSeq>
    </word>
   </KJV>
  </verse>
  <verse number="14">
   <KJV>
    <word seq="1">And<GreekSeq>2</GreekSeq>
    </word>
    <word seq="2">believers<GreekSeq>4</GreekSeq>
    </word>
    <word seq="3">were<GreekSeq/>
    </word>
    <word seq="4">the more<GreekSeq>1</GreekSeq>
    </word>
    <word seq="5">added<GreekSeq>3</GreekSeq>
    </word>
    <word seq="6">to the<GreekSeq>5</GreekSeq>
    </word>
    <word seq="7">Lord,<GreekSeq>6</GreekSeq>
    </word>
    <word seq="8">multitudes<GreekSeq>7</GreekSeq>
    </word>
    <word seq="9">both<GreekSeq>9</GreekSeq>
    </word>
    <word seq="10">of men<GreekSeq>8</GreekSeq>
    </word>
    <word seq="11">and<GreekSeq>10</GreekSeq>
    </word>
    <word seq="12">women.)<GreekSeq>11</GreekSeq>
    </word>
   </KJV>
  </verse>
  <verse number="15">
   <KJV>
    <word seq="1">Insomuch that<GreekSeq>1</GreekSeq>
    </word>
    <word seq="2">they</word>
    <word seq="3">brought forth<GreekSeq>6</GreekSeq>
    </word>
    <word seq="4">the<GreekSeq>4</GreekSeq>
    </word>
    <word seq="5">sick<GreekSeq>8</GreekSeq>
    </word>
    <word note="Base of different Greek: κατὰ(2596)" seq="6">into<GreekSeq>3</GreekSeq>
    </word>
    <word seq="7">the<GreekSeq>7</GreekSeq>
    </word>
    <word seq="8">streets,<GreekSeq>5</GreekSeq>
    </word>
    <word seq="9">and<GreekSeq>9</GreekSeq>
    </word>
    <word seq="10">laid<GreekSeq>10</GreekSeq>
    </word>
    <word seq="11">them</word>
    <word seq="12">on<GreekSeq>11</GreekSeq>
    </word>
    <word seq="13">beds<GreekSeq>12</GreekSeq>
    </word>
    <word seq="14">and<GreekSeq>13</GreekSeq>
    </word>
    <word seq="15">couches,<GreekSeq>14</GreekSeq>
    </word>
    <word seq="16">that<GreekSeq>15</GreekSeq>
    </word>
    <word seq="17">at the least<GreekSeq>18</GreekSeq>
    </word>
    <word seq="18">the<GreekSeq>19</GreekSeq>
    </word>
    <word seq="19">shadow<GreekSeq>20</GreekSeq>
    </word>
    <word seq="20">of Peter<GreekSeq>17</GreekSeq>
    </word>
    <word seq="21">passing by<GreekSeq>16</GreekSeq>
    </word>
    <word seq="22">might overshadow<GreekSeq>21</GreekSeq>
    </word>
    <word seq="23">some<GreekSeq>22</GreekSeq>
    </word>
    <word seq="24">of them.<GreekSeq>23</GreekSeq>
    </word>
   </KJV>
  </verse>
  <verse number="16">
   <KJV>
    <word seq="1">There came<GreekSeq>1</GreekSeq>
    </word>
    <word seq="2">also<GreekSeq>3</GreekSeq>
    </word>
    <word seq="3">a<GreekSeq>4</GreekSeq>
    </word>
    <word seq="4">multitude<GreekSeq>5</GreekSeq>
    </word>
    <word seq="5">out</word>
    <word seq="6">of the<GreekSeq>6</GreekSeq>
    </word>
    <word seq="7">cities<GreekSeq>8</GreekSeq>
    </word>
    <word seq="8">round about<GreekSeq>7</GreekSeq>
    </word>
    <word note="Base of different Greek: εἰς(1519)" seq="9">unto</word>
    <word seq="10">Jerusalem,<GreekSeq>9</GreekSeq>
    </word>
    <word seq="11">bringing<GreekSeq>10</GreekSeq>
    </word>
    <word seq="12">sick folks,<GreekSeq>11</GreekSeq>
    </word>
    <word seq="13">and<GreekSeq>12</GreekSeq>
    </word>
    <word seq="14">them</word>
    <word seq="15">which were vexed<GreekSeq>13</GreekSeq>
    </word>
    <word seq="16">with<GreekSeq>14</GreekSeq>
    </word>
    <word seq="17">unclean<GreekSeq>16</GreekSeq>
    </word>
    <word seq="18">spirits:<GreekSeq>15</GreekSeq>
    </word>
    <word seq="19">and</word>
    <word seq="20">they<GreekSeq>17</GreekSeq>
    </word>
    <word seq="21">were healed<GreekSeq>18</GreekSeq>
    </word>
    <word seq="22">every one.<GreekSeq>19</GreekSeq>
    </word>
   </KJV>
  </verse>
  <verse number="17">
   <KJV>
    <word seq="1">Then<GreekSeq>2</GreekSeq>
    </word>
    <word seq="2">the<GreekSeq>3</GreekSeq>
    </word>
    <word seq="3">high priest<GreekSeq>4</GreekSeq>
    </word>
    <word seq="4">rose up,<GreekSeq>1</GreekSeq>
    </word>
    <word seq="5">and<GreekSeq>5</GreekSeq>
    </word>
    <word seq="6">all<GreekSeq>6</GreekSeq>
    </word>
    <word seq="7">they<GreekSeq>7</GreekSeq>
    </word>
    <word seq="8">that were</word>
    <word seq="9">with<GreekSeq>8</GreekSeq>
    </word>
    <word seq="10">him,<GreekSeq>9</GreekSeq>
    </word>
    <word seq="11">(which is<GreekSeq>11</GreekSeq>
    </word>
    <word seq="12">the<GreekSeq>10</GreekSeq>
    </word>
    <word seq="13">sect<GreekSeq>12</GreekSeq>
    </word>
    <word seq="14">of the<GreekSeq>13</GreekSeq>
    </word>
    <word seq="15">Sadducees, )<GreekSeq>14</GreekSeq>
    </word>
    <word seq="16">and</word>
    <word seq="17">were filled with <GreekSeq>15</GreekSeq>
    </word>
    <word seq="18">indignation,<GreekSeq>16</GreekSeq>
    </word>
   </KJV>
  </verse>
  <verse number="18">
   <KJV>
    <word seq="1">And<GreekSeq>1</GreekSeq>
    </word>
    <word seq="2">laid<GreekSeq>2</GreekSeq>
    </word>
    <word note="Base of different Greek: αὐτοὺς(846)" seq="3">their<GreekSeq>3</GreekSeq>
    </word>
    <word seq="4">hands<GreekSeq>4</GreekSeq>
    </word>
    <word seq="5">on<GreekSeq>5</GreekSeq>
    </word>
    <word seq="6">the<GreekSeq>6</GreekSeq>
    </word>
    <word seq="7">apostles,<GreekSeq>7</GreekSeq>
    </word>
    <word seq="8">and<GreekSeq>8</GreekSeq>
    </word>
    <word seq="9">put<GreekSeq>9</GreekSeq>
    </word>
    <word seq="10">them<GreekSeq>10</GreekSeq>
    </word>
    <word seq="11">in<GreekSeq>11</GreekSeq>
    </word>
    <word seq="12">the<GreekSeq/>
    </word>
    <word seq="13">common<GreekSeq>13</GreekSeq>
    </word>
    <word seq="14">prison.<GreekSeq>12</GreekSeq>
    </word>
   </KJV>
  </verse>
  <verse number="19">
   <KJV>
    <word seq="1">But<GreekSeq>2</GreekSeq>
    </word>
    <word seq="2">the angel<GreekSeq>1</GreekSeq>
    </word>
    <word seq="3">of the Lord<GreekSeq>3</GreekSeq>
    </word>
    <word seq="4">by<GreekSeq>4</GreekSeq>
    </word>
    <word seq="5">night<GreekSeq>5</GreekSeq>
    </word>
    <word seq="6">opened<GreekSeq>6</GreekSeq>
    </word>
    <word seq="7">the<GreekSeq>7</GreekSeq>
    </word>
    <word seq="8">prison<GreekSeq>10</GreekSeq>
    </word>
    <word seq="9">doors,<GreekSeq>8</GreekSeq>
    </word>
    <word seq="10">and<GreekSeq>12</GreekSeq>
    </word>
    <word seq="11">brought<GreekSeq>11</GreekSeq>
    </word>
    <word seq="12">them<GreekSeq>13</GreekSeq>
    </word>
    <word seq="13">forth,<GreekSeq>11</GreekSeq>
    </word>
    <word seq="14">and</word>
    <word seq="15">said,<GreekSeq>14</GreekSeq>
    </word>
   </KJV>
  </verse>
  <verse number="20">
   <KJV>
    <word seq="1">Go,<GreekSeq>1</GreekSeq>
    </word>
    <word seq="2">stand<GreekSeq>3</GreekSeq>
    </word>
    <word seq="3">and<GreekSeq>2</GreekSeq>
    </word>
    <word seq="4">speak<GreekSeq>4</GreekSeq>
    </word>
    <word seq="5">in<GreekSeq>5</GreekSeq>
    </word>
    <word seq="6">the<GreekSeq>6</GreekSeq>
    </word>
    <word seq="7">temple<GreekSeq>7</GreekSeq>
    </word>
    <word seq="8">to the<GreekSeq>8</GreekSeq>
    </word>
    <word seq="9">people<GreekSeq>9</GreekSeq>
    </word>
    <word seq="10">all<GreekSeq>10</GreekSeq>
    </word>
    <word seq="11">the<GreekSeq>11</GreekSeq>
    </word>
    <word seq="12">words<GreekSeq>12</GreekSeq>
    </word>
    <word seq="13">of this<GreekSeq>15</GreekSeq>
    </word>
    <word seq="14">life.<GreekSeq>14</GreekSeq>
    </word>
   </KJV>
  </verse>
  <verse number="21">
   <KJV>
    <word seq="1">And<GreekSeq>2</GreekSeq>
    </word>
    <word seq="2">when they heard<GreekSeq>1</GreekSeq>
    </word>
    <word seq="3">that,</word>
    <word seq="4">they entered<GreekSeq>3</GreekSeq>
    </word>
    <word seq="5">into<GreekSeq>7</GreekSeq>
    </word>
    <word seq="6">the<GreekSeq>8</GreekSeq>
    </word>
    <word seq="7">temple<GreekSeq>9</GreekSeq>
    </word>
    <word seq="8">early in the morning,<GreekSeq>6</GreekSeq>
    </word>
    <word seq="9">and<GreekSeq>10</GreekSeq>
    </word>
    <word seq="10">taught.<GreekSeq>11</GreekSeq>
    </word>
    <word seq="11">But<GreekSeq>13</GreekSeq>
    </word>
    <word seq="12">the<GreekSeq>14</GreekSeq>
    </word>
    <word seq="13">high priest<GreekSeq>15</GreekSeq>
    </word>
    <word seq="14">came,<GreekSeq>12</GreekSeq>
    </word>
    <word seq="15">and<GreekSeq>16</GreekSeq>
    </word>
    <word seq="16">they<GreekSeq>17</GreekSeq>
    </word>
    <word seq="17">that were</word>
    <word seq="18">with<GreekSeq>18</GreekSeq>
    </word>
    <word seq="19">him,<GreekSeq>19</GreekSeq>
    </word>
    <word seq="20">and</word>
    <word seq="21">called<GreekSeq>20</GreekSeq>
    </word>
    <word seq="22">the<GreekSeq>21</GreekSeq>
    </word>
    <word seq="23">council<GreekSeq>22</GreekSeq>
    </word>
    <word seq="24">together,<GreekSeq>20</GreekSeq>
    </word>
    <word seq="25">and<GreekSeq>23</GreekSeq>
    </word>
    <word seq="26">all<GreekSeq>24</GreekSeq>
    </word>
    <word seq="27">the<GreekSeq>25</GreekSeq>
    </word>
    <word seq="28">senate<GreekSeq>26</GreekSeq>
    </word>
    <word seq="29">of the<GreekSeq>27</GreekSeq>
    </word>
    <word seq="30">children<GreekSeq>28</GreekSeq>
    </word>
    <word seq="31">of Israel,<GreekSeq>29</GreekSeq>
    </word>
    <word seq="32">and<GreekSeq>30</GreekSeq>
    </word>
    <word seq="33">sent<GreekSeq>31</GreekSeq>
    </word>
    <word seq="34">to<GreekSeq>32</GreekSeq>
    </word>
    <word seq="35">the<GreekSeq>33</GreekSeq>
    </word>
    <word seq="36">prison<GreekSeq>34</GreekSeq>
    </word>
    <word seq="37">to have<GreekSeq>35</GreekSeq>
    </word>
    <word seq="38">them<GreekSeq>36</GreekSeq>
    </word>
    <word seq="39">brought.<GreekSeq>35</GreekSeq>
    </word>
   </KJV>
  </verse>
  <verse number="22">
   <KJV>
    <word seq="1">But<GreekSeq>2</GreekSeq>
    </word>
    <word seq="2">when<GreekSeq/>
    </word>
    <word seq="3">the<GreekSeq>1</GreekSeq>
    </word>
    <word seq="4">officers<GreekSeq>4</GreekSeq>
    </word>
    <word seq="5">came,<GreekSeq>3</GreekSeq>
    </word>
    <word seq="6">and</word>
    <word seq="7">found<GreekSeq>6</GreekSeq>
    </word>
    <word seq="8">them<GreekSeq>7</GreekSeq>
    </word>
    <word seq="9">not<GreekSeq>5</GreekSeq>
    </word>
    <word seq="10">in<GreekSeq>8</GreekSeq>
    </word>
    <word seq="11">the<GreekSeq>9</GreekSeq>
    </word>
    <word seq="12">prison,<GreekSeq>10</GreekSeq>
    </word>
    <word seq="13">they returned,<GreekSeq>11</GreekSeq>
    </word>
    <word seq="14">and<GreekSeq>12</GreekSeq>
    </word>
    <word seq="15">told,<GreekSeq>13</GreekSeq>
    </word>
   </KJV>
  </verse>
  <verse number="23">
   <KJV>
    <word seq="1">Saying,<GreekSeq>1</GreekSeq>
    </word>
    <word seq="2">The<GreekSeq>3</GreekSeq>
    </word>
    <word seq="3">prison<GreekSeq>4</GreekSeq>
    </word>
    <word note="Base of different Greek: μὲν(3303)" seq="4">truly</word>
    <word seq="5">found<GreekSeq>5</GreekSeq>
    </word>
    <word seq="6">we shut<GreekSeq>6</GreekSeq>
    </word>
    <word seq="7">with<GreekSeq>7</GreekSeq>
    </word>
    <word seq="8">all<GreekSeq>8</GreekSeq>
    </word>
    <word seq="9">safety,<GreekSeq>9</GreekSeq>
    </word>
    <word seq="10">and<GreekSeq>10</GreekSeq>
    </word>
    <word seq="11">the<GreekSeq>11</GreekSeq>
    </word>
    <word seq="12">keepers<GreekSeq>12</GreekSeq>
    </word>
    <word seq="13">standing<GreekSeq>13</GreekSeq>
    </word>
    <word note="Base of different Greek: ἔξω(1854)" seq="14">without</word>
    <word note="Base of different Greek: πρὸ(4253)" seq="15">before<GreekSeq>14</GreekSeq>
    </word>
    <word seq="16">the<GreekSeq>15</GreekSeq>
    </word>
    <word seq="17">doors:<GreekSeq>16</GreekSeq>
    </word>
    <word seq="18">but<GreekSeq>18</GreekSeq>
    </word>
    <word seq="19">when we had opened,<GreekSeq>17</GreekSeq>
    </word>
    <word seq="20">we found<GreekSeq>21</GreekSeq>
    </word>
    <word seq="21">no man<GreekSeq>20</GreekSeq>
    </word>
    <word seq="22">within.<GreekSeq>19</GreekSeq>
    </word>
   </KJV>
  </verse>
  <verse number="24">
   <KJV>
    <word seq="1">Now<GreekSeq>2</GreekSeq>
    </word>
    <word seq="2">when<GreekSeq>1</GreekSeq>
    </word>
    <word seq="3">the<GreekSeq>4</GreekSeq>
    </word>
    <word seq="4">high</word>
    <word note="Base of different Greek: ἱερεὺς(2409)" seq="5">priest</word>
    <word note="Base of different Greek: καὶ(2532)" seq="6">and<GreekSeq>8</GreekSeq>
    </word>
    <word seq="7">the<GreekSeq>7</GreekSeq>
    </word>
    <word seq="8">captain<GreekSeq>9</GreekSeq>
    </word>
    <word seq="9">of the<GreekSeq>10</GreekSeq>
    </word>
    <word seq="10">temple<GreekSeq>11</GreekSeq>
    </word>
    <word seq="11">and<GreekSeq>12</GreekSeq>
    </word>
    <word seq="12">the<GreekSeq>13</GreekSeq>
    </word>
    <word seq="13">chief priests<GreekSeq>14</GreekSeq>
    </word>
    <word seq="14">heard<GreekSeq>3</GreekSeq>
    </word>
    <word seq="15">these<GreekSeq>6</GreekSeq>
    </word>
    <word seq="16">[things],<GreekSeq>5</GreekSeq>
    </word>
    <word seq="17">they doubted<GreekSeq>15</GreekSeq>
    </word>
    <word seq="18">of<GreekSeq>16</GreekSeq>
    </word>
    <word seq="19">them<GreekSeq>17</GreekSeq>
    </word>
    <word seq="20">whereunto<GreekSeq>18</GreekSeq>
     <GreekSeq>19</GreekSeq>
    </word>
    <word seq="21">this<GreekSeq>21</GreekSeq>
    </word>
    <word seq="22">would grow.<GreekSeq>20</GreekSeq>
    </word>
   </KJV>
  </verse>
  <verse number="25">
   <KJV>
    <word seq="1">Then<GreekSeq>2</GreekSeq>
    </word>
    <word seq="2">came<GreekSeq>1</GreekSeq>
    </word>
    <word seq="3">one<GreekSeq>3</GreekSeq>
    </word>
    <word seq="4">and</word>
    <word seq="5">told<GreekSeq>4</GreekSeq>
    </word>
    <word seq="6">them,<GreekSeq>5</GreekSeq>
    </word>
    <word note="Base of different Greek: λέγων(3004)" seq="7">saying,</word>
    <word seq="8">Behold<GreekSeq>7</GreekSeq>
    </word>
    <word seq="9">the<GreekSeq>8</GreekSeq>
    </word>
    <word seq="10">men<GreekSeq>9</GreekSeq>
    </word>
    <word seq="11">whom<GreekSeq>10</GreekSeq>
    </word>
    <word seq="12">ye put<GreekSeq>11</GreekSeq>
    </word>
    <word seq="13">in<GreekSeq>12</GreekSeq>
    </word>
    <word seq="14">prison<GreekSeq>14</GreekSeq>
    </word>
    <word seq="15">are<GreekSeq>15</GreekSeq>
    </word>
    <word seq="16">standing<GreekSeq>19</GreekSeq>
    </word>
    <word seq="17">in<GreekSeq>16</GreekSeq>
    </word>
    <word seq="18">the<GreekSeq>17</GreekSeq>
    </word>
    <word seq="19">temple,<GreekSeq>18</GreekSeq>
    </word>
    <word seq="20">and<GreekSeq>20</GreekSeq>
    </word>
    <word seq="21">teaching<GreekSeq>21</GreekSeq>
    </word>
    <word seq="22">the<GreekSeq>22</GreekSeq>
    </word>
    <word seq="23">people.<GreekSeq>23</GreekSeq>
    </word>
   </KJV>
  </verse>
  <verse number="26">
   <KJV>
    <word seq="1">Then<GreekSeq>1</GreekSeq>
    </word>
    <word seq="2">went<GreekSeq>2</GreekSeq>
    </word>
    <word seq="3">the<GreekSeq>3</GreekSeq>
    </word>
    <word seq="4">captain<GreekSeq>4</GreekSeq>
    </word>
    <word seq="5">with<GreekSeq>5</GreekSeq>
    </word>
    <word seq="6">the<GreekSeq>6</GreekSeq>
    </word>
    <word seq="7">officers,<GreekSeq>7</GreekSeq>
    </word>
    <word seq="8">and</word>
    <word seq="9">brought<GreekSeq>8</GreekSeq>
    </word>
    <word seq="10">them<GreekSeq>9</GreekSeq>
    </word>
    <word seq="11">without<GreekSeq>10</GreekSeq>
     <GreekSeq>11</GreekSeq>
    </word>
    <word seq="12">violence:<GreekSeq>12</GreekSeq>
    </word>
    <word seq="13">for<GreekSeq>14</GreekSeq>
    </word>
    <word seq="14">they feared<GreekSeq>13</GreekSeq>
    </word>
    <word seq="15">the<GreekSeq>15</GreekSeq>
    </word>
    <word seq="16">people,<GreekSeq>16</GreekSeq>
    </word>
    <word note="ἵνα μή Strong Code (3363)" seq="17">lest<GreekSeq>17</GreekSeq>
    </word>
    <word seq="18">they should have been stoned.<GreekSeq>18</GreekSeq>
    </word>
   </KJV>
  </verse>
  <verse number="27">
   <KJV>
    <word seq="1">And<GreekSeq>2</GreekSeq>
    </word>
    <word seq="2">when they had brought<GreekSeq>1</GreekSeq>
    </word>
    <word seq="3">them,<GreekSeq>3</GreekSeq>
    </word>
    <word seq="4">they set<GreekSeq>4</GreekSeq>
    </word>
    <word seq="5">them</word>
    <word seq="6">before<GreekSeq>5</GreekSeq>
    </word>
    <word seq="7">the<GreekSeq>6</GreekSeq>
    </word>
    <word seq="8">council:<GreekSeq>7</GreekSeq>
    </word>
    <word seq="9">and<GreekSeq>8</GreekSeq>
    </word>
    <word seq="10">the<GreekSeq>11</GreekSeq>
    </word>
    <word seq="11">high priest<GreekSeq>12</GreekSeq>
    </word>
    <word seq="12">asked<GreekSeq>9</GreekSeq>
    </word>
    <word seq="13">them,<GreekSeq>10</GreekSeq>
    </word>
   </KJV>
  </verse>
  <verse number="28">
   <KJV>
    <word seq="1">Saying,<GreekSeq>1</GreekSeq>
    </word>
    <word seq="2">Did</word>
    <word seq="3">not<GreekSeq>2</GreekSeq>
    </word>
    <word seq="4">we straitly command<GreekSeq>3</GreekSeq>
     <GreekSeq>4</GreekSeq>
    </word>
    <word seq="5">you<GreekSeq>5</GreekSeq>
    </word>
    <word seq="6">that ye should<GreekSeq/>
    </word>
    <word seq="7">not<GreekSeq>6</GreekSeq>
    </word>
    <word seq="8">teach<GreekSeq>7</GreekSeq>
    </word>
    <word seq="9">in<GreekSeq>8</GreekSeq>
    </word>
    <word seq="10">this<GreekSeq>11</GreekSeq>
    </word>
    <word seq="11">name?<GreekSeq>10</GreekSeq>
    </word>
    <word seq="12">and,<GreekSeq>12</GreekSeq>
    </word>
    <word seq="13">behold,<GreekSeq>13</GreekSeq>
    </word>
    <word seq="14">ye have filled<GreekSeq>14</GreekSeq>
    </word>
    <word seq="15">Jerusalem<GreekSeq>16</GreekSeq>
    </word>
    <word seq="16">with<GreekSeq>14</GreekSeq>
    </word>
    <word seq="17">your<GreekSeq>19</GreekSeq>
    </word>
    <word seq="18">doctrine,<GreekSeq>18</GreekSeq>
    </word>
    <word seq="19">and<GreekSeq>20</GreekSeq>
    </word>
    <word seq="20">intend<GreekSeq>21</GreekSeq>
    </word>
    <word seq="21">to bring<GreekSeq>22</GreekSeq>
    </word>
    <word seq="22">this<GreekSeq>29</GreekSeq>
    </word>
    <word seq="23">man's<GreekSeq>28</GreekSeq>
    </word>
    <word seq="24">blood<GreekSeq>26</GreekSeq>
    </word>
    <word seq="25">upon<GreekSeq>23</GreekSeq>
    </word>
    <word seq="26">us.<GreekSeq>24</GreekSeq>
    </word>
   </KJV>
  </verse>
  <verse number="29">
   <KJV>
    <word seq="1">Then<GreekSeq>2</GreekSeq>
    </word>
    <word seq="2">Peter<GreekSeq>3</GreekSeq>
    </word>
    <word seq="3">and<GreekSeq>4</GreekSeq>
    </word>
    <word seq="4">the<GreekSeq>5</GreekSeq>
    </word>
    <word seq="5">other</word>
    <word seq="6">apostles<GreekSeq>6</GreekSeq>
    </word>
    <word seq="7">answered<GreekSeq>1</GreekSeq>
    </word>
    <word seq="8">and</word>
    <word seq="9">said,<GreekSeq>7</GreekSeq>
    </word>
    <word seq="10">We</word>
    <word seq="11">ought<GreekSeq>9</GreekSeq>
    </word>
    <word seq="12">to obey<GreekSeq>8</GreekSeq>
    </word>
    <word seq="13">God<GreekSeq>10</GreekSeq>
    </word>
    <word seq="14">rather<GreekSeq>11</GreekSeq>
    </word>
    <word seq="15">than<GreekSeq>12</GreekSeq>
    </word>
    <word seq="16">men.<GreekSeq>13</GreekSeq>
    </word>
   </KJV>
  </verse>
  <verse number="30">
   <KJV>
    <word seq="1">The<GreekSeq>1</GreekSeq>
    </word>
    <word seq="2">God<GreekSeq>2</GreekSeq>
    </word>
    <word seq="3">of<GreekSeq>4</GreekSeq>
    </word>
    <word seq="4">our<GreekSeq>5</GreekSeq>
    </word>
    <word seq="5">fathers<GreekSeq>4</GreekSeq>
    </word>
    <word seq="6">raised up<GreekSeq>6</GreekSeq>
    </word>
    <word seq="7">Jesus,<GreekSeq>7</GreekSeq>
    </word>
    <word seq="8">whom<GreekSeq>8</GreekSeq>
    </word>
    <word seq="9">ye<GreekSeq>9</GreekSeq>
    </word>
    <word seq="10">slew<GreekSeq>10</GreekSeq>
    </word>
    <word seq="11">and</word>
    <word seq="12">hanged<GreekSeq>11</GreekSeq>
    </word>
    <word seq="13">on<GreekSeq>12</GreekSeq>
    </word>
    <word seq="14">a tree.<GreekSeq>13</GreekSeq>
    </word>
   </KJV>
  </verse>
  <verse number="31">
   <KJV>
    <word seq="1">Him<GreekSeq>1</GreekSeq>
    </word>
    <word seq="2">hath<GreekSeq>7</GreekSeq>
    </word>
    <word seq="3">God<GreekSeq>3</GreekSeq>
    </word>
    <word seq="4">exalted with<GreekSeq>7</GreekSeq>
    </word>
    <word seq="5">his<GreekSeq>10</GreekSeq>
    </word>
    <word seq="6">right hand<GreekSeq>9</GreekSeq>
    </word>
    <word seq="7">to be</word>
    <word seq="8">a Prince<GreekSeq>4</GreekSeq>
    </word>
    <word seq="9">and<GreekSeq>5</GreekSeq>
    </word>
    <word seq="10">a Saviour,<GreekSeq>6</GreekSeq>
    </word>
    <word seq="11">for</word>
    <word seq="12">to give<GreekSeq>12</GreekSeq>
    </word>
    <word seq="13">repentance<GreekSeq>13</GreekSeq>
    </word>
    <word seq="14">to Israel,<GreekSeq>15</GreekSeq>
    </word>
    <word seq="15">and<GreekSeq>16</GreekSeq>
    </word>
    <word seq="16">forgiveness<GreekSeq>17</GreekSeq>
    </word>
    <word seq="17">of sins.<GreekSeq>18</GreekSeq>
    </word>
   </KJV>
  </verse>
  <verse number="32">
   <KJV>
    <word seq="1">And<GreekSeq>1</GreekSeq>
    </word>
    <word seq="2">we<GreekSeq>2</GreekSeq>
    </word>
    <word seq="3">are<GreekSeq>3</GreekSeq>
    </word>
    <word note="Base of different Greek: αὐτῷ(846)" seq="4">his</word>
    <word seq="5">witnesses<GreekSeq>4</GreekSeq>
    </word>
    <word seq="6">of these<GreekSeq>7</GreekSeq>
    </word>
    <word seq="7">things;<GreekSeq>6</GreekSeq>
    </word>
    <word note="Base of different Greek: δὲ(1161)" seq="8">and</word>
    <word seq="9">so is</word>
    <word seq="10">also<GreekSeq>8</GreekSeq>
    </word>
    <word seq="11">the<GreekSeq>9</GreekSeq>
    </word>
    <word seq="12">Holy<GreekSeq>12</GreekSeq>
    </word>
    <word seq="13">Ghost,<GreekSeq>10</GreekSeq>
    </word>
    <word seq="14">whom<GreekSeq>13</GreekSeq>
    </word>
    <word seq="15">God<GreekSeq>16</GreekSeq>
    </word>
    <word seq="16">hath given<GreekSeq>14</GreekSeq>
    </word>
    <word seq="17">to them<GreekSeq>17</GreekSeq>
    </word>
    <word seq="18">that obey<GreekSeq>18</GreekSeq>
    </word>
    <word seq="19">him.<GreekSeq>19</GreekSeq>
    </word>
   </KJV>
  </verse>
  <verse number="33">
   <KJV>
    <word seq="1">When they heard<GreekSeq>3</GreekSeq>
    </word>
    <word seq="2">that,</word>
    <word seq="3">they were cut to the heart,<GreekSeq>4</GreekSeq>
    </word>
    <word seq="4">and<GreekSeq>5</GreekSeq>
    </word>
    <word note="Base of different Greek: ἐβουλεύοντο(1011)" seq="5">took counsel<GreekSeq>6</GreekSeq>
    </word>
    <word seq="6">to slay<GreekSeq>7</GreekSeq>
    </word>
    <word seq="7">them.<GreekSeq>8</GreekSeq>
    </word>
   </KJV>
  </verse>
  <verse number="34">
   <KJV>
    <word seq="1">Then<GreekSeq>2</GreekSeq>
    </word>
    <word seq="2">stood there up<GreekSeq>1</GreekSeq>
    </word>
    <word seq="3">one<GreekSeq>3</GreekSeq>
    </word>
    <word seq="4">in<GreekSeq>4</GreekSeq>
    </word>
    <word seq="5">the<GreekSeq>5</GreekSeq>
    </word>
    <word seq="6">council,<GreekSeq>6</GreekSeq>
    </word>
    <word seq="7">a Pharisee,<GreekSeq>7</GreekSeq>
    </word>
    <word seq="8">named<GreekSeq>8</GreekSeq>
    </word>
    <word seq="9">Gamaliel,<GreekSeq>9</GreekSeq>
    </word>
    <word seq="10">a doctor of the law,<GreekSeq>10</GreekSeq>
    </word>
    <word seq="11">had</word>
    <word seq="12">in reputation<GreekSeq>11</GreekSeq>
    </word>
    <word seq="13">among all<GreekSeq>12</GreekSeq>
    </word>
    <word seq="14">the<GreekSeq>13</GreekSeq>
    </word>
    <word seq="15">people,<GreekSeq>14</GreekSeq>
    </word>
    <word seq="16">and</word>
    <word seq="17">commanded<GreekSeq>15</GreekSeq>
    </word>
    <word seq="18">to put<GreekSeq>20</GreekSeq>
    </word>
    <word seq="19">the<GreekSeq>18</GreekSeq>
    </word>
    <word note="Base of different Greek: ἀποστόλους(652)" seq="20">apostles<GreekSeq>19</GreekSeq>
    </word>
    <word seq="21">forth<GreekSeq>16</GreekSeq>
    </word>
    <word seq="22">a little space;<GreekSeq>17</GreekSeq>
    </word>
   </KJV>
  </verse>
  <verse number="35">
   <KJV>
    <word seq="1">And<GreekSeq>2</GreekSeq>
    </word>
    <word seq="2">said<GreekSeq>1</GreekSeq>
    </word>
    <word seq="3">unto<GreekSeq>3</GreekSeq>
    </word>
    <word seq="4">them,<GreekSeq>4</GreekSeq>
    </word>
    <word seq="5">Ye men<GreekSeq>5</GreekSeq>
    </word>
    <word seq="6">of Israel,<GreekSeq>6</GreekSeq>
    </word>
    <word seq="7">take heed<GreekSeq>7</GreekSeq>
    </word>
    <word seq="8">to yourselves<GreekSeq>8</GreekSeq>
    </word>
    <word seq="9">what<GreekSeq>13</GreekSeq>
    </word>
    <word seq="10">ye intend<GreekSeq>14</GreekSeq>
    </word>
    <word seq="11">to do<GreekSeq>15</GreekSeq>
    </word>
    <word seq="12">as touching<GreekSeq>9</GreekSeq>
    </word>
    <word seq="13">these<GreekSeq>12</GreekSeq>
    </word>
    <word seq="14">men.<GreekSeq>11</GreekSeq>
    </word>
   </KJV>
  </verse>
  <verse number="36">
   <KJV>
    <word seq="1">For<GreekSeq>2</GreekSeq>
    </word>
    <word seq="2">before<GreekSeq>1</GreekSeq>
    </word>
    <word seq="3">these<GreekSeq>3</GreekSeq>
    </word>
    <word seq="4">days<GreekSeq>5</GreekSeq>
    </word>
    <word seq="5">rose up<GreekSeq>6</GreekSeq>
    </word>
    <word seq="6">Theudas,<GreekSeq>7</GreekSeq>
    </word>
    <word seq="7">boasting<GreekSeq>8</GreekSeq>
    </word>
    <word seq="8">himself<GreekSeq>11</GreekSeq>
    </word>
    <word seq="9">to be<GreekSeq>9</GreekSeq>
    </word>
    <word seq="10">somebody;<GreekSeq>10</GreekSeq>
    </word>
    <word seq="11">to whom<GreekSeq>12</GreekSeq>
    </word>
    <word seq="12">a number<GreekSeq>15</GreekSeq>
    </word>
    <word seq="13">of men,<GreekSeq>14</GreekSeq>
    </word>
    <word note="Base of different Greek: ὡσεὶ(5616)" seq="14">about<GreekSeq>16</GreekSeq>
    </word>
    <word seq="15">four hundred,<GreekSeq>17</GreekSeq>
    </word>
    <word seq="16">joined themselves:<GreekSeq>13</GreekSeq>
    </word>
    <word seq="17">who<GreekSeq>18</GreekSeq>
    </word>
    <word seq="18">was slain;<GreekSeq>19</GreekSeq>
    </word>
    <word seq="19">and<GreekSeq>20</GreekSeq>
    </word>
    <word seq="20">all,<GreekSeq>21</GreekSeq>
    </word>
    <word seq="21">as many as<GreekSeq>22</GreekSeq>
    </word>
    <word seq="22">obeyed<GreekSeq>23</GreekSeq>
    </word>
    <word seq="23">him,<GreekSeq>24</GreekSeq>
    </word>
    <word seq="24">were scattered,<GreekSeq>25</GreekSeq>
    </word>
    <word seq="25">and<GreekSeq>26</GreekSeq>
    </word>
    <word seq="26">brought<GreekSeq>27</GreekSeq>
    </word>
    <word seq="27">to<GreekSeq>28</GreekSeq>
    </word>
    <word seq="28">nought.<GreekSeq>29</GreekSeq>
    </word>
   </KJV>
  </verse>
  <verse number="37">
   <KJV>
    <word seq="1">After<GreekSeq>1</GreekSeq>
    </word>
    <word seq="2">this man <GreekSeq>2</GreekSeq>
    </word>
    <word seq="3">rose up<GreekSeq>3</GreekSeq>
    </word>
    <word seq="4">Judas<GreekSeq>4</GreekSeq>
    </word>
    <word seq="5">of Galilee<GreekSeq>6</GreekSeq>
    </word>
    <word seq="6">in<GreekSeq>7</GreekSeq>
    </word>
    <word seq="7">the<GreekSeq>8</GreekSeq>
    </word>
    <word seq="8">days<GreekSeq>9</GreekSeq>
    </word>
    <word seq="9">of the<GreekSeq>10</GreekSeq>
    </word>
    <word seq="10">taxing,<GreekSeq>11</GreekSeq>
    </word>
    <word seq="11">and<GreekSeq>12</GreekSeq>
    </word>
    <word seq="12">drew away<GreekSeq>13</GreekSeq>
    </word>
    <word note="Base of different Greek: ἱκανὸν(2425)" seq="13">much</word>
    <word seq="14">people<GreekSeq>14</GreekSeq>
    </word>
    <word seq="15">after<GreekSeq>15</GreekSeq>
    </word>
    <word seq="16">him:<GreekSeq>16</GreekSeq>
    </word>
    <word seq="17">he also<GreekSeq>17</GreekSeq>
    </word>
    <word seq="18">perished;<GreekSeq>18</GreekSeq>
    </word>
    <word seq="19">and<GreekSeq>19</GreekSeq>
    </word>
    <word seq="20">all,<GreekSeq>20</GreekSeq>
    </word>
    <word seq="21">even</word>
    <word seq="22">as many as<GreekSeq>21</GreekSeq>
    </word>
    <word seq="23">obeyed<GreekSeq>22</GreekSeq>
    </word>
    <word seq="24">him,<GreekSeq>23</GreekSeq>
    </word>
    <word seq="25">were dispersed.<GreekSeq>24</GreekSeq>
    </word>
   </KJV>
  </verse>
  <verse number="38">
   <KJV>
    <word seq="1">And<GreekSeq>1</GreekSeq>
    </word>
    <word seq="2">now<GreekSeq>3</GreekSeq>
    </word>
    <word seq="3">I say<GreekSeq>4</GreekSeq>
    </word>
    <word seq="4">unto you,<GreekSeq>5</GreekSeq>
    </word>
    <word seq="5">Refrain<GreekSeq>6</GreekSeq>
    </word>
    <word seq="6">from<GreekSeq>7</GreekSeq>
    </word>
    <word seq="7">these<GreekSeq>10</GreekSeq>
    </word>
    <word seq="8">men,<GreekSeq>9</GreekSeq>
    </word>
    <word seq="9">and<GreekSeq>11</GreekSeq>
    </word>
    <word note="Base of different Greek: ἐάσατε(1439)" seq="10">let<GreekSeq>12</GreekSeq>
    </word>
    <word seq="11">them<GreekSeq>13</GreekSeq>
    </word>
    <word seq="12">alone:<GreekSeq/>
    </word>
    <word seq="13">for<GreekSeq>14</GreekSeq>
    </word>
    <word seq="14">if<GreekSeq>15</GreekSeq>
    </word>
    <word seq="15">this<GreekSeq>21</GreekSeq>
    </word>
    <word seq="16">counsel<GreekSeq>20</GreekSeq>
    </word>
    <word seq="17">or<GreekSeq>22</GreekSeq>
    </word>
    <word seq="18">this<GreekSeq>25</GreekSeq>
    </word>
    <word seq="19">work<GreekSeq>24</GreekSeq>
    </word>
    <word seq="20">be<GreekSeq>16</GreekSeq>
    </word>
    <word seq="21">of<GreekSeq>17</GreekSeq>
    </word>
    <word seq="22">men,<GreekSeq>18</GreekSeq>
    </word>
    <word seq="23">it will come to nought:<GreekSeq>26</GreekSeq>
    </word>
   </KJV>
  </verse>
  <verse number="39">
   <KJV>
    <word seq="1">But<GreekSeq>2</GreekSeq>
    </word>
    <word seq="2">if<GreekSeq>1</GreekSeq>
    </word>
    <word seq="3">it be<GreekSeq>5</GreekSeq>
    </word>
    <word seq="4">of<GreekSeq>3</GreekSeq>
    </word>
    <word seq="5">God,<GreekSeq>4</GreekSeq>
    </word>
    <word seq="6">ye cannot<GreekSeq>6</GreekSeq>
     <GreekSeq>7</GreekSeq>
    </word>
    <word seq="7">overthrow<GreekSeq>8</GreekSeq>
    </word>
    <word seq="8">it;<GreekSeq>9</GreekSeq>
    </word>
    <word seq="9">lest haply<GreekSeq>10</GreekSeq>
    </word>
    <word seq="10">ye be found<GreekSeq>13</GreekSeq>
    </word>
    <word seq="11">even<GreekSeq>11</GreekSeq>
    </word>
    <word seq="12">to fight against God.<GreekSeq>12</GreekSeq>
    </word>
    <word note="from next verse" seq="13">(And<GreekSeq>15</GreekSeq>
    </word>
    <word note="from next verse" seq="14">to him<GreekSeq>16</GreekSeq>
    </word>
    <word note="from next verse" seq="15">they agreed:)<GreekSeq>14</GreekSeq>
    </word>
   </KJV>
  </verse>
  <verse number="40">
   <KJV>
    <word note="see previous verse" seq="1">And to him they agreed:</word>
    <word seq="2">and<GreekSeq>1</GreekSeq>
    </word>
    <word seq="3">when they had called<GreekSeq>2</GreekSeq>
    </word>
    <word seq="4">the<GreekSeq>3</GreekSeq>
    </word>
    <word seq="5">apostles,<GreekSeq>4</GreekSeq>
    </word>
    <word seq="6">and</word>
    <word seq="7">beaten<GreekSeq>5</GreekSeq>
    </word>
    <word seq="8">them,</word>
    <word seq="9">they commanded<GreekSeq>6</GreekSeq>
    </word>
    <word seq="10">that they should<GreekSeq/>
    </word>
    <word seq="11">not<GreekSeq>7</GreekSeq>
    </word>
    <word seq="12">speak<GreekSeq>8</GreekSeq>
    </word>
    <word seq="13">in<GreekSeq>9</GreekSeq>
    </word>
    <word seq="14">the<GreekSeq>10</GreekSeq>
    </word>
    <word seq="15">name<GreekSeq>11</GreekSeq>
    </word>
    <word seq="16">of Jesus,<GreekSeq>13</GreekSeq>
    </word>
    <word seq="17">and<GreekSeq>14</GreekSeq>
    </word>
    <word seq="18">let<GreekSeq>15</GreekSeq>
    </word>
    <word note="Base of different Greek: αὐτούς(846)" seq="19">them</word>
    <word seq="20">go.<GreekSeq>15</GreekSeq>
    </word>
   </KJV>
  </verse>
  <verse number="41">
   <KJV>
    <word seq="1">And<GreekSeq>3</GreekSeq>
    </word>
    <word seq="2">they<GreekSeq>1</GreekSeq>
    </word>
    <word seq="3">departed<GreekSeq>4</GreekSeq>
    </word>
    <word seq="4">from<GreekSeq>6</GreekSeq>
    </word>
    <word seq="5">the presence<GreekSeq>7</GreekSeq>
    </word>
    <word seq="6">of the<GreekSeq>8</GreekSeq>
    </word>
    <word seq="7">council,<GreekSeq>9</GreekSeq>
    </word>
    <word seq="8">rejoicing<GreekSeq>5</GreekSeq>
    </word>
    <word seq="9">that<GreekSeq>10</GreekSeq>
    </word>
    <word seq="10">they were counted worthy<GreekSeq>11</GreekSeq>
    </word>
    <word seq="11">to suffer shame<GreekSeq>15</GreekSeq>
    </word>
    <word seq="12">for<GreekSeq>12</GreekSeq>
    </word>
    <word note="Base of different Greek: αὐτοῦ(846)" seq="13">his<GreekSeq>13</GreekSeq>
    </word>
    <word seq="14">name.<GreekSeq>14</GreekSeq>
    </word>
   </KJV>
  </verse>
  <verse number="42">
   <KJV>
    <word seq="1">And<GreekSeq>2</GreekSeq>
    </word>
    <word seq="2">daily<GreekSeq>1</GreekSeq>
     <GreekSeq>3</GreekSeq>
    </word>
    <word seq="3">in<GreekSeq>4</GreekSeq>
    </word>
    <word seq="4">the<GreekSeq>5</GreekSeq>
    </word>
    <word seq="5">temple,<GreekSeq>6</GreekSeq>
    </word>
    <word seq="6">and<GreekSeq>7</GreekSeq>
    </word>
    <word seq="7">in every<GreekSeq>8</GreekSeq>
    </word>
    <word seq="8">house,<GreekSeq>9</GreekSeq>
    </word>
    <word seq="9">they ceased<GreekSeq>11</GreekSeq>
    </word>
    <word seq="10">not<GreekSeq>10</GreekSeq>
    </word>
    <word seq="11">to teach<GreekSeq>12</GreekSeq>
    </word>
    <word seq="12">and<GreekSeq>13</GreekSeq>
    </word>
    <word seq="13">preach<GreekSeq>14</GreekSeq>
    </word>
    <word seq="14">Jesus<GreekSeq>17</GreekSeq>
    </word>
    <word seq="15">Christ.<GreekSeq>16</GreekSeq>
    </word>
   </KJV>
  </verse>
 </chapter>
</book>
