<?xml version="1.0" encoding="UTF-8" standalone="no"?>
<book>
 <chapter book="null" number="4">
  <verse number="1">
   <KJV>
    <word seq="1">Masters,<GreekSeq>2</GreekSeq>
    </word>
    <word seq="2">give<GreekSeq>10</GreekSeq>
    </word>
    <word seq="3">unto [your] servants<GreekSeq>9</GreekSeq>
    </word>
    <word seq="4">that<GreekSeq>3</GreekSeq>
    </word>
    <word seq="5">which is</word>
    <word seq="6">just<GreekSeq>4</GreekSeq>
    </word>
    <word seq="7">and<GreekSeq>5</GreekSeq>
    </word>
    <word seq="8">equal;<GreekSeq>7</GreekSeq>
    </word>
    <word seq="9">knowing<GreekSeq>11</GreekSeq>
    </word>
    <word seq="10">that<GreekSeq>12</GreekSeq>
    </word>
    <word seq="11">ye<GreekSeq>14</GreekSeq>
    </word>
    <word seq="12">also<GreekSeq>13</GreekSeq>
    </word>
    <word seq="13">have<GreekSeq>15</GreekSeq>
    </word>
    <word seq="14">a Master<GreekSeq>16</GreekSeq>
    </word>
    <word seq="15">in<GreekSeq>17</GreekSeq>
    </word>
    <word seq="16">heaven.<GreekSeq>18</GreekSeq>
    </word>
   </KJV>
  </verse>
  <verse number="2">
   <KJV>
    <word seq="1">Continue<GreekSeq>3</GreekSeq>
    </word>
    <word seq="2">in prayer,<GreekSeq>2</GreekSeq>
    </word>
    <word seq="3">and</word>
    <word seq="4">watch<GreekSeq>4</GreekSeq>
    </word>
    <word seq="5">in<GreekSeq>5</GreekSeq>
    </word>
    <word seq="6">the same<GreekSeq>6</GreekSeq>
    </word>
    <word seq="7">with<GreekSeq>7</GreekSeq>
    </word>
    <word seq="8">thanksgiving;<GreekSeq>8</GreekSeq>
    </word>
   </KJV>
  </verse>
  <verse number="3">
   <KJV>
    <word seq="1">Withal<GreekSeq>2</GreekSeq>
    </word>
    <word seq="2">praying<GreekSeq>1</GreekSeq>
    </word>
    <word seq="3">also<GreekSeq>3</GreekSeq>
    </word>
    <word seq="4">for<GreekSeq>4</GreekSeq>
    </word>
    <word seq="5">us, <GreekSeq>5</GreekSeq>
    </word>
    <word seq="6">that<GreekSeq>6</GreekSeq>
    </word>
    <word seq="7">God<GreekSeq>8</GreekSeq>
    </word>
    <word seq="8">would open<GreekSeq>9</GreekSeq>
    </word>
    <word seq="9">unto us<GreekSeq>10</GreekSeq>
    </word>
    <word seq="10">a door<GreekSeq>11</GreekSeq>
    </word>
    <word seq="11">of utterance,<GreekSeq>13</GreekSeq>
    </word>
    <word seq="12">to speak<GreekSeq>14</GreekSeq>
    </word>
    <word seq="13">the<GreekSeq>15</GreekSeq>
    </word>
    <word seq="14">mystery<GreekSeq>16</GreekSeq>
    </word>
    <word seq="15">of Christ,<GreekSeq>18</GreekSeq>
    </word>
    <word seq="16">for<GreekSeq>19</GreekSeq>
    </word>
    <word seq="17">which<GreekSeq>20</GreekSeq>
    </word>
    <word seq="18">I am<GreekSeq>22</GreekSeq>
    </word>
    <word seq="19">also<GreekSeq>21</GreekSeq>
    </word>
    <word seq="20">in bonds:<GreekSeq>22</GreekSeq>
    </word>
   </KJV>
  </verse>
  <verse number="4">
   <KJV>
    <word seq="1">That<GreekSeq>1</GreekSeq>
    </word>
    <word seq="2">I may make<GreekSeq>2</GreekSeq>
    </word>
    <word seq="3">it<GreekSeq>3</GreekSeq>
    </word>
    <word seq="4">manifest, <GreekSeq>2</GreekSeq>
    </word>
    <word seq="5">as<GreekSeq>4</GreekSeq>
    </word>
    <word seq="6">I<GreekSeq>6</GreekSeq>
    </word>
    <word seq="7">ought<GreekSeq>5</GreekSeq>
    </word>
    <word seq="8">to speak.<GreekSeq>7</GreekSeq>
    </word>
   </KJV>
  </verse>
  <verse number="5">
   <KJV>
    <word seq="1">Walk<GreekSeq>3</GreekSeq>
    </word>
    <word seq="2">in<GreekSeq>1</GreekSeq>
    </word>
    <word seq="3">wisdom<GreekSeq>2</GreekSeq>
    </word>
    <word seq="4">toward<GreekSeq>4</GreekSeq>
    </word>
    <word seq="5">them<GreekSeq>5</GreekSeq>
    </word>
    <word seq="6">that are</word>
    <word seq="7">without, <GreekSeq>6</GreekSeq>
    </word>
    <word seq="8">redeeming<GreekSeq>9</GreekSeq>
    </word>
    <word seq="9">the<GreekSeq>7</GreekSeq>
    </word>
    <word seq="10">time.<GreekSeq>8</GreekSeq>
    </word>
   </KJV>
  </verse>
  <verse number="6">
   <KJV>
    <word seq="1">Let</word>
    <word seq="2">your<GreekSeq>3</GreekSeq>
    </word>
    <word seq="3">speech<GreekSeq>2</GreekSeq>
    </word>
    <word seq="4">be</word>
    <word seq="5">alway<GreekSeq>4</GreekSeq>
    </word>
    <word seq="6">with<GreekSeq>5</GreekSeq>
    </word>
    <word seq="7">grace, <GreekSeq>6</GreekSeq>
    </word>
    <word seq="8">seasoned<GreekSeq>8</GreekSeq>
    </word>
    <word seq="9">with salt, <GreekSeq>7</GreekSeq>
    </word>
    <word seq="10">that ye may know<GreekSeq>9</GreekSeq>
    </word>
    <word seq="11">how<GreekSeq>10</GreekSeq>
    </word>
    <word seq="12">ye<GreekSeq>12</GreekSeq>
    </word>
    <word seq="13">ought<GreekSeq>11</GreekSeq>
    </word>
    <word seq="14">to answer<GreekSeq>15</GreekSeq>
    </word>
    <word seq="15">every<GreekSeq>14</GreekSeq>
    </word>
    <word seq="16">man.<GreekSeq>13</GreekSeq>
    </word>
   </KJV>
  </verse>
  <verse number="7">
   <KJV>
    <word seq="1">All<GreekSeq>4</GreekSeq>
    </word>
    <word seq="2">my state<GreekSeq>1</GreekSeq>
     <GreekSeq>2</GreekSeq>
     <GreekSeq>3</GreekSeq>
    </word>
    <word seq="3">shall<GreekSeq>5</GreekSeq>
    </word>
    <word seq="4">Tychicus<GreekSeq>7</GreekSeq>
    </word>
    <word seq="5">declare<GreekSeq>5</GreekSeq>
    </word>
    <word seq="6">unto you, <GreekSeq>6</GreekSeq>
    </word>
    <word seq="7">who is</word>
    <word seq="8">a<GreekSeq>8</GreekSeq>
    </word>
    <word seq="9">beloved<GreekSeq>9</GreekSeq>
    </word>
    <word seq="10">brother, <GreekSeq>10</GreekSeq>
    </word>
    <word seq="11">and<GreekSeq>11</GreekSeq>
    </word>
    <word seq="12">a faithful<GreekSeq>12</GreekSeq>
    </word>
    <word seq="13">minister<GreekSeq>13</GreekSeq>
    </word>
    <word seq="14">and<GreekSeq>14</GreekSeq>
    </word>
    <word seq="15">fellowservant<GreekSeq>15</GreekSeq>
    </word>
    <word seq="16">in<GreekSeq>16</GreekSeq>
    </word>
    <word seq="17">the Lord:<GreekSeq>17</GreekSeq>
    </word>
   </KJV>
  </verse>
  <verse number="8">
   <KJV>
    <word seq="1">Whom<GreekSeq>1</GreekSeq>
    </word>
    <word seq="2">I have sent<GreekSeq>2</GreekSeq>
    </word>
    <word seq="3">unto<GreekSeq>3</GreekSeq>
    </word>
    <word seq="4">you<GreekSeq>4</GreekSeq>
    </word>
    <word seq="5">for<GreekSeq>5</GreekSeq>
    </word>
    <word seq="6">the same purpose, <GreekSeq>6</GreekSeq>
     <GreekSeq>7</GreekSeq>
    </word>
    <word seq="7">that<GreekSeq>8</GreekSeq>
    </word>
    <word note="Base of different Greek: γνω(1097)(vsaa3s) " seq="8">he might know<GreekSeq>9</GreekSeq>
    </word>
    <word note="Base of different Greek: ὑμῶν(5216)" seq="9">your<GreekSeq>12</GreekSeq>
    </word>
    <word seq="10">estate,<GreekSeq>10</GreekSeq>
     <GreekSeq>11</GreekSeq>
    </word>
    <word seq="11">and<GreekSeq>13</GreekSeq>
    </word>
    <word seq="12">comfort<GreekSeq>14</GreekSeq>
    </word>
    <word seq="13">your<GreekSeq>17</GreekSeq>
    </word>
    <word seq="14">hearts;<GreekSeq>16</GreekSeq>
    </word>
   </KJV>
  </verse>
  <verse number="9">
   <KJV>
    <word seq="1">With<GreekSeq>1</GreekSeq>
    </word>
    <word seq="2">Onesimus, <GreekSeq>2</GreekSeq>
    </word>
    <word seq="3">a<GreekSeq>3</GreekSeq>
    </word>
    <word seq="4">faithful<GreekSeq>4</GreekSeq>
    </word>
    <word seq="5">and<GreekSeq>5</GreekSeq>
    </word>
    <word seq="6">beloved<GreekSeq>6</GreekSeq>
    </word>
    <word seq="7">brother, <GreekSeq>7</GreekSeq>
    </word>
    <word seq="8">who<GreekSeq>8</GreekSeq>
    </word>
    <word seq="9">is<GreekSeq>9</GreekSeq>
    </word>
    <word seq="10">[one] of<GreekSeq>10</GreekSeq>
    </word>
    <word seq="11">you. <GreekSeq>11</GreekSeq>
    </word>
    <word seq="12">They shall make known<GreekSeq>14</GreekSeq>
    </word>
    <word seq="13">unto you<GreekSeq>13</GreekSeq>
    </word>
    <word seq="14">all<GreekSeq>12</GreekSeq>
    </word>
    <word seq="15">things<GreekSeq>15</GreekSeq>
    </word>
    <word seq="16">which are done</word>
    <word seq="17">here.<GreekSeq>16</GreekSeq>
    </word>
   </KJV>
  </verse>
  <verse number="10">
   <KJV>
    <word seq="1">Aristarchus<GreekSeq>3</GreekSeq>
    </word>
    <word seq="2">my<GreekSeq>6</GreekSeq>
    </word>
    <word seq="3">fellowprisoner<GreekSeq>5</GreekSeq>
    </word>
    <word seq="4">saluteth<GreekSeq>1</GreekSeq>
    </word>
    <word seq="5">you, <GreekSeq>2</GreekSeq>
    </word>
    <word seq="6">and<GreekSeq>7</GreekSeq>
    </word>
    <word seq="7">Marcus,<GreekSeq>8</GreekSeq>
    </word>
    <word seq="8">the<GreekSeq>9</GreekSeq>
    </word>
    <word seq="9">cousin<GreekSeq>10</GreekSeq>
    </word>
    <word seq="10">to Barnabas, <GreekSeq>11</GreekSeq>
    </word>
    <word seq="11">(touching<GreekSeq>12</GreekSeq>
    </word>
    <word seq="12">whom<GreekSeq>13</GreekSeq>
    </word>
    <word seq="13">ye received<GreekSeq>14</GreekSeq>
    </word>
    <word seq="14">commandments: <GreekSeq>15</GreekSeq>
    </word>
    <word seq="15">if<GreekSeq>16</GreekSeq>
    </word>
    <word seq="16">he come<GreekSeq>17</GreekSeq>
    </word>
    <word seq="17">unto<GreekSeq>18</GreekSeq>
    </word>
    <word seq="18">you, <GreekSeq>19</GreekSeq>
    </word>
    <word seq="19">receive<GreekSeq>20</GreekSeq>
    </word>
    <word seq="20">him;)<GreekSeq>21</GreekSeq>
    </word>
   </KJV>
  </verse>
  <verse number="11">
   <KJV>
    <word seq="1">And<GreekSeq>1</GreekSeq>
    </word>
    <word seq="2">Jesus, <GreekSeq>2</GreekSeq>
    </word>
    <word seq="3">which is called<GreekSeq>4</GreekSeq>
    </word>
    <word seq="4">Justus, <GreekSeq>5</GreekSeq>
    </word>
    <word seq="5">who are<GreekSeq>7</GreekSeq>
    </word>
    <word seq="6">of<GreekSeq>8</GreekSeq>
    </word>
    <word seq="7">the circumcision. <GreekSeq>9</GreekSeq>
    </word>
    <word seq="8">These<GreekSeq>10</GreekSeq>
    </word>
    <word seq="9">only<GreekSeq>11</GreekSeq>
    </word>
    <word seq="10">are my</word>
    <word seq="11">fellowworkers<GreekSeq>12</GreekSeq>
    </word>
    <word seq="12">unto<GreekSeq>13</GreekSeq>
    </word>
    <word seq="13">the<GreekSeq>14</GreekSeq>
    </word>
    <word seq="14">kingdom<GreekSeq>15</GreekSeq>
    </word>
    <word seq="15">of God, <GreekSeq>17</GreekSeq>
    </word>
    <word seq="16">which<GreekSeq>18</GreekSeq>
    </word>
    <word seq="17">have been<GreekSeq>19</GreekSeq>
    </word>
    <word seq="18">a comfort<GreekSeq>21</GreekSeq>
    </word>
    <word seq="19">unto me.<GreekSeq>20</GreekSeq>
    </word>
   </KJV>
  </verse>
  <verse number="12">
   <KJV>
    <word seq="1">Epaphras, <GreekSeq>3</GreekSeq>
    </word>
    <word seq="2">who is</word>
    <word seq="3">one<GreekSeq>4</GreekSeq>
    </word>
    <word seq="4">of<GreekSeq>5</GreekSeq>
    </word>
    <word seq="5">you, <GreekSeq>6</GreekSeq>
    </word>
    <word seq="6">a servant<GreekSeq>7</GreekSeq>
    </word>
    <word seq="7">of Christ, <GreekSeq>8</GreekSeq>
    </word>
    <word seq="8">saluteth<GreekSeq>1</GreekSeq>
    </word>
    <word seq="9">you, <GreekSeq>2</GreekSeq>
    </word>
    <word seq="10">always<GreekSeq>10</GreekSeq>
    </word>
    <word seq="11">labouring fervently<GreekSeq>11</GreekSeq>
    </word>
    <word seq="12">for<GreekSeq>12</GreekSeq>
    </word>
    <word seq="13">you<GreekSeq>13</GreekSeq>
    </word>
    <word seq="14">in<GreekSeq>14</GreekSeq>
    </word>
    <word seq="15">prayers,<GreekSeq>16</GreekSeq>
    </word>
    <word seq="16">that<GreekSeq>17</GreekSeq>
    </word>
    <word seq="17">ye may stand<GreekSeq>18</GreekSeq>
    </word>
    <word seq="18">perfect<GreekSeq>19</GreekSeq>
    </word>
    <word seq="19">and<GreekSeq>20</GreekSeq>
    </word>
    <word note="Base of different Greek: πεπληρωμένοι(4137)" seq="20">complete<GreekSeq>21</GreekSeq>
    </word>
    <word seq="21">in<GreekSeq>22</GreekSeq>
    </word>
    <word seq="22">all<GreekSeq>23</GreekSeq>
    </word>
    <word seq="23">the will<GreekSeq>24</GreekSeq>
    </word>
    <word seq="24">of God.<GreekSeq>26</GreekSeq>
    </word>
   </KJV>
  </verse>
  <verse number="13">
   <KJV>
    <word seq="1">For<GreekSeq>2</GreekSeq>
    </word>
    <word seq="2">I bear<GreekSeq>1</GreekSeq>
    </word>
    <word seq="3">him<GreekSeq>3</GreekSeq>
    </word>
    <word seq="4">record,<GreekSeq>1</GreekSeq>
    </word>
    <word seq="5">that<GreekSeq>4</GreekSeq>
    </word>
    <word seq="6">he hath<GreekSeq>5</GreekSeq>
    </word>
    <word seq="7">a great<GreekSeq>6</GreekSeq>
    </word>
    <word note="Base of different Greek: ζῆλον(2205)" seq="8">zeal<GreekSeq>7</GreekSeq>
    </word>
    <word seq="9">for<GreekSeq>8</GreekSeq>
    </word>
    <word seq="10">you,<GreekSeq>9</GreekSeq>
    </word>
    <word seq="11">and<GreekSeq>10</GreekSeq>
    </word>
    <word seq="12">them<GreekSeq>11</GreekSeq>
    </word>
    <word seq="13">that are</word>
    <word seq="14">in<GreekSeq>12</GreekSeq>
    </word>
    <word seq="15">Laodicea, <GreekSeq>13</GreekSeq>
    </word>
    <word seq="16">and<GreekSeq>14</GreekSeq>
    </word>
    <word seq="17">them<GreekSeq>15</GreekSeq>
    </word>
    <word seq="18">in<GreekSeq>16</GreekSeq>
    </word>
    <word seq="19">Hierapolis.<GreekSeq>17</GreekSeq>
    </word>
   </KJV>
  </verse>
  <verse number="14">
   <KJV>
    <word seq="1">Luke,<GreekSeq>3</GreekSeq>
    </word>
    <word seq="2">the<GreekSeq>4</GreekSeq>
    </word>
    <word seq="3">beloved<GreekSeq>7</GreekSeq>
    </word>
    <word seq="4">physician, <GreekSeq>5</GreekSeq>
    </word>
    <word seq="5">and<GreekSeq>8</GreekSeq>
    </word>
    <word seq="6">Demas, <GreekSeq>9</GreekSeq>
    </word>
    <word seq="7">greet<GreekSeq>1</GreekSeq>
    </word>
    <word seq="8">you.<GreekSeq>2</GreekSeq>
    </word>
   </KJV>
  </verse>
  <verse number="15">
   <KJV>
    <word seq="1">Salute<GreekSeq>1</GreekSeq>
    </word>
    <word seq="2">the<GreekSeq>2</GreekSeq>
    </word>
    <word seq="3">brethren<GreekSeq>5</GreekSeq>
    </word>
    <word seq="4">which are</word>
    <word seq="5">in<GreekSeq>3</GreekSeq>
    </word>
    <word seq="6">Laodicea,<GreekSeq>4</GreekSeq>
    </word>
    <word seq="7">and<GreekSeq>6</GreekSeq>
    </word>
    <word seq="8">Nymphas,<GreekSeq>7</GreekSeq>
    </word>
    <word seq="9">and<GreekSeq>8</GreekSeq>
    </word>
    <word seq="10">the<GreekSeq>9</GreekSeq>
    </word>
    <word seq="11">church<GreekSeq>13</GreekSeq>
    </word>
    <word seq="12">which is</word>
    <word seq="13">in<GreekSeq>10</GreekSeq>
    </word>
    <word seq="14">his<GreekSeq>12</GreekSeq>
    </word>
    <word seq="15">house.<GreekSeq>11</GreekSeq>
    </word>
   </KJV>
  </verse>
  <verse number="16">
   <KJV>
    <word seq="1">And<GreekSeq>1</GreekSeq>
    </word>
    <word seq="2">when<GreekSeq>2</GreekSeq>
    </word>
    <word seq="3">this<GreekSeq>6</GreekSeq>
    </word>
    <word seq="4">epistle<GreekSeq>7</GreekSeq>
    </word>
    <word seq="5">is read<GreekSeq>3</GreekSeq>
    </word>
    <word seq="6">among<GreekSeq>4</GreekSeq>
    </word>
    <word seq="7">you, <GreekSeq>5</GreekSeq>
    </word>
    <word seq="8">cause<GreekSeq>8</GreekSeq>
    </word>
    <word seq="9">that<GreekSeq>9</GreekSeq>
    </word>
    <word seq="10">it be read<GreekSeq>15</GreekSeq>
    </word>
    <word seq="11">also<GreekSeq>10</GreekSeq>
    </word>
    <word seq="12">in<GreekSeq>11</GreekSeq>
    </word>
    <word seq="13">the<GreekSeq>12</GreekSeq>
    </word>
    <word seq="14">church<GreekSeq>14</GreekSeq>
    </word>
    <word seq="15">of the Laodiceans; <GreekSeq>13</GreekSeq>
    </word>
    <word seq="16">and<GreekSeq>16</GreekSeq>
    </word>
    <word seq="17">that<GreekSeq>20</GreekSeq>
    </word>
    <word seq="18">ye<GreekSeq>22</GreekSeq>
    </word>
    <word seq="19">likewise<GreekSeq>21</GreekSeq>
    </word>
    <word seq="20">read<GreekSeq>23</GreekSeq>
    </word>
    <word seq="21">the [epistle]<GreekSeq>17</GreekSeq>
    </word>
    <word seq="22">from<GreekSeq>18</GreekSeq>
    </word>
    <word seq="23">Laodicea.<GreekSeq>19</GreekSeq>
    </word>
   </KJV>
  </verse>
  <verse number="17">
   <KJV>
    <word seq="1">And<GreekSeq>1</GreekSeq>
    </word>
    <word seq="2">say<GreekSeq>2</GreekSeq>
    </word>
    <word seq="3">to Archippus, <GreekSeq>3</GreekSeq>
    </word>
    <word seq="4">Take heed<GreekSeq>4</GreekSeq>
    </word>
    <word seq="5">to the<GreekSeq>5</GreekSeq>
    </word>
    <word seq="6">ministry<GreekSeq>6</GreekSeq>
    </word>
    <word seq="7">which<GreekSeq>7</GreekSeq>
    </word>
    <word seq="8">thou hast received<GreekSeq>8</GreekSeq>
    </word>
    <word seq="9">in<GreekSeq>9</GreekSeq>
    </word>
    <word seq="10">the Lord,<GreekSeq>10</GreekSeq>
    </word>
    <word seq="11">that<GreekSeq>11</GreekSeq>
    </word>
    <word seq="12">thou fulfil<GreekSeq>13</GreekSeq>
    </word>
    <word seq="13">it.<GreekSeq>12</GreekSeq>
    </word>
   </KJV>
  </verse>
  <verse number="18">
   <KJV>
    <word seq="1">The<GreekSeq>1</GreekSeq>
    </word>
    <word seq="2">salutation<GreekSeq>2</GreekSeq>
    </word>
    <word seq="3">by<GreekSeq>5</GreekSeq>
    </word>
    <word seq="4">the<GreekSeq>3</GreekSeq>
    </word>
    <word seq="5">hand<GreekSeq>5</GreekSeq>
    </word>
    <word seq="6">of me<GreekSeq>4</GreekSeq>
    </word>
    <word seq="7">Paul. <GreekSeq>6</GreekSeq>
    </word>
    <word seq="8">Remember<GreekSeq>7</GreekSeq>
    </word>
    <word seq="9">my<GreekSeq>8</GreekSeq>
    </word>
    <word seq="10">bonds. <GreekSeq>10</GreekSeq>
    </word>
    <word seq="11">Grace<GreekSeq>12</GreekSeq>
    </word>
    <word seq="12">be</word>
    <word seq="13">with<GreekSeq>13</GreekSeq>
    </word>
    <word seq="14">you. <GreekSeq>14</GreekSeq>
    </word>
    <word note="Base of different Greek: ἀμήν(281)" seq="15">Amen.</word>
   </KJV>
  </verse>
 </chapter>
</book>
